date,hour,symbol,direction,gross_pnl,costs,net_pnl
2026-09-08,11,SNDK,short,7.859619140625,0.0,7.859619140625
2026-09-08,11,SNDK,short,5.067626953125,0.0,5.067626953125
2026-09-08,11,SNDK,short,-37.048095703125,0.0,-37.048095703125
2026-09-08,11,SNDK,short,-4.904296875,0.0,-4.904296875
2026-09-08,11,SNDK,short,-15.58740234375,0.0,-15.58740234375
2026-09-08,11,SNDK,short,2.192138671875,0.0,2.192138671875
2026-09-08,11,SNDK,short,-3.5015869140625,0.0,-3.5015869140625
2026-09-08,11,SNDK,short,-6.1981201171875,0.0,-6.1981201171875
2026-09-08,12,SNDK,short,26.60009765625,0.0,26.60009765625
2026-09-08,12,SNDK,short,-2.88037109375,0.0,-2.88037109375
2026-09-08,12,SNDK,short,-2.909912109375,0.0,-2.909912109375
2026-09-08,12,SNDK,short,0.990234375,0.0,0.990234375
2026-09-08,12,SNDK,short,5.35986328125,0.0,5.35986328125
2026-09-08,12,SNDK,short,-1.7698974609375,0.0,-1.7698974609375
2026-09-08,12,SNDK,short,0.1298828125,0.0,0.1298828125
2026-09-08,12,SNDK,short,2.570068359375,0.0,2.570068359375
2026-09-08,12,SNDK,short,-0.239990234375,0.0,-0.239990234375
2026-09-08,13,SNDK,long,-24.686279296875,0.0,-24.686279296875
2026-09-08,13,SNDK,long,2.847900390625,0.0,2.847900390625
2026-09-08,13,SNDK,long,36.600341796875,0.0,36.600341796875
2026-09-08,13,SNDK,long,-5.50048828125,0.0,-5.50048828125
2026-09-08,13,SNDK,long,-26.500244140625,0.0,-26.500244140625
2026-09-08,13,SNDK,long,-0.2001953125,0.0,-0.2001953125
2026-09-08,13,SNDK,long,28.85009765625,0.0,28.85009765625
2026-09-08,13,SNDK,long,-11.654296875,0.0,-11.654296875
2026-09-08,13,SNDK,long,-1.4578857421875,0.0,-1.4578857421875
2026-09-08,13,SNDK,long,14.095703125,0.0,14.095703125
2026-09-08,13,SNDK,long,1.919921875,0.0,1.919921875
2026-09-08,13,SNDK,long,13.7197265625,0.0,13.7197265625
2026-09-08,13,SNDK,long,-2.79931640625,0.0,-2.79931640625
2026-09-08,13,SNDK,long,21.5496826171875,0.0,21.5496826171875
2026-09-08,14,SNDK,long,-9.47998046875,0.0,-9.47998046875
2026-09-08,14,SNDK,long,-0.240234375,0.0,-0.240234375
2026-09-08,14,SNDK,long,7.5904541015625,0.0,7.5904541015625
2026-09-08,14,SNDK,long,0.0296630859375,0.0,0.0296630859375
2026-09-08,14,SNDK,long,10.844970703125,0.0,10.844970703125
2026-09-08,14,SNDK,long,-2.156982421875,0.0,-2.156982421875
2026-09-08,14,SNDK,long,3.818115234375,0.0,3.818115234375
2026-09-08,14,SNDK,long,0.829833984375,0.0,0.829833984375
2026-09-08,14,SNDK,long,-0.5299072265625,0.0,-0.5299072265625
2026-09-08,14,SNDK,long,0.7650146484375,0.0,0.7650146484375
2026-09-08,14,SNDK,long,-2.8150634765625,0.0,-2.8150634765625
2026-09-08,14,SNDK,long,0.8800048828125,0.0,0.8800048828125
2026-09-08,15,SNDK,long,2.39501953125,0.0,2.39501953125
2026-09-08,15,SNDK,long,-0.2950439453125,0.0,-0.2950439453125
2026-09-08,15,SNDK,long,13.499755859375,0.0,13.499755859375
2026-09-08,15,SNDK,long,-3.199462890625,0.0,-3.199462890625
2026-09-08,15,SNDK,long,-45.799560546875,0.0,-45.799560546875
2026-09-08,15,SNDK,long,-79.65087890625,0.0,-79.65087890625
2026-09-08,15,SNDK,long,3.9501953125,0.0,3.9501953125
2026-09-08,15,SNDK,long,-118.6884765625,0.0,-118.6884765625
2026-09-08,15,SNDK,long,9.7484130859375,0.0,9.7484130859375
2026-09-08,15,SNDK,long,-101.9622802734375,0.0,-101.9622802734375
2026-09-08,15,SNDK,long,9.4134521484375,0.0,9.4134521484375
2026-09-08,15,SNDK,long,-126.6317138671875,0.0,-126.6317138671875
2026-09-08,15,SNDK,long,-11.608154296875,0.0,-11.608154296875
2026-09-09,9,SNDK,short,145.1312255859375,0.0,145.1312255859375
2026-09-09,9,SNDK,short,-9.9404296875,0.0,-9.9404296875
2026-09-09,9,SNDK,short,-100.128173828125,0.0,-100.128173828125
2026-09-09,9,SNDK,short,-26.8707275390625,0.0,-26.8707275390625
2026-09-09,9,SNDK,short,-357.7662353515625,0.0,-357.7662353515625
2026-09-09,9,SNDK,short,-194.2646484375,0.0,-194.2646484375
2026-09-09,9,SNDK,short,0.494384765625,0.0,0.494384765625
2026-09-09,10,SNDK,long,179.449462890625,0.0,179.449462890625
2026-09-09,10,SNDK,long,6.19873046875,0.0,6.19873046875
2026-09-09,10,SNDK,long,104.287841796875,0.0,104.287841796875
2026-09-09,10,SNDK,long,4.063232421875,0.0,4.063232421875
2026-09-09,10,SNDK,long,-57.8050537109375,0.0,-57.8050537109375
2026-09-09,10,SNDK,long,2.2008056640625,0.0,2.2008056640625
2026-09-09,10,SNDK,long,41.5380859375,0.0,41.5380859375
2026-09-09,10,SNDK,long,-7.03857421875,0.0,-7.03857421875
2026-09-09,10,SNDK,long,-106.784912109375,0.0,-106.784912109375
2026-09-09,10,SNDK,long,-134.729736328125,0.0,-134.729736328125
2026-09-09,10,SNDK,long,-6.16552734375,0.0,-6.16552734375
2026-09-09,10,SNDK,long,34.805419921875,0.0,34.805419921875
2026-09-09,10,SNDK,long,0.15966796875,0.0,0.15966796875
2026-09-09,10,SNDK,short,-12.0,0.0,-12.0
2026-09-09,10,SNDK,short,-0.4072265625,0.0,-0.4072265625
2026-09-09,10,SNDK,short,9.004638671875,0.0,9.004638671875
2026-09-09,10,SNDK,short,-2.860107421875,0.0,-2.860107421875
2026-09-09,10,SNDK,short,-11.14990234375,0.0,-11.14990234375
2026-09-09,10,SNDK,short,-6.600341796875,0.0,-6.600341796875
2026-09-09,10,SNDK,short,17.39990234375,0.0,17.39990234375
2026-09-09,10,SNDK,short,6.800537109375,0.0,6.800537109375
2026-09-09,10,SNDK,short,60.3446044921875,0.0,60.3446044921875
2026-09-09,10,SNDK,short,-2.2049560546875,0.0,-2.2049560546875
2026-09-09,11,SNDK,short,-56.19921875,0.0,-56.19921875
2026-09-09,11,SNDK,short,-0.240234375,0.0,-0.240234375
2026-09-09,11,SNDK,short,-8.1201171875,0.0,-8.1201171875
2026-09-09,11,SNDK,short,59.385498046875,0.0,59.385498046875
2026-09-09,11,SNDK,short,-6.1156005859375,0.0,-6.1156005859375
2026-09-09,11,SNDK,short,63.990234375,0.0,63.990234375
2026-09-09,11,SNDK,short,-0.990234375,0.0,-0.990234375
2026-09-09,11,SNDK,short,-122.220703125,0.0,-122.220703125
2026-09-09,11,SNDK,short,1.801025390625,0.0,1.801025390625
2026-09-09,11,SNDK,short,101.4996337890625,0.0,101.4996337890625
2026-09-09,11,SNDK,short,-1.8731689453125,0.0,-1.8731689453125
2026-09-09,11,SNDK,short,-8.701171875,0.0,-8.701171875
2026-09-09,11,SNDK,short,-1.0400390625,0.0,-1.0400390625
2026-09-09,11,SNDK,short,14.126953125,0.0,14.126953125
2026-09-09,11,SNDK,short,1.6328125,0.0,1.6328125
2026-09-09,11,SNDK,short,-8.1448974609375,0.0,-8.1448974609375
2026-09-09,11,SNDK,short,0.164794921875,0.0,0.164794921875
2026-09-09,11,SNDK,short,13.862060546875,0.0,13.862060546875
2026-09-09,11,SNDK,short,0.76806640625,0.0,0.76806640625
2026-09-09,11,SNDK,short,3.070068359375,0.0,3.070068359375
2026-09-09,11,SNDK,short,-0.7001953125,0.0,-0.7001953125
2026-09-09,12,SNDK,long,-8.7802734375,0.0,-8.7802734375
2026-09-09,12,SNDK,long,-2.259765625,0.0,-2.259765625
2026-09-09,12,SNDK,long,9.4951171875,0.0,9.4951171875
2026-09-09,12,SNDK,long,0.5848388671875,0.0,0.5848388671875
2026-09-09,12,SNDK,long,9.725830078125,0.0,9.725830078125
2026-09-09,12,SNDK,long,0.4742431640625,0.0,0.4742431640625
2026-09-09,12,SNDK,long,-3.93017578125,0.0,-3.93017578125
2026-09-09,12,SNDK,long,0.030029296875,0.0,0.030029296875
2026-09-09,12,SNDK,long,24.2449951171875,0.0,24.2449951171875
2026-09-09,12,SNDK,long,1.64501953125,0.0,1.64501953125
2026-09-09,12,SNDK,long,-5.18994140625,0.0,-5.18994140625
2026-09-09,12,SNDK,long,1.4849853515625,0.0,1.4849853515625
2026-09-09,12,SNDK,long,1.300048828125,0.0,1.300048828125
2026-09-09,12,SNDK,long,1.10986328125,0.0,1.10986328125
2026-09-09,12,SNDK,long,2.2301025390625,0.0,2.2301025390625
2026-09-09,12,SNDK,long,-0.0985107421875,0.0,-0.0985107421875
2026-09-09,12,SNDK,long,-2.2315673828125,0.0,-2.2315673828125
2026-09-09,12,SNDK,long,0.0050048828125,0.0,0.0050048828125
2026-09-09,15,SNDK,long,-24.050048828125,0.0,-24.050048828125
2026-09-09,15,SNDK,long,1.3798828125,0.0,1.3798828125
2026-09-09,15,SNDK,long,1.16015625,0.0,1.16015625
2026-09-09,15,SNDK,long,-1.5,0.0,-1.5
2026-09-09,15,SNDK,long,-0.06005859375,0.0,-0.06005859375
2026-09-09,15,SNDK,long,8.949951171875,0.0,8.949951171875
2026-09-09,15,SNDK,long,-0.0799560546875,0.0,-0.0799560546875
2026-09-09,15,SNDK,long,-3.449951171875,0.0,-3.449951171875
2026-09-09,15,SNDK,long,-0.35009765625,0.0,-0.35009765625
2026-09-09,15,SNDK,long,-15.699462890625,0.0,-15.699462890625
2026-09-09,15,SNDK,long,57.60009765625,0.0,57.60009765625
2026-09-09,15,SNDK,long,2.2705078125,0.0,2.2705078125
2026-09-09,15,SNDK,long,9.779052734375,0.0,9.779052734375
2026-09-09,15,SNDK,long,-5.44921875,0.0,-5.44921875
2026-09-09,15,SNDK,long,47.5,0.0,47.5
2026-09-09,15,SNDK,long,7.39013671875,0.0,7.39013671875
2026-09-09,15,SNDK,long,-38.9619140625,0.0,-38.9619140625
2026-09-09,15,SNDK,long,8.2803955078125,0.0,8.2803955078125
2026-09-09,15,SNDK,long,35.1002197265625,0.0,35.1002197265625
2026-09-09,15,SNDK,long,3.1497802734375,0.0,3.1497802734375
2026-09-10,9,SNDK,short,-575.2001953125,0.0,-575.2001953125
2026-09-10,9,SNDK,short,-7.59765625,0.0,-7.59765625
2026-09-10,9,SNDK,short,58.9189453125,0.0,58.9189453125
2026-09-10,9,SNDK,short,-12.3603515625,0.0,-12.3603515625
2026-09-10,9,SNDK,short,18.02099609375,0.0,18.02099609375
2026-09-10,9,SNDK,short,5.864501953125,0.0,5.864501953125
2026-09-10,9,SNDK,short,119.09912109375,0.0,119.09912109375
2026-09-10,9,SNDK,short,16.5545654296875,0.0,16.5545654296875
2026-09-10,10,SNDK,short,56.439208984375,0.0,56.439208984375
2026-09-10,10,SNDK,short,7.70068359375,0.0,7.70068359375
2026-09-10,10,SNDK,short,-114.140380859375,0.0,-114.140380859375
2026-09-10,10,SNDK,short,10.140380859375,0.0,10.140380859375
2026-09-10,10,SNDK,short,6.0,0.0,6.0
2026-09-10,10,SNDK,short,51.205322265625,0.0,51.205322265625
2026-09-10,10,SNDK,short,8.7991943359375,0.0,8.7991943359375
2026-09-10,10,SNDK,short,2.550048828125,0.0,2.550048828125
2026-09-10,10,SNDK,short,14.150390625,0.0,14.150390625
2026-09-10,10,SNDK,short,-130.4549560546875,0.0,-130.4549560546875
2026-09-10,10,SNDK,short,5.3997802734375,0.0,5.3997802734375
2026-09-10,10,SNDK,short,-27.0302734375,0.0,-27.0302734375
2026-09-10,10,SNDK,short,-0.5556640625,0.0,-0.5556640625
2026-09-10,10,SNDK,short,28.128173828125,0.0,28.128173828125
2026-09-10,10,SNDK,short,-0.2452392578125,0.0,-0.2452392578125
2026-09-10,10,SNDK,short,15.68994140625,0.0,15.68994140625
2026-09-10,10,SNDK,short,1.869873046875,0.0,1.869873046875
2026-09-10,10,SNDK,short,19.991455078125,0.0,19.991455078125
2026-09-10,10,SNDK,short,1.9500732421875,0.0,1.9500732421875
2026-09-10,10,SNDK,short,6.5,0.0,6.5
2026-09-10,10,SNDK,short,-0.919921875,0.0,-0.919921875
2026-09-10,10,SNDK,short,-0.7197265625,0.0,-0.7197265625
2026-09-10,10,SNDK,short,-3.18017578125,0.0,-3.18017578125
2026-09-10,11,SNDK,short,9.659912109375,0.0,9.659912109375
2026-09-10,11,SNDK,short,-0.1798095703125,0.0,-0.1798095703125
2026-09-10,11,SNDK,short,-6.47998046875,0.0,-6.47998046875
2026-09-10,11,SNDK,short,1.103515625,0.0,1.103515625
2026-09-10,11,SNDK,short,-8.0869140625,0.0,-8.0869140625
2026-09-10,11,SNDK,short,0.563232421875,0.0,0.563232421875
2026-09-10,11,SNDK,short,-3.8099365234375,0.0,-3.8099365234375
2026-09-10,11,SNDK,short,-0.1400146484375,0.0,-0.1400146484375
2026-09-10,11,SNDK,short,7.85498046875,0.0,7.85498046875
2026-09-10,11,SNDK,short,0.094970703125,0.0,0.094970703125
2026-09-10,13,SNDK,short,1.9298095703125,0.0,1.9298095703125
2026-09-10,13,SNDK,short,-0.4949951171875,0.0,-0.4949951171875
2026-09-10,13,SNDK,short,0.125,0.0,0.125
2026-09-10,13,SNDK,short,0.320068359375,0.0,0.320068359375
2026-09-10,15,SNDK,long,2.183349609375,0.0,2.183349609375
2026-09-10,15,SNDK,long,-0.029296875,0.0,-0.029296875
2026-09-10,15,SNDK,long,-2.760498046875,0.0,-2.760498046875
2026-09-10,15,SNDK,long,1.56005859375,0.0,1.56005859375
2026-09-10,15,SNDK,long,9.224853515625,0.0,9.224853515625
2026-09-10,15,SNDK,long,-4.7747802734375,0.0,-4.7747802734375
2026-09-10,15,SNDK,long,-68.4002685546875,0.0,-68.4002685546875
2026-09-10,15,SNDK,long,-2.5494384765625,0.0,-2.5494384765625
2026-09-11,9,SNDK,short,735.6005859375,0.0,735.6005859375
2026-09-11,9,SNDK,short,-67.6025390625,0.0,-67.6025390625
2026-09-11,9,SNDK,short,75.03125,0.0,75.03125
2026-09-11,9,SNDK,short,7.9287109375,0.0,7.9287109375
2026-09-11,9,SNDK,short,-59.7657470703125,0.0,-59.7657470703125
2026-09-11,9,SNDK,short,-1.58935546875,0.0,-1.58935546875
2026-09-11,9,SNDK,short,88.440673828125,0.0,88.440673828125
2026-09-11,9,SNDK,short,-0.120849609375,0.0,-0.120849609375
2026-09-11,10,SNDK,short,86.73046875,0.0,86.73046875
2026-09-11,10,SNDK,short,-1.43994140625,0.0,-1.43994140625
2026-09-11,10,SNDK,short,63.30029296875,0.0,63.30029296875
2026-09-11,10,SNDK,short,-0.390380859375,0.0,-0.390380859375
2026-09-11,10,SNDK,short,-129.20654296875,0.0,-129.20654296875
2026-09-11,10,SNDK,short,-10.667724609375,0.0,-10.667724609375
2026-09-11,10,SNDK,short,-128.701171875,0.0,-128.701171875
2026-09-11,10,SNDK,short,3.8250732421875,0.0,3.8250732421875
2026-09-11,10,SNDK,short,-85.44921875,0.0,-85.44921875
2026-09-11,10,SNDK,short,-1.199951171875,0.0,-1.199951171875
2026-09-11,11,SNDK,short,-8.059814453125,0.0,-8.059814453125
2026-09-11,11,SNDK,short,1.239990234375,0.0,1.239990234375
2026-09-11,11,SNDK,short,-5.440185546875,0.0,-5.440185546875
2026-09-11,11,SNDK,short,0.300048828125,0.0,0.300048828125
2026-09-11,11,SNDK,short,18.219970703125,0.0,18.219970703125
2026-09-11,12,SNDK,short,-2.375,0.0,-2.375
2026-09-11,12,SNDK,short,-0.0050048828125,0.0,-0.0050048828125
2026-09-11,12,SNDK,short,-0.3499755859375,0.0,-0.3499755859375
2026-09-11,12,SNDK,short,-0.889892578125,0.0,-0.889892578125
2026-09-11,12,SNDK,short,5.3192138671875,0.0,5.3192138671875
2026-09-11,12,SNDK,short,2.6865234375,0.0,2.6865234375
2026-09-11,12,SNDK,short,47.0491943359375,0.0,47.0491943359375
2026-09-11,12,SNDK,short,0.2794189453125,0.0,0.2794189453125
2026-09-11,12,SNDK,short,-22.56005859375,0.0,-22.56005859375
2026-09-11,12,SNDK,short,1.80029296875,0.0,1.80029296875
2026-09-11,12,SNDK,short,-5.520263671875,0.0,-5.520263671875
2026-09-11,12,SNDK,short,2.55029296875,0.0,2.55029296875
2026-09-11,12,SNDK,short,-16.830322265625,0.0,-16.830322265625
2026-09-11,12,SNDK,short,0.030029296875,0.0,0.030029296875
2026-09-11,12,SNDK,short,26.500244140625,0.0,26.500244140625
2026-09-11,12,SNDK,short,-14.140625,0.0,-14.140625
2026-09-11,12,SNDK,short,-1.99951171875,0.0,-1.99951171875
2026-09-11,13,SNDK,short,-4.65234375,0.0,-4.65234375
2026-09-11,13,SNDK,short,1.0224609375,0.0,1.0224609375
2026-09-11,13,SNDK,short,-3.900146484375,0.0,-3.900146484375
2026-09-11,13,SNDK,short,0.2940673828125,0.0,0.2940673828125
2026-09-11,13,SNDK,short,-6.14599609375,0.0,-6.14599609375
2026-09-11,13,SNDK,short,-0.590087890625,0.0,-0.590087890625
2026-09-11,13,SNDK,short,5.979736328125,0.0,5.979736328125
2026-09-11,13,SNDK,short,-0.979736328125,0.0,-0.979736328125
2026-09-11,13,SNDK,short,1.800048828125,0.0,1.800048828125
2026-09-11,13,SNDK,short,-1.2099609375,0.0,-1.2099609375
2026-09-11,13,SNDK,short,-2.0350341796875,0.0,-2.0350341796875
2026-09-11,13,SNDK,short,25.890380859375,0.0,25.890380859375
2026-09-11,13,SNDK,short,-0.54638671875,0.0,-0.54638671875
2026-09-11,13,SNDK,short,3.4051513671875,0.0,3.4051513671875
2026-09-11,13,SNDK,short,-0.050048828125,0.0,-0.050048828125
2026-09-11,13,SNDK,short,-15.2001953125,0.0,-15.2001953125
2026-09-11,13,SNDK,short,1.9404296875,0.0,1.9404296875
2026-09-11,13,SNDK,short,-5.3798828125,0.0,-5.3798828125
2026-09-11,13,SNDK,short,-7.18505859375,0.0,-7.18505859375
2026-09-11,13,SNDK,short,-0.0970458984375,0.0,-0.0970458984375
2026-09-11,13,SNDK,short,4.78466796875,0.0,4.78466796875
2026-09-11,13,SNDK,short,-0.760009765625,0.0,-0.760009765625
2026-09-11,14,SNDK,short,2.47998046875,0.0,2.47998046875
2026-09-11,14,SNDK,short,-0.489990234375,0.0,-0.489990234375
2026-09-11,14,SNDK,short,33.1644287109375,0.0,33.1644287109375
2026-09-11,14,SNDK,short,-0.6295166015625,0.0,-0.6295166015625
2026-09-11,14,SNDK,short,11.0400390625,0.0,11.0400390625
2026-09-11,14,SNDK,short,-0.4404296875,0.0,-0.4404296875
2026-09-11,14,SNDK,short,-18.7244873046875,0.0,-18.7244873046875
2026-09-11,14,SNDK,short,1.01513671875,0.0,1.01513671875
2026-09-11,14,SNDK,short,16.48486328125,0.0,16.48486328125
2026-09-11,14,SNDK,short,-1.75,0.0,-1.75
2026-09-11,14,SNDK,short,2.1298828125,0.0,2.1298828125
2026-09-11,14,SNDK,short,-1.890380859375,0.0,-1.890380859375
2026-09-11,14,SNDK,short,-18.1500244140625,0.0,-18.1500244140625
2026-09-11,14,SNDK,short,7.05078125,0.0,7.05078125
2026-09-11,14,SNDK,short,1.8743896484375,0.0,1.8743896484375
2026-09-11,14,SNDK,short,-6.57177734375,0.0,-6.57177734375
2026-09-11,14,SNDK,short,0.751953125,0.0,0.751953125
2026-09-11,14,SNDK,short,-3.210205078125,0.0,-3.210205078125
2026-09-11,14,SNDK,short,-0.43505859375,0.0,-0.43505859375
2026-09-11,14,SNDK,short,8.835205078125,0.0,8.835205078125
2026-09-11,14,SNDK,short,0.719970703125,0.0,0.719970703125
2026-09-11,15,SNDK,short,5.31005859375,0.0,5.31005859375
2026-09-11,15,SNDK,short,0.06005859375,0.0,0.06005859375
2026-09-11,15,SNDK,short,4.099853515625,0.0,4.099853515625
2026-09-11,15,SNDK,short,0.320068359375,0.0,0.320068359375
2026-09-11,15,SNDK,short,-2.0,0.0,-2.0
2026-09-11,15,SNDK,short,-0.5400390625,0.0,-0.5400390625
2026-09-11,15,SNDK,short,2.04248046875,0.0,2.04248046875
2026-09-11,15,SNDK,short,0.0875244140625,0.0,0.0875244140625
2026-09-11,15,SNDK,short,-1.97998046875,0.0,-1.97998046875
2026-09-11,15,SNDK,short,-0.114990234375,0.0,-0.114990234375
2026-09-08,9,TSLA,long,-103.68017578125,0.0,-103.68017578125
2026-09-08,9,TSLA,long,0.240234375,0.0,0.240234375
2026-09-08,10,TSLA,long,4.1904296875,0.0,4.1904296875
2026-09-08,10,TSLA,long,-0.01019287109375,0.0,-0.01019287109375
2026-09-08,10,TSLA,long,-1.1600341796875,0.0,-1.1600341796875
2026-09-08,10,TSLA,long,0.05560302734375,0.0,0.05560302734375
2026-09-08,10,TSLA,long,2.12042236328125,0.0,2.12042236328125
2026-09-08,10,TSLA,long,0.02459716796875,0.0,0.02459716796875
2026-09-08,10,TSLA,long,0.0546875,0.0,0.0546875
2026-09-09,9,TSLA,long,-137.2421875,0.0,-137.2421875
2026-09-09,9,TSLA,long,5.75390625,0.0,5.75390625
2026-09-09,10,TSLA,long,-17.97454833984375,0.0,-17.97454833984375
2026-09-09,10,TSLA,long,-2.8992919921875,0.0,-2.8992919921875
2026-09-09,10,TSLA,long,8.120849609375,0.0,8.120849609375
2026-09-09,10,TSLA,long,1.73992919921875,0.0,1.73992919921875
2026-09-09,10,TSLA,long,44.74346923828125,0.0,44.74346923828125
2026-09-09,10,TSLA,long,-0.283538818359375,0.0,-0.283538818359375
2026-09-09,10,TSLA,long,-40.880615234375,0.0,-40.880615234375
2026-09-09,10,TSLA,long,-2.240478515625,0.0,-2.240478515625
2026-09-09,10,TSLA,long,22.399658203125,0.0,22.399658203125
2026-09-09,10,TSLA,long,-44.760009765625,0.0,-44.760009765625
2026-09-09,10,TSLA,long,3.320556640625,0.0,3.320556640625
2026-09-09,10,TSLA,long,21.999664306640625,0.0,21.999664306640625
2026-09-09,10,TSLA,long,86.35040283203125,0.0,86.35040283203125
2026-09-09,10,TSLA,long,-2.200469970703125,0.0,-2.200469970703125
2026-09-09,10,TSLA,long,-54.9063720703125,0.0,-54.9063720703125
2026-09-09,10,TSLA,long,-3.737548828125,0.0,-3.737548828125
2026-09-09,10,TSLA,long,2.42291259765625,0.0,2.42291259765625
2026-09-09,10,TSLA,long,-0.24908447265625,0.0,-0.24908447265625
2026-09-09,10,TSLA,long,80.82467651367188,0.0,80.82467651367188
2026-09-09,10,TSLA,long,-0.530517578125,0.0,-0.530517578125
2026-09-09,10,TSLA,long,-4.504547119140625,0.0,-4.504547119140625
2026-09-09,10,TSLA,long,2.91461181640625,0.0,2.91461181640625
2026-09-09,11,TSLA,long,-100.359619140625,0.0,-100.359619140625
2026-09-09,11,TSLA,long,-64.260498046875,0.0,-64.260498046875
2026-09-09,11,TSLA,long,1.785186767578125,0.0,1.785186767578125
2026-09-09,11,TSLA,long,-47.94012451171875,0.0,-47.94012451171875
2026-09-09,11,TSLA,long,-1.274688720703125,0.0,-1.274688720703125
2026-09-09,11,TSLA,long,-27.00042724609375,0.0,-27.00042724609375
2026-09-09,11,TSLA,long,-1.95465087890625,0.0,-1.95465087890625
2026-09-09,11,TSLA,long,-6.14471435546875,0.0,-6.14471435546875
2026-09-09,11,TSLA,long,-0.1495361328125,0.0,-0.1495361328125
2026-09-09,11,TSLA,long,-46.25091552734375,0.0,-46.25091552734375
2026-09-09,11,TSLA,long,58.31011962890625,0.0,58.31011962890625
2026-09-09,11,TSLA,long,-0.2452392578125,0.0,-0.2452392578125
2026-09-09,11,TSLA,long,33.1201171875,0.0,33.1201171875
2026-09-09,11,TSLA,long,82.0147705078125,0.0,82.0147705078125
2026-09-09,11,TSLA,long,0.84625244140625,0.0,0.84625244140625
2026-09-09,11,TSLA,long,-43.614990234375,0.0,-43.614990234375
2026-09-09,11,TSLA,long,-1.475921630859375,0.0,-1.475921630859375
2026-09-09,11,TSLA,long,3.51373291015625,0.0,3.51373291015625
2026-09-09,11,TSLA,long,16.875,0.0,16.875
2026-09-09,11,TSLA,long,-0.648193359375,0.0,-0.648193359375
2026-09-09,12,TSLA,long,0.8734130859375,0.0,0.8734130859375
2026-09-09,12,TSLA,long,-0.2252197265625,0.0,-0.2252197265625
2026-09-09,12,TSLA,long,2.025604248046875,0.0,2.025604248046875
2026-09-09,12,TSLA,long,0.80474853515625,0.0,0.80474853515625
2026-09-09,12,TSLA,long,-31.8076171875,0.0,-31.8076171875
2026-09-09,12,TSLA,long,-1.5401611328125,0.0,-1.5401611328125
2026-09-09,12,TSLA,long,31.27587890625,0.0,31.27587890625
2026-09-09,12,TSLA,long,-1.135986328125,0.0,-1.135986328125
2026-09-09,12,TSLA,long,-24.07989501953125,0.0,-24.07989501953125
2026-09-09,12,TSLA,long,-22.789947509765625,0.0,-22.789947509765625
2026-09-09,12,TSLA,long,-33.7459716796875,0.0,-33.7459716796875
2026-09-09,12,TSLA,long,1.066864013671875,0.0,1.066864013671875
2026-09-09,12,TSLA,long,19.349212646484375,0.0,19.349212646484375
2026-09-09,12,TSLA,long,-3.439422607421875,0.0,-3.439422607421875
2026-09-09,12,TSLA,long,-1.505157470703125,0.0,-1.505157470703125
2026-09-09,12,TSLA,long,1.505157470703125,0.0,1.505157470703125
2026-09-09,12,TSLA,long,9.02984619140625,0.0,9.02984619140625
2026-09-09,12,TSLA,long,1.47015380859375,0.0,1.47015380859375
2026-09-09,12,TSLA,long,33.8096923828125,0.0,33.8096923828125
2026-09-09,12,TSLA,long,-0.210205078125,0.0,-0.210205078125
2026-09-09,12,TSLA,long,-46.13616943359375,0.0,-46.13616943359375
2026-09-09,12,TSLA,long,-1.11383056640625,0.0,-1.11383056640625
2026-09-09,13,TSLA,long,-10.291290283203125,0.0,-10.291290283203125
2026-09-09,13,TSLA,long,0.246490478515625,0.0,0.246490478515625
2026-09-09,13,TSLA,long,-15.0,0.0,-15.0
2026-09-09,13,TSLA,long,0.400390625,0.0,0.400390625
2026-09-09,13,TSLA,long,1.55914306640625,0.0,1.55914306640625
2026-09-09,13,TSLA,long,-1.36395263671875,0.0,-1.36395263671875
2026-09-09,13,TSLA,long,3.03948974609375,0.0,3.03948974609375
2026-09-09,13,TSLA,long,-9.953460693359375,0.0,-9.953460693359375
2026-09-09,13,TSLA,long,3.293731689453125,0.0,3.293731689453125
2026-09-09,13,TSLA,long,-10.0799560546875,0.0,-10.0799560546875
2026-09-09,13,TSLA,long,-0.54052734375,0.0,-0.54052734375
2026-09-09,13,TSLA,long,3.850555419921875,0.0,3.850555419921875
2026-09-09,13,TSLA,long,-1.225128173828125,0.0,-1.225128173828125
2026-09-09,13,TSLA,long,32.98004150390625,0.0,32.98004150390625
2026-09-09,13,TSLA,long,0.170166015625,0.0,0.170166015625
2026-09-09,13,TSLA,long,-7.85723876953125,0.0,-7.85723876953125
2026-09-09,13,TSLA,long,-0.063446044921875,0.0,-0.063446044921875
2026-09-09,13,TSLA,long,-0.16015625,0.0,-0.16015625
2026-09-09,13,TSLA,long,-6.0791015625,0.0,-6.0791015625
2026-09-09,13,TSLA,long,-1.2802734375,0.0,-1.2802734375
2026-09-09,13,TSLA,long,7.439697265625,0.0,7.439697265625
2026-09-09,13,TSLA,long,0.929962158203125,0.0,0.929962158203125
2026-09-09,14,TSLA,long,1.240264892578125,0.0,1.240264892578125
2026-09-09,14,TSLA,long,0.619659423828125,0.0,0.619659423828125
2026-09-09,14,TSLA,long,-6.203216552734375,0.0,-6.203216552734375
2026-09-09,14,TSLA,long,-0.926177978515625,0.0,-0.926177978515625
2026-09-09,14,TSLA,long,-17.050567626953125,0.0,-17.050567626953125
2026-09-09,14,TSLA,long,3.900146484375,0.0,3.900146484375
2026-09-09,14,TSLA,long,0.89996337890625,0.0,0.89996337890625
2026-09-09,14,TSLA,long,13.920318603515625,0.0,13.920318603515625
2026-09-09,14,TSLA,long,-0.290283203125,0.0,-0.290283203125
2026-09-09,14,TSLA,long,15.2099609375,0.0,15.2099609375
2026-09-09,14,TSLA,long,0.0504150390625,0.0,0.0504150390625
2026-09-09,14,TSLA,long,13.57958984375,0.0,13.57958984375
2026-09-09,14,TSLA,long,0.131591796875,0.0,0.131591796875
2026-09-09,14,TSLA,long,-5.661529541015625,0.0,-5.661529541015625
2026-09-09,14,TSLA,long,-7.559967041015625,0.0,-7.559967041015625
2026-09-09,14,TSLA,long,-12.61041259765625,0.0,-12.61041259765625
2026-09-09,14,TSLA,long,-13.74969482421875,0.0,-13.74969482421875
2026-09-09,14,TSLA,long,0.374603271484375,0.0,0.374603271484375
2026-09-09,14,TSLA,long,1.595306396484375,0.0,1.595306396484375
2026-09-09,14,TSLA,long,-0.72021484375,0.0,-0.72021484375
2026-09-09,15,TSLA,long,16.31982421875,0.0,16.31982421875
2026-09-09,15,TSLA,long,-0.81591796875,0.0,-0.81591796875
2026-09-09,15,TSLA,long,-1.057769775390625,0.0,-1.057769775390625
2026-09-09,15,TSLA,long,-1.14971923828125,0.0,-1.14971923828125
2026-09-09,15,TSLA,long,0.32965087890625,0.0,0.32965087890625
2026-09-09,15,TSLA,long,11.86505126953125,0.0,11.86505126953125
2026-09-09,15,TSLA,long,-0.210205078125,0.0,-0.210205078125
2026-09-09,15,TSLA,long,-2.685546875,0.0,-2.685546875
2026-09-09,15,TSLA,long,-0.1141357421875,0.0,-0.1141357421875
2026-09-09,15,TSLA,long,-3.800048828125,0.0,-3.800048828125
2026-09-09,15,TSLA,long,-0.8001708984375,0.0,-0.8001708984375
2026-09-09,15,TSLA,long,-3.9996337890625,0.0,-3.9996337890625
2026-09-09,15,TSLA,long,-0.1800537109375,0.0,-0.1800537109375
2026-09-09,15,TSLA,long,3.7799072265625,0.0,3.7799072265625
2026-09-09,15,TSLA,long,-0.30029296875,0.0,-0.30029296875
2026-09-09,15,TSLA,long,1.1004638671875,0.0,1.1004638671875
2026-09-09,15,TSLA,long,0.2996826171875,0.0,0.2996826171875
2026-09-09,15,TSLA,long,-8.644744873046875,0.0,-8.644744873046875
2026-09-09,15,TSLA,long,7.01971435546875,0.0,7.01971435546875
2026-09-09,15,TSLA,long,0.35980224609375,0.0,0.35980224609375
2026-09-09,15,TSLA,long,-19.0399169921875,0.0,-19.0399169921875
2026-09-09,15,TSLA,long,-0.169647216796875,0.0,-0.169647216796875
2026-09-10,9,TSLA,short,-26.52020263671875,0.0,-26.52020263671875
2026-09-10,9,TSLA,short,-1.914276123046875,0.0,-1.914276123046875
2026-09-10,9,TSLA,short,1.539794921875,0.0,1.539794921875
2026-09-10,9,TSLA,short,-1.820068359375,0.0,-1.820068359375
2026-09-10,10,TSLA,long,-13.32989501953125,0.0,-13.32989501953125
2026-09-10,10,TSLA,long,3.01031494140625,0.0,3.01031494140625
2026-09-10,10,TSLA,long,94.59921264648438,0.0,94.59921264648438
2026-09-10,10,TSLA,long,1.289947509765625,0.0,1.289947509765625
2026-09-10,10,TSLA,long,-51.599212646484375,0.0,-51.599212646484375
2026-09-10,10,TSLA,long,-1.720367431640625,0.0,-1.720367431640625
2026-09-10,10,TSLA,long,-56.32989501953125,0.0,-56.32989501953125
2026-09-10,10,TSLA,long,0.644317626953125,0.0,0.644317626953125
2026-09-10,10,TSLA,long,-15.960205078125,0.0,-15.960205078125
2026-09-10,10,TSLA,long,51.87066650390625,0.0,51.87066650390625
2026-09-10,10,TSLA,long,-16.38446044921875,0.0,-16.38446044921875
2026-09-10,10,TSLA,long,-2.30584716796875,0.0,-2.30584716796875
2026-09-10,10,TSLA,long,43.025390625,0.0,43.025390625
2026-09-10,10,TSLA,long,0.86517333984375,0.0,0.86517333984375
2026-09-10,10,TSLA,long,56.989349365234375,0.0,56.989349365234375
2026-09-10,10,TSLA,long,2.45989990234375,0.0,2.45989990234375
2026-09-10,10,TSLA,long,-5.739349365234375,0.0,-5.739349365234375
2026-09-10,10,TSLA,long,0.819549560546875,0.0,0.819549560546875
2026-09-10,10,TSLA,long,-30.400390625,0.0,-30.400390625
2026-09-10,10,TSLA,long,0.447998046875,0.0,0.447998046875
2026-09-10,10,TSLA,long,-10.047607421875,0.0,-10.047607421875
2026-09-10,10,TSLA,long,5.6005859375,0.0,5.6005859375
2026-09-10,11,TSLA,long,-6.199951171875,0.0,-6.199951171875
2026-09-10,11,TSLA,long,-0.2001953125,0.0,-0.2001953125
2026-09-10,11,TSLA,long,-86.09619140625,0.0,-86.09619140625
2026-09-10,11,TSLA,long,0.69580078125,0.0,0.69580078125
2026-09-10,11,TSLA,short,-54.0765380859375,0.0,-54.0765380859375
2026-09-10,11,TSLA,short,-43.050384521484375,0.0,-43.050384521484375
2026-09-10,11,TSLA,short,-1.047821044921875,0.0,-1.047821044921875
2026-09-10,11,TSLA,short,56.189453125,0.0,56.189453125
2026-09-10,11,TSLA,short,-0.028564453125,0.0,-0.028564453125
2026-09-10,11,TSLA,short,0.174560546875,0.0,0.174560546875
2026-09-10,11,TSLA,short,5.024169921875,0.0,5.024169921875
2026-09-10,11,TSLA,short,-36.050628662109375,0.0,-36.050628662109375
2026-09-10,11,TSLA,short,8.2103271484375,0.0,8.2103271484375
2026-09-10,11,TSLA,short,77.26885986328125,0.0,77.26885986328125
2026-09-10,11,TSLA,short,-11.319061279296875,0.0,-11.319061279296875
2026-09-10,11,TSLA,short,-55.620880126953125,0.0,-55.620880126953125
2026-09-10,11,TSLA,short,-91.15286254882812,0.0,-91.15286254882812
2026-09-10,11,TSLA,short,3.605377197265625,0.0,3.605377197265625
2026-09-10,11,TSLA,short,-8.6722412109375,0.0,-8.6722412109375
2026-09-10,11,TSLA,short,4.59136962890625,0.0,4.59136962890625
2026-09-10,11,TSLA,short,97.97012329101562,0.0,97.97012329101562
2026-09-10,12,TSLA,short,-89.9200439453125,0.0,-89.9200439453125
2026-09-10,12,TSLA,short,4.91943359375,0.0,4.91943359375
2026-09-10,12,TSLA,short,57.418670654296875,0.0,57.418670654296875
2026-09-10,12,TSLA,short,2.2598876953125,0.0,2.2598876953125
2026-09-10,12,TSLA,short,-29.67694091796875,0.0,-29.67694091796875
2026-09-10,12,TSLA,short,-6.85772705078125,0.0,-6.85772705078125
2026-09-10,12,TSLA,short,22.30810546875,0.0,22.30810546875
2026-09-10,12,TSLA,short,-6.787750244140625,0.0,-6.787750244140625
2026-09-10,12,TSLA,short,-6.087890625,0.0,-6.087890625
2026-09-10,12,TSLA,short,6.076171875,0.0,6.076171875
2026-09-10,12,TSLA,short,19.960784912109375,0.0,19.960784912109375
2026-09-10,12,TSLA,short,-4.751739501953125,0.0,-4.751739501953125
2026-09-10,12,TSLA,short,6.641998291015625,0.0,6.641998291015625
2026-09-10,12,TSLA,short,2.85858154296875,0.0,2.85858154296875
2026-09-10,12,TSLA,short,32.299652099609375,0.0,32.299652099609375
2026-09-10,12,TSLA,short,1.4263916015625,0.0,1.4263916015625
2026-09-10,12,TSLA,short,-62.224884033203125,0.0,-62.224884033203125
2026-09-10,12,TSLA,short,-0.4754638671875,0.0,-0.4754638671875
2026-09-10,12,TSLA,short,-35.625,0.0,-35.625
2026-09-10,12,TSLA,short,2.849884033203125,0.0,2.849884033203125
2026-09-10,12,TSLA,short,37.999420166015625,0.0,37.999420166015625
2026-09-10,12,TSLA,short,24.700927734375,0.0,24.700927734375
2026-09-10,12,TSLA,short,-0.950927734375,0.0,-0.950927734375
2026-09-10,13,TSLA,short,23.75,0.0,23.75
2026-09-10,13,TSLA,short,3.325347900390625,0.0,3.325347900390625
2026-09-10,13,TSLA,short,-34.276885986328125,0.0,-34.276885986328125
2026-09-10,13,TSLA,short,-3.7225341796875,0.0,-3.7225341796875
2026-09-10,13,TSLA,short,21.851043701171875,0.0,21.851043701171875
2026-09-10,13,TSLA,short,2.374420166015625,0.0,2.374420166015625
2026-09-10,13,TSLA,short,-7.5216064453125,0.0,-7.5216064453125
2026-09-10,13,TSLA,short,-7.51873779296875,0.0,-7.51873779296875
2026-09-10,13,TSLA,short,-4.651702880859375,0.0,-4.651702880859375
2026-09-10,13,TSLA,short,-1.087005615234375,0.0,-1.087005615234375
2026-09-10,13,TSLA,short,-23.763671875,0.0,-23.763671875
2026-09-10,13,TSLA,short,-35.488555908203125,0.0,-35.488555908203125
2026-09-10,13,TSLA,short,-2.729888916015625,0.0,-2.729888916015625
2026-09-10,13,TSLA,short,-33.216888427734375,0.0,-33.216888427734375
2026-09-10,13,TSLA,short,-3.185333251953125,0.0,-3.185333251953125
2026-09-10,13,TSLA,short,95.4107666015625,0.0,95.4107666015625
2026-09-10,13,TSLA,short,2.64495849609375,0.0,2.64495849609375
2026-09-10,13,TSLA,short,-107.8060302734375,0.0,-107.8060302734375
2026-09-10,13,TSLA,short,-0.285186767578125,0.0,-0.285186767578125
2026-09-10,13,TSLA,short,87.5595703125,0.0,87.5595703125
2026-09-10,13,TSLA,short,-7.038818359375,0.0,-7.038818359375
2026-09-10,13,TSLA,short,3.520751953125,0.0,3.520751953125
2026-09-10,13,TSLA,short,-0.880859375,0.0,-0.880859375
2026-09-10,14,TSLA,short,86.547119140625,0.0,86.547119140625
2026-09-10,14,TSLA,short,0.13427734375,0.0,0.13427734375
2026-09-10,14,TSLA,short,3.47808837890625,0.0,3.47808837890625
2026-09-10,14,TSLA,short,1.08856201171875,0.0,1.08856201171875
2026-09-10,14,TSLA,short,-9.353668212890625,0.0,-9.353668212890625
2026-09-10,14,TSLA,short,0.870849609375,0.0,0.870849609375
2026-09-10,14,TSLA,short,-8.700531005859375,0.0,-8.700531005859375
2026-09-10,14,TSLA,short,3.480743408203125,0.0,3.480743408203125
2026-09-10,14,TSLA,short,-7.73968505859375,0.0,-7.73968505859375
2026-09-10,14,TSLA,short,-20.64178466796875,0.0,-20.64178466796875
2026-09-10,14,TSLA,short,3.44073486328125,0.0,3.44073486328125
2026-09-10,14,TSLA,short,2.46966552734375,0.0,2.46966552734375
2026-09-10,14,TSLA,short,20.6378173828125,0.0,20.6378173828125
2026-09-10,14,TSLA,short,-4.9908447265625,0.0,-4.9908447265625
2026-09-10,14,TSLA,short,-32.9945068359375,0.0,-32.9945068359375
2026-09-10,14,TSLA,short,2.4609375,0.0,2.4609375
2026-09-10,14,TSLA,short,-4.090728759765625,0.0,-4.090728759765625
2026-09-10,14,TSLA,short,2.489898681640625,0.0,2.489898681640625
2026-09-10,14,TSLA,short,-2.052001953125,0.0,-2.052001953125
2026-09-10,14,TSLA,short,4.51190185546875,0.0,4.51190185546875
2026-09-10,14,TSLA,short,-38.475494384765625,0.0,-38.475494384765625
2026-09-10,14,TSLA,short,3.64361572265625,0.0,3.64361572265625
2026-09-10,15,TSLA,short,12.1519775390625,0.0,12.1519775390625
2026-09-10,15,TSLA,short,60.39794921875,0.0,60.39794921875
2026-09-10,15,TSLA,short,4.40185546875,0.0,4.40185546875
2026-09-10,15,TSLA,short,-41.201171875,0.0,-41.201171875
2026-09-10,15,TSLA,short,92.39990234375,0.0,92.39990234375
2026-09-10,15,TSLA,short,60.400390625,0.0,60.400390625
2026-09-10,15,TSLA,short,4.3994140625,0.0,4.3994140625
2026-09-10,15,TSLA,short,-10.2703857421875,0.0,-10.2703857421875
2026-09-10,15,TSLA,short,-5.528167724609375,0.0,-5.528167724609375
2026-09-10,15,TSLA,short,20.66876220703125,0.0,20.66876220703125
2026-09-10,15,TSLA,short,-1.16876220703125,0.0,-1.16876220703125
2026-09-10,15,TSLA,short,-34.3201904296875,0.0,-34.3201904296875
2026-09-10,15,TSLA,short,64.67971801757812,0.0,64.67971801757812
2026-09-10,15,TSLA,short,-1.1561279296875,0.0,-1.1561279296875
2026-09-10,15,TSLA,short,-20.018402099609375,0.0,-20.018402099609375
2026-09-10,15,TSLA,short,-1.1561279296875,0.0,-1.1561279296875
2026-09-10,15,TSLA,short,7.607421875,0.0,7.607421875
2026-09-10,15,TSLA,short,0.7537841796875,0.0,0.7537841796875
2026-09-10,15,TSLA,short,41.99981689453125,0.0,41.99981689453125
2026-09-10,15,TSLA,short,2.249908447265625,0.0,2.249908447265625
2026-09-11,9,TSLA,long,153.11846923828125,0.0,153.11846923828125
2026-09-11,9,TSLA,long,1.12994384765625,0.0,1.12994384765625
2026-09-11,9,TSLA,long,8.061279296875,0.0,8.061279296875
2026-09-11,9,TSLA,long,12.320068359375,0.0,12.320068359375
2026-09-11,9,TSLA,long,-91.0810546875,0.0,-91.0810546875
2026-09-11,10,TSLA,long,3.415008544921875,0.0,3.415008544921875
2026-09-11,10,TSLA,long,-0.089996337890625,0.0,-0.089996337890625
2026-09-11,10,TSLA,long,-135.41580200195312,0.0,-135.41580200195312
2026-09-11,10,TSLA,long,-5.83233642578125,0.0,-5.83233642578125
2026-09-11,10,TSLA,long,-3.30389404296875,0.0,-3.30389404296875
2026-09-11,10,TSLA,long,-1.098388671875,0.0,-1.098388671875
2026-09-11,10,TSLA,long,-75.20974731445312,0.0,-75.20974731445312
2026-09-11,10,TSLA,long,0.0084228515625,0.0,0.0084228515625
2026-09-11,10,TSLA,long,188.01699829101562,0.0,188.01699829101562
2026-09-11,10,TSLA,long,-52.783905029296875,0.0,-52.783905029296875
2026-09-11,10,TSLA,long,-7.50897216796875,0.0,-7.50897216796875
2026-09-11,10,TSLA,long,-97.37237548828125,0.0,-97.37237548828125
2026-09-11,10,TSLA,long,-1.379241943359375,0.0,-1.379241943359375
2026-09-11,10,TSLA,long,44.849578857421875,0.0,44.849578857421875
2026-09-11,10,TSLA,long,0.3453369140625,0.0,0.3453369140625
2026-09-11,10,TSLA,long,97.63558959960938,0.0,97.63558959960938
2026-09-11,10,TSLA,long,0.688568115234375,0.0,0.688568115234375
2026-09-11,10,TSLA,long,-84.86865234375,0.0,-84.86865234375
2026-09-11,11,TSLA,long,-4.83050537109375,0.0,-4.83050537109375
2026-09-11,11,TSLA,long,-7.591094970703125,0.0,-7.591094970703125
2026-09-11,11,TSLA,long,25.84033203125,0.0,25.84033203125
2026-09-11,11,TSLA,long,0.34033203125,0.0,0.34033203125
2026-09-11,11,TSLA,long,39.441162109375,0.0,39.441162109375
2026-09-11,11,TSLA,long,2.378173828125,0.0,2.378173828125
2026-09-11,11,TSLA,long,-4.0321044921875,0.0,-4.0321044921875
2026-09-11,11,TSLA,long,-0.94464111328125,0.0,-0.94464111328125
2026-09-11,11,TSLA,long,91.3623046875,0.0,91.3623046875
2026-09-11,11,TSLA,long,1.3212890625,0.0,1.3212890625
2026-09-11,11,TSLA,long,-107.90023803710938,0.0,-107.90023803710938
2026-09-11,11,TSLA,long,54.1790771484375,0.0,54.1790771484375
2026-09-11,11,TSLA,long,-6.2984619140625,0.0,-6.2984619140625
2026-09-11,11,TSLA,long,-23.4921875,0.0,-23.4921875
2026-09-11,11,TSLA,long,6.13226318359375,0.0,6.13226318359375
2026-09-11,11,TSLA,long,-7.600799560546875,0.0,-7.600799560546875
2026-09-11,11,TSLA,long,0.58453369140625,0.0,0.58453369140625
2026-09-11,11,TSLA,long,-20.0994873046875,0.0,-20.0994873046875
2026-09-11,11,TSLA,long,-2.999267578125,0.0,-2.999267578125
2026-09-11,11,TSLA,long,-63.72100830078125,0.0,-63.72100830078125
2026-09-11,11,TSLA,long,42.91943359375,0.0,42.91943359375
2026-09-11,11,TSLA,long,0.58056640625,0.0,0.58056640625
2026-09-11,12,TSLA,long,3.4798583984375,0.0,3.4798583984375
2026-09-11,12,TSLA,long,68.4466552734375,0.0,68.4466552734375
2026-09-11,12,TSLA,long,-52.7855224609375,0.0,-52.7855224609375
2026-09-11,12,TSLA,long,1.15936279296875,0.0,1.15936279296875
2026-09-11,12,TSLA,long,-23.19964599609375,0.0,-23.19964599609375
2026-09-11,12,TSLA,long,0.57879638671875,0.0,0.57879638671875
2026-09-11,12,TSLA,long,-17.3992919921875,0.0,-17.3992919921875
2026-09-11,12,TSLA,long,1.44964599609375,0.0,1.44964599609375
2026-09-11,12,TSLA,long,-26.38922119140625,0.0,-26.38922119140625
2026-09-11,12,TSLA,long,-0.290283203125,0.0,-0.290283203125
2026-09-11,12,TSLA,long,40.754791259765625,0.0,40.754791259765625
2026-09-11,12,TSLA,long,-1.682098388671875,0.0,-1.682098388671875
2026-09-11,12,TSLA,long,36.891357421875,0.0,36.891357421875
2026-09-11,12,TSLA,long,4.120880126953125,0.0,4.120880126953125
2026-09-11,12,TSLA,long,-52.494873046875,0.0,-52.494873046875
2026-09-11,12,TSLA,long,3.214599609375,0.0,3.214599609375
2026-09-11,12,TSLA,long,27.7752685546875,0.0,27.7752685546875
2026-09-11,12,TSLA,long,0.2752685546875,0.0,0.2752685546875
2026-09-11,12,TSLA,long,-7.560791015625,0.0,-7.560791015625
2026-09-11,12,TSLA,long,-1.1337890625,0.0,-1.1337890625
2026-09-11,12,TSLA,long,20.0291748046875,0.0,20.0291748046875
2026-09-11,12,TSLA,long,-1.88525390625,0.0,-1.88525390625
2026-09-11,13,TSLA,long,-39.689208984375,0.0,-39.689208984375
2026-09-11,13,TSLA,long,1.07940673828125,0.0,1.07940673828125
2026-09-11,13,TSLA,long,-6.479736328125,0.0,-6.479736328125
2026-09-11,13,TSLA,long,1.34967041015625,0.0,1.34967041015625
2026-09-11,13,TSLA,long,28.89019775390625,0.0,28.89019775390625
2026-09-11,13,TSLA,long,4.504547119140625,0.0,4.504547119140625
2026-09-11,13,TSLA,long,0.530517578125,0.0,0.530517578125
2026-09-11,13,TSLA,long,9.010711669921875,0.0,9.010711669921875
2026-09-11,13,TSLA,long,-13.78076171875,0.0,-13.78076171875
2026-09-11,13,TSLA,long,3.119873046875,0.0,3.119873046875
2026-09-11,13,TSLA,long,31.110809326171875,0.0,31.110809326171875
2026-09-11,13,TSLA,long,2.54937744140625,0.0,2.54937744140625
2026-09-11,13,TSLA,long,5.499267578125,0.0,5.499267578125
2026-09-11,13,TSLA,long,3.00140380859375,0.0,3.00140380859375
2026-09-11,13,TSLA,long,-4.0008544921875,0.0,-4.0008544921875
2026-09-11,13,TSLA,long,-1.24969482421875,0.0,-1.24969482421875
2026-09-11,13,TSLA,long,-34.7503662109375,0.0,-34.7503662109375
2026-09-11,13,TSLA,long,3.5003662109375,0.0,3.5003662109375
2026-09-11,13,TSLA,long,-0.250244140625,0.0,-0.250244140625
2026-09-11,13,TSLA,long,-19.99969482421875,0.0,-19.99969482421875
2026-09-11,13,TSLA,long,-1.75018310546875,0.0,-1.75018310546875
2026-09-11,14,TSLA,long,5.999755859375,0.0,5.999755859375
2026-09-11,14,TSLA,long,-2.9998779296875,0.0,-2.9998779296875
2026-09-11,14,TSLA,long,0.50048828125,0.0,0.50048828125
2026-09-11,14,TSLA,long,-9.2498779296875,0.0,-9.2498779296875
2026-09-11,14,TSLA,long,1.24969482421875,0.0,1.24969482421875
2026-09-11,14,TSLA,long,21.56011962890625,0.0,21.56011962890625
2026-09-11,14,TSLA,long,-1.039276123046875,0.0,-1.039276123046875
2026-09-11,14,TSLA,long,7.89849853515625,0.0,7.89849853515625
2026-09-11,14,TSLA,long,1.469940185546875,0.0,1.469940185546875
2026-09-11,14,TSLA,long,-27.1201171875,0.0,-27.1201171875
2026-09-11,14,TSLA,long,-1.6787109375,0.0,-1.6787109375
2026-09-11,14,TSLA,long,4.234130859375,0.0,4.234130859375
2026-09-11,14,TSLA,long,2.580352783203125,0.0,2.580352783203125
2026-09-11,14,TSLA,long,-11.75,0.0,-11.75
2026-09-11,14,TSLA,long,-0.7056884765625,0.0,-0.7056884765625
2026-09-11,14,TSLA,long,1.84039306640625,0.0,1.84039306640625
2026-09-11,14,TSLA,long,-1.37994384765625,0.0,-1.37994384765625
2026-09-11,14,TSLA,long,-7.36016845703125,0.0,-7.36016845703125
2026-09-11,14,TSLA,long,-0.68927001953125,0.0,-0.68927001953125
2026-09-11,14,TSLA,long,-14.26971435546875,0.0,-14.26971435546875
2026-09-11,14,TSLA,long,-0.68084716796875,0.0,-0.68084716796875
2026-09-11,14,TSLA,long,5.980224609375,0.0,5.980224609375
2026-09-11,15,TSLA,long,36.11016845703125,0.0,36.11016845703125
2026-09-11,15,TSLA,long,-0.46044921875,0.0,-0.46044921875
2026-09-11,15,TSLA,long,-10.58050537109375,0.0,-10.58050537109375
2026-09-11,15,TSLA,long,-26.324615478515625,0.0,-26.324615478515625
2026-09-11,15,TSLA,long,-1.575164794921875,0.0,-1.575164794921875
2026-09-11,15,TSLA,long,29.925384521484375,0.0,29.925384521484375
2026-09-11,15,TSLA,long,0.899505615234375,0.0,0.899505615234375
2026-09-11,15,TSLA,long,-8.360107421875,0.0,-8.360107421875
2026-09-11,15,TSLA,long,-1.538818359375,0.0,-1.538818359375
2026-09-11,15,TSLA,long,-16.2811279296875,0.0,-16.2811279296875
2026-09-11,15,TSLA,long,-3.2991943359375,0.0,-3.2991943359375
2026-09-11,15,TSLA,long,-11.5845947265625,0.0,-11.5845947265625
2026-09-11,15,TSLA,long,-0.003936767578125,0.0,-0.003936767578125
2026-09-11,15,TSLA,long,39.87872314453125,0.0,39.87872314453125
2026-09-11,15,TSLA,long,1.25994873046875,0.0,1.25994873046875
2026-09-11,15,TSLA,long,-0.42041015625,0.0,-0.42041015625
2026-09-11,15,TSLA,long,40.590850830078125,0.0,40.590850830078125
2026-09-11,15,TSLA,long,-0.451690673828125,0.0,-0.451690673828125
2026-09-11,15,TSLA,long,-1.56005859375,0.0,-1.56005859375
2026-09-11,15,TSLA,long,-12.60009765625,0.0,-12.60009765625
2026-09-11,15,TSLA,long,-1.39892578125,0.0,-1.39892578125
2026-09-08,9,MSTR,long,-69.37326049804688,0.0,-69.37326049804688
2026-09-08,9,MSTR,long,22.39251708984375,0.0,22.39251708984375
2026-09-08,9,MSTR,long,314.1496276855469,0.0,314.1496276855469
2026-09-08,9,MSTR,long,12.202606201171875,0.0,12.202606201171875
2026-09-08,9,MSTR,long,7.6796875,0.0,7.6796875
2026-09-08,9,MSTR,long,-10.2421875,0.0,-10.2421875
2026-09-08,9,MSTR,long,-63.875,0.0,-63.875
2026-09-08,9,MSTR,long,5.114990234375,0.0,5.114990234375
2026-09-08,10,MSTR,long,143.359375,0.0,143.359375
2026-09-08,10,MSTR,long,12.796875,0.0,12.796875
2026-09-08,10,MSTR,long,417.28125,0.0,417.28125
2026-09-08,10,MSTR,long,10.2421875,0.0,10.2421875
2026-09-08,10,MSTR,long,-279.7260284423828,0.0,-279.7260284423828
2026-09-08,10,MSTR,long,-62.65083312988281,0.0,-62.65083312988281
2026-09-08,10,MSTR,long,-66.29470825195312,0.0,-66.29470825195312
2026-09-08,10,MSTR,long,20.396575927734375,0.0,20.396575927734375
2026-09-08,10,MSTR,long,447.9224853515625,0.0,447.9224853515625
2026-09-08,10,MSTR,long,38.17344665527344,0.0,38.17344665527344
2026-09-08,10,MSTR,long,150.1148681640625,0.0,150.1148681640625
2026-09-08,10,MSTR,long,-10.41796875,0.0,-10.41796875
2026-09-08,10,MSTR,long,-271.0474548339844,0.0,-271.0474548339844
2026-09-08,10,MSTR,long,12.509490966796875,0.0,12.509490966796875
2026-09-08,10,MSTR,long,114.67881774902344,0.0,114.67881774902344
2026-09-08,10,MSTR,long,8.335418701171875,0.0,8.335418701171875
2026-09-08,10,MSTR,long,-226.71923828125,0.0,-226.71923828125
2026-09-08,10,MSTR,long,-201.27525329589844,0.0,-201.27525329589844
2026-09-08,10,MSTR,long,10.378799438476562,0.0,10.378799438476562
2026-09-08,10,MSTR,long,225.62924194335938,0.0,225.62924194335938
2026-09-08,10,MSTR,long,14.485198974609375,0.0,14.485198974609375
2026-09-08,10,MSTR,long,-204.4329833984375,0.0,-204.4329833984375
2026-09-08,10,MSTR,long,-4.1277313232421875,0.0,-4.1277313232421875
2026-09-08,11,MSTR,long,-6.17974853515625,0.0,-6.17974853515625
2026-09-08,11,MSTR,long,9.76312255859375,0.0,9.76312255859375
2026-09-08,11,MSTR,long,99.4166259765625,0.0,99.4166259765625
2026-09-08,11,MSTR,long,2.05572509765625,0.0,2.05572509765625
2026-09-08,11,MSTR,long,92.7025146484375,0.0,92.7025146484375
2026-09-08,11,MSTR,long,14.4215087890625,0.0,14.4215087890625
2026-09-08,11,MSTR,long,8.24176025390625,0.0,8.24176025390625
2026-09-08,11,MSTR,long,-28.843017578125,0.0,-28.843017578125
2026-09-08,11,MSTR,long,-74.156982421875,0.0,-74.156982421875
2026-09-08,11,MSTR,long,16.47723388671875,0.0,16.47723388671875
2026-09-08,11,MSTR,long,-180.84100341796875,0.0,-180.84100341796875
2026-09-08,11,MSTR,long,8.221755981445312,0.0,8.221755981445312
2026-09-08,11,MSTR,long,-143.50250244140625,0.0,-143.50250244140625
2026-09-08,11,MSTR,long,253.58424377441406,0.0,253.58424377441406
2026-09-08,11,MSTR,long,-20.4012451171875,0.0,-20.4012451171875
2026-09-08,11,MSTR,long,8.1617431640625,0.0,8.1617431640625
2026-09-08,11,MSTR,long,95.6390380859375,0.0,95.6390380859375
2026-09-08,11,MSTR,long,10.178726196289062,0.0,10.178726196289062
2026-09-08,11,MSTR,long,162.39752197265625,0.0,162.39752197265625
2026-09-08,11,MSTR,long,-20.301239013671875,0.0,-20.301239013671875
2026-09-08,11,MSTR,long,89.2833251953125,0.0,89.2833251953125
2026-09-08,11,MSTR,long,8.158905029296875,0.0,8.158905029296875
2026-09-08,12,MSTR,long,217.21148681640625,0.0,217.21148681640625
2026-09-08,12,MSTR,long,10.14752197265625,0.0,10.14752197265625
2026-09-08,12,MSTR,long,-30.373764038085938,0.0,-30.373764038085938
2026-09-08,12,MSTR,long,-311.8517303466797,0.0,-311.8517303466797
2026-09-08,12,MSTR,long,-22.27203369140625,0.0,-22.27203369140625
2026-09-08,12,MSTR,long,-262.60369873046875,0.0,-262.60369873046875
2026-09-08,12,MSTR,long,-12.1195068359375,0.0,-12.1195068359375
2026-09-08,12,MSTR,long,-60.447540283203125,0.0,-60.447540283203125
2026-09-08,12,MSTR,long,20.151229858398438,0.0,20.151229858398438
2026-09-08,12,MSTR,long,44.33024597167969,0.0,44.33024597167969
2026-09-08,12,MSTR,long,-100.75,0.0,-100.75
2026-09-08,12,MSTR,long,8.055572509765625,0.0,8.055572509765625
2026-09-08,12,MSTR,long,148.74417114257812,0.0,148.74417114257812
2026-09-08,12,MSTR,long,-24.1190185546875,0.0,-24.1190185546875
2026-09-08,12,MSTR,long,318.7942657470703,0.0,318.7942657470703
2026-09-08,12,MSTR,long,18.044265747070312,0.0,18.044265747070312
2026-09-08,12,MSTR,long,-88.00048828125,0.0,-88.00048828125
2026-09-08,12,MSTR,long,-11.969512939453125,0.0,-11.969512939453125
2026-09-08,12,MSTR,long,-219.96871948242188,0.0,-219.96871948242188
2026-09-08,12,MSTR,long,4.50531005859375,0.0,4.50531005859375
2026-09-08,13,MSTR,long,-149.625,0.0,-149.625
2026-09-08,13,MSTR,long,3.993896484375,0.0,3.993896484375
2026-09-08,13,MSTR,long,181.09072875976562,0.0,181.09072875976562
2026-09-08,13,MSTR,long,3.977813720703125,0.0,3.977813720703125
2026-09-08,13,MSTR,long,-147.258056640625,0.0,-147.258056640625
2026-09-08,13,MSTR,long,-7.961700439453125,0.0,-7.961700439453125
2026-09-08,13,MSTR,long,59.547576904296875,0.0,59.547576904296875
2026-09-08,13,MSTR,long,-21.83209228515625,0.0,-21.83209228515625
2026-09-08,13,MSTR,long,-109.17257690429688,0.0,-109.17257690429688
2026-09-08,13,MSTR,long,3.9678192138671875,0.0,3.9678192138671875
2026-09-08,13,MSTR,long,-115.13339233398438,0.0,-115.13339233398438
2026-09-08,13,MSTR,long,-3.9678192138671875,0.0,-3.9678192138671875
2026-09-08,13,MSTR,long,103.46420288085938,0.0,103.46420288085938
2026-09-08,13,MSTR,long,0.0368499755859375,0.0,0.0368499755859375
2026-09-08,13,MSTR,long,151.80084228515625,0.0,151.80084228515625
2026-09-08,13,MSTR,long,-10.349578857421875,0.0,-10.349578857421875
2026-09-08,13,MSTR,long,-110.40252685546875,0.0,-110.40252685546875
2026-09-08,13,MSTR,long,-17.251052856445312,0.0,-17.251052856445312
2026-09-08,13,MSTR,long,-61.9542236328125,0.0,-61.9542236328125
2026-09-08,13,MSTR,long,-10.2828369140625,0.0,-10.2828369140625
2026-09-08,13,MSTR,long,-17.2010498046875,0.0,-17.2010498046875
2026-09-08,13,MSTR,long,13.7576904296875,0.0,13.7576904296875
2026-09-08,13,MSTR,long,89.183349609375,0.0,89.183349609375
2026-09-08,13,MSTR,long,20.57916259765625,0.0,20.57916259765625
2026-09-08,14,MSTR,long,-100.88937377929688,0.0,-100.88937377929688
2026-09-08,14,MSTR,long,5.129791259765625,0.0,5.129791259765625
2026-09-08,14,MSTR,long,71.60708618164062,0.0,71.60708618164062
2026-09-08,14,MSTR,long,3.413330078125,0.0,3.413330078125
2026-09-08,14,MSTR,long,156.85708618164062,0.0,156.85708618164062
2026-09-08,14,MSTR,long,6.8214569091796875,0.0,6.8214569091796875
2026-09-08,14,MSTR,long,-13.59771728515625,0.0,-13.59771728515625
2026-09-08,14,MSTR,long,33.99688720703125,0.0,33.99688720703125
2026-09-08,14,MSTR,long,22.03582763671875,0.0,22.03582763671875
2026-09-08,14,MSTR,long,11.866241455078125,0.0,11.866241455078125
2026-09-08,14,MSTR,long,-30.508758544921875,0.0,-30.508758544921875
2026-09-08,14,MSTR,long,-131.81979370117188,0.0,-131.81979370117188
2026-09-08,14,MSTR,long,1.686492919921875,0.0,1.686492919921875
2026-09-08,14,MSTR,long,-48.165618896484375,0.0,-48.165618896484375
2026-09-08,14,MSTR,long,-27.88128662109375,0.0,-27.88128662109375
2026-09-08,14,MSTR,long,-118.30206298828125,0.0,-118.30206298828125
2026-09-08,14,MSTR,long,-6.761444091796875,0.0,-6.761444091796875
2026-09-08,14,MSTR,long,62.5291748046875,0.0,62.5291748046875
2026-09-08,14,MSTR,long,8.453094482421875,0.0,8.453094482421875
2026-09-08,14,MSTR,long,-283.91876220703125,0.0,-283.91876220703125
2026-09-08,14,MSTR,long,13.517730712890625,0.0,13.517730712890625
2026-09-08,14,MSTR,long,10.13958740234375,0.0,10.13958740234375
2026-09-08,14,MSTR,long,10.815216064453125,0.0,10.815216064453125
2026-09-08,15,MSTR,long,22.986846923828125,0.0,22.986846923828125
2026-09-08,15,MSTR,long,6.75628662109375,0.0,6.75628662109375
2026-09-08,15,MSTR,long,33.80206298828125,0.0,33.80206298828125
2026-09-08,15,MSTR,long,23.6624755859375,0.0,23.6624755859375
2026-09-08,15,MSTR,long,-3.316253662109375,0.0,-3.316253662109375
2026-09-08,15,MSTR,long,2.707672119140625,0.0,2.707672119140625
2026-09-08,15,MSTR,long,20.825958251953125,0.0,20.825958251953125
2026-09-08,15,MSTR,long,-60.799072265625,0.0,-60.799072265625
2026-09-08,15,MSTR,long,-11.091567993164062,0.0,-11.091567993164062
2026-09-08,15,MSTR,long,8.058609008789062,0.0,8.058609008789062
2026-09-08,15,MSTR,long,178.76889038085938,0.0,178.76889038085938
2026-09-08,15,MSTR,long,-3.0283355712890625,0.0,-3.0283355712890625
2026-09-08,15,MSTR,long,-96.95759582519531,0.0,-96.95759582519531
2026-09-08,15,MSTR,long,-3.032958984375,0.0,-3.032958984375
2026-09-08,15,MSTR,long,-24.240554809570312,0.0,-24.240554809570312
2026-09-08,15,MSTR,long,3.032958984375,0.0,3.032958984375
2026-09-08,15,MSTR,long,-27.273513793945312,0.0,-27.273513793945312
2026-09-08,15,MSTR,long,21.21221923828125,0.0,21.21221923828125
2026-09-08,15,MSTR,long,-12.122589111328125,0.0,-12.122589111328125
2026-09-08,15,MSTR,long,9.094253540039062,0.0,9.094253540039062
2026-09-08,15,MSTR,long,-15.19158935546875,0.0,-15.19158935546875
2026-09-08,15,MSTR,long,8.678543090820312,0.0,8.678543090820312
2026-09-09,9,MSTR,long,-112.88742065429688,0.0,-112.88742065429688
2026-09-09,9,MSTR,long,11.056365966796875,0.0,11.056365966796875
2026-09-09,9,MSTR,long,-128.55088806152344,0.0,-128.55088806152344
2026-09-09,9,MSTR,long,-23.675765991210938,0.0,-23.675765991210938
2026-09-09,9,MSTR,long,-5.548553466796875,0.0,-5.548553466796875
2026-09-09,9,MSTR,long,-2.231353759765625,0.0,-2.231353759765625
2026-09-09,9,MSTR,long,-469.1988067626953,0.0,-469.1988067626953
2026-09-09,9,MSTR,long,-17.594284057617188,0.0,-17.594284057617188
2026-09-09,10,MSTR,long,79.28421020507812,0.0,79.28421020507812
2026-09-09,10,MSTR,long,43.566741943359375,0.0,43.566741943359375
2026-09-09,10,MSTR,long,-139.86392211914062,0.0,-139.86392211914062
2026-09-09,10,MSTR,long,26.422393798828125,0.0,26.422393798828125
2026-09-09,10,MSTR,long,-147.37939453125,0.0,-147.37939453125
2026-09-09,10,MSTR,long,-32.132537841796875,0.0,-32.132537841796875
2026-09-09,10,MSTR,long,54.66661071777344,0.0,54.66661071777344
2026-09-09,10,MSTR,long,-7.5416107177734375,0.0,-7.5416107177734375
2026-09-09,10,MSTR,long,-233.1181640625,0.0,-233.1181640625
2026-09-09,10,MSTR,long,13.161376953125,0.0,13.161376953125
2026-09-09,10,MSTR,long,58.124542236328125,0.0,58.124542236328125
2026-09-09,10,MSTR,long,7.495880126953125,0.0,7.495880126953125
2026-09-09,10,MSTR,long,712.5034332275391,0.0,712.5034332275391
2026-09-09,10,MSTR,long,3.7479400634765625,0.0,3.7479400634765625
2026-09-09,10,MSTR,long,-93.0849609375,0.0,-93.0849609375
2026-09-09,10,MSTR,long,27.5625,0.0,27.5625
2026-09-09,10,MSTR,long,-7.735748291015625,0.0,-7.735748291015625
2026-09-09,10,MSTR,long,-19.39251708984375,0.0,-19.39251708984375
2026-09-09,10,MSTR,long,-479.0672149658203,0.0,-479.0672149658203
2026-09-09,10,MSTR,long,-20.118850708007812,0.0,-20.118850708007812
2026-09-09,10,MSTR,long,46.318115234375,0.0,46.318115234375
2026-09-09,10,MSTR,long,7.721649169921875,0.0,7.721649169921875
2026-09-09,10,MSTR,long,-336.0537109375,0.0,-336.0537109375
2026-09-09,10,MSTR,long,0.229705810546875,0.0,0.229705810546875
2026-09-09,11,MSTR,long,-30.880706787109375,0.0,-30.880706787109375
2026-09-09,11,MSTR,long,11.57952880859375,0.0,11.57952880859375
2026-09-09,11,MSTR,long,-212.2952880859375,0.0,-212.2952880859375
2026-09-09,11,MSTR,long,-27.0228271484375,0.0,-27.0228271484375
2026-09-09,11,MSTR,long,-103.95164489746094,0.0,-103.95164489746094
2026-09-09,11,MSTR,long,-245.759765625,0.0,-245.759765625
2026-09-09,11,MSTR,long,42.24365234375,0.0,42.24365234375
2026-09-09,11,MSTR,long,-24.642578125,0.0,-24.642578125
2026-09-09,11,MSTR,long,-386.09678649902344,0.0,-386.09678649902344
2026-09-09,11,MSTR,long,7.016143798828125,0.0,7.016143798828125
2026-09-09,11,MSTR,long,319.4112854003906,0.0,319.4112854003906
2026-09-09,11,MSTR,long,175.5,0.0,175.5
2026-09-09,11,MSTR,long,24.57257080078125,0.0,24.57257080078125
2026-09-09,11,MSTR,long,100.03092956542969,0.0,100.03092956542969
2026-09-09,11,MSTR,long,-8.772857666015625,0.0,-8.772857666015625
2026-09-09,11,MSTR,long,-24.57257080078125,0.0,-24.57257080078125
2026-09-09,11,MSTR,long,-12.280929565429688,0.0,-12.280929565429688
2026-09-09,11,MSTR,long,-99.75128173828125,0.0,-99.75128173828125
2026-09-09,11,MSTR,long,13.997650146484375,0.0,13.997650146484375
2026-09-09,11,MSTR,long,17.501068115234375,0.0,17.501068115234375
2026-09-09,11,MSTR,long,10.49957275390625,0.0,10.49957275390625
2026-09-09,12,MSTR,long,-59.32936096191406,0.0,-59.32936096191406
2026-09-09,12,MSTR,long,-24.427230834960938,0.0,-24.427230834960938
2026-09-09,12,MSTR,long,330.59893798828125,0.0,330.59893798828125
2026-09-09,12,MSTR,long,6.9561767578125,0.0,6.9561767578125
2026-09-09,12,MSTR,long,-194.879150390625,0.0,-194.879150390625
2026-09-09,12,MSTR,long,15.65936279296875,0.0,15.65936279296875
2026-09-09,12,MSTR,long,-27.8353271484375,0.0,-27.8353271484375
2026-09-09,12,MSTR,long,-12.1812744140625,0.0,-12.1812744140625
2026-09-09,12,MSTR,long,-104.10105895996094,0.0,-104.10105895996094
2026-09-09,12,MSTR,long,10.409576416015625,0.0,10.409576416015625
2026-09-09,12,MSTR,long,20.7591552734375,0.0,20.7591552734375
2026-09-09,12,MSTR,long,27.680633544921875,0.0,27.680633544921875
2026-09-09,12,MSTR,long,86.5,0.0,86.5
2026-09-09,12,MSTR,long,10.37957763671875,0.0,10.37957763671875
2026-09-09,12,MSTR,long,159.16232299804688,0.0,159.16232299804688
2026-09-09,12,MSTR,long,-152.2408447265625,0.0,-152.2408447265625
2026-09-09,12,MSTR,long,-6.921478271484375,0.0,-6.921478271484375
2026-09-09,12,MSTR,long,-20.69915771484375,0.0,-20.69915771484375
2026-09-09,12,MSTR,long,-10.349578857421875,0.0,-10.349578857421875
2026-09-09,12,MSTR,long,-53.319580078125,0.0,-53.319580078125
2026-09-09,12,MSTR,long,8.597900390625,0.0,8.597900390625
2026-09-09,12,MSTR,long,-1.7164306640625,0.0,-1.7164306640625
2026-09-09,12,MSTR,long,22.3555908203125,0.0,22.3555908203125
2026-09-09,13,MSTR,long,49.73646545410156,0.0,49.73646545410156
2026-09-09,13,MSTR,long,-25.723953247070312,0.0,-25.723953247070312
2026-09-09,13,MSTR,long,-63.2691650390625,0.0,-63.2691650390625
2026-09-09,13,MSTR,long,-8.553131103515625,0.0,-8.553131103515625
2026-09-09,13,MSTR,long,20.464370727539062,0.0,20.464370727539062
2026-09-09,13,MSTR,long,3.4081268310546875,0.0,3.4081268310546875
2026-09-09,13,MSTR,long,159.8004150390625,0.0,159.8004150390625
2026-09-09,13,MSTR,long,20.36285400390625,0.0,20.36285400390625
2026-09-09,13,MSTR,long,3.4344482421875,0.0,3.4344482421875
2026-09-09,13,MSTR,long,-10.16326904296875,0.0,-10.16326904296875
2026-09-09,13,MSTR,long,147.42796325683594,0.0,147.42796325683594
2026-09-09,13,MSTR,long,-3.3881378173828125,0.0,-3.3881378173828125
2026-09-09,13,MSTR,long,49.011444091796875,0.0,49.011444091796875
2026-09-09,13,MSTR,long,13.517730712890625,0.0,13.517730712890625
2026-09-09,13,MSTR,long,-124.6883544921875,0.0,-124.6883544921875
2026-09-09,13,MSTR,long,-16.851028442382812,0.0,-16.851028442382812
2026-09-09,13,MSTR,long,-115.92041015625,0.0,-115.92041015625
2026-09-09,13,MSTR,long,-1.676513671875,0.0,-1.676513671875
2026-09-09,13,MSTR,long,-11.76123046875,0.0,-11.76123046875
2026-09-09,13,MSTR,long,5.039794921875,0.0,5.039794921875
2026-09-09,13,MSTR,long,33.596923828125,0.0,33.596923828125
2026-09-09,13,MSTR,long,-2.619873046875,0.0,-2.619873046875
2026-09-09,13,MSTR,long,49.65966796875,0.0,49.65966796875
2026-09-09,13,MSTR,long,-13.40185546875,0.0,-13.40185546875
2026-09-09,14,MSTR,long,53.36097717285156,0.0,53.36097717285156
2026-09-09,14,MSTR,long,-3.1488037109375,0.0,-3.1488037109375
2026-09-09,14,MSTR,long,-50.09796142578125,0.0,-50.09796142578125
2026-09-09,14,MSTR,long,-3.338165283203125,0.0,-3.338165283203125
2026-09-09,14,MSTR,long,-141.95101928710938,0.0,-141.95101928710938
2026-09-09,14,MSTR,long,3.908966064453125,0.0,3.908966064453125
2026-09-09,14,MSTR,long,-148.13299560546875,0.0,-148.13299560546875
2026-09-09,14,MSTR,long,7.282806396484375,0.0,7.282806396484375
2026-09-09,14,MSTR,long,-11.69122314453125,0.0,-11.69122314453125
2026-09-09,14,MSTR,long,10.01959228515625,0.0,10.01959228515625
2026-09-09,14,MSTR,long,39.96345520019531,0.0,39.96345520019531
2026-09-09,14,MSTR,long,-23.31243896484375,0.0,-23.31243896484375
2026-09-09,14,MSTR,long,61.419189453125,0.0,61.419189453125
2026-09-09,14,MSTR,long,-21.57574462890625,0.0,-21.57574462890625
2026-09-09,14,MSTR,long,-126.2811279296875,0.0,-126.2811279296875
2026-09-09,14,MSTR,long,-61.59906005859375,0.0,-61.59906005859375
2026-09-09,14,MSTR,long,21.55755615234375,0.0,21.55755615234375
2026-09-09,14,MSTR,long,6.16131591796875,0.0,6.16131591796875
2026-09-09,14,MSTR,long,-84.70281982421875,0.0,-84.70281982421875
2026-09-09,14,MSTR,long,-69.29718017578125,0.0,-69.29718017578125
2026-09-09,15,MSTR,long,16.937744140625,0.0,16.937744140625
2026-09-09,15,MSTR,long,-50.65293884277344,0.0,-50.65293884277344
2026-09-09,15,MSTR,long,1.5364990234375,0.0,1.5364990234375
2026-09-09,15,MSTR,long,19.951065063476562,0.0,19.951065063476562
2026-09-09,15,MSTR,long,6.1413116455078125,0.0,6.1413116455078125
2026-09-09,15,MSTR,long,161.17312622070312,0.0,161.17312622070312
2026-09-09,15,MSTR,long,-13.781646728515625,0.0,-13.781646728515625
2026-09-09,15,MSTR,long,11.04730224609375,0.0,11.04730224609375
2026-09-09,15,MSTR,long,-13.984222412109375,0.0,-13.984222412109375
2026-09-09,15,MSTR,long,237.7460479736328,0.0,237.7460479736328
2026-09-09,15,MSTR,long,1.405487060546875,0.0,1.405487060546875
2026-09-09,15,MSTR,long,-40.92236328125,0.0,-40.92236328125
2026-09-09,15,MSTR,long,-12.12548828125,0.0,-12.12548828125
2026-09-09,15,MSTR,long,139.34967041015625,0.0,139.34967041015625
2026-09-09,15,MSTR,long,12.117965698242188,0.0,12.117965698242188
2026-09-09,15,MSTR,long,-281.7924041748047,0.0,-281.7924041748047
2026-09-09,15,MSTR,long,9.094253540039062,0.0,9.094253540039062
2026-09-09,15,MSTR,long,-6.0,0.0,-6.0
2026-09-09,15,MSTR,long,-0.24005126953125,0.0,-0.24005126953125
2026-09-09,15,MSTR,long,2.9700469970703125,0.0,2.9700469970703125
2026-09-09,15,MSTR,long,-0.3301544189453125,0.0,-0.3301544189453125
2026-09-09,15,MSTR,long,-4.1798858642578125,0.0,-4.1798858642578125
2026-09-09,15,MSTR,long,-0.2200469970703125,0.0,-0.2200469970703125
2026-09-10,9,MSTR,long,178.6004638671875,0.0,178.6004638671875
2026-09-10,9,MSTR,long,7.598724365234375,0.0,7.598724365234375
2026-09-10,9,MSTR,long,-189.5983123779297,0.0,-189.5983123779297
2026-09-10,9,MSTR,long,27.65289306640625,0.0,27.65289306640625
2026-09-10,9,MSTR,long,356.56951904296875,0.0,356.56951904296875
2026-09-10,9,MSTR,long,-25.568878173828125,0.0,-25.568878173828125
2026-09-10,9,MSTR,long,-23.681121826171875,0.0,-23.681121826171875
2026-09-10,9,MSTR,long,19.701202392578125,0.0,19.701202392578125
2026-09-10,10,MSTR,long,125.75688171386719,0.0,125.75688171386719
2026-09-10,10,MSTR,long,51.0919189453125,0.0,51.0919189453125
2026-09-10,10,MSTR,long,352.797607421875,0.0,352.797607421875
2026-09-10,10,MSTR,long,7.8416748046875,0.0,7.8416748046875
2026-09-10,10,MSTR,long,-408.5942840576172,0.0,-408.5942840576172
2026-09-10,10,MSTR,long,9.814376831054688,0.0,9.814376831054688
2026-09-10,10,MSTR,long,-97.79176330566406,0.0,-97.79176330566406
2026-09-10,10,MSTR,long,-15.637374877929688,0.0,-15.637374877929688
2026-09-10,10,MSTR,long,-242.42405700683594,0.0,-242.42405700683594
2026-09-10,10,MSTR,long,426.1945343017578,0.0,426.1945343017578
2026-09-10,10,MSTR,long,7.815704345703125,0.0,7.815704345703125
2026-09-10,10,MSTR,long,-111.43046569824219,0.0,-111.43046569824219
2026-09-10,10,MSTR,long,-37.145477294921875,0.0,-37.145477294921875
2026-09-10,10,MSTR,long,68.42619323730469,0.0,68.42619323730469
2026-09-10,10,MSTR,long,25.409988403320312,0.0,25.409988403320312
2026-09-10,10,MSTR,long,129.07247924804688,0.0,129.07247924804688
2026-09-10,10,MSTR,long,3.8720550537109375,0.0,3.8720550537109375
2026-09-10,10,MSTR,long,15.637374877929688,0.0,15.637374877929688
2026-09-10,10,MSTR,long,199.40785217285156,0.0,199.40785217285156
2026-09-10,10,MSTR,long,17.600250244140625,0.0,17.600250244140625
2026-09-10,10,MSTR,long,83.84857177734375,0.0,83.84857177734375
2026-09-10,10,MSTR,long,35.09857177734375,0.0,35.09857177734375
2026-09-10,11,MSTR,long,-89.69833374023438,0.0,-89.69833374023438
2026-09-10,11,MSTR,long,-11.69952392578125,0.0,-11.69952392578125
2026-09-10,11,MSTR,long,-292.5,0.0,-292.5
2026-09-10,11,MSTR,long,40.948333740234375,0.0,40.948333740234375
2026-09-10,11,MSTR,long,5.849761962890625,0.0,5.849761962890625
2026-09-10,11,MSTR,long,1.951904296875,0.0,1.951904296875
2026-09-10,11,MSTR,long,-27.23284912109375,0.0,-27.23284912109375
2026-09-10,11,MSTR,long,-11.669525146484375,0.0,-11.669525146484375
2026-09-10,11,MSTR,long,-85.3604736328125,0.0,-85.3604736328125
2026-09-10,11,MSTR,long,-7.52484130859375,0.0,-7.52484130859375
2026-09-10,11,MSTR,long,-54.55657958984375,0.0,-54.55657958984375
2026-09-10,11,MSTR,long,-21.337158203125,0.0,-21.337158203125
2026-09-10,11,MSTR,long,-34.828582763671875,0.0,-34.828582763671875
2026-09-10,11,MSTR,long,9.672637939453125,0.0,9.672637939453125
2026-09-10,11,MSTR,long,52.24287414550781,0.0,52.24287414550781
2026-09-10,11,MSTR,long,5.8047637939453125,0.0,5.8047637939453125
2026-09-10,11,MSTR,long,98.6868896484375,0.0,98.6868896484375
2026-09-10,11,MSTR,long,-27.086929321289062,0.0,-27.086929321289062
2026-09-10,11,MSTR,long,59.82952880859375,0.0,59.82952880859375
2026-09-10,11,MSTR,long,-164.05117797851562,0.0,-164.05117797851562
2026-09-10,11,MSTR,long,-7.721649169921875,0.0,-7.721649169921875
2026-09-10,11,MSTR,long,-34.37835693359375,0.0,-34.37835693359375
2026-09-10,11,MSTR,long,-18.828201293945312,0.0,-18.828201293945312
2026-09-10,12,MSTR,long,122.19140625,0.0,122.19140625
2026-09-10,12,MSTR,long,-26.8828125,0.0,-26.8828125
2026-09-10,12,MSTR,long,-183.83836364746094,0.0,-183.83836364746094
2026-09-10,12,MSTR,long,-17.234298706054688,0.0,-17.234298706054688
2026-09-10,12,MSTR,long,-229.80233764648438,0.0,-229.80233764648438
2026-09-10,12,MSTR,long,11.489532470703125,0.0,11.489532470703125
2026-09-10,12,MSTR,long,7.641632080078125,0.0,7.641632080078125
2026-09-10,12,MSTR,long,-3.4739990234375,0.0,-3.4739990234375
2026-09-10,12,MSTR,long,-49.440826416015625,0.0,-49.440826416015625
2026-09-10,12,MSTR,long,-8.93963623046875,0.0,-8.93963623046875
2026-09-10,12,MSTR,long,79.94964599609375,0.0,79.94964599609375
2026-09-10,12,MSTR,long,11.475677490234375,0.0,11.475677490234375
2026-09-10,12,MSTR,long,-46.06787109375,0.0,-46.06787109375
2026-09-10,12,MSTR,long,5.148193359375,0.0,5.148193359375
2026-09-10,12,MSTR,long,-36.81983947753906,0.0,-36.81983947753906
2026-09-10,12,MSTR,long,-9.205963134765625,0.0,-9.205963134765625
2026-09-10,12,MSTR,long,124.45159912109375,0.0,124.45159912109375
2026-09-10,12,MSTR,long,2.618560791015625,0.0,2.618560791015625
2026-09-10,12,MSTR,long,-35.23356628417969,0.0,-35.23356628417969
2026-09-10,12,MSTR,long,11.744522094726562,0.0,11.744522094726562
2026-09-10,12,MSTR,long,-20.80047607421875,0.0,-20.80047607421875
2026-09-10,12,MSTR,long,-2.59857177734375,0.0,-2.59857177734375
2026-09-10,12,MSTR,long,-12.950790405273438,0.0,-12.950790405273438
2026-09-10,12,MSTR,long,7.769683837890625,0.0,7.769683837890625
2026-09-10,13,MSTR,long,134.16110229492188,0.0,134.16110229492188
2026-09-10,13,MSTR,long,2.578582763671875,0.0,2.578582763671875
2026-09-10,13,MSTR,long,-50.68157958984375,0.0,-50.68157958984375
2026-09-10,13,MSTR,long,9.560638427734375,0.0,9.560638427734375
2026-09-10,13,MSTR,long,-15.359375,0.0,-15.359375
2026-09-10,13,MSTR,long,-33.28125,0.0,-33.28125
2026-09-10,13,MSTR,long,8.9609375,0.0,8.9609375
2026-09-10,13,MSTR,long,59.92515563964844,0.0,59.92515563964844
2026-09-10,13,MSTR,long,0.0272369384765625,0.0,0.0272369384765625
2026-09-10,13,MSTR,long,98.1463623046875,0.0,98.1463623046875
2026-09-10,13,MSTR,long,21.1669921875,0.0,21.1669921875
2026-09-10,13,MSTR,long,14.2471923828125,0.0,14.2471923828125
2026-09-10,13,MSTR,long,-17.54931640625,0.0,-17.54931640625
2026-09-10,13,MSTR,long,140.41314697265625,0.0,140.41314697265625
2026-09-10,13,MSTR,long,10.095138549804688,0.0,10.095138549804688
2026-09-10,13,MSTR,long,-166.29400634765625,0.0,-166.29400634765625
2026-09-10,13,MSTR,long,-7.5596923828125,0.0,-7.5596923828125
2026-09-10,13,MSTR,long,22.6790771484375,0.0,22.6790771484375
2026-09-10,13,MSTR,long,-20.16046142578125,0.0,-20.16046142578125
2026-09-10,13,MSTR,long,-11.18572998046875,0.0,-11.18572998046875
2026-09-10,13,MSTR,long,-5.170440673828125,0.0,-5.170440673828125
2026-09-10,13,MSTR,long,-10.367691040039062,0.0,-10.367691040039062
2026-09-10,14,MSTR,long,-26.02838134765625,0.0,-26.02838134765625
2026-09-10,14,MSTR,long,15.05938720703125,0.0,15.05938720703125
2026-09-10,14,MSTR,long,-107.95497131347656,0.0,-107.95497131347656
2026-09-10,14,MSTR,long,-7.5067138671875,0.0,-7.5067138671875
2026-09-10,14,MSTR,long,-55.00030517578125,0.0,-55.00030517578125
2026-09-10,14,MSTR,long,2.50244140625,0.0,2.50244140625
2026-09-10,14,MSTR,long,-37.502288818359375,0.0,-37.502288818359375
2026-09-10,14,MSTR,long,65.00244140625,0.0,65.00244140625
2026-09-10,14,MSTR,long,-5.001068115234375,0.0,-5.001068115234375
2026-09-10,14,MSTR,long,37.49847412109375,0.0,37.49847412109375
2026-09-10,14,MSTR,long,5.001068115234375,0.0,5.001068115234375
2026-09-10,14,MSTR,long,-97.10984802246094,0.0,-97.10984802246094
2026-09-10,14,MSTR,long,4.9810638427734375,0.0,4.9810638427734375
2026-09-10,14,MSTR,long,9.958328247070312,0.0,9.958328247070312
2026-09-10,14,MSTR,long,7.469696044921875,0.0,7.469696044921875
2026-09-10,14,MSTR,long,10.100616455078125,0.0,10.100616455078125
2026-09-10,14,MSTR,long,-3.029876708984375,0.0,-3.029876708984375
2026-09-10,14,MSTR,long,24.240554809570312,0.0,24.240554809570312
2026-09-10,14,MSTR,long,-3.0314178466796875,0.0,-3.0314178466796875
2026-09-10,14,MSTR,long,-10.099075317382812,0.0,-10.099075317382812
2026-09-10,14,MSTR,long,-5.0503082275390625,0.0,-5.0503082275390625
2026-09-10,14,MSTR,long,26.259445190429688,0.0,26.259445190429688
2026-09-10,14,MSTR,long,-2.018890380859375,0.0,-2.018890380859375
2026-09-10,15,MSTR,long,15.149383544921875,0.0,15.149383544921875
2026-09-10,15,MSTR,long,3.029876708984375,0.0,3.029876708984375
2026-09-10,15,MSTR,long,-17.22991943359375,0.0,-17.22991943359375
2026-09-10,15,MSTR,long,1.069549560546875,0.0,1.069549560546875
2026-09-10,15,MSTR,long,8.9385986328125,0.0,8.9385986328125
2026-09-10,15,MSTR,long,-3.837432861328125,0.0,-3.837432861328125
2026-09-10,15,MSTR,long,-18.04962158203125,0.0,-18.04962158203125
2026-09-10,15,MSTR,long,2.4993896484375,0.0,2.4993896484375
2026-09-10,15,MSTR,long,-9.899093627929688,0.0,-9.899093627929688
2026-09-10,15,MSTR,long,-4.456329345703125,0.0,-4.456329345703125
2026-09-10,15,MSTR,long,17.820785522460938,0.0,17.820785522460938
2026-09-10,15,MSTR,long,1.9804229736328125,0.0,1.9804229736328125
2026-09-10,15,MSTR,long,-7.42620849609375,0.0,-7.42620849609375
2026-09-10,15,MSTR,long,1.4849395751953125,0.0,1.4849395751953125
2026-09-10,15,MSTR,long,-24.5,0.0,-24.5
2026-09-10,15,MSTR,long,-9.699111938476562,0.0,-9.699111938476562
2026-09-10,15,MSTR,long,-2.8610382080078125,0.0,-2.8610382080078125
2026-09-10,15,MSTR,long,-7.80902099609375,0.0,-7.80902099609375
2026-09-10,15,MSTR,long,2.424407958984375,0.0,2.424407958984375
2026-09-10,15,MSTR,long,-14.8798828125,0.0,-14.8798828125
2026-09-10,15,MSTR,long,-4.80029296875,0.0,-4.80029296875
2026-09-10,15,MSTR,long,-31.6787109375,0.0,-31.6787109375
2026-09-10,15,MSTR,long,8.6396484375,0.0,8.6396484375
2026-09-11,9,MSTR,long,486.9884490966797,0.0,486.9884490966797
2026-09-11,9,MSTR,long,-11.808013916015625,0.0,-11.808013916015625
2026-09-11,9,MSTR,long,1031.5189361572266,0.0,1031.5189361572266
2026-09-11,9,MSTR,long,-89.1448974609375,0.0,-89.1448974609375
2026-09-11,9,MSTR,long,365.3506164550781,0.0,365.3506164550781
2026-09-11,9,MSTR,long,52.195220947265625,0.0,52.195220947265625
2026-09-11,10,MSTR,long,1458.8015899658203,0.0,1458.8015899658203
2026-09-11,10,MSTR,long,-5.2071380615234375,0.0,-5.2071380615234375
2026-09-11,10,MSTR,long,391.53076171875,0.0,391.53076171875
2026-09-11,10,MSTR,long,-17.850128173828125,0.0,-17.850128173828125
2026-09-11,10,MSTR,long,-740.7441101074219,0.0,-740.7441101074219
2026-09-11,10,MSTR,long,-12.94683837890625,0.0,-12.94683837890625
2026-09-11,10,MSTR,long,145.5124053955078,0.0,145.5124053955078
2026-09-11,10,MSTR,long,-17.98260498046875,0.0,-17.98260498046875
2026-09-11,10,MSTR,long,276.05401611328125,0.0,276.05401611328125
2026-09-11,10,MSTR,long,10.32220458984375,0.0,10.32220458984375
2026-09-11,10,MSTR,long,-494.3955993652344,0.0,-494.3955993652344
2026-09-11,10,MSTR,long,5.1471710205078125,0.0,5.1471710205078125
2026-09-11,10,MSTR,long,-61.677490234375,0.0,-61.677490234375
2026-09-11,10,MSTR,long,-5.14501953125,0.0,-5.14501953125
2026-09-11,10,MSTR,long,-318.0574951171875,0.0,-318.0574951171875
2026-09-11,10,MSTR,long,8.876678466796875,0.0,8.876678466796875
2026-09-11,10,MSTR,long,-433.8203125,0.0,-433.8203125
2026-09-11,10,MSTR,long,-9.9296875,0.0,-9.9296875
2026-09-11,10,MSTR,long,-56.52220153808594,0.0,-56.52220153808594
2026-09-11,10,MSTR,long,45.99592590332031,0.0,45.99592590332031
2026-09-11,10,MSTR,long,459.8968811035156,0.0,459.8968811035156
2026-09-11,10,MSTR,long,-33.21624755859375,0.0,-33.21624755859375
2026-09-11,10,MSTR,long,425.8534240722656,0.0,425.8534240722656
2026-09-11,10,MSTR,long,10.202178955078125,0.0,10.202178955078125
2026-09-11,11,MSTR,long,58.530029296875,0.0,58.530029296875
2026-09-11,11,MSTR,long,33.08624267578125,0.0,33.08624267578125
2026-09-11,11,MSTR,long,-233.68341064453125,0.0,-233.68341064453125
2026-09-11,11,MSTR,long,-5.07720947265625,0.0,-5.07720947265625
2026-09-11,11,MSTR,long,-10.16217041015625,0.0,-10.16217041015625
2026-09-11,11,MSTR,long,-25.393798828125,0.0,-25.393798828125
2026-09-11,11,MSTR,long,-12.70465087890625,0.0,-12.70465087890625
2026-09-11,11,MSTR,long,-22.85906982421875,0.0,-22.85906982421875
2026-09-11,11,MSTR,long,360.68341064453125,0.0,360.68341064453125
2026-09-11,11,MSTR,long,-35.563720703125,0.0,-35.563720703125
2026-09-11,11,MSTR,long,-66.04248046875,0.0,-66.04248046875
2026-09-11,11,MSTR,long,30.48651123046875,0.0,30.48651123046875
2026-09-11,11,MSTR,long,66.03472900390625,0.0,66.03472900390625
2026-09-11,11,MSTR,long,5.0849609375,0.0,5.0849609375
2026-09-11,11,MSTR,long,55.77030944824219,0.0,55.77030944824219
2026-09-11,11,MSTR,long,15.209381103515625,0.0,15.209381103515625
2026-09-11,11,MSTR,long,-197.33969116210938,0.0,-197.33969116210938
2026-09-11,11,MSTR,long,25.2938232421875,0.0,25.2938232421875
2026-09-11,11,MSTR,long,-93.42376708984375,0.0,-93.42376708984375
2026-09-11,11,MSTR,long,-12.621917724609375,0.0,-12.621917724609375
2026-09-11,11,MSTR,long,-272.164306640625,0.0,-272.164306640625
2026-09-11,11,MSTR,long,-25.19384765625,0.0,-25.19384765625
2026-09-11,11,MSTR,long,-939.9627685546875,0.0,-939.9627685546875
2026-09-11,11,MSTR,long,-2.5224609375,0.0,-2.5224609375
2026-09-11,12,MSTR,long,22.634078979492188,0.0,22.634078979492188
2026-09-11,12,MSTR,long,-2.5097808837890625,0.0,-2.5097808837890625
2026-09-11,12,MSTR,long,351.3984680175781,0.0,351.3984680175781
2026-09-11,12,MSTR,long,7.529693603515625,0.0,7.529693603515625
2026-09-11,12,MSTR,long,42.58836364746094,0.0,42.58836364746094
2026-09-11,12,MSTR,long,25.04388427734375,0.0,25.04388427734375
2026-09-11,12,MSTR,long,-373.2425537109375,0.0,-373.2425537109375
2026-09-11,12,MSTR,long,1.5059967041015625,0.0,1.5059967041015625
2026-09-11,12,MSTR,long,-249.00054931640625,0.0,-249.00054931640625
2026-09-11,12,MSTR,long,34.99603271484375,0.0,34.99603271484375
2026-09-11,12,MSTR,long,-5.480987548828125,0.0,-5.480987548828125
2026-09-11,12,MSTR,long,261.3998718261719,0.0,261.3998718261719
2026-09-11,12,MSTR,long,-4.5574951171875,0.0,-4.5574951171875
2026-09-11,12,MSTR,long,-22.8013916015625,0.0,-22.8013916015625
2026-09-11,12,MSTR,long,-246.2369384765625,0.0,-246.2369384765625
2026-09-11,12,MSTR,long,13.679443359375,0.0,13.679443359375
2026-09-11,12,MSTR,long,351.1636962890625,0.0,351.1636962890625
2026-09-11,12,MSTR,long,-0.041748046875,0.0,-0.041748046875
2026-09-11,12,MSTR,long,-118.564453125,0.0,-118.564453125
2026-09-11,12,MSTR,long,-4.5574951171875,0.0,-4.5574951171875
2026-09-11,12,MSTR,long,-173.2822265625,0.0,-173.2822265625
2026-09-11,12,MSTR,long,-4.5574951171875,0.0,-4.5574951171875
2026-09-11,13,MSTR,long,82.07666015625,0.0,82.07666015625
2026-09-11,13,MSTR,long,23.712890625,0.0,23.712890625
2026-09-11,13,MSTR,long,90.089111328125,0.0,90.089111328125
2026-09-11,13,MSTR,long,-13.649444580078125,0.0,-13.649444580078125
2026-09-11,13,MSTR,long,15.89166259765625,0.0,15.89166259765625
2026-09-11,13,MSTR,long,-40.85833740234375,0.0,-40.85833740234375
2026-09-11,13,MSTR,long,-163.0802764892578,0.0,-163.0802764892578
2026-09-11,13,MSTR,long,15.7598876953125,0.0,15.7598876953125
2026-09-11,13,MSTR,long,65.631591796875,0.0,65.631591796875
2026-09-11,13,MSTR,long,0.9517822265625,0.0,0.9517822265625
2026-09-11,13,MSTR,long,41.98876953125,0.0,41.98876953125
2026-09-11,13,MSTR,long,13.5594482421875,0.0,13.5594482421875
2026-09-11,13,MSTR,long,13.5594482421875,0.0,13.5594482421875
2026-09-11,13,MSTR,long,-13.5594482421875,0.0,-13.5594482421875
2026-09-11,13,MSTR,long,68.390380859375,0.0,68.390380859375
2026-09-11,13,MSTR,long,17.49072265625,0.0,17.49072265625
2026-09-11,13,MSTR,long,-228.26220703125,0.0,-228.26220703125
2026-09-11,13,MSTR,long,-6.14520263671875,0.0,-6.14520263671875
2026-09-11,13,MSTR,long,80.77044677734375,0.0,80.77044677734375
2026-09-11,13,MSTR,long,-0.0413818359375,0.0,-0.0413818359375
2026-09-11,13,MSTR,long,15.786651611328125,0.0,15.786651611328125
2026-09-11,13,MSTR,long,24.760406494140625,0.0,24.760406494140625
2026-09-11,13,MSTR,long,-288.5984344482422,0.0,-288.5984344482422
2026-09-11,13,MSTR,long,-4.5075225830078125,0.0,-4.5075225830078125
2026-09-11,14,MSTR,long,4.5075225830078125,0.0,4.5075225830078125
2026-09-11,14,MSTR,long,-13.481277465820312,0.0,-13.481277465820312
2026-09-11,14,MSTR,long,-613.408447265625,0.0,-613.408447265625
2026-09-11,14,MSTR,long,-9.021926879882812,0.0,-9.021926879882812
2026-09-11,14,MSTR,long,-144.79779052734375,0.0,-144.79779052734375
2026-09-11,14,MSTR,long,10.85955810546875,0.0,10.85955810546875
2026-09-11,14,MSTR,long,32.57867431640625,0.0,32.57867431640625
2026-09-11,14,MSTR,long,0.36456298828125,0.0,0.36456298828125
2026-09-11,14,MSTR,long,225.88543701171875,0.0,225.88543701171875
2026-09-11,14,MSTR,long,-27.148895263671875,0.0,-27.148895263671875
2026-09-11,14,MSTR,long,-170.10177612304688,0.0,-170.10177612304688
2026-09-11,14,MSTR,long,14.444427490234375,0.0,14.444427490234375
2026-09-11,14,MSTR,long,112.2191162109375,0.0,112.2191162109375
2026-09-11,14,MSTR,long,-10.85955810546875,0.0,-10.85955810546875
2026-09-11,14,MSTR,long,38.008453369140625,0.0,38.008453369140625
2026-09-11,14,MSTR,long,12.67132568359375,0.0,12.67132568359375
2026-09-11,14,MSTR,long,132.12646484375,0.0,132.12646484375
2026-09-11,14,MSTR,long,12.67132568359375,0.0,12.67132568359375
2026-09-11,14,MSTR,long,-217.20220947265625,0.0,-217.20220947265625
2026-09-11,14,MSTR,long,-16.289337158203125,0.0,-16.289337158203125
2026-09-11,14,MSTR,long,-161.08712768554688,0.0,-161.08712768554688
2026-09-11,14,MSTR,long,-9.053314208984375,0.0,-9.053314208984375
2026-09-11,14,MSTR,long,-128.15345764160156,0.0,-128.15345764160156
2026-09-11,14,MSTR,long,18.051101684570312,0.0,18.051101684570312
2026-09-11,15,MSTR,long,183.5980224609375,0.0,183.5980224609375
2026-09-11,15,MSTR,long,-3.5980224609375,0.0,-3.5980224609375
2026-09-11,15,MSTR,long,171.002197265625,0.0,171.002197265625
2026-09-11,15,MSTR,long,22.928466796875,0.0,22.928466796875
2026-09-11,15,MSTR,long,-28.255035400390625,0.0,-28.255035400390625
2026-09-11,15,MSTR,long,-161.5489044189453,0.0,-161.5489044189453
2026-09-11,15,MSTR,long,5.3847808837890625,0.0,5.3847808837890625
2026-09-11,15,MSTR,long,-134.25,0.0,-134.25
2026-09-11,15,MSTR,long,-1.786285400390625,0.0,-1.786285400390625
2026-09-11,15,MSTR,long,134.25,0.0,134.25
2026-09-11,15,MSTR,long,-3.545257568359375,0.0,-3.545257568359375
2026-09-11,15,MSTR,long,-117.84878540039062,0.0,-117.84878540039062
2026-09-11,15,MSTR,long,-21.41912841796875,0.0,-21.41912841796875
2026-09-11,15,MSTR,long,28.48065185546875,0.0,28.48065185546875
2026-09-11,15,MSTR,long,-3.55804443359375,0.0,-3.55804443359375
2026-09-11,15,MSTR,long,46.27630615234375,0.0,46.27630615234375
2026-09-11,15,MSTR,long,-7.1160888671875,0.0,-7.1160888671875
2026-09-11,15,MSTR,long,72.77565002441406,0.0,72.77565002441406
2026-09-11,15,MSTR,long,5.3247833251953125,0.0,5.3247833251953125
2026-09-11,15,MSTR,long,141.99783325195312,0.0,141.99783325195312
2026-09-11,15,MSTR,long,-14.197616577148438,0.0,-14.197616577148438
2026-09-11,15,MSTR,long,-216.5502166748047,0.0,-216.5502166748047
2026-09-11,15,MSTR,long,14.197616577148438,0.0,14.197616577148438
2026-09-08,9,NVDA,short,231.0,0.0,231.0
2026-09-08,9,NVDA,short,-1.501556396484375,0.0,-1.501556396484375
2026-09-08,9,NVDA,short,242.89613342285156,0.0,242.89613342285156
2026-09-08,9,NVDA,short,-3.4648590087890625,0.0,-3.4648590087890625
2026-09-08,9,NVDA,short,-64.17987060546875,0.0,-64.17987060546875
2026-09-08,9,NVDA,short,2.6594696044921875,0.0,2.6594696044921875
2026-09-08,9,NVDA,short,76.23480224609375,0.0,76.23480224609375
2026-09-08,9,NVDA,short,-2.724334716796875,0.0,-2.724334716796875
2026-09-08,10,NVDA,short,10.67047119140625,0.0,10.67047119140625
2026-09-08,10,NVDA,short,-0.95086669921875,0.0,-0.95086669921875
2026-09-08,10,NVDA,short,140.40032958984375,0.0,140.40032958984375
2026-09-08,10,NVDA,short,1.944580078125,0.0,1.944580078125
2026-09-08,10,NVDA,short,-104.830322265625,0.0,-104.830322265625
2026-09-08,10,NVDA,short,1.374664306640625,0.0,1.374664306640625
2026-09-08,10,NVDA,short,77.59696960449219,0.0,77.59696960449219
2026-09-08,10,NVDA,short,-2.1139373779296875,0.0,-2.1139373779296875
2026-09-08,10,NVDA,short,36.70806884765625,0.0,36.70806884765625
2026-09-08,10,NVDA,short,-1.6083984375,0.0,-1.6083984375
2026-09-08,10,NVDA,short,18.725326538085938,0.0,18.725326538085938
2026-09-08,10,NVDA,short,1.0694122314453125,0.0,1.0694122314453125
2026-09-08,10,NVDA,short,6.1732025146484375,0.0,6.1732025146484375
2026-09-08,10,NVDA,short,-1.8939208984375,0.0,-1.8939208984375
2026-09-08,10,NVDA,short,26.75,0.0,26.75
2026-09-08,10,NVDA,short,-1.0694122314453125,0.0,-1.0694122314453125
2026-09-08,10,NVDA,short,49.82012939453125,0.0,49.82012939453125
2026-09-08,10,NVDA,short,1.059417724609375,0.0,1.059417724609375
2026-09-08,10,NVDA,short,-20.999679565429688,0.0,-20.999679565429688
2026-09-08,10,NVDA,short,26.25,0.0,26.25
2026-09-08,10,NVDA,short,1.051025390625,0.0,1.051025390625
2026-09-08,10,NVDA,short,7.3204345703125,0.0,7.3204345703125
2026-09-08,10,NVDA,short,0.479248046875,0.0,0.479248046875
2026-09-08,11,NVDA,short,5.1503143310546875,0.0,5.1503143310546875
2026-09-08,11,NVDA,short,-0.5155029296875,0.0,-0.5155029296875
2026-09-08,11,NVDA,short,1.0294342041015625,0.0,1.0294342041015625
2026-09-08,11,NVDA,short,-16.994308471679688,0.0,-16.994308471679688
2026-09-08,11,NVDA,short,-0.5155029296875,0.0,-0.5155029296875
2026-09-08,11,NVDA,short,-16.48980712890625,0.0,-16.48980712890625
2026-09-08,11,NVDA,short,-0.9885711669921875,0.0,-0.9885711669921875
2026-09-08,11,NVDA,short,29.837875366210938,0.0,29.837875366210938
2026-09-08,11,NVDA,short,9.271194458007812,0.0,9.271194458007812
2026-09-08,11,NVDA,short,0.122589111328125,0.0,0.122589111328125
2026-09-08,11,NVDA,short,14.158538818359375,0.0,14.158538818359375
2026-09-08,11,NVDA,short,-0.163421630859375,0.0,-0.163421630859375
2026-09-08,11,NVDA,short,18.341079711914062,0.0,18.341079711914062
2026-09-08,11,NVDA,short,0.0508575439453125,0.0,0.0508575439453125
2026-09-08,11,NVDA,short,2.9790191650390625,0.0,2.9790191650390625
2026-09-08,11,NVDA,short,-0.5039520263671875,0.0,-0.5039520263671875
2026-09-08,11,NVDA,short,-24.9603271484375,0.0,-24.9603271484375
2026-09-08,11,NVDA,short,-0.5401611328125,0.0,-0.5401611328125
2026-09-08,11,NVDA,short,28.77044677734375,0.0,28.77044677734375
2026-09-08,11,NVDA,short,-0.77056884765625,0.0,-0.77056884765625
2026-09-08,11,NVDA,short,28.01055908203125,0.0,28.01055908203125
2026-09-08,12,NVDA,short,9.98992919921875,0.0,9.98992919921875
2026-09-08,12,NVDA,short,-1.0009765625,0.0,-1.0009765625
2026-09-08,12,NVDA,short,9.00115966796875,0.0,9.00115966796875
2026-09-08,12,NVDA,short,-1.0009765625,0.0,-1.0009765625
2026-09-08,12,NVDA,short,27.50091552734375,0.0,27.50091552734375
2026-09-08,12,NVDA,short,-0.45013427734375,0.0,-0.45013427734375
2026-09-08,12,NVDA,short,-13.27056884765625,0.0,-13.27056884765625
2026-09-08,12,NVDA,short,-0.77972412109375,0.0,-0.77972412109375
2026-09-08,12,NVDA,short,16.99981689453125,0.0,16.99981689453125
2026-09-08,12,NVDA,short,-7.9201812744140625,0.0,-7.9201812744140625
2026-09-08,12,NVDA,short,30.68975830078125,0.0,30.68975830078125
2026-09-08,12,NVDA,short,-0.9894561767578125,0.0,-0.9894561767578125
2026-09-08,12,NVDA,short,0.979461669921875,0.0,0.979461669921875
2026-09-08,12,NVDA,short,0.98095703125,0.0,0.98095703125
2026-09-08,12,NVDA,short,-36.8604736328125,0.0,-36.8604736328125
2026-09-08,12,NVDA,short,-0.02960205078125,0.0,-0.02960205078125
2026-09-08,12,NVDA,short,19.22900390625,0.0,19.22900390625
2026-09-08,12,NVDA,short,-0.95947265625,0.0,-0.95947265625
2026-09-08,12,NVDA,short,-16.149826049804688,0.0,-16.149826049804688
2026-09-08,12,NVDA,short,1.70111083984375,0.0,1.70111083984375
2026-09-08,12,NVDA,short,-0.761627197265625,0.0,-0.761627197265625
2026-09-08,13,NVDA,short,23.25,0.0,23.25
2026-09-08,13,NVDA,short,-49.2203369140625,0.0,-49.2203369140625
2026-09-08,13,NVDA,short,-0.19232177734375,0.0,-0.19232177734375
2026-09-08,13,NVDA,short,27.95428466796875,0.0,27.95428466796875
2026-09-08,13,NVDA,short,0.9011688232421875,0.0,0.9011688232421875
2026-09-08,13,NVDA,short,-9.6295166015625,0.0,-9.6295166015625
2026-09-08,13,NVDA,short,0.026092529296875,0.0,0.026092529296875
2026-09-08,13,NVDA,short,-6.07855224609375,0.0,-6.07855224609375
2026-09-08,13,NVDA,short,-0.4440765380859375,0.0,-0.4440765380859375
2026-09-08,13,NVDA,short,34.72760009765625,0.0,34.72760009765625
2026-09-08,13,NVDA,short,0.426422119140625,0.0,0.426422119140625
2026-09-08,13,NVDA,short,9.345977783203125,0.0,9.345977783203125
2026-09-08,13,NVDA,short,-1.7803802490234375,0.0,-1.7803802490234375
2026-09-08,13,NVDA,short,-24.919891357421875,0.0,-24.919891357421875
2026-09-08,13,NVDA,short,0.4440765380859375,0.0,0.4440765380859375
2026-09-08,13,NVDA,short,-16.32275390625,0.0,-16.32275390625
2026-09-08,13,NVDA,short,-0.3961181640625,0.0,-0.3961181640625
2026-09-08,13,NVDA,short,20.879150390625,0.0,20.879150390625
2026-09-08,13,NVDA,short,-0.26019287109375,0.0,-0.26019287109375
2026-09-08,13,NVDA,short,-8.772430419921875,0.0,-8.772430419921875
2026-09-08,13,NVDA,short,0.859527587890625,0.0,0.859527587890625
2026-09-08,13,NVDA,short,-9.357833862304688,0.0,-9.357833862304688
2026-09-08,13,NVDA,short,-0.8417510986328125,0.0,-0.8417510986328125
2026-09-08,14,NVDA,short,28.9801025390625,0.0,28.9801025390625
2026-09-08,14,NVDA,short,-0.10125732421875,0.0,-0.10125732421875
2026-09-08,14,NVDA,short,-9.859542846679688,0.0,-9.859542846679688
2026-09-08,14,NVDA,short,-0.4154052734375,0.0,-0.4154052734375
2026-09-08,14,NVDA,short,-5.81060791015625,0.0,-5.81060791015625
2026-09-08,14,NVDA,short,-0.4141387939453125,0.0,-0.4141387939453125
2026-09-08,14,NVDA,short,6.560150146484375,0.0,6.560150146484375
2026-09-08,14,NVDA,short,-0.410400390625,0.0,-0.410400390625
2026-09-08,14,NVDA,short,-5.7406005859375,0.0,-5.7406005859375
2026-09-08,14,NVDA,short,-0.819549560546875,0.0,-0.819549560546875
2026-09-08,14,NVDA,short,4.9197998046875,0.0,4.9197998046875
2026-09-08,14,NVDA,short,0.410400390625,0.0,0.410400390625
2026-09-08,14,NVDA,short,-14.175247192382812,0.0,-14.175247192382812
2026-09-08,14,NVDA,short,-5.2001953125,0.0,-5.2001953125
2026-09-08,14,NVDA,short,3.84033203125,0.0,3.84033203125
2026-09-08,14,NVDA,short,0.5517578125,0.0,0.5517578125
2026-09-08,14,NVDA,short,-9.59228515625,0.0,-9.59228515625
2026-09-08,14,NVDA,short,0.400390625,0.0,0.400390625
2026-09-08,14,NVDA,short,51.280517578125,0.0,51.280517578125
2026-09-08,14,NVDA,short,-1.280517578125,0.0,-1.280517578125
2026-09-08,14,NVDA,short,-26.2593994140625,0.0,-26.2593994140625
2026-09-08,14,NVDA,short,0.9800262451171875,0.0,0.9800262451171875
2026-09-08,15,NVDA,short,17.774276733398438,0.0,17.774276733398438
2026-09-08,15,NVDA,short,-0.3941802978515625,0.0,-0.3941802978515625
2026-09-08,15,NVDA,short,9.4796142578125,0.0,9.4796142578125
2026-09-08,15,NVDA,short,-0.7823333740234375,0.0,-0.7823333740234375
2026-09-08,15,NVDA,short,3.941802978515625,0.0,3.941802978515625
2026-09-08,15,NVDA,short,0.790771484375,0.0,0.790771484375
2026-09-08,15,NVDA,short,-3.12066650390625,0.0,-3.12066650390625
2026-09-08,15,NVDA,short,-0.389190673828125,0.0,-0.389190673828125
2026-09-08,15,NVDA,short,15.00616455078125,0.0,15.00616455078125
2026-09-08,15,NVDA,short,0.0082244873046875,0.0,0.0082244873046875
2026-09-08,15,NVDA,short,-9.625,0.0,-9.625
2026-09-08,15,NVDA,short,-0.3853759765625,0.0,-0.3853759765625
2026-09-08,15,NVDA,short,-4.559814453125,0.0,-4.559814453125
2026-09-08,15,NVDA,short,-20.8995361328125,0.0,-20.8995361328125
2026-09-08,15,NVDA,short,0.37921142578125,0.0,0.37921142578125
2026-09-08,15,NVDA,short,-0.75958251953125,0.0,-0.75958251953125
2026-09-08,15,NVDA,short,19.38037109375,0.0,19.38037109375
2026-09-08,15,NVDA,short,-0.38037109375,0.0,-0.38037109375
2026-09-08,15,NVDA,short,9.7503662109375,0.0,9.7503662109375
2026-09-08,15,NVDA,short,-0.750732421875,0.0,-0.750732421875
2026-09-08,15,NVDA,short,37.5,0.0,37.5
2026-09-08,15,NVDA,short,-0.7495880126953125,0.0,-0.7495880126953125
2026-09-11,10,NVDA,short,-0.628509521484375,0.0,-0.628509521484375
2026-09-11,10,NVDA,short,0.058502197265625,0.0,0.058502197265625
2026-09-11,10,NVDA,short,1.035003662109375,0.0,1.035003662109375
2026-09-11,11,NVDA,short,0.464996337890625,0.0,0.464996337890625
2026-09-11,11,NVDA,short,0.0600128173828125,0.0,0.0600128173828125
2026-09-11,11,NVDA,short,-1.260009765625,0.0,-1.260009765625
2026-09-11,11,NVDA,short,-0.1199951171875,0.0,-0.1199951171875
2026-09-11,11,NVDA,short,-0.006011962890625,0.0,-0.006011962890625
2026-09-11,11,NVDA,short,0.3624114990234375,0.0,0.3624114990234375
2026-09-11,11,NVDA,short,-0.0177001953125,0.0,-0.0177001953125
2026-09-08,9,TSLA,long,0.0,8.675759765625,-8.675759765625
2026-09-08,9,MSTR,long,0.0,11.887679946899414,-11.887679946899414
2026-09-08,9,NVDA,short,0.0,26.774054718017577,-26.774054718017577
2026-09-08,9,TSLA,long,0.0,8.624039794921876,-8.624039794921876
2026-09-08,9,MSTR,long,0.0,8.932234680175782,-8.932234680175782
2026-09-08,9,NVDA,short,0.0,14.01657992553711,-14.01657992553711
2026-09-08,9,MSTR,long,0.0,14.225040252685547,-14.225040252685547
2026-09-08,9,MSTR,long,0.0,0.06871749877929688,-0.06871749877929688
2026-09-08,9,NVDA,short,0.0,0.11483499908447266,-0.11483499908447266
2026-09-08,9,MSTR,long,0.0,0.06866000366210938,-0.06866000366210938
2026-09-08,10,MSTR,long,0.0,0.06923000335693359,-0.06923000335693359
2026-09-08,10,NVDA,short,0.0,0.22826199340820313,-0.22826199340820313
2026-09-08,10,MSTR,long,0.0,0.0688949966430664,-0.0688949966430664
2026-09-08,10,NVDA,short,0.0,0.11460124969482421,-0.11460124969482421
2026-09-08,10,MSTR,long,0.0,0.0688499984741211,-0.0688499984741211
2026-09-08,10,NVDA,short,0.0,0.11425499725341796,-0.11425499725341796
2026-09-08,10,MSTR,long,0.0,0.06932749938964844,-0.06932749938964844
2026-09-08,10,NVDA,short,0.0,0.11409249877929688,-0.11409249877929688
2026-09-08,10,TSLA,long,0.0,0.3618598937988281,-0.3618598937988281
2026-09-08,10,MSTR,long,0.0,6.321314666748047,-6.321314666748047
2026-09-08,10,TSLA,long,0.0,0.18223515319824218,-0.18223515319824218
2026-09-08,10,MSTR,long,0.0,0.06930249786376953,-0.06930249786376953
2026-09-08,10,NVDA,short,0.0,0.11386000061035156,-0.11386000061035156
2026-09-08,10,TSLA,long,0.0,0.18226249694824218,-0.18226249694824218
2026-09-08,10,MSTR,long,0.0,0.06902999877929687,-0.06902999877929687
2026-09-08,10,NVDA,short,0.0,0.11362000274658203,-0.11362000274658203
2026-09-08,10,MSTR,long,0.0,0.06880000305175782,-0.06880000305175782
2026-09-08,10,MSTR,long,0.0,0.06908999633789062,-0.06908999633789062
2026-09-08,10,NVDA,short,0.0,0.11358999633789063,-0.11358999633789063
2026-09-08,10,MSTR,long,0.0,0.0688375015258789,-0.0688375015258789
2026-09-08,10,NVDA,short,0.0,0.11355249786376953,-0.11355249786376953
2026-09-08,11,MSTR,long,0.0,0.069,-0.069
2026-09-08,11,MSTR,long,0.0,0.06879000091552734,-0.06879000091552734
2026-09-08,11,NVDA,short,0.0,0.11350440216064453,-0.11350440216064453
2026-09-08,11,MSTR,long,0.0,0.06861499786376953,-0.06861499786376953
2026-09-08,11,NVDA,short,0.0,0.11343579864501953,-0.11343579864501953
2026-09-08,11,MSTR,long,0.0,0.06892500305175782,-0.06892500305175782
2026-09-08,11,SNDK,short,0.0,5.38793994140625,-5.38793994140625
2026-09-08,11,MSTR,long,0.0,0.06891000366210938,-0.06891000366210938
2026-09-08,11,NVDA,short,0.0,0.11333249664306641,-0.11333249664306641
2026-09-08,11,MSTR,long,0.0,0.06904000091552734,-0.06904000091552734
2026-09-08,11,SNDK,short,0.0,0.9015250244140625,-0.9015250244140625
2026-09-08,11,SNDK,short,0.0,0.9024949951171874,-0.9024949951171874
2026-09-08,12,MSTR,long,0.0,0.06961499786376953,-0.06961499786376953
2026-09-08,12,SNDK,short,0.0,0.899530029296875,-0.899530029296875
2026-09-08,12,SNDK,short,0.0,0.8998499755859375,-0.8998499755859375
2026-09-08,12,MSTR,long,0.0,0.06916500091552734,-0.06916500091552734
2026-09-08,12,SNDK,short,0.0,0.898510009765625,-0.898510009765625
2026-09-08,12,MSTR,long,0.0,0.06882499694824219,-0.06882499694824219
2026-09-08,12,SNDK,short,0.0,0.8981649780273437,-0.8981649780273437
2026-09-08,12,NVDA,short,0.0,0.11294499969482422,-0.11294499969482422
2026-09-08,12,MSTR,long,0.0,0.06871499633789062,-0.06871499633789062
2026-09-08,12,NVDA,short,0.0,0.11283499908447266,-0.11283499908447266
2026-09-08,12,MSTR,long,0.0,0.06887000274658203,-0.06887000274658203
2026-09-08,12,NVDA,short,0.0,0.11282499694824219,-0.11282499694824219
2026-09-08,12,MSTR,long,0.0,0.06929000091552734,-0.06929000091552734
2026-09-08,12,NVDA,short,0.0,0.11301515197753906,-0.11301515197753906
2026-09-08,12,MSTR,long,0.0,0.06918000030517578,-0.06918000030517578
2026-09-08,12,NVDA,short,0.0,0.11291999816894531,-0.11291999816894531
2026-09-08,12,NVDA,short,0.0,0.11300499725341796,-0.11300499725341796
2026-09-08,12,NVDA,short,0.0,0.113,-0.113
2026-09-08,13,MSTR,long,0.0,0.0687125015258789,-0.0687125015258789
2026-09-08,13,NVDA,short,0.0,0.112875,-0.112875
2026-09-08,13,NVDA,short,0.0,0.11314354705810546,-0.11314354705810546
2026-09-08,13,MSTR,long,0.0,0.06875,-0.06875
2026-09-08,13,NVDA,short,0.0,0.11298500061035156,-0.11298500061035156
2026-09-08,13,NVDA,short,0.0,0.1130383529663086,-0.1130383529663086
2026-09-08,13,SNDK,long,0.0,8.919069213867187,-8.919069213867187
2026-09-08,13,MSTR,long,0.0,3.5627799682617187,-3.5627799682617187
2026-09-08,13,SNDK,long,0.0,0.8924774780273438,-0.8924774780273438
2026-09-08,13,NVDA,short,0.0,0.11297250366210937,-0.11297250366210937
2026-09-08,13,SNDK,long,0.0,0.8917490234375,-0.8917490234375
2026-09-08,13,MSTR,long,0.0,0.06868499755859375,-0.06868499755859375
2026-09-08,13,NVDA,short,0.0,0.11306749725341797,-0.11306749725341797
2026-09-08,13,SNDK,long,0.0,0.89275,-0.89275
2026-09-08,13,NVDA,short,0.0,0.11294899749755859,-0.11294899749755859
2026-09-08,13,SNDK,long,0.0,1.78706005859375,-1.78706005859375
2026-09-08,13,MSTR,long,0.0,0.06857499694824219,-0.06857499694824219
2026-09-08,13,NVDA,short,0.0,0.11299500274658203,-0.11299500274658203
2026-09-08,13,SNDK,long,0.0,0.8956849975585938,-0.8956849975585938
2026-09-08,13,MSTR,long,0.0,0.06873500061035157,-0.06873500061035157
2026-09-08,13,NVDA,short,0.0,0.11305500030517578,-0.11305500030517578
2026-09-08,14,SNDK,long,0.0,0.894469970703125,-0.894469970703125
2026-09-08,14,MSTR,long,0.0,0.06859500122070313,-0.06859500122070313
2026-09-08,14,NVDA,short,0.0,0.11288310241699219,-0.11288310241699219
2026-09-08,14,SNDK,long,0.0,0.89718798828125,-0.89718798828125
2026-09-08,14,MSTR,long,0.0,0.06894499969482422,-0.06894499969482422
2026-09-08,14,NVDA,short,0.0,0.11298249816894532,-0.11298249816894532
2026-09-08,14,SNDK,long,0.0,0.8983499755859375,-0.8983499755859375
2026-09-08,14,MSTR,long,0.0,0.0689749984741211,-0.0689749984741211
2026-09-08,14,SNDK,long,0.0,0.8975,-0.8975
2026-09-08,14,MSTR,long,0.0,0.06898000335693359,-0.06898000335693359
2026-09-08,14,NVDA,short,0.0,0.11295249938964844,-0.11295249938964844
2026-09-08,14,NVDA,short,0.0,0.11304000091552735,-0.11304000091552735
2026-09-08,14,NVDA,short,0.0,0.11279000091552735,-0.11279000091552735
2026-09-08,15,MSTR,long,0.0,0.0683541030883789,-0.0683541030883789
2026-09-08,15,NVDA,short,0.0,0.11275499725341796,-0.11275499725341796
2026-09-08,15,SNDK,long,0.0,0.88925,-0.88925
2026-09-08,15,SNDK,long,0.0,0.8902999877929687,-0.8902999877929687
2026-09-08,15,MSTR,long,0.0,2.2567050704956055,-2.2567050704956055
2026-09-08,15,NVDA,short,0.0,0.11277749633789062,-0.11277749633789062
2026-09-08,15,MSTR,long,0.0,0.06828500366210938,-0.06828500366210938
2026-09-08,15,NVDA,short,0.0,0.11274500274658203,-0.11274500274658203
2026-09-08,15,SNDK,long,0.0,8.854849853515624,-8.854849853515624
2026-09-08,15,SNDK,long,0.0,2.639774963378906,-2.639774963378906
2026-09-08,15,NVDA,short,0.0,0.11279000091552735,-0.11279000091552735
2026-09-08,15,SNDK,long,0.0,1.751469970703125,-1.751469970703125
2026-09-08,15,MSTR,long,0.0,5.878530288696289,-5.878530288696289
2026-09-08,15,SNDK,long,0.0,10.47180029296875,-10.47180029296875
2026-09-08,15,SNDK,long,0.0,23.492430725097655,-23.492430725097655
2026-09-08,15,MSTR,long,0.0,14.829779205322266,-14.829779205322266
2026-09-08,15,NVDA,short,0.0,8.436375045776368,-8.436375045776368
2026-09-09,9,SNDK,short,0.0,33.83945068359375,-33.83945068359375
2026-09-09,9,MSTR,long,0.0,13.495600112915039,-13.495600112915039
2026-09-09,9,SNDK,short,0.0,12.123230102539063,-12.123230102539063
2026-09-09,9,MSTR,long,0.0,1.7325624465942382,-1.7325624465942382
2026-09-09,9,SNDK,short,0.0,1.736969970703125,-1.736969970703125
2026-09-09,9,MSTR,long,0.0,11.86025112915039,-11.86025112915039
2026-09-09,9,SNDK,short,0.0,12.267675170898437,-12.267675170898437
2026-09-09,9,TSLA,long,0.0,11.950220703125,-11.950220703125
2026-09-09,9,TSLA,long,0.0,1.114169677734375,-1.114169677734375
2026-09-09,9,MSTR,long,0.0,0.06832250213623046,-0.06832250213623046
2026-09-09,9,SNDK,short,0.0,7.983247741699219,-7.983247741699219
2026-09-09,9,SNDK,long,0.0,8.870275268554687,-8.870275268554687
2026-09-09,10,MSTR,long,0.0,0.8217600402832032,-0.8217600402832032
2026-09-09,10,SNDK,long,0.0,0.8963099365234375,-0.8963099365234375
2026-09-09,10,TSLA,long,0.0,0.18560000610351562,-0.18560000610351562
2026-09-09,10,SNDK,long,0.0,0.89870751953125,-0.89870751953125
2026-09-09,10,TSLA,long,0.0,0.18599000549316405,-0.18599000549316405
2026-09-09,10,MSTR,long,0.0,0.06809249877929688,-0.06809249877929688
2026-09-09,10,SNDK,long,0.0,0.9004324951171875,-0.9004324951171875
2026-09-09,10,MSTR,long,0.0,0.06815499877929687,-0.06815499877929687
2026-09-09,10,MSTR,long,0.0,0.06786250305175781,-0.06786250305175781
2026-09-09,10,SNDK,long,0.0,5.320034912109375,-5.320034912109375
2026-09-09,10,TSLA,long,0.0,0.18543499755859374,-0.18543499755859374
2026-09-09,10,SNDK,long,0.0,2.6775,-2.6775
2026-09-09,10,SNDK,short,0.0,1.785,-1.785
2026-09-09,10,MSTR,long,0.0,8.888744842529297,-8.888744842529297
2026-09-09,10,TSLA,long,0.0,0.18639999389648437,-0.18639999389648437
2026-09-09,10,MSTR,long,0.0,8.054279571533202,-8.054279571533202
2026-09-09,10,SNDK,short,0.0,8.060416259765624,-8.060416259765624
2026-09-09,10,TSLA,long,0.0,0.18585699462890626,-0.18585699462890626
2026-09-09,10,SNDK,short,0.0,0.895322509765625,-0.895322509765625
2026-09-09,10,MSTR,long,0.0,0.06816000366210938,-0.06816000366210938
2026-09-09,10,SNDK,short,0.0,0.895,-0.895
2026-09-09,10,TSLA,long,0.0,0.1866199951171875,-0.1866199951171875
2026-09-09,10,SNDK,short,0.0,0.89177001953125,-0.89177001953125
2026-09-09,11,TSLA,long,0.0,0.18565499877929686,-0.18565499877929686
2026-09-09,11,MSTR,long,0.0,0.06745999908447266,-0.06745999908447266
2026-09-09,11,SNDK,short,0.0,0.8958049926757813,-0.8958049926757813
2026-09-09,11,TSLA,long,0.0,0.18455999755859376,-0.18455999755859376
2026-09-09,11,MSTR,long,0.0,0.06732499694824219,-0.06732499694824219
2026-09-09,11,SNDK,short,0.0,0.892,-0.892
2026-09-09,11,MSTR,long,0.0,2.144159912109375,-2.144159912109375
2026-09-09,11,MSTR,long,0.0,0.06702999877929687,-0.06702999877929687
2026-09-09,11,SNDK,short,0.0,0.8967849731445312,-0.8967849731445312
2026-09-09,11,TSLA,long,0.0,0.1837449951171875,-0.1837449951171875
2026-09-09,11,SNDK,short,0.0,0.8868223266601563,-0.8868223266601563
2026-09-09,11,TSLA,long,0.0,0.18433749389648438,-0.18433749389648438
2026-09-09,11,TSLA,long,0.0,0.1846824951171875,-0.1846824951171875
2026-09-09,11,SNDK,short,0.0,0.8860700073242187,-0.8860700073242187
2026-09-09,11,SNDK,short,0.0,0.8874000244140625,-0.8874000244140625
2026-09-09,11,TSLA,long,0.0,0.1850843048095703,-0.1850843048095703
2026-09-09,11,MSTR,long,0.0,0.06730750274658204,-0.06730750274658204
2026-09-09,11,TSLA,long,0.0,0.18512249755859375,-0.18512249755859375
2026-09-09,11,SNDK,short,0.0,1.766300048828125,-1.766300048828125
2026-09-09,11,MSTR,long,0.0,0.0672249984741211,-0.0672249984741211
2026-09-09,12,MSTR,long,0.0,0.06710500335693359,-0.06710500335693359
2026-09-09,12,TSLA,long,0.0,0.18534144592285157,-0.18534144592285157
2026-09-09,12,SNDK,long,0.0,3.536800048828125,-3.536800048828125
2026-09-09,12,SNDK,long,0.0,0.8828200073242187,-0.8828200073242187
2026-09-09,12,TSLA,long,0.0,0.18530499267578124,-0.18530499267578124
2026-09-09,12,MSTR,long,0.0,0.06727500152587891,-0.06727500152587891
2026-09-09,12,MSTR,long,0.0,0.06713999938964844,-0.06713999938964844
2026-09-09,12,SNDK,long,0.0,0.8892474975585938,-0.8892474975585938
2026-09-09,12,TSLA,long,0.0,0.18456500244140625,-0.18456500244140625
2026-09-09,12,MSTR,long,0.0,0.0673499984741211,-0.0673499984741211
2026-09-09,12,SNDK,long,0.0,0.8898499755859375,-0.8898499755859375
2026-09-09,12,MSTR,long,0.0,0.06730500030517578,-0.06730500030517578
2026-09-09,12,SNDK,long,0.0,0.889802490234375,-0.889802490234375
2026-09-09,12,TSLA,long,0.0,0.18452749633789062,-0.18452749633789062
2026-09-09,12,MSTR,long,0.0,0.0672699966430664,-0.0672699966430664
2026-09-09,13,TSLA,long,0.0,0.18440499877929686,-0.18440499877929686
2026-09-09,13,MSTR,long,0.0,0.06730500030517578,-0.06730500030517578
2026-09-09,13,TSLA,long,0.0,0.18422250366210938,-0.18422250366210938
2026-09-09,13,MSTR,long,0.0,0.06719999694824219,-0.06719999694824219
2026-09-09,13,TSLA,long,0.0,0.18422500610351564,-0.18422500610351564
2026-09-09,13,MSTR,long,0.0,0.06723500061035156,-0.06723500061035156
2026-09-09,13,TSLA,long,0.0,0.18426499938964844,-0.18426499938964844
2026-09-09,13,TSLA,long,0.0,0.18417500305175782,-0.18417500305175782
2026-09-09,13,MSTR,long,0.0,0.06749005126953125,-0.06749005126953125
2026-09-09,13,TSLA,long,0.0,0.18402749633789062,-0.18402749633789062
2026-09-09,13,MSTR,long,0.0,0.06770249938964844,-0.06770249938964844
2026-09-09,13,TSLA,long,0.0,0.18406500244140625,-0.18406500244140625
2026-09-09,13,MSTR,long,0.0,0.06779499816894531,-0.06779499816894531
2026-09-09,13,TSLA,long,0.0,0.18455250549316407,-0.18455250549316407
2026-09-09,13,MSTR,long,0.0,0.06758499908447266,-0.06758499908447266
2026-09-09,13,TSLA,long,0.0,0.1844324951171875,-0.1844324951171875
2026-09-09,13,TSLA,long,0.0,0.18431500244140625,-0.18431500244140625
2026-09-09,13,MSTR,long,0.0,0.06750005340576172,-0.06750005340576172
2026-09-09,14,MSTR,long,0.0,0.06757499694824219,-0.06757499694824219
2026-09-09,14,TSLA,long,0.0,0.18408999633789064,-0.18408999633789064
2026-09-09,14,TSLA,long,0.0,0.1841699981689453,-0.1841699981689453
2026-09-09,14,TSLA,long,0.0,0.18440499877929686,-0.18440499877929686
2026-09-09,14,MSTR,long,0.0,0.06707499694824219,-0.06707499694824219
2026-09-09,14,MSTR,long,0.0,0.0670999984741211,-0.0670999984741211
2026-09-09,14,TSLA,long,0.0,0.18492234802246094,-0.18492234802246094
2026-09-09,14,MSTR,long,0.0,1.611840087890625,-1.611840087890625
2026-09-09,14,TSLA,long,0.0,0.18467750549316406,-0.18467750549316406
2026-09-09,14,TSLA,long,0.0,0.18443499755859374,-0.18443499755859374
2026-09-09,14,TSLA,long,0.0,0.18418499755859374,-0.18418499755859374
2026-09-09,15,TSLA,long,0.0,0.18450799560546874,-0.18450799560546874
2026-09-09,15,MSTR,long,0.0,0.06667749786376953,-0.06667749786376953
2026-09-09,15,SNDK,long,0.0,1.7595350341796876,-1.7595350341796876
2026-09-09,15,TSLA,long,0.0,0.1844600067138672,-0.1844600067138672
2026-09-09,15,TSLA,long,0.0,0.18446749877929688,-0.18446749877929688
2026-09-09,15,SNDK,long,0.0,0.874,-0.874
2026-09-09,15,TSLA,long,0.0,0.1847449951171875,-0.1847449951171875
2026-09-09,15,MSTR,long,0.0,0.0668800506591797,-0.0668800506591797
2026-09-09,15,MSTR,long,0.0,0.06687525177001953,-0.06687525177001953
2026-09-09,15,MSTR,long,0.0,0.06726730346679688,-0.06726730346679688
2026-09-09,15,SNDK,long,0.0,7.888814758300781,-7.888814758300781
2026-09-09,15,MSTR,long,0.0,0.0671800537109375,-0.0671800537109375
2026-09-09,15,TSLA,long,0.0,0.18457749938964843,-0.18457749938964843
2026-09-09,15,MSTR,long,0.0,19.491180976867675,-19.491180976867675
2026-09-09,15,SNDK,long,0.0,0.8817045288085937,-0.8817045288085937
2026-09-09,15,TSLA,long,0.0,0.18435000610351562,-0.18435000610351562
2026-09-09,15,MSTR,long,0.0,0.06672000122070312,-0.06672000122070312
2026-09-09,15,TSLA,long,0.0,0.18455499267578124,-0.18455499267578124
2026-09-09,15,SNDK,long,0.0,7.939125,-7.939125
2026-09-09,15,TSLA,long,0.0,3.127830093383789,-3.127830093383789
2026-09-09,15,MSTR,long,0.0,0.7330399932861328,-0.7330399932861328
2026-09-10,9,SNDK,short,0.0,33.84800048828125,-33.84800048828125
2026-09-10,9,MSTR,long,0.0,12.226499710083008,-12.226499710083008
2026-09-10,9,SNDK,short,0.0,13.655759765625,-13.655759765625
2026-09-10,9,MSTR,long,0.0,13.292199249267577,-13.292199249267577
2026-09-10,9,MSTR,long,0.0,0.06463500213623047,-0.06463500213623047
2026-09-10,9,SNDK,short,0.0,5.967605102539062,-5.967605102539062
2026-09-10,9,TSLA,short,0.0,5.298147689819336,-5.298147689819336
2026-09-10,9,SNDK,short,0.0,1.703625,-1.703625
2026-09-10,9,TSLA,short,0.0,0.18318499755859374,-0.18318499755859374
2026-09-10,9,MSTR,long,0.0,0.06505000305175782,-0.06505000305175782
2026-09-10,9,SNDK,short,0.0,0.8472907104492188,-0.8472907104492188
2026-09-10,9,TSLA,short,0.0,5.129320068359375,-5.129320068359375
2026-09-10,9,TSLA,long,0.0,7.877170104980468,-7.877170104980468
2026-09-10,10,MSTR,long,0.0,0.06527500152587891,-0.06527500152587891
2026-09-10,10,SNDK,short,0.0,0.845,-0.845
2026-09-10,10,MSTR,long,0.0,0.06573500061035156,-0.06573500061035156
2026-09-10,10,SNDK,short,0.0,0.849,-0.849
2026-09-10,10,SNDK,short,0.0,0.84875,-0.84875
2026-09-10,10,TSLA,long,0.0,0.18291749572753907,-0.18291749572753907
2026-09-10,10,SNDK,short,0.0,0.8460225219726563,-0.8460225219726563
2026-09-10,10,SNDK,short,0.0,0.8451875,-0.8451875
2026-09-10,10,SNDK,short,0.0,0.852135009765625,-0.852135009765625
2026-09-10,10,SNDK,short,0.0,0.853859130859375,-0.853859130859375
2026-09-10,10,TSLA,long,0.0,0.18364500427246094,-0.18364500427246094
2026-09-10,10,SNDK,short,0.0,0.8518674926757812,-0.8518674926757812
2026-09-10,10,SNDK,short,0.0,0.8504041748046876,-0.8504041748046876
2026-09-10,10,TSLA,long,0.0,0.18430999755859376,-0.18430999755859376
2026-09-10,10,SNDK,short,0.0,0.8482100219726563,-0.8482100219726563
2026-09-10,10,MSTR,long,0.0,0.06572250366210937,-0.06572250366210937
2026-09-10,10,SNDK,short,0.0,0.848,-0.848
2026-09-10,11,SNDK,short,0.0,0.8464199829101563,-0.8464199829101563
2026-09-10,11,TSLA,long,0.0,7.309299926757813,-7.309299926757813
2026-09-10,11,TSLA,short,0.0,19.18691230773926,-19.18691230773926
2026-09-10,11,MSTR,long,0.0,0.06543250274658204,-0.06543250274658204
2026-09-10,11,SNDK,short,0.0,0.84964501953125,-0.84964501953125
2026-09-10,11,MSTR,long,0.0,0.06538249969482422,-0.06538249969482422
2026-09-10,11,TSLA,short,0.0,0.18319999694824218,-0.18319999694824218
2026-09-10,11,SNDK,short,0.0,0.84764501953125,-0.84764501953125
2026-09-10,11,MSTR,long,0.0,0.06516500091552735,-0.06516500091552735
2026-09-10,11,TSLA,short,0.0,0.18290499877929686,-0.18290499877929686
2026-09-10,11,MSTR,long,0.0,0.06530000305175782,-0.06530000305175782
2026-09-10,11,TSLA,short,0.0,0.1834149932861328,-0.1834149932861328
2026-09-10,11,MSTR,long,0.0,0.06515499877929687,-0.06515499877929687
2026-09-10,11,TSLA,short,0.0,0.18343499755859374,-0.18343499755859374
2026-09-10,11,MSTR,long,0.0,0.06508589935302735,-0.06508589935302735
2026-09-10,11,TSLA,short,0.0,0.18294999694824218,-0.18294999694824218
2026-09-10,12,MSTR,long,0.0,0.06520999908447266,-0.06520999908447266
2026-09-10,12,TSLA,short,0.0,0.183375,-0.183375
2026-09-10,12,TSLA,short,0.0,0.18307359313964844,-0.18307359313964844
2026-09-10,12,MSTR,long,0.0,0.06466249847412109,-0.06466249847412109
2026-09-10,12,TSLA,short,0.0,0.18325999450683594,-0.18325999450683594
2026-09-10,12,MSTR,long,0.0,5.432108093261719,-5.432108093261719
2026-09-10,12,TSLA,short,0.0,0.18317999267578125,-0.18317999267578125
2026-09-10,12,MSTR,long,0.0,2.1308099899291992,-2.1308099899291992
2026-09-10,12,TSLA,short,0.0,0.1831800537109375,-0.1831800537109375
2026-09-10,12,MSTR,long,0.0,0.06474250030517578,-0.06474250030517578
2026-09-10,12,MSTR,long,0.0,0.06466500091552735,-0.06466500091552735
2026-09-10,12,MSTR,long,0.0,0.06457749938964844,-0.06457749938964844
2026-09-10,12,MSTR,long,0.0,0.06481999969482422,-0.06481999969482422
2026-09-10,12,MSTR,long,0.0,0.06477500152587891,-0.06477500152587891
2026-09-10,12,MSTR,long,0.0,0.06473000335693359,-0.06473000335693359
2026-09-10,12,MSTR,long,0.0,0.06472000122070312,-0.06472000122070312
2026-09-10,13,MSTR,long,0.0,0.06498500061035156,-0.06498500061035156
2026-09-10,13,MSTR,long,0.0,0.06490499877929687,-0.06490499877929687
2026-09-10,13,TSLA,short,0.0,0.18297999572753906,-0.18297999572753906
2026-09-10,13,MSTR,long,0.0,0.06482749938964844,-0.06482749938964844
2026-09-10,13,TSLA,short,0.0,0.18305999755859376,-0.18305999755859376
2026-09-10,13,TSLA,short,0.0,0.18309085083007812,-0.18309085083007812
2026-09-10,13,MSTR,long,0.0,0.06517900085449219,-0.06517900085449219
2026-09-10,13,TSLA,short,0.0,0.18322000122070312,-0.18322000122070312
2026-09-10,13,MSTR,long,0.0,0.06517250061035157,-0.06517250061035157
2026-09-10,13,SNDK,short,0.0,0.850804931640625,-0.850804931640625
2026-09-10,13,MSTR,long,0.0,0.0654699478149414,-0.0654699478149414
2026-09-10,13,TSLA,short,0.0,0.1836300048828125,-0.1836300048828125
2026-09-10,13,SNDK,short,0.0,0.849864990234375,-0.849864990234375
2026-09-10,13,TSLA,short,0.0,0.18308525085449218,-0.18308525085449218
2026-09-10,13,TSLA,short,0.0,0.1836925048828125,-0.1836925048828125
2026-09-10,13,MSTR,long,0.0,0.06510780334472656,-0.06510780334472656
2026-09-10,14,TSLA,short,0.0,0.1827274932861328,-0.1827274932861328
2026-09-10,14,MSTR,long,0.0,0.06482499694824219,-0.06482499694824219
2026-09-10,14,TSLA,short,0.0,0.18277999877929688,-0.18277999877929688
2026-09-10,14,MSTR,long,0.0,0.0648499984741211,-0.0648499984741211
2026-09-10,14,TSLA,short,0.0,0.18291064453125,-0.18291064453125
2026-09-10,14,MSTR,long,0.0,9.575599548339843,-9.575599548339843
2026-09-10,14,TSLA,short,0.0,0.182818603515625,-0.182818603515625
2026-09-10,14,TSLA,short,0.0,0.18300035095214845,-0.18300035095214845
2026-09-10,14,TSLA,short,0.0,0.18300999450683594,-0.18300999450683594
2026-09-10,14,TSLA,short,0.0,0.1829949951171875,-0.1829949951171875
2026-09-10,15,TSLA,short,0.0,0.18313499450683593,-0.18313499450683593
2026-09-10,15,MSTR,long,0.0,0.06492024993896485,-0.06492024993896485
2026-09-10,15,MSTR,long,0.0,0.06484249877929688,-0.06484249877929688
2026-09-10,15,TSLA,short,0.0,0.1820050048828125,-0.1820050048828125
2026-09-10,15,TSLA,short,0.0,0.18210499572753908,-0.18210499572753908
2026-09-10,15,MSTR,long,0.0,0.06483999633789063,-0.06483999633789063
2026-09-10,15,MSTR,long,0.0,0.06471499633789063,-0.06471499633789063
2026-09-10,15,TSLA,short,0.0,0.18219999694824218,-0.18219999694824218
2026-09-10,15,SNDK,long,0.0,5.124603149414063,-5.124603149414063
2026-09-10,15,SNDK,long,0.0,0.8541799926757813,-0.8541799926757813
2026-09-10,15,MSTR,long,0.0,0.06462249755859376,-0.06462249755859376
2026-09-10,15,TSLA,short,0.0,0.18192500305175782,-0.18192500305175782
2026-09-10,15,TSLA,short,0.0,0.1818699951171875,-0.1818699951171875
2026-09-10,15,SNDK,long,0.0,4.237650146484375,-4.237650146484375
2026-09-10,15,MSTR,long,0.0,6.182400146484375,-6.182400146484375
2026-09-10,15,TSLA,short,0.0,13.618124771118165,-13.618124771118165
2026-09-11,9,SNDK,short,0.0,33.5447998046875,-33.5447998046875
2026-09-11,9,TSLA,long,0.0,12.02685040283203,-12.02685040283203
2026-09-11,9,TSLA,long,0.0,6.968955078125,-6.968955078125
2026-09-11,9,SNDK,short,0.0,26.568640625,-26.568640625
2026-09-11,9,MSTR,long,0.0,34.24312419891358,-34.24312419891358
2026-09-11,9,SNDK,short,0.0,0.8250850219726562,-0.8250850219726562
2026-09-11,9,MSTR,long,0.0,0.19972515106201172,-0.19972515106201172
2026-09-11,9,SNDK,short,0.0,0.829467529296875,-0.829467529296875
2026-09-11,9,TSLA,long,0.0,1.47006005859375,-1.47006005859375
2026-09-11,9,TSLA,long,0.0,6.3872372436523435,-6.3872372436523435
2026-09-11,9,MSTR,long,0.0,0.0669749984741211,-0.0669749984741211
2026-09-11,10,TSLA,long,0.0,0.18415499877929686,-0.18415499877929686
2026-09-11,10,MSTR,long,0.0,0.13674000549316406,-0.13674000549316406
2026-09-11,10,MSTR,long,0.0,0.06873000335693359,-0.06873000335693359
2026-09-11,10,SNDK,short,0.0,7.287817565917969,-7.287817565917969
2026-09-11,10,MSTR,long,0.0,12.988477966308594,-12.988477966308594
2026-09-11,10,TSLA,long,0.0,13.393127410888672,-13.393127410888672
2026-09-11,10,TSLA,long,0.0,9.307502334594727,-9.307502334594727
2026-09-11,10,SNDK,short,0.0,4.09291259765625,-4.09291259765625
2026-09-11,10,MSTR,long,0.0,12.889327903747558,-12.889327903747558
2026-09-11,10,MSTR,long,0.0,0.0684749984741211,-0.0684749984741211
2026-09-11,10,SNDK,short,0.0,8.229149780273438,-8.229149780273438
2026-09-11,10,TSLA,long,0.0,8.572799713134765,-8.572799713134765
2026-09-11,10,MSTR,long,0.0,0.068,-0.068
2026-09-11,10,MSTR,long,0.0,0.06793499755859375,-0.06793499755859375
2026-09-11,10,MSTR,long,0.0,0.06763365173339844,-0.06763365173339844
2026-09-11,10,MSTR,long,0.0,0.06720030212402343,-0.06720030212402343
2026-09-11,10,NVDA,short,0.0,0.3296699981689453,-0.3296699981689453
2026-09-11,10,MSTR,long,0.0,0.06760749816894532,-0.06760749816894532
2026-09-11,10,MSTR,long,0.0,0.06803500366210938,-0.06803500366210938
2026-09-11,11,TSLA,long,0.0,0.18239999389648437,-0.18239999389648437
2026-09-11,11,MSTR,long,0.0,0.068125,-0.068125
2026-09-11,11,NVDA,short,0.0,0.1097249984741211,-0.1097249984741211
2026-09-11,11,TSLA,long,0.0,0.18289999389648437,-0.18289999389648437
2026-09-11,11,NVDA,short,0.0,0.11007150268554687,-0.11007150268554687
2026-09-11,11,TSLA,long,0.0,0.18286285400390626,-0.18286285400390626
2026-09-11,11,NVDA,short,0.0,0.1098991470336914,-0.1098991470336914
2026-09-11,11,TSLA,long,0.0,0.18356500244140625,-0.18356500244140625
2026-09-11,11,TSLA,long,0.0,0.3654700012207031,-0.3654700012207031
2026-09-11,11,TSLA,long,0.0,0.18311500549316406,-0.18311500549316406
2026-09-11,11,MSTR,long,0.0,0.06817500305175782,-0.06817500305175782
2026-09-11,11,TSLA,long,0.0,0.18297500610351564,-0.18297500610351564
2026-09-11,11,MSTR,long,0.0,0.06824500274658203,-0.06824500274658203
2026-09-11,11,TSLA,long,0.0,0.18291749572753907,-0.18291749572753907
2026-09-11,11,MSTR,long,0.0,0.06807499694824219,-0.06807499694824219
2026-09-11,11,SNDK,short,0.0,1.641300048828125,-1.641300048828125
2026-09-11,11,TSLA,long,0.0,0.18272500610351564,-0.18272500610351564
2026-09-11,11,MSTR,long,0.0,0.06797000122070312,-0.06797000122070312
2026-09-11,11,TSLA,long,0.0,0.18218499755859374,-0.18218499755859374
2026-09-11,11,MSTR,long,0.0,0.06673999786376954,-0.06673999786376954
2026-09-11,11,SNDK,short,0.0,0.8190850219726562,-0.8190850219726562
2026-09-11,12,MSTR,long,0.0,0.06676000213623047,-0.06676000213623047
2026-09-11,12,MSTR,long,0.0,0.06711750030517578,-0.06711750030517578
2026-09-11,12,SNDK,short,0.0,0.8208949584960937,-0.8208949584960937
2026-09-11,12,MSTR,long,0.0,0.06681400299072265,-0.06681400299072265
2026-09-11,12,MSTR,long,0.0,2.863799934387207,-2.863799934387207
2026-09-11,12,SNDK,short,0.0,5.717057312011719,-5.717057312011719
2026-09-11,12,TSLA,long,0.0,0.18217250061035156,-0.18217250061035156
2026-09-11,12,MSTR,long,0.0,0.06687999725341796,-0.06687999725341796
2026-09-11,12,SNDK,short,0.0,0.81277001953125,-0.81277001953125
2026-09-11,12,TSLA,long,0.0,0.182875,-0.182875
2026-09-11,12,TSLA,long,0.0,0.18243499755859374,-0.18243499755859374
2026-09-11,12,TSLA,long,0.0,0.18269000244140626,-0.18269000244140626
2026-09-11,12,SNDK,short,0.0,0.8161475219726563,-0.8161475219726563
2026-09-11,12,SNDK,short,0.0,0.8134974975585938,-0.8134974975585938
2026-09-11,12,SNDK,short,0.0,0.8155150146484375,-0.8155150146484375
2026-09-11,13,MSTR,long,0.0,0.06676599884033203,-0.06676599884033203
2026-09-11,13,MSTR,long,0.0,0.0668499984741211,-0.0668499984741211
2026-09-11,13,SNDK,short,0.0,0.8167210083007812,-0.8167210083007812
2026-09-11,13,TSLA,long,0.0,0.18263999938964845,-0.18263999938964845
2026-09-11,13,MSTR,long,0.0,0.06682250213623046,-0.06682250213623046
2026-09-11,13,MSTR,long,0.0,0.06665989685058593,-0.06665989685058593
2026-09-11,13,TSLA,long,0.0,0.1827725067138672,-0.1827725067138672
2026-09-11,13,SNDK,short,0.0,0.8170075073242188,-0.8170075073242188
2026-09-11,13,TSLA,long,0.0,0.1826699981689453,-0.1826699981689453
2026-09-11,13,SNDK,short,0.0,4.0901251220703125,-4.0901251220703125
2026-09-11,13,TSLA,long,0.0,0.183,-0.183
2026-09-11,13,SNDK,short,0.0,0.8159130249023437,-0.8159130249023437
2026-09-11,13,SNDK,short,0.0,0.8155775146484375,-0.8155775146484375
2026-09-11,13,MSTR,long,0.0,0.06672000122070312,-0.06672000122070312
2026-09-11,13,SNDK,short,0.0,0.817907470703125,-0.817907470703125
2026-09-11,13,SNDK,short,0.0,0.8191211547851562,-0.8191211547851562
2026-09-11,13,SNDK,short,0.0,0.818114990234375,-0.818114990234375
2026-09-11,14,SNDK,short,0.0,0.8171199951171875,-0.8171199951171875
2026-09-11,14,MSTR,long,0.0,5.850859809875488,-5.850859809875488
2026-09-11,14,SNDK,short,0.0,7.367512390136719,-7.367512390136719
2026-09-11,14,TSLA,long,0.0,0.18245500183105468,-0.18245500183105468
2026-09-11,14,SNDK,short,0.0,0.8168049926757812,-0.8168049926757812
2026-09-11,14,SNDK,short,0.0,0.8161425170898438,-0.8161425170898438
2026-09-11,14,TSLA,long,0.0,0.18275999450683594,-0.18275999450683594
2026-09-11,14,TSLA,long,0.0,0.1824600067138672,-0.1824600067138672
2026-09-11,14,SNDK,short,0.0,0.81635498046875,-0.81635498046875
2026-09-11,14,SNDK,short,0.0,0.8163350219726563,-0.8163350219726563
2026-09-11,14,TSLA,long,0.0,0.18239999389648437,-0.18239999389648437
2026-09-11,14,SNDK,short,0.0,0.8172575073242188,-0.8172575073242188
2026-09-11,14,SNDK,short,0.0,0.8179849853515625,-0.8179849853515625
2026-09-11,14,MSTR,long,0.0,0.06551249694824218,-0.06551249694824218
2026-09-11,14,MSTR,long,0.0,0.06536000061035156,-0.06536000061035156
2026-09-11,15,SNDK,short,0.0,0.81610498046875,-0.81610498046875
2026-09-11,15,TSLA,long,0.0,0.18249249267578124,-0.18249249267578124
2026-09-11,15,MSTR,long,0.0,0.06587934875488281,-0.06587934875488281
2026-09-11,15,SNDK,short,0.0,0.815635009765625,-0.815635009765625
2026-09-11,15,TSLA,long,0.0,0.18252499389648438,-0.18252499389648438
2026-09-11,15,MSTR,long,0.0,0.06562249755859376,-0.06562249755859376
2026-09-11,15,SNDK,short,0.0,0.8156174926757812,-0.8156174926757812
2026-09-11,15,TSLA,long,0.0,0.18219000244140626,-0.18219000244140626
2026-09-11,15,MSTR,long,0.0,0.06561505126953125,-0.06561505126953125
2026-09-11,15,TSLA,long,0.0,0.18205525207519532,-0.18205525207519532
2026-09-11,15,MSTR,long,0.0,0.06541999816894531,-0.06541999816894531
2026-09-11,15,TSLA,long,0.0,0.18253999328613282,-0.18253999328613282
2026-09-11,15,MSTR,long,0.0,0.06551000213623047,-0.06551000213623047
2026-09-11,15,TSLA,long,0.0,0.18302949523925782,-0.18302949523925782
2026-09-11,15,TSLA,long,0.0,7.3134002685546875,-7.3134002685546875
2026-09-11,15,MSTR,long,0.0,23.257824783325194,-23.257824783325194
