date,fill_time,signal_data_cutoff,symbol,quantity,side,reference_price,fill_price,slippage_cost,commission_cost,cost,notional,shares_after,cash_after,equity_after,gross_exposure_after,net_exposure_after,reason
2026-08-31,2026-08-31T09:35:00-04:00,2026-08-31T09:35:00-04:00,SNDK,16,buy,1516.385009765625,1516.6882867675781,4.85243203125,0.0,4.85243203125,24262.16015625,16,75732.98741171876,99995.14756796876,0.24263337518211583,0.24263337518211583,policy_rebalance
2026-08-31,2026-08-31T09:35:00-04:00,2026-08-31T09:35:00-04:00,CRM,273,buy,255.9730987548828,256.02429337463377,13.976131192016602,0.0,13.976131192016602,69880.65596008301,273,5838.355320443734,99981.17143677674,0.9416054519411625,0.9416054519411625,policy_rebalance
2026-08-31,2026-08-31T09:40:00-04:00,2026-08-31T09:40:00-04:00,SNDK,-15,sell,1511.5,1511.1977,4.5345,0.0,4.5345,22672.5,1,28506.320820443732,100784.8811536957,0.7171567749633802,0.7171567749633802,policy_rebalance
2026-08-31,2026-08-31T09:40:00-04:00,2026-08-31T09:40:00-04:00,CRM,-1,sell,259.2200012207031,259.16815722045897,0.051844000244140626,0.0,0.051844000244140626,259.2200012207031,272,28765.48897766419,100784.82930969544,0.7145851297790811,0.7145851297790811,policy_rebalance
2026-08-31,2026-08-31T09:40:00-04:00,2026-08-31T09:40:00-04:00,AVGO,-61,sell,366.8900146484375,366.8166366455078,4.476058178710938,0.0,4.476058178710938,22380.290893554688,-61,51141.30381304017,100780.35325151673,0.9366868459965955,0.4925468887233683,policy_rebalance
2026-08-31,2026-08-31T09:45:00-04:00,2026-08-31T09:45:00-04:00,SNDK,-1,sell,1530.4000244140625,1530.0939444091798,0.3060800048828125,0.0,0.3060800048828125,1530.4000244140625,0,52671.39775744935,100782.39848987122,0.9213486016921919,0.4773750322806328,policy_rebalance
2026-08-31,2026-08-31T09:45:00-04:00,2026-08-31T09:45:00-04:00,CRM,-34,sell,259.1300048828125,259.0781788818359,1.762084033203125,0.0,1.762084033203125,8810.420166015625,238,61480.05583943177,100780.63640583801,0.8339429552654019,0.3899616232640663,policy_rebalance
2026-08-31,2026-08-31T09:45:00-04:00,2026-08-31T09:45:00-04:00,AVGO,61,buy,366.760009765625,366.83336176757814,4.474472119140625,0.0,4.474472119140625,22372.360595703125,0,39103.2207716095,100776.16193371887,0.6119794600103153,0.6119794600103153,policy_rebalance
2026-08-31,2026-08-31T09:45:00-04:00,2026-08-31T09:45:00-04:00,NVDA,-21,sell,218.0800018310547,218.0363858306885,0.9159360076904297,0.0,0.9159360076904297,4579.680038452148,-21,43681.98487405396,100775.24599771119,0.6574295159950913,0.5665405284642414,policy_rebalance
2026-08-31,2026-08-31T09:45:00-04:00,2026-08-31T09:45:00-04:00,SMCI,-799,sell,36.47999954223633,36.472703542327885,5.829503926849365,0.0,5.829503926849365,29147.519634246826,-799,72823.67500437394,100769.41649378435,0.9467172099849642,0.27732364105863555,policy_rebalance
2026-08-31,2026-08-31T09:50:00-04:00,2026-08-31T09:50:00-04:00,CRM,-238,sell,259.3699951171875,259.3181211181641,12.346011767578124,0.0,12.346011767578124,61730.058837890625,0,134541.387830497,100175.64384245989,0.34305488509843785,-0.34305488509843785,policy_rebalance
2026-08-31,2026-08-31T09:50:00-04:00,2026-08-31T09:50:00-04:00,NVDA,21,buy,217.8699951171875,217.91356911621094,0.9150539794921875,0.0,0.9150539794921875,4575.2698974609375,0,129965.20287905657,100174.7287884804,0.29738512348238005,-0.29738512348238005,policy_rebalance
2026-08-31,2026-08-31T09:50:00-04:00,2026-08-31T09:50:00-04:00,MSTR,197,buy,126.9000015258789,126.92538152618408,4.999860060119629,0.0,4.999860060119629,24999.300300598145,197,104960.9027183983,100169.72892842027,0.5469693786465794,-0.04783055561028547,policy_rebalance
2026-08-31,2026-08-31T09:50:00-04:00,2026-08-31T09:50:00-04:00,SMCI,-1081,sell,37.284698486328125,37.27724154663086,8.06095181274414,0.0,8.06095181274414,40304.7590637207,-1880,145257.60083030627,100161.66797660754,0.9494104418978333,-0.45023144846420443,policy_rebalance
2026-08-31,2026-08-31T09:55:00-04:00,2026-08-31T09:55:00-04:00,MSTR,-155,sell,126.66000366210938,126.63467166137696,3.9264601135253905,0.0,3.9264601135253905,19632.300567626953,42,164885.9749378197,100241.49480476306,0.7510255168012184,-0.6448874316864737,policy_rebalance
2026-08-31,2026-08-31T09:55:00-04:00,2026-08-31T09:55:00-04:00,SMCI,181,buy,37.21500015258789,37.22244315261841,1.3471830055236815,0.0,1.3471830055236815,6735.915027618408,-1699,158148.71272719576,100240.14762175753,0.683837833835919,-0.5776983222725117,policy_rebalance
2026-08-31,2026-08-31T09:55:00-04:00,2026-08-31T09:55:00-04:00,SNDK,17,buy,1526.074951171875,1526.3801661621094,5.188654833984375,0.0,5.188654833984375,25943.274169921875,17,132200.2499024399,100234.95896692353,0.9426978427173139,-0.31890361671185563,policy_rebalance
2026-08-31,2026-08-31T10:00:00-04:00,2026-08-31T10:00:00-04:00,SNDK,-16,sell,1530.030029296875,1529.7240232910156,4.89609609375,0.0,4.89609609375,24480.48046875,1,156675.83427509613,99996.84162220306,0.7040843629646262,-0.5668078284615361,policy_rebalance
2026-08-31,2026-08-31T10:00:00-04:00,2026-08-31T10:00:00-04:00,MSTR,-1,sell,126.98999786376953,126.96459986419679,0.025397999572753908,0.0,0.025397999572753908,126.98999786376953,41,156802.79887496034,99996.8162242035,0.7028146013829699,-0.5680779128346625,policy_rebalance
2026-08-31,2026-08-31T10:00:00-04:00,2026-08-31T10:00:00-04:00,CRM,94,buy,257.1400146484375,257.1914426513672,4.834232275390625,0.0,4.834232275390625,24171.161376953125,94,132626.8032657318,99991.9819919281,0.9445795755779435,-0.32637438146228737,policy_rebalance
2026-08-31,2026-08-31T10:05:00-04:00,2026-08-31T10:05:00-04:00,MSTR,-26,sell,126.76499938964844,126.73964638977051,0.6591779968261718,0.0,0.6591779968261718,3295.8899841308594,15,135922.03407186584,99952.78629964904,0.9122697763772049,-0.3598623820689138,policy_rebalance
2026-08-31,2026-08-31T10:05:00-04:00,2026-08-31T10:05:00-04:00,SMCI,55,buy,37.41999816894531,37.427482168579104,0.41161997985839843,0.0,0.41161997985839843,2058.099899291992,-1644,133863.522552594,99952.37467966918,0.8916827278211332,-0.3392730586102073,policy_rebalance
2026-08-31,2026-08-31T10:05:00-04:00,2026-08-31T10:05:00-04:00,AVGO,5,buy,368.9700012207031,369.04379522094723,0.3689700012207031,0.0,0.3689700012207031,1844.8500061035156,5,132018.30357648924,99952.00570966795,0.9101433779819755,-0.3208169524878243,policy_rebalance
2026-08-31,2026-08-31T10:05:00-04:00,2026-08-31T10:05:00-04:00,SNDK,2,buy,1525.2950439453125,1525.6001029541014,0.610118017578125,0.0,0.610118017578125,3050.590087890625,3,128967.10337058104,99951.39559165038,0.9406696689327243,-0.2902981754999581,policy_rebalance
2026-08-31,2026-08-31T10:10:00-04:00,2026-08-31T10:10:00-04:00,SNDK,-1,sell,1518.2850341796875,1517.9813771728516,0.3036570068359375,0.0,0.3036570068359375,1518.2850341796875,2,130485.08474775389,100127.77347608641,0.9226584347339393,-0.3031857217809576,policy_rebalance
2026-08-31,2026-08-31T10:10:00-04:00,2026-08-31T10:10:00-04:00,MSTR,-1,sell,126.62999725341797,126.60467125396728,0.025325999450683593,0.0,0.025325999450683593,126.62999725341797,14,130611.68941900786,100127.74815008696,0.9213939837466203,-0.3044504828294635,policy_rebalance
2026-08-31,2026-08-31T10:10:00-04:00,2026-08-31T10:10:00-04:00,CRM,-90,sell,257.81500244140625,257.763439440918,4.640670043945312,0.0,4.640670043945312,23203.350219726562,4,153810.39896869048,100123.10748004302,0.6896884872018625,-0.5362127968246356,policy_rebalance
2026-08-31,2026-08-31T10:10:00-04:00,2026-08-31T10:10:00-04:00,SMCI,1,buy,37.33000183105469,37.337467831420895,0.007466000366210938,0.0,0.007466000366210938,37.33000183105469,-1643,153773.06150085907,100123.10001404266,0.689315697579774,-0.5358399957581396,policy_rebalance
2026-08-31,2026-08-31T10:10:00-04:00,2026-08-31T10:10:00-04:00,AVGO,65,buy,368.51629638671875,368.5899996459961,4.790711853027344,0.0,4.790711853027344,23953.55926513672,70,129814.71152386932,100118.30930218963,0.9286012163324927,-0.29661310132641455,policy_rebalance
2026-08-31,2026-08-31T10:15:00-04:00,2026-08-31T10:15:00-04:00,AVGO,-70,sell,368.80999755859375,368.73623555908205,5.163339965820312,0.0,5.163339965820312,25816.699829101562,0,155626.24801300507,100165.2793660019,0.6699609811975944,-0.5536945436387186,policy_rebalance
2026-08-31,2026-08-31T10:15:00-04:00,2026-08-31T10:15:00-04:00,MSTR,-14,sell,126.2699966430664,126.2447426437378,0.35355599060058596,0.0,0.35355599060058596,1767.7799530029297,0,157393.6744100174,100164.92581001131,0.6523146537033059,-0.5713451903169702,policy_rebalance
2026-08-31,2026-08-31T10:15:00-04:00,2026-08-31T10:15:00-04:00,CRM,-4,sell,258.07501220703125,258.02339720458986,0.206460009765625,0.0,0.206460009765625,1032.300048828125,0,158425.76799883577,100164.71935000154,0.6420099737857025,-0.5816523924482332,policy_rebalance
2026-08-31,2026-08-31T10:15:00-04:00,2026-08-31T10:15:00-04:00,SNDK,9,buy,1511.425048828125,1511.7273338378907,2.720565087890625,0.0,2.720565087890625,13602.825439453125,11,144820.22199429476,100161.99878491365,0.7778356585205701,-0.445859944401464,policy_rebalance
2026-08-31,2026-08-31T10:15:00-04:00,2026-08-31T10:15:00-04:00,PLTR,89,buy,184.74440002441406,184.78134890441893,3.2884503204345705,0.0,3.2884503204345705,16442.25160217285,89,128374.68194180148,100158.71033459323,0.9420231707315133,-0.28171260904767165,policy_rebalance
2026-08-31,2026-08-31T10:20:00-04:00,2026-08-31T10:20:00-04:00,SNDK,-11,sell,1518.510009765625,1518.206307763672,3.340722021484375,0.0,3.340722021484375,16703.610107421875,0,145074.95132720188,100225.16540038303,0.7753489341313057,-0.44749026601903164,policy_rebalance
2026-08-31,2026-08-31T10:20:00-04:00,2026-08-31T10:20:00-04:00,PLTR,-89,sell,184.60499572753906,184.56807472839355,3.2859689239501955,0.0,3.2859689239501955,16429.844619750977,0,161501.50997802892,100221.87943145909,0.6114396466539869,-0.6114396466539869,policy_rebalance
2026-08-31,2026-08-31T10:20:00-04:00,2026-08-31T10:20:00-04:00,SMCI,72,buy,37.297401428222656,37.3048609085083,0.5370825805664062,0.0,0.5370825805664062,2685.4129028320312,-1571,158815.55999261633,100221.34234887853,0.5846481025944217,-0.5846481025944217,policy_rebalance
2026-08-31,2026-08-31T10:20:00-04:00,2026-08-31T10:20:00-04:00,MSTR,288,buy,126.61000061035156,126.63532261047364,7.29273603515625,0.0,7.29273603515625,36463.68017578125,288,122344.58708079992,100214.04961284337,0.9485486135602336,-0.22083268317619514,policy_rebalance
2026-08-31,2026-08-31T10:25:00-04:00,2026-08-31T10:25:00-04:00,MSTR,-288,sell,125.8499984741211,125.82482847442627,7.248959912109375,0.0,7.248959912109375,36244.799560546875,0,158582.1376814347,100258.76268143469,0.5817284538541385,-0.5817284538541385,policy_rebalance
2026-08-31,2026-08-31T10:25:00-04:00,2026-08-31T10:25:00-04:00,SMCI,481,buy,37.125,37.132425,3.571425,0.0,3.571425,17857.125,-1090,140721.4412564347,100255.19125643469,0.4036324652405743,-0.4036324652405743,policy_rebalance
2026-08-31,2026-08-31T10:25:00-04:00,2026-08-31T10:25:00-04:00,AVGO,148,buy,368.20001220703125,368.27365220947263,10.898720361328126,0.0,10.898720361328126,54493.601806640625,148,86216.94072943274,100244.29253607336,0.9472843730476614,0.13993167542773388,policy_rebalance
2026-08-31,2026-08-31T10:30:00-04:00,2026-08-31T10:30:00-04:00,AVGO,-41,sell,367.9100036621094,367.83642166137696,3.016862030029297,0.0,3.016862030029297,15084.310150146484,107,101298.2340175492,100149.30640524451,0.7976257775841464,-0.011472147472052005,policy_rebalance
2026-08-31,2026-08-31T10:30:00-04:00,2026-08-31T10:30:00-04:00,SMCI,1,buy,37.16999816894531,37.1774321685791,0.007433999633789062,0.0,0.007433999633789062,37.16999816894531,-1089,101261.05658538062,100149.29897124488,0.7972546909265167,-0.011101002458888433,policy_rebalance
2026-08-31,2026-08-31T10:30:00-04:00,2026-08-31T10:30:00-04:00,MSTR,118,buy,126.61000061035156,126.63532261047364,2.9879960144042967,0.0,2.9879960144042967,14939.980072021484,118,86318.08851734473,100146.31097523047,0.9464600098279407,0.1380801980944253,policy_rebalance
2026-08-31,2026-08-31T10:35:00-04:00,2026-08-31T10:35:00-04:00,MSTR,-50,sell,126.62999725341797,126.60467125396728,1.2662999725341797,0.0,1.2662999725341797,6331.499862670898,68,92648.3220800431,100232.88436260536,0.882264543403674,0.07566940062429138,policy_rebalance
2026-08-31,2026-08-31T10:35:00-04:00,2026-08-31T10:35:00-04:00,AVGO,11,buy,368.20001220703125,368.27365220947263,0.8100400268554687,0.0,0.8100400268554687,4050.2001342773438,118,88597.3119057389,100232.0743225785,0.9226798977824995,0.11607823638763831,policy_rebalance
2026-08-31,2026-08-31T10:35:00-04:00,2026-08-31T10:35:00-04:00,SMCI,-61,sell,37.119998931884766,37.11257493209839,0.45286398696899416,0.0,0.45286398696899416,2264.3199348449707,-1150,90861.1789765969,100231.62145859153,0.9452749406480666,0.09348788681290385,policy_rebalance
2026-08-31,2026-08-31T10:40:00-04:00,2026-08-31T10:40:00-04:00,AVGO,-118,sell,368.0899963378906,368.01637833862304,8.68692391357422,0.0,8.68692391357422,43434.619567871094,0,134287.1116205544,100181.81330359884,0.5133835855876598,-0.34043402881519214,policy_rebalance
2026-08-31,2026-08-31T10:40:00-04:00,2026-08-31T10:40:00-04:00,SMCI,456,buy,37.189998626708984,37.197436626434325,3.3917278747558592,0.0,3.3917278747558592,16958.639373779297,-694,117325.08051890036,100178.42157572409,0.3441166132233166,-0.17116120092005285,policy_rebalance
2026-08-31,2026-08-31T10:40:00-04:00,2026-08-31T10:40:00-04:00,SNDK,7,buy,1523.4000244140625,1523.7047044189453,2.1327600341796873,0.0,2.1327600341796873,10663.800170898438,7,106659.14758796775,100176.28881568991,0.45057428115189635,-0.0647145032913464,policy_rebalance
2026-08-31,2026-08-31T10:40:00-04:00,2026-08-31T10:40:00-04:00,MSTR,229,buy,127.4000015258789,127.42548152618409,5.8349200698852535,0.0,5.8349200698852535,29174.60034942627,297,77478.71231847159,100170.45389562003,0.741850084341784,0.2265312843724734,policy_rebalance
2026-08-31,2026-08-31T10:45:00-04:00,2026-08-31T10:45:00-04:00,SNDK,-1,sell,1531.1300048828125,1530.823778881836,0.3062260009765625,0.0,0.3062260009765625,1531.1300048828125,6,79009.53609735343,100569.71278650138,0.7283435240027005,0.21438041425968743,policy_rebalance
2026-08-31,2026-08-31T10:45:00-04:00,2026-08-31T10:45:00-04:00,MSTR,-33,sell,128.67999267578125,128.6542566772461,0.8492879516601562,0.0,0.8492879516601562,4246.439758300781,264,83255.12656770255,100568.86349854972,0.6861254752227975,0.17215802514360565,policy_rebalance
2026-08-31,2026-08-31T10:45:00-04:00,2026-08-31T10:45:00-04:00,SMCI,44,buy,37.2400016784668,37.24744967880249,0.3277120147705078,0.0,0.3277120147705078,1638.560073852539,-650,81616.23878183524,100568.53578653495,0.6698347416501405,0.18845155551362036,policy_rebalance
2026-08-31,2026-08-31T10:45:00-04:00,2026-08-31T10:45:00-04:00,NVDA,-62,sell,219.94500732421875,219.9010183227539,2.7273180908203125,0.0,2.7273180908203125,13636.590454101562,-62,95250.10191784598,100565.80846844413,0.8054515831414495,0.052857990519373434,policy_rebalance
2026-08-31,2026-08-31T10:50:00-04:00,2026-08-31T10:50:00-04:00,SNDK,-4,sell,1521.2349853515625,1520.9307383544922,1.21698798828125,0.0,1.21698798828125,6084.93994140625,2,101333.82487126395,100432.59589024588,0.7439091911945679,-0.008973470943665957,policy_rebalance
2026-08-31,2026-08-31T10:50:00-04:00,2026-08-31T10:50:00-04:00,MSTR,-264,sell,128.27000427246094,128.24435027160644,6.772656225585938,0.0,6.772656225585938,33863.28112792969,0,135190.33334296805,100425.8232340203,0.4067624116474838,-0.3461710244379746,policy_rebalance
2026-08-31,2026-08-31T10:50:00-04:00,2026-08-31T10:50:00-04:00,SMCI,650,buy,37.20000076293945,37.20744076309204,4.836000099182129,0.0,4.836000099182129,24180.000495910645,0,111005.49684695822,100420.98723392111,0.16599567494405792,-0.10540136981905489,policy_rebalance
2026-08-31,2026-08-31T10:50:00-04:00,2026-08-31T10:50:00-04:00,NVDA,-124,sell,219.7899932861328,219.7460352874756,5.450791833496094,0.0,5.450791833496094,27253.95916748047,-186,138254.0052226052,100415.53644208761,0.4374164624142167,-0.3768188680876097,policy_rebalance
2026-08-31,2026-08-31T10:50:00-04:00,2026-08-31T10:50:00-04:00,INTC,294,buy,89.78500366210938,89.8029606628418,5.2793582153320315,0.0,5.2793582153320315,26396.791076660156,294,111851.9347877297,100410.25708387227,0.7003288492713031,-0.11394929199613776,policy_rebalance
2026-08-31,2026-08-31T10:55:00-04:00,2026-08-31T10:55:00-04:00,INTC,-109,sell,89.81500244140625,89.79703944091797,1.9579670532226563,0.0,1.9579670532226563,9789.835266113281,185,121639.81208678975,100458.27674743428,0.6024473884736081,-0.21084908108277348,policy_rebalance
2026-08-31,2026-08-31T10:55:00-04:00,2026-08-31T10:55:00-04:00,NVDA,118,buy,219.6300048828125,219.67393088378907,5.183268115234375,0.0,5.183268115234375,25916.340576171875,-68,95718.28824250265,100453.09347931905,0.34448402435713105,0.04713448907166998,policy_rebalance
2026-08-31,2026-08-31T10:55:00-04:00,2026-08-31T10:55:00-04:00,MARA,-594,sell,10.414999961853027,10.412916961860658,1.2373019954681397,0.0,1.2373019954681397,6186.509977340698,-594,101903.56091784788,100451.85617732359,0.40607508343313153,-0.014451746296869383,policy_rebalance
2026-08-31,2026-08-31T11:00:00-04:00,2026-08-31T11:00:00-04:00,INTC,-1,sell,89.8499984741211,89.83202847442627,0.01796999969482422,0.0,0.01796999969482422,89.8499984741211,184,101993.3929463223,100435.02253349576,0.40548017074518233,-0.015516205139564846,policy_rebalance
2026-08-31,2026-08-31T11:00:00-04:00,2026-08-31T11:00:00-04:00,NVDA,1,buy,219.75,219.79395,0.04395,0.0,0.04395,219.75,-67,101773.5989963223,100434.97858349576,0.40329236543825114,-0.013328229185748145,policy_rebalance
2026-08-31,2026-08-31T11:05:00-04:00,2026-08-31T11:05:00-04:00,SNDK,-2,sell,1524.0,1523.6952,0.6096,0.0,0.6096,3048.0,0,104820.9893963223,100425.76000522428,0.3724258625236181,-0.043765955974536586,policy_rebalance
2026-08-31,2026-08-31T11:05:00-04:00,2026-08-31T11:05:00-04:00,INTC,-68,sell,89.69000244140625,89.67206444091796,1.219784033203125,0.0,1.219784033203125,6098.920166015625,116,110918.68977830472,100424.54022119107,0.31169901355360813,-0.10449786012462346,policy_rebalance
2026-08-31,2026-08-31T11:05:00-04:00,2026-08-31T11:05:00-04:00,NVDA,1,buy,219.39999389648438,219.44387389526366,0.043879998779296873,0.0,0.043879998779296873,219.39999389648438,-66,110699.24590440946,100424.4963411923,0.3095144238913529,-0.10231317992682477,policy_rebalance
2026-08-31,2026-08-31T11:05:00-04:00,2026-08-31T11:05:00-04:00,MARA,594,buy,10.4350004196167,10.437087419700623,1.2396780498504638,0.0,1.2396780498504638,6198.390249252319,0,104499.61597710729,100423.25666314244,0.2477955874687764,-0.04059178570197632,policy_rebalance
2026-08-31,2026-08-31T11:05:00-04:00,2026-08-31T11:05:00-04:00,MSFT,137,buy,511.04998779296875,511.15219779052734,14.002769665527344,0.0,14.002769665527344,70013.84832763672,137,34471.764879805036,100409.25389347691,0.9451149622990365,0.6566873715008802,policy_rebalance
2026-08-31,2026-08-31T11:10:00-04:00,2026-08-31T11:10:00-04:00,MSFT,-15,sell,511.8599853515625,511.7576133544922,1.5355799560546874,0.0,1.5355799560546874,7677.8997802734375,122,42148.12908012242,100510.8870757279,0.8687444775050457,0.5806610576586916,policy_rebalance
2026-08-31,2026-08-31T11:15:00-04:00,2026-08-31T11:15:00-04:00,MSFT,-122,sell,511.1700134277344,511.06777942504885,12.47254832763672,0.0,12.47254832763672,62362.741638183594,0,104498.39816997838,100435.25827740025,0.24772675550519574,-0.04045531382371528,policy_rebalance
2026-08-31,2026-08-31T11:15:00-04:00,2026-08-31T11:15:00-04:00,INTC,-116,sell,89.7300033569336,89.7120573562622,2.0817360778808593,0.0,2.0817360778808593,10408.680389404297,0,114904.9968233048,100433.17654132238,0.1440940213220092,-0.1440940213220092,policy_rebalance
2026-08-31,2026-08-31T11:15:00-04:00,2026-08-31T11:15:00-04:00,NVDA,1,buy,219.27000427246094,219.31385827331542,0.04385400085449219,0.0,0.04385400085449219,219.27000427246094,-65,114685.68296503148,100433.13268732151,0.14191084053986872,-0.14191084053986872,policy_rebalance
2026-08-31,2026-08-31T11:20:00-04:00,2026-08-31T11:20:00-04:00,NVDA,1,buy,219.67999267578125,219.7239286743164,0.04393599853515625,0.0,0.04393599853515625,219.67999267578125,-64,114465.95903635716,100406.43950510716,0.1400260740301907,-0.1400260740301907,policy_rebalance
2026-08-31,2026-08-31T11:25:00-04:00,2026-08-31T11:25:00-04:00,NVDA,1,buy,220.2100067138672,220.25404871520996,0.04404200134277344,0.0,0.04404200134277344,220.2100067138672,-63,114245.70498764195,100372.47456466831,0.13821747927550937,-0.13821747927550937,policy_rebalance
2026-08-31,2026-08-31T11:25:00-04:00,2026-08-31T11:25:00-04:00,AVGO,-123,sell,368.2149963378906,368.14135333862305,9.05808890991211,0.0,9.05808890991211,45290.44454956055,-123,159527.09144829257,100363.4164757584,0.5894944298436121,-0.5894944298436121,policy_rebalance
2026-08-31,2026-08-31T11:25:00-04:00,2026-08-31T11:25:00-04:00,MSTR,90,buy,128.82000732421875,128.8457713256836,2.3187601318359374,0.0,2.3187601318359374,11593.800659179688,90,147930.97202898105,100361.09771562656,0.705028913017725,-0.47398718623169966,policy_rebalance
2026-08-31,2026-08-31T11:25:00-04:00,2026-08-31T11:25:00-04:00,TSM,57,buy,418.6650085449219,418.74874154663087,4.77278109741211,0.0,4.77278109741211,23863.905487060547,57,124062.29376082309,100356.32493452914,0.942854186624549,-0.2362179846836693,policy_rebalance
2026-08-31,2026-08-31T11:30:00-04:00,2026-08-31T11:30:00-04:00,NVDA,63,buy,220.25,220.29405,2.77515,0.0,2.77515,13875.75,0,110183.76861082308,100407.80489622348,0.8047551110878711,-0.09736258774607771,policy_rebalance
2026-08-31,2026-08-31T11:30:00-04:00,2026-08-31T11:30:00-04:00,MSTR,112,buy,129.3300018310547,129.3558678314209,2.896992041015625,0.0,2.896992041015625,14484.960205078125,202,95695.91141370394,100404.90790418246,0.9490437905621384,0.046900062843266234,policy_rebalance
2026-08-31,2026-08-31T11:35:00-04:00,2026-08-31T11:35:00-04:00,MSTR,-1,sell,129.8000030517578,129.77404305114746,0.02596000061035156,0.0,0.02596000061035156,129.8000030517578,201,95825.68545675509,100500.50975179904,0.9474583395841656,0.04651542869373618,policy_rebalance
2026-08-31,2026-08-31T11:35:00-04:00,2026-08-31T11:35:00-04:00,TSM,-1,sell,418.55499267578125,418.4712816772461,0.08371099853515625,0.0,0.08371099853515625,418.55499267578125,56,96244.15673843234,100500.4260408005,0.9432944201215534,0.04235075879817894,policy_rebalance
2026-08-31,2026-08-31T11:35:00-04:00,2026-08-31T11:35:00-04:00,AVGO,123,buy,368.07000732421875,368.14362132568357,9.05452218017578,0.0,9.05452218017578,45272.610900878906,0,50962.49131537326,100491.37151862033,0.4928669939992781,0.4928669939992781,policy_rebalance
2026-08-31,2026-08-31T11:35:00-04:00,2026-08-31T11:35:00-04:00,GOOGL,-133,sell,338.1300048828125,338.06237888183597,8.994258129882812,0.0,8.994258129882812,44971.29064941406,-133,95924.78770665744,100482.37726049045,0.9404651186513925,0.045357103186541015,policy_rebalance
2026-08-31,2026-08-31T11:35:00-04:00,2026-08-31T11:35:00-04:00,MARA,-47,sell,10.470000267028809,10.467906266975403,0.0984180025100708,0.0,0.0984180025100708,492.090012550354,-47,96416.77930120529,100482.27884248794,0.9453633213685133,0.040459866039220416,policy_rebalance
2026-08-31,2026-08-31T11:40:00-04:00,2026-08-31T11:40:00-04:00,MSTR,-201,sell,129.3699951171875,129.34412111816405,5.200673803710938,0.0,5.200673803710938,26003.369018554688,0,122414.94764595626,100334.76276474593,0.6871543147643023,-0.22006515262294035,policy_rebalance
2026-08-31,2026-08-31T11:40:00-04:00,2026-08-31T11:40:00-04:00,GOOGL,70,buy,338.5,338.5677,4.739,0.0,4.739,23695.0,-63,98715.20864595626,100330.02376474593,0.4510161909335457,0.01609503375157266,policy_rebalance
2026-08-31,2026-08-31T11:40:00-04:00,2026-08-31T11:40:00-04:00,MARA,-295,sell,10.475000381469727,10.472905381393433,0.6180250225067139,0.0,0.6180250225067139,3090.1251125335693,-342,101804.71573346732,100329.40573972343,0.4818187640081068,-0.014704661937011523,policy_rebalance
2026-08-31,2026-08-31T11:45:00-04:00,2026-08-31T11:45:00-04:00,GOOGL,63,buy,338.54998779296875,338.61769779052736,4.265729846191406,0.0,4.265729846191406,21328.64923095703,0,80471.80077266411,100318.85130023674,0.2693291434515868,0.19783969084906972,policy_rebalance
2026-08-31,2026-08-31T11:45:00-04:00,2026-08-31T11:45:00-04:00,MARA,1,buy,10.484999656677246,10.487096656608582,0.0020969999313354493,0.0,0.0020969999313354493,10.484999656677246,-341,80461.3136760075,100318.84920323681,0.26922463233571226,0.19794421173033752,policy_rebalance
2026-08-31,2026-08-31T11:45:00-04:00,2026-08-31T11:45:00-04:00,AVGO,-78,sell,368.556396484375,368.48268520507816,5.74947978515625,0.0,5.74947978515625,28747.39892578125,-78,109202.9631220036,100313.09972345165,0.5558167813832356,-0.08862116137433672,policy_rebalance
2026-08-31,2026-08-31T11:50:00-04:00,2026-08-31T11:50:00-04:00,TSM,-1,sell,418.2200012207031,418.136357220459,0.08364400024414062,0.0,0.08364400024414062,418.2200012207031,55,109621.09947922405,100323.6726565617,0.5512320820456196,-0.09267430683573816,policy_rebalance
2026-08-31,2026-08-31T11:50:00-04:00,2026-08-31T11:50:00-04:00,AVGO,1,buy,368.28009033203125,368.35374635009765,0.07365601806640625,0.0,0.07365601806640625,368.28009033203125,-77,109252.74573287395,100323.59900054363,0.5475615649146518,-0.08900345303882028,policy_rebalance
2026-08-31,2026-08-31T11:50:00-04:00,2026-08-31T11:50:00-04:00,MARA,1,buy,10.479999542236328,10.482095542144775,0.0020959999084472656,0.0,0.0020959999084472656,10.479999542236328,-340,109242.26363733181,100323.59690454372,0.5474571143947684,-0.08889899293856113,policy_rebalance
2026-08-31,2026-08-31T11:50:00-04:00,2026-08-31T11:50:00-04:00,SNDK,8,buy,1516.3399658203125,1516.6432338134766,2.4261439453125,0.0,2.4261439453125,12130.7197265625,8,97109.117766824,100321.17076059841,0.66838919527406,0.032017698452099425,policy_rebalance
2026-08-31,2026-08-31T11:55:00-04:00,2026-08-31T11:55:00-04:00,TSM,-1,sell,417.94000244140625,417.856414440918,0.08358800048828124,0.0,0.08358800048828124,417.94000244140625,54,97526.97418126492,100266.40323552517,0.6642241903286897,0.027321505168838578,policy_rebalance
2026-08-31,2026-08-31T11:55:00-04:00,2026-08-31T11:55:00-04:00,AVGO,30,buy,368.510009765625,368.5837117675781,2.21106005859375,0.0,2.21106005859375,11055.30029296875,-47,86469.46282823758,100264.19217546658,0.5539771378810233,0.13758380781732768,policy_rebalance
2026-08-31,2026-08-31T11:55:00-04:00,2026-08-31T11:55:00-04:00,MARA,340,buy,10.454999923706055,10.457090923690796,0.7109399948120118,0.0,0.7109399948120118,3554.6999740600586,0,82914.05191418271,100263.48123547177,0.5185274797825863,0.17303836957888397,policy_rebalance
2026-08-31,2026-08-31T11:55:00-04:00,2026-08-31T11:55:00-04:00,SNDK,8,buy,1512.5799560546875,1512.8824720458983,2.4201279296875,0.0,2.4201279296875,12100.6396484375,16,70810.99213781553,100261.06110754209,0.6392313145274918,0.29373386481654934,policy_rebalance
2026-08-31,2026-08-31T11:55:00-04:00,2026-08-31T11:55:00-04:00,TSLA,-82,sell,367.0899963378906,367.01657833862305,6.020275939941406,0.0,6.020275939941406,30101.37969970703,-82,100906.35156158262,100255.04083160215,0.939517742011747,-0.006496538474055104,policy_rebalance
2026-08-31,2026-08-31T12:00:00-04:00,2026-08-31T12:00:00-04:00,SNDK,-16,sell,1513.47998046875,1513.1772844726563,4.8431359375,0.0,4.8431359375,24215.6796875,0,125117.18811314512,100372.21762364317,0.6956792509354154,-0.24653206908594946,policy_rebalance
2026-08-31,2026-08-31T12:05:00-04:00,2026-08-31T12:05:00-04:00,SNDK,10,buy,1506.47998046875,1506.7812764648438,3.0129599609375,0.0,3.0129599609375,15064.7998046875,10,110049.37534849669,100514.75434629942,0.8431158451603736,-0.09485792473160727,policy_rebalance
2026-08-31,2026-08-31T12:05:00-04:00,2026-08-31T12:05:00-04:00,AMZN,-38,sell,260.80999755859375,260.757835559082,1.9821559814453125,0.0,1.9821559814453125,9910.779907226562,-38,119958.1730997418,100512.77219031798,0.941734666215007,-0.19346198981164836,policy_rebalance
2026-08-31,2026-08-31T12:10:00-04:00,2026-08-31T12:10:00-04:00,TSM,-54,sell,416.92498779296875,416.84160279541015,4.502789868164062,0.0,4.502789868164062,22513.949340820312,0,142467.61965069396,100313.42732891662,0.719461981574479,-0.42022482377716414,policy_rebalance
2026-08-31,2026-08-31T12:10:00-04:00,2026-08-31T12:10:00-04:00,AVGO,1,buy,368.44000244140625,368.51369044189454,0.07368800048828125,0.0,0.07368800048828125,368.44000244140625,-46,142099.10596025205,100313.35364091612,0.7157896191884577,-0.4165522415780568,policy_rebalance
2026-08-31,2026-08-31T12:10:00-04:00,2026-08-31T12:10:00-04:00,TSLA,13,buy,364.9602966308594,365.03328869018554,0.9488967712402344,0.0,0.9488967712402344,4744.483856201172,-69,137353.67320727964,100312.40474414488,0.6684993099007669,-0.3692591016795141,policy_rebalance
2026-08-31,2026-08-31T12:10:00-04:00,2026-08-31T12:10:00-04:00,AMZN,1,buy,261.0400085449219,261.0922165466309,0.052208001708984375,0.0,0.052208001708984375,261.0400085449219,-37,137092.58099073303,100312.35253614318,0.665897386000739,-0.3666570220386138,policy_rebalance
2026-08-31,2026-08-31T12:10:00-04:00,2026-08-31T12:10:00-04:00,SNDK,11,buy,1500.875244140625,1501.1754191894531,3.301925537109375,0.0,3.301925537109375,16509.627685546875,21,120579.65137964903,100309.05061060606,0.830506923511255,-0.20208147366215506,policy_rebalance
2026-08-31,2026-08-31T12:10:00-04:00,2026-08-31T12:10:00-04:00,MARA,-1070,sell,10.410099983215332,10.40801796321869,2.227761396408081,0.0,2.227761396408081,11138.806982040405,-1070,131716.23060029303,100306.82284920965,0.941572719803614,-0.31313331295819086,policy_rebalance
2026-08-31,2026-08-31T12:15:00-04:00,2026-08-31T12:15:00-04:00,TSLA,1,buy,366.57000732421875,366.6433213256836,0.07331400146484375,0.0,0.07331400146484375,366.57000732421875,-68,131349.58727896734,100040.00151503607,0.941169600149569,-0.31297066463184153,policy_rebalance
2026-08-31,2026-08-31T12:15:00-04:00,2026-08-31T12:15:00-04:00,AMZN,37,buy,261.2650146484375,261.31726765136716,1.9333611083984374,0.0,1.9333611083984374,9666.805541992188,0,121680.84837586676,100038.06815392767,0.8445565197528202,-0.21634544350294266,policy_rebalance
2026-08-31,2026-08-31T12:15:00-04:00,2026-08-31T12:15:00-04:00,MARA,1,buy,10.4350004196167,10.437087419700623,0.00208700008392334,0.0,0.00208700008392334,10.4350004196167,-1069,121670.41128844705,100038.06606692758,0.84445222707464,-0.21624113771898562,policy_rebalance
2026-08-31,2026-08-31T12:15:00-04:00,2026-08-31T12:15:00-04:00,AVGO,-6,sell,368.9800109863281,368.9062149841309,0.4427760131835938,0.0,0.4427760131835938,2213.8800659179688,-52,123883.84857835184,100037.6232909144,0.8665864391467245,-0.2383725692691781,policy_rebalance
2026-08-31,2026-08-31T12:15:00-04:00,2026-08-31T12:15:00-04:00,SNDK,5,buy,1496.31005859375,1496.6093206054686,1.49631005859375,0.0,1.49631005859375,7481.55029296875,26,116400.8019753245,100036.12698085581,0.9413878853923022,-0.1635876506654485,policy_rebalance
2026-08-31,2026-08-31T12:20:00-04:00,2026-08-31T12:20:00-04:00,SNDK,-21,sell,1499.06005859375,1498.7602465820312,6.29605224609375,0.0,6.29605224609375,31480.26123046875,5,147874.76715354715,100097.07230834756,0.6270742388726442,-0.47731360911357223,policy_rebalance
2026-08-31,2026-08-31T12:20:00-04:00,2026-08-31T12:20:00-04:00,TSLA,68,buy,366.1499938964844,366.2232238952637,4.979639916992188,0.0,4.979639916992188,24898.199584960938,0,122971.5879286692,100092.09266843056,0.3783525235267713,-0.22858444308912856,policy_rebalance
2026-08-31,2026-08-31T12:20:00-04:00,2026-08-31T12:20:00-04:00,MARA,1069,buy,10.454999923706055,10.457090923690796,2.2352789836883544,0.0,2.2352789836883544,11176.394918441772,0,111792.95773124375,100089.85738944687,0.2666973619901357,-0.1169259368235528,policy_rebalance
2026-08-31,2026-08-31T12:25:00-04:00,2026-08-31T12:25:00-04:00,AVGO,-77,sell,369.6449890136719,369.57106001586914,5.6925328308105465,0.0,5.6925328308105465,28462.664154052734,-129,140249.92935246567,100041.1505743895,0.5513693922026125,-0.4019223944068633,policy_rebalance
2026-08-31,2026-08-31T12:25:00-04:00,2026-08-31T12:25:00-04:00,SNDK,24,buy,1495.0849609375,1495.3839779296875,7.1764078125,0.0,7.1764078125,35882.0390625,29,104360.71388215317,100033.974166577,0.910107473070581,-0.043252702410595686,policy_rebalance
2026-08-31,2026-08-31T12:25:00-04:00,2026-08-31T12:25:00-04:00,MARA,-333,sell,10.444999694824219,10.442910694885255,0.6956369796752929,0.0,0.6956369796752929,3478.184898376465,-333,107838.20314354997,100033.27852959733,0.9448840799550681,-0.07802328113881978,policy_rebalance
2026-08-31,2026-08-31T12:30:00-04:00,2026-08-31T12:30:00-04:00,SNDK,-5,sell,1496.25,1495.95075,1.49625,0.0,1.49625,7481.25,24,115317.95689354997,99888.68775712114,0.8734649648073765,-0.15446462940773661,policy_rebalance
2026-08-31,2026-08-31T12:30:00-04:00,2026-08-31T12:30:00-04:00,MARA,333,buy,10.489999771118164,10.492097771072388,0.6986339847564698,0.0,0.6986339847564698,3493.1699237823486,0,111824.08833578287,99887.98912313639,0.8385002035569722,-0.11949483934382062,policy_rebalance
2026-08-31,2026-08-31T12:30:00-04:00,2026-08-31T12:30:00-04:00,AVGO,-27,sell,370.8999938964844,370.8258138977051,2.0028599670410157,0.0,2.0028599670410157,10014.299835205078,-156,121836.38531102092,99885.98626316935,0.9387743221636209,-0.21975454084238505,policy_rebalance
2026-08-31,2026-08-31T12:35:00-04:00,2026-08-31T12:35:00-04:00,SNDK,-5,sell,1500.0999755859375,1499.7999555908204,1.5000999755859374,0.0,1.5000999755859374,7500.4998779296875,19,129335.38508897502,100093.88557725627,0.8616440263717905,-0.2921407171185202,policy_rebalance
2026-08-31,2026-08-31T12:35:00-04:00,2026-08-31T12:35:00-04:00,AVGO,-23,sell,370.1499938964844,370.0759638977051,1.7026899719238282,0.0,1.7026899719238282,8513.44985961914,-179,137847.13225862224,100092.18288728435,0.9467147754217039,-0.37720177822332474,policy_rebalance
2026-08-31,2026-08-31T12:40:00-04:00,2026-08-31T12:40:00-04:00,SNDK,-4,sell,1502.06005859375,1501.7596465820313,1.201648046875,0.0,1.201648046875,6008.240234375,15,143854.17084495036,100211.45716086833,0.8851733918956808,-0.4355062277362445,policy_rebalance
2026-08-31,2026-08-31T12:40:00-04:00,2026-08-31T12:40:00-04:00,AVGO,1,buy,369.68499755859375,369.75893455810547,0.07393699951171875,0.0,0.07393699951171875,369.68499755859375,-178,143484.41191039226,100211.38322386882,0.8814849930471365,-0.43181749711859546,policy_rebalance
2026-08-31,2026-08-31T12:40:00-04:00,2026-08-31T12:40:00-04:00,TSLA,2,buy,364.6400146484375,364.7129426513672,0.145856005859375,0.0,0.145856005859375,729.280029296875,2,142754.9860250895,100211.23736786295,0.8887637036821486,-0.42454069797635335,policy_rebalance
2026-08-31,2026-08-31T12:50:00-04:00,2026-08-31T12:50:00-04:00,TSLA,-1,sell,365.44000244140625,365.366914440918,0.07308800048828125,0.0,0.07308800048828125,365.44000244140625,1,143120.35293953042,100083.47470466714,0.8876566575694091,-0.43000983291057104,policy_rebalance
2026-08-31,2026-08-31T12:50:00-04:00,2026-08-31T12:50:00-04:00,AVGO,5,buy,370.44000244140625,370.5140904418945,0.37044000244140624,0.0,0.37044000244140624,1852.2000122070312,-173,141267.78248732095,100083.1042646647,0.8691533227430287,-0.4115048041849847,policy_rebalance
2026-08-31,2026-08-31T12:50:00-04:00,2026-08-31T12:50:00-04:00,SNDK,4,buy,1502.400146484375,1502.7006265136718,1.2019201171875,0.0,1.2019201171875,6009.6005859375,19,135256.97998126625,100081.9023445475,0.929210586823686,-0.35146291999549606,policy_rebalance
2026-08-31,2026-08-31T12:55:00-04:00,2026-08-31T12:55:00-04:00,SNDK,-17,sell,1502.25,1501.94955,5.10765,0.0,5.10765,25538.25,2,160790.12233126626,100043.57914889322,0.6745778566816509,-0.6072008188747922,policy_rebalance
2026-08-31,2026-08-31T12:55:00-04:00,2026-08-31T12:55:00-04:00,TSLA,-1,sell,365.82000732421875,365.74684332275393,0.07316400146484375,0.0,0.07316400146484375,365.82000732421875,0,161155.86917458902,100043.50598489176,0.6709217407857908,-0.6108578721633992,policy_rebalance
2026-08-31,2026-08-31T12:55:00-04:00,2026-08-31T12:55:00-04:00,AVGO,173,buy,370.6177062988281,370.6918298400879,12.823372637939453,0.0,12.823372637939453,64116.863189697266,0,97026.18261225382,100030.68261225382,0.030035784236785233,0.030035784236785233,policy_rebalance
2026-08-31,2026-08-31T13:00:00-04:00,2026-08-31T13:00:00-04:00,SNDK,-2,sell,1505.8199462890625,1505.5187822998048,0.602327978515625,0.0,0.602327978515625,3011.639892578125,0,100037.22017685343,100037.22017685343,0.0,0.0,policy_rebalance
2026-08-31,2026-08-31T13:05:00-04:00,2026-08-31T13:05:00-04:00,META,-93,sell,571.5,571.3857,10.6299,0.0,10.6299,53149.5,-93,153176.09027685344,100026.59027685344,0.5313537115770206,-0.5313537115770206,policy_rebalance
2026-08-31,2026-08-31T13:10:00-04:00,2026-08-31T13:10:00-04:00,SNDK,5,buy,1505.18994140625,1505.4909793945312,1.50518994140625,0.0,1.50518994140625,7525.94970703125,5,145648.63537988078,100106.00598534953,0.6053036300085904,-0.4549440260477118,policy_rebalance
2026-08-31,2026-08-31T13:15:00-04:00,2026-08-31T13:15:00-04:00,MSTR,-199,sell,131.07000732421875,131.0437933227539,5.216586291503906,0.0,5.216586291503906,26082.93145751953,-199,171726.35025110882,100026.34054651897,0.8671969167792482,-0.7168112850359103,policy_rebalance
2026-08-31,2026-08-31T13:15:00-04:00,2026-08-31T13:15:00-04:00,INTC,71,buy,89.58409881591797,89.60201563568116,1.2720942031860352,0.0,1.2720942031860352,6360.471015930176,71,165364.60714097545,100025.06845231578,0.9307967150151647,-0.6532316318264606,policy_rebalance
2026-08-31,2026-08-31T13:20:00-04:00,2026-08-31T13:20:00-04:00,SNDK,-1,sell,1500.9200439453125,1500.6198599365234,0.3001840087890625,0.0,0.3001840087890625,1500.9200439453125,4,166865.22700091198,99980.15025683239,0.9162530461328925,-0.6689835589590828,policy_rebalance
2026-08-31,2026-08-31T13:20:00-04:00,2026-08-31T13:20:00-04:00,INTC,-1,sell,89.54000091552734,89.52209291534425,0.01790800018310547,0.0,0.01790800018310547,89.54000091552734,70,166954.74909382733,99980.13234883221,0.9153576323086393,-0.6698792567239225,policy_rebalance
2026-08-31,2026-08-31T13:20:00-04:00,2026-08-31T13:20:00-04:00,META,1,buy,571.5399780273438,571.6542860229492,0.11430799560546875,0.0,0.11430799560546875,571.5399780273438,-92,166383.0948078044,99980.01804083661,0.9096421367873468,-0.6641634805451384,policy_rebalance
2026-08-31,2026-08-31T13:20:00-04:00,2026-08-31T13:20:00-04:00,MSTR,1,buy,131.1199951171875,131.14621911621094,0.0262239990234375,0.0,0.0262239990234375,131.1199951171875,-198,166251.9485886882,99979.9918168376,0.9083309130286686,-0.6628521923992571,policy_rebalance
2026-08-31,2026-08-31T13:25:00-04:00,2026-08-31T13:25:00-04:00,SNDK,-4,sell,1502.0,1501.6996000000001,1.2016,0.0,1.2016,6008.0,0,172258.7469886882,100007.19784012862,0.8476984742229101,-0.7224634897186181,policy_rebalance
2026-08-31,2026-08-31T13:30:00-04:00,2026-08-31T13:30:00-04:00,INTC,-70,sell,89.4749984741211,89.45710347442628,1.2526499786376952,0.0,1.2526499786376952,6263.249893188477,0,178520.74423189802,100148.69113131208,0.7825569382412273,-0.7825569382412273,policy_rebalance
2026-08-31,2026-08-31T13:30:00-04:00,2026-08-31T13:30:00-04:00,META,1,buy,570.8607788085938,570.9749509643555,0.11417215576171875,0.0,0.11417215576171875,570.8607788085938,-91,177949.76928093366,100148.57695915631,0.7768576916824996,-0.7768576916824996,policy_rebalance
2026-08-31,2026-08-31T13:30:00-04:00,2026-08-31T13:30:00-04:00,MSTR,11,buy,130.57000732421875,130.59612132568358,0.2872540161132813,0.0,0.2872540161132813,1436.2700805664062,-187,176513.21194635113,100148.2897051402,0.7625184859975841,-0.7625184859975841,policy_rebalance
2026-08-31,2026-08-31T13:30:00-04:00,2026-08-31T13:30:00-04:00,TSM,43,buy,416.2900085449219,416.3732665466309,3.580094073486328,0.0,3.580094073486328,17900.47036743164,43,158609.161484846,100144.7096110667,0.9412917864033187,-0.583799704456066,policy_rebalance
2026-08-31,2026-08-31T13:35:00-04:00,2026-08-31T13:35:00-04:00,TSM,-1,sell,416.20001220703125,416.11677220458984,0.08324000244140625,0.0,0.08324000244140625,416.20001220703125,42,159025.27825705058,100093.34289328105,0.938051759239054,-0.5887697788913138,policy_rebalance
2026-08-31,2026-08-31T13:35:00-04:00,2026-08-31T13:35:00-04:00,META,1,buy,571.1500244140625,571.2642544189453,0.1142300048828125,0.0,0.1142300048828125,571.1500244140625,-90,158454.01400263162,100093.22866327615,0.9323466493291913,-0.5830642703682495,policy_rebalance
2026-08-31,2026-08-31T13:35:00-04:00,2026-08-31T13:35:00-04:00,MSTR,93,buy,130.68280029296875,130.70893685302735,2.4307000854492187,0.0,2.4307000854492187,12153.500427246094,-94,146298.08287530008,100090.79796319071,0.8109445382516612,-0.461653676985396,policy_rebalance
2026-08-31,2026-08-31T13:35:00-04:00,2026-08-31T13:35:00-04:00,TSLA,-35,sell,366.3349914550781,366.26172445678714,2.564344940185547,0.0,2.564344940185547,12821.724700927734,-35,159117.24323128763,100088.23361825052,0.9390695313588712,-0.5897697209662166,policy_rebalance
2026-08-31,2026-08-31T13:40:00-04:00,2026-08-31T13:40:00-04:00,TSM,-42,sell,416.5899963378906,416.50667833862303,3.499355969238281,0.0,3.499355969238281,17496.779846191406,0,176610.5237215098,99993.84412556252,0.7662139631289653,-0.7662139631289653,policy_rebalance
2026-08-31,2026-08-31T13:40:00-04:00,2026-08-31T13:40:00-04:00,META,1,buy,571.8800048828125,571.9943808837891,0.1143760009765625,0.0,0.1143760009765625,571.8800048828125,-89,176038.529340626,99993.72974956155,0.7604956808944102,-0.7604956808944102,policy_rebalance
2026-08-31,2026-08-31T13:40:00-04:00,2026-08-31T13:40:00-04:00,MSTR,94,buy,130.8699951171875,130.89616911621093,2.460355908203125,0.0,2.460355908203125,12301.779541015625,0,163734.28944370218,99991.26939365335,0.6374858568811682,-0.6374858568811682,policy_rebalance
2026-08-31,2026-08-31T13:40:00-04:00,2026-08-31T13:40:00-04:00,TSLA,-33,sell,367.0199890136719,366.9465850158692,2.422331927490234,0.0,2.422331927490234,12111.659637451172,-68,175843.52674922586,99988.84706172586,0.7586314065675027,-0.7586314065675027,policy_rebalance
2026-08-31,2026-08-31T13:40:00-04:00,2026-08-31T13:40:00-04:00,PLTR,9,buy,185.5800018310547,185.6171178314209,0.33404400329589845,0.0,0.33404400329589845,1670.2200164794922,9,174172.97268874306,99988.51301772255,0.7753380599853358,-0.7419298220573759,policy_rebalance
2026-08-31,2026-08-31T13:45:00-04:00,2026-08-31T13:45:00-04:00,PLTR,-9,sell,186.1199951171875,186.08277111816406,0.3350159912109375,0.0,0.3350159912109375,1675.0799560546875,0,175847.71762880654,99977.297890037,0.7588764783602959,-0.7588764783602959,policy_rebalance
2026-08-31,2026-08-31T13:45:00-04:00,2026-08-31T13:45:00-04:00,TSLA,1,buy,367.3299865722656,367.40345256958005,0.07346599731445312,0.0,0.07346599731445312,367.3299865722656,-67,175480.31417623695,99977.22442403968,0.7552028993319645,-0.7552028993319645,policy_rebalance
2026-08-31,2026-08-31T13:45:00-04:00,2026-08-31T13:45:00-04:00,META,62,buy,571.8200073242188,571.9343713256836,7.090568090820312,0.0,7.090568090820312,35452.84045410156,-27,140020.38315404457,99970.13385594886,0.4006221433673959,-0.4006221433673959,policy_rebalance
2026-08-31,2026-08-31T13:45:00-04:00,2026-08-31T13:45:00-04:00,SNDK,10,buy,1500.486572265625,1500.786669580078,3.00097314453125,0.0,3.00097314453125,15004.86572265625,10,125012.51645824379,99967.13288280433,0.5507321599919783,-0.2505361797742185,policy_rebalance
2026-08-31,2026-08-31T13:50:00-04:00,2026-08-31T13:50:00-04:00,SNDK,-7,sell,1500.75,1500.44985,2.10105,0.0,2.10105,10505.25,3,135515.66540824377,99949.58185111487,0.4459306655581746,-0.35584024363511824,policy_rebalance
2026-08-31,2026-08-31T13:50:00-04:00,2026-08-31T13:50:00-04:00,TSLA,1,buy,367.6099853515625,367.6835073486328,0.0735219970703125,0.0,0.0735219970703125,367.6099853515625,-66,135147.98190089513,99949.50832911779,0.4422530366655132,-0.3521625484727187,policy_rebalance
2026-08-31,2026-08-31T13:50:00-04:00,2026-08-31T13:50:00-04:00,META,1,buy,571.7949829101562,571.9093419067383,0.11435899658203125,0.0,0.11435899658203125,571.7949829101562,-26,134576.07255898838,99949.3939701212,0.43653269775612913,-0.3464421064845922,policy_rebalance
2026-08-31,2026-08-31T13:50:00-04:00,2026-08-31T13:50:00-04:00,TSM,93,buy,416.760009765625,416.84336176757813,7.751736181640625,0.0,7.751736181640625,38758.680908203125,93,95809.63991460361,99941.64223393955,0.824379684538456,0.04134415071611396,policy_rebalance
2026-08-31,2026-08-31T13:55:00-04:00,2026-08-31T13:55:00-04:00,TSM,-47,sell,417.0320129394531,416.94860653686527,3.9201009216308593,0.0,3.9201009216308593,19600.504608154297,46,115406.22442183628,99911.87737593784,0.6292574405319844,-0.15508013113994393,policy_rebalance
2026-08-31,2026-08-31T13:55:00-04:00,2026-08-31T13:55:00-04:00,META,6,buy,571.969970703125,572.0843646972656,0.68636396484375,0.0,0.68636396484375,3431.81982421875,-20,111973.71823365267,99911.19101197299,0.5949130603896663,-0.120732493522514,policy_rebalance
2026-08-31,2026-08-31T13:55:00-04:00,2026-08-31T13:55:00-04:00,TSLA,-95,sell,368.3500061035156,368.2763361022949,6.998650115966797,0.0,6.998650115966797,34993.250579833984,-161,146959.9701633707,99904.19236185701,0.9452228255838139,-0.47100904065242577,policy_rebalance
2026-08-31,2026-08-31T14:00:00-04:00,2026-08-31T14:00:00-04:00,SNDK,-3,sell,1501.5999755859375,1501.2996555908203,0.9009599853515625,0.0,0.9009599853515625,4504.7999267578125,0,151463.86913014314,99881.5557146158,0.9001428896147988,-0.5164348216892986,policy_rebalance
2026-08-31,2026-08-31T14:00:00-04:00,2026-08-31T14:00:00-04:00,TSM,-1,sell,416.5799865722656,416.49667057495117,0.08331599731445312,0.0,0.08331599731445312,416.5799865722656,45,151880.36580071808,99881.47239861847,0.8959728971200202,-0.5206059958204906,policy_rebalance
2026-08-31,2026-08-31T14:00:00-04:00,2026-08-31T14:00:00-04:00,TSLA,69,buy,368.3900146484375,368.4636926513672,5.083782202148438,0.0,5.083782202148438,25418.911010742188,-92,126456.37100777373,99876.38861641631,0.6415147971452586,-0.2661287893922565,policy_rebalance
2026-08-31,2026-08-31T14:00:00-04:00,2026-08-31T14:00:00-04:00,META,1,buy,571.7100219726562,571.8243639770508,0.11434200439453125,0.0,0.11434200439453125,571.7100219726562,-19,125884.54664379668,99876.27427441192,0.6357913490687482,-0.26040491156014245,policy_rebalance
2026-08-31,2026-08-31T14:05:00-04:00,2026-08-31T14:05:00-04:00,TSM,-21,sell,417.0060119628906,416.92261076049806,1.7514252502441405,0.0,1.7514252502441405,8757.126251220703,24,134639.92146976714,99958.44661625152,0.5472050164777317,-0.3469589217073429,policy_rebalance
2026-08-31,2026-08-31T14:05:00-04:00,2026-08-31T14:05:00-04:00,CRM,-152,sell,261.94000244140625,261.88761444091796,7.96297607421875,0.0,7.96297607421875,39814.88037109375,-152,174446.83886478667,99950.48364017729,0.9455946620436031,-0.7453326138250314,policy_rebalance
2026-08-31,2026-08-31T14:10:00-04:00,2026-08-31T14:10:00-04:00,TSLA,34,buy,367.3599853515625,367.4334573486328,2.498047900390625,0.0,2.498047900390625,12490.239501953125,-58,161954.10131493316,99994.0969204019,0.8197172313340825,-0.6196366215883038,policy_rebalance
2026-08-31,2026-08-31T14:10:00-04:00,2026-08-31T14:10:00-04:00,CRM,128,buy,261.7799987792969,261.8323547790527,6.70156796875,0.0,6.70156796875,33507.83984375,-24,128439.55990321441,99987.39535243316,0.4846515329535936,-0.28455751297944853,policy_rebalance
2026-08-31,2026-08-31T14:10:00-04:00,2026-08-31T14:10:00-04:00,AMD,23,buy,468.8900146484375,468.9837926513672,2.1568940673828125,0.0,2.1568940673828125,10784.470336914062,23,117652.93267223297,99985.23845836578,0.5925226131773145,-0.17670302622945766,policy_rebalance
2026-08-31,2026-08-31T14:10:00-04:00,2026-08-31T14:10:00-04:00,SNDK,1,buy,1502.5400390625,1502.8405470703124,0.3005080078125,0.0,0.3005080078125,1502.5400390625,1,116150.09212516266,99984.93795035797,0.6075520578882634,-0.16167589345137773,policy_rebalance
2026-08-31,2026-08-31T14:10:00-04:00,2026-08-31T14:10:00-04:00,ORCL,-181,sell,150.4300994873047,150.40001346740723,5.44556960144043,0.0,5.44556960144043,27227.84800720215,-181,143372.49456276337,99979.49238075654,0.8799194787040663,-0.43401902878993676,policy_rebalance
2026-08-31,2026-08-31T14:15:00-04:00,2026-08-31T14:15:00-04:00,TSM,-1,sell,416.52398681640625,416.440682019043,0.08330479736328125,0.0,0.08330479736328125,416.52398681640625,23,143788.93524478242,99945.92868350312,0.8762400918555858,-0.4386672587746532,policy_rebalance
2026-08-31,2026-08-31T14:15:00-04:00,2026-08-31T14:15:00-04:00,TSLA,1,buy,367.69488525390625,367.768424230957,0.07353897705078125,0.0,0.07353897705078125,367.69488525390625,-57,143421.16682055147,99945.85514452608,0.8725617957729489,-0.4349886407311057,policy_rebalance
2026-08-31,2026-08-31T14:15:00-04:00,2026-08-31T14:15:00-04:00,META,1,buy,571.6500244140625,571.7643544189453,0.1143300048828125,0.0,0.1143300048828125,571.6500244140625,-18,142849.40246613254,99945.74081452121,0.8668431902599798,-0.42926953466913337,policy_rebalance
2026-08-31,2026-08-31T14:15:00-04:00,2026-08-31T14:15:00-04:00,ORCL,70,buy,150.46499633789062,150.4950893371582,2.106509948730469,0.0,2.106509948730469,10532.549743652344,-111,132314.74621253146,99943.63430457248,0.7614765623289173,-0.32389368400702623,policy_rebalance
2026-08-31,2026-08-31T14:15:00-04:00,2026-08-31T14:15:00-04:00,CRM,1,buy,262.0,262.0524,0.0524,0.0,0.0524,262.0,-23,132052.69381253148,99943.5819045725,0.7588554825793614,-0.32127237483460624,policy_rebalance
2026-08-31,2026-08-31T14:20:00-04:00,2026-08-31T14:20:00-04:00,AMD,-23,sell,468.9700012207031,468.876207220459,2.1572620056152343,0.0,2.1572620056152343,10786.310028076172,0,142836.84657860204,99940.44142723485,0.6511108373657996,-0.4292196886342495,policy_rebalance
2026-08-31,2026-08-31T14:20:00-04:00,2026-08-31T14:20:00-04:00,SNDK,-1,sell,1506.6099853515625,1506.3086633544922,0.3013219970703125,0.0,0.3013219970703125,1506.6099853515625,0,144343.15524195653,99940.14010523778,0.6360376766743351,-0.44429610654900037,policy_rebalance
2026-08-31,2026-08-31T14:20:00-04:00,2026-08-31T14:20:00-04:00,TSM,-1,sell,416.5799865722656,416.49667057495117,0.08331599731445312,0.0,0.08331599731445312,416.5799865722656,22,144759.65191253147,99940.05678924045,0.6318699084356468,-0.44846477541842156,policy_rebalance
2026-08-31,2026-08-31T14:20:00-04:00,2026-08-31T14:20:00-04:00,TSLA,1,buy,367.6549987792969,367.72852977905274,0.07353099975585937,0.0,0.07353099975585937,367.6549987792969,-56,144391.9233827524,99939.98325824068,0.6281916154765284,-0.4447863475186882,policy_rebalance
2026-08-31,2026-08-31T14:20:00-04:00,2026-08-31T14:20:00-04:00,META,1,buy,573.1500244140625,573.2646544189453,0.1146300048828125,0.0,0.1146300048828125,573.1500244140625,-17,143818.65872833345,99939.8686282358,0.6224573872583795,-0.43905190893657703,policy_rebalance
2026-08-31,2026-08-31T14:20:00-04:00,2026-08-31T14:20:00-04:00,ORCL,99,buy,150.3699951171875,150.40006911621094,2.9773259033203123,0.0,2.9773259033203123,14886.629516601562,-12,128929.05188582856,99936.89130233247,0.4735156294737709,-0.2901046871248779,policy_rebalance
2026-08-31,2026-08-31T14:20:00-04:00,2026-08-31T14:20:00-04:00,CRM,23,buy,261.75,261.80235,1.20405,0.0,1.20405,6020.25,0,122907.59783582856,99935.68725233247,0.41328009170929897,-0.22986693957978396,policy_rebalance
2026-08-31,2026-08-31T14:20:00-04:00,2026-08-31T14:20:00-04:00,MSTR,-11,sell,131.6649932861328,131.6386602874756,0.2896629852294922,0.0,0.2896629852294922,1448.314926147461,-11,124355.62309899079,99935.39758934724,0.4277738013760623,-0.24436011762309398,policy_rebalance
2026-08-31,2026-08-31T14:25:00-04:00,2026-08-31T14:25:00-04:00,TSM,-1,sell,416.6300048828125,416.54667888183593,0.0833260009765625,0.0,0.0833260009765625,416.6300048828125,21,124772.16977787262,99975.92424869782,0.42304890954587815,-0.2480221684922085,policy_rebalance
2026-08-31,2026-08-31T14:25:00-04:00,2026-08-31T14:25:00-04:00,TSLA,56,buy,367.4100036621094,367.4834856628418,4.114992041015625,0.0,4.114992041015625,20574.960205078125,0,104193.09458075347,99971.8092566568,0.21725870213485768,-0.04222475671375927,policy_rebalance
2026-08-31,2026-08-31T14:25:00-04:00,2026-08-31T14:25:00-04:00,META,1,buy,571.8400268554688,571.9543948608398,0.11436800537109375,0.0,0.11436800537109375,571.8400268554688,-16,103621.14018589264,99971.69488865143,0.21153893135325846,-0.03650478569264997,policy_rebalance
2026-08-31,2026-08-31T14:25:00-04:00,2026-08-31T14:25:00-04:00,ORCL,1,buy,150.53500366210938,150.5651106628418,0.030107000732421875,0.0,0.030107000732421875,150.53500366210938,-11,103470.5750752298,99971.6647816507,0.21003321835759994,-0.034999019984523747,policy_rebalance
2026-08-31,2026-08-31T14:25:00-04:00,2026-08-31T14:25:00-04:00,MSTR,1,buy,131.1649932861328,131.19122628479005,0.026232998657226562,0.0,0.026232998657226562,131.1649932861328,-10,103339.38384894501,99971.63854865204,0.20872125142988807,-0.03368700712706661,policy_rebalance
2026-08-31,2026-08-31T14:25:00-04:00,2026-08-31T14:25:00-04:00,PLTR,-140,sell,187.2967987060547,187.25933934631348,5.244310363769531,0.0,5.244310363769531,26221.551818847656,-140,129555.6913574289,99966.39423828828,0.47103586843371004,-0.29599244170605066,policy_rebalance
2026-08-31,2026-08-31T14:30:00-04:00,2026-08-31T14:30:00-04:00,ORCL,11,buy,150.4149932861328,150.44507628479005,0.3309129852294922,0.0,0.3309129852294922,1654.564926147461,0,127900.79551829622,99993.18446482942,0.4538669445085939,-0.27909513236157346,policy_rebalance
2026-08-31,2026-08-31T14:30:00-04:00,2026-08-31T14:30:00-04:00,HOOD,-66,sell,104.22000122070312,104.19915722045899,1.3757040161132812,0.0,1.3757040161132812,6878.520080566406,-66,134777.93989484652,99991.80876081332,0.522664024513418,-0.3478898078265972,policy_rebalance
2026-08-31,2026-08-31T14:35:00-04:00,2026-08-31T14:35:00-04:00,TSM,-1,sell,415.8999938964844,415.81681389770506,0.08317999877929687,0.0,0.08317999877929687,415.8999938964844,20,135193.75670874421,100028.01610815828,0.5178723158963099,-0.35155891288058666,policy_rebalance
2026-08-31,2026-08-31T14:35:00-04:00,2026-08-31T14:35:00-04:00,META,1,buy,571.5,571.6143,0.1143,0.0,0.1143,571.5,-15,134622.14240874423,100027.90180815829,0.5121595018027957,-0.3458459087438784,policy_rebalance
2026-08-31,2026-08-31T14:35:00-04:00,2026-08-31T14:35:00-04:00,PLTR,140,buy,186.8800048828125,186.91738088378906,5.23264013671875,0.0,5.23264013671875,26163.20068359375,0,108453.70908501376,100022.66916802157,0.25061358471391193,-0.08429129103552947,policy_rebalance
2026-08-31,2026-08-31T14:35:00-04:00,2026-08-31T14:35:00-04:00,MSTR,1,buy,130.66000366210938,130.6861356628418,0.026132000732421876,0.0,0.026132000732421876,130.66000366210938,-9,108323.02294935093,100022.64303602085,0.24930734593975076,-0.08298500880786451,policy_rebalance
2026-08-31,2026-08-31T14:35:00-04:00,2026-08-31T14:35:00-04:00,HOOD,1,buy,104.08999633789062,104.1108143371582,0.020817999267578127,0.0,0.020817999267578127,104.08999633789062,-65,108218.91213501377,100022.62221802158,0.2482667332868364,-0.0819443615377984,policy_rebalance
2026-08-31,2026-08-31T14:35:00-04:00,2026-08-31T14:35:00-04:00,SMCI,-321,sell,37.33000183105469,37.32253583068848,2.396586117553711,0.0,2.396586117553711,11982.930587768555,-321,120199.44613666477,100020.22563190403,0.36807775655403996,-0.20175139955217278,policy_rebalance
2026-08-31,2026-08-31T14:40:00-04:00,2026-08-31T14:40:00-04:00,META,15,buy,571.530029296875,571.6443353027344,1.714590087890625,0.0,1.714590087890625,8572.950439453125,0,111624.78110712377,100029.37168329564,0.2820752478960638,-0.11592004656932675,policy_rebalance
2026-08-31,2026-08-31T14:40:00-04:00,2026-08-31T14:40:00-04:00,MSTR,9,buy,131.17999267578125,131.2062286743164,0.23612398681640626,0.0,0.23612398681640626,1180.6199340820312,0,110443.92504905492,100029.13555930882,0.27027315320886197,-0.1041175596641141,policy_rebalance
2026-08-31,2026-08-31T14:40:00-04:00,2026-08-31T14:40:00-04:00,HOOD,48,buy,104.04499816894531,104.0658071685791,0.998831982421875,0.0,0.998831982421875,4994.159912109375,-17,105448.76630496312,100028.1367273264,0.22034830088202964,-0.054191048188902954,policy_rebalance
2026-08-31,2026-08-31T14:40:00-04:00,2026-08-31T14:40:00-04:00,SMCI,1,buy,37.26499938964844,37.272452389526364,0.007452999877929687,0.0,0.007452999877929687,37.26499938964844,-320,105411.49385257359,100028.12927432652,0.21997577210033473,-0.05381850702699064,policy_rebalance
2026-08-31,2026-08-31T14:40:00-04:00,2026-08-31T14:40:00-04:00,PLTR,-374,sell,186.9149932861328,186.8776102874756,13.981241497802735,0.0,13.981241497802735,69906.20748901367,-374,175303.72010008944,100014.1480328287,0.9189697084428211,-0.7527892158072241,policy_rebalance
2026-08-31,2026-08-31T14:40:00-04:00,2026-08-31T14:40:00-04:00,TSM,6,buy,415.510009765625,415.59311176757814,0.49861201171875,0.0,0.49861201171875,2493.06005859375,26,172810.16142948397,100013.64942081698,0.9439014880785894,-0.7278657706246546,policy_rebalance
2026-08-31,2026-08-31T14:45:00-04:00,2026-08-31T14:45:00-04:00,TSM,-1,sell,415.0,414.91700000000003,0.083,0.0,0.083,415.0,25,173225.07842948395,99872.44877555329,0.9422281200435033,-0.7344631132333452,policy_rebalance
2026-08-31,2026-08-31T14:45:00-04:00,2026-08-31T14:45:00-04:00,PLTR,1,buy,187.1699981689453,187.2074321685791,0.037433999633789065,0.0,0.037433999633789065,187.1699981689453,-373,173037.8709973154,99872.41134155367,0.9403543820983777,-0.7325892974141093,policy_rebalance
2026-08-31,2026-08-31T14:45:00-04:00,2026-08-31T14:45:00-04:00,HOOD,17,buy,104.44999694824219,104.47088694763184,0.3551299896240234,0.0,0.3551299896240234,1775.6499481201172,0,171261.86591920565,99872.05621156405,0.9225784789336585,-0.7148126554680414,policy_rebalance
2026-08-31,2026-08-31T14:45:00-04:00,2026-08-31T14:45:00-04:00,SMCI,320,buy,37.345001220703125,37.35247022094727,2.390080078125,0.0,2.390080078125,11950.400390625,0,159309.07544850252,99869.66613148592,0.8029405967117305,-0.5951698009960317,policy_rebalance
2026-08-31,2026-08-31T14:45:00-04:00,2026-08-31T14:45:00-04:00,GOOGL,-42,sell,337.94000244140625,337.87241444091796,2.8386960205078124,0.0,2.8386960205078124,14193.480102539062,-42,173499.71685502108,99866.82743546541,0.9450874914450096,-0.7373107898830341,policy_rebalance
2026-08-31,2026-08-31T14:50:00-04:00,2026-08-31T14:50:00-04:00,TSM,-25,sell,415.30999755859375,415.22693555908205,2.0765499877929687,0.0,2.0765499877929687,10382.749938964844,0,183880.39024399812,99784.30662583406,0.8427786538969814,-0.8427786538969814,policy_rebalance
2026-08-31,2026-08-31T14:50:00-04:00,2026-08-31T14:50:00-04:00,GOOGL,1,buy,338.1748046875,338.2424396484375,0.0676349609375,0.0,0.0676349609375,338.1748046875,-41,183542.1478043497,99784.23899087313,0.8393901648249036,-0.8393901648249036,policy_rebalance
2026-08-31,2026-08-31T14:50:00-04:00,2026-08-31T14:50:00-04:00,PLTR,104,buy,187.3800048828125,187.41748088378907,3.8975041015625,0.0,3.8975041015625,19487.5205078125,-269,164050.72979243562,99780.34148677156,0.6441187447147066,-0.6441187447147066,policy_rebalance
2026-08-31,2026-08-31T14:50:00-04:00,2026-08-31T14:50:00-04:00,AVGO,81,buy,369.9049987792969,369.97897977905274,5.992460980224609,0.0,5.992460980224609,29962.304901123047,81,134082.43243033235,99774.34902579134,0.944458110996327,-0.3438567501520104,policy_rebalance
2026-08-31,2026-08-31T14:55:00-04:00,2026-08-31T14:55:00-04:00,HOOD,-4,sell,104.41500091552734,104.39411791534424,0.08353200073242187,0.0,0.08353200073242187,417.6600036621094,-4,134500.00890199371,99762.66187135407,0.949277565939514,-0.3481998813888321,policy_rebalance
2026-08-31,2026-08-31T15:00:00-04:00,2026-08-31T15:00:00-04:00,PLTR,48,buy,187.39999389648438,187.43747389526368,1.79903994140625,0.0,1.79903994140625,8995.19970703125,-221,125503.01015502105,99763.04061156402,0.8586236769382535,-0.2580110769045003,policy_rebalance
2026-08-31,2026-08-31T15:05:00-04:00,2026-08-31T15:05:00-04:00,GOOGL,1,buy,338.20001220703125,338.26765220947266,0.06764000244140625,0.0,0.06764000244140625,338.20001220703125,-40,125164.74250281158,99737.98087561432,0.8553904910815485,-0.25493559628911683,policy_rebalance
2026-08-31,2026-08-31T15:10:00-04:00,2026-08-31T15:10:00-04:00,NVDA,40,buy,218.80999755859375,218.85375955810545,1.75047998046875,0.0,1.75047998046875,8752.39990234375,40,116410.59212048736,99679.17030652252,0.9442164250509268,-0.16785273956950283,policy_rebalance
2026-08-31,2026-08-31T15:15:00-04:00,2026-08-31T15:15:00-04:00,NVDA,-1,sell,218.9499969482422,218.90620694885254,0.043789999389648435,0.0,0.043789999389648435,218.9499969482422,39,116629.49832743622,99716.96001261688,0.9419888015732581,-0.16960543434817352,policy_rebalance
2026-08-31,2026-08-31T15:15:00-04:00,2026-08-31T15:15:00-04:00,AVGO,-31,sell,370.010009765625,369.9360077636719,2.294062060546875,0.0,2.294062060546875,11470.310302734375,50,128097.51456811004,99714.66595055633,0.8269791466479764,-0.2846406629053683,policy_rebalance
2026-08-31,2026-08-31T15:15:00-04:00,2026-08-31T15:15:00-04:00,GOOGL,1,buy,338.79998779296875,338.86774779052735,0.06775999755859374,0.0,0.06775999755859374,338.79998779296875,-39,127758.64682031951,99714.59819055877,0.8235820116463325,-0.28124315936336014,policy_rebalance
2026-08-31,2026-08-31T15:15:00-04:00,2026-08-31T15:15:00-04:00,PLTR,24,buy,187.55999755859375,187.59750955810546,0.90028798828125,0.0,0.90028798828125,4501.43994140625,-197,123256.30659092499,99713.6979025705,0.7784458009241967,-0.23610205201052517,policy_rebalance
2026-08-31,2026-08-31T15:15:00-04:00,2026-08-31T15:15:00-04:00,HOOD,1,buy,104.91000366210938,104.93098566284179,0.020982000732421874,0.0,0.020982000732421874,104.91000366210938,-3,123151.37560526215,99713.67692056976,0.7773938522492391,-0.23504998921424247,policy_rebalance
2026-08-31,2026-08-31T15:15:00-04:00,2026-08-31T15:15:00-04:00,SNDK,10,buy,1456.85498046875,1457.1463514648437,2.9137099609375,0.0,2.9137099609375,14568.5498046875,10,108579.91209061371,99710.76321060883,0.9235246653704057,-0.08894876134155637,policy_rebalance
2026-08-31,2026-08-31T15:15:00-04:00,2026-08-31T15:15:00-04:00,SMCI,-28,sell,37.29999923706055,37.292539237213134,0.20887999572753907,0.0,0.20887999572753907,1044.3999786376953,-28,109624.10318925568,99710.5543306131,0.9340009172725089,-0.09942326492110298,policy_rebalance
2026-08-31,2026-08-31T15:20:00-04:00,2026-08-31T15:20:00-04:00,NVDA,-1,sell,218.85499572753906,218.81122472839357,0.04377099914550781,0.0,0.04377099914550781,218.85499572753906,38,109842.91441398408,99704.76673942353,0.9322591141873562,-0.10168167486973215,policy_rebalance
2026-08-31,2026-08-31T15:20:00-04:00,2026-08-31T15:20:00-04:00,AVGO,-1,sell,369.6499938964844,369.57606389770507,0.07392999877929687,0.0,0.07392999877929687,369.6499938964844,49,110212.49047788179,99704.69280942476,0.9285523571474671,-0.10538919856602541,policy_rebalance
2026-08-31,2026-08-31T15:20:00-04:00,2026-08-31T15:20:00-04:00,SNDK,-10,sell,1460.7275390625,1460.4353935546876,2.921455078125,0.0,2.921455078125,14607.275390625,0,124816.84441342867,99701.77135434664,0.7820698777668316,-0.2519019744375595,policy_rebalance
2026-08-31,2026-08-31T15:20:00-04:00,2026-08-31T15:20:00-04:00,HOOD,3,buy,104.68499755859375,104.70593455810547,0.06281099853515625,0.0,0.06281099853515625,314.05499267578125,0,124502.72660975435,99701.7085433481,0.7789204245159949,-0.2487521871866751,policy_rebalance
2026-08-31,2026-08-31T15:20:00-04:00,2026-08-31T15:20:00-04:00,MSTR,-84,sell,132.49000549316406,132.46350749206545,2.2258320922851564,0.0,2.2258320922851564,11129.160461425781,-84,135629.66123908784,99699.48271125581,0.8905648774740978,-0.3603848039201071,policy_rebalance
2026-08-31,2026-08-31T15:20:00-04:00,2026-08-31T15:20:00-04:00,SMCI,-127,sell,37.29499816894531,37.28753916931152,0.9472929534912109,0.0,0.9472929534912109,4736.464767456055,-155,140365.1787135904,99698.53541830232,0.9380812063089491,-0.4078960952100671,policy_rebalance
2026-08-31,2026-08-31T15:25:00-04:00,2026-08-31T15:25:00-04:00,AVGO,-16,sell,369.9800109863281,369.9060149841309,1.18393603515625,0.0,1.18393603515625,5919.68017578125,33,146283.6749533365,99780.06745135286,0.877958595739419,-0.46606109506446447,policy_rebalance
2026-08-31,2026-08-31T15:25:00-04:00,2026-08-31T15:25:00-04:00,PLTR,119,buy,187.5074005126953,187.54490199279786,4.462676132202149,0.0,4.462676132202149,22313.380661010742,-78,123965.83161619357,99775.60477522067,0.6543622300105385,-0.24244630634381842,policy_rebalance
2026-08-31,2026-08-31T15:25:00-04:00,2026-08-31T15:25:00-04:00,MSTR,20,buy,132.50999450683594,132.5364965057373,0.5300399780273437,0.0,0.5300399780273437,2650.1998901367188,-64,121315.10168607882,99775.07473524264,0.62780396323874,-0.21588585133104185,policy_rebalance
2026-08-31,2026-08-31T15:25:00-04:00,2026-08-31T15:25:00-04:00,SMCI,-1,sell,37.29999923706055,37.292539237213134,0.007459999847412109,0.0,0.007459999847412109,37.29999923706055,-156,121352.39422531603,99775.06727524279,0.6281778510613523,-0.21625970835528796,policy_rebalance
2026-08-31,2026-08-31T15:30:00-04:00,2026-08-31T15:30:00-04:00,PLTR,32,buy,187.38499450683594,187.4224715057373,1.19926396484375,0.0,1.19926396484375,5996.31982421875,-46,115354.87513713245,99749.7658231676,0.5682610813395395,-0.15644256590666045,policy_rebalance
2026-08-31,2026-08-31T15:30:00-04:00,2026-08-31T15:30:00-04:00,SMCI,1,buy,37.349998474121094,37.35746847381592,0.007469999694824219,0.0,0.007469999694824219,37.349998474121094,-155,115317.51766865863,99749.75835316791,0.5678866869131209,-0.15606814064022553,policy_rebalance
2026-08-31,2026-08-31T15:30:00-04:00,2026-08-31T15:30:00-04:00,SNDK,1,buy,1475.989990234375,1476.285188232422,0.295197998046875,0.0,0.295197998046875,1475.989990234375,1,113841.23248042622,99749.46315516987,0.5826853392823188,-0.14127163073885668,policy_rebalance
2026-08-31,2026-08-31T15:35:00-04:00,2026-08-31T15:35:00-04:00,MSTR,64,buy,132.6999969482422,132.72653694763184,1.6985599609375,0.0,1.6985599609375,8492.7998046875,0,105346.73411577778,99744.7947885378,0.4976451095999279,-0.05616272346959341,policy_rebalance
2026-08-31,2026-08-31T15:35:00-04:00,2026-08-31T15:35:00-04:00,SNDK,3,buy,1473.6099853515625,1473.9047073486329,0.8841659912109375,0.0,0.8841659912109375,4420.8299560546875,4,100925.01999373188,99743.91062254658,0.541971323895529,-0.011841418326326573,policy_rebalance
2026-08-31,2026-08-31T15:35:00-04:00,2026-08-31T15:35:00-04:00,HOOD,-253,sell,105.27999877929688,105.25894277954102,5.327167938232422,0.0,5.327167938232422,26635.83969116211,-253,127555.53251695576,99738.58345460835,0.8090567981497896,-0.278898577650314,policy_rebalance
2026-08-31,2026-08-31T15:40:00-04:00,2026-08-31T15:40:00-04:00,NVDA,-38,sell,219.77999877929688,219.736042779541,1.6703279907226563,0.0,1.6703279907226563,8351.639953613281,0,135905.5021425783,99873.17369332904,0.7238551324266992,-0.3607808495191139,policy_rebalance
2026-08-31,2026-08-31T15:40:00-04:00,2026-08-31T15:40:00-04:00,AVGO,-5,sell,369.7300109863281,369.65606498413086,0.36973001098632813,0.0,0.36973001098632813,1848.6500549316406,28,137753.78246749897,99872.80396331806,0.7053477675524291,-0.37929222972546245,policy_rebalance
2026-08-31,2026-08-31T15:40:00-04:00,2026-08-31T15:40:00-04:00,SNDK,-1,sell,1482.4000244140625,1482.1035444091797,0.2964800048828125,0.0,0.2964800048828125,1482.4000244140625,3,139235.88601190815,99872.50748331318,0.6905069375757497,-0.39413627954792113,policy_rebalance
2026-08-31,2026-08-31T15:40:00-04:00,2026-08-31T15:40:00-04:00,PLTR,46,buy,187.14999389648438,187.18742389526366,1.7217799438476562,0.0,1.7217799438476562,8608.899719238281,0,130625.26451272602,99870.78570336933,0.6043184615602688,-0.30794269407974756,policy_rebalance
2026-08-31,2026-08-31T15:40:00-04:00,2026-08-31T15:40:00-04:00,HOOD,253,buy,105.05000305175781,105.07101305236816,5.315530154418945,0.0,5.315530154418945,26577.650772094727,0,104042.29821047687,99865.47017321491,0.33821608950918314,-0.04182454686306816,policy_rebalance
2026-08-31,2026-08-31T15:40:00-04:00,2026-08-31T15:40:00-04:00,GOOGL,-167,sell,338.6600036621094,338.59227166137697,11.311244122314454,0.0,11.311244122314454,56556.220611572266,-206,160587.20757792683,99854.1589290926,0.9046426346117324,-0.6082175174292074,policy_rebalance
2026-08-31,2026-08-31T15:40:00-04:00,2026-08-31T15:40:00-04:00,SMCI,-107,sell,37.21760177612305,37.21015825576782,0.7964566780090332,0.0,0.7964566780090332,3982.283390045166,-262,164568.694511294,99853.36247241459,0.9445311651538367,-0.6481036836066246,policy_rebalance
2026-08-31,2026-08-31T15:45:00-04:00,2026-08-31T15:45:00-04:00,AVGO,-1,sell,369.6099853515625,369.53606335449217,0.0739219970703125,0.0,0.0739219970703125,369.6099853515625,27,164938.23057464848,99779.72794250736,0.9423832282673124,-0.6530234545205931,policy_rebalance
2026-08-31,2026-08-31T15:45:00-04:00,2026-08-31T15:45:00-04:00,SNDK,-1,sell,1485.550048828125,1485.2529388183593,0.297110009765625,0.0,0.297110009765625,1485.550048828125,2,166423.48351346684,99779.4308324976,0.9274976947966781,-0.667913738582518,policy_rebalance
2026-08-31,2026-08-31T15:45:00-04:00,2026-08-31T15:45:00-04:00,GOOGL,1,buy,338.9800109863281,339.0478069885254,0.06779600219726563,0.0,0.06779600219726563,338.9800109863281,-205,166084.4357064783,99779.3630364954,0.9241010291933247,-0.6645168966024678,policy_rebalance
2026-08-31,2026-08-31T15:45:00-04:00,2026-08-31T15:45:00-04:00,SMCI,1,buy,37.27000045776367,37.27745445785522,0.007454000091552735,0.0,0.007454000091552735,37.27000045776367,-261,166047.15825202045,99779.35558249531,0.9237275740633425,-0.6641434220802963,policy_rebalance
2026-08-31,2026-08-31T15:45:00-04:00,2026-08-31T15:45:00-04:00,NFLX,22,buy,81.5,81.5163,0.3586,0.0,0.3586,1793.0,22,164253.79965202045,99778.9969824953,0.9417006074966479,-0.6461760953644008,policy_rebalance
2026-08-31,2026-08-31T15:50:00-04:00,2026-08-31T15:50:00-04:00,AVGO,-4,sell,369.57000732421875,369.4960933227539,0.295656005859375,0.0,0.295656005859375,1478.280029296875,23,165731.78402531147,99787.3035184145,0.9268680240287113,-0.6608504106409464,policy_rebalance
2026-08-31,2026-08-31T15:50:00-04:00,2026-08-31T15:50:00-04:00,SNDK,-2,sell,1489.9599609375,1489.6619689453125,0.595983984375,0.0,0.595983984375,2979.919921875,0,168711.10796320208,99786.70753443011,0.8970106652983508,-0.6907172521449363,policy_rebalance
2026-08-31,2026-08-31T15:50:00-04:00,2026-08-31T15:50:00-04:00,NFLX,-1,sell,81.4800033569336,81.4637073562622,0.01629600067138672,0.0,0.01629600067138672,81.4800033569336,21,168792.57167055833,99786.69123842943,0.896194269998943,-0.6915339067335831,policy_rebalance
2026-08-31,2026-08-31T15:50:00-04:00,2026-08-31T15:50:00-04:00,GOOGL,1,buy,338.9100036621094,338.97778566284177,0.06778200073242187,0.0,0.06778200073242187,338.9100036621094,-204,168453.5938848955,99786.6234564287,0.8927985317117425,-0.6881380294268586,policy_rebalance
2026-08-31,2026-08-31T15:50:00-04:00,2026-08-31T15:50:00-04:00,SMCI,1,buy,37.31999969482422,37.32746369476318,0.007463999938964844,0.0,0.007463999938964844,37.31999969482422,-260,168416.26642120074,99786.61599242876,0.8924246004437509,-0.6877640828503413,policy_rebalance
2026-08-31,2026-08-31T15:50:00-04:00,2026-08-31T15:50:00-04:00,AMD,-2,sell,469.8800048828125,469.78602888183593,0.187952001953125,0.0,0.187952001953125,939.760009765625,-2,169355.8384789644,99786.4280404268,0.901843995056965,-0.6971830919767237,policy_rebalance
2026-08-31,2026-08-31T15:50:00-04:00,2026-08-31T15:50:00-04:00,HOOD,-34,sell,105.08999633789062,105.06897833862305,0.7146119750976563,0.0,0.7146119750976563,3573.0598754882812,-34,172928.1837424776,99785.71342845171,0.9376577826345749,-0.7329954138822733,policy_rebalance
2026-08-31,2026-08-31T15:55:00-04:00,,AVGO,-23,sell,370.94500732421875,370.8708183227539,1.7063470336914062,0.0,1.7063470336914062,8531.735168457031,0,181458.21256390092,99576.90194073197,0.8564778486692077,-0.8222922086078214,scheduled_1555_liquidation
2026-08-31,2026-08-31T15:55:00-04:00,,NFLX,-21,sell,81.05000305175781,81.03379305114747,0.3404100128173828,0.0,0.3404100128173828,1702.050064086914,0,183159.92221797502,99576.56153071916,0.8393878981397702,-0.8393878981397702,scheduled_1555_liquidation
2026-08-31,2026-08-31T15:55:00-04:00,,AMD,2,buy,471.2799987792969,471.3742547790527,0.18851199951171874,0.0,0.18851199951171874,942.5599975585938,0,182217.17370841693,99576.37301871966,0.8299237879869492,-0.8299237879869492,scheduled_1555_liquidation
2026-08-31,2026-08-31T15:55:00-04:00,,GOOGL,204,buy,339.94000244140625,340.00799044189455,13.869552099609376,0.0,13.869552099609376,69347.76049804688,0,112855.54365827044,99562.50346662005,0.133514523327621,-0.133514523327621,scheduled_1555_liquidation
2026-08-31,2026-08-31T15:55:00-04:00,,HOOD,34,buy,105.01000213623047,105.03100413665771,0.7140680145263671,0.0,0.7140680145263671,3570.340072631836,0,109284.48951762408,99561.78939860553,0.0976549354702009,-0.0976549354702009,scheduled_1555_liquidation
2026-08-31,2026-08-31T15:55:00-04:00,,SMCI,260,buy,37.39500045776367,37.40247945785522,1.944540023803711,0.0,1.944540023803711,9722.700119018555,0,99559.84485858172,99559.84485858172,0.0,0.0,scheduled_1555_liquidation
2026-09-01,2026-09-01T09:35:00-04:00,2026-09-01T09:35:00-04:00,GOOGL,-74,sell,334.3999938964844,334.33311389770506,4.949119909667969,0.0,4.949119909667969,24745.599548339844,-74,124300.4952870119,99554.89573867206,0.248562357127028,-0.248562357127028,policy_rebalance
2026-09-01,2026-09-01T09:35:00-04:00,2026-09-01T09:35:00-04:00,CRM,269,buy,258.5150146484375,258.5667176513672,13.908107788085937,0.0,13.908107788085937,69540.53894042969,269,54746.04823879413,99540.98763088397,0.9472091922414877,0.4500150185187794,policy_rebalance
2026-09-01,2026-09-01T09:40:00-04:00,2026-09-01T09:40:00-04:00,CRM,-269,sell,257.0899963378906,257.03857833862304,13.831441802978516,0.0,13.831441802978516,69157.20901489258,0,123889.42581188373,99112.74526989154,0.24998480744856175,-0.24998480744856175,policy_rebalance
2026-09-01,2026-09-01T09:40:00-04:00,2026-09-01T09:40:00-04:00,GOOGL,74,buy,334.82000732421875,334.8869713256836,4.955336108398438,0.0,4.955336108398438,24776.680541992188,0,99107.78993378315,99107.78993378315,0.0,0.0,policy_rebalance
2026-09-01,2026-09-01T09:40:00-04:00,2026-09-01T09:40:00-04:00,MSFT,44,buy,500.1300048828125,500.230030883789,4.40114404296875,0.0,4.40114404296875,22005.72021484375,44,77097.66857489644,99103.38878974019,0.22204811039844,0.22204811039844,policy_rebalance
2026-09-01,2026-09-01T09:40:00-04:00,2026-09-01T09:40:00-04:00,AMD,40,buy,455.2349853515625,455.3260323486328,3.6418798828125,0.0,3.6418798828125,18209.3994140625,40,58884.62728095113,99099.74690985738,0.40580446351176386,0.40580446351176386,policy_rebalance
2026-09-01,2026-09-01T09:40:00-04:00,2026-09-01T09:40:00-04:00,MARA,-5258,sell,10.225899696350098,10.223854516410828,10.753556120681763,0.0,10.753556120681763,53767.78060340881,-5258,112641.65432823927,99088.9933537367,0.9484696236322288,-0.13677261737962226,policy_rebalance
2026-09-01,2026-09-01T09:45:00-04:00,2026-09-01T09:45:00-04:00,MSFT,-44,sell,503.5950012207031,503.494282220459,4.431636010742188,0.0,4.431636010742188,22158.180053710938,0,134795.40274593947,98898.87305996535,0.7306506785532116,-0.362961968881172,policy_rebalance
2026-09-01,2026-09-01T09:45:00-04:00,2026-09-01T09:45:00-04:00,AMD,-40,sell,454.54998779296875,454.45907779541017,3.63639990234375,0.0,3.63639990234375,18181.99951171875,0,152973.76585775588,98895.236660063,0.5468264299076345,-0.5468264299076345,policy_rebalance
2026-09-01,2026-09-01T09:45:00-04:00,2026-09-01T09:45:00-04:00,MARA,5258,buy,10.28499984741211,10.287056847381592,10.815705839538575,0.0,10.815705839538575,54078.52919769287,0,98884.42095422346,98884.42095422346,0.0,0.0,policy_rebalance
2026-09-01,2026-09-01T09:45:00-04:00,2026-09-01T09:45:00-04:00,AVGO,-68,sell,363.30010986328125,363.2274498413086,4.940881494140625,0.0,4.940881494140625,24704.407470703125,-68,123583.88754343244,98879.48007272932,0.24984362228171272,-0.24984362228171272,policy_rebalance
2026-09-01,2026-09-01T09:45:00-04:00,2026-09-01T09:45:00-04:00,MSTR,543,buy,127.30000305175781,127.32546305236816,13.824780331420898,0.0,13.824780331420898,69123.90165710449,543,54446.161105996536,98865.6552923979,0.9490485735446531,0.4492914557136094,policy_rebalance
2026-09-01,2026-09-01T09:50:00-04:00,2026-09-01T09:50:00-04:00,MSTR,-399,sell,128.5800018310547,128.55428583068849,10.260684146118164,0.0,10.260684146118164,51303.42073059082,144,105739.32115244123,99498.27183603498,0.4349029289177893,-0.0627252031742922,policy_rebalance
2026-09-01,2026-09-01T09:50:00-04:00,2026-09-01T09:50:00-04:00,AVGO,1,buy,364.06719970703125,364.14001314697265,0.07281343994140625,0.0,0.07281343994140625,364.06719970703125,-67,105375.18113929426,99498.19902259504,0.4312442141218957,-0.05906621601627799,policy_rebalance
2026-09-01,2026-09-01T09:50:00-04:00,2026-09-01T09:50:00-04:00,MSFT,13,buy,504.2200012207031,504.32084522094726,1.3109720031738281,0.0,1.3109720031738281,6554.860015869141,13,98819.01015142194,99496.88805059186,0.497129946765384,0.006813056292024296,policy_rebalance
2026-09-01,2026-09-01T09:50:00-04:00,2026-09-01T09:50:00-04:00,PLTR,240,buy,184.1300048828125,184.16683088378906,8.838240234375,0.0,8.838240234375,44191.201171875,240,54618.970739312565,99488.04981035748,0.9413601333055479,0.4509996844502796,policy_rebalance
2026-09-01,2026-09-01T09:55:00-04:00,2026-09-01T09:55:00-04:00,MSFT,-13,sell,501.3500061035156,501.24973610229495,1.3035100158691406,0.0,1.3035100158691406,6517.550079345703,0,61135.2173086424,98966.4148489256,0.8745754657302708,0.38226298889409455,policy_rebalance
2026-09-01,2026-09-01T09:55:00-04:00,2026-09-01T09:55:00-04:00,PLTR,-240,sell,182.2449951171875,182.20854611816407,8.747759765625,0.0,8.747759765625,43738.798828125,0,104865.26837700178,98957.66708915998,0.43265772920306966,-0.059698267568485626,policy_rebalance
2026-09-01,2026-09-01T09:55:00-04:00,2026-09-01T09:55:00-04:00,MSTR,-144,sell,128.14999389648438,128.12436389770508,3.69071982421875,0.0,3.69071982421875,18453.59912109375,0,123315.1767782713,98953.97636933575,0.2461871801695954,-0.2461871801695954,policy_rebalance
2026-09-01,2026-09-01T09:55:00-04:00,2026-09-01T09:55:00-04:00,AVGO,56,buy,363.6000061035156,363.67272610473634,4.072320068359375,0.0,4.072320068359375,20361.600341796875,-11,102949.50411640607,98949.9040492674,0.04042045422446556,-0.04042045422446556,policy_rebalance
2026-09-01,2026-09-01T09:55:00-04:00,2026-09-01T09:55:00-04:00,TSLA,193,buy,358.34991455078125,358.4215845336914,13.832306701660157,0.0,13.832306701660157,69161.53350830078,193,33774.138301403626,98936.07174256573,0.7394788603069531,0.6586266494460704,policy_rebalance
2026-09-01,2026-09-01T09:55:00-04:00,2026-09-01T09:55:00-04:00,ORCL,142,buy,144.14999389648438,144.17882389526366,4.0938598266601565,0.0,4.0938598266601565,20469.29913330078,142,13300.745308276186,98931.97788273907,0.946412218905776,0.8655566623358008,policy_rebalance
2026-09-01,2026-09-01T10:00:00-04:00,2026-09-01T10:00:00-04:00,TSLA,-21,sell,358.8500061035156,358.77823610229495,1.5071700256347655,0.0,1.5071700256347655,7535.850128173828,172,20835.08826642438,98996.89786725446,0.870226050197658,0.7895379682062131,policy_rebalance
2026-09-01,2026-09-01T10:00:00-04:00,2026-09-01T10:00:00-04:00,AVGO,4,buy,363.0849914550781,363.1576084533691,0.2904679931640625,0.0,0.2904679931640625,1452.3399658203125,-7,19382.457832610904,98996.6073992613,0.8555580001386339,0.8042108882131699,policy_rebalance
2026-09-01,2026-09-01T10:00:00-04:00,2026-09-01T10:00:00-04:00,CRM,35,buy,256.3399963378906,256.3912643371582,1.7943799743652344,0.0,1.7943799743652344,8971.899871826172,35,10408.763580810368,98994.81301928693,0.9462035076585104,0.8948554650152988,policy_rebalance
2026-09-01,2026-09-01T10:05:00-04:00,2026-09-01T10:05:00-04:00,TSLA,-168,sell,358.5150146484375,358.44331164550783,12.0461044921875,0.0,12.0461044921875,60230.5224609375,4,70627.23993725568,98901.84528393537,0.3373717170592497,0.28588551877375673,policy_rebalance
2026-09-01,2026-09-01T10:05:00-04:00,2026-09-01T10:05:00-04:00,ORCL,-1,sell,143.52999877929688,143.50129277954102,0.028705999755859374,0.0,0.028705999755859374,143.52999877929688,141,70770.74123003523,98901.81657793562,0.3359205777460119,0.2844343645167814,policy_rebalance
2026-09-01,2026-09-01T10:05:00-04:00,2026-09-01T10:05:00-04:00,CRM,-1,sell,257.2950134277344,257.24355442504884,0.05145900268554687,0.0,0.05145900268554687,257.2950134277344,34,71027.98478446028,98901.76511893293,0.33331923158216503,0.2818329915644421,policy_rebalance
2026-09-01,2026-09-01T10:05:00-04:00,2026-09-01T10:05:00-04:00,AVGO,-122,sell,363.7200012207031,363.647257220459,8.874768029785157,0.0,8.874768029785157,44373.84014892578,-129,115392.95016535628,98892.89035090315,0.7820552137374349,-0.1668477860835669,policy_rebalance
2026-09-01,2026-09-01T10:05:00-04:00,2026-09-01T10:05:00-04:00,SNDK,3,buy,1542.8599853515625,1543.1685573486327,0.9257159912109375,0.0,0.9257159912109375,4628.5799560546875,3,110763.44449331038,98891.96463491194,0.8288669434281378,-0.12004493896167814,policy_rebalance
2026-09-01,2026-09-01T10:05:00-04:00,2026-09-01T10:05:00-04:00,COIN,-59,sell,181.39999389648438,181.36371389770508,2.1405199279785156,0.0,2.1405199279785156,10702.599639892578,-59,121463.90361327498,98889.82411498396,0.9371123968092273,-0.2282750495343489,policy_rebalance
2026-09-01,2026-09-01T10:10:00-04:00,2026-09-01T10:10:00-04:00,SNDK,-1,sell,1535.9849853515625,1535.6777883544921,0.3071969970703125,0.0,0.3071969970703125,1535.9849853515625,2,122999.58140162946,98720.22187404157,0.9275785477581233,-0.24594109562037092,policy_rebalance
2026-09-01,2026-09-01T10:10:00-04:00,2026-09-01T10:10:00-04:00,TSLA,-4,sell,359.2349853515625,359.1631383544922,0.28738798828125,0.0,0.28738798828125,1436.93994140625,0,124436.23395504743,98719.93448605329,0.9130255258790783,-0.2604975337845998,policy_rebalance
2026-09-01,2026-09-01T10:10:00-04:00,2026-09-01T10:10:00-04:00,ORCL,-62,sell,144.19000244140625,144.161164440918,1.7879560302734374,0.0,1.7879560302734374,8939.780151367188,79,133374.22615038435,98718.14653002302,0.8224834318867233,-0.35106088230517396,policy_rebalance
2026-09-01,2026-09-01T10:10:00-04:00,2026-09-01T10:10:00-04:00,CRM,-34,sell,259.0,258.9482,1.7612,0.0,1.7612,8806.0,0,142178.46495038434,98716.38533002301,0.7332930567251443,-0.44027219468238604,policy_rebalance
2026-09-01,2026-09-01T10:10:00-04:00,2026-09-01T10:10:00-04:00,COIN,59,buy,182.08999633789062,182.1264143371582,2.1486619567871093,0.0,2.1486619567871093,10743.309783935547,0,131433.00650449202,98714.23666806624,0.6244765926809431,-0.3314493526039715,policy_rebalance
2026-09-01,2026-09-01T10:10:00-04:00,2026-09-01T10:10:00-04:00,AVGO,-32,sell,365.75,365.67685,2.3408,0.0,2.3408,11704.0,-161,143134.665704492,98711.89586806623,0.7430586710806238,-0.45002448231567965,policy_rebalance
2026-09-01,2026-09-01T10:10:00-04:00,2026-09-01T10:10:00-04:00,SMCI,532,buy,35.95000076293945,35.95719076309204,3.825080081176758,0.0,3.825080081176758,19125.40040588379,532,124005.44021852704,98708.07078798505,0.9368446757315628,-0.256284711357374,policy_rebalance
2026-09-01,2026-09-01T10:15:00-04:00,2026-09-01T10:15:00-04:00,SNDK,-1,sell,1534.6199951171875,1534.313071118164,0.3069239990234375,0.0,0.3069239990234375,1534.6199951171875,1,125539.7532896452,98638.37503952313,0.9195802198586706,-0.27272730556786884,policy_rebalance
2026-09-01,2026-09-01T10:15:00-04:00,2026-09-01T10:15:00-04:00,SMCI,-1,sell,35.755001068115234,35.74785006790161,0.007151000213623047,0.0,0.007151000213623047,35.755001068115234,531,125575.5011397131,98638.36788852292,0.9192178007927938,-0.273089811072639,policy_rebalance
2026-09-01,2026-09-01T10:15:00-04:00,2026-09-01T10:15:00-04:00,AVGO,1,buy,365.239990234375,365.3130382324219,0.073047998046875,0.0,0.073047998046875,365.239990234375,-160,125210.18810148069,98638.29484052488,0.9155156601201,-0.2693871919006342,policy_rebalance
2026-09-01,2026-09-01T10:15:00-04:00,2026-09-01T10:15:00-04:00,ORCL,8,buy,143.6199951171875,143.64871911621094,0.2297919921875,0.0,0.2297919921875,1148.9599609375,87,124060.998348551,98638.06504853269,0.9271660340253413,-0.25773957840220724,policy_rebalance
2026-09-01,2026-09-01T10:20:00-04:00,2026-09-01T10:20:00-04:00,AVGO,47,buy,364.8450012207031,364.91797022094727,3.4295430114746095,0.0,3.4295430114746095,17147.715057373047,-113,106909.85374816648,98769.1688764929,0.752403672619059,-0.08242131592555164,policy_rebalance
2026-09-01,2026-09-01T10:20:00-04:00,2026-09-01T10:20:00-04:00,MSFT,-32,sell,504.57000732421875,504.4690933227539,3.229248046875,0.0,3.229248046875,16146.240234375,-32,123052.86473449461,98765.93962844602,0.9159081154787736,-0.2459038530632639,policy_rebalance
2026-09-01,2026-09-01T10:20:00-04:00,2026-09-01T10:20:00-04:00,MU,3,buy,935.8599853515625,936.0471573486328,0.5615159912109375,0.0,0.5615159912109375,2807.5799560546875,3,120244.72326244871,98765.37811245481,0.944340085332731,-0.2174784885199082,policy_rebalance
2026-09-01,2026-09-01T10:25:00-04:00,2026-09-01T10:25:00-04:00,MU,-1,sell,936.6179809570312,936.4306573608399,0.18732359619140626,0.0,0.18732359619140626,936.6179809570312,2,121181.15391980954,98780.46930753537,0.9331745284461952,-0.22677240520627245,policy_rebalance
2026-09-01,2026-09-01T10:25:00-04:00,2026-09-01T10:25:00-04:00,SNDK,-1,sell,1535.1650390625,1534.8580060546876,0.3070330078125,0.0,0.3070330078125,1535.1650390625,0,122716.01192586422,98780.16227452755,0.9176362008271889,-0.2423143382252674,policy_rebalance
2026-09-01,2026-09-01T10:25:00-04:00,2026-09-01T10:25:00-04:00,ORCL,-1,sell,142.9499969482422,142.92140694885254,0.028589999389648436,0.0,0.028589999389648436,142.9499969482422,86,122858.93333281307,98780.13368452816,0.9161893131140555,-0.24376156166365212,policy_rebalance
2026-09-01,2026-09-01T10:25:00-04:00,2026-09-01T10:25:00-04:00,SMCI,-485,sell,35.8650016784668,35.857828678131106,3.4789051628112793,0.0,3.4789051628112793,17394.525814056396,46,140249.98024170665,98776.65477936534,0.7401220174846233,-0.4198697106616854,policy_rebalance
2026-09-01,2026-09-01T10:25:00-04:00,2026-09-01T10:25:00-04:00,MSFT,1,buy,503.9150085449219,504.01579154663085,0.10078300170898437,0.0,0.10078300170898437,503.9150085449219,-31,139745.96445016,98776.55399636363,0.7350212076624371,-0.41476857408190854,policy_rebalance
2026-09-01,2026-09-01T10:25:00-04:00,2026-09-01T10:25:00-04:00,AVGO,113,buy,364.2900085449219,364.36286654663087,8.232954193115235,0.0,8.232954193115235,41164.77096557617,0,98572.96053039073,98768.32104217052,0.318301361305332,0.001977967325134273,policy_rebalance
2026-09-01,2026-09-01T10:30:00-04:00,2026-09-01T10:30:00-04:00,MU,-1,sell,936.0900268554688,935.9028088500977,0.18721800537109376,0.0,0.18721800537109376,936.0900268554688,1,99508.86333924082,98744.80769043711,0.3088556800396484,-0.007737679242831778,policy_rebalance
2026-09-01,2026-09-01T10:30:00-04:00,2026-09-01T10:30:00-04:00,SMCI,-46,sell,35.94499969482422,35.93781069488526,0.3306939971923828,0.0,0.3306939971923828,1653.469985961914,0,101162.00263120554,98744.47699643992,0.29211177800549076,-0.024482641544121858,policy_rebalance
2026-09-01,2026-09-01T10:30:00-04:00,2026-09-01T10:30:00-04:00,MSFT,-105,sell,504.2250061035156,504.1241611022949,10.588725128173827,0.0,10.588725128173827,52943.62564086914,-136,154095.0395469465,98733.88827131173,0.8283685755368548,-0.5607107371635903,policy_rebalance
2026-09-01,2026-09-01T10:30:00-04:00,2026-09-01T10:30:00-04:00,ORCL,76,buy,142.75999450683594,142.78854650573732,2.1699519165039063,0.0,2.1699519165039063,10849.759582519531,162,143243.11001251047,98731.71831939524,0.9382781090404956,-0.4508317332138566,policy_rebalance
2026-09-01,2026-09-01T10:35:00-04:00,2026-09-01T10:35:00-04:00,MU,-1,sell,940.5499877929688,940.3618777954101,0.18810999755859376,0.0,0.18810999755859376,940.5499877929688,0,144183.47189030587,98901.68520817696,0.9276220573135867,-0.45784646223990844,policy_rebalance
2026-09-01,2026-09-01T10:35:00-04:00,2026-09-01T10:35:00-04:00,ORCL,-162,sell,143.39999389648438,143.37131389770508,4.6461598022460935,0.0,4.6461598022460935,23230.79901123047,0,167409.6247417341,98897.03904837472,0.69276680427052,-0.69276680427052,policy_rebalance
2026-09-01,2026-09-01T10:35:00-04:00,2026-09-01T10:35:00-04:00,MSFT,93,buy,503.7690124511719,503.8697662536621,9.370103631591796,0.0,9.370103631591796,46850.518157958984,-43,120549.73648014352,98887.66894474313,0.2190573179301538,-0.2190573179301538,policy_rebalance
2026-09-01,2026-09-01T10:35:00-04:00,2026-09-01T10:35:00-04:00,HOOD,9,buy,106.33920288085938,106.36047072143555,0.1914105651855469,0.0,0.1914105651855469,957.0528259277344,9,119592.4922436506,98887.47753417795,0.2287359423594398,-0.20937954153311772,policy_rebalance
2026-09-01,2026-09-01T10:35:00-04:00,2026-09-01T10:35:00-04:00,JPM,-192,sell,359.4700012207031,359.398107220459,13.803648046875,0.0,13.803648046875,69018.240234375,-192,188596.92882997874,98873.67388613109,0.92681253759457,-0.9074534344417948,policy_rebalance
2026-09-01,2026-09-01T10:40:00-04:00,2026-09-01T10:40:00-04:00,HOOD,-9,sell,106.11499786376953,106.09377486419677,0.19100699615478517,0.0,0.19100699615478517,955.0349807739258,0,189551.77280375652,98789.86157939129,0.9187371029103579,-0.9187371029103579,policy_rebalance
2026-09-01,2026-09-01T10:40:00-04:00,2026-09-01T10:40:00-04:00,MSFT,1,buy,503.9700012207031,504.0707952209473,0.10079400024414062,0.0,0.10079400024414062,503.9700012207031,-42,189047.7020085356,98789.76078539106,0.9136366006515505,-0.9136366006515505,policy_rebalance
2026-09-01,2026-09-01T10:40:00-04:00,2026-09-01T10:40:00-04:00,JPM,1,buy,359.8500061035156,359.9219761047363,0.07197000122070313,0.0,0.07197000122070313,359.8500061035156,-191,188687.78003243086,98789.68881538985,0.9099946795564391,-0.9099946795564391,policy_rebalance
2026-09-01,2026-09-01T10:40:00-04:00,2026-09-01T10:40:00-04:00,MSTR,24,buy,128.7899932861328,128.81575128479003,0.6181919677734375,0.0,0.6181919677734375,3090.9598388671875,24,185596.2020015959,98789.07062342207,0.9412888538083004,-0.8787118942446309,policy_rebalance
2026-09-01,2026-09-01T10:45:00-04:00,2026-09-01T10:45:00-04:00,MSFT,1,buy,503.625,503.725725,0.100725,0.0,0.100725,503.625,-41,185092.4762765959,99168.5619394377,0.9290564727833895,-0.866443080919455,policy_rebalance
2026-09-01,2026-09-01T10:45:00-04:00,2026-09-01T10:45:00-04:00,JPM,1,buy,358.0101013183594,358.081703338623,0.07160202026367188,0.0,0.07160202026367188,358.0101013183594,-190,184734.39457325728,99168.49033741743,0.9254470240786641,-0.8628335870063641,policy_rebalance
2026-09-01,2026-09-01T10:45:00-04:00,2026-09-01T10:45:00-04:00,NVDA,-6,sell,218.02999877929688,217.986392779541,0.26163599853515623,0.0,0.26163599853515623,1308.1799926757812,-6,186042.31292993453,99168.2287014189,0.938640988920685,-0.8760273866550631,policy_rebalance
2026-09-01,2026-09-01T10:50:00-04:00,2026-09-01T10:50:00-04:00,MSTR,-24,sell,129.0,128.9742,0.6192,0.0,0.6192,3096.0,0,189137.69372993454,99252.87057929978,0.9056143426987308,-0.9056143426987308,policy_rebalance
2026-09-01,2026-09-01T10:50:00-04:00,2026-09-01T10:50:00-04:00,MSFT,3,buy,502.510009765625,502.6105117675781,0.301506005859375,0.0,0.301506005859375,1507.530029296875,-38,187629.8621946318,99252.56907329391,0.8904282674645421,-0.8904282674645421,policy_rebalance
2026-09-01,2026-09-01T10:50:00-04:00,2026-09-01T10:50:00-04:00,NVDA,1,buy,217.75999450683594,217.8035465057373,0.04355199890136719,0.0,0.04355199890136719,217.75999450683594,-5,187412.05864812605,99252.525521295,0.8882346586527523,-0.8882346586527523,policy_rebalance
2026-09-01,2026-09-01T10:50:00-04:00,2026-09-01T10:50:00-04:00,JPM,19,buy,357.7650146484375,357.8365676513672,1.3595070556640625,0.0,1.3595070556640625,6797.5352783203125,-171,180613.16386275008,99251.16601423934,0.8197586095546517,-0.8197586095546517,policy_rebalance
2026-09-01,2026-09-01T10:50:00-04:00,2026-09-01T10:50:00-04:00,CRM,47,buy,261.3949890136719,261.4472680114746,2.4571128967285154,0.0,2.4571128967285154,12285.564483642578,47,168325.14226621078,99248.70890134262,0.943564539718526,-0.6959932691268865,policy_rebalance
2026-09-01,2026-09-01T10:55:00-04:00,2026-09-01T10:55:00-04:00,CRM,-39,sell,261.1549987792969,261.102767779541,2.037008990478516,0.0,2.037008990478516,10185.044952392578,8,178508.15020961288,99311.23503322128,0.8395363840654069,-0.7974617891913125,policy_rebalance
2026-09-01,2026-09-01T10:55:00-04:00,2026-09-01T10:55:00-04:00,MSFT,1,buy,502.55999755859375,502.66050955810545,0.10051199951171876,0.0,0.10051199951171876,502.55999755859375,-37,178005.48970005478,99311.13452122177,0.8344767740176474,-0.7924021365601944,policy_rebalance
2026-09-01,2026-09-01T10:55:00-04:00,2026-09-01T10:55:00-04:00,NVDA,1,buy,217.77000427246094,217.81355827331544,0.04355400085449219,0.0,0.04355400085449219,217.77000427246094,-4,177787.67614178147,99311.09096722092,0.8322843335021948,-0.7902096775924342,policy_rebalance
2026-09-01,2026-09-01T10:55:00-04:00,2026-09-01T10:55:00-04:00,JPM,171,buy,357.3100891113281,357.3815511291504,12.220005047607422,0.0,12.220005047607422,61100.02523803711,0,116675.43089869675,99298.87096217331,0.21707235649439877,-0.1749925227563043,policy_rebalance
2026-09-01,2026-09-01T10:55:00-04:00,2026-09-01T10:55:00-04:00,AMZN,-117,sell,254.6199951171875,254.56907111816406,5.958107885742187,0.0,5.958107885742187,29790.539428710938,-117,146460.01221952194,99292.91285428757,0.5171122275469228,-0.4750298687928728,policy_rebalance
2026-09-01,2026-09-01T10:55:00-04:00,2026-09-01T10:55:00-04:00,INTC,475,buy,88.02999877929688,88.04760477905273,8.362849884033203,0.0,8.362849884033203,41814.249420166016,475,104637.3999494719,99284.55000440354,0.9383114367919001,-0.05391422879824651,policy_rebalance
2026-09-01,2026-09-01T11:00:00-04:00,2026-09-01T11:00:00-04:00,INTC,-475,sell,88.61499786376953,88.59727486419678,8.418424797058105,0.0,8.418424797058105,42092.12398529053,0,146721.1055099654,99597.2733261275,0.5148838985906029,-0.4731437981191783,policy_rebalance
2026-09-01,2026-09-01T11:00:00-04:00,2026-09-01T11:00:00-04:00,CRM,-8,sell,259.82501220703125,259.77304720458983,0.41572001953125,0.0,0.41572001953125,2078.60009765625,0,148799.28988760212,99596.85760610798,0.49401591038226395,-0.49401591038226395,policy_rebalance
2026-09-01,2026-09-01T11:00:00-04:00,2026-09-01T11:00:00-04:00,MSFT,1,buy,501.6424865722656,501.74281506958005,0.10032849731445312,0.0,0.10032849731445312,501.6424865722656,-36,148297.54707253253,99596.75727761065,0.4889796728941275,-0.4889796728941275,policy_rebalance
2026-09-01,2026-09-01T11:00:00-04:00,2026-09-01T11:00:00-04:00,AMZN,1,buy,254.44000244140625,254.49089044189452,0.05088800048828125,0.0,0.05088800048828125,254.44000244140625,-116,148043.05618209063,99596.70638961016,0.486425219755403,-0.486425219755403,policy_rebalance
2026-09-01,2026-09-01T11:00:00-04:00,2026-09-01T11:00:00-04:00,MARA,-437,sell,10.40999984741211,10.407917847442627,0.9098339866638183,0.0,0.9098339866638183,4549.169933319092,-437,152591.31628142306,99595.7965556235,0.5321059879891815,-0.5321059879891815,policy_rebalance
2026-09-01,2026-09-01T11:00:00-04:00,2026-09-01T11:00:00-04:00,INTC,-142,sell,88.61499786376953,88.59727486419678,2.516665939331055,0.0,2.516665939331055,12583.329696655273,-142,165172.129312139,99593.27988968417,0.6584666103485509,-0.6584666103485509,policy_rebalance
2026-09-01,2026-09-01T11:05:00-04:00,2026-09-01T11:05:00-04:00,MSFT,36,buy,500.6099853515625,500.7101073486328,3.60439189453125,0.0,3.60439189453125,18021.95947265625,0,147146.56544758822,99653.60053803469,0.4765805214576962,-0.4765805214576962,policy_rebalance
2026-09-01,2026-09-01T11:05:00-04:00,2026-09-01T11:05:00-04:00,AMZN,1,buy,254.1699981689453,254.2208321685791,0.05083399963378906,0.0,0.05083399963378906,254.1699981689453,-115,146892.34461541963,99653.54970403505,0.47403022824255553,-0.47403022824255553,policy_rebalance
2026-09-01,2026-09-01T11:05:00-04:00,2026-09-01T11:05:00-04:00,NVDA,-78,sell,218.49000549316406,218.44630749206544,3.4084440856933593,0.0,3.4084440856933593,17042.220428466797,-82,163931.15659980074,99650.14125994936,0.6450669765953129,-0.6450669765953129,policy_rebalance
2026-09-01,2026-09-01T11:10:00-04:00,2026-09-01T11:10:00-04:00,MARA,316,buy,10.425000190734863,10.42708519077301,0.6588600120544433,0.0,0.6588600120544433,3294.300060272217,-121,160636.19767951648,99673.35307025592,0.6116263046382134,-0.6116263046382134,policy_rebalance
2026-09-01,2026-09-01T11:10:00-04:00,2026-09-01T11:10:00-04:00,SNDK,5,buy,1560.1080322265625,1560.4200538330078,1.5601080322265626,0.0,1.5601080322265626,7800.5401611328125,5,152834.09741035145,99671.7929622237,0.6898981419593322,-0.5333736142207919,policy_rebalance
2026-09-01,2026-09-01T11:10:00-04:00,2026-09-01T11:10:00-04:00,AMZN,-35,sell,254.13999938964844,254.0891713897705,1.778979995727539,0.0,1.778979995727539,8894.899978637695,-150,161727.21840899342,99670.01398222797,0.7791539465709136,-0.6226266250733222,policy_rebalance
2026-09-01,2026-09-01T11:15:00-04:00,2026-09-01T11:15:00-04:00,SNDK,-1,sell,1557.5201416015625,1557.2086375732422,0.3115040283203125,0.0,0.3115040283203125,1557.5201416015625,4,163284.42704656665,99585.94287946765,0.7647529671139327,-0.6396332888487636,policy_rebalance
2026-09-01,2026-09-01T11:15:00-04:00,2026-09-01T11:15:00-04:00,NVDA,1,buy,217.97500610351562,218.01860110473632,0.043595001220703124,0.0,0.043595001220703124,217.97500610351562,-81,163066.40844546192,99585.89928446643,0.7625644879390403,-0.6374447549011316,policy_rebalance
2026-09-01,2026-09-01T11:15:00-04:00,2026-09-01T11:15:00-04:00,AMZN,150,buy,254.6699981689453,254.72093216857908,7.64009994506836,0.0,7.64009994506836,38200.4997253418,0,124858.26862017505,99578.25918452136,0.3790001038131483,-0.2538707710164837,policy_rebalance
2026-09-01,2026-09-01T11:15:00-04:00,2026-09-01T11:15:00-04:00,INTC,142,buy,88.71499633789062,88.73273933715821,2.519505895996094,0.0,2.519505895996094,12597.529479980469,0,112258.21963429858,99575.73967862537,0.2524976582612598,-0.12736515939128495,policy_rebalance
2026-09-01,2026-09-01T11:15:00-04:00,2026-09-01T11:15:00-04:00,MARA,-2071,sell,10.385000228881836,10.38292322883606,4.301467094802857,0.0,4.301467094802857,21507.335474014282,-2192,133761.25364121806,99571.43821153056,0.4685076102184677,-0.3433697056484643,policy_rebalance
2026-09-01,2026-09-01T11:15:00-04:00,2026-09-01T11:15:00-04:00,CRM,179,buy,256.8399963378906,256.8913643371582,9.194871868896485,0.0,9.194871868896485,45974.35934448242,179,87777.69942486673,99562.24333966165,0.9303158787914189,0.11836358361865502,policy_rebalance
2026-09-01,2026-09-01T11:20:00-04:00,2026-09-01T11:20:00-04:00,SNDK,-1,sell,1553.5,1553.1893,0.3107,0.0,0.3107,1553.5,3,89330.88872486673,99735.58649403177,0.9145050534813444,0.1043228213210303,policy_rebalance
2026-09-01,2026-09-01T11:20:00-04:00,2026-09-01T11:20:00-04:00,MARA,301,buy,10.369999885559082,10.372073885536194,0.6242739931106568,0.0,0.6242739931106568,3121.3699655532837,-1891,86208.89448532034,99734.96222003867,0.8832141300742986,0.13562012190746764,policy_rebalance
2026-09-01,2026-09-01T11:25:00-04:00,2026-09-01T11:25:00-04:00,SNDK,-3,sell,1560.52001953125,1560.2079155273439,0.93631201171875,0.0,0.93631201171875,4681.56005859375,0,90889.51823190237,99727.15050653006,0.8378360606299715,0.08861811682916784,policy_rebalance
2026-09-01,2026-09-01T11:25:00-04:00,2026-09-01T11:25:00-04:00,CRM,-179,sell,258.0799865722656,258.02837057495117,9.239263519287109,0.0,9.239263519287109,46196.31759643555,0,137076.59656481864,99717.91124301078,0.3746436809207266,-0.3746436809207266,policy_rebalance
2026-09-01,2026-09-01T11:25:00-04:00,2026-09-01T11:25:00-04:00,MARA,1891,buy,10.395000457763672,10.397079457855224,3.9313891731262207,0.0,3.9313891731262207,19656.945865631104,0,117415.7193100144,99713.97985383765,0.17752515226174154,-0.17752515226174154,policy_rebalance
2026-09-01,2026-09-01T11:25:00-04:00,2026-09-01T11:25:00-04:00,AVGO,-91,sell,368.3500061035156,368.2763361022949,6.703970111083985,0.0,6.703970111083985,33519.85055541992,-91,150928.86589532325,99707.27588372657,0.5137196815138008,-0.5137196815138008,policy_rebalance
2026-09-01,2026-09-01T11:25:00-04:00,2026-09-01T11:25:00-04:00,HOOD,28,buy,106.3499984741211,106.37126847381592,0.5955599914550781,0.0,0.5955599914550781,2977.7999572753906,28,147950.4703780564,99706.68032373511,0.5435883512809115,-0.4838571487655565,policy_rebalance
2026-09-01,2026-09-01T11:35:00-04:00,2026-09-01T11:35:00-04:00,NVDA,1,buy,218.80999755859375,218.85375955810545,0.04376199951171875,0.0,0.04376199951171875,218.80999755859375,-80,147731.6166184983,99631.28739486547,0.5425457250040522,-0.48278337539691046,policy_rebalance
2026-09-01,2026-09-01T11:35:00-04:00,2026-09-01T11:35:00-04:00,AVGO,91,buy,368.92999267578125,369.0037786743164,6.714525866699219,0.0,6.714525866699219,33572.629333496094,0,114152.27275913549,99624.57286899877,0.20559084098830652,-0.14582446350098688,policy_rebalance
2026-09-01,2026-09-01T11:35:00-04:00,2026-09-01T11:35:00-04:00,SNDK,1,buy,1570.3499755859375,1570.6640455810546,0.3140699951171875,0.0,0.3140699951171875,1570.3499755859375,1,112581.60871355444,99624.25879900366,0.2213542159376624,-0.13006219640431962,policy_rebalance
2026-09-01,2026-09-01T11:35:00-04:00,2026-09-01T11:35:00-04:00,MARA,-157,sell,10.425000190734863,10.422915190696717,0.32734500598907473,0.0,0.32734500598907473,1636.7250299453735,-157,114218.00639849382,99623.93145399766,0.2377839779963734,-0.1464916584950787,policy_rebalance
2026-09-01,2026-09-01T11:40:00-04:00,2026-09-01T11:40:00-04:00,MARA,157,buy,10.439900398254395,10.441988378334045,0.327812872505188,0.0,0.327812872505188,1639.06436252594,0,112578.61422309537,99575.90447578092,0.22205863740987763,-0.1305808851626048,policy_rebalance
2026-09-01,2026-09-01T11:40:00-04:00,2026-09-01T11:40:00-04:00,HOOD,11,buy,106.2699966430664,106.29125064239501,0.2337939926147461,0.0,0.2337939926147461,1168.9699630737305,39,111409.41046602902,99575.6706817883,0.233798672611699,-0.11884167792409388,policy_rebalance
2026-09-01,2026-09-01T11:50:00-04:00,2026-09-01T11:50:00-04:00,HOOD,-39,sell,106.44999694824219,106.42870694885254,0.8303099761962891,0.0,0.8303099761962891,4151.549880981445,0,115560.13003703427,99584.8003251202,0.19261443053427174,-0.1604193577710503,policy_rebalance
2026-09-01,2026-09-01T11:50:00-04:00,2026-09-01T11:50:00-04:00,SNDK,14,buy,1603.0699462890625,1603.3905602783202,4.488595849609375,0.0,4.488595849609375,22442.979248046875,15,93112.66219313777,99580.31172927059,0.4179987803784309,0.06494907902795523,policy_rebalance
2026-09-01,2026-09-01T11:50:00-04:00,2026-09-01T11:50:00-04:00,META,-90,sell,581.4500122070312,581.3337222045899,10.466100219726563,0.0,10.466100219726563,52330.50109863281,-90,145432.69719155086,99569.84562905086,0.9436084726012595,-0.46060984902359725,policy_rebalance
2026-09-01,2026-09-01T11:55:00-04:00,2026-09-01T11:55:00-04:00,SNDK,-1,sell,1599.81005859375,1599.4900965820314,0.31996201171875,0.0,0.31996201171875,1599.81005859375,14,147032.1872881329,99386.92617973447,0.9301016371293355,-0.4793916356989977,policy_rebalance
2026-09-01,2026-09-01T11:55:00-04:00,2026-09-01T11:55:00-04:00,META,11,buy,582.5800170898438,582.6965330932617,1.2816760375976564,0.0,1.2816760375976564,6408.380187988281,-79,140622.52542410704,99385.64450369688,0.8656336937859774,-0.414917880005057,policy_rebalance
2026-09-01,2026-09-01T11:55:00-04:00,2026-09-01T11:55:00-04:00,NVDA,-28,sell,220.1300048828125,220.08597888183596,1.23272802734375,0.0,1.23272802734375,6163.64013671875,-108,146784.93283279845,99384.41177566955,0.9276626087585735,-0.47694120446294275,policy_rebalance
2026-09-01,2026-09-01T12:00:00-04:00,2026-09-01T12:00:00-04:00,SNDK,-14,sell,1600.4100341796875,1600.0899521728516,4.481148095703125,0.0,4.481148095703125,22405.740478515625,0,169186.19216321837,99366.28658460508,0.702651854853863,-0.702651854853863,policy_rebalance
2026-09-01,2026-09-01T12:00:00-04:00,2026-09-01T12:00:00-04:00,NVDA,1,buy,220.25,220.29405,0.04405,0.0,0.04405,220.25,-107,168965.89811321837,99366.24253460509,0.7004356188106302,-0.7004356188106302,policy_rebalance
2026-09-01,2026-09-01T12:00:00-04:00,2026-09-01T12:00:00-04:00,META,79,buy,582.6950073242188,582.8115463256836,9.206581115722656,0.0,9.206581115722656,46032.90557861328,0,122923.78595348937,99357.03595348937,0.237192562900447,-0.237192562900447,policy_rebalance
2026-09-01,2026-09-01T12:00:00-04:00,2026-09-01T12:00:00-04:00,MU,5,buy,962.5599975585938,962.7525095581054,0.9625599975585938,0.0,0.9625599975585938,4812.799987792969,5,118110.02340569884,99356.07339349181,0.28563477821227923,-0.18875494342387614,policy_rebalance
2026-09-01,2026-09-01T12:05:00-04:00,2026-09-01T12:05:00-04:00,AMZN,-9,sell,255.39500427246094,255.34392527160645,0.45971100769042966,0.0,0.45971100769042966,2298.5550384521484,-9,120408.1187331433,99363.33388206908,0.30804909516767376,-0.21179628368802067,policy_rebalance
2026-09-01,2026-09-01T12:10:00-04:00,2026-09-01T12:10:00-04:00,NVDA,-209,sell,219.7100067138672,219.66606471252442,9.183878280639648,0.0,9.183878280639648,45919.39140319824,-316,166318.3262580609,99373.5941261029,0.7697933511112478,-0.6736672123079963,policy_rebalance
2026-09-01,2026-09-01T12:10:00-04:00,2026-09-01T12:10:00-04:00,MU,8,buy,955.239990234375,955.4310382324219,1.528383984375,0.0,1.528383984375,7641.919921875,13,158674.87795220152,99372.06574211852,0.8467072846661645,-0.5967754797810116,policy_rebalance
2026-09-01,2026-09-01T12:10:00-04:00,2026-09-01T12:10:00-04:00,MARA,-290,sell,10.390000343322754,10.38792234325409,0.6026200199127197,0.0,0.6026200199127197,3013.1000995635986,-290,161687.3754317452,99371.46312209859,0.8770340026960833,-0.6271006821453207,policy_rebalance
2026-09-01,2026-09-01T12:15:00-04:00,2026-09-01T12:15:00-04:00,MARA,1,buy,10.34000015258789,10.342068152618408,0.002068000030517578,0.0,0.002068000030517578,10.34000015258789,-289,161677.03336359258,99321.36545206304,0.87715676542598,-0.6278172639664845,policy_rebalance
2026-09-01,2026-09-01T12:15:00-04:00,2026-09-01T12:15:00-04:00,CRM,28,buy,256.3999938964844,256.4512738952637,1.4358399658203125,0.0,1.4358399658203125,7179.1998291015625,28,154496.3976945252,99319.92961209721,0.9494530237286749,-0.5555427626451667,policy_rebalance
2026-09-01,2026-09-01T12:20:00-04:00,2026-09-01T12:20:00-04:00,NVDA,1,buy,219.5449981689453,219.58890716857908,0.04390899963378906,0.0,0.04390899963378906,219.5449981689453,-315,154276.80878735663,99396.13580514074,0.9455224290576326,-0.5521409110893973,policy_rebalance
2026-09-01,2026-09-01T12:20:00-04:00,2026-09-01T12:20:00-04:00,INTC,2,buy,88.83999633789062,88.8577643371582,0.03553599853515625,0.0,0.03553599853515625,177.67999267578125,2,154099.09325868232,99396.10026914222,0.9473103623093218,-0.5503535132808706,policy_rebalance
2026-09-01,2026-09-01T12:25:00-04:00,2026-09-01T12:25:00-04:00,MU,-1,sell,949.2100219726562,949.0201799682617,0.18984200439453125,0.0,0.18984200439453125,949.2100219726562,12,155048.1134386506,99436.12620930336,0.936026684542118,-0.5592734688023688,policy_rebalance
2026-09-01,2026-09-01T12:25:00-04:00,2026-09-01T12:25:00-04:00,CRM,-1,sell,255.83999633789062,255.78882833862306,0.051167999267578125,0.0,0.051167999267578125,255.83999633789062,27,155303.9022669892,99436.07504130408,0.9334542569637072,-0.5618466658350961,policy_rebalance
2026-09-01,2026-09-01T12:25:00-04:00,2026-09-01T12:25:00-04:00,NVDA,11,buy,219.32000732421875,219.3638713256836,0.48250401611328125,0.0,0.48250401611328125,2412.5200805664062,-304,152890.89968240669,99435.59253728797,0.9091966483590815,-0.5375872540315297,policy_rebalance
2026-09-01,2026-09-01T12:25:00-04:00,2026-09-01T12:25:00-04:00,AMZN,1,buy,254.55999755859375,254.61090955810548,0.05091199951171875,0.0,0.05091199951171875,254.55999755859375,-8,152636.28877284858,99435.54162528846,0.9066370634824951,-0.5350274788871879,policy_rebalance
2026-09-01,2026-09-01T12:25:00-04:00,2026-09-01T12:25:00-04:00,MARA,-258,sell,10.265000343322754,10.262947343254089,0.5296740177154541,0.0,0.5296740177154541,2648.3700885772705,-547,155284.12918740814,99435.01195127075,0.9332760738139002,-0.5616645097152186,policy_rebalance
2026-09-01,2026-09-01T12:30:00-04:00,2026-09-01T12:30:00-04:00,MU,-1,sell,945.8781127929688,945.6889371704102,0.18917562255859374,0.0,0.18917562255859374,945.8781127929688,11,156229.81812457854,99269.35551624114,0.9259318777780721,-0.5737970425225365,policy_rebalance
2026-09-01,2026-09-01T12:30:00-04:00,2026-09-01T12:30:00-04:00,INTC,-1,sell,88.81999969482422,88.80223569488525,0.017763999938964842,0.0,0.017763999938964842,88.81999969482422,1,156318.62036027343,99269.3377522412,0.9250373059651458,-0.5746918827082054,policy_rebalance
2026-09-01,2026-09-01T12:30:00-04:00,2026-09-01T12:30:00-04:00,CRM,-1,sell,255.39999389648438,255.34891389770507,0.05107999877929687,0.0,0.05107999877929687,255.39999389648438,26,156573.96927417113,99269.28667224242,0.9224649822228073,-0.5772649781511142,policy_rebalance
2026-09-01,2026-09-01T12:30:00-04:00,2026-09-01T12:30:00-04:00,NVDA,1,buy,219.60000610351562,219.64392610473632,0.04392000122070312,0.0,0.04392000122070312,219.60000610351562,-303,156354.3253480664,99269.2427522412,0.9202532247302236,-0.5750530679306143,policy_rebalance
2026-09-01,2026-09-01T12:30:00-04:00,2026-09-01T12:30:00-04:00,AMZN,1,buy,254.38999938964844,254.44087738952635,0.05087799987792969,0.0,0.05087799987792969,254.38999938964844,-7,156099.8844706769,99269.19187424134,0.9176910684968131,-0.5724907347732942,policy_rebalance
2026-09-01,2026-09-01T12:30:00-04:00,2026-09-01T12:30:00-04:00,MARA,547,buy,10.319999694824219,10.322063694763184,1.1290079666137696,0.0,1.1290079666137696,5645.039833068848,0,150453.71562964143,99268.06286627473,0.8608348794106542,-0.515630619611461,policy_rebalance
2026-09-01,2026-09-01T12:35:00-04:00,2026-09-01T12:35:00-04:00,MU,-1,sell,938.6799926757812,938.4922566772461,0.18773599853515624,0.0,0.18773599853515624,938.6799926757812,10,151392.20788631868,99274.93422756623,0.8492493512163077,-0.5249791809409302,policy_rebalance
2026-09-01,2026-09-01T12:35:00-04:00,2026-09-01T12:35:00-04:00,CRM,-1,sell,254.63999938964844,254.5890713897705,0.05092799987792969,0.0,0.05092799987792969,254.63999938964844,25,151646.79695770846,99274.88329956637,0.8466847876494028,-0.5275444494868607,policy_rebalance
2026-09-01,2026-09-01T12:35:00-04:00,2026-09-01T12:35:00-04:00,NVDA,1,buy,219.2449951171875,219.28884411621092,0.0438489990234375,0.0,0.0438489990234375,219.2449951171875,-302,151427.50811359225,99274.83945056735,0.8444766967569878,-0.5253362176324008,policy_rebalance
2026-09-01,2026-09-01T12:35:00-04:00,2026-09-01T12:35:00-04:00,AMZN,-38,sell,254.57000732421875,254.51909332275392,1.9347320556640626,0.0,1.9347320556640626,9673.660278320312,-45,161099.2336598569,99272.90471851168,0.9419382764487485,-0.6227915775875983,policy_rebalance
2026-09-01,2026-09-01T12:40:00-04:00,2026-09-01T12:40:00-04:00,MU,-1,sell,940.8991088867188,940.7109290649414,0.18817982177734374,0.0,0.18817982177734374,940.8991088867188,9,162039.94458892185,99226.51097991306,0.9337123392728376,-0.6330307595086604,policy_rebalance
2026-09-01,2026-09-01T12:40:00-04:00,2026-09-01T12:40:00-04:00,INTC,-1,sell,88.69999694824219,88.68225694885254,0.017739999389648438,0.0,0.017739999389648438,88.69999694824219,0,162128.6268458707,99226.49323991366,0.9328185917463833,-0.6339247871419764,policy_rebalance
2026-09-01,2026-09-01T12:40:00-04:00,2026-09-01T12:40:00-04:00,NVDA,84,buy,219.4250030517578,219.46888805236816,3.6863400512695312,0.0,3.6863400512695312,18431.700256347656,-218,143693.24024947177,99222.8068998624,0.7470925258791831,-0.4481876167289826,policy_rebalance
2026-09-01,2026-09-01T12:40:00-04:00,2026-09-01T12:40:00-04:00,AMZN,2,buy,254.77499389648438,254.82594889526368,0.10190999755859376,0.0,0.10190999755859376,509.54998779296875,-43,143183.58835168125,99222.70498986484,0.7419578759858192,-0.4430526598353352,policy_rebalance
2026-09-01,2026-09-01T12:40:00-04:00,2026-09-01T12:40:00-04:00,CRM,76,buy,254.44000244140625,254.49089044189452,3.867488037109375,0.0,3.867488037109375,19337.440185546875,101,123842.28067809726,99218.83750182773,0.9368836600981357,-0.24817306669024355,policy_rebalance
2026-09-01,2026-09-01T12:45:00-04:00,2026-09-01T12:45:00-04:00,CRM,-1,sell,255.00999450683594,254.95899250793457,0.05100199890136719,0.0,0.05100199890136719,255.00999450683594,100,124097.2396706052,99349.91313251926,0.9326238220212069,-0.24909258355441513,policy_rebalance
2026-09-01,2026-09-01T12:45:00-04:00,2026-09-01T12:45:00-04:00,NVDA,1,buy,219.10000610351562,219.14382610473632,0.04382000122070313,0.0,0.04382000122070313,219.10000610351562,-217,123878.09584450047,99349.86931251804,0.9304188957335091,-0.2468873557832841,policy_rebalance
2026-09-01,2026-09-01T12:45:00-04:00,2026-09-01T12:45:00-04:00,AMZN,1,buy,254.3699951171875,254.42086911621092,0.0508739990234375,0.0,0.0508739990234375,254.3699951171875,-42,123623.67497538426,99349.81843851903,0.927859025318199,-0.24432713535240838,policy_rebalance
2026-09-01,2026-09-01T12:45:00-04:00,2026-09-01T12:45:00-04:00,MU,1,buy,939.2650146484375,939.4528676513671,0.1878530029296875,0.0,0.1878530029296875,939.2650146484375,10,122684.22210773289,99349.63058551609,0.937314916701147,-0.234873460371162,policy_rebalance
2026-09-01,2026-09-01T12:50:00-04:00,2026-09-01T12:50:00-04:00,MU,-1,sell,942.5750122070312,942.3864972045899,0.18851500244140626,0.0,0.18851500244140626,942.5750122070312,9,123626.60860493747,99308.99448445407,0.929054474490993,-0.2448681939307129,policy_rebalance
2026-09-01,2026-09-01T12:50:00-04:00,2026-09-01T12:50:00-04:00,CRM,-100,sell,254.8975067138672,254.84652721252442,5.097950134277344,0.0,5.097950134277344,25489.75067138672,0,149111.2613261899,99303.89653431979,0.6724178742424215,-0.5015650596817871,policy_rebalance
2026-09-01,2026-09-01T12:50:00-04:00,2026-09-01T12:50:00-04:00,NVDA,163,buy,219.36000061035156,219.40387261047363,7.151136019897461,0.0,7.151136019897461,35755.680099487305,-54,113348.43009068271,99296.7453982999,0.3123771558442282,-0.1415120368348286,policy_rebalance
2026-09-01,2026-09-01T12:50:00-04:00,2026-09-01T12:50:00-04:00,AMZN,1,buy,254.50999450683594,254.5608965057373,0.050901998901367186,0.0,0.050901998901367186,254.50999450683594,-41,113093.86919417698,99296.694496301,0.309814189421467,-0.13894898282228266,policy_rebalance
2026-09-01,2026-09-01T12:50:00-04:00,2026-09-01T12:50:00-04:00,AVGO,-132,sell,369.4700012207031,369.396107220459,9.754008032226562,0.0,9.754008032226562,48770.04016113281,-132,161854.15534727756,99286.94048826877,0.8010475968703319,-0.6301656043717191,policy_rebalance
2026-09-01,2026-09-01T12:50:00-04:00,2026-09-01T12:50:00-04:00,INTC,138,buy,88.95999908447266,88.97779108428955,2.4552959747314453,0.0,2.4552959747314453,12276.479873657227,138,149575.2201776456,99284.48519229403,0.9247169361313102,-0.50653165887851,policy_rebalance
2026-09-01,2026-09-01T12:55:00-04:00,2026-09-01T12:55:00-04:00,MU,-1,sell,942.0700073242188,941.8815933227539,0.18841400146484374,0.0,0.18841400146484374,942.0700073242188,8,150517.10177096835,99161.29625949374,0.9174030184064784,-0.5179017161804981,policy_rebalance
2026-09-01,2026-09-01T12:55:00-04:00,2026-09-01T12:55:00-04:00,INTC,-1,sell,88.92009735107422,88.902313331604,0.017784019470214844,0.0,0.017784019470214844,88.92009735107422,137,150606.00408429996,99161.27847547428,0.9165064609638479,-0.5187985310369874,policy_rebalance
2026-09-01,2026-09-01T12:55:00-04:00,2026-09-01T12:55:00-04:00,NVDA,54,buy,219.35000610351562,219.39387610473634,2.368980065917969,0.0,2.368980065917969,11844.900329589844,0,138758.7347746442,99158.90949540836,0.7970746398161787,-0.39935720835120264,policy_rebalance
2026-09-01,2026-09-01T12:55:00-04:00,2026-09-01T12:55:00-04:00,AMZN,1,buy,254.3000030517578,254.35086305236817,0.05086000061035156,0.0,0.05086000061035156,254.3000030517578,-40,138504.38391159184,99158.85863540776,0.794510476943248,-0.3967928414832978,policy_rebalance
2026-09-01,2026-09-01T12:55:00-04:00,2026-09-01T12:55:00-04:00,SNDK,8,buy,1571.18994140625,1571.5041793945313,2.51390390625,0.0,2.51390390625,12569.51953125,8,125932.35047643559,99156.34473150151,0.9212952720895704,-0.27003824936708737,policy_rebalance
2026-09-01,2026-09-01T13:00:00-04:00,2026-09-01T13:00:00-04:00,MU,-8,sell,943.9598999023438,943.7711079223633,1.51033583984375,0.0,1.51033583984375,7551.67919921875,0,133482.5193398145,99068.76741720707,0.8472580586419636,-0.34737236386197495,policy_rebalance
2026-09-01,2026-09-01T13:00:00-04:00,2026-09-01T13:00:00-04:00,INTC,-1,sell,88.97000122070312,88.95220722045899,0.017794000244140625,0.0,0.017794000244140625,88.97000122070312,136,133571.47154703495,99068.74962320682,0.8463601475908105,-0.34827048948385914,policy_rebalance
2026-09-01,2026-09-01T13:00:00-04:00,2026-09-01T13:00:00-04:00,AMZN,27,buy,254.6199951171875,254.67091911621094,1.3749479736328125,0.0,1.3749479736328125,6874.7398681640625,-13,126695.35673089726,99067.3746752332,0.7769773039500315,-0.27888073289753834,policy_rebalance
2026-09-01,2026-09-01T13:00:00-04:00,2026-09-01T13:00:00-04:00,AVGO,-19,sell,371.1400146484375,371.06578664550784,1.4103320556640624,0.0,1.4103320556640624,7051.6602783203125,-151,133745.6066771619,99065.96434317753,0.8481698282552199,-0.35006616615419534,policy_rebalance
2026-09-01,2026-09-01T13:00:00-04:00,2026-09-01T13:00:00-04:00,SNDK,6,buy,1571.5799560546875,1571.8942720458983,1.885895947265625,0.0,1.885895947265625,9429.479736328125,14,124314.24104488651,99064.07844723026,0.9433716354510906,-0.25488716993523114,policy_rebalance
2026-09-01,2026-09-01T13:05:00-04:00,2026-09-01T13:05:00-04:00,SNDK,-1,sell,1566.945068359375,1566.631679345703,0.313389013671875,0.0,0.313389013671875,1566.945068359375,13,125880.87272423222,99139.50692528202,0.9241855206953662,-0.26973470645868985,policy_rebalance
2026-09-01,2026-09-01T13:10:00-04:00,2026-09-01T13:10:00-04:00,SNDK,-1,sell,1567.739990234375,1567.426442236328,0.313547998046875,0.0,0.313547998046875,1567.739990234375,12,127448.29916646855,99268.8069179334,0.9061522232236966,-0.28387056441437286,policy_rebalance
2026-09-01,2026-09-01T13:10:00-04:00,2026-09-01T13:10:00-04:00,MARA,-110,sell,10.260000228881836,10.25794822883606,0.22572000503540038,0.0,0.22572000503540038,1128.600025177002,-110,128576.67347164052,99268.58119792836,0.9175234400602775,-0.2952403662874532,policy_rebalance
2026-09-01,2026-09-01T13:15:00-04:00,2026-09-01T13:15:00-04:00,INTC,-79,sell,88.8499984741211,88.83222847442627,1.4038299758911132,0.0,1.4038299758911132,7019.149879455566,57,135594.4195211202,99107.36298158468,0.8493023425606935,-0.3681568699019391,policy_rebalance
2026-09-01,2026-09-01T13:15:00-04:00,2026-09-01T13:15:00-04:00,AVGO,1,buy,370.1401062011719,370.2141342224121,0.07402802124023437,0.0,0.07402802124023437,370.1401062011719,-150,135224.20538689778,99107.28895356343,0.8455682354335909,-0.36442240338404247,policy_rebalance
2026-09-01,2026-09-01T13:15:00-04:00,2026-09-01T13:15:00-04:00,AMZN,13,buy,254.55999755859375,254.61090955810548,0.6618559936523437,0.0,0.6618559936523437,3309.2799682617188,0,131914.26356264242,99106.62709756978,0.8121827755430062,-0.33103373029508654,policy_rebalance
2026-09-01,2026-09-01T13:15:00-04:00,2026-09-01T13:15:00-04:00,SNDK,1,buy,1564.8399658203125,1565.1529338134765,0.3129679931640625,0.0,0.3129679931640625,1564.8399658203125,13,130349.11062882894,99106.31412957663,0.8279748485988901,-0.31524526740449554,policy_rebalance
2026-09-01,2026-09-01T13:15:00-04:00,2026-09-01T13:15:00-04:00,MARA,-985,sell,10.265000343322754,10.262947343254089,2.0222050676345824,0.0,2.0222050676345824,10111.025338172913,-1095,140458.11376193422,99104.29192450899,0.930015834682629,-0.4172757913343027,policy_rebalance
2026-09-01,2026-09-01T13:20:00-04:00,2026-09-01T13:20:00-04:00,SNDK,-13,sell,1564.66015625,1564.34722421875,4.06811640625,0.0,4.06811640625,20340.58203125,0,160794.62767677798,99152.775326543,0.7235641381044582,-0.6216855972737819,policy_rebalance
2026-09-01,2026-09-01T13:20:00-04:00,2026-09-01T13:20:00-04:00,AVGO,34,buy,369.6099853515625,369.68390734863283,2.513347900390625,0.0,2.513347900390625,12566.739501953125,-116,148225.37482692447,99150.26197864261,0.5968380893497673,-0.4949569660123828,policy_rebalance
2026-09-01,2026-09-01T13:20:00-04:00,2026-09-01T13:20:00-04:00,INTC,394,buy,88.61000061035156,88.62772261047363,6.982468048095703,0.0,6.982468048095703,34912.340240478516,451,113306.05211839786,99143.27951059451,0.9490203836588444,-0.14285156470227417,policy_rebalance
2026-09-01,2026-09-01T13:25:00-04:00,2026-09-01T13:25:00-04:00,INTC,-451,sell,88.6050033569336,88.58728235626221,7.99217130279541,0.0,7.99217130279541,39960.85651397705,0,153258.9164610721,99176.02599533572,0.5453222179751377,-0.5453222179751377,policy_rebalance
2026-09-01,2026-09-01T13:25:00-04:00,2026-09-01T13:25:00-04:00,AVGO,116,buy,369.3800048828125,369.45388088378905,8.56961611328125,0.0,8.56961611328125,42848.08056640625,0,110402.26627855258,99167.45637922244,0.11329129847162296,-0.11329129847162296,policy_rebalance
2026-09-01,2026-09-01T13:25:00-04:00,2026-09-01T13:25:00-04:00,MARA,1,buy,10.260100364685059,10.262152384757995,0.002052020072937012,0.0,0.002052020072937012,10.260100364685059,-1094,110392.00412616781,99167.45432720236,0.113187838440726,-0.113187838440726,policy_rebalance
2026-09-01,2026-09-01T13:25:00-04:00,2026-09-01T13:25:00-04:00,SNDK,11,buy,1563.199951171875,1563.5125911621094,3.439039892578125,0.0,3.439039892578125,17195.199462890625,11,93193.36562338461,99164.01528730978,0.2865933693741122,0.06020984171149478,policy_rebalance
2026-09-01,2026-09-01T13:30:00-04:00,2026-09-01T13:30:00-04:00,MARA,-1330,sell,10.289999961853027,10.287941961860657,2.7371399898529054,0.0,2.7371399898529054,13685.699949264526,-2424,106876.32843265928,99131.6483102838,0.42510379289553596,-0.07812520274185802,policy_rebalance
2026-09-01,2026-09-01T13:30:00-04:00,2026-09-01T13:30:00-04:00,CRM,162,buy,257.4525146484375,257.5040051513672,8.341461474609375,0.0,8.341461474609375,41707.307373046875,162,65160.679598137795,99123.30684880918,0.8459014305649366,0.3426300870134802,policy_rebalance
2026-09-01,2026-09-01T13:35:00-04:00,2026-09-01T13:35:00-04:00,MARA,165,buy,10.3100004196167,10.312062419700622,0.3402300138473511,0.0,0.3402300138473511,1701.1500692367554,-2259,63459.18929888719,99087.0989124965,0.8296588800327641,0.35956153732053664,policy_rebalance
2026-09-01,2026-09-01T13:35:00-04:00,2026-09-01T13:35:00-04:00,CRM,46,buy,257.510009765625,257.5615117675781,2.36909208984375,0.0,2.36909208984375,11845.46044921875,208,51611.3597575786,99084.72982040666,0.9492275159767933,0.47911893335001904,policy_rebalance
2026-09-01,2026-09-01T13:40:00-04:00,2026-09-01T13:40:00-04:00,MARA,1313,buy,10.279999732971191,10.282055732917785,2.6995279298782346,0.0,2.6995279298782346,13497.639649391174,-946,38111.020580257544,99070.44417759337,0.8116364447501221,0.6153139223647786,policy_rebalance
2026-09-01,2026-09-01T13:45:00-04:00,2026-09-01T13:45:00-04:00,SNDK,-1,sell,1561.6199951171875,1561.307671118164,0.3123239990234375,0.0,0.3123239990234375,1561.6199951171875,10,39672.32825137571,99122.40624476864,0.796365638656289,0.5997642737464368,policy_rebalance
2026-09-01,2026-09-01T13:45:00-04:00,2026-09-01T13:45:00-04:00,CRM,-1,sell,257.5849914550781,257.53347445678713,0.05151699829101562,0.0,0.05151699829101562,257.5849914550781,207,39929.861725832496,99122.35472777036,0.7937673956484916,0.5971659285587406,policy_rebalance
2026-09-01,2026-09-01T13:45:00-04:00,2026-09-01T13:45:00-04:00,PLTR,-33,sell,182.8000030517578,182.76344305114748,1.2064800201416015,0.0,1.2064800201416015,6032.400100708008,-33,45961.05534652036,99121.14824775021,0.8546359173703275,0.5363143369602404,policy_rebalance
2026-09-01,2026-09-01T13:45:00-04:00,2026-09-01T13:45:00-04:00,MARA,-722,sell,10.300000190734863,10.297940190696716,1.4873200275421143,0.0,1.4873200275421143,7436.600137710571,-1668,53396.168164203395,99119.66092772268,0.9296752303099709,0.46129589564335294,policy_rebalance
2026-09-01,2026-09-01T13:50:00-04:00,2026-09-01T13:50:00-04:00,SNDK,-1,sell,1556.23876953125,1555.9275217773438,0.31124775390625,0.0,0.31124775390625,1556.23876953125,9,54952.09568598074,99068.67210962577,0.9135985670568361,0.44531308923599205,policy_rebalance
2026-09-01,2026-09-01T13:50:00-04:00,2026-09-01T13:50:00-04:00,PLTR,28,buy,182.5500030517578,182.58651305236816,1.0222800170898438,0.0,1.0222800170898438,5111.400085449219,-5,49839.673320514434,99067.64982960868,0.8620129471225768,0.496912731792506,policy_rebalance
2026-09-01,2026-09-01T13:50:00-04:00,2026-09-01T13:50:00-04:00,MARA,1,buy,10.295000076293945,10.297059076309203,0.002059000015258789,0.0,0.002059000015258789,10.295000076293945,-1667,49829.37626143813,99067.64777060866,0.8619090461476041,0.4970166610110886,policy_rebalance
2026-09-01,2026-09-01T13:50:00-04:00,2026-09-01T13:50:00-04:00,CRM,27,buy,257.5199890136719,257.5714930114746,1.390607940673828,0.0,1.390607940673828,6953.039703369141,234,42874.94595012831,99066.25716266799,0.9321068963552072,0.5672093891694411,policy_rebalance
2026-09-01,2026-09-01T13:55:00-04:00,2026-09-01T13:55:00-04:00,SNDK,-1,sell,1557.31005859375,1556.9985965820313,0.31146201171875,0.0,0.31146201171875,1557.31005859375,8,44431.94454671034,99026.43448258529,0.915837040769803,0.5513122856652573,policy_rebalance
2026-09-01,2026-09-01T13:55:00-04:00,2026-09-01T13:55:00-04:00,CRM,-1,sell,257.20001220703125,257.14857220458987,0.05144000244140625,0.0,0.05144000244140625,257.20001220703125,233,44689.093118914934,99026.38304258283,0.913240228752173,0.5487152842924906,policy_rebalance
2026-09-01,2026-09-01T13:55:00-04:00,2026-09-01T13:55:00-04:00,PLTR,1,buy,182.33999633789062,182.3764643371582,0.03646799926757813,0.0,0.03646799926757813,182.33999633789062,-4,44506.71665457777,99026.34657458357,0.9113992369494855,0.5505568144831366,policy_rebalance
2026-09-01,2026-09-01T13:55:00-04:00,2026-09-01T13:55:00-04:00,MARA,1,buy,10.280200004577637,10.282256044578553,0.0020560400009155275,0.0,0.0020560400009155275,10.280200004577637,-1666,44496.434398533194,99026.34451854357,0.9112954430936054,0.5506606386929608,policy_rebalance
2026-09-01,2026-09-01T14:00:00-04:00,2026-09-01T14:00:00-04:00,SNDK,-1,sell,1563.5400390625,1563.2273310546875,0.3127080078125,0.0,0.3127080078125,1563.5400390625,7,46059.66172958788,99057.2695367473,0.8953530305970078,0.5350198734026167,policy_rebalance
2026-09-01,2026-09-01T14:00:00-04:00,2026-09-01T14:00:00-04:00,PLTR,1,buy,182.1649932861328,182.20142628479005,0.03643299865722656,0.0,0.03643299865722656,182.1649932861328,-3,45877.460303303094,99057.23310374864,0.8935143726092604,0.5368590574778841,policy_rebalance
2026-09-01,2026-09-01T14:00:00-04:00,2026-09-01T14:00:00-04:00,MARA,1,buy,10.274999618530273,10.27705461845398,0.002054999923706055,0.0,0.002054999923706055,10.274999618530273,-1665,45867.18324868464,99057.23104874873,0.8934106632350147,0.5369627965260592,policy_rebalance
2026-09-01,2026-09-01T14:00:00-04:00,2026-09-01T14:00:00-04:00,CRM,2,buy,257.0799865722656,257.1314025695801,0.10283199462890626,0.0,0.10283199462890626,514.1599731445312,235,45352.92044354548,99057.12821675409,0.8986021305589996,0.5421538938186714,policy_rebalance
2026-09-01,2026-09-01T14:05:00-04:00,2026-09-01T14:05:00-04:00,SNDK,-1,sell,1555.4364013671875,1555.1253140869142,0.3110872802734375,0.0,0.3110872802734375,1555.4364013671875,6,46908.0457576324,99099.82977900996,0.8829324226908155,0.5266586646794842,policy_rebalance
2026-09-01,2026-09-01T14:05:00-04:00,2026-09-01T14:05:00-04:00,PLTR,3,buy,181.82000732421875,181.8563713256836,0.10909200439453125,0.0,0.10909200439453125,545.4600219726562,0,46362.47664365535,99099.72068700557,0.8774292416795654,0.5321633974117284,policy_rebalance
2026-09-01,2026-09-01T14:05:00-04:00,2026-09-01T14:05:00-04:00,MARA,993,buy,10.274999618530273,10.27705461845398,2.040614924240112,0.0,2.040614924240112,10203.074621200562,-672,36157.361407530545,99097.68007208133,0.7744875369032794,0.635134128455575,policy_rebalance
2026-09-01,2026-09-01T14:05:00-04:00,2026-09-01T14:05:00-04:00,INTC,78,buy,88.52999877929688,88.54770477905274,1.3810679809570312,0.0,1.3810679809570312,6905.339904785156,78,29250.64043476443,99096.29900410036,0.8441814567986962,0.7048261062347636,policy_rebalance
2026-09-01,2026-09-01T14:05:00-04:00,2026-09-01T14:05:00-04:00,CRM,34,buy,257.5,257.5515,1.751,0.0,1.751,8755.0,269,20493.88943476443,99094.54800410036,0.9325463400147589,0.7931885270427146,policy_rebalance
2026-09-01,2026-09-01T14:15:00-04:00,2026-09-01T14:15:00-04:00,SNDK,-1,sell,1550.0799560546875,1549.7699400634765,0.3100159912109375,0.0,0.3100159912109375,1550.0799560546875,5,22043.65937482791,99263.56390058475,0.9171839166671547,0.7779279877870872,policy_rebalance
2026-09-01,2026-09-01T14:15:00-04:00,2026-09-01T14:15:00-04:00,INTC,-1,sell,88.44010162353516,88.42241360321046,0.01768802032470703,0.0,0.01768802032470703,88.44010162353516,77,22132.08178843112,99263.54621256443,0.9162931175588253,0.7770371638643943,policy_rebalance
2026-09-01,2026-09-01T14:15:00-04:00,2026-09-01T14:15:00-04:00,SMCI,-47,sell,36.31999969482422,36.312735694885255,0.3414079971313477,0.0,0.3414079971313477,1707.0399856567383,-47,23838.780366090727,99263.20480456729,0.9334933763940733,0.759842729105661,policy_rebalance
2026-09-01,2026-09-01T14:20:00-04:00,2026-09-01T14:20:00-04:00,INTC,-77,sell,88.48989868164062,88.4722007019043,1.3627444396972657,0.0,1.3627444396972657,6813.722198486328,0,30651.13982013736,99181.85565570864,0.8646556853901031,0.6909602102370712,policy_rebalance
2026-09-01,2026-09-01T14:20:00-04:00,2026-09-01T14:20:00-04:00,CRM,-260,sell,258.06500244140625,258.013389440918,13.419380126953126,0.0,13.419380126953126,67096.90063476562,9,97734.62107477605,99168.43627558171,0.18817736213592356,0.014458382673507105,policy_rebalance
2026-09-01,2026-09-01T14:20:00-04:00,2026-09-01T14:20:00-04:00,AVGO,-3,sell,368.9549865722656,368.88119557495116,0.22137299194335938,0.0,0.22137299194335938,1106.8649597167969,-3,98841.2646615009,99168.21490258977,0.19933927140483348,0.0032969257479326564,policy_rebalance
2026-09-01,2026-09-01T14:20:00-04:00,2026-09-01T14:20:00-04:00,SNDK,26,buy,1544.989990234375,1545.2989882324218,8.03394794921875,0.0,8.03394794921875,40169.73974609375,31,58663.49096745793,99160.18095464056,0.6044549220690882,0.40839669308093807,policy_rebalance
2026-09-01,2026-09-01T14:20:00-04:00,2026-09-01T14:20:00-04:00,MARA,-3292,sell,10.274999618530273,10.272944618606568,6.765059748840332,0.0,6.765059748840332,33825.29874420166,-3964,92482.02465191076,99153.41589489172,0.9456371961495498,0.06728352404977164,policy_rebalance
2026-09-01,2026-09-01T14:25:00-04:00,2026-09-01T14:25:00-04:00,SNDK,-16,sell,1542.7099609375,1542.4014189453126,4.936671875,0.0,4.936671875,24683.359375,15,117160.44735503577,99114.25050902746,0.6958441926966524,-0.18207469413658764,policy_rebalance
2026-09-01,2026-09-01T14:25:00-04:00,2026-09-01T14:25:00-04:00,SMCI,1,buy,36.3849983215332,36.39227532119751,0.00727699966430664,0.0,0.00727699966430664,36.3849983215332,-46,117124.05507971457,99114.2432320278,0.6954771421751809,-0.18170760589399398,policy_rebalance
2026-09-01,2026-09-01T14:25:00-04:00,2026-09-01T14:25:00-04:00,ORCL,142,buy,140.72000122070312,140.74814522094726,3.996448034667969,0.0,3.996448034667969,19982.240173339844,142,97137.81845834006,99110.24678399313,0.8971214752294049,0.019901356213469085,policy_rebalance
2026-09-01,2026-09-01T14:30:00-04:00,2026-09-01T14:30:00-04:00,SNDK,-15,sell,1543.8958740234375,1543.587094848633,4.631687622070313,0.0,4.631687622070313,23158.438110351562,0,120291.62488106955,99184.89191369285,0.661773412333226,-0.21280189512877662,policy_rebalance
2026-09-01,2026-09-01T14:30:00-04:00,2026-09-01T14:30:00-04:00,ORCL,-1,sell,140.49000549316406,140.46190749206542,0.02809800109863281,0.0,0.02809800109863281,140.49000549316406,141,120432.08678856162,99184.86381569174,0.6603571537875257,-0.21421840143221946,policy_rebalance
2026-09-01,2026-09-01T14:30:00-04:00,2026-09-01T14:30:00-04:00,CRM,-1,sell,257.3349914550781,257.2835244567871,0.05146699829101563,0.0,0.05146699829101563,257.3349914550781,8,120689.3703130184,99184.81234869345,0.6577629964890271,-0.21681301254796626,policy_rebalance
2026-09-01,2026-09-01T14:30:00-04:00,2026-09-01T14:30:00-04:00,MARA,3078,buy,10.240500450134277,10.242548550224305,6.304052077102661,0.0,6.304052077102661,31520.260385513306,-886,89162.80587542799,99178.50829661635,0.33999139098077735,0.1009866209243042,policy_rebalance
2026-09-01,2026-09-01T14:35:00-04:00,2026-09-01T14:35:00-04:00,ORCL,-1,sell,140.1699981689453,140.14196416931154,0.028033999633789063,0.0,0.028033999633789063,140.1699981689453,140,89302.9478395973,99157.86741052015,0.3379423211936094,0.09938615894312078,policy_rebalance
2026-09-01,2026-09-01T14:35:00-04:00,2026-09-01T14:35:00-04:00,AVGO,3,buy,368.4100036621094,368.48368566284176,0.2210460021972656,0.0,0.2210460021972656,1105.2300109863281,0,88197.49678260877,99157.64636451795,0.3267968840971646,0.1105325709488714,policy_rebalance
2026-09-01,2026-09-01T14:35:00-04:00,2026-09-01T14:35:00-04:00,MARA,886,buy,10.21500015258789,10.217043152618407,1.8100980270385743,0.0,1.8100980270385743,9050.490135192871,0,79145.19654938886,99155.83626649091,0.23552743449587998,0.20181000403568297,policy_rebalance
2026-09-01,2026-09-01T14:35:00-04:00,2026-09-01T14:35:00-04:00,SMCI,-307,sell,36.34000015258789,36.33273215255738,2.2312760093688966,0.0,2.2312760093688966,11156.380046844482,-353,90299.34532022398,99153.60499048154,0.34804886601246127,0.08929841402244075,policy_rebalance
2026-09-01,2026-09-01T14:35:00-04:00,2026-09-01T14:35:00-04:00,CRM,148,buy,257.30999755859375,257.3614595581055,7.616375927734375,0.0,7.616375927734375,38081.879638671875,156,52209.84930562437,99145.98861455382,0.7321746490306372,0.473404319880266,policy_rebalance
2026-09-01,2026-09-01T14:40:00-04:00,2026-09-01T14:40:00-04:00,ORCL,-1,sell,140.19000244140625,140.16196444091798,0.02803800048828125,0.0,0.02803800048828125,140.19000244140625,139,52350.01127006528,99175.52482368467,0.730647520578984,0.4721478775823601,policy_rebalance
2026-09-01,2026-09-01T14:40:00-04:00,2026-09-01T14:40:00-04:00,CRM,-1,sell,257.4200134277344,257.36852942504885,0.05148400268554688,0.0,0.05148400268554688,257.4200134277344,155,52607.37979949033,99175.47333968198,0.7280522983118084,0.46955252112276913,policy_rebalance
2026-09-01,2026-09-01T14:40:00-04:00,2026-09-01T14:40:00-04:00,SMCI,1,buy,36.312801361083984,36.3200639213562,0.007262560272216797,0.0,0.007262560272216797,36.312801361083984,-352,52571.059735568975,99175.4660771217,0.727686204606646,0.46991870252781875,policy_rebalance
2026-09-01,2026-09-01T14:40:00-04:00,2026-09-01T14:40:00-04:00,SNDK,3,buy,1541.0999755859375,1541.4081955810545,0.9246599853515625,0.0,0.9246599853515625,4623.2999267578125,3,47946.83514882581,99174.54141713635,0.7743107992152996,0.5165408938251861,policy_rebalance
2026-09-01,2026-09-01T14:40:00-04:00,2026-09-01T14:40:00-04:00,AMZN,-65,sell,254.68499755859375,254.63406055908203,3.3109049682617187,0.0,3.3109049682617187,16554.524841308594,-65,64498.049085166145,99171.2305121681,0.9412653527211086,0.3496294363590419,policy_rebalance
2026-09-01,2026-09-01T14:45:00-04:00,2026-09-01T14:45:00-04:00,SNDK,-1,sell,1527.989990234375,1527.6843922363282,0.305597998046875,0.0,0.305597998046875,1527.989990234375,2,66025.73347740248,99144.81611900404,0.9245036251095784,0.3340475471944852,policy_rebalance
2026-09-01,2026-09-01T14:45:00-04:00,2026-09-01T14:45:00-04:00,ORCL,-76,sell,140.02000427246094,139.99200027160646,2.1283040649414064,0.0,2.1283040649414064,10641.520324707031,63,76665.12549804457,99142.6878149391,0.8171880687697748,0.22671931548649774,policy_rebalance
2026-09-01,2026-09-01T14:45:00-04:00,2026-09-01T14:45:00-04:00,SMCI,-319,sell,36.189998626708984,36.182760626983644,2.308921912384033,0.0,2.308921912384033,11544.609561920166,-671,88207.42613805235,99140.37889302672,0.9336542000704978,0.1102774961831759,policy_rebalance
2026-09-01,2026-09-01T14:50:00-04:00,2026-09-01T14:50:00-04:00,ORCL,-63,sell,140.5399932861328,140.5118852874756,1.7708039154052735,0.0,1.7708039154052735,8854.019577026367,0,97059.67491116331,99154.35206570433,0.8459185159545293,0.02112541820809826,policy_rebalance
2026-09-01,2026-09-01T14:50:00-04:00,2026-09-01T14:50:00-04:00,CRM,-155,sell,257.5299987792969,257.478492779541,7.983429962158203,0.0,7.983429962158203,39917.149810791016,0,136968.84129199217,99146.36863574217,0.4433783419800934,-0.3814811694738665,policy_rebalance
2026-09-01,2026-09-01T14:50:00-04:00,2026-09-01T14:50:00-04:00,AMZN,65,buy,254.07009887695312,254.1209128967285,3.302911285400391,0.0,3.302911285400391,16514.556427001953,0,120450.98195370482,99143.06572445677,0.2768201276762659,-0.2149208930906781,policy_rebalance
2026-09-01,2026-09-01T14:50:00-04:00,2026-09-01T14:50:00-04:00,SMCI,1,buy,36.328399658203125,36.33566533813477,0.007265679931640625,0.0,0.007265679931640625,36.328399658203125,-670,120414.64628836668,99143.05845877684,0.27645372392660894,-0.21455448480474765,policy_rebalance
2026-09-01,2026-09-01T14:50:00-04:00,2026-09-01T14:50:00-04:00,AVGO,-154,sell,368.70001220703125,368.62627220458984,11.355960375976563,0.0,11.355960375976563,56779.80187988281,-154,177183.09220787353,99131.70249840087,0.8492567712497747,-0.7873504413054111,policy_rebalance
2026-09-01,2026-09-01T14:50:00-04:00,2026-09-01T14:50:00-04:00,SNDK,6,buy,1534.219970703125,1534.5268146972655,1.84106396484375,0.0,1.84106396484375,9205.31982421875,8,167975.93131968993,99129.86143443602,0.9421337633794025,-0.694503844644112,policy_rebalance
2026-09-01,2026-09-01T14:55:00-04:00,2026-09-01T14:55:00-04:00,SNDK,-3,sell,1538.6700439453125,1538.3623099365234,0.9232020263671875,0.0,0.9232020263671875,4616.0101318359375,5,172591.0182494995,99123.18856810301,0.8964050834563471,-0.741177021670566,policy_rebalance
2026-09-01,2026-09-01T14:55:00-04:00,2026-09-01T14:55:00-04:00,AVGO,154,buy,368.57000732421875,368.6437213256836,11.351956225585937,0.0,11.351956225585937,56759.78112792969,0,115819.88516534423,99111.83661187743,0.3238235723408412,-0.16857773122392655,policy_rebalance
2026-09-01,2026-09-01T14:55:00-04:00,2026-09-01T14:55:00-04:00,SMCI,1,buy,36.41999816894531,36.4272821685791,0.007283999633789062,0.0,0.007283999633789062,36.41999816894531,-669,115783.45788317565,99111.8293278778,0.3234561324531393,-0.16821027992678286,policy_rebalance
2026-09-01,2026-09-01T15:00:00-04:00,2026-09-01T15:00:00-04:00,SMCI,53,buy,36.54499816894531,36.5523071685791,0.3873769805908203,0.0,0.3873769805908203,1936.8849029541016,-616,113846.18560324096,99021.61699972533,0.30497249040791535,-0.1497104274065404,policy_rebalance
2026-09-01,2026-09-01T15:00:00-04:00,2026-09-01T15:00:00-04:00,SNDK,10,buy,1537.4300537109375,1537.7375397216797,3.074860107421875,0.0,3.074860107421875,15374.300537109375,15,98468.81020602415,99018.5421396179,0.4602488452463317,0.005551807991867001,policy_rebalance
2026-09-01,2026-09-01T15:05:00-04:00,2026-09-01T15:05:00-04:00,SNDK,-11,sell,1537.9100341796875,1537.6024521728516,3.3834020751953124,0.0,3.3834020751953124,16917.010375976562,4,115382.43717992552,98917.63722265013,0.2908286230691081,-0.16644958795584017,policy_rebalance
2026-09-01,2026-09-01T15:05:00-04:00,2026-09-01T15:05:00-04:00,SMCI,1,buy,36.71500015258789,36.72234315261841,0.007343000030517578,0.0,0.007343000030517578,36.71500015258789,-615,115345.7148367729,98917.62987965009,0.2904574772516975,-0.1660784329053408,policy_rebalance
2026-09-01,2026-09-01T15:05:00-04:00,2026-09-01T15:05:00-04:00,META,53,buy,576.89501953125,577.0103985351562,6.11508720703125,0.0,6.11508720703125,30575.43603515625,53,84764.16371440962,98911.51479244306,0.5995945102060822,0.14303037525732362,policy_rebalance
2026-09-01,2026-09-01T15:10:00-04:00,2026-09-01T15:10:00-04:00,SNDK,-4,sell,1538.260009765625,1537.952357763672,1.2306080078125,0.0,1.2306080078125,6153.0400390625,0,90915.9731454643,98854.5680131706,0.539248148816855,0.08030579696275263,policy_rebalance
2026-09-01,2026-09-01T15:10:00-04:00,2026-09-01T15:10:00-04:00,META,-1,sell,577.7899780273438,577.6744200317384,0.11555799560546876,0.0,0.11555799560546876,577.7899780273438,52,91493.64756549604,98854.452455175,0.5334039238047941,0.07446103546035694,policy_rebalance
2026-09-01,2026-09-01T15:10:00-04:00,2026-09-01T15:10:00-04:00,SMCI,1,buy,36.8849983215332,36.89237532119751,0.0073769996643066405,0.0,0.0073769996643066405,36.8849983215332,-614,91456.75519017484,98854.44507817533,0.5330308392826787,0.07483416534431307,policy_rebalance
2026-09-01,2026-09-01T15:10:00-04:00,2026-09-01T15:10:00-04:00,ORCL,129,buy,140.75,140.77815,3.63135,0.0,3.63135,18156.75,129,73296.37384017484,98850.81372817533,0.7167287263984271,0.2585152203022962,policy_rebalance
2026-09-01,2026-09-01T15:15:00-04:00,2026-09-01T15:15:00-04:00,ORCL,-3,sell,141.02000427246094,140.99180027160645,0.08461200256347656,0.0,0.08461200256347656,423.0600128173828,126,73719.34924098966,98798.03935024259,0.7140363558526327,0.2538379331633098,policy_rebalance
2026-09-01,2026-09-01T15:15:00-04:00,2026-09-01T15:15:00-04:00,SMCI,1,buy,37.025001525878906,37.03240652618408,0.0074050003051757815,0.0,0.0074050003051757815,37.025001525878906,-613,73682.31683446348,98798.03194524228,0.7136616549263333,0.25421270663264744,policy_rebalance
2026-09-01,2026-09-01T15:15:00-04:00,2026-09-01T15:15:00-04:00,CRM,-90,sell,257.5199890136719,257.46848501586913,4.635359802246094,0.0,4.635359802246094,23176.79901123047,-90,96854.48048589169,98793.39658544003,0.9482938053629381,0.01962596860278507,policy_rebalance
2026-09-01,2026-09-01T15:20:00-04:00,2026-09-01T15:20:00-04:00,META,-1,sell,579.0150146484375,578.8992116455079,0.1158030029296875,0.0,0.1158030029296875,579.0150146484375,51,97433.3796975372,98854.50996563412,0.9429590962794332,0.014375978077186028,policy_rebalance
2026-09-01,2026-09-01T15:20:00-04:00,2026-09-01T15:20:00-04:00,ORCL,-1,sell,141.17999267578125,141.15175667724608,0.02823599853515625,0.0,0.02823599853515625,141.17999267578125,125,97574.53145421445,98854.48172963559,0.9415312058609677,0.0129478224257123,policy_rebalance
2026-09-01,2026-09-01T15:20:00-04:00,2026-09-01T15:20:00-04:00,SMCI,1,buy,37.005001068115234,37.01240206832885,0.007401000213623047,0.0,0.007401000213623047,37.005001068115234,-612,97537.51905214612,98854.47432863538,0.9411569382008872,0.013322161545375522,policy_rebalance
2026-09-01,2026-09-01T15:20:00-04:00,2026-09-01T15:20:00-04:00,CRM,1,buy,257.92498779296875,257.9765727905273,0.05158499755859375,0.0,0.05158499755859375,257.92498779296875,-89,97279.54247935559,98854.42274363781,0.9385482897352201,0.015931308084883685,policy_rebalance
2026-09-01,2026-09-01T15:25:00-04:00,2026-09-01T15:25:00-04:00,META,-1,sell,580.3900146484375,580.2739366455078,0.1160780029296875,0.0,0.1160780029296875,580.3900146484375,50,97859.8164160011,98991.16401121594,0.9311200063152502,0.011428773532622158,policy_rebalance
2026-09-01,2026-09-01T15:25:00-04:00,2026-09-01T15:25:00-04:00,ORCL,-1,sell,141.05999755859375,141.03178555908204,0.02821199951171875,0.0,0.02821199951171875,141.05999755859375,124,98000.84820156018,98991.13579921643,0.9296952956311795,0.010003800740955724,policy_rebalance
2026-09-01,2026-09-01T15:25:00-04:00,2026-09-01T15:25:00-04:00,SMCI,1,buy,36.86199951171875,36.869371911621094,0.00737239990234375,0.0,0.00737239990234375,36.86199951171875,-611,97963.97882964855,98991.12842681652,0.9293229880717859,0.010376178284777646,policy_rebalance
2026-09-01,2026-09-01T15:25:00-04:00,2026-09-01T15:25:00-04:00,CRM,1,buy,257.989990234375,258.0415882324219,0.051597998046875,0.0,0.051597998046875,257.989990234375,-88,97705.93724141613,98991.07682881848,0.9267172780695125,0.01298237809479219,policy_rebalance
2026-09-01,2026-09-01T15:30:00-04:00,2026-09-01T15:30:00-04:00,META,-1,sell,580.77001953125,580.6538655273438,0.11615400390625,0.0,0.11615400390625,580.77001953125,49,98286.59110694348,98973.63339286267,0.9217721563746807,0.006941669840411602,policy_rebalance
2026-09-01,2026-09-01T15:30:00-04:00,2026-09-01T15:30:00-04:00,ORCL,-1,sell,141.13999938964844,141.11177138977052,0.028227999877929687,0.0,0.028227999877929687,141.13999938964844,123,98427.70287833325,98973.60516486279,0.9203463825093124,0.00551563505866254,policy_rebalance
2026-09-01,2026-09-01T15:30:00-04:00,2026-09-01T15:30:00-04:00,SMCI,312,buy,36.869998931884766,36.87737293167114,2.3006879333496095,0.0,2.3006879333496095,11503.439666748047,-299,86921.96252365186,98971.30447692945,0.8041377269023501,0.1217458132633417,policy_rebalance
2026-09-01,2026-09-01T15:30:00-04:00,2026-09-01T15:30:00-04:00,CRM,1,buy,258.4599914550781,258.51168345336913,0.051691998291015624,0.0,0.051691998291015624,258.4599914550781,-87,86663.4508401985,98971.25278493116,0.8015266816068981,0.12435734214133932,policy_rebalance
2026-09-01,2026-09-01T15:30:00-04:00,2026-09-01T15:30:00-04:00,AMD,-29,sell,460.2900085449219,460.1979505432129,2.6696820495605467,0.0,2.6696820495605467,13348.410247802734,-29,100009.19140595167,98968.5831028816,0.9364235311992426,-0.010514531687175076,policy_rebalance
2026-09-01,2026-09-01T15:35:00-04:00,2026-09-01T15:35:00-04:00,ORCL,-8,sell,141.4499969482422,141.42170694885255,0.2263199951171875,0.0,0.2263199951171875,1131.5999755859375,115,101140.5650615425,98964.42469212721,0.9246009550020925,-0.02198911756608634,policy_rebalance
2026-09-01,2026-09-01T15:35:00-04:00,2026-09-01T15:35:00-04:00,SMCI,-65,sell,36.79999923706055,36.79263923721314,0.47839999008178713,0.0,0.47839999008178713,2391.9999504089355,-364,103532.08661196135,98963.94629213713,0.9487758426165602,-0.046159641879470664,policy_rebalance
2026-09-01,2026-09-01T15:40:00-04:00,2026-09-01T15:40:00-04:00,META,-1,sell,579.6865234375,579.5705861328125,0.1159373046875,0.0,0.1159373046875,579.6865234375,48,104111.65719809417,98985.53288473967,0.9424491436780196,-0.051786601172551475,policy_rebalance
2026-09-01,2026-09-01T15:40:00-04:00,2026-09-01T15:40:00-04:00,ORCL,-1,sell,141.36000061035156,141.3317286102295,0.028272000122070314,0.0,0.028272000122070314,141.36000061035156,114,104252.98892670439,98985.50461273955,0.941021324966169,-0.05321470385560789,policy_rebalance
2026-09-01,2026-09-01T15:40:00-04:00,2026-09-01T15:40:00-04:00,AMD,1,buy,459.0650939941406,459.1569070129394,0.09181301879882812,0.0,0.09181301879882812,459.0650939941406,-28,103793.83201969146,98985.41279972075,0.9363844933057888,-0.048577048718276075,policy_rebalance
2026-09-01,2026-09-01T15:40:00-04:00,2026-09-01T15:40:00-04:00,SMCI,1,buy,36.81999969482422,36.827363694763186,0.007363999938964844,0.0,0.007363999938964844,36.81999969482422,-363,103757.0046559967,98985.40543572082,0.9360125889427422,-0.048205078306967804,policy_rebalance
2026-09-01,2026-09-01T15:40:00-04:00,2026-09-01T15:40:00-04:00,CRM,1,buy,258.5299987792969,258.58170477905276,0.05170599975585938,0.0,0.05170599975585938,258.5299987792969,-86,103498.42295121765,98985.35372972107,0.9334012773539754,-0.04559330296297664,policy_rebalance
2026-09-01,2026-09-01T15:45:00-04:00,2026-09-01T15:45:00-04:00,META,-1,sell,579.135009765625,579.0191827636719,0.115827001953125,0.0,0.115827001953125,579.135009765625,47,104077.44213398133,98944.28234012757,0.9269041899924637,-0.051879296837064125,policy_rebalance
2026-09-01,2026-09-01T15:45:00-04:00,2026-09-01T15:45:00-04:00,ORCL,-1,sell,140.96499633789062,140.93680333862304,0.028192999267578126,0.0,0.028192999267578126,140.96499633789062,113,104218.37893731995,98944.2541471283,0.9254797630225138,-0.053304002699834624,policy_rebalance
2026-09-01,2026-09-01T15:45:00-04:00,2026-09-01T15:45:00-04:00,CRM,39,buy,257.7699890136719,257.8215430114746,2.0106059143066406,0.0,2.0106059143066406,10053.029571533203,-47,94163.33875987245,98942.243541214,0.8238935402251569,0.048299943586289494,policy_rebalance
2026-09-01,2026-09-01T15:45:00-04:00,2026-09-01T15:45:00-04:00,AMD,-23,sell,459.7250061035156,459.63306110229496,2.114735028076172,0.0,2.114735028076172,10573.67514038086,-51,104734.89916522523,98940.12880618592,0.9307805797359504,-0.058568453760462526,policy_rebalance
2026-09-01,2026-09-01T15:50:00-04:00,2026-09-01T15:50:00-04:00,META,-1,sell,579.5700073242188,579.4540933227539,0.11591400146484375,0.0,0.11591400146484375,579.5700073242188,46,105314.35325854798,98924.2134422638,0.9250849471691993,-0.06459631665420039,policy_rebalance
2026-09-01,2026-09-01T15:50:00-04:00,2026-09-01T15:50:00-04:00,ORCL,-1,sell,140.72000122070312,140.69185722045899,0.028144000244140627,0.0,0.028144000244140627,140.72000122070312,112,105455.04511576844,98924.18529826356,0.9236627068423721,-0.0660188385460428,policy_rebalance
2026-09-01,2026-09-01T15:50:00-04:00,2026-09-01T15:50:00-04:00,AMD,51,buy,459.92999267578125,460.0219786743164,4.691285925292969,0.0,4.691285925292969,23456.429626464844,0,81993.92420337831,98919.49401233827,0.6865800499326701,0.17110449237486827,policy_rebalance
2026-09-01,2026-09-01T15:50:00-04:00,2026-09-01T15:50:00-04:00,SMCI,1,buy,36.83000183105469,36.8373678314209,0.007366000366210938,0.0,0.007366000366210938,36.83000183105469,-362,81957.08683554688,98919.4866463379,0.6862077780403399,0.17147682813433787,policy_rebalance
2026-09-01,2026-09-01T15:50:00-04:00,2026-09-01T15:50:00-04:00,CRM,47,buy,258.0,258.0516,2.4252,0.0,2.4252,12126.0,0,69828.66163554689,98917.0614463379,0.5636370543287981,0.2940685801364141,policy_rebalance
2026-09-01,2026-09-01T15:50:00-04:00,2026-09-01T15:50:00-04:00,INTC,-115,sell,88.95999908447266,88.94220708465576,2.046079978942871,0.0,2.046079978942871,10230.399894714355,-115,80057.0154502823,98915.01536635896,0.667074870147875,0.19064850615683446,policy_rebalance
2026-09-01,2026-09-01T15:55:00-04:00,,META,-46,sell,579.5800170898438,579.4641010864258,5.332136157226563,0.0,5.332136157226563,26660.680786132812,0,106712.36410025788,98999.45434836579,0.3972574381751887,-0.07790860871567429,scheduled_1555_liquidation
2026-09-01,2026-09-01T15:55:00-04:00,,ORCL,-112,sell,141.13999938964844,141.11177138977052,3.161535986328125,0.0,3.161535986328125,15807.679931640625,0,122516.88249591218,98996.29281237947,0.23759061087377878,-0.23759061087377878,scheduled_1555_liquidation
2026-09-01,2026-09-01T15:55:00-04:00,,SMCI,362,buy,36.744998931884766,36.75234793167114,2.660337922668457,0.0,2.660337922668457,13301.689613342285,0,109212.53254464723,98993.6324744568,0.10322785228461234,-0.10322785228461234,scheduled_1555_liquidation
2026-09-01,2026-09-01T15:55:00-04:00,,INTC,115,buy,88.86000061035156,88.87777261047363,2.0437800140380857,0.0,2.0437800140380857,10218.90007019043,0,98991.58869444276,98991.58869444276,0.0,0.0,scheduled_1555_liquidation
2026-09-02,2026-09-02T09:35:00-04:00,2026-09-02T09:35:00-04:00,SNDK,7,buy,1553.6700439453125,1553.9807779541015,2.1751380615234375,0.0,2.1751380615234375,10875.690307617188,7,88113.72324876406,98989.41355638125,0.10986720616768517,0.10986720616768517,policy_rebalance
2026-09-02,2026-09-02T09:35:00-04:00,2026-09-02T09:35:00-04:00,NFLX,159,buy,81.16999816894531,81.1862321685791,2.581205941772461,0.0,2.581205941772461,12906.029708862305,159,75205.11233395999,98986.83235043948,0.24025134911162663,0.24025134911162663,policy_rebalance
2026-09-02,2026-09-02T09:35:00-04:00,2026-09-02T09:35:00-04:00,CRM,262,buy,263.9700012207031,264.0227952209473,13.832028063964843,0.0,13.832028063964843,69160.14031982422,262,6031.139986071808,98973.00032237552,0.9390627750353415,0.9390627750353415,policy_rebalance
2026-09-02,2026-09-02T09:40:00-04:00,2026-09-02T09:40:00-04:00,SNDK,-7,sell,1566.6099853515625,1566.2966633544922,2.1932539794921877,0.0,2.1932539794921877,10966.269897460938,0,16995.21662955325,98333.14712576907,0.8271669612301109,0.8271669612301109,policy_rebalance
2026-09-02,2026-09-02T09:40:00-04:00,2026-09-02T09:40:00-04:00,CRM,-262,sell,261.18499755859375,261.13276055908204,13.686093872070312,0.0,13.686093872070312,68430.46936035156,0,85411.99989603275,98319.46103189701,0.13128083698177304,0.13128083698177304,policy_rebalance
2026-09-02,2026-09-02T09:40:00-04:00,2026-09-02T09:40:00-04:00,MSFT,34,buy,495.8807067871094,495.9798829284668,3.3719888061523435,0.0,3.3719888061523435,16859.94403076172,34,68548.68387646487,98316.08904309085,0.3027724704710259,0.3027724704710259,policy_rebalance
2026-09-02,2026-09-02T09:40:00-04:00,2026-09-02T09:40:00-04:00,TSLA,-46,sell,352.2672119140625,352.1967584716797,3.240858349609375,0.0,3.240858349609375,16204.291748046875,-46,84749.73476616213,98312.84818474123,0.4676061955634395,0.13795870701551072,policy_rebalance
2026-09-02,2026-09-02T09:40:00-04:00,2026-09-02T09:40:00-04:00,NFLX,264,buy,81.17900085449219,81.19523665466308,4.286251245117188,0.0,4.286251245117188,21431.256225585938,423,63314.192289331084,98308.56193349612,0.685626478656616,0.3559646174850779,policy_rebalance
2026-09-02,2026-09-02T09:40:00-04:00,2026-09-02T09:40:00-04:00,MARA,2495,buy,10.135000228881836,10.137027228927613,5.057365114212036,0.0,5.057365114212036,25286.82557106018,2495,38022.30935315669,98303.5045683819,0.9428939397256391,0.6132151186257292,policy_rebalance
2026-09-02,2026-09-02T09:45:00-04:00,2026-09-02T09:45:00-04:00,MSFT,-34,sell,496.55999755859375,496.46068555908204,3.3766079833984377,0.0,3.3766079833984377,16883.039916992188,0,54901.972662165485,98880.61928196224,0.7710150544352496,0.44476508075247584,policy_rebalance
2026-09-02,2026-09-02T09:45:00-04:00,2026-09-02T09:45:00-04:00,NFLX,-423,sell,81.79000091552734,81.77364291534424,6.919434077453613,0.0,6.919434077453613,34597.17038726807,0,89492.2236153561,98873.69984788478,0.4211562400827472,0.09488343459344498,policy_rebalance
2026-09-02,2026-09-02T09:45:00-04:00,2026-09-02T09:45:00-04:00,MARA,-2495,sell,10.225000381469727,10.222955381393433,5.102275190353393,0.0,5.102275190353393,25511.375951766968,0,114998.49729193271,98868.59757269443,0.1631448216647208,-0.1631448216647208,policy_rebalance
2026-09-02,2026-09-02T09:45:00-04:00,2026-09-02T09:45:00-04:00,TSLA,46,buy,350.6499938964844,350.72012389526367,3.225979943847656,0.0,3.225979943847656,16129.899719238281,0,98865.37159275058,98865.37159275058,0.0,0.0,policy_rebalance
2026-09-02,2026-09-02T09:45:00-04:00,2026-09-02T09:45:00-04:00,AVGO,-90,sell,368.2799987792969,368.20634277954105,6.629039978027344,0.0,6.629039978027344,33145.19989013672,-90,132003.9424429093,98858.74255277257,0.3352783884788259,-0.3352783884788259,policy_rebalance
2026-09-02,2026-09-02T09:45:00-04:00,2026-09-02T09:45:00-04:00,MSTR,400,buy,124.53500366210938,124.55991066284179,9.96280029296875,0.0,9.96280029296875,49814.00146484375,400,82179.97817777257,98848.7797524796,0.8392536717470147,0.16862931051294944,policy_rebalance
2026-09-02,2026-09-02T09:45:00-04:00,2026-09-02T09:45:00-04:00,INTC,120,buy,88.72000122070312,88.73774522094726,2.129280029296875,0.0,2.129280029296875,10646.400146484375,120,71531.4487512589,98846.6504724503,0.9469779810854977,0.2763391737669904,policy_rebalance
2026-09-02,2026-09-02T09:50:00-04:00,2026-09-02T09:50:00-04:00,MSTR,-400,sell,123.33999633789062,123.31532833862305,9.86719970703125,0.0,9.86719970703125,49335.99853515625,0,120857.58008670811,98362.60541629796,0.44311731909460544,-0.22869437603045542,policy_rebalance
2026-09-02,2026-09-02T09:50:00-04:00,2026-09-02T09:50:00-04:00,INTC,-120,sell,87.87999725341797,87.86242125396728,2.1091199340820315,0.0,2.1091199340820315,10545.599670410156,0,131401.0706371842,98360.49629636388,0.3359130503090165,-0.3359130503090165,policy_rebalance
2026-09-02,2026-09-02T09:50:00-04:00,2026-09-02T09:50:00-04:00,AVGO,1,buy,367.11749267578125,367.1909161743164,0.07342349853515626,0.0,0.07342349853515626,367.11749267578125,-89,131033.87972100989,98360.42287286535,0.33218093104760477,-0.33218093104760477,policy_rebalance
2026-09-02,2026-09-02T09:50:00-04:00,2026-09-02T09:50:00-04:00,TSLA,114,buy,351.6600036621094,351.7303356628418,8.017848083496094,0.0,8.017848083496094,40089.24041748047,114,90936.62145544591,98352.40502478185,0.7398161463086844,0.07540012435351615,policy_rebalance
2026-09-02,2026-09-02T09:50:00-04:00,2026-09-02T09:50:00-04:00,MARA,-235,sell,10.076499938964844,10.07448463897705,0.47359549713134763,0.0,0.47359549713134763,2367.9774856567383,-235,93304.12534560553,98351.93142928473,0.7638962820501484,0.051323914134910345,policy_rebalance
2026-09-02,2026-09-02T09:50:00-04:00,2026-09-02T09:50:00-04:00,CRM,68,buy,261.67999267578125,261.7323286743164,3.558847900390625,0.0,3.558847900390625,17794.239501953125,68,75506.32699575201,98348.37258138433,0.9448546205107614,0.23225646735262737,policy_rebalance
2026-09-02,2026-09-02T09:55:00-04:00,2026-09-02T09:55:00-04:00,AVGO,89,buy,367.0299987792969,367.1034047790527,6.533133978271485,0.0,6.533133978271485,32665.669891357422,0,42834.123970416316,98489.51543846441,0.6132398080230222,0.5650895044033516,policy_rebalance
2026-09-02,2026-09-02T09:55:00-04:00,2026-09-02T09:55:00-04:00,MARA,235,buy,10.09000015258789,10.092018152618408,0.4742300071716309,0.0,0.4742300071716309,2371.1500358581543,0,40462.49970455099,98489.04120845723,0.5891674930725544,0.5891674930725544,policy_rebalance
2026-09-02,2026-09-02T09:55:00-04:00,2026-09-02T09:55:00-04:00,GOOGL,-43,sell,336.25,336.18275,2.89175,0.0,2.89175,14458.75,-43,54918.357954550986,98486.14945845724,0.7359947759403621,0.4423748084727764,policy_rebalance
2026-09-02,2026-09-02T09:55:00-04:00,2026-09-02T09:55:00-04:00,INTC,-238,sell,87.54000091552734,87.52249291534424,4.166904043579102,0.0,4.166904043579102,20834.520217895508,-238,75748.71126840291,98481.98255441365,0.9475825861876849,0.2308368566143565,policy_rebalance
2026-09-02,2026-09-02T10:00:00-04:00,2026-09-02T10:00:00-04:00,TSLA,-114,sell,351.7300109863281,351.65966498413087,8.01944425048828,0.0,8.01944425048828,40097.221252441406,0,115837.91307659383,98254.18329448934,0.542595611020515,-0.17896164002912932,policy_rebalance
2026-09-02,2026-09-02T10:00:00-04:00,2026-09-02T10:00:00-04:00,CRM,-68,sell,262.7099914550781,262.6574494567871,3.5728558837890625,0.0,3.5728558837890625,17864.279418945312,0,133698.61963965534,98250.61043860554,0.36079174513832074,-0.36079174513832074,policy_rebalance
2026-09-02,2026-09-02T10:00:00-04:00,2026-09-02T10:00:00-04:00,GOOGL,43,buy,336.5,336.5673,2.8939,0.0,2.8939,14469.5,0,119226.22573965535,98247.71653860554,0.21352668479380374,-0.21352668479380374,policy_rebalance
2026-09-02,2026-09-02T10:00:00-04:00,2026-09-02T10:00:00-04:00,INTC,1,buy,88.1449966430664,88.16262564239501,0.017628999328613282,0.0,0.017628999328613282,88.1449966430664,-237,119138.06311401296,98247.69890960622,0.21262955200230316,-0.21262955200230316,policy_rebalance
2026-09-02,2026-09-02T10:00:00-04:00,2026-09-02T10:00:00-04:00,META,33,buy,593.844970703125,593.9637396972656,3.919376806640625,0.0,3.919376806640625,19596.884033203125,33,99537.2597040032,98243.77953279958,0.4121100433039918,-0.01316602615814239,policy_rebalance
2026-09-02,2026-09-02T10:00:00-04:00,2026-09-02T10:00:00-04:00,ORCL,-15,sell,143.6199951171875,143.59127111816406,0.4308599853515625,0.0,0.4308599853515625,2154.2999267578125,-15,101691.12877077566,98243.34867281423,0.434040051977253,-0.035094285206459894,policy_rebalance
2026-09-02,2026-09-02T10:00:00-04:00,2026-09-02T10:00:00-04:00,PLTR,281,buy,175.9199981689453,175.95518216857909,9.886703897094726,0.0,9.886703897094726,49433.51948547363,281,52247.72258140493,98233.46196891714,0.9373085891951517,0.46812703599984024,policy_rebalance
2026-09-02,2026-09-02T10:05:00-04:00,2026-09-02T10:05:00-04:00,PLTR,-281,sell,174.5800018310547,174.5450858306885,9.811396102905274,0.0,9.811396102905274,49056.98051452637,0,101294.8916998284,97892.63683990408,0.43733467191621944,-0.03475496186182464,policy_rebalance
2026-09-02,2026-09-02T10:05:00-04:00,2026-09-02T10:05:00-04:00,ORCL,15,buy,144.5399932861328,144.56890128479003,0.43361997985839845,0.0,0.43361997985839845,2168.099899291992,0,99126.35818055655,97892.20321992422,0.41518877887333894,-0.012607285565528408,policy_rebalance
2026-09-02,2026-09-02T10:05:00-04:00,2026-09-02T10:05:00-04:00,INTC,237,buy,88.3499984741211,88.36766847381591,4.1877899276733395,0.0,4.1877899276733395,20938.9496383667,0,78183.22075226218,97888.01542999655,0.2012993581612248,0.2012993581612248,policy_rebalance
2026-09-02,2026-09-02T10:10:00-04:00,2026-09-02T10:10:00-04:00,AMD,-10,sell,456.5,456.4087,0.913,0.0,0.913,4565.0,-10,82747.30775226218,97927.6917854653,0.24824831046218265,0.15501625491653057,policy_rebalance
2026-09-02,2026-09-02T10:10:00-04:00,2026-09-02T10:10:00-04:00,TSLA,194,buy,351.71990966796875,351.79025364990235,13.646732495117188,0.0,13.646732495117188,68233.66247558594,194,14499.998544181115,97914.04505297018,0.9451559932870098,0.8519109435593555,policy_rebalance
2026-09-02,2026-09-02T10:15:00-04:00,2026-09-02T10:15:00-04:00,TSLA,-93,sell,352.80120849609375,352.73064825439457,6.562102478027343,0.0,6.562102478027343,32810.51239013672,101,47303.94883183981,98131.06485967184,0.6111257423589359,0.5179513347838953,policy_rebalance
2026-09-02,2026-09-02T10:15:00-04:00,2026-09-02T10:15:00-04:00,META,-24,sell,598.9650268554688,598.8452338500977,2.87503212890625,0.0,2.87503212890625,14375.16064453125,9,61676.23444424215,98128.18982754293,0.4646499573307198,0.3714728198631188,policy_rebalance
2026-09-02,2026-09-02T10:15:00-04:00,2026-09-02T10:15:00-04:00,AMD,10,buy,457.1651916503906,457.2566246887207,0.9143303833007812,0.0,0.9143303833007812,4571.651916503906,0,57103.66819735494,98127.27549715963,0.41806528400956317,0.41806528400956317,policy_rebalance
2026-09-02,2026-09-02T10:15:00-04:00,2026-09-02T10:15:00-04:00,CRM,198,buy,258.9200134277344,258.97179743041994,10.25323253173828,0.0,10.25323253173828,51266.162658691406,198,5827.252306131792,98117.02226462789,0.9406091606570028,0.9406091606570028,policy_rebalance
2026-09-02,2026-09-02T10:20:00-04:00,2026-09-02T10:20:00-04:00,TSLA,-1,sell,354.6199951171875,354.5490711181641,0.0709239990234375,0.0,0.0709239990234375,354.6199951171875,100,6181.801377249955,97855.99968047261,0.9368275691073079,0.9368275691073079,policy_rebalance
2026-09-02,2026-09-02T10:20:00-04:00,2026-09-02T10:20:00-04:00,META,-9,sell,594.0,593.8812,1.0692,0.0,1.0692,5346.0,0,11526.732177249956,97854.93048047261,0.8822059131752163,0.8822059131752163,policy_rebalance
2026-09-02,2026-09-02T10:20:00-04:00,2026-09-02T10:20:00-04:00,CRM,-198,sell,256.8999938964844,256.8486138977051,10.173239758300781,0.0,10.173239758300781,50866.198791503906,0,62382.757728995566,97844.75724071432,0.36243126879528514,0.36243126879528514,policy_rebalance
2026-09-02,2026-09-02T10:25:00-04:00,2026-09-02T10:25:00-04:00,TSLA,-100,sell,354.7950134277344,354.72405442504885,7.095900268554687,0.0,7.095900268554687,35479.50134277344,0,97855.16317150045,97855.16317150045,0.0,0.0,policy_rebalance
2026-09-02,2026-09-02T10:25:00-04:00,2026-09-02T10:25:00-04:00,INTC,468,buy,88.87000274658203,88.88777674713134,8.318232257080078,0.0,8.318232257080078,41591.16128540039,468,56255.68365384298,97846.84493924337,0.42506389767831393,0.42506389767831393,policy_rebalance
2026-09-02,2026-09-02T10:25:00-04:00,2026-09-02T10:25:00-04:00,CRM,200,buy,255.9600067138672,256.01119871520996,10.238400268554688,0.0,10.238400268554688,51192.00134277344,200,5053.443910800983,97836.60653897481,0.9483481276633623,0.9483481276633623,policy_rebalance
2026-09-02,2026-09-02T10:30:00-04:00,2026-09-02T10:30:00-04:00,INTC,-468,sell,89.07009887695312,89.05228485717774,8.336961254882812,0.0,8.336961254882812,41684.80627441406,0,46729.91322396017,97829.91322396017,0.5223351254847557,0.5223351254847557,policy_rebalance
2026-09-02,2026-09-02T10:30:00-04:00,2026-09-02T10:30:00-04:00,TSLA,1,buy,355.0400085449219,355.1110165466309,0.07100800170898437,0.0,0.07100800170898437,355.0400085449219,1,46374.80220741354,97829.84221595846,0.5259646631644197,0.5259646631644197,policy_rebalance
2026-09-02,2026-09-02T10:30:00-04:00,2026-09-02T10:30:00-04:00,CRM,68,buy,255.5,255.5511,3.4748,0.0,3.4748,17374.0,268,28997.327407413537,97826.36741595846,0.703583725192241,0.703583725192241,policy_rebalance
2026-09-02,2026-09-02T10:35:00-04:00,2026-09-02T10:35:00-04:00,CRM,-42,sell,255.5050048828125,255.45390388183594,2.146242041015625,0.0,2.146242041015625,10731.210205078125,226,39726.39137045065,97825.75745931783,0.5939066315231813,0.5939066315231813,policy_rebalance
2026-09-02,2026-09-02T10:35:00-04:00,2026-09-02T10:35:00-04:00,SNDK,13,buy,1542.3599853515625,1542.6684573486327,4.010135961914062,0.0,4.010135961914062,20050.679809570312,13,19671.70142491842,97821.74732335593,0.7989025757238584,0.7989025757238584,policy_rebalance
2026-09-02,2026-09-02T10:35:00-04:00,2026-09-02T10:35:00-04:00,INTC,-155,sell,89.36920166015625,89.35132781982422,2.7704452514648437,0.0,2.7704452514648437,13852.226257324219,-155,33521.157236991174,97818.97687810445,0.9405360298381455,0.6573143749114957,policy_rebalance
2026-09-02,2026-09-02T10:40:00-04:00,2026-09-02T10:40:00-04:00,TSLA,-1,sell,355.5199890136719,355.44888501586917,0.07110399780273438,0.0,0.07110399780273438,355.5199890136719,0,33876.60612200704,98129.43912219015,0.935872403453546,0.6547763196748316,policy_rebalance
2026-09-02,2026-09-02T10:40:00-04:00,2026-09-02T10:40:00-04:00,CRM,-22,sell,256.70001220703125,256.64867220458984,1.1294800537109375,0.0,1.1294800537109375,5647.4002685546875,204,39522.876910508014,98128.30964213643,0.8783319929447563,0.5972326736836315,policy_rebalance
2026-09-02,2026-09-02T10:40:00-04:00,2026-09-02T10:40:00-04:00,INTC,155,buy,88.9800033569336,88.99779935760498,2.7583801040649414,0.0,2.7583801040649414,13791.900520324707,0,25728.218010079243,98125.55126203237,0.7378030729083481,0.7378030729083481,policy_rebalance
2026-09-02,2026-09-02T10:40:00-04:00,2026-09-02T10:40:00-04:00,AVGO,-44,sell,368.875,368.801225,3.2461,0.0,3.2461,16230.5,-44,41955.47191007924,98122.30516203237,0.9032383932032505,0.5724165688851593,policy_rebalance
2026-09-02,2026-09-02T10:40:00-04:00,2026-09-02T10:40:00-04:00,HOOD,-18,sell,106.43000030517578,106.40871430511474,0.38314800109863284,0.0,0.38314800109863284,1915.740005493164,-18,43870.82876757131,98121.92201403127,0.922765997638109,0.5528947266106563,policy_rebalance
2026-09-02,2026-09-02T10:40:00-04:00,2026-09-02T10:40:00-04:00,INTC,27,buy,88.9800033569336,88.99779935760498,0.4804920181274414,0.0,0.4804920181274414,2402.460090637207,27,41467.88818491597,98121.44152201313,0.9472550739812708,0.5773819917269273,policy_rebalance
2026-09-02,2026-09-02T10:45:00-04:00,2026-09-02T10:45:00-04:00,INTC,-27,sell,89.17500305175781,89.15716805114747,0.48154501647949216,0.0,0.48154501647949216,2407.725082397461,0,43875.13172229695,98219.9156883614,0.9234023672225204,0.5532969926230964,policy_rebalance
2026-09-02,2026-09-02T10:45:00-04:00,2026-09-02T10:45:00-04:00,CRM,-195,sell,257.1700134277344,257.11857942504884,10.029630523681641,0.0,10.029630523681641,50148.1526184082,9,94013.25471018147,98209.88605783772,0.41287442297551774,0.04273125156855158,policy_rebalance
2026-09-02,2026-09-02T10:45:00-04:00,2026-09-02T10:45:00-04:00,AVGO,1,buy,369.3599853515625,369.4338573486328,0.0738719970703125,0.0,0.0738719970703125,369.3599853515625,-43,93643.82085283284,98209.81218584065,0.4091138060140015,0.04649221123005173,policy_rebalance
2026-09-02,2026-09-02T10:45:00-04:00,2026-09-02T10:45:00-04:00,HOOD,18,buy,106.88999938964844,106.91137738952636,0.3848039978027344,0.0,0.3848039978027344,1924.0199890136719,0,91719.41605982136,98209.42738184285,0.3895244181958087,0.06608338420290362,policy_rebalance
2026-09-02,2026-09-02T10:45:00-04:00,2026-09-02T10:45:00-04:00,PLTR,32,buy,173.47000122070312,173.50469522094727,1.1102080078125,0.0,1.1102080078125,5551.0400390625,32,86167.26581275105,98208.31717383504,0.44605193696353546,0.12260724659165628,policy_rebalance
2026-09-02,2026-09-02T10:50:00-04:00,2026-09-02T10:50:00-04:00,SNDK,-4,sell,1527.18994140625,1526.8845034179687,1.221751953125,0.0,1.221751953125,6108.759765625,9,92274.80382642293,98030.31368360066,0.3819583773146713,0.0587115315753658,policy_rebalance
2026-09-02,2026-09-02T10:50:00-04:00,2026-09-02T10:50:00-04:00,CRM,-9,sell,257.07501220703125,257.02359720458986,0.46273502197265626,0.0,0.46273502197265626,2313.6751098632812,0,94588.01620126424,98029.85094857869,0.3583584397246539,0.03511006814771001,policy_rebalance
2026-09-02,2026-09-02T10:50:00-04:00,2026-09-02T10:50:00-04:00,AVGO,8,buy,368.4649963378906,368.5386893371582,0.589543994140625,0.0,0.589543994140625,2947.719970703125,-35,91639.70668656698,98029.26140458455,0.32829079807965234,0.06518007609632726,policy_rebalance
2026-09-02,2026-09-02T10:50:00-04:00,2026-09-02T10:50:00-04:00,AMZN,-237,sell,255.6699981689453,255.61886416931154,12.118757913208007,0.0,12.118757913208007,60593.78956604004,-237,152221.37749469382,98017.14264667136,0.9465272249584457,-0.553007702371165,policy_rebalance
2026-09-02,2026-09-02T10:55:00-04:00,2026-09-02T10:55:00-04:00,SNDK,-9,sell,1524.39599609375,1524.0911168945313,2.74391279296875,0.0,2.74391279296875,13719.56396484375,0,165938.1975467446,98079.02338292624,0.8047451113511586,-0.6918826454753565,policy_rebalance
2026-09-02,2026-09-02T10:55:00-04:00,2026-09-02T10:55:00-04:00,AVGO,35,buy,368.1549987792969,368.2286297790527,2.577084991455078,0.0,2.577084991455078,12885.42495727539,0,153050.19550447777,98076.4462979348,0.6733848148984283,-0.5605193834159197,policy_rebalance
2026-09-02,2026-09-02T10:55:00-04:00,2026-09-02T10:55:00-04:00,AMZN,1,buy,255.30999755859375,255.36105955810547,0.05106199951171875,0.0,0.05106199951171875,255.30999755859375,-236,152794.83444491966,98076.39523593528,0.670781990716632,-0.5579165004724347,policy_rebalance
2026-09-02,2026-09-02T10:55:00-04:00,2026-09-02T10:55:00-04:00,ORCL,-54,sell,145.56500244140625,145.53588944091797,1.5721020263671874,0.0,1.5721020263671874,7860.5101318359375,-54,160653.77247472922,98074.82313390891,0.7509408369765821,-0.6380735375416031,policy_rebalance
2026-09-02,2026-09-02T10:55:00-04:00,2026-09-02T10:55:00-04:00,HOOD,-172,sell,106.57499694824219,106.55368194885254,3.6661798950195315,0.0,3.6661798950195315,18330.899475097656,-172,178981.00576993186,98071.15695401389,0.9378831870897074,-0.8250116683527762,policy_rebalance
2026-09-02,2026-09-02T11:00:00-04:00,2026-09-02T11:00:00-04:00,AMZN,25,buy,255.35499572753906,255.40606672668457,1.2767749786376954,0.0,1.2767749786376954,6383.874893188477,-211,172595.85410176474,98008.25023518759,0.8735534356023928,-0.7610339301802799,policy_rebalance
2026-09-02,2026-09-02T11:00:00-04:00,2026-09-02T11:00:00-04:00,ORCL,1,buy,145.7899932861328,145.81915128479002,0.029157998657226562,0.0,0.029157998657226562,145.7899932861328,-53,172450.03495047995,98008.22107718894,0.8720661672833258,-0.759546628386025,policy_rebalance
2026-09-02,2026-09-02T11:00:00-04:00,2026-09-02T11:00:00-04:00,HOOD,1,buy,106.68000030517578,106.70133630523681,0.021336000061035157,0.0,0.021336000061035157,106.68000030517578,-171,172343.3336141747,98008.19974118887,0.8709778767710723,-0.7584583133787101,policy_rebalance
2026-09-02,2026-09-02T11:00:00-04:00,2026-09-02T11:00:00-04:00,NVDA,-32,sell,224.0500030517578,224.00519305114747,1.43392001953125,0.0,1.43392001953125,7169.60009765625,-32,179511.49979181142,98006.76582116933,0.9441447540798777,-0.8316235444332678,policy_rebalance
2026-09-02,2026-09-02T11:05:00-04:00,2026-09-02T11:05:00-04:00,NVDA,1,buy,225.44009399414062,225.48518201293945,0.04508801879882812,0.0,0.04508801879882812,225.44009399414062,-31,179286.0146097985,97923.80257366569,0.9433388994859406,-0.8308726775078613,policy_rebalance
2026-09-02,2026-09-02T11:05:00-04:00,2026-09-02T11:05:00-04:00,AMZN,1,buy,255.60499572753906,255.65611672668456,0.051120999145507814,0.0,0.051120999145507814,255.60499572753906,-210,179030.3584930718,97923.75145266653,0.9407291468211443,-0.8282628661301832,policy_rebalance
2026-09-02,2026-09-02T11:05:00-04:00,2026-09-02T11:05:00-04:00,ORCL,53,buy,145.86500549316406,145.8941784942627,1.5461690582275391,0.0,1.5461690582275391,7730.845291137695,0,171297.9670328759,97922.20528360832,0.8617951528158787,-0.74932709630826,policy_rebalance
2026-09-02,2026-09-02T11:05:00-04:00,2026-09-02T11:05:00-04:00,HOOD,127,buy,106.52999877929688,106.55130477905273,2.7058619689941406,0.0,2.7058619689941406,13529.309844970703,-44,157765.95132593618,97919.49942163931,0.7236512894777428,-0.6111801250800856,policy_rebalance
2026-09-02,2026-09-02T11:05:00-04:00,2026-09-02T11:05:00-04:00,SNDK,3,buy,1526.06005859375,1526.3652706054688,0.91563603515625,0.0,0.91563603515625,4578.18017578125,3,153186.8555141198,97918.58378560416,0.770413023562912,-0.5644308729947244,policy_rebalance
2026-09-02,2026-09-02T11:05:00-04:00,2026-09-02T11:05:00-04:00,PLTR,2,buy,172.0800018310547,172.1144178314209,0.06883200073242188,0.0,0.06883200073242188,344.1600036621094,34,152842.62667845693,97918.51495360342,0.7739283243504598,-0.5609165105381564,policy_rebalance
2026-09-02,2026-09-02T11:05:00-04:00,2026-09-02T11:05:00-04:00,MARA,-1589,sell,10.140000343322754,10.13797234325409,3.222492109107971,0.0,3.222492109107971,16112.460545539856,-1589,168951.86473188768,97915.2924614943,0.9385088931088628,-0.7254900688605804,policy_rebalance
2026-09-02,2026-09-02T11:10:00-04:00,2026-09-02T11:10:00-04:00,NVDA,31,buy,226.02499389648438,226.07019889526367,1.401354962158203,0.0,1.401354962158203,7006.774810791016,0,161943.68856613451,98018.95825855547,0.8648809552017904,-0.6521670036418638,policy_rebalance
2026-09-02,2026-09-02T11:10:00-04:00,2026-09-02T11:10:00-04:00,AMZN,210,buy,255.22000122070312,255.27104522094726,10.719240051269532,0.0,10.719240051269532,53596.200256347656,0,108336.7690697356,98008.23901850422,0.3181215202153529,-0.10538430395919399,policy_rebalance
2026-09-02,2026-09-02T11:10:00-04:00,2026-09-02T11:10:00-04:00,MARA,996,buy,10.130000114440918,10.132026114463805,2.0178960227966307,0.0,2.0178960227966307,10089.480113983154,-593,98245.27105972965,98006.22112248142,0.2151807266383369,-0.002439130235921267,policy_rebalance
2026-09-02,2026-09-02T11:10:00-04:00,2026-09-02T11:10:00-04:00,HOOD,21,buy,105.83999633789062,105.8611643371582,0.4445279846191406,0.0,0.4445279846191406,2222.639923095703,-23,96022.18660864932,98005.7765944968,0.19250304021545556,0.020239521125929787,policy_rebalance
2026-09-02,2026-09-02T11:10:00-04:00,2026-09-02T11:10:00-04:00,AVGO,-131,sell,369.9200134277344,369.8460294250488,9.69190435180664,0.0,9.69190435180664,48459.5217590332,-131,144472.0164633307,97996.08469014498,0.6870267513751112,-0.4742631495956042,policy_rebalance
2026-09-02,2026-09-02T11:10:00-04:00,2026-09-02T11:10:00-04:00,SNDK,3,buy,1533.93994140625,1534.2467293945313,0.92036396484375,0.0,0.92036396484375,4601.81982421875,6,139869.27627514713,97995.16432618015,0.7339928661883297,-0.427307941538703,policy_rebalance
2026-09-02,2026-09-02T11:10:00-04:00,2026-09-02T11:10:00-04:00,GOOGL,47,buy,335.8699951171875,335.93716911621095,3.1571779541015625,0.0,3.1571779541015625,15785.889770507812,47,124080.22932668522,97992.00714822605,0.8951101611195542,-0.26622806224386475,policy_rebalance
2026-09-02,2026-09-02T11:10:00-04:00,2026-09-02T11:10:00-04:00,SMCI,128,buy,35.786800384521484,35.79395774459839,0.91614208984375,0.0,0.91614208984375,4580.71044921875,128,119498.60273537663,97991.09100613621,0.9418647226850082,-0.21948435830654867,policy_rebalance
2026-09-02,2026-09-02T11:15:00-04:00,2026-09-02T11:15:00-04:00,GOOGL,-47,sell,336.5,336.4327,3.1631,0.0,3.1631,15815.5,0,135310.93963537662,98019.75503645389,0.7807187898205123,-0.3804456008388718,policy_rebalance
2026-09-02,2026-09-02T11:15:00-04:00,2026-09-02T11:15:00-04:00,PLTR,-1,sell,170.80999755859375,170.77583555908203,0.03416199951171875,0.0,0.03416199951171875,170.80999755859375,33,135481.7154709357,98019.72087445439,0.7789764534302422,-0.3821883419201264,policy_rebalance
2026-09-02,2026-09-02T11:15:00-04:00,2026-09-02T11:15:00-04:00,SMCI,-128,sell,35.96500015258789,35.95780715255737,0.92070400390625,0.0,0.92070400390625,4603.52001953125,0,140084.31478646304,98018.80017045047,0.7320180862110196,-0.4291576161191777,policy_rebalance
2026-09-02,2026-09-02T11:15:00-04:00,2026-09-02T11:15:00-04:00,SNDK,5,buy,1534.3800048828125,1534.686880883789,1.5343800048828125,0.0,1.5343800048828125,7671.9000244140625,11,132410.8803820441,98017.26579044558,0.810300449593132,-0.3508934299915056,policy_rebalance
2026-09-02,2026-09-02T11:20:00-04:00,2026-09-02T11:20:00-04:00,AVGO,1,buy,369.8550109863281,369.9289819885254,0.07397100219726563,0.0,0.07397100219726563,369.8550109863281,-130,132040.95140005558,98043.11031652897,0.8068242773885943,-0.3467642037647082,policy_rebalance
2026-09-02,2026-09-02T11:20:00-04:00,2026-09-02T11:20:00-04:00,MARA,593,buy,10.15999984741211,10.162031847381591,1.204975981903076,0.0,1.204975981903076,6024.879909515381,0,126014.86651455829,98041.90534054706,0.7453821044247422,-0.2853163764703223,policy_rebalance
2026-09-02,2026-09-02T11:20:00-04:00,2026-09-02T11:20:00-04:00,HOOD,23,buy,106.29000091552734,106.31125891571045,0.4889340042114258,0.0,0.4889340042114258,2444.670021057129,0,123569.70755949695,98041.41640654285,0.7204507471678817,-0.2603827248588226,policy_rebalance
2026-09-02,2026-09-02T11:20:00-04:00,2026-09-02T11:20:00-04:00,PLTR,3,buy,170.5800018310547,170.61411783142088,0.10234800109863282,0.0,0.10234800109863282,511.74000549316406,36,123057.8652060027,98041.31405854176,0.7256711356041424,-0.2551633603413682,policy_rebalance
2026-09-02,2026-09-02T11:25:00-04:00,2026-09-02T11:25:00-04:00,SNDK,-2,sell,1536.360107421875,1536.0528354003907,0.61454404296875,0.0,0.61454404296875,3072.72021484375,9,126129.97087680348,97993.18742953785,0.694093336906084,-0.28712999531214783,policy_rebalance
2026-09-02,2026-09-02T11:25:00-04:00,2026-09-02T11:25:00-04:00,PLTR,-36,sell,169.79379272460938,169.75983396606446,1.2225153076171875,0.0,1.2225153076171875,6112.5765380859375,0,132241.32489958178,97991.96491423022,0.6317236517619389,-0.3495119218736875,policy_rebalance
2026-09-02,2026-09-02T11:25:00-04:00,2026-09-02T11:25:00-04:00,AVGO,130,buy,369.82000732421875,369.8939713256836,9.615320190429687,0.0,9.615320190429687,48076.60095214844,0,84155.10862724291,97982.34959403978,0.1411197121122923,0.1411197121122923,policy_rebalance
2026-09-02,2026-09-02T11:25:00-04:00,2026-09-02T11:25:00-04:00,AMZN,-39,sell,255.0749969482422,255.02398194885254,1.9895849761962892,0.0,1.9895849761962892,9947.924880981445,-39,94101.04392324816,97980.36000906359,0.24265236263246043,0.03959279273373334,policy_rebalance
2026-09-02,2026-09-02T11:25:00-04:00,2026-09-02T11:25:00-04:00,CRM,266,buy,255.35000610351562,255.40107610473632,13.584620324707032,0.0,13.584620324707032,67923.10162353516,266,26164.357679388297,97966.77538873888,0.9360139405165523,0.732926213243558,policy_rebalance
2026-09-02,2026-09-02T11:30:00-04:00,2026-09-02T11:30:00-04:00,CRM,-1,sell,254.77999877929688,254.72904277954103,0.05095599975585938,0.0,0.05095599975585938,254.77999877929688,265,26419.086722167838,97895.62105444323,0.9335526263326945,0.730130046292109,policy_rebalance
2026-09-02,2026-09-02T11:30:00-04:00,2026-09-02T11:30:00-04:00,AMZN,1,buy,255.30999755859375,255.36105955810547,0.05106199951171875,0.0,0.05106199951171875,255.30999755859375,-38,26163.725662609733,97895.56999244372,0.9309451301148928,0.732738410281188,policy_rebalance
2026-09-02,2026-09-02T11:35:00-04:00,2026-09-02T11:35:00-04:00,SNDK,-1,sell,1542.010009765625,1541.701607763672,0.308402001953125,0.0,0.308402001953125,1542.010009765625,8,27705.427270373406,97690.59151597887,0.9149954234662551,0.7163961560633837,policy_rebalance
2026-09-02,2026-09-02T11:35:00-04:00,2026-09-02T11:35:00-04:00,CRM,-1,sell,254.14990234375,254.09907236328127,0.05082998046875,0.0,0.05082998046875,254.14990234375,264,27959.526342736688,97690.5406859984,0.9123943180638292,0.7137949473265224,policy_rebalance
2026-09-02,2026-09-02T11:35:00-04:00,2026-09-02T11:35:00-04:00,AMZN,1,buy,255.27999877929688,255.33105477905272,0.05105599975585937,0.0,0.05105599975585937,255.27999877929688,-37,27704.195287957635,97690.48962999866,0.9097816439279751,0.716408471357991,policy_rebalance
2026-09-02,2026-09-02T11:35:00-04:00,2026-09-02T11:35:00-04:00,NVDA,-8,sell,226.02499389648438,225.97978889770508,0.361639990234375,0.0,0.361639990234375,1808.199951171875,-8,29512.033599139275,97690.12799000842,0.9282945581989205,0.6979015770953056,policy_rebalance
2026-09-02,2026-09-02T11:40:00-04:00,2026-09-02T11:40:00-04:00,SNDK,-1,sell,1544.8900146484375,1544.5810366455078,0.3089780029296875,0.0,0.3089780029296875,1544.8900146484375,7,31056.614635784783,97778.32461198108,0.9123579372540858,0.6823773084778411,policy_rebalance
2026-09-02,2026-09-02T11:40:00-04:00,2026-09-02T11:40:00-04:00,CRM,-1,sell,254.36000061035156,254.3091286102295,0.05087200012207031,0.0,0.05087200012207031,254.36000061035156,263,31310.92376439501,97778.27373998094,0.9097570160329408,0.6797762676025629,policy_rebalance
2026-09-02,2026-09-02T11:40:00-04:00,2026-09-02T11:40:00-04:00,NVDA,1,buy,226.2550048828125,226.30025588378905,0.0452510009765625,0.0,0.0452510009765625,226.2550048828125,-7,31084.62350851122,97778.22848897998,0.9074434760868504,0.6820905431722503,policy_rebalance
2026-09-02,2026-09-02T11:40:00-04:00,2026-09-02T11:40:00-04:00,AMZN,31,buy,254.9600067138672,255.01099871520995,1.5807520416259766,0.0,1.5807520416259766,7903.760208129883,-6,23179.28254833971,97776.64773693835,0.8266233012505941,0.7629364159558625,policy_rebalance
2026-09-02,2026-09-02T11:40:00-04:00,2026-09-02T11:40:00-04:00,INTC,109,buy,89.75,89.76795,1.95655,0.0,1.95655,9782.75,109,13394.57599833971,97774.69118693835,0.9266938533642597,0.8630056936438671,policy_rebalance
2026-09-02,2026-09-02T11:45:00-04:00,2026-09-02T11:45:00-04:00,SNDK,-7,sell,1545.3599853515625,1545.0509133544922,2.1635039794921873,0.0,2.1635039794921873,10817.519897460938,0,24209.932391821152,97783.99316757798,0.8161832848712613,0.7524141568821882,policy_rebalance
2026-09-02,2026-09-02T11:45:00-04:00,2026-09-02T11:45:00-04:00,INTC,-109,sell,90.04499816894531,90.02698916931152,1.9629809600830077,0.0,1.9629809600830077,9814.904800415039,0,34022.87421127611,97782.0301866179,0.7158243269989598,0.6520539188402701,policy_rebalance
2026-09-02,2026-09-02T11:45:00-04:00,2026-09-02T11:45:00-04:00,CRM,-1,sell,254.28500366210938,254.23414666137697,0.05085700073242187,0.0,0.05085700073242187,254.28500366210938,262,34277.10835793749,97781.97932961717,0.7132241689664993,0.6494537276404335,policy_rebalance
2026-09-02,2026-09-02T11:45:00-04:00,2026-09-02T11:45:00-04:00,AMZN,1,buy,254.76499938964844,254.81595238952636,0.050952999877929686,0.0,0.050952999877929686,254.76499938964844,-5,34022.29240554797,97781.9283766173,0.7106191000881525,0.6520595065940247,policy_rebalance
2026-09-02,2026-09-02T11:45:00-04:00,2026-09-02T11:45:00-04:00,NVDA,-100,sell,227.02999877929688,226.98459277954103,4.540599975585938,0.0,4.540599975585938,22702.999877929688,-107,56720.751683502065,97777.38777664171,0.9428427975228528,0.41989908941858406,policy_rebalance
2026-09-02,2026-09-02T11:50:00-04:00,2026-09-02T11:50:00-04:00,CRM,-14,sell,253.6649932861328,253.6142602874756,0.7102619812011719,0.0,0.7102619812011719,3551.3099060058594,248,60271.351327526725,97565.89399110095,0.9073180225706938,0.3822497917866245,policy_rebalance
2026-09-02,2026-09-02T11:50:00-04:00,2026-09-02T11:50:00-04:00,NVDA,1,buy,227.4936981201172,227.5391968597412,0.04549873962402344,0.0,0.04549873962402344,227.4936981201172,-106,60043.812130666985,97565.84849236131,0.904986751743777,0.3845816639890344,policy_rebalance
2026-09-02,2026-09-02T11:50:00-04:00,2026-09-02T11:50:00-04:00,AMZN,-15,sell,254.50999450683594,254.45909250793457,0.7635299835205078,0.0,0.7635299835205078,3817.649917602539,-20,63860.698518286,97565.08496237779,0.9441230975338163,0.3454554101714624,policy_rebalance
2026-09-02,2026-09-02T11:55:00-04:00,2026-09-02T11:55:00-04:00,NVDA,106,buy,227.4499969482422,227.49548694763183,4.821939935302734,0.0,4.821939935302734,24109.699676513672,0,39746.176901837025,97600.7387304503,0.6971275288408393,0.5927676632488779,policy_rebalance
2026-09-02,2026-09-02T12:00:00-04:00,2026-09-02T12:00:00-04:00,CRM,-1,sell,254.30999755859375,254.25913555908204,0.05086199951171875,0.0,0.05086199951171875,254.30999755859375,247,40000.43603739611,97715.00543436877,0.6950270236907282,0.5906418276334969,policy_rebalance
2026-09-02,2026-09-02T12:00:00-04:00,2026-09-02T12:00:00-04:00,AMZN,1,buy,255.0,255.051,0.051,0.0,0.051,255.0,-19,39745.38503739611,97714.95443436876,0.6924177551801132,0.593251767168438,policy_rebalance
2026-09-02,2026-09-02T12:00:00-04:00,2026-09-02T12:00:00-04:00,MARA,-266,sell,10.219799995422363,10.217756035423278,0.5436933597564697,0.0,0.5436933597564697,2718.4667987823486,-266,42463.3081428187,97714.41074100901,0.7202421389235129,0.5654345370268133,policy_rebalance
2026-09-02,2026-09-02T12:05:00-04:00,2026-09-02T12:05:00-04:00,CRM,-24,sell,254.3300018310547,254.2791358306885,1.2207840087890625,0.0,1.2207840087890625,6103.9200439453125,223,48566.007402755225,97716.17762408397,0.6578338629107244,0.5029890793560345,policy_rebalance
2026-09-02,2026-09-02T12:05:00-04:00,2026-09-02T12:05:00-04:00,AMZN,1,buy,255.10000610351562,255.15102610473633,0.051020001220703125,0.0,0.051020001220703125,255.10000610351562,-18,48310.85637665049,97716.12660408273,0.655223582987816,0.505599965373249,policy_rebalance
2026-09-02,2026-09-02T12:05:00-04:00,2026-09-02T12:05:00-04:00,TSLA,5,buy,352.8599853515625,352.9305573486328,0.3528599853515625,0.0,0.3528599853515625,1764.2999267578125,5,46546.20358990732,97715.77374409739,0.6732813751060337,0.5236572171878341,policy_rebalance
2026-09-02,2026-09-02T12:05:00-04:00,2026-09-02T12:05:00-04:00,SMCI,687,buy,36.415000915527344,36.42228391571045,5.003421125793457,0.0,5.003421125793457,25017.105628967285,687,21524.094539814243,97710.7703229716,0.9293480733473926,0.7797162537080727,policy_rebalance
2026-09-02,2026-09-02T12:15:00-04:00,2026-09-02T12:15:00-04:00,TSLA,-5,sell,354.489990234375,354.41909223632814,0.354489990234375,0.0,0.354489990234375,1772.449951171875,0,23296.190000995884,97750.34191749978,0.9110565743028242,0.7616766392422688,policy_rebalance
2026-09-02,2026-09-02T12:15:00-04:00,2026-09-02T12:15:00-04:00,SMCI,-1,sell,36.36000061035156,36.35272861022949,0.007272000122070313,0.0,0.007272000122070313,36.36000061035156,686,23332.542729606113,97750.33464549966,0.9106846740373297,0.7613047278638619,policy_rebalance
2026-09-02,2026-09-02T12:15:00-04:00,2026-09-02T12:15:00-04:00,CRM,-56,sell,254.60000610351562,254.54908610229492,2.851520068359375,0.0,2.851520068359375,14257.600341796875,167,37587.29155133463,97747.48312543132,0.7648496811518285,0.6154653772199745,policy_rebalance
2026-09-02,2026-09-02T12:15:00-04:00,2026-09-02T12:15:00-04:00,AMZN,1,buy,254.9499969482422,255.00098694763184,0.05098999938964844,0.0,0.05098999938964844,254.9499969482422,-17,37332.290564386996,97747.43213543191,0.7622418275060134,0.6180739509078662,policy_rebalance
2026-09-02,2026-09-02T12:15:00-04:00,2026-09-02T12:15:00-04:00,MARA,-580,sell,10.194999694824219,10.192960694885254,1.1826199645996094,0.0,1.1826199645996094,5913.099822998047,-846,43244.20776742044,97746.24951546732,0.8227454406340574,0.5575870380522631,policy_rebalance
2026-09-02,2026-09-02T12:20:00-04:00,2026-09-02T12:20:00-04:00,CRM,-1,sell,254.02000427246094,253.96920027160644,0.05080400085449219,0.0,0.05080400085449219,254.02000427246094,166,43498.176967692045,97676.05074508156,0.8205946610812198,0.5546689630069593,policy_rebalance
2026-09-02,2026-09-02T12:20:00-04:00,2026-09-02T12:20:00-04:00,AMZN,1,buy,254.875,254.925975,0.050975,0.0,0.050975,254.875,-16,43243.25099269205,97675.99977008157,0.8179856970492466,0.5572786447593898,policy_rebalance
2026-09-02,2026-09-02T12:20:00-04:00,2026-09-02T12:20:00-04:00,MARA,1,buy,10.2298002243042,10.23184618434906,0.0020459600448608397,0.0,0.0020459600448608397,10.2298002243042,-845,43233.0191465077,97675.99772412152,0.8178809822073555,0.5573833884081114,policy_rebalance
2026-09-02,2026-09-02T12:20:00-04:00,2026-09-02T12:20:00-04:00,SNDK,-2,sell,1545.7099609375,1545.4008189453125,0.618283984375,0.0,0.618283984375,3091.419921875,-2,46323.820784398325,97675.37944013716,0.849536099620873,0.5257369764016216,policy_rebalance
2026-09-02,2026-09-02T12:25:00-04:00,2026-09-02T12:25:00-04:00,SMCI,-1,sell,36.3849983215332,36.3777213218689,0.00727699966430664,0.0,0.00727699966430664,36.3849983215332,685,46360.1985057202,97659.17361768156,0.8488676685379042,0.5252857792222142,policy_rebalance
2026-09-02,2026-09-02T12:25:00-04:00,2026-09-02T12:25:00-04:00,CRM,-1,sell,254.07000732421875,254.01919332275392,0.05081400146484375,0.0,0.05081400146484375,254.07000732421875,165,46614.21769904295,97659.1228036801,0.8462665098783908,0.52268445219655,policy_rebalance
2026-09-02,2026-09-02T12:25:00-04:00,2026-09-02T12:25:00-04:00,SNDK,1,buy,1548.4599609375,1548.7696529296875,0.3096919921875,0.0,0.3096919921875,1548.4599609375,-1,45065.44804611326,97658.81311168791,0.8304133796831106,0.5385419235581537,policy_rebalance
2026-09-02,2026-09-02T12:25:00-04:00,2026-09-02T12:25:00-04:00,AMZN,1,buy,254.75,254.80095,0.05095,0.0,0.05095,254.75,-15,44810.647096113265,97658.76216168792,0.8278052400262039,0.5411507774190001,policy_rebalance
2026-09-02,2026-09-02T12:25:00-04:00,2026-09-02T12:25:00-04:00,MARA,-665,sell,10.210000038146973,10.207958038139344,1.3579300050735474,0.0,1.3579300050735474,6789.650025367737,-1510,51598.93919147593,97657.40423168284,0.8973419452086504,0.4716331076232337,policy_rebalance
2026-09-02,2026-09-02T12:30:00-04:00,2026-09-02T12:30:00-04:00,SMCI,-1,sell,36.400001525878906,36.392721525573734,0.007280000305175781,0.0,0.007280000305175781,36.400001525878906,684,51635.33191300151,97675.01310921428,0.8966010661628264,0.4713557718669972,policy_rebalance
2026-09-02,2026-09-02T12:30:00-04:00,2026-09-02T12:30:00-04:00,CRM,-1,sell,254.0,253.94920000000002,0.0508,0.0,0.0508,254.0,164,51889.28111300151,97674.96230921429,0.8940010707631673,0.46875555530051655,policy_rebalance
2026-09-02,2026-09-02T12:30:00-04:00,2026-09-02T12:30:00-04:00,SNDK,1,buy,1543.1700439453125,1543.4786779541016,0.3086340087890625,0.0,0.3086340087890625,1543.1700439453125,0,50345.80243504741,97674.65367520548,0.8782048117875122,0.48455612033741374,policy_rebalance
2026-09-02,2026-09-02T12:30:00-04:00,2026-09-02T12:30:00-04:00,MARA,1,buy,10.199999809265137,10.20203980922699,0.002039999961853027,0.0,0.002039999961853027,10.199999809265137,-1509,50335.60039523818,97674.65163520552,0.878100401809071,0.484660558778022,policy_rebalance
2026-09-02,2026-09-02T12:30:00-04:00,2026-09-02T12:30:00-04:00,SNDK,2,buy,1543.1700439453125,1543.4786779541016,0.617268017578125,0.0,0.617268017578125,3086.340087890625,2,47248.643039329974,97674.03436718794,0.9097043191775326,0.5162619897350896,policy_rebalance
2026-09-02,2026-09-02T12:30:00-04:00,2026-09-02T12:30:00-04:00,AMZN,-10,sell,254.85000610351562,254.79903610229493,0.5097000122070312,0.0,0.5097000122070312,2548.5000610351562,-25,49796.63340035293,97673.52466717575,0.9358010915221712,0.49017265866020665,policy_rebalance
2026-09-02,2026-09-02T12:35:00-04:00,2026-09-02T12:35:00-04:00,SMCI,-1,sell,36.369998931884766,36.36272493209839,0.007273999786376953,0.0,0.007273999786376953,36.369998931884766,683,49832.996125285026,97672.59920412718,0.9355570932457965,0.4897955359912311,policy_rebalance
2026-09-02,2026-09-02T12:35:00-04:00,2026-09-02T12:35:00-04:00,CRM,-1,sell,254.17999267578125,254.1291566772461,0.05083599853515625,0.0,0.05083599853515625,254.17999267578125,163,50087.125281962275,97672.54836812866,0.9329552113768097,0.4871934221150504,policy_rebalance
2026-09-02,2026-09-02T12:35:00-04:00,2026-09-02T12:35:00-04:00,AMZN,1,buy,254.8000030517578,254.85096305236817,0.05096000061035156,0.0,0.05096000061035156,254.8000030517578,-24,49832.274318909906,97672.49740812805,0.9303469801304116,0.48980239431491185,policy_rebalance
2026-09-02,2026-09-02T12:35:00-04:00,2026-09-02T12:35:00-04:00,MARA,1,buy,10.204999923706055,10.207040923690796,0.002040999984741211,0.0,0.002040999984741211,10.204999923706055,-1508,49822.067277986214,97672.49536712805,0.9302425177528797,0.48990688636840174,policy_rebalance
2026-09-02,2026-09-02T12:40:00-04:00,2026-09-02T12:40:00-04:00,SNDK,-2,sell,1541.5916748046875,1541.2833564697266,0.616636669921875,0.0,0.616636669921875,3083.183349609375,0,52904.633990925664,97637.2620197953,0.8992196905671059,0.4581511925211544,policy_rebalance
2026-09-02,2026-09-02T12:40:00-04:00,2026-09-02T12:40:00-04:00,SMCI,-1,sell,36.29999923706055,36.292739237213134,0.00725999984741211,0.0,0.00725999984741211,36.29999923706055,682,52940.92673016288,97637.25475979544,0.8988479731218385,0.4577794422794176,policy_rebalance
2026-09-02,2026-09-02T12:40:00-04:00,2026-09-02T12:40:00-04:00,AMZN,1,buy,255.02499389648438,255.07599889526367,0.05100499877929687,0.0,0.05100499877929687,255.02499389648438,-23,52685.850731267616,97637.20375479668,0.8962364773154133,0.46039164677860517,policy_rebalance
2026-09-02,2026-09-02T12:40:00-04:00,2026-09-02T12:40:00-04:00,MARA,910,buy,10.220000267028809,10.222044267082214,1.8600400485992432,0.0,1.8600400485992432,9300.200242996216,-598,43383.790448222804,97635.34371474807,0.8009991088228925,0.5556548602422796,policy_rebalance
2026-09-02,2026-09-02T12:40:00-04:00,2026-09-02T12:40:00-04:00,CRM,56,buy,254.42999267578125,254.48087867431641,2.84961591796875,0.0,2.84961591796875,14248.07958984375,219,29132.861242461084,97632.4940988301,0.9469583231314953,0.7016069136473062,policy_rebalance
2026-09-02,2026-09-02T12:45:00-04:00,2026-09-02T12:45:00-04:00,SMCI,-1,sell,36.29999923706055,36.292739237213134,0.00725999984741211,0.0,0.00725999984741211,36.29999923706055,681,29169.1539816983,97771.82311583831,0.9465003959517813,0.7016609381709166,policy_rebalance
2026-09-02,2026-09-02T12:45:00-04:00,2026-09-02T12:45:00-04:00,CRM,-1,sell,255.02999877929688,254.97899277954102,0.05100599975585938,0.0,0.05100599975585938,255.02999877929688,218,29424.13297447784,97771.77210983855,0.9438924681616019,0.6990528826518329,policy_rebalance
2026-09-02,2026-09-02T12:45:00-04:00,2026-09-02T12:45:00-04:00,AMZN,1,buy,254.94000244140625,254.99099044189452,0.05098800048828125,0.0,0.05098800048828125,254.94000244140625,-22,29169.14198403595,97771.72112183807,0.9412854579512145,0.701660749659026,policy_rebalance
2026-09-02,2026-09-02T12:45:00-04:00,2026-09-02T12:45:00-04:00,MARA,1,buy,10.210000038146973,10.212042038154602,0.0020420000076293945,0.0,0.0020420000076293945,10.210000038146973,-597,29158.929941997794,97771.71907983806,0.9411810506846827,0.701765191239122,policy_rebalance
2026-09-02,2026-09-02T12:50:00-04:00,2026-09-02T12:50:00-04:00,SMCI,-1,sell,36.314998626708984,36.30773562698364,0.007262999725341797,0.0,0.007262999725341797,36.314998626708984,680,29195.237677624777,97787.83035378749,0.9408101389503711,0.7014430367050885,policy_rebalance
2026-09-02,2026-09-02T12:50:00-04:00,2026-09-02T12:50:00-04:00,AMZN,22,buy,255.05499267578125,255.1060036743164,1.1222419677734374,0.0,1.1222419677734374,5611.2098388671875,0,23582.905596789817,97786.70811181972,0.8834388036168377,0.7588332192364773,policy_rebalance
2026-09-02,2026-09-02T12:50:00-04:00,2026-09-02T12:50:00-04:00,AMD,2,buy,456.760009765625,456.8513617675781,0.18270400390625,0.0,0.18270400390625,913.52001953125,2,22669.20287325466,97786.52540781582,0.8927824368375437,0.7681766196445429,policy_rebalance
2026-09-02,2026-09-02T12:50:00-04:00,2026-09-02T12:50:00-04:00,CRM,20,buy,255.05499267578125,255.1060036743164,1.020219970703125,0.0,1.020219970703125,5101.099853515625,238,17567.08279976833,97785.50518784512,0.944957968151579,0.8203508509157659,policy_rebalance
2026-09-02,2026-09-02T12:55:00-04:00,2026-09-02T12:55:00-04:00,AMD,-1,sell,456.9599914550781,456.86859945678714,0.09139199829101563,0.0,0.09139199829101563,456.9599914550781,1,18023.951399225116,97854.24945010555,0.9402667573476929,0.8158081892149684,policy_rebalance
2026-09-02,2026-09-02T12:55:00-04:00,2026-09-02T12:55:00-04:00,SMCI,-1,sell,36.349998474121094,36.34272847442627,0.007269999694824219,0.0,0.007269999694824219,36.349998474121094,679,18060.29412769954,97854.24218010585,0.9398953563544872,0.8154367789752168,policy_rebalance
2026-09-02,2026-09-02T12:55:00-04:00,2026-09-02T12:55:00-04:00,CRM,-1,sell,255.22999572753906,255.17894972839355,0.051045999145507816,0.0,0.051045999145507816,255.22999572753906,237,18315.473077427934,97854.1911341067,0.9372875782422523,0.8128289359387066,policy_rebalance
2026-09-02,2026-09-02T12:55:00-04:00,2026-09-02T12:55:00-04:00,MARA,-49,sell,10.199999809265137,10.197959809303283,0.09995999813079834,0.0,0.09995999813079834,499.7999906539917,-646,18815.173108083796,97854.09117410857,0.9423961401421234,0.8077221618194116,policy_rebalance
2026-09-02,2026-09-02T13:00:00-04:00,2026-09-02T13:00:00-04:00,SMCI,-1,sell,36.339900970458984,36.33263299026489,0.007267980194091797,0.0,0.007267980194091797,36.339900970458984,678,18851.505741074063,97734.35010905503,0.9418877177878223,0.8071148401760592,policy_rebalance
2026-09-02,2026-09-02T13:00:00-04:00,2026-09-02T13:00:00-04:00,MARA,258,buy,10.194999694824219,10.197038694763183,0.5260619842529297,0.0,0.5260619842529297,2630.3099212646484,-388,16220.669757825162,97733.82404707077,0.9149797925573894,0.8340321795859238,policy_rebalance
2026-09-02,2026-09-02T13:05:00-04:00,2026-09-02T13:05:00-04:00,SMCI,-678,sell,36.560001373291016,36.55268937301636,4.957536186218261,0.0,4.957536186218261,24787.68093109131,0,41003.39315273025,97943.30422832229,0.6621699302322253,0.5813558315620591,policy_rebalance
2026-09-02,2026-09-02T13:05:00-04:00,2026-09-02T13:05:00-04:00,CRM,-87,sell,255.02000427246094,254.96900027160646,4.437348074340821,0.0,4.437348074340821,22186.7403717041,150,63185.69617636001,97938.86688024795,0.43566330625459715,0.3548455461137959,policy_rebalance
2026-09-02,2026-09-02T13:05:00-04:00,2026-09-02T13:05:00-04:00,MARA,1,buy,10.199999809265137,10.20203980922699,0.002039999961853027,0.0,0.002039999961853027,10.199999809265137,-387,63175.494136550784,97938.86484024799,0.43555916872887873,0.3549497001052762,policy_rebalance
2026-09-02,2026-09-02T13:05:00-04:00,2026-09-02T13:05:00-04:00,INTC,70,buy,90.25,90.26805,1.2635,0.0,1.2635,6317.5,70,56856.73063655078,97937.60134024799,0.5000701455401236,0.41945963696800076,policy_rebalance
2026-09-02,2026-09-02T13:10:00-04:00,2026-09-02T13:10:00-04:00,AMD,-1,sell,456.625,456.533675,0.091325,0.0,0.091325,456.625,0,57313.26431155078,97772.26453184955,0.4945553864809853,0.41380856231594343,policy_rebalance
2026-09-02,2026-09-02T13:10:00-04:00,2026-09-02T13:10:00-04:00,INTC,-1,sell,89.91999816894531,89.90201416931153,0.017983999633789063,0.0,0.017983999633789063,89.91999816894531,69,57403.16632572009,97772.2465478499,0.49363578907722666,0.41288895005980175,policy_rebalance
2026-09-02,2026-09-02T13:10:00-04:00,2026-09-02T13:10:00-04:00,MARA,387,buy,10.199999809265137,10.20203980922699,0.7894799852371216,0.0,0.7894799852371216,3947.399926185608,0,53454.97691954925,97771.45706786469,0.4532660295484261,0.4532660295484261,policy_rebalance
2026-09-02,2026-09-02T13:10:00-04:00,2026-09-02T13:10:00-04:00,AVGO,-125,sell,366.75,366.67665,9.16875,0.0,9.16875,45843.75,-125,99289.55816954924,97762.28831786467,0.922239359364913,-0.015622280103743065,policy_rebalance
2026-09-02,2026-09-02T13:10:00-04:00,2026-09-02T13:10:00-04:00,AMZN,-7,sell,254.52000427246094,254.46910027160646,0.3563280059814453,0.0,0.3563280059814453,1781.6400299072266,-7,101070.8418714505,97761.9319898587,0.9404669926915951,-0.0338466089431932,policy_rebalance
2026-09-02,2026-09-02T13:15:00-04:00,2026-09-02T13:15:00-04:00,CRM,-1,sell,254.1300048828125,254.07917888183593,0.0508260009765625,0.0,0.0508260009765625,254.1300048828125,149,101324.92105033233,97599.43931510283,0.9414661950311658,-0.03817113870092694,policy_rebalance
2026-09-02,2026-09-02T13:15:00-04:00,2026-09-02T13:15:00-04:00,AVGO,30,buy,368.19000244140625,368.2636404418945,2.2091400146484377,0.0,2.2091400146484377,11045.700073242188,-95,90277.0118370755,97597.23017508819,0.8283111370158288,0.07500436564521674,policy_rebalance
2026-09-02,2026-09-02T13:15:00-04:00,2026-09-02T13:15:00-04:00,AMZN,1,buy,254.61099243164062,254.66191463012694,0.050922198486328125,0.0,0.050922198486328125,254.61099243164062,-6,90022.34992244537,97597.1792528897,0.8257027746127732,0.07761319936119011,policy_rebalance
2026-09-02,2026-09-02T13:15:00-04:00,2026-09-02T13:15:00-04:00,MARA,-29,sell,10.210000038146973,10.207958038139344,0.05921800022125244,0.0,0.05921800022125244,296.0900011062622,-29,90318.3807055514,97597.12003488948,0.828737074164517,0.07457944790518445,policy_rebalance
2026-09-02,2026-09-02T13:20:00-04:00,2026-09-02T13:20:00-04:00,INTC,-58,sell,90.09500122070312,90.07698222045899,1.0451020141601564,0.0,1.0451020141601564,5225.510070800781,11,95542.84567433802,97576.98021871058,0.7752129003784781,0.0208464592756736,policy_rebalance
2026-09-02,2026-09-02T13:20:00-04:00,2026-09-02T13:20:00-04:00,AVGO,95,buy,368.2149963378906,368.2886393371582,6.996084930419922,0.0,6.996084930419922,34980.42465209961,0,60555.424937307995,97569.98413378016,0.4167522374264941,0.379364202270657,policy_rebalance
2026-09-02,2026-09-02T13:20:00-04:00,2026-09-02T13:20:00-04:00,MARA,1,buy,10.194999694824219,10.197038694763183,0.002038999938964844,0.0,0.002038999938964844,10.194999694824219,-28,60545.22789861323,97569.98209478022,0.41664775703490053,0.3794686992993487,policy_rebalance
2026-09-02,2026-09-02T13:20:00-04:00,2026-09-02T13:20:00-04:00,AMZN,-194,sell,254.72000122070312,254.669057220459,9.883136047363282,0.0,9.883136047363282,49415.680236816406,-200,109951.02499938227,97560.09895873285,0.92320523853343,-0.127008133170208,policy_rebalance
2026-09-02,2026-09-02T13:20:00-04:00,2026-09-02T13:20:00-04:00,CRM,9,buy,254.00999450683594,254.0607965057373,0.4572179901123047,0.0,0.4572179901123047,2286.0899505615234,158,107664.47783083063,97559.64174074274,0.946642307548929,-0.10357598603058339,policy_rebalance
2026-09-02,2026-09-02T13:25:00-04:00,2026-09-02T13:25:00-04:00,MARA,28,buy,10.201899528503418,10.203939908409119,0.05713063735961914,0.0,0.05713063735961914,285.6531867980957,0,107378.76751339517,97651.25822842203,0.9439969330245691,-0.09961478696177097,policy_rebalance
2026-09-02,2026-09-02T13:25:00-04:00,2026-09-02T13:25:00-04:00,INTC,6,buy,90.10990142822266,90.1279234085083,0.10813188171386719,0.0,0.10813188171386719,540.6594085693359,17,106837.99997294412,97651.15009654031,0.9495346198229265,-0.09407825578420187,policy_rebalance
2026-09-02,2026-09-02T13:30:00-04:00,2026-09-02T13:30:00-04:00,CRM,-1,sell,254.3000030517578,254.24914305114746,0.05086000061035156,0.0,0.05086000061035156,254.3000030517578,157,107092.24911599526,97592.34912972817,0.9468989976815414,-0.09734267154117791,policy_rebalance
2026-09-02,2026-09-02T13:30:00-04:00,2026-09-02T13:30:00-04:00,AMZN,194,buy,254.77499389648438,254.82594889526368,9.885269763183594,0.0,9.885269763183594,49426.34881591797,-6,57656.015030314105,97582.46385996498,0.4404864056116908,0.40915598203122894,policy_rebalance
2026-09-02,2026-09-02T13:30:00-04:00,2026-09-02T13:30:00-04:00,MARA,-182,sell,10.228599548339844,10.226553828430175,0.3723210235595703,0.0,0.3723210235595703,1861.6051177978516,-182,59517.247827088395,97582.09153894143,0.45956540966648995,0.3900802197569494,policy_rebalance
2026-09-02,2026-09-02T13:30:00-04:00,2026-09-02T13:30:00-04:00,INTC,185,buy,89.9999008178711,90.01790079803466,3.3299963302612303,0.0,3.3299963302612303,16649.981651306152,202,42863.93617945198,97578.76154261116,0.630212297771976,0.5607247365941005,policy_rebalance
2026-09-02,2026-09-02T13:35:00-04:00,2026-09-02T13:35:00-04:00,INTC,-1,sell,89.88999938964844,89.87202138977051,0.01797799987792969,0.0,0.01797799987792969,89.88999938964844,201,42953.80820084175,97596.82563782294,0.629386997812906,0.5598851917557112,policy_rebalance
2026-09-02,2026-09-02T13:35:00-04:00,2026-09-02T13:35:00-04:00,CRM,-1,sell,254.56500244140625,254.51408944091799,0.05091300048828125,0.0,0.05091300048828125,254.56500244140625,156,43208.32229028267,97596.77472482246,0.6267789919727689,0.5572771496587868,policy_rebalance
2026-09-02,2026-09-02T13:35:00-04:00,2026-09-02T13:35:00-04:00,AMZN,1,buy,254.41000366210938,254.4608856628418,0.05088200073242188,0.0,0.05088200073242188,254.41000366210938,-5,42953.86140461983,97596.72384282172,0.6241725713689108,0.5598841875696927,policy_rebalance
2026-09-02,2026-09-02T13:35:00-04:00,2026-09-02T13:35:00-04:00,MARA,1,buy,10.247900009155273,10.249949589157104,0.002049580001831055,0.0,0.002049580001831055,10.247900009155273,-181,42943.61145503067,97596.72179324173,0.6240675819745001,0.5599892018298879,policy_rebalance
2026-09-02,2026-09-02T13:35:00-04:00,2026-09-02T13:35:00-04:00,SNDK,-12,sell,1541.30712890625,1540.9988674804688,3.699137109375,0.0,3.699137109375,18495.685546875,-12,61435.59786479629,97593.02265613235,0.8136097598369859,0.37049190410605726,policy_rebalance
2026-09-02,2026-09-02T13:35:00-04:00,2026-09-02T13:35:00-04:00,SMCI,338,buy,36.349998474121094,36.357268473815914,2.457259896850586,0.0,2.457259896850586,12286.29948425293,338,49146.84112064651,97590.5653962355,0.939526631872666,0.4963976187544219,policy_rebalance
2026-09-02,2026-09-02T13:40:00-04:00,2026-09-02T13:40:00-04:00,SMCI,-1,sell,36.2400016784668,36.232753678131104,0.0072480003356933595,0.0,0.0072480003356933595,36.2400016784668,337,49183.07387432464,97545.73000416168,0.9389911473995706,0.4957947019082608,policy_rebalance
2026-09-02,2026-09-02T13:40:00-04:00,2026-09-02T13:40:00-04:00,INTC,-175,sell,89.79560089111328,89.77764177093506,3.1428460311889648,0.0,3.1428460311889648,15714.230155944824,26,64894.16118423828,97542.58715813048,0.7779201782046111,0.3347094528153579,policy_rebalance
2026-09-02,2026-09-02T13:40:00-04:00,2026-09-02T13:40:00-04:00,SNDK,12,buy,1541.030029296875,1541.3382353027343,3.6984720703125,0.0,3.6984720703125,18492.3603515625,0,46398.102360605466,97538.88868606018,0.5883600603420737,0.5243117592825673,policy_rebalance
2026-09-02,2026-09-02T13:40:00-04:00,2026-09-02T13:40:00-04:00,MARA,1,buy,10.225000381469727,10.22704538154602,0.0020450000762939455,0.0,0.0020450000762939455,10.225000381469727,-180,46387.87531522392,97538.8866410601,0.5882552426889593,0.5244166002639565,policy_rebalance
2026-09-02,2026-09-02T13:40:00-04:00,2026-09-02T13:40:00-04:00,NVDA,138,buy,225.0500030517578,225.09501305236816,6.211380084228516,0.0,6.211380084228516,31056.900421142578,138,15324.763513997117,97532.67526097587,0.9067183035547696,0.8428755955581918,policy_rebalance
2026-09-02,2026-09-02T13:40:00-04:00,2026-09-02T13:40:00-04:00,CRM,15,buy,254.59500122070312,254.64592022094726,0.7637850036621093,0.0,0.7637850036621093,3818.925018310547,171,11505.074710682908,97531.91147597221,0.9458810503762992,0.8820378424192242,policy_rebalance
2026-09-02,2026-09-02T13:45:00-04:00,2026-09-02T13:45:00-04:00,INTC,-26,sell,89.8541030883789,89.83613226776123,0.4672413360595703,0.0,0.4672413360595703,2336.2066802978516,0,13840.814149644699,97585.22459962638,0.9221796714061335,0.8581669078855849,policy_rebalance
2026-09-02,2026-09-02T13:45:00-04:00,2026-09-02T13:45:00-04:00,AMZN,1,buy,254.77000427246094,254.82095827331543,0.050954000854492185,0.0,0.050954000854492185,254.77000427246094,-4,13585.993191371383,97585.17364562553,0.9195694079202713,0.8607781009776335,policy_rebalance
2026-09-02,2026-09-02T13:55:00-04:00,2026-09-02T13:55:00-04:00,NVDA,-1,sell,224.85740661621094,224.8124351348877,0.04497148132324219,0.0,0.04497148132324219,224.85740661621094,137,13810.80562650627,97633.18528425164,0.9175237239627758,0.8585439409121278,policy_rebalance
2026-09-02,2026-09-02T13:55:00-04:00,2026-09-02T13:55:00-04:00,SMCI,-1,sell,36.31990051269531,36.31263653259278,0.007263980102539063,0.0,0.007263980102539063,36.31990051269531,336,13847.118263038863,97633.17802027153,0.9171517885574664,0.8581720011186792,policy_rebalance
2026-09-02,2026-09-02T13:55:00-04:00,2026-09-02T13:55:00-04:00,CRM,-171,sell,255.3000030517578,255.24894305114748,8.731260104370117,0.0,8.731260104370117,43656.300521850586,0,57494.687524785084,97624.44676016716,0.4700476657729373,0.411062603345332,policy_rebalance
2026-09-02,2026-09-02T13:55:00-04:00,2026-09-02T13:55:00-04:00,AMZN,1,buy,254.83999633789062,254.8909643371582,0.050967999267578126,0.0,0.050967999267578126,254.83999633789062,-3,57239.796560447925,97624.3957921679,0.46743749813111873,0.4136732309994988,policy_rebalance
2026-09-02,2026-09-02T13:55:00-04:00,2026-09-02T13:55:00-04:00,MARA,1,buy,10.33240032196045,10.33446680202484,0.0020664800643920896,0.0,0.0020664800643920896,10.33240032196045,-179,57229.4620936459,97624.39372568784,0.4673316697210522,0.41377907806061837,policy_rebalance
2026-09-02,2026-09-02T14:00:00-04:00,2026-09-02T14:00:00-04:00,NVDA,-1,sell,224.67999267578125,224.6350566772461,0.04493599853515625,0.0,0.04493599853515625,224.67999267578125,136,57454.09715032315,97614.48624658323,0.4651974411304049,0.41141833185303267,policy_rebalance
2026-09-02,2026-09-02T14:00:00-04:00,2026-09-02T14:00:00-04:00,SMCI,-1,sell,36.39500045776367,36.38772145767212,0.007279000091552734,0.0,0.007279000091552734,36.39500045776367,335,57490.48487178082,97614.47896758313,0.4648246315362705,0.4110455182486516,policy_rebalance
2026-09-02,2026-09-02T14:00:00-04:00,2026-09-02T14:00:00-04:00,AMZN,1,buy,255.0,255.051,0.051,0.0,0.051,255.0,-2,57235.43387178082,97614.42796758312,0.46221255564490266,0.4136580517504217,policy_rebalance
2026-09-02,2026-09-02T14:00:00-04:00,2026-09-02T14:00:00-04:00,MARA,1,buy,10.390000343322754,10.392078343391418,0.0020780000686645506,0.0,0.0020780000686645506,10.390000343322754,-178,57225.04179343743,97614.42588958306,0.46210612629523506,0.4137644997454807,policy_rebalance
2026-09-02,2026-09-02T14:00:00-04:00,2026-09-02T14:00:00-04:00,SOXX,-31,sell,500.6400146484375,500.5398866455078,3.1039680908203127,0.0,3.1039680908203127,15519.840454101562,-31,72741.77827944818,97611.32192149224,0.6211171355842574,0.25478134249678924,policy_rebalance
2026-09-02,2026-09-02T14:00:00-04:00,2026-09-02T14:00:00-04:00,AVGO,85,buy,367.239990234375,367.31343823242184,6.243079833984375,0.0,6.243079833984375,31215.399169921875,85,41520.13602969232,97605.07884165827,0.9409701311894518,0.5746109062926001,policy_rebalance
2026-09-02,2026-09-02T14:05:00-04:00,2026-09-02T14:05:00-04:00,AVGO,-6,sell,368.1099853515625,368.0363633544922,0.441731982421875,0.0,0.441731982421875,2208.659912109375,79,43728.35420981928,97703.73313705012,0.9186400094903049,0.5524392691476687,policy_rebalance
2026-09-02,2026-09-02T14:05:00-04:00,2026-09-02T14:05:00-04:00,SMCI,-146,sell,36.439998626708984,36.43271062698364,1.0640479598999024,0.0,1.0640479598999024,5320.239799499512,189,49047.52996135889,97702.66908909021,0.8641966419542435,0.4979919134385686,policy_rebalance
2026-09-02,2026-09-02T14:05:00-04:00,2026-09-02T14:05:00-04:00,MARA,178,buy,10.470000267028809,10.472094267082214,0.3727320095062256,0.0,0.3727320095062256,1863.660047531128,0,47183.49718181825,97702.2963570807,0.8451250540463189,0.5170686980644467,policy_rebalance
2026-09-02,2026-09-02T14:10:00-04:00,2026-09-02T14:10:00-04:00,NVDA,-1,sell,224.57000732421875,224.52509332275392,0.04491400146484375,0.0,0.04491400146484375,224.57000732421875,135,47408.022275141004,97667.64392202211,0.8426813493612813,0.5145984855230911,policy_rebalance
2026-09-02,2026-09-02T14:10:00-04:00,2026-09-02T14:10:00-04:00,AVGO,-39,sell,368.0400085449219,367.9664005432129,2.8707120666503907,0.0,2.8707120666503907,14353.560333251953,40,61758.711896326306,97664.77320995546,0.6957384879174467,0.36764598056701436,policy_rebalance
2026-09-02,2026-09-02T14:10:00-04:00,2026-09-02T14:10:00-04:00,SMCI,-1,sell,36.45000076293945,36.44271076278687,0.007290000152587891,0.0,0.007290000152587891,36.45000076293945,188,61795.15460708909,97664.7659199553,0.6953653243872221,0.36727279254695033,policy_rebalance
2026-09-02,2026-09-02T14:10:00-04:00,2026-09-02T14:10:00-04:00,SOXX,31,buy,500.3800048828125,500.48008088378907,3.1023560302734374,0.0,3.1023560302734374,15511.780151367188,0,46280.27209969163,97661.66356392503,0.5365555896911925,0.5261162833930368,policy_rebalance
2026-09-02,2026-09-02T14:10:00-04:00,2026-09-02T14:10:00-04:00,AMZN,1,buy,254.8800048828125,254.93098088378906,0.0509760009765625,0.0,0.0509760009765625,254.8800048828125,-1,46025.341118807846,97661.61258792406,0.5339460418179675,0.5287263859444102,policy_rebalance
2026-09-02,2026-09-02T14:10:00-04:00,2026-09-02T14:10:00-04:00,SNDK,-1,sell,1537.97998046875,1537.6723844726562,0.30759599609375,0.0,0.30759599609375,1537.97998046875,-1,47563.013503280505,97661.30499192796,0.5496958233743421,0.5129799514023313,policy_rebalance
2026-09-02,2026-09-02T14:10:00-04:00,2026-09-02T14:10:00-04:00,MARA,-2171,sell,10.46969985961914,10.467605919647218,4.545943679046631,0.0,4.545943679046631,22729.718395233154,-2171,70288.18595483461,97656.75904824892,0.7824725149523987,0.2802527276160416,policy_rebalance
2026-09-02,2026-09-02T14:10:00-04:00,2026-09-02T14:10:00-04:00,CRM,60,buy,255.5500030517578,255.60111305236816,3.066600036621094,0.0,3.066600036621094,15333.000183105469,60,54952.119171692524,97653.6924482123,0.9395111207530051,0.4372755623056985,policy_rebalance
2026-09-02,2026-09-02T14:15:00-04:00,2026-09-02T14:15:00-04:00,NVDA,-1,sell,224.7050018310547,224.66006083068848,0.04494100036621094,0.0,0.04494100036621094,224.7050018310547,134,55176.779232523215,97737.94047596194,0.9376745492856473,0.435462022589952,policy_rebalance
2026-09-02,2026-09-02T14:15:00-04:00,2026-09-02T14:15:00-04:00,AVGO,-40,sell,368.8800048828125,368.8062288818359,2.9510400390625,0.0,2.9510400390625,14755.2001953125,0,69929.02838779666,97734.98943592288,0.7867313388211292,0.2845036481674395,policy_rebalance
2026-09-02,2026-09-02T14:15:00-04:00,2026-09-02T14:15:00-04:00,SMCI,-1,sell,36.599998474121094,36.59267847442627,0.007319999694824219,0.0,0.007319999694824219,36.599998474121094,187,69965.62106627108,97734.98211592318,0.7863569156738721,0.2841291874051293,policy_rebalance
2026-09-02,2026-09-02T14:15:00-04:00,2026-09-02T14:15:00-04:00,CRM,-1,sell,255.9550018310547,255.90381083068849,0.05119100036621094,0.0,0.05119100036621094,255.9550018310547,59,70221.52487710177,97734.93092492281,0.7837384583320393,0.2815104670095491,policy_rebalance
2026-09-02,2026-09-02T14:15:00-04:00,2026-09-02T14:15:00-04:00,SNDK,1,buy,1535.760009765625,1536.067161767578,0.307152001953125,0.0,0.307152001953125,1535.760009765625,0,68685.45771533418,97734.62377292085,0.768027349784706,0.29722492332993733,policy_rebalance
2026-09-02,2026-09-02T14:15:00-04:00,2026-09-02T14:15:00-04:00,AMZN,1,buy,254.77000427246094,254.82095827331543,0.050954000854492185,0.0,0.050954000854492185,254.77000427246094,0,68430.63675706087,97734.57281892,0.7654209960363945,0.2998318324484078,policy_rebalance
2026-09-02,2026-09-02T14:15:00-04:00,2026-09-02T14:15:00-04:00,MARA,1,buy,10.479999542236328,10.482095542144775,0.0020959999084472656,0.0,0.0020959999084472656,10.479999542236328,-2170,68420.15466151873,97734.57072292009,0.7653137832544443,0.29993906807559895,policy_rebalance
2026-09-02,2026-09-02T14:20:00-04:00,2026-09-02T14:20:00-04:00,NVDA,-1,sell,224.7700958251953,224.72514180603028,0.044954019165039064,0.0,0.044954019165039064,224.7700958251953,133,68644.87980332476,97781.32720055681,0.7633496910316662,0.29797557704929717,policy_rebalance
2026-09-02,2026-09-02T14:20:00-04:00,2026-09-02T14:20:00-04:00,SMCI,-1,sell,36.654998779296875,36.64766777954102,0.007330999755859375,0.0,0.007330999755859375,36.654998779296875,186,68681.5274711043,97781.31986955706,0.76297488117318,0.2976007323001231,policy_rebalance
2026-09-02,2026-09-02T14:20:00-04:00,2026-09-02T14:20:00-04:00,CRM,-1,sell,256.6099853515625,256.5586633544922,0.0513219970703125,0.0,0.0513219970703125,256.6099853515625,58,68938.08613445879,97781.26854755999,0.7603509550187331,0.29497656188692334,policy_rebalance
2026-09-02,2026-09-02T14:20:00-04:00,2026-09-02T14:20:00-04:00,MARA,953,buy,10.484999656677246,10.487096656608582,1.998440934562683,0.0,1.998440934562683,9992.204672813416,-1217,58943.88302071081,97779.27010662542,0.6581750526475483,0.39717403334639095,policy_rebalance
2026-09-02,2026-09-02T14:20:00-04:00,2026-09-02T14:20:00-04:00,AMZN,110,buy,254.99000549316406,255.0410034942627,5.609780120849609,0.0,5.609780120849609,28048.900604248047,110,30889.372636341915,97773.66032650457,0.9450886521578441,0.6840726578795333,policy_rebalance
2026-09-02,2026-09-02T14:25:00-04:00,2026-09-02T14:25:00-04:00,NVDA,-1,sell,225.17999267578125,225.1349566772461,0.04503599853515625,0.0,0.04503599853515625,225.17999267578125,132,31114.507593019163,97788.90555368201,0.9436661403701029,0.6818196561578388,policy_rebalance
2026-09-02,2026-09-02T14:25:00-04:00,2026-09-02T14:25:00-04:00,AMZN,-1,sell,254.89999389648438,254.84901389770508,0.050979998779296876,0.0,0.050979998779296876,254.89999389648438,109,31369.35660691687,97788.85457368323,0.9410599958671445,0.6792133751471618,policy_rebalance
2026-09-02,2026-09-02T14:25:00-04:00,2026-09-02T14:25:00-04:00,SMCI,-1,sell,36.77000045776367,36.76264645767212,0.0073540000915527344,0.0,0.0073540000915527344,36.77000045776367,185,31406.11925337454,97788.84721968314,0.9406840523833249,0.6788374119717299,policy_rebalance
2026-09-02,2026-09-02T14:25:00-04:00,2026-09-02T14:25:00-04:00,CRM,-58,sell,256.4700012207031,256.418707220459,2.9750520141601564,0.0,2.9750520141601564,14875.260070800781,0,46278.40427216116,97785.87216766897,0.7885919233555763,0.5267373164825928,policy_rebalance
2026-09-02,2026-09-02T14:25:00-04:00,2026-09-02T14:25:00-04:00,MARA,377,buy,10.520000457763672,10.522104457855225,0.7932080345153809,0.0,0.7932080345153809,3966.0401725769043,-840,42311.570891549745,97785.07895963447,0.7480395742925431,0.5673003351665145,policy_rebalance
2026-09-02,2026-09-02T14:25:00-04:00,2026-09-02T14:25:00-04:00,SNDK,-4,sell,1542.0,1541.6916,1.2336,0.0,1.2336,6168.0,-4,48478.337291549746,97783.84535963446,0.811126915140415,0.5042295880955221,policy_rebalance
2026-09-02,2026-09-02T14:30:00-04:00,2026-09-02T14:30:00-04:00,NVDA,-1,sell,224.95799255371094,224.9130009552002,0.044991598510742185,0.0,0.044991598510742185,224.95799255371094,131,48703.25029250495,97742.2920786988,0.8084815794029963,0.5017177389978666,policy_rebalance
2026-09-02,2026-09-02T14:30:00-04:00,2026-09-02T14:30:00-04:00,AMZN,-109,sell,254.77999877929688,254.72904277954103,5.554203973388672,0.0,5.554203973388672,27771.01986694336,0,76468.71595547492,97736.73787472541,0.5243864684025398,0.21760519515712598,policy_rebalance
2026-09-02,2026-09-02T14:30:00-04:00,2026-09-02T14:30:00-04:00,SMCI,-1,sell,36.70500183105469,36.69766083068848,0.007341000366210938,0.0,0.007341000366210938,36.70500183105469,184,76505.41361630561,97736.73053372504,0.5240109580687137,0.21722966178097552,policy_rebalance
2026-09-02,2026-09-02T14:30:00-04:00,2026-09-02T14:30:00-04:00,SNDK,3,buy,1542.030029296875,1542.3384353027343,0.925218017578125,0.0,0.925218017578125,4626.090087890625,-1,71878.3983103974,97735.80531570746,0.4766833154655845,0.26456432135372626,policy_rebalance
2026-09-02,2026-09-02T14:30:00-04:00,2026-09-02T14:30:00-04:00,MARA,267,buy,10.504500389099121,10.50660128917694,0.560940320777893,0.0,0.560940320777893,2804.7016038894653,-573,69073.13576618716,97735.24437538668,0.44798911992823914,0.29326277119758953,policy_rebalance
2026-09-02,2026-09-02T14:30:00-04:00,2026-09-02T14:30:00-04:00,AVGO,40,buy,368.614990234375,368.6887132324219,2.948919921875,0.0,2.948919921875,14744.599609375,40,54325.587236890286,97732.2954554648,0.5988698561750927,0.44413883881765914,policy_rebalance
2026-09-02,2026-09-02T14:35:00-04:00,2026-09-02T14:35:00-04:00,NVDA,-1,sell,225.14999389648438,225.1049638977051,0.04502999877929687,0.0,0.04502999877929687,225.14999389648438,130,54550.69220078799,97755.08499062869,0.5965183555685468,0.44196568182598883,policy_rebalance
2026-09-02,2026-09-02T14:35:00-04:00,2026-09-02T14:35:00-04:00,AVGO,-1,sell,368.2452087402344,368.17155969848636,0.07364904174804687,0.0,0.07364904174804687,368.2452087402344,39,54918.86376048648,97755.01134158694,0.592751783699936,0.4381989935167355,policy_rebalance
2026-09-02,2026-09-02T14:35:00-04:00,2026-09-02T14:35:00-04:00,SMCI,-1,sell,36.73500061035156,36.727653610229495,0.007347000122070312,0.0,0.007347000122070312,36.73500061035156,183,54955.59141409671,97755.00399458682,0.5923760418538719,0.4378232400549043,policy_rebalance
2026-09-02,2026-09-02T14:35:00-04:00,2026-09-02T14:35:00-04:00,MARA,-419,sell,10.489999771118164,10.48790177116394,0.8790619808197021,0.0,0.8790619808197021,4395.309904098511,-992,59350.0222562144,97754.124932606,0.6373442786662401,0.39286426739401836,policy_rebalance
2026-09-02,2026-09-02T14:35:00-04:00,2026-09-02T14:35:00-04:00,HOOD,-45,sell,106.31500244140625,106.29373944091797,0.9568350219726562,0.0,0.9568350219726562,4784.175109863281,-45,64133.24053105571,97753.16809758403,0.6862918988437637,0.3439267311824264,policy_rebalance
2026-09-02,2026-09-02T14:35:00-04:00,2026-09-02T14:35:00-04:00,CRM,97,buy,256.010009765625,256.06121176757813,4.966594189453125,0.0,4.966594189453125,24832.970947265625,97,39295.302989600634,97748.20150339458,0.9403771822416396,0.5979946189778643,policy_rebalance
2026-09-02,2026-09-02T14:40:00-04:00,2026-09-02T14:40:00-04:00,MARA,992,buy,10.470000267028809,10.472094267082214,2.077248052978516,0.0,2.077248052978516,10386.240264892578,0,28906.985476655078,97705.21020810038,0.8337101441841364,0.704140798478539,policy_rebalance
2026-09-02,2026-09-02T14:40:00-04:00,2026-09-02T14:40:00-04:00,HOOD,17,buy,106.34500122070312,106.36627022094726,0.3615730041503906,0.0,0.3615730041503906,1807.8650207519531,-28,27098.758882898976,97704.84863509625,0.815209899836782,0.7226467338984759,policy_rebalance
2026-09-02,2026-09-02T14:40:00-04:00,2026-09-02T14:40:00-04:00,SNDK,-7,sell,1544.2750244140625,1543.9661694091797,2.1619850341796876,0.0,2.1619850341796876,10809.925170898438,-8,37906.52206876323,97702.68665006207,0.9258689616620255,0.6120217020793751,policy_rebalance
2026-09-02,2026-09-02T14:40:00-04:00,2026-09-02T14:40:00-04:00,CRM,6,buy,255.89500427246094,255.94618327331543,0.3070740051269531,0.0,0.3070740051269531,1535.3700256347656,103,36370.84496912334,97702.37957605693,0.9415866375527095,0.6277383915628149,policy_rebalance
2026-09-02,2026-09-02T14:45:00-04:00,2026-09-02T14:45:00-04:00,NVDA,-1,sell,224.7200927734375,224.67514875488283,0.0449440185546875,0.0,0.0449440185546875,224.7200927734375,129,36595.52011787822,97613.56682121684,0.939975563767398,0.6250980134256914,policy_rebalance
2026-09-02,2026-09-02T14:45:00-04:00,2026-09-02T14:45:00-04:00,AVGO,-1,sell,368.489990234375,368.41629223632816,0.073697998046875,0.0,0.073697998046875,368.489990234375,38,36963.93641011455,97613.4931232188,0.9362012831415417,0.6213234950678951,policy_rebalance
2026-09-02,2026-09-02T14:45:00-04:00,2026-09-02T14:45:00-04:00,SMCI,-1,sell,36.57500076293945,36.567685762786866,0.0073150001525878906,0.0,0.0073150001525878906,36.57500076293945,182,37000.50409587733,97613.48580821864,0.935826661211512,0.6209488495414223,policy_rebalance
2026-09-02,2026-09-02T14:45:00-04:00,2026-09-02T14:45:00-04:00,CRM,-1,sell,255.66000366210938,255.60887166137695,0.05113200073242188,0.0,0.05113200073242188,255.66000366210938,102,37256.112967538706,97613.4346762179,0.9332080446878701,0.6183300680780612,policy_rebalance
2026-09-02,2026-09-02T14:45:00-04:00,2026-09-02T14:45:00-04:00,SNDK,1,buy,1548.06005859375,1548.3696706054686,0.30961201171875,0.0,0.30961201171875,1548.06005859375,-7,35707.74329693324,97613.1250642062,0.9173518662778907,0.6341911676995685,policy_rebalance
2026-09-02,2026-09-02T14:45:00-04:00,2026-09-02T14:45:00-04:00,HOOD,-7,sell,106.55999755859375,106.53868555908204,0.14918399658203124,0.0,0.14918399658203124,745.9199829101562,-35,36453.51409584681,97612.9758802096,0.9249948751135542,0.6265505301202734,policy_rebalance
2026-09-02,2026-09-02T14:50:00-04:00,2026-09-02T14:50:00-04:00,NVDA,-1,sell,224.7899932861328,224.7450352874756,0.044957998657226564,0.0,0.044957998657226564,224.7899932861328,128,36678.259131134284,97725.15864437891,0.9228442433970327,0.6246794618711627,policy_rebalance
2026-09-02,2026-09-02T14:50:00-04:00,2026-09-02T14:50:00-04:00,AVGO,-1,sell,368.5199890136719,368.44628501586914,0.07370399780273437,0.0,0.07370399780273437,368.5199890136719,37,37046.70541615015,97725.08494038112,0.9190739527707481,0.620908946369797,policy_rebalance
2026-09-02,2026-09-02T14:50:00-04:00,2026-09-02T14:50:00-04:00,SMCI,-1,sell,36.709999084472656,36.70265708465576,0.007341999816894531,0.0,0.007341999816894531,36.709999084472656,181,37083.40807323481,97725.0775983813,0.918698376182367,0.6205333473805391,policy_rebalance
2026-09-02,2026-09-02T14:50:00-04:00,2026-09-02T14:50:00-04:00,CRM,-1,sell,256.45001220703125,256.39872220458983,0.05129000244140625,0.0,0.05129000244140625,256.45001220703125,101,37339.8067954394,97725.02630837884,0.91607465837076,0.6179094730799994,policy_rebalance
2026-09-02,2026-09-02T14:50:00-04:00,2026-09-02T14:50:00-04:00,SNDK,1,buy,1548.300048828125,1548.6097088378906,0.309660009765625,0.0,0.309660009765625,1548.300048828125,-6,35791.19708660151,97724.7166483691,0.9002340764767185,0.6337549157048508,policy_rebalance
2026-09-02,2026-09-02T14:50:00-04:00,2026-09-02T14:50:00-04:00,HOOD,1,buy,106.5999984741211,106.62131847381592,0.021319999694824218,0.0,0.021319999694824218,106.5999984741211,-34,35684.575768127695,97724.69532836939,0.8991434534246256,0.6348458734179497,policy_rebalance
2026-09-02,2026-09-02T14:50:00-04:00,2026-09-02T14:50:00-04:00,GOOGL,4,buy,337.3399963378906,337.4074643371582,0.2698719970703125,0.0,0.2698719970703125,1349.3599853515625,4,34334.94591077906,97724.42545637232,0.9129537432543008,0.648655433373641,policy_rebalance
2026-09-02,2026-09-02T14:50:00-04:00,2026-09-02T14:50:00-04:00,MARA,-100,sell,10.449999809265137,10.447909809303283,0.20899999618530274,0.0,0.20899999618530274,1044.9999809265137,-100,35379.73689170939,97724.21645637613,0.9236490532414824,0.6379634631554931,policy_rebalance
2026-09-02,2026-09-02T14:55:00-04:00,2026-09-02T14:55:00-04:00,NVDA,-1,sell,224.30999755859375,224.26513555908204,0.04486199951171875,0.0,0.04486199951171875,224.30999755859375,127,35604.00202726847,97687.82705854898,0.9208824469068642,0.6355328693519892,policy_rebalance
2026-09-02,2026-09-02T14:55:00-04:00,2026-09-02T14:55:00-04:00,AVGO,-4,sell,368.8599853515625,368.7862133544922,0.29508798828125,0.0,0.29508798828125,1475.43994140625,33,37079.146880686436,97687.5319705607,0.905781561765226,0.620431122245358,policy_rebalance
2026-09-02,2026-09-02T14:55:00-04:00,2026-09-02T14:55:00-04:00,GOOGL,-1,sell,337.3299865722656,337.26252057495117,0.06746599731445313,0.0,0.06746599731445313,337.3299865722656,3,37416.409401261386,97687.4645045634,0.9023290320181763,0.6169783954264315,policy_rebalance
2026-09-02,2026-09-02T14:55:00-04:00,2026-09-02T14:55:00-04:00,SMCI,-181,sell,36.540000915527344,36.53269291534424,1.3227480331420898,0.0,1.3227480331420898,6613.740165710449,0,44028.826818938694,97686.14175653024,0.8346372745912223,0.5492827741249654,policy_rebalance
2026-09-02,2026-09-02T14:55:00-04:00,2026-09-02T14:55:00-04:00,CRM,-1,sell,256.6650085449219,256.6136755432129,0.051333001708984374,0.0,0.051333001708984374,256.6650085449219,100,44285.44049448191,97686.09042352854,0.8320102663549864,0.5466556159379742,policy_rebalance
2026-09-02,2026-09-02T14:55:00-04:00,2026-09-02T14:55:00-04:00,SNDK,6,buy,1546.0,1546.3092,1.8552,0.0,1.8552,9276.0,0,35007.58529448191,97684.23522352855,0.7370670400162498,0.6416250256310562,policy_rebalance
2026-09-02,2026-09-02T14:55:00-04:00,2026-09-02T14:55:00-04:00,MARA,100,buy,10.439900398254395,10.441988378334045,0.20879800796508788,0.0,0.20879800796508788,1043.9900398254395,0,33963.386456648506,97684.02642552057,0.7263811973059106,0.6523138152731248,policy_rebalance
2026-09-02,2026-09-02T14:55:00-04:00,2026-09-02T14:55:00-04:00,HOOD,9,buy,106.4000015258789,106.42128152618407,0.19152000274658204,0.0,0.19152000274658204,957.6000137329102,-25,33005.59492291285,97683.83490551784,0.7165795663796667,0.662118149283997,policy_rebalance
2026-09-02,2026-09-02T15:00:00-04:00,2026-09-02T15:00:00-04:00,NVDA,-1,sell,224.5,224.45510000000002,0.0449,0.0,0.0449,224.5,126,33230.05002291285,97729.98664553248,0.7143525126543441,0.6599810235988414,policy_rebalance
2026-09-02,2026-09-02T15:00:00-04:00,2026-09-02T15:00:00-04:00,AVGO,-33,sell,369.010009765625,368.93620776367186,2.435466064453125,0.0,2.435466064453125,12177.330322265625,0,45404.944879114024,97727.55117946802,0.5897654295440389,0.5353925854979028,policy_rebalance
2026-09-02,2026-09-02T15:00:00-04:00,2026-09-02T15:00:00-04:00,GOOGL,-1,sell,337.489990234375,337.42249223632814,0.067497998046875,0.0,0.067497998046875,337.489990234375,2,45742.36737135035,97727.48368146998,0.586312458388571,0.531939576788433,policy_rebalance
2026-09-02,2026-09-02T15:00:00-04:00,2026-09-02T15:00:00-04:00,CRM,-100,sell,256.79998779296875,256.7486277954102,5.135999755859375,0.0,5.135999755859375,25679.998779296875,0,71417.23015089137,97722.34768171412,0.32355794943750915,0.2691822101583115,policy_rebalance
2026-09-02,2026-09-02T15:00:00-04:00,2026-09-02T15:00:00-04:00,HOOD,1,buy,106.27449798583984,106.29575288543701,0.02125489959716797,0.0,0.02125489959716797,106.27449798583984,-24,71310.93439800593,97722.32642681453,0.32247050479021355,0.2702697837283726,policy_rebalance
2026-09-02,2026-09-02T15:00:00-04:00,2026-09-02T15:00:00-04:00,SNDK,-7,sell,1549.239990234375,1548.9301422363283,2.168935986328125,0.0,2.168935986328125,10844.679931640625,-7,82153.44539366024,97720.1574908282,0.4334545599534578,0.15929888466081346,policy_rebalance
2026-09-02,2026-09-02T15:00:00-04:00,2026-09-02T15:00:00-04:00,META,42,buy,591.219970703125,591.3382146972656,4.96624775390625,0.0,4.96624775390625,24831.23876953125,42,57317.24037637508,97715.1912430743,0.6875950993757366,0.4134254904767684,policy_rebalance
2026-09-02,2026-09-02T15:05:00-04:00,2026-09-02T15:05:00-04:00,META,-42,sell,593.7899780273438,593.6712200317382,4.987835815429688,0.0,4.987835815429688,24939.179077148438,0,82251.43161770809,97884.2908401202,0.43196614030095387,0.15970753926129086,policy_rebalance
2026-09-02,2026-09-02T15:05:00-04:00,2026-09-02T15:05:00-04:00,SNDK,7,buy,1539.0,1539.3078,2.1546,0.0,2.1546,10773.0,0,71476.2770177081,97882.1362401202,0.32191470804237976,0.2697719955522262,policy_rebalance
2026-09-02,2026-09-02T15:05:00-04:00,2026-09-02T15:05:00-04:00,AVGO,-97,sell,369.5849914550781,369.5110744567871,7.169948834228515,0.0,7.169948834228515,35849.74417114258,-97,107318.85124001645,97874.96629128598,0.6882193275140108,-0.09648927919550435,policy_rebalance
2026-09-02,2026-09-02T15:05:00-04:00,2026-09-02T15:05:00-04:00,PLTR,37,buy,168.63499450683594,168.6687215057373,1.247898959350586,0.0,1.247898959350586,6239.49479675293,37,101078.10854430417,97873.71839232663,0.7519785646967762,-0.03274004712003223,policy_rebalance
2026-09-02,2026-09-02T15:10:00-04:00,2026-09-02T15:10:00-04:00,GOOGL,-1,sell,338.04998779296875,337.9823777954102,0.06760999755859375,0.0,0.06760999755859375,338.04998779296875,1,101416.09092209958,97877.81748459958,0.7488472465192116,-0.03614990125884983,policy_rebalance
2026-09-02,2026-09-02T15:10:00-04:00,2026-09-02T15:10:00-04:00,PLTR,-1,sell,169.22000122070312,169.186157220459,0.03384400024414062,0.0,0.03384400024414062,169.22000122070312,36,101585.27707932005,97877.78364059934,0.7471186146382979,-0.03787880457463535,policy_rebalance
2026-09-02,2026-09-02T15:10:00-04:00,2026-09-02T15:10:00-04:00,AVGO,1,buy,369.7049865722656,369.77892756958005,0.07394099731445312,0.0,0.07394099731445312,369.7049865722656,-96,101215.49815175046,97877.70969960203,0.7433419657464176,-0.03410161989274672,policy_rebalance
2026-09-02,2026-09-02T15:10:00-04:00,2026-09-02T15:10:00-04:00,HOOD,1,buy,106.4800033569336,106.50129935760498,0.02129600067138672,0.0,0.02129600067138672,106.4800033569336,-23,101108.99685239285,97877.68840360135,0.7422542390654715,-0.033013738896929344,policy_rebalance
2026-09-02,2026-09-02T15:10:00-04:00,2026-09-02T15:10:00-04:00,NVDA,22,buy,224.44000244140625,224.48489044189452,0.9875360107421876,0.0,0.9875360107421876,4937.6800537109375,148,96170.32926267118,97876.70086759061,0.7927096897777091,0.017433889677461078,policy_rebalance
2026-09-02,2026-09-02T15:10:00-04:00,2026-09-02T15:10:00-04:00,SNDK,-2,sell,1541.0,1540.6918,0.6164,0.0,0.6164,3082.0,-2,99251.71286267118,97876.08446759061,0.8242034774891849,-0.014054795944928445,policy_rebalance
2026-09-02,2026-09-02T15:10:00-04:00,2026-09-02T15:10:00-04:00,META,16,buy,595.1699829101562,595.2890169067383,1.9045439453125,0.0,1.9045439453125,9522.7197265625,16,89727.08859216336,97874.1799236453,0.921515040822185,0.0832404556322999,policy_rebalance
2026-09-02,2026-09-02T15:15:00-04:00,2026-09-02T15:15:00-04:00,NVDA,11,buy,224.47999572753906,224.52489172668456,0.49385599060058594,0.0,0.49385599060058594,2469.2799530029297,159,87257.31478316983,97905.97493179044,0.9465550125934377,0.10876415005355251,policy_rebalance
2026-09-02,2026-09-02T15:20:00-04:00,2026-09-02T15:20:00-04:00,PLTR,-36,sell,169.2100067138672,169.1761647125244,1.2183120483398437,0.0,1.2183120483398437,6091.560241699219,0,93347.65671282071,97935.7379277255,0.8840727831174281,0.04684787506569555,policy_rebalance
2026-09-02,2026-09-02T15:20:00-04:00,2026-09-02T15:20:00-04:00,AVGO,70,buy,369.3800048828125,369.45388088378905,5.171320068359375,0.0,5.171320068359375,25856.600341796875,-26,67485.88505095548,97930.56660765714,0.6200895405610607,0.3108802758047272,policy_rebalance
2026-09-02,2026-09-02T15:25:00-04:00,2026-09-02T15:25:00-04:00,NVDA,-1,sell,224.44219970703125,224.39731126708986,0.04488843994140625,0.0,0.04488843994140625,224.44219970703125,158,67710.28236222257,97902.13484787931,0.6174000412839017,0.30838809115418114,policy_rebalance
2026-09-02,2026-09-02T15:25:00-04:00,2026-09-02T15:25:00-04:00,META,-1,sell,594.9199829101562,594.8009989135742,0.11898399658203125,0.0,0.11898399658203125,594.9199829101562,15,68305.08336113614,97902.01586388273,0.6113241038587439,0.30231177817519544,policy_rebalance
2026-09-02,2026-09-02T15:25:00-04:00,2026-09-02T15:25:00-04:00,GOOGL,-1,sell,337.7300109863281,337.66246498413085,0.06754600219726563,0.0,0.06754600219726563,337.7300109863281,0,68642.74582612027,97901.94831788052,0.6078748495355244,0.2988623106534892,policy_rebalance
2026-09-02,2026-09-02T15:25:00-04:00,2026-09-02T15:25:00-04:00,AVGO,26,buy,368.75,368.82375,1.9175,0.0,1.9175,9587.5,0,59053.328326120274,97900.03081788053,0.5099552235671824,0.39679969625367334,policy_rebalance
2026-09-02,2026-09-02T15:25:00-04:00,2026-09-02T15:25:00-04:00,SNDK,1,buy,1540.18994140625,1540.4979793945313,0.30803798828125,0.0,0.30803798828125,1540.18994140625,-1,57512.83034672574,97899.72277989224,0.49422450633841636,0.4125332665544751,policy_rebalance
2026-09-02,2026-09-02T15:25:00-04:00,2026-09-02T15:25:00-04:00,HOOD,-385,sell,106.8949966430664,106.8736176437378,8.230914741516113,0.0,8.230914741516113,41154.57370758057,-408,98659.1731395648,97891.49186515073,0.9146761803618647,-0.007842165440399793,policy_rebalance
2026-09-02,2026-09-02T15:30:00-04:00,2026-09-02T15:30:00-04:00,NVDA,-1,sell,224.41400146484375,224.3691186645508,0.04488280029296875,0.0,0.04488280029296875,224.41400146484375,157,98883.54225822934,97980.91121574887,0.9103510803746296,-0.009212315248762303,policy_rebalance
2026-09-02,2026-09-02T15:30:00-04:00,2026-09-02T15:30:00-04:00,META,-1,sell,594.280029296875,594.1611732910156,0.118856005859375,0.0,0.118856005859375,594.280029296875,14,99477.70343152035,97980.792359743,0.9042869139773834,-0.015277597126193214,policy_rebalance
2026-09-02,2026-09-02T15:30:00-04:00,2026-09-02T15:30:00-04:00,SNDK,1,buy,1540.7099609375,1541.0181029296875,0.3081419921875,0.0,0.3081419921875,1540.7099609375,0,97936.68532859065,97980.48421775081,0.8885650962657778,0.0004470164595514557,policy_rebalance
2026-09-02,2026-09-02T15:30:00-04:00,2026-09-02T15:30:00-04:00,HOOD,68,buy,106.63999938964844,106.66132738952636,1.4503039916992186,0.0,1.4503039916992186,7251.519958496094,-340,90683.71506610286,97979.0339137591,0.8145673134812311,0.07445795856772348,policy_rebalance
2026-09-02,2026-09-02T15:30:00-04:00,2026-09-02T15:30:00-04:00,MARA,1184,buy,10.380000114440918,10.382076114463805,2.4579840270996094,0.0,2.4579840270996094,12289.920135498047,1184,78391.3369465777,97976.575929732,0.9400250794043763,0.199897157022518,policy_rebalance
2026-09-02,2026-09-02T15:35:00-04:00,2026-09-02T15:35:00-04:00,NVDA,-1,sell,224.27000427246094,224.22515027160645,0.04485400085449219,0.0,0.04485400085449219,224.27000427246094,156,78615.56209684932,98011.88323332393,0.9374814264117353,0.19789764767911205,policy_rebalance
2026-09-02,2026-09-02T15:35:00-04:00,2026-09-02T15:35:00-04:00,META,-1,sell,593.219970703125,593.1013267089844,0.118643994140625,0.0,0.118643994140625,593.219970703125,13,79208.6634235583,98011.76458932979,0.9314300228210807,0.19184534881661047,policy_rebalance
2026-09-02,2026-09-02T15:35:00-04:00,2026-09-02T15:35:00-04:00,MARA,-1,sell,10.430000305175781,10.427914305114747,0.0020860000610351563,0.0,0.0020860000610351563,10.430000305175781,1183,79219.09133786341,98011.76250332972,0.9313236268429271,0.19173893709775774,policy_rebalance
2026-09-02,2026-09-02T15:35:00-04:00,2026-09-02T15:35:00-04:00,HOOD,68,buy,106.5999984741211,106.62131847381592,1.449759979248047,0.0,1.449759979248047,7248.799896240234,-272,71968.84168164393,98010.31274335047,0.8573778399388852,0.26570133624508135,policy_rebalance
2026-09-02,2026-09-02T15:35:00-04:00,2026-09-02T15:35:00-04:00,SNDK,-5,sell,1542.5699462890625,1542.2614322998047,1.5425699462890625,0.0,1.5425699462890625,7712.8497314453125,-5,79680.14884314295,98008.77017340418,0.9360868399914861,0.18701001244922177,policy_rebalance
2026-09-02,2026-09-02T15:40:00-04:00,2026-09-02T15:40:00-04:00,MARA,-1183,sell,10.404999732971191,10.402918733024597,2.461822936820984,0.0,2.461822936820984,12309.11468410492,0,91986.80170431104,97940.94153585401,0.8100495718860017,0.06079316512761203,policy_rebalance
2026-09-02,2026-09-02T15:45:00-04:00,2026-09-02T15:45:00-04:00,NVDA,-1,sell,224.01499938964844,223.9701963897705,0.04480299987792969,0.0,0.04480299987792969,224.01499938964844,155,92210.77190070081,97817.75519232679,0.8102858849387381,0.05732071115925395,policy_rebalance
2026-09-02,2026-09-02T15:45:00-04:00,2026-09-02T15:45:00-04:00,META,-1,sell,593.1799926757812,593.0613566772461,0.11863599853515625,0.0,0.11863599853515625,593.1799926757812,12,92803.83325737806,97817.63655632826,0.8042227261416105,0.05125663914464952,policy_rebalance
2026-09-02,2026-09-02T15:45:00-04:00,2026-09-02T15:45:00-04:00,SNDK,5,buy,1547.2564697265625,1547.5659210205079,1.5472564697265625,0.0,1.5472564697265625,7736.2823486328125,0,85066.00365227553,97816.08929985853,0.7251453671387917,0.13034753013379208,policy_rebalance
2026-09-02,2026-09-02T15:45:00-04:00,2026-09-02T15:45:00-04:00,HOOD,1,buy,106.94999694824219,106.97138694763183,0.02138999938964844,0.0,0.02138999938964844,106.94999694824219,-271,84959.0322653279,97816.06790985915,0.7240521470945366,0.13144093725357522,policy_rebalance
2026-09-02,2026-09-02T15:45:00-04:00,2026-09-02T15:45:00-04:00,TSM,-37,sell,414.6000061035156,414.5170861022949,3.0680400451660157,0.0,3.0680400451660157,15340.200225830078,-37,100296.16445111281,97812.99986981398,0.8809067744675078,-0.025386856395405947,policy_rebalance
2026-09-02,2026-09-02T15:55:00-04:00,,NVDA,-155,sell,224.50999450683594,224.46509250793457,6.959809829711914,0.0,6.959809829711914,34799.04914855957,0,135088.25378984265,97886.53348344617,0.5251590568580599,-0.38004942030854283,scheduled_1555_liquidation
2026-09-02,2026-09-02T15:55:00-04:00,,META,-12,sell,591.844970703125,591.7266017089844,1.4204279296875,0.0,1.4204279296875,7102.1396484375,0,142188.97301035046,97885.11305551647,0.4526108064022629,-0.4526108064022629,scheduled_1555_liquidation
2026-09-02,2026-09-02T15:55:00-04:00,,HOOD,271,buy,106.75,106.77135,5.78585,0.0,5.78585,28929.25,0,113253.93716035046,97879.32720551647,0.15707719284330626,-0.15707719284330626,scheduled_1555_liquidation
2026-09-02,2026-09-02T15:55:00-04:00,,TSM,37,buy,415.5299987792969,415.6131047790527,3.074921990966797,0.0,3.074921990966797,15374.609954833984,0,97876.25228352551,97876.25228352551,0.0,0.0,scheduled_1555_liquidation
2026-09-03,2026-09-03T09:35:00-04:00,2026-09-03T09:35:00-04:00,SNDK,-8,sell,1516.4599609375,1516.1566689453125,2.4263359375,0.0,2.4263359375,12131.6796875,-8,110005.505635088,97873.825947588,0.12395223717929024,-0.12395223717929024,policy_rebalance
2026-09-03,2026-09-03T09:35:00-04:00,2026-09-03T09:35:00-04:00,PLTR,68,buy,177.4199981689453,177.4554821685791,2.412911975097656,0.0,2.412911975097656,12064.559875488281,68,97938.53284762462,97871.4130356129,0.24722479028870145,-0.0006857958818607796,policy_rebalance
2026-09-03,2026-09-03T09:35:00-04:00,2026-09-03T09:35:00-04:00,CRM,257,buy,265.55999755859375,265.61310955810546,13.64978387451172,0.0,13.64978387451172,68248.9193725586,257,29675.963691191515,97857.76325173839,0.9446890656772153,0.696743899460993,policy_rebalance
2026-09-03,2026-09-03T09:40:00-04:00,2026-09-03T09:40:00-04:00,PLTR,-68,sell,179.86500549316406,179.82903249206544,2.4461640747070312,0.0,2.4461640747070312,12230.820373535156,0,41904.33790065197,98328.82758571056,0.8208767565107068,0.5738346634497895,policy_rebalance
2026-09-03,2026-09-03T09:40:00-04:00,2026-09-03T09:40:00-04:00,CRM,-257,sell,266.80999755859375,266.75663555908204,13.714033874511719,0.0,13.714033874511719,68570.1693725586,0,110460.79323933605,98315.11355183605,0.12353827655496999,-0.12353827655496999,policy_rebalance
2026-09-03,2026-09-03T09:40:00-04:00,2026-09-03T09:40:00-04:00,SNDK,8,buy,1518.2099609375,1518.5136029296875,2.4291359375,0.0,2.4291359375,12145.6796875,0,98312.68441589855,98312.68441589855,0.0,0.0,policy_rebalance
2026-09-03,2026-09-03T09:40:00-04:00,2026-09-03T09:40:00-04:00,AVGO,-117,sell,350.7900085449219,350.7198505432129,8.208486199951173,0.0,8.208486199951173,41042.43099975586,-117,139346.90692945445,98304.47592969859,0.4175031768554152,-0.4175031768554152,policy_rebalance
2026-09-03,2026-09-03T09:40:00-04:00,2026-09-03T09:40:00-04:00,MSTR,396,buy,132.00999450683594,132.03639650573732,10.455191564941407,0.0,10.455191564941407,52275.95782470703,396,87060.49391318246,98294.02073813364,0.9493801161422993,0.11428494572298101,policy_rebalance
2026-09-03,2026-09-03T09:45:00-04:00,2026-09-03T09:45:00-04:00,MSTR,-396,sell,131.8300018310547,131.80363583068848,10.440936145019531,0.0,10.440936145019531,52204.680725097656,0,139254.7337021351,98757.52313084604,0.41006709451019147,-0.41006709451019147,policy_rebalance
2026-09-03,2026-09-03T09:45:00-04:00,2026-09-03T09:45:00-04:00,AVGO,73,buy,346.1300048828125,346.199230883789,5.053498071289063,0.0,5.053498071289063,25267.490356445312,-44,113982.1898476185,98752.46963277475,0.15422115792625393,-0.15422115792625393,policy_rebalance
2026-09-03,2026-09-03T09:45:00-04:00,2026-09-03T09:45:00-04:00,COIN,-65,sell,187.52999877929688,187.492492779541,2.4378899841308592,0.0,2.4378899841308592,12189.449920654297,-65,126169.20187828867,98750.03174279063,0.27766239313133,-0.27766239313133,policy_rebalance
2026-09-03,2026-09-03T09:45:00-04:00,2026-09-03T09:45:00-04:00,HOOD,546,buy,120.66999816894531,120.6941321685791,13.177163800048827,0.0,13.177163800048827,65885.81900024414,546,60270.20571424448,98736.85457899058,0.944986444358496,0.3895875458942471,policy_rebalance
2026-09-03,2026-09-03T09:50:00-04:00,2026-09-03T09:50:00-04:00,HOOD,-546,sell,120.22000122070312,120.195957220459,13.128024133300782,0.0,13.128024133300782,65640.1206665039,0,125897.19835661509,98560.34796904185,0.27736154499129656,-0.27736154499129656,policy_rebalance
2026-09-03,2026-09-03T09:50:00-04:00,2026-09-03T09:50:00-04:00,AVGO,44,buy,346.2099914550781,346.27923345336916,3.0466479248046876,0.0,3.0466479248046876,15233.239624023438,0,110660.91208466684,98557.30132111703,0.1228078549362275,-0.1228078549362275,policy_rebalance
2026-09-03,2026-09-03T09:50:00-04:00,2026-09-03T09:50:00-04:00,COIN,65,buy,186.2093963623047,186.24663824157713,2.4207221527099607,0.0,2.4207221527099607,12103.610763549805,0,98554.88059896433,98554.88059896433,0.0,0.0,policy_rebalance
2026-09-03,2026-09-03T09:50:00-04:00,2026-09-03T09:50:00-04:00,AVGO,199,buy,346.2099914550781,346.27923345336916,13.779157659912109,0.0,13.779157659912109,68895.78829956055,199,29645.31314174387,98541.10144130442,0.699157887336971,0.699157887336971,policy_rebalance
2026-09-03,2026-09-03T09:50:00-04:00,2026-09-03T09:50:00-04:00,GOOGL,33,buy,343.67498779296875,343.74372279052733,2.268254919433594,0.0,2.268254919433594,11341.274597167969,33,18301.77028965647,98538.83318638499,0.8142684493225234,0.8142684493225234,policy_rebalance
2026-09-03,2026-09-03T09:50:00-04:00,2026-09-03T09:50:00-04:00,MARA,1217,buy,10.805000305175781,10.807161305236816,2.629937074279785,0.0,2.629937074279785,13149.685371398926,1217,5149.454981183264,98536.20324931071,0.9477404769883977,0.9477404769883977,policy_rebalance
2026-09-03,2026-09-03T09:55:00-04:00,2026-09-03T09:55:00-04:00,GOOGL,-1,sell,342.7900085449219,342.7214505432129,0.06855800170898438,0.0,0.06855800170898438,342.7900085449219,32,5492.176431726477,98124.62301261332,0.9440285601808581,0.9440285601808581,policy_rebalance
2026-09-03,2026-09-03T09:55:00-04:00,2026-09-03T09:55:00-04:00,MARA,-1217,sell,10.795000076293945,10.792841076278687,2.6275030185699464,0.0,2.6275030185699464,13137.515092849731,0,18627.064021557642,98121.99550959475,0.8101642356046844,0.8101642356046844,policy_rebalance
2026-09-03,2026-09-03T09:55:00-04:00,2026-09-03T09:55:00-04:00,CRM,49,buy,265.2449951171875,265.2980441162109,2.5994009521484376,0.0,2.5994009521484376,12997.004760742188,49,5627.459859863307,98119.3961086426,0.9426468151757447,0.9426468151757447,policy_rebalance
2026-09-03,2026-09-03T10:00:00-04:00,2026-09-03T10:00:00-04:00,AVGO,-1,sell,343.54998779296875,343.48127779541016,0.06870999755859375,0.0,0.06870999755859375,343.54998779296875,198,5970.941137658718,98035.50910030521,0.9390940977156599,0.9390940977156599,policy_rebalance
2026-09-03,2026-09-03T10:00:00-04:00,2026-09-03T10:00:00-04:00,GOOGL,-32,sell,342.7799987792969,342.711442779541,2.1937919921875,0.0,2.1937919921875,10968.9599609375,0,16937.707306604032,98033.31530831302,0.8272249872062855,0.8272249872062855,policy_rebalance
2026-09-03,2026-09-03T10:00:00-04:00,2026-09-03T10:00:00-04:00,CRM,-18,sell,266.7900085449219,266.7366505432129,0.9604440307617188,0.0,0.9604440307617188,4802.220153808594,31,21738.967016381863,98032.35486428226,0.7782470180740054,0.7782470180740054,policy_rebalance
2026-09-03,2026-09-03T10:00:00-04:00,2026-09-03T10:00:00-04:00,COIN,87,buy,186.28500366210938,186.32226066284179,3.241359063720703,0.0,3.241359063720703,16206.795318603516,87,5528.930338714628,98029.11350521853,0.9435990988695385,0.9435990988695385,policy_rebalance
2026-09-03,2026-09-03T10:05:00-04:00,2026-09-03T10:05:00-04:00,AVGO,-118,sell,344.3999938964844,344.3311138977051,8.127839855957031,0.0,8.127839855957031,40639.199279785156,80,46160.00177864383,98213.98990730595,0.5300058390641751,0.5300058390641751,policy_rebalance
2026-09-03,2026-09-03T10:05:00-04:00,2026-09-03T10:05:00-04:00,COIN,-87,sell,186.38009643554688,186.34282041625977,3.2430136779785155,0.0,3.2430136779785155,16215.068389892578,0,62371.82715485843,98210.74689362796,0.36491851322123287,0.36491851322123287,policy_rebalance
2026-09-03,2026-09-03T10:05:00-04:00,2026-09-03T10:05:00-04:00,CRM,-31,sell,267.32000732421875,267.26654332275393,1.6573840454101563,0.0,1.6573840454101563,8286.920227050781,0,70657.0899978638,98209.08950958255,0.28054429227785904,0.28054429227785904,policy_rebalance
2026-09-03,2026-09-03T10:05:00-04:00,2026-09-03T10:05:00-04:00,TSLA,176,buy,372.4599914550781,372.53448345336915,13.11059169921875,0.0,13.11059169921875,65552.95849609375,176,5091.020910070831,98195.97891788333,0.9481544869130719,0.9481544869130719,policy_rebalance
2026-09-03,2026-09-03T10:10:00-04:00,2026-09-03T10:10:00-04:00,AVGO,-80,sell,342.9800109863281,342.9114149841309,5.48768017578125,0.0,5.48768017578125,27438.40087890625,0,32523.934108801303,98675.2915306763,0.670394344883286,0.670394344883286,policy_rebalance
2026-09-03,2026-09-03T10:10:00-04:00,2026-09-03T10:10:00-04:00,TSLA,-176,sell,375.8599853515625,375.7848133544922,13.230271484375,0.0,13.230271484375,66151.357421875,0,98662.06125919193,98662.06125919193,0.0,0.0,policy_rebalance
2026-09-03,2026-09-03T10:10:00-04:00,2026-09-03T10:10:00-04:00,GOOGL,174,buy,342.3699951171875,342.4384691162109,11.914475830078125,0.0,11.914475830078125,59572.379150390625,174,39077.767632971234,98650.14678336185,0.6038752205935692,0.6038752205935692,policy_rebalance
2026-09-03,2026-09-03T10:10:00-04:00,2026-09-03T10:10:00-04:00,ORCL,-227,sell,149.985107421875,149.95511040039062,6.809323876953125,0.0,6.809323876953125,34046.619384765625,-227,73117.5776938599,98643.3374594849,0.949065602870622,0.2587682090147144,policy_rebalance
2026-09-03,2026-09-03T10:15:00-04:00,2026-09-03T10:15:00-04:00,GOOGL,-174,sell,342.4200134277344,342.35152942504885,11.916216467285157,0.0,11.916216467285157,59581.08233642578,0,132686.7438138184,98434.71395236821,0.34796697715832736,-0.34796697715832736,policy_rebalance
2026-09-03,2026-09-03T10:15:00-04:00,2026-09-03T10:15:00-04:00,ORCL,1,buy,150.88999938964844,150.92017738952637,0.030177999877929688,0.0,0.030177999877929688,150.88999938964844,-226,132535.8236364289,98434.68377436834,0.3464341891952136,-0.3464341891952136,policy_rebalance
2026-09-03,2026-09-03T10:15:00-04:00,2026-09-03T10:15:00-04:00,COIN,167,buy,187.52999877929688,187.56750477905274,6.263501959228516,0.0,6.263501959228516,31317.509796142578,167,101212.05033832708,98428.42027240912,0.6646317138601979,-0.028280755275905407,policy_rebalance
2026-09-03,2026-09-03T10:20:00-04:00,2026-09-03T10:20:00-04:00,COIN,-167,sell,187.77999877929688,187.74244277954102,6.271851959228516,0.0,6.271851959228516,31359.259796142578,0,132565.03828251045,98402.87745487373,0.34716627919039295,-0.34716627919039295,policy_rebalance
2026-09-03,2026-09-03T10:20:00-04:00,2026-09-03T10:20:00-04:00,ORCL,167,buy,151.16000366210938,151.1902356628418,5.048744122314453,0.0,5.048744122314453,25243.720611572266,-59,107316.26892681587,98397.82871075142,0.09063655502278356,-0.09063655502278356,policy_rebalance
2026-09-03,2026-09-03T10:20:00-04:00,2026-09-03T10:20:00-04:00,AVGO,72,buy,343.30999755859375,343.3786595581055,4.94366396484375,0.0,4.94366396484375,24718.31982421875,72,82593.00543863227,98392.88504678657,0.3418617110809249,0.16057949312738753,policy_rebalance
2026-09-03,2026-09-03T10:20:00-04:00,2026-09-03T10:20:00-04:00,AMZN,180,buy,257.25,257.30145,9.261,0.0,9.261,46305.0,180,36278.744438632275,98383.62404678657,0.8125514872502227,0.631252204926098,policy_rebalance
2026-09-03,2026-09-03T10:20:00-04:00,2026-09-03T10:20:00-04:00,MARA,1175,buy,11.175000190734863,11.17723519077301,2.6261250448226927,0.0,2.6261250448226927,13130.625224113464,1175,23145.49308947399,98380.99792174174,0.946040264182237,0.7647361423606892,policy_rebalance
2026-09-03,2026-09-03T10:25:00-04:00,2026-09-03T10:25:00-04:00,AVGO,-2,sell,344.44000244140625,344.37111444091795,0.1377760009765625,0.0,0.1377760009765625,688.8800048828125,70,23834.235318355823,98567.73452871348,0.9390233022298231,0.758194347954576,policy_rebalance
2026-09-03,2026-09-03T10:25:00-04:00,2026-09-03T10:25:00-04:00,AMZN,-91,sell,257.17999267578125,257.1285566772461,4.680675866699219,0.0,4.680675866699219,23403.379333496094,89,47232.933975985216,98563.05385284679,0.7016221346004046,0.520784592911424,policy_rebalance
2026-09-03,2026-09-03T10:25:00-04:00,2026-09-03T10:25:00-04:00,MARA,-1175,sell,11.270000457763672,11.26774645767212,2.648450107574463,0.0,2.648450107574463,13242.250537872314,0,60472.536063749954,98560.40540273921,0.5672842909952435,0.3864418899592991,policy_rebalance
2026-09-03,2026-09-03T10:25:00-04:00,2026-09-03T10:25:00-04:00,ORCL,59,buy,151.0500030517578,151.08021305236815,1.782390036010742,0.0,1.782390036010742,8911.950180053711,0,51558.803493660234,98558.6230127032,0.47687171433985204,0.47687171433985204,policy_rebalance
2026-09-03,2026-09-03T10:25:00-04:00,2026-09-03T10:25:00-04:00,TSLA,122,buy,378.31500244140625,378.3906654418945,9.230886059570313,0.0,9.230886059570313,46154.43029785156,122,5395.142309749106,98549.39212664364,0.9452544334031413,0.9452544334031413,policy_rebalance
2026-09-03,2026-09-03T10:30:00-04:00,2026-09-03T10:30:00-04:00,AVGO,-1,sell,343.8999938964844,343.8312138977051,0.06877999877929687,0.0,0.06877999877929687,343.8999938964844,69,5738.973523646811,98603.73066476009,0.9417976025353586,0.9417976025353586,policy_rebalance
2026-09-03,2026-09-03T10:30:00-04:00,2026-09-03T10:30:00-04:00,AMZN,-89,sell,257.6745910644531,257.62305614624023,4.586607720947265,0.0,4.586607720947265,22933.038604736328,0,28667.425520662193,98599.14405703914,0.7092527952973079,0.7092527952973079,policy_rebalance
2026-09-03,2026-09-03T10:30:00-04:00,2026-09-03T10:30:00-04:00,TSLA,60,buy,378.7099914550781,378.7857334533691,4.544519897460938,0.0,4.544519897460938,22722.599487304688,182,5940.281513460046,98594.59953714168,0.9397504372313793,0.9397504372313793,policy_rebalance
2026-09-03,2026-09-03T10:30:00-04:00,2026-09-03T10:30:00-04:00,PLTR,-3,sell,184.52999877929688,184.49309277954103,0.11071799926757812,0.0,0.11071799926757812,553.5899963378906,-3,6493.760791798669,98594.48881914243,0.9453663093785718,0.9341366756948194,policy_rebalance
2026-09-03,2026-09-03T10:35:00-04:00,2026-09-03T10:35:00-04:00,TSLA,-182,sell,377.260009765625,377.1845577636719,13.73226435546875,0.0,13.73226435546875,68661.32177734375,0,75141.35030478696,98234.70407981137,0.24634811697795578,0.2350834564153833,policy_rebalance
2026-09-03,2026-09-03T10:35:00-04:00,2026-09-03T10:35:00-04:00,PLTR,3,buy,184.4300994873047,184.46698550720214,0.1106580596923828,0.0,0.1106580596923828,553.2902984619141,0,74587.94934826535,98234.59342175168,0.24071605785513792,0.24071605785513792,policy_rebalance
2026-09-03,2026-09-03T10:35:00-04:00,2026-09-03T10:35:00-04:00,NVDA,-35,sell,226.34500122070312,226.299732220459,1.5844150085449218,0.0,1.5844150085449218,7922.075042724609,-35,82508.43997598141,98233.00900674313,0.3213656940310556,0.16007418677037896,policy_rebalance
2026-09-03,2026-09-03T10:35:00-04:00,2026-09-03T10:35:00-04:00,AVGO,120,buy,342.7049865722656,342.7735275695801,8.224919677734375,0.0,8.224919677734375,41124.598388671875,189,41375.6166676318,98224.7840870654,0.7400710338080074,0.5787660206923244,policy_rebalance
2026-09-03,2026-09-03T10:35:00-04:00,2026-09-03T10:35:00-04:00,MARA,-1794,sell,11.340100288391113,11.337832268333436,4.068827983474732,0.0,4.068827983474732,20344.139917373657,-1794,61715.68775702199,98220.71525908192,0.947228465775745,0.37166322201756236,policy_rebalance
2026-09-03,2026-09-03T10:40:00-04:00,2026-09-03T10:40:00-04:00,NVDA,1,buy,226.72000122070312,226.76534522094727,0.04534400024414063,0.0,0.04534400024414063,226.72000122070312,-34,61488.92241180104,98334.45967567127,0.9454301026477143,0.3746960870624087,policy_rebalance
2026-09-03,2026-09-03T10:40:00-04:00,2026-09-03T10:40:00-04:00,MARA,1556,buy,11.345000267028809,11.347269267082215,3.530564083099365,0.0,3.530564083099365,17652.820415496826,-238,43832.57143222111,98330.92911158818,0.7659394512993039,0.5542341374352426,policy_rebalance
2026-09-03,2026-09-03T10:40:00-04:00,2026-09-03T10:40:00-04:00,AVGO,11,buy,343.4230041503906,343.4916887512207,0.7555306091308593,0.0,0.7555306091308593,3777.653045654297,200,40054.162855957686,98330.17358097906,0.8043633816022739,0.5926564410773526,policy_rebalance
2026-09-03,2026-09-03T10:45:00-04:00,2026-09-03T10:45:00-04:00,AVGO,-200,sell,343.4849853515625,343.41628835449217,13.7393994140625,0.0,13.7393994140625,68696.9970703125,0,108737.42052685612,98315.30854641789,0.10600701085647929,-0.10600701085647929,policy_rebalance
2026-09-03,2026-09-03T10:45:00-04:00,2026-09-03T10:45:00-04:00,NVDA,1,buy,226.41000366210938,226.4552856628418,0.045282000732421876,0.0,0.045282000732421876,226.41000366210938,-33,108510.96524119328,98315.26326441715,0.10370416187926959,-0.10370416187926959,policy_rebalance
2026-09-03,2026-09-03T10:45:00-04:00,2026-09-03T10:45:00-04:00,MARA,238,buy,11.446100234985352,11.448389455032348,0.5448343711853028,0.0,0.5448343711853028,2724.1718559265137,0,105786.24855089557,98314.71843004596,0.07599604860960711,-0.07599604860960711,policy_rebalance
2026-09-03,2026-09-03T10:45:00-04:00,2026-09-03T10:45:00-04:00,SOXX,2,buy,493.19000244140625,493.28864044189453,0.1972760009765625,0.0,0.1972760009765625,986.3800048828125,2,104799.67127001178,98314.52115404498,0.08602910359986467,-0.06596329860372795,policy_rebalance
2026-09-03,2026-09-03T10:45:00-04:00,2026-09-03T10:45:00-04:00,MSFT,88,buy,508.9386901855469,509.040477923584,8.957320947265625,0.0,8.957320947265625,44786.604736328125,88,60004.10921273639,98305.56383309772,0.541622597805945,0.38961634649071525,policy_rebalance
2026-09-03,2026-09-03T10:45:00-04:00,2026-09-03T10:45:00-04:00,ORCL,-121,sell,153.14500427246094,153.11437527160646,3.7061091033935547,0.0,3.7061091033935547,18530.545516967773,-121,78530.94862060077,98301.85772399433,0.7301495825292921,0.20112447069825526,policy_rebalance
2026-09-03,2026-09-03T10:50:00-04:00,2026-09-03T10:50:00-04:00,SOXX,-2,sell,493.6199951171875,493.52127111816407,0.197447998046875,0.0,0.197447998046875,987.239990234375,0,79517.9911628371,98380.35093456562,0.719646555286722,0.19172893359848026,policy_rebalance
2026-09-03,2026-09-03T10:50:00-04:00,2026-09-03T10:50:00-04:00,MSFT,-51,sell,509.44000244140625,509.338114440918,5.196288024902343,0.0,5.196288024902343,25981.44012451172,37,105494.23499932392,98375.15464654072,0.4555788572274762,-0.07236664967248964,policy_rebalance
2026-09-03,2026-09-03T10:50:00-04:00,2026-09-03T10:50:00-04:00,NVDA,33,buy,226.25,226.29524999999998,1.49325,0.0,1.49325,7466.25,0,98026.49174932392,98373.66139654072,0.3796889330253262,0.0035290914487503765,policy_rebalance
2026-09-03,2026-09-03T10:50:00-04:00,2026-09-03T10:50:00-04:00,ORCL,121,buy,152.91000366210938,152.94058566284178,3.700422088623047,0.0,3.700422088623047,18502.110443115234,0,79520.68088412005,98369.96097445209,0.1916162200697368,0.1916162200697368,policy_rebalance
2026-09-03,2026-09-03T10:50:00-04:00,2026-09-03T10:50:00-04:00,MSTR,469,buy,138.49000549316406,138.5177034942627,12.99036251525879,0.0,12.99036251525879,64951.812576293945,469,14555.877945310851,98356.97061193682,0.8520096963667128,0.8520096963667128,policy_rebalance
2026-09-03,2026-09-03T10:50:00-04:00,2026-09-03T10:50:00-04:00,SMCI,-262,sell,36.564998626708984,36.55768562698364,1.9160059280395507,0.0,1.9160059280395507,9580.029640197754,-262,24133.991579580565,98355.05460600878,0.9494288085232665,0.7546237793649078,policy_rebalance
2026-09-03,2026-09-03T10:55:00-04:00,2026-09-03T10:55:00-04:00,MSFT,-1,sell,508.2250061035156,508.12336110229495,0.10164500122070312,0.0,0.10164500122070312,508.2250061035156,36,24642.11494068286,97962.86713794849,0.9442801667577555,0.748454535268118,policy_rebalance
2026-09-03,2026-09-03T10:55:00-04:00,2026-09-03T10:55:00-04:00,MSTR,-469,sell,137.77499389648438,137.74743889770508,12.923294427490234,0.0,12.923294427490234,64616.47213745117,0,89245.66378370654,97949.94384352099,0.28471604255527455,0.08886457427397706,policy_rebalance
2026-09-03,2026-09-03T10:55:00-04:00,2026-09-03T10:55:00-04:00,SMCI,262,buy,36.61000061035156,36.61732261047363,1.9183640319824218,0.0,1.9183640319824218,9591.82015991211,0,79651.92525976244,97948.025479489,0.18679396680189223,0.18679396680189223,policy_rebalance
2026-09-03,2026-09-03T10:55:00-04:00,2026-09-03T10:55:00-04:00,COIN,171,buy,190.5399932861328,190.57810128479002,6.516467770385742,0.0,6.516467770385742,32582.33885192871,171,47063.069940063346,97941.50901171862,0.5194777942983062,0.5194777942983062,policy_rebalance
2026-09-03,2026-09-03T10:55:00-04:00,2026-09-03T10:55:00-04:00,MARA,-146,sell,11.60990047454834,11.607578494453431,0.33900909385681155,0.0,0.33900909385681155,1695.0454692840576,-146,48757.77640025355,97941.17000262477,0.5367863640952052,0.5021728206948429,policy_rebalance
2026-09-03,2026-09-03T11:00:00-04:00,2026-09-03T11:00:00-04:00,MSFT,-36,sell,509.885009765625,509.7830327636719,3.6711720703125,0.0,3.6711720703125,18355.8603515625,0,67109.96557974574,98175.92715811488,0.35096292660705897,0.3164315578943971,policy_rebalance
2026-09-03,2026-09-03T11:00:00-04:00,2026-09-03T11:00:00-04:00,COIN,-1,sell,191.5850067138672,191.54668971252443,0.03831700134277344,0.0,0.03831700134277344,191.5850067138672,170,67301.51226945827,98175.88884111354,0.34901161696139865,0.3144802347715122,policy_rebalance
2026-09-03,2026-09-03T11:00:00-04:00,2026-09-03T11:00:00-04:00,SNDK,3,buy,1528.43505859375,1528.7407456054686,0.91706103515625,0.0,0.91706103515625,4585.30517578125,3,62715.29003264186,98174.97178007838,0.3957203163130851,0.36118861156252435,policy_rebalance
2026-09-03,2026-09-03T11:00:00-04:00,2026-09-03T11:00:00-04:00,MSTR,243,buy,138.6300048828125,138.65773088378907,6.737418237304688,0.0,6.737418237304688,33687.09118652344,243,29021.461427881113,98168.23436184108,0.7389042142287938,0.7043701395207935,policy_rebalance
2026-09-03,2026-09-03T11:00:00-04:00,2026-09-03T11:00:00-04:00,MARA,-1723,sell,11.610099792480469,11.607777772521972,4.000840388488769,0.0,4.000840388488769,20004.201942443848,-1869,49021.66252993647,98164.23352145258,0.9427173288689142,0.500615847836031,policy_rebalance
2026-09-03,2026-09-03T11:05:00-04:00,2026-09-03T11:05:00-04:00,COIN,-170,sell,191.3300018310547,191.29173583068848,6.50522006225586,0.0,6.50522006225586,32526.100311279297,0,81541.2576211535,98000.33856140009,0.6140283868692772,0.16794922529716041,policy_rebalance
2026-09-03,2026-09-03T11:05:00-04:00,2026-09-03T11:05:00-04:00,MSTR,-232,sell,138.72000122070312,138.692257220459,6.436608056640625,0.0,6.436608056640625,32183.040283203125,11,113717.86129629999,97993.90195334345,0.28564991247745014,-0.16045854925179923,policy_rebalance
2026-09-03,2026-09-03T11:05:00-04:00,2026-09-03T11:05:00-04:00,MARA,1869,buy,11.694999694824219,11.697338694763184,4.3715908859252925,0.0,4.3715908859252925,21857.954429626465,0,91855.5352757876,97989.53036245752,0.06259847418372794,0.06259847418372794,policy_rebalance
2026-09-03,2026-09-03T11:05:00-04:00,2026-09-03T11:05:00-04:00,SOXX,-92,sell,499.45001220703125,499.35012220458987,9.189880224609375,0.0,9.189880224609375,45949.401123046875,-92,137795.74651860987,97980.34048223292,0.5315698634376683,-0.4063611724598651,policy_rebalance
2026-09-03,2026-09-03T11:05:00-04:00,2026-09-03T11:05:00-04:00,SNDK,26,buy,1536.0250244140625,1536.3322294189452,7.987330126953125,0.0,7.987330126953125,39936.650634765625,29,97851.10855371729,97972.35315210596,0.9392450409108543,0.0012375389024333716,policy_rebalance
2026-09-03,2026-09-03T11:10:00-04:00,2026-09-03T11:10:00-04:00,SNDK,-5,sell,1534.0,1533.6932,1.534,0.0,1.534,7670.0,24,105519.57455371729,98081.2857506167,0.8575632783267914,-0.07583800259320944,policy_rebalance
2026-09-03,2026-09-03T11:10:00-04:00,2026-09-03T11:10:00-04:00,SOXX,1,buy,497.54998779296875,497.64949779052733,0.09950999755859374,0.0,0.09950999755859374,497.54998779296875,-91,105021.92505592677,98081.18624061915,0.8524913101875314,-0.07076524134078216,policy_rebalance
2026-09-03,2026-09-03T11:10:00-04:00,2026-09-03T11:10:00-04:00,COIN,40,buy,190.67999267578125,190.7181286743164,1.52543994140625,0.0,1.52543994140625,7627.19970703125,40,97393.1999089541,98079.66080067774,0.9302699247244284,0.0069990137212922465,policy_rebalance
2026-09-03,2026-09-03T11:15:00-04:00,2026-09-03T11:15:00-04:00,COIN,-38,sell,190.75999450683594,190.72184250793458,1.4497759582519532,0.0,1.4497759582519532,7248.879791259766,2,104640.62992425563,97972.92493768336,0.8568332113744136,-0.06805660840291668,policy_rebalance
2026-09-03,2026-09-03T11:15:00-04:00,2026-09-03T11:15:00-04:00,MSTR,-1,sell,138.125,138.097375,0.027625,0.0,0.027625,138.125,10,104778.72729925562,97972.89731268336,0.8554236242970633,-0.06946645626750489,policy_rebalance
2026-09-03,2026-09-03T11:15:00-04:00,2026-09-03T11:15:00-04:00,SOXX,91,buy,497.8800048828125,497.979580883789,9.061416088867187,0.0,9.061416088867187,45307.08044433594,0,59462.58543883082,97963.8358965945,0.39301493357613704,0.39301493357613704,policy_rebalance
2026-09-03,2026-09-03T11:15:00-04:00,2026-09-03T11:15:00-04:00,SNDK,4,buy,1530.77001953125,1531.0761735351562,1.224616015625,0.0,1.224616015625,6123.080078125,28,53338.2807446902,97962.61128057887,0.45552410202784643,0.45552410202784643,policy_rebalance
2026-09-03,2026-09-03T11:15:00-04:00,2026-09-03T11:15:00-04:00,INTC,-525,sell,90.05000305175781,90.03199305114747,9.45525032043457,0.0,9.45525032043457,47276.25160217285,-525,100605.07709654262,97953.15603025844,0.9382095060793423,-0.02707336010148547,policy_rebalance
2026-09-03,2026-09-03T11:20:00-04:00,2026-09-03T11:20:00-04:00,SNDK,-22,sell,1533.43994140625,1533.1332534179687,6.7471357421875,0.0,6.7471357421875,33735.6787109375,6,134334.00867173792,98022.61944291712,0.5942402782758859,-0.3704388786505192,policy_rebalance
2026-09-03,2026-09-03T11:20:00-04:00,2026-09-03T11:20:00-04:00,INTC,220,buy,90.05750274658203,90.07551424713135,3.9625301208496095,0.0,3.9625301208496095,19812.650604248047,-305,114517.39553736901,98018.65691279626,0.3921328781829539,-0.16832243109851117,policy_rebalance
2026-09-03,2026-09-03T11:20:00-04:00,2026-09-03T11:20:00-04:00,MSTR,144,buy,138.4600067138672,138.48769871520994,3.987648193359375,0.0,3.987648193359375,19938.240966796875,154,94575.16692237878,98014.6692646029,0.5955698208810934,0.0350917099249578,policy_rebalance
2026-09-03,2026-09-03T11:25:00-04:00,2026-09-03T11:25:00-04:00,SNDK,-6,sell,1531.6700439453125,1531.3637099365235,1.838004052734375,0.0,1.838004052734375,9190.020263671875,0,103763.34918199791,98036.02879320396,0.5024487409908862,-0.05842056700271986,policy_rebalance
2026-09-03,2026-09-03T11:25:00-04:00,2026-09-03T11:25:00-04:00,COIN,-2,sell,192.00999450683594,191.9715925079346,0.07680399780273438,0.0,0.07680399780273438,384.0199890136719,0,104147.29236701378,98035.95198920617,0.49853200033452016,-0.0623377470591654,policy_rebalance
2026-09-03,2026-09-03T11:25:00-04:00,2026-09-03T11:25:00-04:00,MSTR,-1,sell,138.83999633789062,138.81222833862304,0.027767999267578124,0.0,0.027767999267578124,138.83999633789062,153,104286.1045953524,98035.9242212069,0.4971159260311003,-0.06375398022507227,policy_rebalance
2026-09-03,2026-09-03T11:25:00-04:00,2026-09-03T11:25:00-04:00,INTC,23,buy,90.13999938964844,90.15802738952637,0.4146439971923828,0.0,0.4146439971923828,2073.219985961914,-282,102212.46996539329,98035.5095772097,0.4759703853105246,-0.042606606587727795,policy_rebalance
2026-09-03,2026-09-03T11:25:00-04:00,2026-09-03T11:25:00-04:00,NVDA,203,buy,226.97039794921875,227.0157920288086,9.21499815673828,0.0,9.21499815673828,46074.990783691406,203,56128.26418354515,98026.29457905296,0.9460419824038346,0.4274162414832409,policy_rebalance
2026-09-03,2026-09-03T11:30:00-04:00,2026-09-03T11:30:00-04:00,NVDA,-1,sell,227.8300018310547,227.7844358306885,0.04556600036621094,0.0,0.04556600036621094,227.8300018310547,202,56356.04861937584,98045.54483519615,0.9463179005874001,0.42520541127999034,policy_rebalance
2026-09-03,2026-09-03T11:30:00-04:00,2026-09-03T11:30:00-04:00,MSTR,-135,sell,138.65499877929688,138.62726777954103,3.7436849670410157,0.0,3.7436849670410157,18718.424835205078,18,75070.72976961388,98041.80115022912,0.7554311369871489,0.2342987492183741,policy_rebalance
2026-09-03,2026-09-03T11:30:00-04:00,2026-09-03T11:30:00-04:00,INTC,1,buy,90.58999633789062,90.6081143371582,0.018117999267578126,0.0,0.018117999267578126,90.58999633789062,-281,74980.12165527673,98041.78303222985,0.7545072828237935,0.2352227862825784,policy_rebalance
2026-09-03,2026-09-03T11:30:00-04:00,2026-09-03T11:30:00-04:00,SNDK,1,buy,1539.0,1539.3078,0.3078,0.0,0.3078,1539.0,1,73440.81385527673,98041.47523222986,0.7702070898054376,0.2509209629769624,policy_rebalance
2026-09-03,2026-09-03T11:30:00-04:00,2026-09-03T11:30:00-04:00,HOOD,9,buy,122.54000091552734,122.56450891571045,0.2205720016479492,0.0,0.2205720016479492,1102.860008239746,9,72337.73327503534,98041.25466022821,0.7814577607416868,0.26217046562970864,policy_rebalance
2026-09-03,2026-09-03T11:35:00-04:00,2026-09-03T11:35:00-04:00,NVDA,-137,sell,227.53199768066406,227.48649128112794,6.234376736450195,0.0,6.234376736450195,31171.883682250977,65,103503.38258054986,97996.6563842608,0.46301524496813234,-0.056193000858073106,policy_rebalance
2026-09-03,2026-09-03T11:35:00-04:00,2026-09-03T11:35:00-04:00,SNDK,-1,sell,1538.0,1537.6924000000001,0.3076,0.0,0.3076,1538.0,0,105041.07498054986,97996.3487842608,0.4473222360388278,-0.07188763952622403,policy_rebalance
2026-09-03,2026-09-03T11:35:00-04:00,2026-09-03T11:35:00-04:00,MSTR,-1,sell,139.1699981689453,139.1421641693115,0.02783399963378906,0.0,0.02783399963378906,139.1699981689453,17,105180.21714471918,97996.32095026117,0.4459022077555964,-0.07330781528119053,policy_rebalance
2026-09-03,2026-09-03T11:35:00-04:00,2026-09-03T11:35:00-04:00,HOOD,-1,sell,122.33000183105469,122.30553583068848,0.024466000366210938,0.0,0.024466000366210938,122.33000183105469,8,105302.52268054987,97996.2964842608,0.44465400658090076,-0.07455614608315853,policy_rebalance
2026-09-03,2026-09-03T11:35:00-04:00,2026-09-03T11:35:00-04:00,INTC,281,buy,90.53500366210938,90.55311066284179,5.088067205810547,0.0,5.088067205810547,25440.336029052734,0,79857.09858429132,97991.208417055,0.1850585386760829,0.1850585386760829,policy_rebalance
2026-09-03,2026-09-03T11:35:00-04:00,2026-09-03T11:35:00-04:00,META,-5,sell,618.6300048828125,618.5062788818359,0.6186300048828125,0.0,0.6186300048828125,3093.1500244140625,-5,82949.6299787005,97990.5897870501,0.21662549335919,0.15349392060029562,policy_rebalance
2026-09-03,2026-09-03T11:40:00-04:00,2026-09-03T11:40:00-04:00,MSTR,-17,sell,139.5399932861328,139.5120852874756,0.4744359771728516,0.0,0.4744359771728516,2372.179885864258,0,85321.33542858758,97984.0943397204,0.19232467432792213,0.12923280045054858,policy_rebalance
2026-09-03,2026-09-03T11:40:00-04:00,2026-09-03T11:40:00-04:00,MSFT,19,buy,512.4450073242188,512.5474963256836,1.9472910278320312,0.0,1.9472910278320312,9736.455139160156,19,75582.9329983996,97982.14704869257,0.2916981821000488,0.22860505433874195,policy_rebalance
2026-09-03,2026-09-03T11:40:00-04:00,2026-09-03T11:40:00-04:00,CRM,58,buy,263.7799987792969,263.8327547790527,3.059847985839844,0.0,3.059847985839844,15299.239929199219,58,60280.63322121454,97979.08720070674,0.44785530622136666,0.38476020808673406,policy_rebalance
2026-09-03,2026-09-03T11:45:00-04:00,2026-09-03T11:45:00-04:00,MSFT,-1,sell,512.6500244140625,512.5474944091796,0.1025300048828125,0.0,0.1025300048828125,512.6500244140625,18,60793.18071562372,97997.70602995477,0.44262082369459316,0.3796469001321196,policy_rebalance
2026-09-03,2026-09-03T11:45:00-04:00,2026-09-03T11:45:00-04:00,NVDA,-13,sell,227.38499450683594,227.33951750793457,0.5912009857177735,0.0,0.5912009857177735,2956.004928588867,52,63748.594443226866,97997.11482896906,0.41245929030781786,0.34948498683369333,policy_rebalance
2026-09-03,2026-09-03T11:45:00-04:00,2026-09-03T11:45:00-04:00,HOOD,-1,sell,121.2699966430664,121.2457426437378,0.02425399932861328,0.0,0.02425399932861328,121.2699966430664,7,63869.840185870606,97997.09057496973,0.41122190670648584,0.34824758764640157,policy_rebalance
2026-09-03,2026-09-03T11:45:00-04:00,2026-09-03T11:45:00-04:00,CRM,-1,sell,264.0050048828125,263.95220388183594,0.0528010009765625,0.0,0.0528010009765625,264.0050048828125,57,64133.792389752445,97997.03777396875,0.40852811822112983,0.3455537652303558,policy_rebalance
2026-09-03,2026-09-03T11:45:00-04:00,2026-09-03T11:45:00-04:00,META,1,buy,617.1300048828125,617.2534308837891,0.1234260009765625,0.0,0.1234260009765625,617.1300048828125,-4,63516.53895886866,97996.91434796777,0.40223118952703074,0.35185164368202543,policy_rebalance
2026-09-03,2026-09-03T11:50:00-04:00,2026-09-03T11:50:00-04:00,MSFT,-1,sell,512.84521484375,512.7426458007812,0.10256904296875,0.0,0.10256904296875,512.84521484375,17,64029.28160466944,98000.77996434961,0.39698437256304564,0.34664518355913304,policy_rebalance
2026-09-03,2026-09-03T11:50:00-04:00,2026-09-03T11:50:00-04:00,NVDA,-1,sell,227.3000030517578,227.25454305114746,0.04546000061035156,0.0,0.04546000061035156,227.3000030517578,51,64256.53614772059,98000.734504349,0.3946651863111114,0.3443259739561538,policy_rebalance
2026-09-03,2026-09-03T11:50:00-04:00,2026-09-03T11:50:00-04:00,HOOD,-7,sell,121.81999969482422,121.79563569488526,0.1705479995727539,0.0,0.1705479995727539,852.7399978637695,0,65109.105597584785,98000.56395634943,0.38596449466115795,0.3356251947020925,policy_rebalance
2026-09-03,2026-09-03T11:50:00-04:00,2026-09-03T11:50:00-04:00,CRM,-1,sell,263.989990234375,263.93719223632814,0.052797998046875,0.0,0.052797998046875,263.989990234375,56,65373.04278982111,98000.51115835138,0.3832709412402456,0.33293161416076794,policy_rebalance
2026-09-03,2026-09-03T11:50:00-04:00,2026-09-03T11:50:00-04:00,META,4,buy,616.6599731445312,616.7833051391601,0.493327978515625,0.0,0.493327978515625,2466.639892578125,0,62905.90956926447,98000.01783037288,0.3581030803673158,0.3581030803673158,policy_rebalance
2026-09-03,2026-09-03T11:50:00-04:00,2026-09-03T11:50:00-04:00,GOOGL,161,buy,342.42999267578125,342.4984786743164,11.026245764160157,0.0,11.026245764160157,55131.22882080078,161,7763.65450269953,97988.99158460871,0.9207701357351352,0.9207701357351352,policy_rebalance
2026-09-03,2026-09-03T11:50:00-04:00,2026-09-03T11:50:00-04:00,SMCI,-48,sell,37.07229995727539,37.06488549728394,0.35589407958984376,0.0,0.35589407958984376,1779.4703979492188,-48,9542.769006569159,97988.63569052912,0.9389334470420729,0.9026135128903372,policy_rebalance
2026-09-03,2026-09-03T11:55:00-04:00,2026-09-03T11:55:00-04:00,NVDA,-51,sell,227.57000732421875,227.5244933227539,2.321214074707031,0.0,2.321214074707031,11606.070373535156,0,21146.518166029608,98026.2383198382,0.8208647153209986,0.7842769596336734,policy_rebalance
2026-09-03,2026-09-03T11:55:00-04:00,2026-09-03T11:55:00-04:00,CRM,-56,sell,264.3900146484375,264.3371366455078,2.9611681640625,0.0,2.9611681640625,14805.8408203125,0,35949.39781817805,98023.27715167415,0.6698453806078286,0.6332565196473431,policy_rebalance
2026-09-03,2026-09-03T11:55:00-04:00,2026-09-03T11:55:00-04:00,SNDK,-3,sell,1538.324951171875,1538.0172861816407,0.922994970703125,0.0,0.922994970703125,4614.974853515625,-3,40563.44967672297,98022.35415670344,0.716932528811333,0.5861816416704683,policy_rebalance
2026-09-03,2026-09-03T11:55:00-04:00,2026-09-03T11:55:00-04:00,GOOGL,26,buy,342.37701416015625,342.44548956298826,1.7803604736328125,0.0,1.7803604736328125,8901.802368164062,187,31659.866948085277,98020.57379622982,0.8077612030548523,0.6770079410685614,policy_rebalance
2026-09-03,2026-09-03T11:55:00-04:00,2026-09-03T11:55:00-04:00,COIN,69,buy,194.27999877929688,194.31885477905274,2.681063983154297,0.0,2.681063983154297,13405.319915771484,69,18251.86596833064,98017.89273224666,0.9445473060969257,0.8137904676425878,policy_rebalance
2026-09-03,2026-09-03T12:00:00-04:00,2026-09-03T12:00:00-04:00,MSFT,-1,sell,514.6849975585938,514.582060559082,0.10293699951171875,0.0,0.10293699951171875,514.6849975585938,16,18766.44802888972,98155.67045625788,0.939376522119197,0.8088093337689257,policy_rebalance
2026-09-03,2026-09-03T12:00:00-04:00,2026-09-03T12:00:00-04:00,GOOGL,-1,sell,342.54998779296875,342.48147779541017,0.06850999755859374,0.0,0.06850999755859374,342.54998779296875,186,19108.92950668513,98155.60194626033,0.9358873108636107,0.8053200313809173,policy_rebalance
2026-09-03,2026-09-03T12:00:00-04:00,2026-09-03T12:00:00-04:00,COIN,-1,sell,195.72999572753906,195.69084972839357,0.039145999145507815,0.0,0.039145999145507815,195.72999572753906,68,19304.620356413525,98155.56280026118,0.9338936046089598,0.8033262730539592,policy_rebalance
2026-09-03,2026-09-03T12:00:00-04:00,2026-09-03T12:00:00-04:00,SNDK,2,buy,1537.10498046875,1537.4124014648437,0.6148419921875,0.0,0.6148419921875,3074.2099609375,-1,16229.795553483837,98154.947958269,0.9025794851695614,0.8346512744280196,policy_rebalance
2026-09-03,2026-09-03T12:00:00-04:00,2026-09-03T12:00:00-04:00,SMCI,48,buy,37.43000030517578,37.43748630523682,0.3593280029296875,0.0,0.3593280029296875,1796.6400146484375,0,14432.79621083247,98154.58863026607,0.8842786016588475,0.8529585176583165,policy_rebalance
2026-09-03,2026-09-03T12:00:00-04:00,2026-09-03T12:00:00-04:00,HOOD,41,buy,123.45999908447266,123.48469108428955,1.0123719924926757,0.0,1.0123719924926757,5061.859962463379,41,9369.923876376599,98153.57625827358,0.9358585376566101,0.9045381306156249,policy_rebalance
2026-09-03,2026-09-03T12:05:00-04:00,2026-09-03T12:05:00-04:00,MSFT,-16,sell,514.1300048828125,514.027178881836,1.645216015625,0.0,1.645216015625,8226.080078125,0,17594.358738485975,97976.44161659876,0.8517766257078666,0.820422558237661,policy_rebalance
2026-09-03,2026-09-03T12:05:00-04:00,2026-09-03T12:05:00-04:00,GOOGL,-1,sell,342.54998779296875,342.48147779541017,0.06850999755859374,0.0,0.06850999755859374,342.54998779296875,185,17936.840216281384,97976.37310660121,0.8482809703603699,0.8169268809658267,policy_rebalance
2026-09-03,2026-09-03T12:05:00-04:00,2026-09-03T12:05:00-04:00,COIN,-1,sell,193.61000061035156,193.57127861022948,0.03872200012207031,0.0,0.03872200012207031,193.61000061035156,67,18130.411494891614,97976.33438460108,0.8463052161673764,0.8149511143811361,policy_rebalance
2026-09-03,2026-09-03T12:05:00-04:00,2026-09-03T12:05:00-04:00,HOOD,-41,sell,122.88500213623047,122.86042513580323,1.0076570175170898,0.0,1.0076570175170898,5038.285087585449,0,23167.688925459544,97975.32672758357,0.7948899010013265,0.7635354767442994,policy_rebalance
2026-09-03,2026-09-03T12:05:00-04:00,2026-09-03T12:05:00-04:00,SNDK,1,buy,1535.97998046875,1536.2871764648437,0.30719599609375,0.0,0.30719599609375,1535.97998046875,0,21631.4017489947,97975.01953158747,0.7792151320569968,0.7792151320569968,policy_rebalance
2026-09-03,2026-09-03T12:05:00-04:00,2026-09-03T12:05:00-04:00,MU,5,buy,941.7799072265625,941.9682632080078,0.9417799072265625,0.0,0.9417799072265625,4708.8995361328125,5,16921.560432954662,97974.07775168025,0.8272853307602126,0.8272853307602126,policy_rebalance
2026-09-03,2026-09-03T12:05:00-04:00,2026-09-03T12:05:00-04:00,TSLA,9,buy,382.875,382.951575,0.689175,0.0,0.689175,3445.875,9,13474.996257954663,97973.38857668024,0.8624626905967607,0.8624626905967607,policy_rebalance
2026-09-03,2026-09-03T12:05:00-04:00,2026-09-03T12:05:00-04:00,MARA,-654,sell,11.539999961853027,11.537691961860657,1.509431995010376,0.0,1.509431995010376,7547.15997505188,-654,21020.646801011535,97971.87914468524,0.9395099195540002,0.785442037199591,policy_rebalance
2026-09-03,2026-09-03T12:10:00-04:00,2026-09-03T12:10:00-04:00,MU,-5,sell,944.135009765625,943.9461827636719,0.944135009765625,0.0,0.944135009765625,4720.675048828125,0,25740.377714829894,97851.78229208515,0.8914695581704263,0.7369452337822984,policy_rebalance
2026-09-03,2026-09-03T12:10:00-04:00,2026-09-03T12:10:00-04:00,TSLA,-1,sell,383.2760009765625,383.1993457763672,0.0766552001953125,0.0,0.0766552001953125,383.2760009765625,8,26123.57706060626,97851.70563688494,0.8875533498355288,0.7330289043959286,policy_rebalance
2026-09-03,2026-09-03T12:10:00-04:00,2026-09-03T12:10:00-04:00,GOOGL,-23,sell,341.8500061035156,341.78163610229495,1.572510028076172,0.0,1.572510028076172,7862.550140380859,162,33984.55469095905,97850.13312685688,0.8072146297681143,0.6526877010284687,policy_rebalance
2026-09-03,2026-09-03T12:10:00-04:00,2026-09-03T12:10:00-04:00,COIN,-67,sell,193.72999572753906,193.69124972839356,2.5959819427490234,0.0,2.5959819427490234,12979.909713745117,0,46961.868422761414,97847.53714491412,0.6745816113210387,0.5200505828449217,policy_rebalance
2026-09-03,2026-09-03T12:10:00-04:00,2026-09-03T12:10:00-04:00,MARA,654,buy,11.5600004196167,11.562312419700623,1.5120480548858644,0.0,1.5120480548858644,7560.240274429321,0,39400.116100277206,97846.02509685923,0.5973253276127013,0.5973253276127013,policy_rebalance
2026-09-03,2026-09-03T12:10:00-04:00,2026-09-03T12:10:00-04:00,NVDA,-123,sell,227.8450927734375,227.7995237548828,5.604989282226563,0.0,5.604989282226563,28024.946411132812,-123,67419.45752212779,97840.42010757701,0.8837948090639721,0.310924284176222,policy_rebalance
2026-09-03,2026-09-03T12:10:00-04:00,2026-09-03T12:10:00-04:00,SNDK,-3,sell,1540.550048828125,1540.2419388183594,0.924330029296875,0.0,0.924330029296875,4621.650146484375,-3,72040.18333858286,97839.49577754771,0.9310402187814955,0.26369016146223123,policy_rebalance
2026-09-03,2026-09-03T12:15:00-04:00,2026-09-03T12:15:00-04:00,TSLA,-1,sell,383.2051086425781,383.1284676208496,0.07664102172851563,0.0,0.07664102172851563,383.2051086425781,7,72423.31180620371,97748.75522661387,0.9270439368671204,0.2590871194389885,policy_rebalance
2026-09-03,2026-09-03T12:15:00-04:00,2026-09-03T12:15:00-04:00,GOOGL,-36,sell,341.2900085449219,341.2217505432129,2.4572880615234376,0.0,2.4572880615234376,12286.440307617188,126,84707.29482575937,97746.29793855234,0.8013699977749107,0.13339638828050415,policy_rebalance
2026-09-03,2026-09-03T12:15:00-04:00,2026-09-03T12:15:00-04:00,NVDA,123,buy,227.87539672851562,227.92097180786132,5.605734759521485,0.0,5.605734759521485,28028.673797607422,0,56673.015293392426,97740.69220379282,0.5146503020362694,0.42016969579847896,policy_rebalance
2026-09-03,2026-09-03T12:15:00-04:00,2026-09-03T12:15:00-04:00,SNDK,3,buy,1539.0999755859375,1539.4077955810546,0.9234599853515625,0.0,0.9234599853515625,4617.2999267578125,0,52054.79190664926,97739.76874380746,0.46741441507710424,0.46741441507710424,policy_rebalance
2026-09-03,2026-09-03T12:15:00-04:00,2026-09-03T12:15:00-04:00,AMD,3,buy,457.8367004394531,457.928267779541,0.27470202026367185,0.0,0.27470202026367185,1373.5101013183594,3,50681.007103310636,97739.4940417872,0.48146849336418035,0.48146849336418035,policy_rebalance
2026-09-03,2026-09-03T12:20:00-04:00,2026-09-03T12:20:00-04:00,AMD,-3,sell,459.67999267578125,459.58805667724613,0.27580799560546876,0.0,0.27580799560546876,1379.0399780273438,0,52059.771273342376,97796.82641860604,0.46767422645692425,0.46767422645692425,policy_rebalance
2026-09-03,2026-09-03T12:20:00-04:00,2026-09-03T12:20:00-04:00,TSLA,-1,sell,382.9049987792969,382.82841777954104,0.07658099975585937,0.0,0.07658099975585937,382.9049987792969,6,52442.59969112192,97796.7498376063,0.46375927852199544,0.46375927852199544,policy_rebalance
2026-09-03,2026-09-03T12:20:00-04:00,2026-09-03T12:20:00-04:00,GOOGL,-1,sell,341.7200012207031,341.651657220459,0.06834400024414063,0.0,0.06834400024414063,341.7200012207031,125,52784.251348342375,97796.68149360604,0.4602654145090454,0.4602654145090454,policy_rebalance
2026-09-03,2026-09-03T12:25:00-04:00,2026-09-03T12:25:00-04:00,TSLA,-1,sell,382.4200134277344,382.3435294250488,0.07648400268554688,0.0,0.07648400268554688,382.4200134277344,5,53166.59487776743,97736.19616560923,0.4560193974842317,0.4560193974842317,policy_rebalance
2026-09-03,2026-09-03T12:25:00-04:00,2026-09-03T12:25:00-04:00,GOOGL,-71,sell,341.260009765625,341.1917577636719,4.845892138671875,0.0,4.845892138671875,24229.460693359375,54,77391.20967898813,97731.35027347055,0.20812298753232114,0.20812298753232114,policy_rebalance
2026-09-03,2026-09-03T12:25:00-04:00,2026-09-03T12:25:00-04:00,MU,14,buy,943.1500244140625,943.3386544189453,2.640820068359375,0.0,2.640820068359375,13204.100341796875,14,64184.4685171229,97728.7094534022,0.3432383495483837,0.3432383495483837,policy_rebalance
2026-09-03,2026-09-03T12:25:00-04:00,2026-09-03T12:25:00-04:00,SMCI,-258,sell,37.285099029541016,37.27764200973511,1.9239111099243165,0.0,1.9239111099243165,9619.555549621582,-258,73802.10015563456,97726.78554229227,0.4416782588968027,0.2448119546130376,policy_rebalance
2026-09-03,2026-09-03T12:25:00-04:00,2026-09-03T12:25:00-04:00,CRM,146,buy,265.9849853515625,266.0381823486328,7.766761572265625,0.0,7.766761572265625,38833.807861328125,146,34960.525532734166,97719.01878072001,0.8391161246842888,0.6422341733579513,policy_rebalance
2026-09-03,2026-09-03T12:30:00-04:00,2026-09-03T12:30:00-04:00,TSLA,-5,sell,382.0199890136719,381.94358501586913,0.3820199890136719,0.0,0.3820199890136719,1910.0999450683594,0,36870.243457813514,97669.22118761088,0.8193221703614394,0.6224988485677572,policy_rebalance
2026-09-03,2026-09-03T12:30:00-04:00,2026-09-03T12:30:00-04:00,GOOGL,-54,sell,341.239990234375,341.17174223632816,3.68539189453125,0.0,3.68539189453125,18426.95947265625,0,55293.51753857524,97665.53579571635,0.6306789627113292,0.43384821382405775,policy_rebalance
2026-09-03,2026-09-03T12:30:00-04:00,2026-09-03T12:30:00-04:00,SMCI,21,buy,37.255001068115234,37.262452068328855,0.15647100448608398,0.0,0.15647100448608398,782.3550224304199,-237,54511.00604514033,97665.37932471186,0.6226694065628928,0.4418594754656563,policy_rebalance
2026-09-03,2026-09-03T12:30:00-04:00,2026-09-03T12:30:00-04:00,AVGO,-53,sell,353.260009765625,353.18935776367186,3.744556103515625,0.0,3.744556103515625,18722.780517578125,-53,73230.04200661494,97661.63476860835,0.814403982606707,0.2501657157376043,policy_rebalance
2026-09-03,2026-09-03T12:30:00-04:00,2026-09-03T12:30:00-04:00,AMZN,-50,sell,258.510009765625,258.4583077636719,2.58510009765625,0.0,2.58510009765625,12925.50048828125,-50,86152.95739479853,97659.04966851069,0.9467788710371912,0.11781900717616954,policy_rebalance
2026-09-03,2026-09-03T12:35:00-04:00,2026-09-03T12:35:00-04:00,MU,-1,sell,943.7449951171875,943.556246118164,0.1887489990234375,0.0,0.1887489990234375,943.7449951171875,13,87096.5136409167,97613.07072786128,0.936792059672335,0.10773718118410636,policy_rebalance
2026-09-03,2026-09-03T12:35:00-04:00,2026-09-03T12:35:00-04:00,CRM,-1,sell,265.1449890136719,265.0919600158691,0.05302899780273437,0.0,0.05302899780273437,265.1449890136719,145,87361.60560093257,97613.01769886348,0.93407628140711,0.10502095252865302,policy_rebalance
2026-09-03,2026-09-03T12:35:00-04:00,2026-09-03T12:35:00-04:00,AVGO,1,buy,352.5799865722656,352.65050256958006,0.07051599731445313,0.0,0.07051599731445313,352.5799865722656,-52,87008.95509836299,97612.94718286616,0.930464935479901,0.10863304910400733,policy_rebalance
2026-09-03,2026-09-03T12:35:00-04:00,2026-09-03T12:35:00-04:00,AMZN,1,buy,258.5400085449219,258.59171654663083,0.051708001708984375,0.0,0.051708001708984375,258.5400085449219,-49,86750.36338181635,97612.89547486445,0.9278168028248359,0.11128173219536576,policy_rebalance
2026-09-03,2026-09-03T12:35:00-04:00,2026-09-03T12:35:00-04:00,SMCI,1,buy,37.339900970458984,37.34736895065308,0.007467980194091797,0.0,0.007467980194091797,37.339900970458984,-236,86713.0160128657,97612.88800688426,0.9274343433687616,0.11166427114880392,policy_rebalance
2026-09-03,2026-09-03T12:35:00-04:00,2026-09-03T12:35:00-04:00,INTC,3,buy,90.2249984741211,90.24304347381592,0.054134999084472654,0.0,0.054134999084472654,270.6749954223633,3,86442.28688244426,97612.83387188517,0.9302078024656977,0.1144372778286719,policy_rebalance
2026-09-03,2026-09-03T12:40:00-04:00,2026-09-03T12:40:00-04:00,INTC,-3,sell,90.55500030517578,90.53688930511476,0.05433300018310547,0.0,0.05433300018310547,271.66500091552734,0,86713.8975503596,97534.26940704905,0.9293077412077979,0.11093917986437941,policy_rebalance
2026-09-03,2026-09-03T12:40:00-04:00,2026-09-03T12:40:00-04:00,SMCI,132,buy,37.349998474121094,37.35746847381592,0.9860399597167969,0.0,0.9860399597167969,4930.199798583984,-104,81782.7117118159,97533.28336708933,0.8787682402923641,0.16148919744650117,policy_rebalance
2026-09-03,2026-09-03T12:40:00-04:00,2026-09-03T12:40:00-04:00,AVGO,-2,sell,354.1099853515625,354.0391633544922,0.141643994140625,0.0,0.141643994140625,708.219970703125,-54,82490.79003852488,97533.14172309519,0.8860308428337408,0.1542281056348704,policy_rebalance
2026-09-03,2026-09-03T12:40:00-04:00,2026-09-03T12:40:00-04:00,SNDK,4,buy,1551.510009765625,1551.820311767578,1.2412080078125,0.0,1.2412080078125,6206.0400390625,4,76283.50879145457,97531.90051508739,0.9496729922726271,0.21786094202425452,policy_rebalance
2026-09-03,2026-09-03T12:45:00-04:00,2026-09-03T12:45:00-04:00,MU,-1,sell,945.2349853515625,945.0459383544923,0.1890469970703125,0.0,0.1890469970703125,945.2349853515625,12,77228.55472980907,97493.64838825633,0.9418479565590208,0.20786065547310373,policy_rebalance
2026-09-03,2026-09-03T12:45:00-04:00,2026-09-03T12:45:00-04:00,CRM,-1,sell,265.5849914550781,265.53187445678714,0.05311699829101563,0.0,0.05311699829101563,265.5849914550781,144,77494.08660426586,97493.59527125805,0.9391243421248624,0.2051366411439359,policy_rebalance
2026-09-03,2026-09-03T12:45:00-04:00,2026-09-03T12:45:00-04:00,AVGO,1,buy,355.9637145996094,356.03490734252927,0.07119274291992188,0.0,0.07119274291992188,355.9637145996094,-53,77138.05169692333,97493.52407851513,0.9354738755002779,0.20878794334276793,policy_rebalance
2026-09-03,2026-09-03T12:45:00-04:00,2026-09-03T12:45:00-04:00,AMZN,23,buy,258.54998779296875,258.60169779052734,1.1893299438476563,0.0,1.1893299438476563,5946.649719238281,-26,71190.2126477412,97492.33474857127,0.8744892129882994,0.2697865649505899,policy_rebalance
2026-09-03,2026-09-03T12:45:00-04:00,2026-09-03T12:45:00-04:00,SMCI,1,buy,37.38999938964844,37.397477389526365,0.007477999877929687,0.0,0.007477999877929687,37.38999938964844,-103,71152.81517035166,97492.32727057139,0.874105762710662,0.2701701029981511,policy_rebalance
2026-09-03,2026-09-03T12:45:00-04:00,2026-09-03T12:45:00-04:00,SNDK,3,buy,1548.0,1548.3096,0.9288,0.0,0.9288,4644.0,7,66507.88637035167,97491.3984705714,0.9217490619380752,0.3178076485339613,policy_rebalance
2026-09-03,2026-09-03T12:50:00-04:00,2026-09-03T12:50:00-04:00,MU,-1,sell,945.8699951171875,945.6808211181641,0.1891739990234375,0.0,0.1891739990234375,945.8699951171875,11,67453.56719146983,97529.45039306895,0.9119117677655998,0.3083774498921661,policy_rebalance
2026-09-03,2026-09-03T12:50:00-04:00,2026-09-03T12:50:00-04:00,SNDK,-7,sell,1551.9000244140625,1551.5896444091798,2.1726600341796876,0.0,2.1726600341796876,10863.300170898438,0,78314.69470233409,97527.27773303477,0.800544782557861,0.1969970194727678,policy_rebalance
2026-09-03,2026-09-03T12:50:00-04:00,2026-09-03T12:50:00-04:00,CRM,-1,sell,265.54998779296875,265.49687779541017,0.05310999755859375,0.0,0.05310999755859375,265.54998779296875,143,78580.1915801295,97527.22462303721,0.797822389176036,0.19427429741943233,policy_rebalance
2026-09-03,2026-09-03T12:50:00-04:00,2026-09-03T12:50:00-04:00,AVGO,1,buy,355.75,355.82115,0.07115,0.0,0.07115,355.75,-52,78224.3704301295,97527.15347303721,0.7941752691456606,0.197922141224436,policy_rebalance
2026-09-03,2026-09-03T12:50:00-04:00,2026-09-03T12:50:00-04:00,AMZN,1,buy,258.56500244140625,258.61671544189454,0.05171300048828125,0.0,0.05171300048828125,258.56500244140625,-25,77965.7537146876,97527.10176003672,0.7915244784568178,0.20057345796534984,policy_rebalance
2026-09-03,2026-09-03T12:50:00-04:00,2026-09-03T12:50:00-04:00,SMCI,1,buy,37.415000915527344,37.42248391571045,0.007483000183105468,0.0,0.007483000183105468,37.415000915527344,-102,77928.33123077189,97527.09427703654,0.7911409021981892,0.20095711034507177,policy_rebalance
2026-09-03,2026-09-03T12:55:00-04:00,2026-09-03T12:55:00-04:00,MU,-11,sell,949.1900024414062,949.000164440918,2.0882180053710937,0.0,2.0882180053710937,10441.090026855469,0,88367.33303962198,97595.02380500284,0.6834908854359001,0.09455083267173543,policy_rebalance
2026-09-03,2026-09-03T12:55:00-04:00,2026-09-03T12:55:00-04:00,CRM,-109,sell,265.5,265.4469,5.7879,0.0,5.7879,28939.5,34,117301.04513962199,97589.23590500285,0.38698744676494695,-0.20198753532415584,policy_rebalance
2026-09-03,2026-09-03T12:55:00-04:00,2026-09-03T12:55:00-04:00,AVGO,18,buy,355.43499755859375,355.50608455810544,1.2795659912109374,0.0,1.2795659912109374,6397.8299560546875,-34,110901.93561757609,97587.95633901164,0.32143289454279544,-0.1364305573969897,policy_rebalance
2026-09-03,2026-09-03T13:00:00-04:00,2026-09-03T13:00:00-04:00,SNDK,3,buy,1561.77001953125,1562.0823735351562,0.93706201171875,0.0,0.93706201171875,4685.31005859375,3,106215.68849697063,97528.95864620159,0.36999789741250044,-0.08906821083039793,policy_rebalance
2026-09-03,2026-09-03T13:00:00-04:00,2026-09-03T13:00:00-04:00,AMZN,-5,sell,258.3800048828125,258.32832888183594,0.2583800048828125,0.0,0.2583800048828125,1291.9000244140625,-30,107507.3301413798,97528.7002661967,0.38324523507768216,-0.1023148042365708,policy_rebalance
2026-09-03,2026-09-03T13:00:00-04:00,2026-09-03T13:00:00-04:00,GOOGL,158,buy,341.75,341.81835,10.7993,0.0,10.7993,53996.5,158,53500.030841379805,97517.9009661967,0.9369962720179233,0.4513824609501707,policy_rebalance
2026-09-03,2026-09-03T13:05:00-04:00,2026-09-03T13:05:00-04:00,SNDK,-3,sell,1570.5799560546875,1570.2658400634766,0.9423479736328125,0.0,0.9423479736328125,4711.7398681640625,0,58210.82836157024,97509.07293707073,0.8893529182150782,0.40302141525704316,policy_rebalance
2026-09-03,2026-09-03T13:05:00-04:00,2026-09-03T13:05:00-04:00,CRM,-1,sell,264.7051086425781,264.65216762084964,0.05294102172851563,0.0,0.05294102172851563,264.7051086425781,33,58475.48052919109,97509.019996049,0.8866387280263025,0.4003069610220626,policy_rebalance
2026-09-03,2026-09-03T13:05:00-04:00,2026-09-03T13:05:00-04:00,AVGO,1,buy,356.97100830078125,357.0424025024414,0.07139420166015625,0.0,0.07139420166015625,356.97100830078125,-33,58118.43812668865,97508.94860184734,0.8829784720953933,0.4039681592301819,policy_rebalance
2026-09-03,2026-09-03T13:05:00-04:00,2026-09-03T13:05:00-04:00,AMZN,1,buy,258.465087890625,258.51678090820315,0.051693017578125,0.0,0.051693017578125,258.465087890625,-29,57859.92134578044,97508.89690882976,0.8803282580917361,0.4066190554911197,policy_rebalance
2026-09-03,2026-09-03T13:05:00-04:00,2026-09-03T13:05:00-04:00,SMCI,1,buy,37.45000076293945,37.45749076309204,0.00749000015258789,0.0,0.00749000015258789,37.45000076293945,-101,57822.463855017355,97508.88941882961,0.8799442581577063,0.40700315428009115,policy_rebalance
2026-09-03,2026-09-03T13:05:00-04:00,2026-09-03T13:05:00-04:00,GOOGL,14,buy,341.8299865722656,341.8983525695801,0.9571239624023438,0.0,0.9571239624023438,4785.619812011719,172,53035.88691904323,97507.9322948672,0.9290321827510857,0.45608643655101866,policy_rebalance
2026-09-03,2026-09-03T13:10:00-04:00,2026-09-03T13:10:00-04:00,GOOGL,-1,sell,341.8800048828125,341.81162888183593,0.0683760009765625,0.0,0.0683760009765625,341.8800048828125,171,53377.698547925065,97559.54022654446,0.9246525765038128,0.452870540144245,policy_rebalance
2026-09-03,2026-09-03T13:10:00-04:00,2026-09-03T13:10:00-04:00,AVGO,1,buy,355.8949890136719,355.9661680114746,0.07117899780273437,0.0,0.07117899780273437,355.8949890136719,-32,53021.73237991359,97559.46904754665,0.9210052711561737,0.4565188505272319,policy_rebalance
2026-09-03,2026-09-03T13:10:00-04:00,2026-09-03T13:10:00-04:00,AMZN,1,buy,258.239990234375,258.29163823242186,0.051647998046875,0.0,0.051647998046875,258.239990234375,-28,52763.440741681174,97559.4173995486,0.9183587565598583,0.45916609438541706,policy_rebalance
2026-09-03,2026-09-03T13:10:00-04:00,2026-09-03T13:10:00-04:00,SMCI,19,buy,37.42499923706055,37.43248423690796,0.14221499710083008,0.0,0.14221499710083008,711.0749855041504,-82,52052.22354117992,97559.2751845515,0.9110714496403332,0.4664554093630415,policy_rebalance
2026-09-03,2026-09-03T13:10:00-04:00,2026-09-03T13:10:00-04:00,CRM,10,buy,264.6600036621094,264.7129356628418,0.5293200073242188,0.0,0.5293200073242188,2646.6000366210938,43,49405.094184551504,97558.74586454418,0.938204663187818,0.4935862105776944,policy_rebalance
2026-09-03,2026-09-03T13:15:00-04:00,2026-09-03T13:15:00-04:00,GOOGL,-1,sell,342.04998779296875,341.98157779541015,0.06840999755859375,0.0,0.06840999755859375,342.04998779296875,170,49747.07576234692,97624.83101899974,0.9342611932419956,0.4904259987639299,policy_rebalance
2026-09-03,2026-09-03T13:15:00-04:00,2026-09-03T13:15:00-04:00,CRM,-43,sell,264.9750061035156,264.9220111022949,2.2787850524902344,0.0,2.2787850524902344,11393.925262451172,0,61138.7222397456,97622.55223394727,0.8175689328848902,0.37372337804455363,policy_rebalance
2026-09-03,2026-09-03T13:15:00-04:00,2026-09-03T13:15:00-04:00,AVGO,1,buy,354.6099853515625,354.6809073486328,0.0709219970703125,0.0,0.0709219970703125,354.6099853515625,-31,60784.04133239697,97622.48131195019,0.8139370645184517,0.3773561118758794,policy_rebalance
2026-09-03,2026-09-03T13:15:00-04:00,2026-09-03T13:15:00-04:00,AMZN,1,buy,258.3599853515625,258.4116573486328,0.0516719970703125,0.0,0.0516719970703125,258.3599853515625,-27,60525.62967504834,97622.42963995313,0.8112909725439877,0.3800028344072527,policy_rebalance
2026-09-03,2026-09-03T13:15:00-04:00,2026-09-03T13:15:00-04:00,SMCI,-139,sell,37.5984001159668,37.5908804359436,1.045235523223877,0.0,1.045235523223877,5226.177616119385,-221,65750.7620556445,97621.3844044299,0.8648348311785756,0.32647173099646354,policy_rebalance
2026-09-03,2026-09-03T13:20:00-04:00,2026-09-03T13:20:00-04:00,AVGO,31,buy,355.2300109863281,355.3010569885254,2.2024260681152343,0.0,2.2024260681152343,11012.130340576172,0,54736.42928900022,97592.08104910154,0.7528822561713351,0.43913042225771715,policy_rebalance
2026-09-03,2026-09-03T13:20:00-04:00,2026-09-03T13:20:00-04:00,NFLX,85,buy,82.17500305175781,82.19143805236816,1.396975051879883,0.0,1.396975051879883,6984.875259399414,85,47750.15705454892,97590.68407404966,0.8244662099412209,0.5107098847845235,policy_rebalance
2026-09-03,2026-09-03T13:20:00-04:00,2026-09-03T13:20:00-04:00,INTC,-30,sell,91.07990264892578,91.06168666839599,0.5464794158935546,0.0,0.5464794158935546,2732.3970794677734,-30,50482.007654600806,97590.13759463376,0.8524695277009745,0.48271404366401177,policy_rebalance
2026-09-03,2026-09-03T13:25:00-04:00,2026-09-03T13:25:00-04:00,NFLX,-1,sell,82.32499694824219,82.30853194885255,0.016464999389648436,0.0,0.016464999389648436,82.32499694824219,84,50564.31618654966,97593.10722506285,0.8520746108847649,0.48188639931361604,policy_rebalance
2026-09-03,2026-09-03T13:25:00-04:00,2026-09-03T13:25:00-04:00,SMCI,221,buy,37.775001525878906,37.78255652618408,1.6696550674438477,0.0,1.6696550674438477,8348.275337219238,0,42214.371194262974,97591.4375699954,0.7665460760628373,0.5674377563709356,policy_rebalance
2026-09-03,2026-09-03T13:25:00-04:00,2026-09-03T13:25:00-04:00,INTC,30,buy,91.20500183105469,91.22324283142089,0.5472300109863282,0.0,0.5472300109863282,2736.1500549316406,0,39477.67390932035,97590.89033998441,0.7385134331759515,0.595477879423078,policy_rebalance
2026-09-03,2026-09-03T13:25:00-04:00,2026-09-03T13:25:00-04:00,AMD,7,buy,457.7099914550781,457.80153345336913,0.6407939880371094,0.0,0.6407939880371094,3203.969940185547,7,36273.063175146766,97590.24954599637,0.7713491231148658,0.6283126301664954,policy_rebalance
2026-09-03,2026-09-03T13:25:00-04:00,2026-09-03T13:25:00-04:00,MARA,-1488,sell,11.51200008392334,11.509697683906555,3.425971224975586,0.0,3.425971224975586,17129.85612487793,-1488,53399.49332879972,97586.8235747714,0.9469107216707522,0.45280016940109924,policy_rebalance
2026-09-03,2026-09-03T13:35:00-04:00,2026-09-03T13:35:00-04:00,NFLX,-36,sell,83.08000183105469,83.06338583068847,0.5981760131835937,0.0,0.5981760131835937,2990.8800659179688,48,56389.775218704504,97735.9055440219,0.9155135934592825,0.42303931288276025,policy_rebalance
2026-09-03,2026-09-03T13:35:00-04:00,2026-09-03T13:35:00-04:00,AMZN,27,buy,258.3900146484375,258.4416926513672,1.3953060791015626,0.0,1.3953060791015626,6976.5303955078125,0,49411.84951711759,97734.51023794278,0.8441441973591381,0.49442781882448344,policy_rebalance
2026-09-03,2026-09-03T13:35:00-04:00,2026-09-03T13:35:00-04:00,MARA,919,buy,11.484999656677246,11.487296656608581,2.1109429368972776,0.0,2.1109429368972776,10554.71468448639,-569,38855.023889694305,97732.39929500589,0.7361663638015974,0.6024345644844944,policy_rebalance
2026-09-03,2026-09-03T13:40:00-04:00,2026-09-03T13:40:00-04:00,AMD,-1,sell,457.6400146484375,457.5484866455078,0.0915280029296875,0.0,0.0915280029296875,457.6400146484375,6,39312.57237633981,97788.20298680582,0.7319067711553704,0.5979824643914962,policy_rebalance
2026-09-03,2026-09-03T13:40:00-04:00,2026-09-03T13:40:00-04:00,GOOGL,-170,sell,342.8699951171875,342.80142111816406,11.657579833984375,0.0,11.657579833984375,58287.899169921875,0,97588.8139664277,97776.54540697183,0.13586027896512212,0.0019200048412708849,policy_rebalance
2026-09-03,2026-09-03T13:40:00-04:00,2026-09-03T13:40:00-04:00,NFLX,-48,sell,83.125,83.108375,0.798,0.0,0.798,3990.0,0,101578.0159664277,97775.74740697183,0.09505372223392917,-0.03888764504790432,policy_rebalance
2026-09-03,2026-09-03T13:40:00-04:00,2026-09-03T13:40:00-04:00,SOXX,1,buy,500.8999938964844,501.0001738952637,0.10017999877929687,0.0,0.10017999877929687,500.8999938964844,1,101077.01579253243,97775.64722697304,0.10017677209945927,-0.033764732417426016,policy_rebalance
2026-09-03,2026-09-03T13:40:00-04:00,2026-09-03T13:40:00-04:00,MSFT,11,buy,509.8699951171875,509.9719691162109,1.1217139892578125,0.0,1.1217139892578125,5608.5699462890625,11,95467.32413225411,97774.52551298379,0.1575402037965114,0.023597162641544035,policy_rebalance
2026-09-03,2026-09-03T13:40:00-04:00,2026-09-03T13:40:00-04:00,HOOD,349,buy,124.26499938964844,124.28985238952636,8.67369695739746,0.0,8.67369695739746,43368.484786987305,349,52090.16564830941,97765.85181602639,0.601149607666751,0.4671946832076753,policy_rebalance
2026-09-03,2026-09-03T13:45:00-04:00,2026-09-03T13:45:00-04:00,MSFT,-1,sell,510.239990234375,510.1379422363281,0.102047998046875,0.0,0.102047998046875,510.239990234375,10,52600.303590545744,97784.0274589158,0.5960870683462195,0.46207673218771955,policy_rebalance
2026-09-03,2026-09-03T13:45:00-04:00,2026-09-03T13:45:00-04:00,AMD,-1,sell,458.0,457.90840000000003,0.0916,0.0,0.0916,458.0,5,53058.211990545744,97783.9358589158,0.5914038308143895,0.45739336912047635,policy_rebalance
2026-09-03,2026-09-03T13:45:00-04:00,2026-09-03T13:45:00-04:00,HOOD,-96,sell,124.30999755859375,124.28513555908204,2.386751953125,0.0,2.386751953125,11933.759765625,253,64989.58500421762,97781.54910696267,0.4693731579486529,0.33535942519047346,policy_rebalance
2026-09-03,2026-09-03T13:45:00-04:00,2026-09-03T13:45:00-04:00,MARA,569,buy,11.515000343322754,11.517303343391418,1.3104070390701295,0.0,1.3104070390701295,6552.035195350647,0,58436.2394018279,97780.2386999236,0.4023716839026948,0.4023716839026948,policy_rebalance
2026-09-03,2026-09-03T13:45:00-04:00,2026-09-03T13:45:00-04:00,SOXX,39,buy,501.1700134277344,501.2702474304199,3.909126104736328,0.0,3.909126104736328,19545.63052368164,40,38886.699752041524,97776.32957381886,0.6022892256076869,0.6022892256076869,policy_rebalance
2026-09-03,2026-09-03T13:45:00-04:00,2026-09-03T13:45:00-04:00,SNDK,-12,sell,1554.1600341796875,1553.8492021728516,3.72998408203125,0.0,3.72998408203125,18649.92041015625,-12,57532.89017811575,97772.59958973684,0.7930601268381627,0.4115642785450193,policy_rebalance
2026-09-03,2026-09-03T13:50:00-04:00,2026-09-03T13:50:00-04:00,SOXX,-1,sell,501.30999755859375,501.20973555908205,0.10026199951171876,0.0,0.10026199951171876,501.30999755859375,39,58034.09991367483,97753.10099704885,0.7891878507204906,0.40631960191803157,policy_rebalance
2026-09-03,2026-09-03T13:50:00-04:00,2026-09-03T13:50:00-04:00,MSFT,-1,sell,510.4700012207031,510.367907220459,0.10209400024414063,0.0,0.10209400024414063,510.4700012207031,9,58544.46782089529,97752.9989030486,0.7839666356620935,0.4010979869890266,policy_rebalance
2026-09-03,2026-09-03T13:50:00-04:00,2026-09-03T13:50:00-04:00,AMD,-1,sell,457.875,457.783425,0.091575,0.0,0.091575,457.875,4,59002.25124589529,97752.9073280486,0.7792833661740668,0.39641435882935067,policy_rebalance
2026-09-03,2026-09-03T13:50:00-04:00,2026-09-03T13:50:00-04:00,HOOD,-253,sell,124.45500183105469,124.43011083068848,6.297423092651367,0.0,6.297423092651367,31487.115463256836,0,90483.06928605947,97746.60990495596,0.4572035721351458,0.07430989807175101,policy_rebalance
2026-09-03,2026-09-03T13:55:00-04:00,2026-09-03T13:55:00-04:00,SOXX,-1,sell,501.5199890136719,501.41968501586916,0.10030399780273437,0.0,0.10030399780273437,501.5199890136719,38,90984.48897107533,97752.82698377065,0.45224616316950583,0.06923930715394064,policy_rebalance
2026-09-03,2026-09-03T13:55:00-04:00,2026-09-03T13:55:00-04:00,SNDK,12,buy,1560.0001220703125,1560.3121220947264,3.74400029296875,0.0,3.74400029296875,18720.00146484375,0,72260.74350593862,97749.08298347768,0.2607527221697548,0.2607527221697548,policy_rebalance
2026-09-03,2026-09-03T13:55:00-04:00,2026-09-03T13:55:00-04:00,MSFT,55,buy,511.17999267578125,511.2822286743164,5.622979919433594,0.0,5.622979919433594,28114.89959716797,64,44140.22092885122,97743.46000355826,0.5484074236041537,0.5484074236041537,policy_rebalance
2026-09-03,2026-09-03T13:55:00-04:00,2026-09-03T13:55:00-04:00,AMD,31,buy,457.489990234375,457.58148823242186,2.836437939453125,0.0,2.836437939453125,14182.189697265625,35,29955.194793646137,97740.6235656188,0.6935235964242081,0.6935235964242081,policy_rebalance
2026-09-03,2026-09-03T13:55:00-04:00,2026-09-03T13:55:00-04:00,META,-1,sell,615.0800170898438,614.9570010864257,0.12301600341796876,0.0,0.12301600341796876,615.0800170898438,-1,30570.151794732563,97740.50054961538,0.6998174595426877,0.6872314790406211,policy_rebalance
2026-09-03,2026-09-03T14:00:00-04:00,2026-09-03T14:00:00-04:00,SOXX,-1,sell,501.19000244140625,501.089764440918,0.10023800048828126,0.0,0.10023800048828126,501.19000244140625,37,31071.241559173483,97725.92097201527,0.6946431274177369,0.6820573165222867,policy_rebalance
2026-09-03,2026-09-03T14:00:00-04:00,2026-09-03T14:00:00-04:00,MSFT,-1,sell,510.9949951171875,510.8927961181641,0.1021989990234375,0.0,0.1021989990234375,510.9949951171875,63,31582.134355291648,97725.81877301626,0.6894149900667305,0.676829166009382,policy_rebalance
2026-09-03,2026-09-03T14:00:00-04:00,2026-09-03T14:00:00-04:00,AMD,-35,sell,457.7699890136719,457.6784350158691,3.204389923095703,0.0,3.204389923095703,16021.949615478516,0,47600.87958084707,97722.61438309317,0.5254842503688467,0.5128980136139049,policy_rebalance
2026-09-03,2026-09-03T14:00:00-04:00,2026-09-03T14:00:00-04:00,META,1,buy,614.97998046875,615.1029764648438,0.12299599609375,0.0,0.12299599609375,614.97998046875,0,46985.77660438223,97722.49138709708,0.5191917854584491,0.5191917854584491,policy_rebalance
2026-09-03,2026-09-03T14:00:00-04:00,2026-09-03T14:00:00-04:00,SNDK,-1,sell,1564.9000244140625,1564.5870444091797,0.3129800048828125,0.0,0.3129800048828125,1564.9000244140625,-1,48550.363648791405,97722.17840709219,0.5352072135482923,0.5031796830547541,policy_rebalance
2026-09-03,2026-09-03T14:05:00-04:00,2026-09-03T14:05:00-04:00,SOXX,-37,sell,502.17999267578125,502.0795566772461,3.716131945800781,0.0,3.716131945800781,18580.659729003906,0,67127.30724584952,97983.70830786123,0.3467992963130415,0.3149135871145235,policy_rebalance
2026-09-03,2026-09-03T14:05:00-04:00,2026-09-03T14:05:00-04:00,MSFT,-1,sell,514.5800170898438,514.4771010864258,0.10291600341796875,0.0,0.10291600341796875,514.5800170898438,62,67641.78434693594,97983.60539185781,0.3415479655028054,0.3096622228134831,policy_rebalance
2026-09-03,2026-09-03T14:05:00-04:00,2026-09-03T14:05:00-04:00,SNDK,1,buy,1562.1400146484375,1562.4524426513672,0.3124280029296875,0.0,0.3124280029296875,1562.1400146484375,0,66079.33190428457,97983.29296385488,0.32560613237747976,0.32560613237747976,policy_rebalance
2026-09-03,2026-09-03T14:05:00-04:00,2026-09-03T14:05:00-04:00,SNDK,7,buy,1562.1400146484375,1562.4524426513672,2.1869960205078125,0.0,2.1869960205078125,10934.980102539062,7,55142.164805725,97981.10596783437,0.4372163463451077,0.4372163463451077,policy_rebalance
2026-09-03,2026-09-03T14:05:00-04:00,2026-09-03T14:05:00-04:00,INTC,-326,sell,91.88500213623047,91.86662513580322,5.990902139282227,0.0,5.990902139282227,29954.510696411133,-326,85090.68459999685,97975.11506569509,0.7429789881819525,0.13150717360279562,policy_rebalance
2026-09-03,2026-09-03T14:10:00-04:00,2026-09-03T14:10:00-04:00,SNDK,-7,sell,1562.4100341796875,1562.0975521728517,2.1873740478515624,0.0,2.1873740478515624,10936.870239257812,0,96025.36746520681,98080.69806213064,0.629508869971178,0.020955505390284325,policy_rebalance
2026-09-03,2026-09-03T14:10:00-04:00,2026-09-03T14:10:00-04:00,INTC,326,buy,91.54499816894531,91.5633071685791,5.968733880615234,0.0,5.968733880615234,29843.669403076172,0,66175.72932825003,98074.72932825003,0.32525198099946856,0.32525198099946856,policy_rebalance
2026-09-03,2026-09-03T14:10:00-04:00,2026-09-03T14:10:00-04:00,AVGO,71,buy,354.6099853515625,354.6809073486328,5.035461791992187,0.0,5.035461791992187,25177.308959960938,71,40993.3849064971,98069.69386645804,0.58199742152435,0.58199742152435,policy_rebalance
2026-09-03,2026-09-03T14:15:00-04:00,2026-09-03T14:15:00-04:00,AVGO,-71,sell,355.55999755859375,355.48888555908206,5.048951965332031,0.0,5.048951965332031,25244.759826660156,0,66233.09578119192,98137.36714349661,0.32509809760490327,0.32509809760490327,policy_rebalance
2026-09-03,2026-09-03T14:20:00-04:00,2026-09-03T14:20:00-04:00,MSFT,-62,sell,514.6400146484375,514.5370866455078,6.381536181640625,0.0,6.381536181640625,31907.680908203125,0,98134.39515321341,98134.39515321341,0.0,0.0,policy_rebalance
2026-09-03,2026-09-03T14:20:00-04:00,2026-09-03T14:20:00-04:00,AMD,90,buy,456.9818115234375,457.0732078857422,8.225672607421876,0.0,8.225672607421876,41128.363037109375,90,56997.806443496615,98126.16948060598,0.4191375578482979,0.4191375578482979,policy_rebalance
2026-09-03,2026-09-03T14:20:00-04:00,2026-09-03T14:20:00-04:00,INTC,-563,sell,91.88999938964844,91.87162138977051,10.346813931274413,0.0,10.346813931274413,51734.06965637207,-563,108721.5292859374,98115.8226666747,0.9464572600992155,-0.10809374401612137,policy_rebalance
2026-09-03,2026-09-03T14:30:00-04:00,2026-09-03T14:30:00-04:00,AMD,-28,sell,457.2099914550781,457.1185494567871,2.5603759521484375,0.0,2.5603759521484375,12801.879760742188,62,121520.84867072744,97995.86193824453,0.8185960517747717,-0.2400610216307704,policy_rebalance
2026-09-03,2026-09-03T14:30:00-04:00,2026-09-03T14:30:00-04:00,INTC,563,buy,92.13500213623047,92.1534291366577,10.374401240539552,0.0,10.374401240539552,51872.006202697754,0,69638.46806678915,97985.487537004,0.28929814182441715,0.28929814182441715,policy_rebalance
2026-09-03,2026-09-03T14:30:00-04:00,2026-09-03T14:30:00-04:00,AMZN,-249,sell,259.4599914550781,259.4080994567871,12.92110757446289,0.0,12.92110757446289,64605.53787231445,-249,134231.08483152915,97972.56642942954,0.9487610739429164,-0.3700884821488975,policy_rebalance
2026-09-03,2026-09-03T14:35:00-04:00,2026-09-03T14:35:00-04:00,AMZN,203,buy,259.2799987792969,259.3318547790527,10.526767950439453,0.0,10.526767950439453,52633.839752197266,-46,81586.71831138144,98043.43193442831,0.41114914803983943,0.1678512603888975,policy_rebalance
2026-09-03,2026-09-03T14:35:00-04:00,2026-09-03T14:35:00-04:00,SNDK,-13,sell,1564.280029296875,1563.9671732910156,4.067128076171875,0.0,4.067128076171875,20335.640380859375,-13,101918.29156416464,98039.36480635214,0.618589420804491,-0.03956499275035264,policy_rebalance
2026-09-03,2026-09-03T14:40:00-04:00,2026-09-03T14:40:00-04:00,AMD,-1,sell,457.4599914550781,457.3684994567871,0.09149199829101562,0.0,0.09149199829101562,457.4599914550781,61,102375.66006362143,98042.20483290854,0.6134457531910259,-0.044199895729582134,policy_rebalance
2026-09-03,2026-09-03T14:40:00-04:00,2026-09-03T14:40:00-04:00,SNDK,1,buy,1563.9549560546875,1564.2677470458984,0.3127909912109375,0.0,0.3127909912109375,1563.9549560546875,-12,100811.39231657553,98041.89204191732,0.59749580523326,-0.028248131660638668,policy_rebalance
2026-09-03,2026-09-03T14:40:00-04:00,2026-09-03T14:40:00-04:00,AMZN,1,buy,258.8500061035156,258.9017761047363,0.051770001220703125,0.0,0.051770001220703125,258.8500061035156,-45,100552.49054047078,98041.8402719161,0.5948559213527951,-0.02560794719470253,policy_rebalance
2026-09-03,2026-09-03T14:45:00-04:00,2026-09-03T14:45:00-04:00,SNDK,5,buy,1563.885009765625,1564.197786767578,1.563885009765625,0.0,1.563885009765625,7819.425048828125,-7,92731.5016066329,97988.1517225997,0.5146815114518314,0.05364577271391087,policy_rebalance
2026-09-03,2026-09-03T14:50:00-04:00,2026-09-03T14:50:00-04:00,AMD,-61,sell,457.6700134277344,457.57847942504884,5.583574163818359,0.0,5.583574163818359,27917.870819091797,0,120643.78885156088,98000.56451684408,0.23105197859166351,-0.23105197859166351,policy_rebalance
2026-09-03,2026-09-03T14:50:00-04:00,2026-09-03T14:50:00-04:00,SNDK,5,buy,1571.2249755859375,1571.5392205810547,1.5712249755859375,0.0,1.5712249755859375,7856.1248779296875,-2,112786.0927486556,97998.9932918685,0.1508903199928491,-0.1508903199928491,policy_rebalance
2026-09-03,2026-09-03T14:50:00-04:00,2026-09-03T14:50:00-04:00,AMZN,20,buy,258.7699890136719,258.8217430114746,1.0350799560546875,0.0,1.0350799560546875,5175.3997802734375,-25,107609.65788842611,97997.95821191244,0.09808061159528621,-0.09808061159528621,policy_rebalance
2026-09-03,2026-09-03T14:50:00-04:00,2026-09-03T14:50:00-04:00,AMD,-12,sell,457.6700134277344,457.57847942504884,1.0984080322265626,0.0,1.0984080322265626,5492.0401611328125,-12,113100.5996415267,97996.85980388022,0.15412473285239336,-0.15412473285239336,policy_rebalance
2026-09-03,2026-09-03T14:50:00-04:00,2026-09-03T14:50:00-04:00,GOOGL,43,buy,342.7749938964844,342.84354889526367,2.947864947509766,0.0,2.947864947509766,14739.324737548828,43,98358.32703903037,97993.91193893271,0.30453998605334526,-0.0037187524498945444,policy_rebalance
2026-09-03,2026-09-03T14:55:00-04:00,2026-09-03T14:55:00-04:00,GOOGL,-1,sell,342.6000061035156,342.53148610229493,0.06852000122070312,0.0,0.06852000122070312,342.6000061035156,42,98700.85852513266,97985.80844578696,0.30099716540440635,-0.007297486143019599,policy_rebalance
2026-09-03,2026-09-03T14:55:00-04:00,2026-09-03T14:55:00-04:00,AMD,12,buy,457.32000732421875,457.4114713256836,1.097568017578125,0.0,1.097568017578125,5487.840087890625,0,93211.92086922446,97984.71087776938,0.24499343100676277,0.04870953810843733,policy_rebalance
2026-09-03,2026-09-03T14:55:00-04:00,2026-09-03T14:55:00-04:00,SNDK,2,buy,1574.8299560546875,1575.1449220458985,0.629931982421875,0.0,0.629931982421875,3149.659912109375,0,90061.63102513266,97984.08094578696,0.21285039764347316,0.08085445966511298,policy_rebalance
2026-09-03,2026-09-03T14:55:00-04:00,2026-09-03T14:55:00-04:00,AMZN,1,buy,258.6700134277344,258.7217474304199,0.05173400268554688,0.0,0.05173400268554688,258.6700134277344,-24,89802.90927770225,97984.02921178428,0.21021058987168187,0.08349442250837864,policy_rebalance
2026-09-03,2026-09-03T14:55:00-04:00,2026-09-03T14:55:00-04:00,SNDK,7,buy,1574.8299560546875,1575.1449220458985,2.2047619384765627,0.0,2.2047619384765627,11023.809692382812,7,78776.89482338095,97981.8244498458,0.3227240403875319,0.19600502168945955,policy_rebalance
2026-09-03,2026-09-03T14:55:00-04:00,2026-09-03T14:55:00-04:00,INTC,-266,sell,92.20999908447266,92.19155708465577,4.905571951293945,0.0,4.905571951293945,24527.859756469727,-266,103299.84900789938,97976.9188778945,0.5730834432285268,-0.05432840908825354,policy_rebalance
2026-09-03,2026-09-03T15:00:00-04:00,2026-09-03T15:00:00-04:00,INTC,130,buy,92.08940124511719,92.1078191253662,2.394324432373047,0.0,2.394324432373047,11971.622161865234,-136,91325.83252160177,97930.3289815627,0.45019938571324286,0.06744076660055295,policy_rebalance
2026-09-03,2026-09-03T15:00:00-04:00,2026-09-03T15:00:00-04:00,TSLA,32,buy,380.9501953125,381.0263853515625,2.43808125,0.0,2.43808125,12190.40625,32,79132.98819035177,97927.8909003127,0.5746940905475542,0.19192594200863078,policy_rebalance
2026-09-03,2026-09-03T15:05:00-04:00,2026-09-03T15:05:00-04:00,SNDK,-5,sell,1558.02001953125,1557.7084155273437,1.55802001953125,0.0,1.55802001953125,7790.10009765625,2,86921.53026798849,97944.35393742209,0.4937687667520164,0.11254169562929803,policy_rebalance
2026-09-03,2026-09-03T15:05:00-04:00,2026-09-03T15:05:00-04:00,TSLA,-1,sell,380.8599853515625,380.78381335449217,0.0761719970703125,0.0,0.0761719970703125,380.8599853515625,31,87302.31408134298,97944.27776542501,0.4898806133786201,0.10865324577275831,policy_rebalance
2026-09-03,2026-09-03T15:05:00-04:00,2026-09-03T15:05:00-04:00,GOOGL,-1,sell,342.590087890625,342.5215698730469,0.068518017578125,0.0,0.068518017578125,342.590087890625,41,87644.83565121602,97944.20924740743,0.48638314757768797,0.10515551327976064,policy_rebalance
2026-09-03,2026-09-03T15:05:00-04:00,2026-09-03T15:05:00-04:00,AMZN,1,buy,258.7449951171875,258.79674411621096,0.0517489990234375,0.0,0.0517489990234375,258.7449951171875,-23,87386.0389070998,97944.1574984084,0.48374164417529913,0.10779732922282949,policy_rebalance
2026-09-03,2026-09-03T15:05:00-04:00,2026-09-03T15:05:00-04:00,INTC,136,buy,91.61499786376953,91.63332086334228,2.4919279418945313,0.0,2.4919279418945313,12459.639709472656,0,74923.90726968525,97941.6655704665,0.35653904671498376,0.23501497719804007,policy_rebalance
2026-09-03,2026-09-03T15:05:00-04:00,2026-09-03T15:05:00-04:00,SMCI,-651,sell,38.11000061035156,38.10237861022949,4.961922079467773,0.0,4.961922079467773,24809.610397338867,-651,99728.55574494465,97936.70364838703,0.6098800168724533,-0.018296022122520437,policy_rebalance
2026-09-03,2026-09-03T15:10:00-04:00,2026-09-03T15:10:00-04:00,SNDK,-2,sell,1553.68994140625,1553.3792034179687,0.6214759765625,0.0,0.6214759765625,3107.3798828125,0,102835.31415178059,98025.53853227376,0.5769057274296794,-0.04906655644562742,policy_rebalance
2026-09-03,2026-09-03T15:10:00-04:00,2026-09-03T15:10:00-04:00,TSLA,-1,sell,380.739990234375,380.66384223632815,0.076147998046875,0.0,0.076147998046875,380.739990234375,30,103215.97799401692,98025.46238427571,0.5730220828055329,-0.052950687336658996,policy_rebalance
2026-09-03,2026-09-03T15:10:00-04:00,2026-09-03T15:10:00-04:00,GOOGL,-1,sell,343.1199951171875,343.05137111816407,0.0686239990234375,0.0,0.0686239990234375,343.1199951171875,40,103559.0293651351,98025.3937602767,0.5695221665196636,-0.056451041843208795,policy_rebalance
2026-09-03,2026-09-03T15:10:00-04:00,2026-09-03T15:10:00-04:00,AMZN,1,buy,258.79998779296875,258.8517477905273,0.05175999755859375,0.0,0.05175999755859375,258.79998779296875,-22,103300.17761734457,98025.34200027914,0.5668823337575776,-0.05381093816587153,policy_rebalance
2026-09-03,2026-09-03T15:10:00-04:00,2026-09-03T15:10:00-04:00,SMCI,1,buy,37.98500061035156,37.99259761047363,0.007597000122070313,0.0,0.007597000122070313,37.98500061035156,-650,103262.1850197341,98025.33440327902,0.566494875818909,-0.053423440463977664,policy_rebalance
2026-09-03,2026-09-03T15:10:00-04:00,2026-09-03T15:10:00-04:00,AMD,4,buy,456.2349853515625,456.3262323486328,0.36498798828125,0.0,0.36498798828125,1824.93994140625,4,101436.88009033956,98024.96941529073,0.5851140778050782,-0.03480654669315929,policy_rebalance
2026-09-03,2026-09-03T15:15:00-04:00,2026-09-03T15:15:00-04:00,AMD,-4,sell,456.7950134277344,456.70365442504885,0.3654360107421875,0.0,0.3654360107421875,1827.1800537109375,0,103263.69470803975,98059.77348153829,0.5662640173830689,-0.053068868525187926,policy_rebalance
2026-09-03,2026-09-03T15:15:00-04:00,2026-09-03T15:15:00-04:00,UBER,20,buy,75.79000091552734,75.80515891571045,0.3031600036621094,0.0,0.3031600036621094,1515.8000183105469,20,101747.59152972554,98059.47032153462,0.5817237346540401,-0.03761106597963112,policy_rebalance
2026-09-03,2026-09-03T15:20:00-04:00,2026-09-03T15:20:00-04:00,GOOGL,-40,sell,343.25,343.18135,2.746,0.0,2.746,13730.0,0,115474.84552972554,98019.18532006978,0.44237319927410607,-0.17808411845758987,policy_rebalance
2026-09-03,2026-09-03T15:25:00-04:00,2026-09-03T15:25:00-04:00,TSLA,-1,sell,380.49200439453125,380.41590599365236,0.07609840087890625,0.0,0.07609840087890625,380.49200439453125,29,115855.26143571919,98068.66985246724,0.4372724540906186,-0.18136874508453907,policy_rebalance
2026-09-03,2026-09-03T15:25:00-04:00,2026-09-03T15:25:00-04:00,UBER,-1,sell,75.69000244140625,75.67486444091797,0.01513800048828125,0.0,0.01513800048828125,75.69000244140625,19,115930.93630016012,98068.65471446676,0.4365007153201507,-0.18214057934923805,policy_rebalance
2026-09-03,2026-09-03T15:25:00-04:00,2026-09-03T15:25:00-04:00,AMZN,1,buy,258.4845886230469,258.5362855407715,0.051696917724609374,0.0,0.051696917724609374,258.4845886230469,-21,115672.40001461934,98068.60301754903,0.4338651926867221,-0.17950492262972456,policy_rebalance
2026-09-03,2026-09-03T15:25:00-04:00,2026-09-03T15:25:00-04:00,SMCI,1,buy,37.91999816894531,37.9275821685791,0.007583999633789062,0.0,0.007583999633789062,37.91999816894531,-649,115634.47243245077,98068.5954335494,0.43347855813192027,-0.179118268404322,policy_rebalance
2026-09-03,2026-09-03T15:30:00-04:00,2026-09-03T15:30:00-04:00,UBER,-1,sell,75.7698974609375,75.75474348144532,0.0151539794921875,0.0,0.0151539794921875,75.7698974609375,18,115710.22717593222,97950.05416033774,0.4346767286324396,-0.18131866457697163,policy_rebalance
2026-09-03,2026-09-03T15:30:00-04:00,2026-09-03T15:30:00-04:00,AMZN,1,buy,258.6549987792969,258.70672977905275,0.051730999755859375,0.0,0.051730999755859375,258.6549987792969,-20,115451.52044615317,97950.00242933798,0.4320362742567071,-0.17867807639352473,policy_rebalance
2026-09-03,2026-09-03T15:30:00-04:00,2026-09-03T15:30:00-04:00,SMCI,1,buy,38.1150016784668,38.12262467880249,0.007623000335693359,0.0,0.007623000335693359,38.1150016784668,-648,115413.39782147437,97949.99480633765,0.4316471807366803,-0.17828896315578757,policy_rebalance
2026-09-03,2026-09-03T15:30:00-04:00,2026-09-03T15:30:00-04:00,TSLA,47,buy,380.8399963378906,380.9161643371582,3.579895965576172,0.0,3.579895965576172,17899.47982788086,76,97510.33809762793,97946.41491037207,0.6144106345727645,0.004452197797573111,policy_rebalance
2026-09-03,2026-09-03T15:35:00-04:00,2026-09-03T15:35:00-04:00,TSLA,-1,sell,380.385009765625,380.30893276367186,0.076077001953125,0.0,0.076077001953125,380.385009765625,75,97890.6470303916,97955.4828305625,0.6097005893283928,0.0006618904659277471,policy_rebalance
2026-09-03,2026-09-03T15:35:00-04:00,2026-09-03T15:35:00-04:00,UBER,-1,sell,75.8499984741211,75.83482847442627,0.015169999694824219,0.0,0.015169999694824219,75.8499984741211,17,97966.48185886603,97955.4676605628,0.6089263523089833,-0.00011244087304436411,policy_rebalance
2026-09-03,2026-09-03T15:35:00-04:00,2026-09-03T15:35:00-04:00,AMZN,1,buy,258.4849853515625,258.5366823486328,0.0516969970703125,0.0,0.0516969970703125,258.4849853515625,-19,97707.9451765174,97955.41596356574,0.6062878712903957,0.0025263614534635427,policy_rebalance
2026-09-03,2026-09-03T15:35:00-04:00,2026-09-03T15:35:00-04:00,SMCI,1,buy,38.05500030517578,38.062611305236814,0.007611000061035157,0.0,0.007611000061035157,38.05500030517578,-647,97669.88256521216,97955.40835256568,0.6058994252975907,0.0029148547502945207,policy_rebalance
2026-09-03,2026-09-03T15:40:00-04:00,2026-09-03T15:40:00-04:00,UBER,-1,sell,75.81999969482422,75.80483569488526,0.015163999938964844,0.0,0.015163999938964844,75.81999969482422,16,97745.68740090705,98016.68898019171,0.6044403248353959,0.002764851395249996,policy_rebalance
2026-09-03,2026-09-03T15:40:00-04:00,2026-09-03T15:40:00-04:00,AMZN,1,buy,258.80499267578125,258.8567536743164,0.05176099853515625,0.0,0.05176099853515625,258.80499267578125,-18,97486.83064723272,98016.63721919317,0.6018002250157876,0.0054052718700770205,policy_rebalance
2026-09-03,2026-09-03T15:40:00-04:00,2026-09-03T15:40:00-04:00,SMCI,1,buy,37.974998474121094,37.98259347381592,0.007594999694824219,0.0,0.007594999694824219,37.974998474121094,-646,97448.8480537589,98016.62962419348,0.6014128374066933,0.005792706529611427,policy_rebalance
2026-09-03,2026-09-03T15:40:00-04:00,2026-09-03T15:40:00-04:00,TSLA,14,buy,380.6000061035156,380.67612610473634,1.0656800170898437,0.0,1.0656800170898437,5328.400085449219,89,92119.3822882926,98015.56394417639,0.6557821720781456,0.06015556528595693,policy_rebalance
2026-09-03,2026-09-03T15:45:00-04:00,2026-09-03T15:45:00-04:00,TSLA,-89,sell,379.1549987792969,379.079167779541,6.748958978271484,0.0,6.748958978271484,33744.79489135742,0,125857.42822067175,97924.79888717565,0.3100369835848878,-0.2852457155993627,policy_rebalance
2026-09-03,2026-09-03T15:45:00-04:00,2026-09-03T15:45:00-04:00,AMZN,18,buy,258.8800048828125,258.93178088378903,0.931968017578125,0.0,0.931968017578125,4659.840087890625,0,121196.65616476354,97923.86691915807,0.26245357731290725,-0.23766207338215645,policy_rebalance
2026-09-03,2026-09-03T15:45:00-04:00,2026-09-03T15:45:00-04:00,SMCI,1,buy,37.904998779296875,37.912579779052734,0.007580999755859375,0.0,0.007580999755859375,37.904998779296875,-645,121158.74358498449,97923.85933815832,0.26206651118443797,-0.23727500533439613,policy_rebalance
2026-09-03,2026-09-03T15:50:00-04:00,2026-09-03T15:50:00-04:00,AMD,50,buy,455.989990234375,456.0811882324219,4.55989990234375,0.0,4.55989990234375,22799.49951171875,50,98354.6841733634,97898.5646245658,0.4952726208560796,-0.004659103537899603,policy_rebalance
2026-09-03,2026-09-03T15:50:00-04:00,2026-09-03T15:50:00-04:00,MARA,-2336,sell,11.6899995803833,11.687661580467225,5.461567803955078,0.0,5.461567803955078,27307.83901977539,-2336,125657.06162533484,97893.10305676184,0.7742559519794175,-0.28361506277387577,policy_rebalance
2026-09-03,2026-09-03T15:55:00-04:00,,AMD,-50,sell,456.0899963378906,455.9987783386231,4.5608999633789065,0.0,4.5608999633789065,22804.49981689453,0,148457.000542266,97906.88898525917,0.5411577476016162,-0.5163080155127556,scheduled_1555_liquidation
2026-09-03,2026-09-03T15:55:00-04:00,,UBER,-16,sell,76.02999877929688,76.01479277954101,0.24329599609375,0.0,0.24329599609375,1216.47998046875,0,149673.23722673865,97906.64568926307,0.5287341954474962,-0.5287341954474962,scheduled_1555_liquidation
2026-09-03,2026-09-03T15:55:00-04:00,,MARA,2336,buy,11.71500015258789,11.717343152618408,5.4732480712890625,0.0,5.4732480712890625,27366.240356445312,0,122301.52362222206,97901.17244119178,0.24923451448640527,-0.24923451448640527,scheduled_1555_liquidation
2026-09-03,2026-09-03T15:55:00-04:00,,SMCI,645,buy,37.83000183105469,37.8375678314209,4.880070236206055,0.0,4.880070236206055,24400.351181030273,0,97896.29237095558,97896.29237095558,0.0,0.0,scheduled_1555_liquidation
2026-09-04,2026-09-04T09:35:00-04:00,2026-09-04T09:35:00-04:00,SNDK,21,buy,1633.219970703125,1633.5466146972656,6.859523876953125,0.0,6.859523876953125,34297.619384765625,21,63591.813462313,97889.43284707863,0.35037100928294107,0.35037100928294107,policy_rebalance
2026-09-04,2026-09-04T09:35:00-04:00,2026-09-04T09:35:00-04:00,COIN,-313,sell,184.4152069091797,184.37832386779786,11.544391952514648,0.0,11.544391952514648,57721.95976257324,-313,121302.22883293373,97877.88845512611,0.9401467542848241,-0.23932208538138752,policy_rebalance
2026-09-04,2026-09-04T09:40:00-04:00,2026-09-04T09:40:00-04:00,SNDK,-21,sell,1640.5250244140625,1640.1969194091798,6.8902051025390625,0.0,6.8902051025390625,34451.02551269531,0,155746.3641405265,97802.23914052651,0.5924621512677574,-0.5924621512677574,policy_rebalance
2026-09-04,2026-09-04T09:40:00-04:00,2026-09-04T09:40:00-04:00,COIN,313,buy,185.125,185.162025,11.588825,0.0,11.588825,57944.125,0,97790.65031552651,97790.65031552651,0.0,0.0,policy_rebalance
2026-09-04,2026-09-04T09:40:00-04:00,2026-09-04T09:40:00-04:00,AVGO,-174,sell,355.03851318359375,354.967505480957,12.355340258789063,0.0,12.355340258789063,61776.70129394531,-174,159554.99626921304,97778.29497526772,0.6318038303855805,-0.6318038303855805,policy_rebalance
2026-09-04,2026-09-04T09:40:00-04:00,2026-09-04T09:40:00-04:00,MSTR,222,buy,140.0800018310547,140.1080178314209,6.219552081298828,0.0,6.219552081298828,31097.76040649414,222,128451.0163106376,97772.07542318643,0.9499078473935564,-0.3137801949550897,policy_rebalance
2026-09-04,2026-09-04T09:45:00-04:00,2026-09-04T09:45:00-04:00,MSTR,-1,sell,139.97999572753906,139.95199972839356,0.02799599914550781,0.0,0.02799599914550781,139.97999572753906,221,128590.96831036599,97137.97864056619,0.9607380047169171,-0.32379703705986523,policy_rebalance
2026-09-04,2026-09-04T09:45:00-04:00,2026-09-04T09:45:00-04:00,AVGO,174,buy,358.55499267578125,358.6267036743164,12.477713745117187,0.0,12.477713745117187,62388.56872558594,0,66189.92187103494,97125.50092682107,0.31851139773368536,0.31851139773368536,policy_rebalance
2026-09-04,2026-09-04T09:45:00-04:00,2026-09-04T09:45:00-04:00,IWM,-207,sell,294.79998779296875,294.74102779541016,12.204719494628906,0.0,12.204719494628906,61023.59747314453,-207,127201.31462468483,97113.29620732644,0.9469267352701912,-0.30982388192368343,policy_rebalance
2026-09-04,2026-09-04T09:50:00-04:00,2026-09-04T09:50:00-04:00,MSTR,-69,sell,140.8000030517578,140.77184305114747,1.9430400421142577,0.0,1.9430400421142577,9715.200210571289,152,136914.571795214,97230.47099565345,0.8483688383138903,-0.4081446936663977,policy_rebalance
2026-09-04,2026-09-04T09:50:00-04:00,2026-09-04T09:50:00-04:00,IWM,24,buy,295.1000061035156,295.1590261047363,1.416480029296875,0.0,1.416480029296875,7082.400146484375,-183,129830.75516870033,97229.05451562416,0.7755387724015501,-0.33530821435517777,policy_rebalance
2026-09-04,2026-09-04T09:50:00-04:00,2026-09-04T09:50:00-04:00,AMZN,65,buy,257.3900146484375,257.4414926513672,3.3460701904296877,0.0,3.3460701904296877,16730.350952148438,65,113097.05814636147,97225.70844543373,0.9476429023365597,-0.16324231476117512,policy_rebalance
2026-09-04,2026-09-04T09:55:00-04:00,2026-09-04T09:55:00-04:00,AMZN,-65,sell,257.9700012207031,257.918407220459,3.3536100158691404,0.0,3.3536100158691404,16768.050079345703,0,129861.7546156913,97244.50104513466,0.7736372806219273,-0.33541488947964065,policy_rebalance
2026-09-04,2026-09-04T09:55:00-04:00,2026-09-04T09:55:00-04:00,MSTR,-152,sell,140.17999267578125,140.1519566772461,4.26147177734375,0.0,4.26147177734375,21307.35888671875,0,151164.8520306327,97240.2395733573,0.5545503866904304,-0.5545503866904304,policy_rebalance
2026-09-04,2026-09-04T09:55:00-04:00,2026-09-04T09:55:00-04:00,AMZN,-122,sell,257.9700012207031,257.918407220459,6.294468029785156,0.0,6.294468029785156,31472.34014892578,-122,182630.8977115287,97233.94510532753,0.8782627560127888,-0.8782627560127888,policy_rebalance
2026-09-04,2026-09-04T09:55:00-04:00,2026-09-04T09:55:00-04:00,COIN,36,buy,185.02999877929688,185.06700477905272,1.3322159912109375,0.0,1.3322159912109375,6661.0799560546875,36,175968.4855394828,97232.6128893363,0.9467814329645773,-0.8097681457944406,policy_rebalance
2026-09-04,2026-09-04T10:00:00-04:00,2026-09-04T10:00:00-04:00,COIN,-36,sell,185.67999267578125,185.6428566772461,1.336895947265625,0.0,1.336895947265625,6684.479736328125,0,182651.62837986366,97278.46666721717,0.8776162355097773,-0.8776162355097773,policy_rebalance
2026-09-04,2026-09-04T10:00:00-04:00,2026-09-04T10:00:00-04:00,AMZN,122,buy,257.8800048828125,257.9315808837891,6.292272119140625,0.0,6.292272119140625,31461.360595703125,0,151183.9755120414,97272.17439509803,0.5542366195903626,-0.5542366195903626,policy_rebalance
2026-09-04,2026-09-04T10:00:00-04:00,2026-09-04T10:00:00-04:00,AVGO,77,buy,356.7250061035156,356.79635110473635,5.493565093994141,0.0,5.493565093994141,27467.825469970703,77,123710.6564769767,97266.68083000404,0.8366649904415236,-0.2718708546577178,policy_rebalance
2026-09-04,2026-09-04T10:05:00-04:00,2026-09-04T10:05:00-04:00,AVGO,-1,sell,356.34820556640625,356.276935925293,0.07126964111328125,0.0,0.07126964111328125,356.34820556640625,76,124066.933412902,97168.05502545083,0.8342639524102053,-0.27682841218140736,policy_rebalance
2026-09-04,2026-09-04T10:05:00-04:00,2026-09-04T10:05:00-04:00,IWM,1,buy,294.9800109863281,295.0390069885254,0.058996002197265626,0.0,0.058996002197265626,294.9800109863281,-182,123771.89440591347,97167.99602944862,0.8312286856063189,-0.2737928069279315,policy_rebalance
2026-09-04,2026-09-04T10:10:00-04:00,2026-09-04T10:10:00-04:00,IWM,1,buy,295.1600036621094,295.2190356628418,0.059032000732421874,0.0,0.059032000732421874,295.1600036621094,-181,123476.67537025062,97077.55442908852,0.8287065002578561,-0.2719384629785423,policy_rebalance
2026-09-04,2026-09-04T10:10:00-04:00,2026-09-04T10:10:00-04:00,NFLX,140,buy,81.2300033569336,81.24624935760498,2.2744400939941407,0.0,2.2744400939941407,11372.200469970703,140,112102.20046018592,97075.27998899452,0.9458741799653011,-0.15479657100031044,policy_rebalance
2026-09-04,2026-09-04T10:15:00-04:00,2026-09-04T10:15:00-04:00,AVGO,-1,sell,355.6499938964844,355.5788638977051,0.07112999877929688,0.0,0.07112999877929688,355.6499938964844,75,112457.77932408363,97030.43664219887,0.9430426759622998,-0.15899488053190272,policy_rebalance
2026-09-04,2026-09-04T10:15:00-04:00,2026-09-04T10:15:00-04:00,NFLX,-1,sell,81.17500305175781,81.15876805114746,0.016235000610351564,0.0,0.016235000610351564,81.17500305175781,139,112538.93809213478,97030.42040719825,0.9422062404154606,-0.15983150047019704,policy_rebalance
2026-09-04,2026-09-04T10:15:00-04:00,2026-09-04T10:15:00-04:00,IWM,1,buy,295.3900146484375,295.4490926513672,0.0590780029296875,0.0,0.0590780029296875,295.3900146484375,-180,112243.48899948341,97030.36132919532,0.93916250908292,-0.1567872927801891,policy_rebalance
2026-09-04,2026-09-04T10:20:00-04:00,2026-09-04T10:20:00-04:00,NFLX,-139,sell,81.25499725341797,81.23874625396729,2.2588889236450194,0.0,2.2588889236450194,11294.444618225098,0,123535.67472878486,97009.07606545478,0.8217437255568785,-0.2734445037434624,policy_rebalance
2026-09-04,2026-09-04T10:20:00-04:00,2026-09-04T10:20:00-04:00,IWM,168,buy,295.1199951171875,295.17901911621095,9.9160318359375,0.0,9.9160318359375,49580.1591796875,-12,73945.5995172614,96999.16003361883,0.3106876429520108,0.23766763040388508,policy_rebalance
2026-09-04,2026-09-04T10:20:00-04:00,2026-09-04T10:20:00-04:00,SNDK,9,buy,1660.18994140625,1660.5219793945312,2.98834189453125,0.0,2.98834189453125,14941.70947265625,9,59000.901702710624,96996.1716917243,0.4647415365535734,0.3917192743417875,policy_rebalance
2026-09-04,2026-09-04T10:20:00-04:00,2026-09-04T10:20:00-04:00,GOOGL,-14,sell,339.7300109863281,339.6620649841309,0.9512440307617187,0.0,0.9512440307617187,4756.220153808594,-14,63756.17061248846,96995.22044769354,0.5137817079606398,0.3426875023510034,policy_rebalance
2026-09-04,2026-09-04T10:20:00-04:00,2026-09-04T10:20:00-04:00,MARA,-1304,sell,11.234999656677246,11.23275265674591,2.9300879104614257,0.0,2.9300879104614257,14650.439552307129,-1304,78403.68007688512,96992.29035978307,0.6648446937250582,0.19165039008714385,policy_rebalance
2026-09-04,2026-09-04T10:20:00-04:00,2026-09-04T10:20:00-04:00,CRM,101,buy,260.1099853515625,260.1620073486328,5.254221704101562,0.0,5.254221704101562,26271.108520507812,101,52127.31733467321,96987.03613807897,0.935753083218688,0.46253314452809613,policy_rebalance
2026-09-04,2026-09-04T10:25:00-04:00,2026-09-04T10:25:00-04:00,AVGO,-75,sell,356.3999938964844,356.3287138977051,5.345999908447266,0.0,5.345999908447266,26729.999542236328,0,78851.97087700109,97079.51710350256,0.6627567495326967,0.18775892969335575,policy_rebalance
2026-09-04,2026-09-04T10:25:00-04:00,2026-09-04T10:25:00-04:00,SNDK,-9,sell,1662.58056640625,1662.2480502929689,2.99264501953125,0.0,2.99264501953125,14963.22509765625,0,93812.2033296378,97076.52445848302,0.5086387299040778,0.033626266979111676,policy_rebalance
2026-09-04,2026-09-04T10:25:00-04:00,2026-09-04T10:25:00-04:00,CRM,-101,sell,260.6000061035156,260.5478861022949,5.264120123291016,0.0,5.264120123291016,26320.600616455078,0,120127.5398259696,97071.26033835973,0.2375191112924975,-0.2375191112924975,policy_rebalance
2026-09-04,2026-09-04T10:25:00-04:00,2026-09-04T10:25:00-04:00,IWM,1,buy,295.5799865722656,295.6391025695801,0.05911599731445313,0.0,0.05911599731445313,295.5799865722656,-11,119831.90072340002,97071.20122236242,0.23447427470171436,-0.23447427470171436,policy_rebalance
2026-09-04,2026-09-04T10:25:00-04:00,2026-09-04T10:25:00-04:00,GOOGL,1,buy,338.67999267578125,338.7477286743164,0.06773599853515624,0.0,0.06773599853515624,338.67999267578125,-13,119493.1529947257,97071.13348636388,0.23098545059754105,-0.23098545059754105,policy_rebalance
2026-09-04,2026-09-04T10:25:00-04:00,2026-09-04T10:25:00-04:00,MARA,1304,buy,11.324999809265137,11.327264809226989,2.9535599502563477,0.0,2.9535599502563477,14767.799751281738,0,104722.3996834937,97068.17992641362,0.07885405663197417,-0.07885405663197417,policy_rebalance
2026-09-04,2026-09-04T10:25:00-04:00,2026-09-04T10:25:00-04:00,MSFT,135,buy,502.1449890136719,502.2454180114746,13.557914703369141,0.0,13.557914703369141,67789.5735168457,135,36919.268251944624,97054.62201171025,0.7773333377654391,0.6196031936790184,policy_rebalance
2026-09-04,2026-09-04T10:25:00-04:00,2026-09-04T10:25:00-04:00,MSTR,18,buy,140.14999389648438,140.17802389526366,0.5045399780273437,0.0,0.5045399780273437,2522.6998901367188,18,34396.06382182988,97054.11747173223,0.8033300924792898,0.6455991284259732,policy_rebalance
2026-09-04,2026-09-04T10:25:00-04:00,2026-09-04T10:25:00-04:00,SMCI,-257,sell,39.50849914550781,39.500597445678714,2.0307368560791015,0.0,2.0307368560791015,10153.684280395508,-257,44547.7173653693,97052.08673487614,0.9079678800228372,0.5409916585610017,policy_rebalance
2026-09-04,2026-09-04T10:30:00-04:00,2026-09-04T10:30:00-04:00,MSTR,-18,sell,139.8249969482422,139.79703194885255,0.5033699890136719,0.0,0.5033699890136719,2516.8499450683594,0,47064.06394044865,97001.74679033269,0.8817445667232247,0.5148122018650172,policy_rebalance
2026-09-04,2026-09-04T10:30:00-04:00,2026-09-04T10:30:00-04:00,SMCI,16,buy,39.4900016784668,39.49789967880249,0.12636800537109374,0.0,0.12636800537109374,631.8400268554688,-241,46432.09754558781,97001.62042232731,0.8752320095122946,0.5213265784279587,policy_rebalance
2026-09-04,2026-09-04T10:30:00-04:00,2026-09-04T10:30:00-04:00,SNDK,4,buy,1670.5050048828125,1670.839105883789,1.33640400390625,0.0,1.33640400390625,6682.02001953125,4,39748.74112205265,97000.28401832341,0.9441306704876651,0.5902203635347697,policy_rebalance
2026-09-04,2026-09-04T10:35:00-04:00,2026-09-04T10:35:00-04:00,MSFT,-121,sell,501.8999938964844,501.7996138977051,12.145979852294921,0.0,12.145979852294921,60729.89926147461,14,100466.49440367497,97091.17451842106,0.3177281554733647,-0.03476443561421238,policy_rebalance
2026-09-04,2026-09-04T10:35:00-04:00,2026-09-04T10:35:00-04:00,SNDK,-4,sell,1677.510009765625,1677.174507763672,1.3420080078125,0.0,1.3420080078125,6710.0400390625,0,107175.19243472966,97089.83251041325,0.24862088160291157,-0.10387658175468284,policy_rebalance
2026-09-04,2026-09-04T10:35:00-04:00,2026-09-04T10:35:00-04:00,TSLA,191,buy,354.05999755859375,354.13080955810545,13.52509190673828,0.0,13.52509190673828,67625.4595336914,191,39536.20780913152,97076.30741850652,0.945277192008393,0.5927306171763762,policy_rebalance
2026-09-04,2026-09-04T10:40:00-04:00,2026-09-04T10:40:00-04:00,TSLA,-29,sell,353.7514953613281,353.6807450622559,2.051758673095703,0.0,2.051758673095703,10258.793365478516,162,49792.94941593694,96925.72572590399,0.8413851700414736,0.4862772597984326,policy_rebalance
2026-09-04,2026-09-04T10:40:00-04:00,2026-09-04T10:40:00-04:00,GOOGL,13,buy,339.2300109863281,339.2978569885254,0.8819980285644531,0.0,0.8819980285644531,4409.990142822266,0,45382.077275086114,96924.84372787541,0.7958937575906024,0.5317807537301781,policy_rebalance
2026-09-04,2026-09-04T10:40:00-04:00,2026-09-04T10:40:00-04:00,SMCI,152,buy,39.61989974975586,39.62782372970581,1.2044449523925782,0.0,1.2044449523925782,6022.224761962891,-89,39358.648068170834,96923.63928292303,0.7337699434592772,0.5939210665286541,policy_rebalance
2026-09-04,2026-09-04T10:40:00-04:00,2026-09-04T10:40:00-04:00,AMD,-44,sell,470.0978088378906,470.00378927612303,4.136860717773438,0.0,4.136860717773438,20684.303588867188,-44,60038.81479632025,96919.50242220526,0.9472186155624728,0.3805290648854514,policy_rebalance
2026-09-04,2026-09-04T10:45:00-04:00,2026-09-04T10:45:00-04:00,MSFT,-14,sell,501.8399963378906,501.73962833862305,1.4051519897460938,0.0,1.4051519897460938,7025.759948730469,0,67063.16959306097,96848.14757081366,0.8725118589838573,0.30754308393946755,policy_rebalance
2026-09-04,2026-09-04T10:45:00-04:00,2026-09-04T10:45:00-04:00,TSLA,-162,sell,352.7349853515625,352.6644383544922,11.428613525390626,0.0,11.428613525390626,57143.067626953125,0,124194.8086064887,96836.71895728826,0.2825177261661174,-0.2825177261661174,policy_rebalance
2026-09-04,2026-09-04T10:45:00-04:00,2026-09-04T10:45:00-04:00,IWM,1,buy,295.3299865722656,295.3890525695801,0.059065997314453125,0.0,0.059065997314453125,295.3299865722656,-10,123899.41955391913,96836.65989129095,0.2794681238800356,-0.2794681238800356,policy_rebalance
2026-09-04,2026-09-04T10:45:00-04:00,2026-09-04T10:45:00-04:00,AMD,44,buy,468.5299987792969,468.62370477905273,4.123063989257813,0.0,4.123063989257813,20615.319946289062,0,103279.9765436408,96832.5368273017,0.0665834018976282,-0.0665834018976282,policy_rebalance
2026-09-04,2026-09-04T10:45:00-04:00,2026-09-04T10:45:00-04:00,AVGO,190,buy,355.489990234375,355.56108823242187,13.50861962890625,0.0,13.50861962890625,67543.09814453125,190,35723.36977948065,96819.02820767279,0.764214837006665,0.6310294531891447,policy_rebalance
2026-09-04,2026-09-04T10:45:00-04:00,2026-09-04T10:45:00-04:00,AMZN,-34,sell,257.0299987792969,256.97859277954103,1.7478039916992187,0.0,1.7478039916992187,8739.019958496094,-34,44460.64193398505,96817.2804036811,0.8544916514327228,0.5407778265552828,policy_rebalance
2026-09-04,2026-09-04T10:45:00-04:00,2026-09-04T10:45:00-04:00,SMCI,-219,sell,39.2599983215332,39.2521463218689,1.7195879264831544,0.0,1.7195879264831544,8597.939632415771,-308,53056.861978474335,96815.56081575461,0.9433142428992746,0.4519800171436853,policy_rebalance
2026-09-04,2026-09-04T10:50:00-04:00,2026-09-04T10:50:00-04:00,AVGO,-190,sell,356.2503967285156,356.1791466491699,13.537515075683594,0.0,13.537515075683594,67687.57537841797,0,120730.89984181662,96949.3803258254,0.24529831378051917,-0.24529831378051917,policy_rebalance
2026-09-04,2026-09-04T10:50:00-04:00,2026-09-04T10:50:00-04:00,IWM,1,buy,295.0,295.05899999999997,0.059,0.0,0.059,295.0,-9,120435.84084181662,96949.32132582541,0.24225563619015103,-0.24225563619015103,policy_rebalance
2026-09-04,2026-09-04T10:50:00-04:00,2026-09-04T10:50:00-04:00,AMZN,1,buy,256.67999267578125,256.7313286743164,0.05133599853515625,0.0,0.05133599853515625,256.67999267578125,-33,120179.1095131423,96949.26998982688,0.23960819432423774,-0.23960819432423774,policy_rebalance
2026-09-04,2026-09-04T10:50:00-04:00,2026-09-04T10:50:00-04:00,SMCI,1,buy,39.29999923706055,39.30785923690796,0.007859999847412109,0.0,0.007859999847412109,39.29999923706055,-307,120139.8016539054,96949.26212982702,0.23920284708328543,-0.23920284708328543,policy_rebalance
2026-09-04,2026-09-04T10:55:00-04:00,2026-09-04T10:55:00-04:00,AMD,-1,sell,470.4674987792969,470.37340527954103,0.09409349975585937,0.0,0.09409349975585937,470.4674987792969,-1,120610.17505918494,96955.90135847083,0.24396940639289397,-0.24396940639289397,policy_rebalance
2026-09-04,2026-09-04T10:55:00-04:00,2026-09-04T10:55:00-04:00,NFLX,474,buy,79.98999786376953,80.00599586334228,7.583051797485352,0.0,7.583051797485352,37915.25898742676,474,82687.3330199607,96948.31830667335,0.6350758194008074,0.14709884127748718,policy_rebalance
2026-09-04,2026-09-04T10:55:00-04:00,2026-09-04T10:55:00-04:00,MARA,-468,sell,11.225000381469727,11.222755381393434,1.0506600357055664,0.0,1.0506600357055664,5253.300178527832,-468,87939.58253845283,96947.26764663764,0.6892698937140832,0.09291324373387043,policy_rebalance
2026-09-04,2026-09-04T10:55:00-04:00,2026-09-04T10:55:00-04:00,HOOD,-3,sell,121.83999633789062,121.81562833862304,0.07310399780273437,0.0,0.07310399780273437,365.5199890136719,-3,88305.0294234687,96947.19454263985,0.6930407132733606,0.08914301398757958,policy_rebalance
2026-09-04,2026-09-04T11:00:00-04:00,2026-09-04T11:00:00-04:00,NFLX,-474,sell,79.94000244140625,79.92401444091797,7.578312231445312,0.0,7.578312231445312,37891.56115722656,0,126189.01226846382,96920.12757913276,0.3019897457876721,-0.3019897457876721,policy_rebalance
2026-09-04,2026-09-04T11:00:00-04:00,2026-09-04T11:00:00-04:00,MARA,1,buy,11.229999542236328,11.232245542144776,0.0022459999084472656,0.0,0.0022459999084472656,11.229999542236328,-467,126177.78002292168,96920.12533313286,0.3018738841827196,-0.3018738841827196,policy_rebalance
2026-09-04,2026-09-04T11:00:00-04:00,2026-09-04T11:00:00-04:00,HOOD,3,buy,122.05000305175781,122.07441305236816,0.07323000183105469,0.0,0.07323000183105469,366.15000915527344,0,125811.55678376458,96920.05210313103,0.29809625617917096,-0.29809625617917096,policy_rebalance
2026-09-04,2026-09-04T11:00:00-04:00,2026-09-04T11:00:00-04:00,SMCI,33,buy,39.26499938964844,39.27285238952636,0.2591489959716797,0.0,0.2591489959716797,1295.7449798583984,-274,124515.5526549102,96919.79295413506,0.28472780285275856,-0.28472780285275856,policy_rebalance
2026-09-04,2026-09-04T11:00:00-04:00,2026-09-04T11:00:00-04:00,IWM,-117,sell,295.1600036621094,295.10097166137695,6.90674408569336,0.0,6.90674408569336,34533.7204284668,-126,159042.3663392913,96912.88621004936,0.6410858510041922,-0.6410858510041922,policy_rebalance
2026-09-04,2026-09-04T11:00:00-04:00,2026-09-04T11:00:00-04:00,XLK,55,buy,186.88999938964844,186.92737738952636,2.0557899932861328,0.0,2.0557899932861328,10278.949966430664,55,148761.36058286735,96910.83042005607,0.7471655106227157,-0.5350333903658369,policy_rebalance
2026-09-04,2026-09-04T11:05:00-04:00,2026-09-04T11:05:00-04:00,XLK,-1,sell,186.8300018310547,186.79263583068848,0.03736600036621094,0.0,0.03736600036621094,186.8300018310547,54,148948.15321869805,96830.0155510421,0.7466256971455355,-0.5382436155882145,policy_rebalance
2026-09-04,2026-09-04T11:05:00-04:00,2026-09-04T11:05:00-04:00,IWM,1,buy,295.32000732421875,295.3790713256836,0.05906400146484375,0.0,0.05906400146484375,295.32000732421875,-125,148652.77414737237,96829.95648704065,0.7435762698883573,-0.5351940612228562,policy_rebalance
2026-09-04,2026-09-04T11:05:00-04:00,2026-09-04T11:05:00-04:00,AMD,1,buy,471.3450012207031,471.43927022094726,0.09426900024414063,0.0,0.09426900024414063,471.3450012207031,0,148181.3348771514,96829.86221804039,0.7387092289339056,-0.5303268173972855,policy_rebalance
2026-09-04,2026-09-04T11:05:00-04:00,2026-09-04T11:05:00-04:00,AMZN,33,buy,255.91000366210938,255.96118566284179,1.6890060241699218,0.0,1.6890060241699218,8445.03012084961,0,139734.61575027765,96828.17321201623,0.6515054518057011,-0.4431194053853821,policy_rebalance
2026-09-04,2026-09-04T11:05:00-04:00,2026-09-04T11:05:00-04:00,MARA,1,buy,11.25570011138916,11.257951251411438,0.002251140022277832,0.0,0.002251140022277832,11.25570011138916,-466,139723.35779902624,96828.17096087622,0.6513892228883342,-0.443003171623287,policy_rebalance
2026-09-04,2026-09-04T11:05:00-04:00,2026-09-04T11:05:00-04:00,MSTR,12,buy,139.61000061035156,139.63792261047362,0.3350640014648438,0.0,0.3350640014648438,1675.3200073242188,12,138047.70272770055,96827.83589687475,0.6686935264378658,-0.42570265512002664,policy_rebalance
2026-09-04,2026-09-04T11:05:00-04:00,2026-09-04T11:05:00-04:00,INTC,280,buy,95.05000305175781,95.06901305236816,5.322800170898438,0.0,5.322800170898438,26614.000854492188,280,111428.37907303747,96822.51309670386,0.9436043847206296,-0.150851961069691,policy_rebalance
2026-09-04,2026-09-04T11:10:00-04:00,2026-09-04T11:10:00-04:00,XLK,-1,sell,186.97999572753906,186.94259972839356,0.03739599914550781,0.0,0.03739599914550781,186.97999572753906,53,111615.32167276587,96898.68207391944,0.9427913306188594,-0.15187657132033855,policy_rebalance
2026-09-04,2026-09-04T11:10:00-04:00,2026-09-04T11:10:00-04:00,INTC,-280,sell,95.44999694824219,95.43090694885254,5.3451998291015625,0.0,5.3451998291015625,26725.999145507812,0,138335.9756184446,96893.33687409034,0.6670142689601046,-0.4277140212252941,policy_rebalance
2026-09-04,2026-09-04T11:10:00-04:00,2026-09-04T11:10:00-04:00,IWM,1,buy,295.2099914550781,295.26903345336916,0.05904199829101563,0.0,0.05904199829101563,295.2099914550781,-124,138040.70658499122,96893.27783209205,0.6639679213062327,-0.42466752775362004,policy_rebalance
2026-09-04,2026-09-04T11:10:00-04:00,2026-09-04T11:10:00-04:00,MARA,1,buy,11.274999618530273,11.277254618453979,0.0022549999237060545,0.0,0.0022549999237060545,11.274999618530273,-465,138029.42933037278,96893.27557709214,0.6638515716183542,-0.42455117249649676,policy_rebalance
2026-09-04,2026-09-04T11:10:00-04:00,2026-09-04T11:10:00-04:00,SMCI,1,buy,39.709999084472656,39.71794108428955,0.007941999816894531,0.0,0.007941999816894531,39.709999084472656,-273,137989.71138928848,96893.26763509231,0.6634417936456993,-0.4241413749092312,policy_rebalance
2026-09-04,2026-09-04T11:10:00-04:00,2026-09-04T11:10:00-04:00,MSTR,21,buy,140.27999877929688,140.30805477905272,0.5891759948730468,0.0,0.5891759948730468,2945.8799743652344,33,135043.24223892836,96892.67845909743,0.6938493631875796,-0.39374041864201254,policy_rebalance
2026-09-04,2026-09-04T11:15:00-04:00,2026-09-04T11:15:00-04:00,MSTR,-33,sell,140.1898956298828,140.16185765075684,0.9252533111572265,0.0,0.9252533111572265,4626.266555786133,0,139668.58354140335,96853.24731780106,0.6468883316947324,-0.44206402376075093,policy_rebalance
2026-09-04,2026-09-04T11:15:00-04:00,2026-09-04T11:15:00-04:00,IWM,1,buy,295.4106140136719,295.4696961364746,0.05908212280273437,0.0,0.05908212280273437,295.4106140136719,-123,139373.11384526687,96853.18823567824,0.643838639682952,-0.4390142068025941,policy_rebalance
2026-09-04,2026-09-04T11:15:00-04:00,2026-09-04T11:15:00-04:00,MARA,63,buy,11.28499984741211,11.287256847381592,0.14219099807739258,0.0,0.14219099807739258,710.9549903869629,-402,138662.01666388183,96853.04604468017,0.636499031158918,-0.43167429757360837,policy_rebalance
2026-09-04,2026-09-04T11:15:00-04:00,2026-09-04T11:15:00-04:00,SMCI,143,buy,39.76499938964844,39.77295238952637,1.1372789825439453,0.0,1.1372789825439453,5686.394912719727,-130,132974.48447217955,96851.90876569762,0.5777942404303857,-0.3729671017002774,policy_rebalance
2026-09-04,2026-09-04T11:15:00-04:00,2026-09-04T11:15:00-04:00,NVDA,153,buy,232.46499633789062,232.5114893371582,7.113428887939453,0.0,7.113428887939453,35567.144439697266,153,97400.22660359435,96844.79533680968,0.9450959050601438,-0.0057352722451730394,policy_rebalance
2026-09-04,2026-09-04T11:20:00-04:00,2026-09-04T11:20:00-04:00,XLK,-1,sell,186.80999755859375,186.77263555908203,0.03736199951171875,0.0,0.03736199951171875,186.80999755859375,52,97586.99923915343,96821.87724513488,0.9432068805592512,-0.007902366859520902,policy_rebalance
2026-09-04,2026-09-04T11:20:00-04:00,2026-09-04T11:20:00-04:00,NVDA,-1,sell,232.4499969482422,232.40350694885254,0.046489999389648436,0.0,0.046489999389648436,232.4499969482422,152,97819.40274610228,96821.83075513548,0.9408065319452212,-0.010303172158453378,policy_rebalance
2026-09-04,2026-09-04T11:20:00-04:00,2026-09-04T11:20:00-04:00,IWM,1,buy,295.3900146484375,295.4490926513672,0.0590780029296875,0.0,0.0590780029296875,295.3900146484375,-122,97523.95365345091,96821.77167713255,0.9377562424435767,-0.007252314889050944,policy_rebalance
2026-09-04,2026-09-04T11:25:00-04:00,2026-09-04T11:25:00-04:00,XLK,-1,sell,186.69000244140625,186.65266444091796,0.03733800048828125,0.0,0.03733800048828125,186.69000244140625,51,97710.60631789183,96769.7482322595,0.9357655652029645,-0.009722646827334376,policy_rebalance
2026-09-04,2026-09-04T11:25:00-04:00,2026-09-04T11:25:00-04:00,NVDA,-1,sell,232.13999938964844,232.09357138977052,0.046427999877929685,0.0,0.046427999877929685,232.13999938964844,151,97942.69988928159,96769.70180425962,0.9333671228254571,-0.012121542829538196,policy_rebalance
2026-09-04,2026-09-04T11:25:00-04:00,2026-09-04T11:25:00-04:00,MSFT,2,buy,500.375,500.475075,0.20015,0.0,0.20015,1000.75,2,96941.74973928159,96769.50165425961,0.943710638047906,-0.001779983177317423,policy_rebalance
2026-09-04,2026-09-04T11:30:00-04:00,2026-09-04T11:30:00-04:00,XLK,-1,sell,186.77999877929688,186.74264277954103,0.037355999755859376,0.0,0.037355999755859376,186.77999877929688,50,97128.49238206113,96702.63894654477,0.9421187870177191,-0.0044037416161079165,policy_rebalance
2026-09-04,2026-09-04T11:30:00-04:00,2026-09-04T11:30:00-04:00,MSFT,-1,sell,500.989990234375,500.88979223632816,0.100197998046875,0.0,0.100197998046875,500.989990234375,1,97629.38217429745,96702.53874854672,0.9369390306400665,-0.00958447872977545,policy_rebalance
2026-09-04,2026-09-04T11:30:00-04:00,2026-09-04T11:30:00-04:00,NVDA,-1,sell,231.77999877929688,231.73364277954101,0.04635599975585938,0.0,0.04635599975585938,231.77999877929688,150,97861.11581707699,96702.49239254696,0.9345426439461938,-0.011981319155940664,policy_rebalance
2026-09-04,2026-09-04T11:30:00-04:00,2026-09-04T11:30:00-04:00,IWM,1,buy,295.4700012207031,295.5290952209473,0.059094000244140625,0.0,0.059094000244140625,295.4700012207031,-121,97565.58672185605,96702.43329854672,0.9314877593349095,-0.00892587077560434,policy_rebalance
2026-09-04,2026-09-04T11:30:00-04:00,2026-09-04T11:30:00-04:00,MARA,1,buy,11.329999923706055,11.332265923690796,0.0022659999847412108,0.0,0.0022659999847412108,11.329999923706055,-401,97554.25445593236,96702.43103254674,0.9313706176141533,-0.008808707436723337,policy_rebalance
2026-09-04,2026-09-04T11:30:00-04:00,2026-09-04T11:30:00-04:00,SMCI,1,buy,39.72010040283203,39.728044422912596,0.007944020080566406,0.0,0.007944020080566406,39.72010040283203,-129,97514.52641150945,96702.42308852666,0.9309599484674289,-0.008397962502339207,policy_rebalance
2026-09-04,2026-09-04T11:35:00-04:00,2026-09-04T11:35:00-04:00,MARA,85,buy,11.345000267028809,11.347269267082215,0.19286500453948974,0.0,0.19286500453948974,964.3250226974487,-316,96550.00852380745,96638.50910364144,0.9213019674195176,0.0009157899956741942,policy_rebalance
2026-09-04,2026-09-04T11:40:00-04:00,2026-09-04T11:40:00-04:00,XLK,-1,sell,186.85000610351562,186.81263610229493,0.03737000122070312,0.0,0.03737000122070312,186.85000610351562,49,96736.82115990974,96652.7461667762,0.9200942421375482,-0.0008698665735629682,policy_rebalance
2026-09-04,2026-09-04T11:40:00-04:00,2026-09-04T11:40:00-04:00,SMCI,1,buy,39.959999084472656,39.96799108428955,0.00799199981689453,0.0,0.00799199981689453,39.959999084472656,-128,96696.85316882546,96652.73817477639,0.9196808793457024,-0.000456427773099397,policy_rebalance
2026-09-04,2026-09-04T11:40:00-04:00,2026-09-04T11:40:00-04:00,MARA,-165,sell,11.345000267028809,11.342731266975402,0.3743850088119507,0.0,0.3743850088119507,1871.9250440597534,-481,98568.4038278764,96652.36378976758,0.9390520492310693,-0.019824037022793162,policy_rebalance
2026-09-04,2026-09-04T11:45:00-04:00,2026-09-04T11:45:00-04:00,XLK,-1,sell,186.98800659179688,186.95060899047851,0.037397601318359376,0.0,0.037397601318359376,186.98800659179688,48,98755.35443686688,96655.77993010724,0.9374649382945555,-0.02172218265972161,policy_rebalance
2026-09-04,2026-09-04T11:45:00-04:00,2026-09-04T11:45:00-04:00,MSFT,-1,sell,500.739990234375,500.63984223632815,0.100147998046875,0.0,0.100147998046875,500.739990234375,0,99255.99427910321,96655.67978210919,0.9322852519468294,-0.026902862851473447,policy_rebalance
2026-09-04,2026-09-04T11:45:00-04:00,2026-09-04T11:45:00-04:00,NVDA,-1,sell,231.86500549316406,231.81863249206543,0.046373001098632814,0.0,0.046373001098632814,231.86500549316406,149,99487.81291159528,96655.6334091081,0.9298868219283024,-0.02930175306492068,policy_rebalance
2026-09-04,2026-09-04T11:45:00-04:00,2026-09-04T11:45:00-04:00,IWM,1,buy,295.8399963378906,295.8991643371582,0.059167999267578125,0.0,0.059167999267578125,295.8399963378906,-120,99191.91374725812,96655.57424110883,0.9268266261856621,-0.026241006026433134,policy_rebalance
2026-09-04,2026-09-04T11:45:00-04:00,2026-09-04T11:45:00-04:00,MARA,437,buy,11.329999923706055,11.332265923690796,0.9902419933319092,0.0,0.9902419933319092,4951.209966659546,-44,94239.71353860524,96654.5839991155,0.8756103053533355,0.02498454145260563,policy_rebalance
2026-09-04,2026-09-04T11:45:00-04:00,2026-09-04T11:45:00-04:00,SMCI,128,buy,39.915000915527344,39.92298391571045,1.0218240234375,0.0,1.0218240234375,5109.1201171875,0,89129.5715973943,96653.56217509205,0.8227594296837089,0.0778449382348446,policy_rebalance
2026-09-04,2026-09-04T11:50:00-04:00,2026-09-04T11:50:00-04:00,NVDA,-1,sell,231.40969848632812,231.36341654663087,0.04628193969726563,0.0,0.04628193969726563,231.40969848632812,148,89360.93501394094,96600.31028859914,0.8197967060750353,0.07494153231009447,policy_rebalance
2026-09-04,2026-09-04T11:50:00-04:00,2026-09-04T11:50:00-04:00,MARA,44,buy,11.305000305175781,11.307261305236816,0.09948400268554687,0.0,0.09948400268554687,497.4200134277344,0,88863.41551651052,96600.21080459646,0.8146482860806313,0.08009087375322584,policy_rebalance
2026-09-04,2026-09-04T11:55:00-04:00,2026-09-04T11:55:00-04:00,XLK,-1,sell,186.86000061035156,186.8226286102295,0.037372000122070315,0.0,0.037372000122070315,186.86000061035156,47,89050.23814512075,96538.99844480336,0.8125085360661821,0.07757238442829249,policy_rebalance
2026-09-04,2026-09-04T11:55:00-04:00,2026-09-04T11:55:00-04:00,NVDA,-6,sell,230.9550018310547,230.90881083068848,0.27714600219726565,0.0,0.27714600219726565,1385.7300109863281,142,90435.69101010489,96538.72129880117,0.7981567318486239,0.06321847033592393,policy_rebalance
2026-09-04,2026-09-04T11:55:00-04:00,2026-09-04T11:55:00-04:00,PLTR,82,buy,175.36000061035156,175.39507261047362,2.8759040100097657,0.0,2.8759040100097657,14379.520050048828,82,76053.29505604604,96535.84539479116,0.9471357500918368,0.21217559399806432,policy_rebalance
2026-09-04,2026-09-04T12:05:00-04:00,2026-09-04T12:05:00-04:00,XLK,-47,sell,186.98500061035156,186.9476036102295,1.7576590057373047,0.0,1.7576590057373047,8788.295028686523,0,84839.83242572683,96503.47793353933,0.8562804701602592,0.12086243685274327,policy_rebalance
2026-09-04,2026-09-04T12:05:00-04:00,2026-09-04T12:05:00-04:00,NVDA,-76,sell,230.8300018310547,230.78383583068847,3.5086160278320313,0.0,3.5086160278320313,17543.080139160156,66,102379.40394885915,96499.9693175115,0.6745179690545173,-0.060926803116410286,policy_rebalance
2026-09-04,2026-09-04T12:05:00-04:00,2026-09-04T12:05:00-04:00,PLTR,-1,sell,175.2559051513672,175.22085397033692,0.03505118103027344,0.0,0.03505118103027344,175.2559051513672,81,102554.6248028295,96499.93426633047,0.6727020894497053,-0.06274294985309176,policy_rebalance
2026-09-04,2026-09-04T12:05:00-04:00,2026-09-04T12:05:00-04:00,IWM,1,buy,295.7099914550781,295.76913345336914,0.05914199829101562,0.0,0.05914199829101562,295.7099914550781,-119,102258.85566937612,96499.87512433217,0.6696381455209872,-0.05967863209795838,policy_rebalance
2026-09-04,2026-09-04T12:05:00-04:00,2026-09-04T12:05:00-04:00,SNDK,15,buy,1697.0899658203125,1697.4293838134765,5.091269897460937,0.0,5.091269897460937,25456.349487304688,15,76797.41491217398,96494.78385443472,0.933484104637741,0.204128846715433,policy_rebalance
2026-09-04,2026-09-04T12:10:00-04:00,2026-09-04T12:10:00-04:00,SNDK,-9,sell,1699.4150390625,1699.0751560546876,3.0589470703125,0.0,3.0589470703125,15294.7353515625,6,92089.09131666616,96581.69725843862,0.7752150359061878,0.04651612126623638,policy_rebalance
2026-09-04,2026-09-04T12:15:00-04:00,2026-09-04T12:15:00-04:00,SNDK,-1,sell,1698.0,1697.6604,0.3396,0.0,0.3396,1698.0,5,93786.75171666616,96515.34667211049,0.7581121321000762,0.02827109935909087,policy_rebalance
2026-09-04,2026-09-04T12:15:00-04:00,2026-09-04T12:15:00-04:00,PLTR,-1,sell,175.3350067138672,175.2999397125244,0.035067001342773435,0.0,0.035067001342773435,175.3350067138672,80,93962.05165637868,96515.31160510915,0.7562957527186162,0.026454454803783785,policy_rebalance
2026-09-04,2026-09-04T12:15:00-04:00,2026-09-04T12:15:00-04:00,IWM,1,buy,295.9700012207031,296.02919522094726,0.05919400024414063,0.0,0.05919400024414063,295.9700012207031,-118,93666.02246115773,96515.2524111089,0.7532296546081411,0.02952103298466042,policy_rebalance
2026-09-04,2026-09-04T12:15:00-04:00,2026-09-04T12:15:00-04:00,NVDA,47,buy,231.1649932861328,231.21122628479003,2.1729509368896482,0.0,2.1729509368896482,10864.754684448242,113,82799.0948257726,96513.07946017201,0.8658194867460343,0.14209457113073212,policy_rebalance
2026-09-04,2026-09-04T12:25:00-04:00,2026-09-04T12:25:00-04:00,SNDK,-5,sell,1699.7750244140625,1699.4350694091797,1.6997750244140626,0.0,1.6997750244140626,8498.875122070312,0,91296.27017281849,96487.6111152013,0.7776946496912418,0.05380318656852863,policy_rebalance
2026-09-04,2026-09-04T12:30:00-04:00,2026-09-04T12:30:00-04:00,NVDA,-1,sell,231.14999389648438,231.10376389770508,0.04622999877929688,0.0,0.04622999877929688,231.14999389648438,112,91527.37393671619,96503.33420282947,0.77504264510337,0.05156257353403844,policy_rebalance
2026-09-04,2026-09-04T12:30:00-04:00,2026-09-04T12:30:00-04:00,PLTR,-1,sell,174.95350646972656,174.91851576843263,0.03499070129394531,0.0,0.03499070129394531,174.95350646972656,79,91702.29245248462,96503.29921212817,0.7732299983999705,0.049749664507223214,policy_rebalance
2026-09-04,2026-09-04T12:30:00-04:00,2026-09-04T12:30:00-04:00,IWM,1,buy,295.8399963378906,295.8991643371582,0.059167999267578125,0.0,0.059167999267578125,295.8399963378906,-117,91406.39328814746,96503.2400441289,0.7701648759674942,0.052815291524416844,policy_rebalance
2026-09-04,2026-09-04T12:35:00-04:00,2026-09-04T12:35:00-04:00,PLTR,-66,sell,174.94500732421875,174.9100183227539,2.3092740966796876,0.0,2.3092740966796876,11546.370483398438,13,102950.45449744922,96497.16003333789,0.6506647872950274,-0.06687548588872295,policy_rebalance
2026-09-04,2026-09-04T12:40:00-04:00,2026-09-04T12:40:00-04:00,NVDA,-1,sell,231.47500610351562,231.42871110229493,0.046295001220703125,0.0,0.046295001220703125,231.47500610351562,111,103181.88320855152,96546.37551812183,0.6481306978429678,-0.0687287084038095,policy_rebalance
2026-09-04,2026-09-04T12:40:00-04:00,2026-09-04T12:40:00-04:00,PLTR,-1,sell,175.0657958984375,175.03078273925783,0.0350131591796875,0.0,0.0350131591796875,175.0657958984375,12,103356.91399129077,96546.34050496265,0.6463176503273436,-0.07054201589316635,policy_rebalance
2026-09-04,2026-09-04T12:40:00-04:00,2026-09-04T12:40:00-04:00,IWM,1,buy,295.7699890136719,295.8291430114746,0.05915399780273437,0.0,0.05915399780273437,295.7699890136719,-116,103061.0848482793,96546.28135096484,0.6432545416026713,-0.06747855439021885,policy_rebalance
2026-09-04,2026-09-04T12:40:00-04:00,2026-09-04T12:40:00-04:00,SNDK,3,buy,1711.9449462890625,1712.2873352783204,1.0271669677734374,0.0,1.0271669677734374,5135.8348388671875,3,97924.22284244433,96545.25418399707,0.6964575251371597,-0.014283132507157847,policy_rebalance
2026-09-04,2026-09-04T12:40:00-04:00,2026-09-04T12:40:00-04:00,MSTR,-90,sell,142.73500061035156,142.7064536102295,2.569230010986328,0.0,2.569230010986328,12846.15005493164,-90,110767.80366736499,96542.68495398609,0.8295379280763379,-0.14734538116646376,policy_rebalance
2026-09-04,2026-09-04T12:45:00-04:00,2026-09-04T12:45:00-04:00,SNDK,-3,sell,1717.8900146484375,1717.5464366455078,1.0307340087890624,0.0,1.0307340087890624,5153.6700439453125,0,115920.44297730151,96534.88210999194,0.7769278778687133,-0.20081405232589025,policy_rebalance
2026-09-04,2026-09-04T12:45:00-04:00,2026-09-04T12:45:00-04:00,PLTR,-12,sell,175.17999267578125,175.14495667724609,0.420431982421875,0.0,0.420431982421875,2102.159912109375,0,118022.18245742847,96534.46167800952,0.7551549976946658,-0.2225911908131957,policy_rebalance
2026-09-04,2026-09-04T12:55:00-04:00,2026-09-04T12:55:00-04:00,NVDA,-1,sell,231.53500366210938,231.48869666137696,0.046307000732421874,0.0,0.046307000732421874,231.53500366210938,110,118253.67115408984,96540.44071585742,0.7525440189125123,-0.22491331381156496,policy_rebalance
2026-09-04,2026-09-04T12:55:00-04:00,2026-09-04T12:55:00-04:00,IWM,1,buy,295.7550048828125,295.81415588378906,0.0591510009765625,0.0,0.0591510009765625,295.7550048828125,-115,117957.85699820604,96540.38156485643,0.7494809432714434,-0.22184991488728698,policy_rebalance
2026-09-04,2026-09-04T12:55:00-04:00,2026-09-04T12:55:00-04:00,MSTR,1,buy,143.0500030517578,143.07861305236815,0.02861000061035156,0.0,0.02861000061035156,143.0500030517578,-89,117814.77838515368,96540.35295485583,0.7479994015531487,-0.2203682168040777,policy_rebalance
2026-09-04,2026-09-04T13:00:00-04:00,2026-09-04T13:00:00-04:00,NVDA,-1,sell,231.57000732421875,231.5236933227539,0.04631400146484375,0.0,0.04631400146484375,231.57000732421875,109,118046.30207847644,96548.60731529284,0.7455307576297063,-0.22266188359382436,policy_rebalance
2026-09-04,2026-09-04T13:00:00-04:00,2026-09-04T13:00:00-04:00,IWM,1,buy,295.7550048828125,295.81415588378906,0.0591510009765625,0.0,0.0591510009765625,295.7550048828125,-114,117750.48792259264,96548.54816429186,0.7424679367834618,-0.21959874240907792,policy_rebalance
2026-09-04,2026-09-04T13:00:00-04:00,2026-09-04T13:00:00-04:00,MSTR,1,buy,143.0,143.02859999999998,0.0286,0.0,0.0286,143.0,-88,117607.45932259264,96548.51956429186,0.7409870361330713,-0.2181176868722217,policy_rebalance
2026-09-04,2026-09-04T13:05:00-04:00,2026-09-04T13:05:00-04:00,NVDA,-109,sell,231.5399932861328,231.49368528747559,5.047571853637695,0.0,5.047571853637695,25237.859268188477,0,142840.27101892748,96583.81203455248,0.47892558814956415,-0.47892558814956415,policy_rebalance
2026-09-04,2026-09-04T13:05:00-04:00,2026-09-04T13:05:00-04:00,IWM,1,buy,295.54998779296875,295.60909779052736,0.05910999755859375,0.0,0.05910999755859375,295.54998779296875,-113,142544.66192113695,96583.75292455492,0.47586584290717887,-0.47586584290717887,policy_rebalance
2026-09-04,2026-09-04T13:05:00-04:00,2026-09-04T13:05:00-04:00,MSTR,1,buy,142.77000427246094,142.79855827331542,0.02855400085449219,0.0,0.02855400085449219,142.77000427246094,-87,142401.86336286363,96583.72437055406,0.4743877841832155,-0.4743877841832155,policy_rebalance
2026-09-04,2026-09-04T13:05:00-04:00,2026-09-04T13:05:00-04:00,AMZN,-19,sell,257.0150146484375,256.9636116455078,0.9766570556640625,0.0,0.9766570556640625,4883.2852783203125,-19,147284.17198412828,96582.7477134984,0.5249532185709794,-0.5249532185709794,policy_rebalance
2026-09-04,2026-09-04T13:05:00-04:00,2026-09-04T13:05:00-04:00,ORCL,48,buy,157.4600067138672,157.49149871520996,1.511616064453125,0.0,1.511616064453125,7558.080322265625,48,139724.5800457982,96581.23609743395,0.6032176326064167,-0.44670523687271924,policy_rebalance
2026-09-04,2026-09-04T13:05:00-04:00,2026-09-04T13:05:00-04:00,PLTR,172,buy,174.8000030517578,174.83496305236815,6.013120104980469,0.0,6.013120104980469,30065.600524902344,172,109652.96640079089,96575.22297732897,0.9145731420007404,-0.13541509944566127,policy_rebalance
2026-09-04,2026-09-04T13:05:00-04:00,2026-09-04T13:05:00-04:00,SMCI,-62,sell,40.439998626708984,40.431910626983644,0.5014559829711914,0.0,0.5014559829711914,2507.279914855957,-62,112159.74485966387,96574.721521346,0.9405399632716211,-0.16137787500503534,policy_rebalance
2026-09-04,2026-09-04T13:10:00-04:00,2026-09-04T13:10:00-04:00,PLTR,-62,sell,174.7449951171875,174.71004611816406,2.166837939453125,0.0,2.166837939453125,10834.189697265625,110,122991.76771899004,96569.98977251787,0.8285745584768551,-0.2736023686935436,policy_rebalance
2026-09-04,2026-09-04T13:10:00-04:00,2026-09-04T13:10:00-04:00,TSM,-5,sell,428.2099914550781,428.1243494567871,0.4282099914550781,0.0,0.4282099914550781,2141.0499572753906,-5,125132.38946627398,96569.56156252642,0.8507492968367626,-0.2957746461886319,policy_rebalance
2026-09-04,2026-09-04T13:15:00-04:00,2026-09-04T13:15:00-04:00,PLTR,-110,sell,174.80999755859375,174.77503555908203,3.8458199462890623,0.0,3.8458199462890623,19229.099731445312,0,144357.643377773,96598.60511635942,0.6512094902649781,-0.4944071211368388,policy_rebalance
2026-09-04,2026-09-04T13:15:00-04:00,2026-09-04T13:15:00-04:00,TSM,5,buy,428.17999267578125,428.2656286743164,0.4281799926757813,0.0,0.4281799926757813,2140.8999633789062,0,142216.3152344014,96598.17693636674,0.6290494330424257,-0.47224636887386856,policy_rebalance
2026-09-04,2026-09-04T13:20:00-04:00,2026-09-04T13:20:00-04:00,MSTR,1,buy,142.4199981689453,142.4484821685791,0.028483999633789062,0.0,0.028483999633789062,142.4199981689453,-86,142073.86675223283,96594.0932155507,0.6276827483091116,-0.4708338990790415,policy_rebalance
2026-09-04,2026-09-04T13:20:00-04:00,2026-09-04T13:20:00-04:00,SMCI,1,buy,40.53499984741211,40.543106847381594,0.008106999969482422,0.0,0.008106999969482422,40.53499984741211,-61,142033.32364538545,96594.08510855073,0.6272631583189188,-0.47041429592475464,policy_rebalance
2026-09-04,2026-09-04T13:20:00-04:00,2026-09-04T13:20:00-04:00,AMD,1,buy,474.239990234375,474.3348382324219,0.094847998046875,0.0,0.094847998046875,474.239990234375,1,141558.98880715301,96593.99026055267,0.6321733963534986,-0.4655051357264746,policy_rebalance
2026-09-04,2026-09-04T13:25:00-04:00,2026-09-04T13:25:00-04:00,AMD,-1,sell,473.79998779296875,473.70522779541017,0.09475999755859375,0.0,0.09475999755859375,473.79998779296875,0,142032.69403494842,96604.43881262786,0.6268641125871548,-0.4702501849882109,policy_rebalance
2026-09-04,2026-09-04T13:25:00-04:00,2026-09-04T13:25:00-04:00,ORCL,-1,sell,157.60000610351562,157.5684861022949,0.03152000122070313,0.0,0.03152000122070313,157.60000610351562,47,142190.26252105072,96604.40729262665,0.6252329215083813,-0.4718817340324743,policy_rebalance
2026-09-04,2026-09-04T13:25:00-04:00,2026-09-04T13:25:00-04:00,IWM,1,buy,295.5299987792969,295.5891047790527,0.059105999755859374,0.0,0.059105999755859374,295.5299987792969,-112,141894.67341627166,96604.34818662688,0.6221741249913598,-0.4688228436897046,policy_rebalance
2026-09-04,2026-09-04T13:25:00-04:00,2026-09-04T13:25:00-04:00,AMZN,1,buy,257.0299987792969,257.0814047790527,0.051405999755859376,0.0,0.051405999755859376,257.0299987792969,-18,141637.5920114926,96604.29678062713,0.6195138083816341,-0.46616244547723246,policy_rebalance
2026-09-04,2026-09-04T13:25:00-04:00,2026-09-04T13:25:00-04:00,UBER,23,buy,75.9000015258789,75.91518152618409,0.34914000701904296,0.0,0.34914000701904296,1745.7000350952148,23,139891.54283639038,96603.94764062011,0.6375867378507865,-0.44809343979198485,policy_rebalance
2026-09-04,2026-09-04T13:35:00-04:00,2026-09-04T13:35:00-04:00,AMD,13,buy,472.70001220703125,472.79455220947267,1.2290200317382813,0.0,1.2290200317382813,6145.100158691406,13,133745.21365766722,96638.38860349852,0.7006655012798154,-0.3839760326138691,policy_rebalance
2026-09-04,2026-09-04T13:40:00-04:00,2026-09-04T13:40:00-04:00,UBER,-1,sell,76.05000305175781,76.03479305114746,0.015210000610351562,0.0,0.015210000610351562,76.05000305175781,22,133821.24845071835,96646.42384286923,0.6997542422158677,-0.38464769962196543,policy_rebalance
2026-09-04,2026-09-04T13:40:00-04:00,2026-09-04T13:40:00-04:00,IWM,1,buy,295.3599853515625,295.4190573486328,0.0590719970703125,0.0,0.0590719970703125,295.3599853515625,-111,133525.82939336973,96646.36477087217,0.6966985799550971,-0.38159184476240643,policy_rebalance
2026-09-04,2026-09-04T13:40:00-04:00,2026-09-04T13:40:00-04:00,AMZN,1,buy,256.8800048828125,256.9313808837891,0.0513760009765625,0.0,0.0513760009765625,256.8800048828125,-17,133268.89801248594,96646.31339487119,0.6940410113187593,-0.3789341086191729,policy_rebalance
2026-09-04,2026-09-04T13:40:00-04:00,2026-09-04T13:40:00-04:00,MSTR,1,buy,142.01629638671875,142.0446996459961,0.02840325927734375,0.0,0.02840325927734375,142.01629638671875,-85,133126.85331283993,96646.2849916119,0.6925717713642981,-0.3774647760583269,policy_rebalance
2026-09-04,2026-09-04T13:40:00-04:00,2026-09-04T13:40:00-04:00,SMCI,1,buy,40.724998474121094,40.733143473815915,0.008144999694824219,0.0,0.008144999694824219,40.724998474121094,-60,133086.1201693661,96646.27684661219,0.6921504477623359,-0.37704342590028345,policy_rebalance
2026-09-04,2026-09-04T13:40:00-04:00,2026-09-04T13:40:00-04:00,MARA,-633,sell,11.274999618530273,11.272744618606568,1.4274149517059327,0.0,1.4274149517059327,7137.074758529663,-633,140221.76751294406,96644.84943166049,0.7660091457312856,-0.4508974698346204,policy_rebalance
2026-09-04,2026-09-04T13:45:00-04:00,2026-09-04T13:45:00-04:00,AMD,-1,sell,472.7650146484375,472.6704616455078,0.0945530029296875,0.0,0.0945530029296875,472.7650146484375,12,140694.43797458956,96623.43142093965,0.7613840295012143,-0.45611096506865617,policy_rebalance
2026-09-04,2026-09-04T13:45:00-04:00,2026-09-04T13:45:00-04:00,ORCL,-1,sell,157.47500610351562,157.44351110229493,0.031495001220703124,0.0,0.031495001220703124,157.47500610351562,46,140851.88148569185,96623.39992593843,0.7597544964229614,-0.4577408949970134,policy_rebalance
2026-09-04,2026-09-04T13:45:00-04:00,2026-09-04T13:45:00-04:00,UBER,-1,sell,76.08000183105469,76.06478583068848,0.015216000366210937,0.0,0.015216000366210937,76.08000183105469,21,140927.94627152252,96623.38470993805,0.7589672290173048,-0.45852835413069104,policy_rebalance
2026-09-04,2026-09-04T13:45:00-04:00,2026-09-04T13:45:00-04:00,IWM,1,buy,295.2950134277344,295.35407243041993,0.059059002685546876,0.0,0.059059002685546876,295.2950134277344,-110,140632.5921990921,96623.32565093535,0.7559115466798252,-0.45547248815618374,policy_rebalance
2026-09-04,2026-09-04T13:45:00-04:00,2026-09-04T13:45:00-04:00,AMZN,1,buy,256.8800048828125,256.9313808837891,0.0513760009765625,0.0,0.0513760009765625,256.8800048828125,-16,140375.6608182083,96623.27427493437,0.7532533758498902,-0.4528141575784293,policy_rebalance
2026-09-04,2026-09-04T13:45:00-04:00,2026-09-04T13:45:00-04:00,MSTR,1,buy,142.02000427246094,142.04840827331543,0.028404000854492188,0.0,0.028404000854492188,142.02000427246094,-84,140233.61240993498,96623.24587093352,0.7517837646027933,-0.45134445801225626,policy_rebalance
2026-09-04,2026-09-04T13:45:00-04:00,2026-09-04T13:45:00-04:00,MARA,428,buy,11.305000305175781,11.307261305236816,0.9677080261230468,0.0,0.9677080261230468,4838.540130615234,-205,135394.10457129363,96622.2781629074,0.7017144357128693,-0.40127212011101654,policy_rebalance
2026-09-04,2026-09-04T13:45:00-04:00,2026-09-04T13:45:00-04:00,SMCI,1,buy,40.779998779296875,40.78815477905273,0.008155999755859376,0.0,0.008155999755859376,40.779998779296875,-59,135353.31641651457,96622.27000690764,0.7012924390490194,-0.4008500980864764,policy_rebalance
2026-09-04,2026-09-04T13:45:00-04:00,2026-09-04T13:45:00-04:00,INTC,48,buy,94.51020050048828,94.52910254058838,0.9072979248046875,0.0,0.9072979248046875,4536.4896240234375,48,130815.91949456633,96621.36270898284,0.748250231590857,-0.3539026549291717,policy_rebalance
2026-09-04,2026-09-04T13:50:00-04:00,2026-09-04T13:50:00-04:00,NVDA,16,buy,230.35000610351562,230.39607610473632,0.73712001953125,0.0,0.73712001953125,3685.60009765625,16,127129.58227689055,96625.77105099944,0.7865010552598903,-0.31569022315786843,policy_rebalance
2026-09-04,2026-09-04T13:50:00-04:00,2026-09-04T13:50:00-04:00,MARA,-249,sell,11.305000305175781,11.302739305114747,0.5629890151977539,0.0,0.5629890151977539,2814.9450759887695,-454,129943.96436386413,96625.20806198425,0.8156382537602782,-0.34482467846802656,policy_rebalance
2026-09-04,2026-09-04T13:55:00-04:00,2026-09-04T13:55:00-04:00,INTC,-1,sell,94.59230041503906,94.57338195495606,0.018918460083007814,0.0,0.018918460083007814,94.59230041503906,47,130038.53774581908,96637.64332901,0.814436691112487,-0.345630266490391,policy_rebalance
2026-09-04,2026-09-04T13:55:00-04:00,2026-09-04T13:55:00-04:00,AMD,18,buy,472.7300109863281,472.8245569885254,1.7018280395507812,0.0,1.7018280395507812,8509.140197753906,30,121527.69572002561,96635.94150097044,0.9025046097022367,-0.2575827775093929,policy_rebalance
2026-09-04,2026-09-04T13:55:00-04:00,2026-09-04T13:55:00-04:00,PLTR,23,buy,174.20530700683594,174.2401480682373,0.8013444122314453,0.0,0.8013444122314453,4006.7220611572266,23,117520.17231445615,96635.1401565582,0.9439744649918423,-0.21612254221458355,policy_rebalance
2026-09-04,2026-09-04T14:00:00-04:00,2026-09-04T14:00:00-04:00,MARA,454,buy,11.274999618530273,11.277254618453979,1.0237699653625487,0.0,1.0237699653625487,5118.849826812744,0,112400.29871767804,96676.41488665387,0.8901612115175538,-0.1626444655551128,policy_rebalance
2026-09-04,2026-09-04T14:00:00-04:00,2026-09-04T14:00:00-04:00,SMCI,-119,sell,40.630001068115234,40.62187506790161,0.9669940254211425,0.0,0.9669940254211425,4834.970127105713,-178,117234.30185075833,96675.44789262845,0.9401825045458497,-0.21265848161327738,policy_rebalance
2026-09-04,2026-09-04T14:10:00-04:00,2026-09-04T14:10:00-04:00,NVDA,-1,sell,230.35000610351562,230.30393610229493,0.04607000122070312,0.0,0.04607000122070312,230.35000610351562,15,117464.60578686063,96607.34058147733,0.938828231969223,-0.21589731256283332,policy_rebalance
2026-09-04,2026-09-04T14:10:00-04:00,2026-09-04T14:10:00-04:00,AMD,-1,sell,472.34539794921875,472.2509288696289,0.09446907958984375,0.0,0.09446907958984375,472.34539794921875,29,117936.85671573026,96607.24611239774,0.9339398128628467,-0.22078686083771165,policy_rebalance
2026-09-04,2026-09-04T14:10:00-04:00,2026-09-04T14:10:00-04:00,ORCL,-1,sell,157.6199951171875,157.58847111816408,0.0315239990234375,0.0,0.0315239990234375,157.6199951171875,45,118094.44518684842,96607.21458839871,0.9323085625026033,-0.2224184879979973,policy_rebalance
2026-09-04,2026-09-04T14:10:00-04:00,2026-09-04T14:10:00-04:00,PLTR,-23,sell,174.35499572753906,174.32012472839355,0.8020329803466797,0.0,0.8020329803466797,4010.1649017333984,0,122103.80805560148,96606.41255541837,0.8908059639331924,-0.26393067318959285,policy_rebalance
2026-09-04,2026-09-04T14:10:00-04:00,2026-09-04T14:10:00-04:00,INTC,-47,sell,94.33000183105469,94.31113583068849,0.8867020172119141,0.0,0.8867020172119141,4433.51008605957,0,126536.43143964384,96605.52585340117,0.8449212159598616,-0.30982602001114107,policy_rebalance
2026-09-04,2026-09-04T14:10:00-04:00,2026-09-04T14:10:00-04:00,UBER,-1,sell,76.20999908447266,76.19475708465576,0.015241999816894532,0.0,0.015241999816894532,76.20999908447266,20,126612.6261967285,96605.51061140135,0.844132470884004,-0.31061494727802536,policy_rebalance
2026-09-04,2026-09-04T14:10:00-04:00,2026-09-04T14:10:00-04:00,IWM,1,buy,295.3800048828125,295.4390808837891,0.0590760009765625,0.0,0.0590760009765625,295.3800048828125,-109,126317.1871158447,96605.45153540037,0.8410753956132164,-0.3075575457515116,policy_rebalance
2026-09-04,2026-09-04T14:10:00-04:00,2026-09-04T14:10:00-04:00,AMZN,1,buy,257.340087890625,257.39155590820315,0.051468017578125,0.0,0.051468017578125,257.340087890625,-15,126059.7955599365,96605.40006738278,0.8384120165554422,-0.3048938824538702,policy_rebalance
2026-09-04,2026-09-04T14:10:00-04:00,2026-09-04T14:10:00-04:00,MSTR,1,buy,142.16000366210938,142.18843566284178,0.028432000732421876,0.0,0.028432000732421876,142.16000366210938,-83,125917.60712427365,96605.37163538205,0.836940709489128,-0.3034224183674264,policy_rebalance
2026-09-04,2026-09-04T14:10:00-04:00,2026-09-04T14:10:00-04:00,SMCI,178,buy,40.599998474121094,40.608118473815914,1.445359945678711,0.0,1.445359945678711,7226.799728393555,0,118689.36203593442,96603.92627543637,0.7621446807313154,-0.22861840726357457,policy_rebalance
2026-09-04,2026-09-04T14:15:00-04:00,2026-09-04T14:15:00-04:00,NVDA,-1,sell,230.22999572753906,230.18394972839357,0.04604599914550781,0.0,0.04604599914550781,230.22999572753906,14,118919.54598566281,96615.73812433469,0.7594317980190702,-0.23085066982177768,policy_rebalance
2026-09-04,2026-09-04T14:15:00-04:00,2026-09-04T14:15:00-04:00,AMD,-1,sell,471.7550048828125,471.66065388183597,0.0943510009765625,0.0,0.0943510009765625,471.7550048828125,28,119391.20663954465,96615.64377333371,0.7545497382064886,-0.23573369670489203,policy_rebalance
2026-09-04,2026-09-04T14:15:00-04:00,2026-09-04T14:15:00-04:00,ORCL,-1,sell,157.88250732421875,157.85093082275392,0.03157650146484375,0.0,0.03157650146484375,157.88250732421875,44,119549.0575703674,96615.61219683224,0.7529158544304204,-0.23736790413140993,policy_rebalance
2026-09-04,2026-09-04T14:15:00-04:00,2026-09-04T14:15:00-04:00,UBER,-1,sell,76.29000091552734,76.27474291534423,0.015258000183105469,0.0,0.015258000183105469,76.29000091552734,19,119625.33231328274,96615.59693883205,0.7521263492641523,-0.2381575656880565,policy_rebalance
2026-09-04,2026-09-04T14:15:00-04:00,2026-09-04T14:15:00-04:00,IWM,1,buy,295.4800109863281,295.53910698852536,0.05909600219726562,0.0,0.05909600219726562,295.4800109863281,-108,119329.79320629421,96615.53784282986,0.7490685019455715,-0.2350994039945724,policy_rebalance
2026-09-04,2026-09-04T14:15:00-04:00,2026-09-04T14:15:00-04:00,AMZN,1,buy,257.4200134277344,257.4714974304199,0.05148400268554688,0.0,0.05148400268554688,257.4200134277344,-14,119072.32170886379,96615.48635882717,0.7464045247915668,-0.23243515295914957,policy_rebalance
2026-09-04,2026-09-04T14:15:00-04:00,2026-09-04T14:15:00-04:00,PLTR,14,buy,174.4600067138672,174.49489871520996,0.48848801879882814,0.0,0.48848801879882814,2442.4400939941406,14,116629.39312685085,96614.99787080837,0.7716884326474481,-0.20715619414291483,policy_rebalance
2026-09-04,2026-09-04T14:15:00-04:00,2026-09-04T14:15:00-04:00,TSM,36,buy,427.45001220703125,427.53550220947267,3.077640087890625,0.0,3.077640087890625,15388.200439453125,36,101238.11504730982,96611.92023072047,0.9309915018955732,-0.04788430667293918,policy_rebalance
2026-09-04,2026-09-04T14:20:00-04:00,2026-09-04T14:20:00-04:00,PLTR,-14,sell,174.69000244140625,174.65506444091798,0.4891320068359375,0.0,0.4891320068359375,2445.6600341796875,0,103683.28594948267,96624.09054542994,0.9063355097678958,-0.07305833735877389,policy_rebalance
2026-09-04,2026-09-04T14:20:00-04:00,2026-09-04T14:20:00-04:00,TSM,-36,sell,427.92999267578125,427.8444066772461,3.081095947265625,0.0,3.081095947265625,15405.479736328125,0,119085.68458986354,96621.00944948268,0.7469220724893786,-0.23250300600643475,policy_rebalance
2026-09-04,2026-09-04T14:20:00-04:00,2026-09-04T14:20:00-04:00,MARA,-1005,sell,11.380000114440918,11.37772411441803,2.2873800230026244,0.0,2.2873800230026244,11436.900115013123,-1005,130520.29732485366,96618.72206945968,0.8653112248672915,-0.3508799798761773,policy_rebalance
2026-09-04,2026-09-04T14:25:00-04:00,2026-09-04T14:25:00-04:00,AMD,-1,sell,471.7799987792969,471.685642779541,0.09435599975585937,0.0,0.09435599975585937,471.7799987792969,27,130991.9829676332,96612.8950808229,0.8600533218152702,-0.35584367757585555,policy_rebalance
2026-09-04,2026-09-04T14:25:00-04:00,2026-09-04T14:25:00-04:00,MARA,1005,buy,11.354999542236328,11.357270542144775,2.282354907989502,0.0,2.282354907989502,11411.77453994751,0,119577.9260727777,96610.6127259149,0.7419523050522665,-0.23773074922960324,policy_rebalance
2026-09-04,2026-09-04T14:25:00-04:00,2026-09-04T14:25:00-04:00,ORCL,15,buy,157.86000061035156,157.89157261047362,0.4735800018310547,0.0,0.4735800018310547,2367.9000091552734,59,117209.5524836206,96610.13914591308,0.7664657919788551,-0.21322206467993624,policy_rebalance
2026-09-04,2026-09-04T14:30:00-04:00,2026-09-04T14:30:00-04:00,AMD,-3,sell,472.1300048828125,472.03557888183593,0.2832780029296875,0.0,0.2832780029296875,1416.3900146484375,24,118625.65922026611,96627.51294951416,0.7515124158658778,-0.22765924113399794,policy_rebalance
2026-09-04,2026-09-04T14:30:00-04:00,2026-09-04T14:30:00-04:00,MSTR,37,buy,141.9199981689453,141.9483821685791,1.0502079864501954,0.0,1.0502079864501954,5251.039932250977,-46,113373.56908002868,96626.4627415277,0.6971768794201927,-0.17331801106389333,policy_rebalance
2026-09-04,2026-09-04T14:35:00-04:00,2026-09-04T14:35:00-04:00,AMD,-18,sell,472.6300048828125,472.53547888183596,1.701468017578125,0.0,1.701468017578125,8507.340087890625,6,121879.20769990173,96591.89135468689,0.6097205528889305,-0.26179543635147834,policy_rebalance
2026-09-04,2026-09-04T14:35:00-04:00,2026-09-04T14:35:00-04:00,ORCL,-1,sell,157.47500610351562,157.44351110229493,0.031495001220703124,0.0,0.031495001220703124,157.47500610351562,58,122036.65121100402,96591.85985968566,0.6080904382686851,-0.26342583514056755,policy_rebalance
2026-09-04,2026-09-04T14:35:00-04:00,2026-09-04T14:35:00-04:00,UBER,-1,sell,76.44000244140625,76.42471444091797,0.01528800048828125,0.0,0.01528800048828125,76.44000244140625,18,122113.07592544494,96591.84457168517,0.6072991633293422,-0.2642172480184837,policy_rebalance
2026-09-04,2026-09-04T14:35:00-04:00,2026-09-04T14:35:00-04:00,MSTR,1,buy,142.4199981689453,142.4484821685791,0.028483999633789062,0.0,0.028483999633789062,142.4199981689453,-45,121970.62744327636,96591.81608768554,0.6058248903978701,-0.26274287391544715,policy_rebalance
2026-09-04,2026-09-04T14:40:00-04:00,2026-09-04T14:40:00-04:00,NVDA,-1,sell,230.14999389648438,230.10396389770509,0.04602999877929687,0.0,0.04602999877929687,230.14999389648438,13,122200.73140717407,96589.33960724731,0.6031138734323316,-0.26515754123662194,policy_rebalance
2026-09-04,2026-09-04T14:40:00-04:00,2026-09-04T14:40:00-04:00,AMD,-1,sell,471.9599914550781,471.8655994567871,0.09439199829101562,0.0,0.09439199829101562,471.9599914550781,5,122672.59700663085,96589.24521524902,0.5982282046264544,-0.27004405856216307,policy_rebalance
2026-09-04,2026-09-04T14:40:00-04:00,2026-09-04T14:40:00-04:00,ORCL,-1,sell,157.27499389648438,157.2435388977051,0.031454998779296875,0.0,0.031454998779296875,157.27499389648438,57,122829.84054552855,96589.21376025023,0.5966001121044533,-0.271672433843511,policy_rebalance
2026-09-04,2026-09-04T14:40:00-04:00,2026-09-04T14:40:00-04:00,UBER,-1,sell,76.43499755859375,76.41971055908203,0.01528699951171875,0.0,0.01528699951171875,76.43499755859375,17,122906.26025608764,96589.19847325073,0.5958088654791472,-0.2724638178887583,policy_rebalance
2026-09-04,2026-09-04T14:40:00-04:00,2026-09-04T14:40:00-04:00,IWM,1,buy,295.510009765625,295.56911176757814,0.059102001953125,0.0,0.059102001953125,295.510009765625,-107,122610.69114432007,96589.13937124878,0.5927497762462138,-0.26940453080397775,policy_rebalance
2026-09-04,2026-09-04T14:40:00-04:00,2026-09-04T14:40:00-04:00,AMZN,1,buy,257.6499938964844,257.7015238952637,0.05152999877929688,0.0,0.05152999877929688,257.6499938964844,-13,122352.9896204248,96589.08784125,0.5900826069493605,-0.266737189003372,policy_rebalance
2026-09-04,2026-09-04T14:40:00-04:00,2026-09-04T14:40:00-04:00,MSTR,1,buy,142.4600067138672,142.48849871520997,0.028492001342773438,0.0,0.028492001342773438,142.4600067138672,-44,122210.5011217096,96589.05934924867,0.5886078726985134,-0.26526235937155584,policy_rebalance
2026-09-04,2026-09-04T14:40:00-04:00,2026-09-04T14:40:00-04:00,META,-13,sell,611.010009765625,610.8878077636718,1.588626025390625,0.0,1.588626025390625,7943.130126953125,-13,130152.04262263734,96587.47072322328,0.6708552402427221,-0.34750440867838017,policy_rebalance
2026-09-04,2026-09-04T14:45:00-04:00,2026-09-04T14:45:00-04:00,AMD,-1,sell,471.93499755859375,471.84061055908205,0.09438699951171875,0.0,0.09438699951171875,471.93499755859375,4,130623.88323319642,96568.70129502504,0.6667209426400634,-0.3526523757850911,policy_rebalance
2026-09-04,2026-09-04T14:45:00-04:00,2026-09-04T14:45:00-04:00,UBER,-1,sell,76.54920196533203,76.53389212493897,0.015309840393066406,0.0,0.015309840393066406,76.54920196533203,16,130700.41712532136,96568.68598518464,0.6659283565776843,-0.35344512345723683,policy_rebalance
2026-09-04,2026-09-04T14:45:00-04:00,2026-09-04T14:45:00-04:00,META,1,buy,611.6300048828125,611.752330883789,0.1223260009765625,0.0,0.1223260009765625,611.6300048828125,-12,130088.66479443757,96568.56365918367,0.6595955654357519,-0.3471119364843752,policy_rebalance
2026-09-04,2026-09-04T14:45:00-04:00,2026-09-04T14:45:00-04:00,MSTR,1,buy,142.86500549316406,142.8935784942627,0.02857300109863281,0.0,0.02857300109863281,142.86500549316406,-43,129945.77121594331,96568.53508618257,0.6581163449138617,-0.34563262350384866,policy_rebalance
2026-09-04,2026-09-04T14:45:00-04:00,2026-09-04T14:45:00-04:00,AVGO,-75,sell,357.42999267578125,357.3585066772461,5.3614498901367185,0.0,5.3614498901367185,26807.249450683594,-75,156747.65921673676,96563.17363629243,0.9357664769349177,-0.6232654055792604,policy_rebalance
2026-09-04,2026-09-04T14:50:00-04:00,2026-09-04T14:50:00-04:00,AMD,-1,sell,471.8999938964844,471.8056138977051,0.09437999877929687,0.0,0.09437999877929687,471.8999938964844,3,157219.46483063448,96538.35426544893,0.9313478621018516,-0.6285699712503108,policy_rebalance
2026-09-04,2026-09-04T14:50:00-04:00,2026-09-04T14:50:00-04:00,ORCL,-1,sell,157.50999450683594,157.47849250793456,0.031501998901367186,0.0,0.031501998901367186,157.50999450683594,56,157376.94332314242,96538.32276345004,0.929716586037802,-0.630201756340501,policy_rebalance
2026-09-04,2026-09-04T14:50:00-04:00,2026-09-04T14:50:00-04:00,AVGO,75,buy,357.5799865722656,357.6515025695801,5.363699798583984,0.0,5.363699798583984,26818.498992919922,0,130553.08063042391,96532.95906365145,0.6519512245245962,-0.35241975276382476,policy_rebalance
2026-09-04,2026-09-04T14:50:00-04:00,2026-09-04T14:50:00-04:00,META,1,buy,612.3499755859375,612.4724455810547,0.1224699951171875,0.0,0.1224699951171875,612.3499755859375,-11,129940.60818484286,96532.83659365634,0.64560861456173,-0.3460767627891494,policy_rebalance
2026-09-04,2026-09-04T14:50:00-04:00,2026-09-04T14:50:00-04:00,MSTR,1,buy,142.86000061035156,142.88857261047363,0.028572000122070312,0.0,0.028572000122070312,142.86000061035156,-42,129797.71961223238,96532.80802165621,0.6441288942758673,-0.34459695384716776,policy_rebalance
2026-09-04,2026-09-04T14:55:00-04:00,2026-09-04T14:55:00-04:00,PLTR,100,buy,174.3300018310547,174.3648678314209,3.486600036621094,0.0,3.486600036621094,17433.00018310547,100,112361.2328290903,96510.90722179049,0.8249422587391542,-0.16423351581261558,policy_rebalance
2026-09-04,2026-09-04T15:00:00-04:00,2026-09-04T15:00:00-04:00,NVDA,-1,sell,230.60000610351562,230.55388610229494,0.04612000122070312,0.0,0.04612000122070312,230.60000610351562,12,112591.78671519259,96451.60708872775,0.8231736157471915,-0.16733966507802375,policy_rebalance
2026-09-04,2026-09-04T15:00:00-04:00,2026-09-04T15:00:00-04:00,AMD,-1,sell,472.1199951171875,472.02557111816407,0.0944239990234375,0.0,0.0944239990234375,472.1199951171875,2,113063.81228631076,96451.51266472873,0.8182795269482595,-0.17223472356859126,policy_rebalance
2026-09-04,2026-09-04T15:00:00-04:00,2026-09-04T15:00:00-04:00,UBER,-1,sell,76.69999694824219,76.68465694885253,0.015339999389648437,0.0,0.015339999389648437,76.69999694824219,15,113140.49694325961,96451.49732472934,0.8174844387778539,-0.17302996927401101,policy_rebalance
2026-09-04,2026-09-04T15:00:00-04:00,2026-09-04T15:00:00-04:00,IWM,1,buy,295.5799865722656,295.6391025695801,0.05911599731445313,0.0,0.05911599731445313,295.5799865722656,-106,112844.85784069003,96451.43820873203,0.8144203926044333,-0.1699655281083602,policy_rebalance
2026-09-04,2026-09-04T15:00:00-04:00,2026-09-04T15:00:00-04:00,META,1,buy,614.8800048828125,615.0029808837891,0.1229760009765625,0.0,0.1229760009765625,614.8800048828125,-10,112229.85485980625,96451.31523273105,0.808046401236494,-0.16359071505663303,policy_rebalance
2026-09-04,2026-09-04T15:00:00-04:00,2026-09-04T15:00:00-04:00,AMZN,1,buy,258.2200012207031,258.2716452209473,0.05164400024414063,0.0,0.05164400024414063,258.2200012207031,-12,111971.5832145853,96451.26358873081,0.8053696268650038,-0.16091359561688373,policy_rebalance
2026-09-04,2026-09-04T15:05:00-04:00,2026-09-04T15:05:00-04:00,NVDA,-12,sell,230.13250732421875,230.0864808227539,0.552318017578125,0.0,0.552318017578125,2761.590087890625,0,114732.62098445835,96431.81747188511,0.7765969666441208,-0.18977972200833898,policy_rebalance
2026-09-04,2026-09-04T15:05:00-04:00,2026-09-04T15:05:00-04:00,AMD,-1,sell,471.75311279296875,471.65876217041017,0.09435062255859375,0.0,0.09435062255859375,471.75311279296875,1,115204.27974662876,96431.72312126255,0.7717056318725483,-0.19467200230114926,policy_rebalance
2026-09-04,2026-09-04T15:05:00-04:00,2026-09-04T15:05:00-04:00,ORCL,-1,sell,157.19500732421875,157.16356832275392,0.03143900146484375,0.0,0.03143900146484375,157.19500732421875,55,115361.44331495151,96431.69168226108,0.7700757657680772,-0.1963021834674774,policy_rebalance
2026-09-04,2026-09-04T15:05:00-04:00,2026-09-04T15:05:00-04:00,PLTR,-82,sell,173.97000122070312,173.93520722045898,2.853108020019531,0.0,2.853108020019531,14265.540100097656,18,129624.13030702915,96428.83857424106,0.6221600260200256,-0.34424651612111723,policy_rebalance
2026-09-04,2026-09-04T15:05:00-04:00,2026-09-04T15:05:00-04:00,UBER,-1,sell,76.69999694824219,76.68465694885253,0.015339999389648437,0.0,0.015339999389648437,76.69999694824219,14,129700.814963978,96428.82323424167,0.6213647196951985,-0.34504197618292115,policy_rebalance
2026-09-04,2026-09-04T15:05:00-04:00,2026-09-04T15:05:00-04:00,IWM,1,buy,295.4700012207031,295.5290952209473,0.059094000244140625,0.0,0.059094000244140625,295.4700012207031,-105,129405.28586875706,96428.76414024143,0.6183009732609485,-0.34197806041106293,policy_rebalance
2026-09-04,2026-09-04T15:05:00-04:00,2026-09-04T15:05:00-04:00,META,1,buy,613.625,613.747725,0.122725,0.0,0.122725,613.625,-9,128791.53814375706,96428.64141524144,0.6119382462743574,-0.3356149817475326,policy_rebalance
2026-09-04,2026-09-04T15:05:00-04:00,2026-09-04T15:05:00-04:00,AMZN,1,buy,258.0799865722656,258.1316025695801,0.05161599731445313,0.0,0.05161599731445313,258.0799865722656,-11,128533.40654118748,96428.58979924412,0.6092621892947145,-0.3329387768584273,policy_rebalance
2026-09-04,2026-09-04T15:05:00-04:00,2026-09-04T15:05:00-04:00,MSTR,1,buy,143.85000610351562,143.87877610473632,0.028770001220703126,0.0,0.028770001220703126,143.85000610351562,-41,128389.52776508273,96428.56102924289,0.6077705930695467,-0.3314470981906219,policy_rebalance
2026-09-04,2026-09-04T15:05:00-04:00,2026-09-04T15:05:00-04:00,HOOD,-7,sell,123.25,123.22535,0.17255,0.0,0.17255,862.75,-7,129252.10521508273,96428.38847924289,0.6167187346326672,-0.34039474529749564,policy_rebalance
2026-09-04,2026-09-04T15:10:00-04:00,2026-09-04T15:10:00-04:00,AMD,-1,sell,471.53179931640625,471.437492956543,0.09430635986328124,0.0,0.09430635986328124,471.53179931640625,0,129723.54270803927,96418.84499990939,0.6117864542086875,-0.3454168913572983,policy_rebalance
2026-09-04,2026-09-04T15:10:00-04:00,2026-09-04T15:10:00-04:00,ORCL,-1,sell,157.05499267578125,157.02358167724609,0.03141099853515625,0.0,0.03141099853515625,157.05499267578125,54,129880.56628971652,96418.81358891085,0.6101577702412421,-0.3470458871592474,policy_rebalance
2026-09-04,2026-09-04T15:10:00-04:00,2026-09-04T15:10:00-04:00,PLTR,-1,sell,173.87989807128906,173.8451220916748,0.03477597961425781,0.0,0.03477597961425781,173.87989807128906,17,130054.41141180819,96418.77881293124,0.6083546082288459,-0.34884939441242846,policy_rebalance
2026-09-04,2026-09-04T15:10:00-04:00,2026-09-04T15:10:00-04:00,UBER,-1,sell,76.69000244140625,76.67466444091797,0.01533800048828125,0.0,0.01533800048828125,76.69000244140625,13,130131.0860762491,96418.76347493075,0.6075593203747545,-0.3496448345355901,policy_rebalance
2026-09-04,2026-09-04T15:10:00-04:00,2026-09-04T15:10:00-04:00,IWM,1,buy,295.44000244140625,295.4990904418945,0.05908800048828125,0.0,0.05908800048828125,295.44000244140625,-104,129835.58698580721,96418.70438693026,0.6044955569187499,-0.3465809130225844,policy_rebalance
2026-09-04,2026-09-04T15:10:00-04:00,2026-09-04T15:10:00-04:00,META,1,buy,615.135009765625,615.2580367675781,0.123027001953125,0.0,0.123027001953125,615.135009765625,-8,129220.32894903963,96418.5813599283,0.5981164894007001,-0.34020151641376234,policy_rebalance
2026-09-04,2026-09-04T15:10:00-04:00,2026-09-04T15:10:00-04:00,AMZN,1,buy,258.0899963378906,258.1416143371582,0.051617999267578124,0.0,0.051617999267578124,258.0899963378906,-10,128962.18733470247,96418.52974192903,0.59544004200566,-0.3375249309430337,policy_rebalance
2026-09-04,2026-09-04T15:10:00-04:00,2026-09-04T15:10:00-04:00,MSTR,1,buy,143.64500427246094,143.67373327331543,0.028729000854492186,0.0,0.028729000854492186,143.64500427246094,-40,128818.51360142915,96418.50101292817,0.593950411941242,-0.33603522402984315,policy_rebalance
2026-09-04,2026-09-04T15:10:00-04:00,2026-09-04T15:10:00-04:00,HOOD,7,buy,122.91000366210938,122.9345856628418,0.17207400512695312,0.0,0.17207400512695312,860.3700256347656,0,127957.97150178926,96418.32893892305,0.5850281683006839,-0.3271125200981781,policy_rebalance
2026-09-04,2026-09-04T15:15:00-04:00,2026-09-04T15:15:00-04:00,PLTR,-17,sell,174.02000427246094,173.98520027160646,0.5916680145263672,0.0,0.5916680145263672,2958.340072631836,0,130915.71990640656,96412.86555154817,0.5545444930218938,-0.3578656661377944,policy_rebalance
2026-09-04,2026-09-04T15:15:00-04:00,2026-09-04T15:15:00-04:00,MSTR,-23,sell,143.68499755859375,143.65626055908203,0.6609509887695313,0.0,0.6609509887695313,3304.7549438476562,-63,134219.81389926546,96412.2046005594,0.5888256453331797,-0.39214547012325746,policy_rebalance
2026-09-04,2026-09-04T15:20:00-04:00,2026-09-04T15:20:00-04:00,META,8,buy,616.155029296875,616.2782603027343,0.985848046875,0.0,0.985848046875,4929.240234375,0,129289.58781684359,96349.0886408182,0.5382082937430663,-0.3418869824376334,policy_rebalance
2026-09-04,2026-09-04T15:20:00-04:00,2026-09-04T15:20:00-04:00,AMD,-14,sell,471.8999938964844,471.8056138977051,1.3213199829101563,0.0,1.3213199829101563,6606.599914550781,-14,135894.86641141147,96347.7673208353,0.6067860225649716,-0.41046201889541944,policy_rebalance
2026-09-04,2026-09-04T15:20:00-04:00,2026-09-04T15:20:00-04:00,PLTR,104,buy,173.9199981689453,173.9547821685791,3.6175359619140623,0.0,3.6175359619140623,18087.679809570312,104,117803.56906587924,96344.14978487339,0.7945491085460193,-0.2227371286053439,policy_rebalance
2026-09-04,2026-09-04T15:25:00-04:00,2026-09-04T15:25:00-04:00,ORCL,-1,sell,156.82000732421875,156.7886433227539,0.03136400146484375,0.0,0.03136400146484375,156.82000732421875,53,117960.357709202,96357.75941971225,0.7934494188873515,-0.22419157958409755,policy_rebalance
2026-09-04,2026-09-04T15:25:00-04:00,2026-09-04T15:25:00-04:00,PLTR,-1,sell,174.22999572753906,174.19514972839355,0.03484599914550781,0.0,0.03484599914550781,174.22999572753906,103,118134.55285893039,96357.7245737131,0.791641547770008,-0.2259998187125946,policy_rebalance
2026-09-04,2026-09-04T15:25:00-04:00,2026-09-04T15:25:00-04:00,UBER,-1,sell,76.5250015258789,76.50969652557373,0.015305000305175781,0.0,0.015305000305175781,76.5250015258789,12,118211.06255545597,96357.7092687128,0.790847497288397,-0.22679403083152075,policy_rebalance
2026-09-04,2026-09-04T15:25:00-04:00,2026-09-04T15:25:00-04:00,IWM,1,buy,295.7349853515625,295.7941323486328,0.0591469970703125,0.0,0.0591469970703125,295.7349853515625,-103,117915.26842310734,96357.65012171573,0.7877788441121992,-0.2237250314236674,policy_rebalance
2026-09-04,2026-09-04T15:25:00-04:00,2026-09-04T15:25:00-04:00,AMD,1,buy,472.04998779296875,472.1443977905273,0.09440999755859375,0.0,0.09440999755859375,472.04998779296875,-13,117443.1240253168,96357.55571171817,0.7828806748912377,-0.21882630954942736,policy_rebalance
2026-09-04,2026-09-04T15:25:00-04:00,2026-09-04T15:25:00-04:00,AMZN,1,buy,258.19000244140625,258.2416404418945,0.05163800048828125,0.0,0.05163800048828125,258.19000244140625,-9,117184.88238487492,96357.50407371769,0.7802015937077811,-0.21614692608915415,policy_rebalance
2026-09-04,2026-09-04T15:25:00-04:00,2026-09-04T15:25:00-04:00,MSTR,1,buy,144.15499877929688,144.18382977905273,0.028830999755859375,0.0,0.028830999755859375,144.15499877929688,-62,117040.69855509586,96357.47524271793,0.7787057833990918,-0.21465094701037252,policy_rebalance
2026-09-04,2026-09-04T15:30:00-04:00,2026-09-04T15:30:00-04:00,ORCL,-1,sell,157.30999755859375,157.27853555908203,0.03146199951171875,0.0,0.03146199951171875,157.30999755859375,52,117197.97709065494,96377.36654072818,0.7774351320221898,-0.21603215876549356,policy_rebalance
2026-09-04,2026-09-04T15:30:00-04:00,2026-09-04T15:30:00-04:00,PLTR,-1,sell,174.3300018310547,174.29513583068848,0.03486600036621094,0.0,0.03486600036621094,174.3300018310547,102,117372.27222648563,96377.33167472781,0.7756265854194915,-0.21784106477045298,policy_rebalance
2026-09-04,2026-09-04T15:30:00-04:00,2026-09-04T15:30:00-04:00,UBER,-12,sell,76.43000030517578,76.41471430511474,0.18343200073242188,0.0,0.18343200073242188,917.1600036621094,0,118289.248798147,96377.14824272708,0.7661116978590482,-0.22735784317081073,policy_rebalance
2026-09-04,2026-09-04T15:30:00-04:00,2026-09-04T15:30:00-04:00,IWM,1,buy,295.81500244140625,295.87416544189455,0.05916300048828125,0.0,0.05916300048828125,295.81500244140625,-102,117993.3746327051,96377.08907972659,0.763042818317252,-0.22428863290420348,policy_rebalance
2026-09-04,2026-09-04T15:30:00-04:00,2026-09-04T15:30:00-04:00,AMD,13,buy,471.6499938964844,471.7443238952637,1.2262899841308594,0.0,1.2262899841308594,6131.449920654297,0,111860.69842206668,96375.86278974246,0.6994323454101163,-0.1606713048692137,policy_rebalance
2026-09-04,2026-09-04T15:30:00-04:00,2026-09-04T15:30:00-04:00,AMZN,1,buy,258.4049987792969,258.4566797790527,0.05168099975585937,0.0,0.05168099975585937,258.4049987792969,-8,111602.24174228763,96375.81110874271,0.6967514979189869,-0.15799016847043335,policy_rebalance
2026-09-04,2026-09-04T15:30:00-04:00,2026-09-04T15:30:00-04:00,MSTR,1,buy,144.32000732421875,144.3488713256836,0.02886400146484375,0.0,0.02886400146484375,144.32000732421875,-61,111457.89287096195,96375.78224474125,0.6952542348833259,-0.15649274407880265,policy_rebalance
2026-09-04,2026-09-04T15:35:00-04:00,2026-09-04T15:35:00-04:00,ORCL,-11,sell,157.38999938964844,157.35852138977052,0.34625799865722656,0.0,0.34625799865722656,1731.2899932861328,41,113188.83660624943,96396.25788615666,0.6769107139130284,-0.1742036370325153,policy_rebalance
2026-09-04,2026-09-04T15:35:00-04:00,2026-09-04T15:35:00-04:00,PLTR,-71,sell,174.2799072265625,174.2450512451172,2.4747746826171877,0.0,2.4747746826171877,12373.873413085938,31,125560.23524465275,96393.78311147404,0.5485601314145596,-0.3025760706937846,policy_rebalance
2026-09-04,2026-09-04T15:35:00-04:00,2026-09-04T15:35:00-04:00,IWM,1,buy,296.0199890136719,296.0791930114746,0.05920399780273437,0.0,0.05920399780273437,296.0199890136719,-101,125264.15605164127,96393.72390747623,0.5454895216272984,-0.2995053098257351,policy_rebalance
2026-09-04,2026-09-04T15:35:00-04:00,2026-09-04T15:35:00-04:00,AMZN,1,buy,258.55999755859375,258.6117095581055,0.05171199951171875,0.0,0.05171199951171875,258.55999755859375,-7,125005.54434208317,96393.67219547673,0.5428074805418582,-0.29682313677794564,policy_rebalance
2026-09-04,2026-09-04T15:35:00-04:00,2026-09-04T15:35:00-04:00,MSTR,1,buy,143.60000610351562,143.62872610473633,0.028720001220703124,0.0,0.028720001220703124,143.60000610351562,-60,124861.91561597843,96393.6434754755,0.5413179174182426,-0.2953335003645322,policy_rebalance
2026-09-04,2026-09-04T15:35:00-04:00,2026-09-04T15:35:00-04:00,INTC,-32,sell,94.94499969482422,94.92601069488525,0.607647998046875,0.0,0.607647998046875,3038.239990234375,-32,127899.54795821477,96393.03582747746,0.5728406191870881,-0.32685465148257287,policy_rebalance
2026-09-04,2026-09-04T15:40:00-04:00,2026-09-04T15:40:00-04:00,ORCL,-1,sell,157.0749969482422,157.04358194885253,0.03141499938964844,0.0,0.03141499938964844,157.0749969482422,40,128056.59154016362,96427.63605005131,0.5701669905941186,-0.3280071646026365,policy_rebalance
2026-09-04,2026-09-04T15:40:00-04:00,2026-09-04T15:40:00-04:00,PLTR,-1,sell,173.9499969482422,173.91520694885256,0.03478999938964844,0.0,0.03478999938964844,173.9499969482422,30,128230.50674711246,96427.60126005192,0.5683632522602164,-0.3298112269877222,policy_rebalance
2026-09-04,2026-09-04T15:40:00-04:00,2026-09-04T15:40:00-04:00,IWM,1,buy,295.9049987792969,295.96417977905276,0.05918099975585937,0.0,0.05918099975585937,295.9049987792969,-100,127934.54256733341,96427.54207905216,0.5652949238957825,-0.32674275221545657,policy_rebalance
2026-09-04,2026-09-04T15:40:00-04:00,2026-09-04T15:40:00-04:00,AMZN,1,buy,258.3999938964844,258.45167389526364,0.051679998779296875,0.0,0.051679998779296875,258.3999938964844,-6,127676.09089343814,96427.49039905338,0.5626154931817168,-0.3240631936501329,policy_rebalance
2026-09-04,2026-09-04T15:40:00-04:00,2026-09-04T15:40:00-04:00,MSTR,1,buy,142.82000732421875,142.8485713256836,0.02856400146484375,0.0,0.02856400146484375,142.82000732421875,-59,127533.24232211246,96427.46183505192,0.5611345464259188,-0.32258217622973273,policy_rebalance
2026-09-04,2026-09-04T15:40:00-04:00,2026-09-04T15:40:00-04:00,SNDK,4,buy,1723.8699951171875,1724.2147691162108,1.37909599609375,0.0,1.37909599609375,6895.47998046875,4,120636.38324564762,96426.08273905583,0.6326530986991388,-0.2510762629662006,policy_rebalance
2026-09-04,2026-09-04T15:40:00-04:00,2026-09-04T15:40:00-04:00,INTC,-139,sell,95.0,94.98100000000001,2.641,0.0,2.641,13205.0,-171,133838.74224564762,96423.44173905582,0.7696184527525024,-0.38803116578068503,policy_rebalance
2026-09-04,2026-09-04T15:45:00-04:00,2026-09-04T15:45:00-04:00,ORCL,-40,sell,157.625,157.593475,1.261,0.0,1.261,6305.0,0,140142.48124564762,96415.63133872623,0.7047630059037264,-0.45352448871387613,policy_rebalance
2026-09-04,2026-09-04T15:45:00-04:00,2026-09-04T15:45:00-04:00,PLTR,-1,sell,173.99000549316406,173.95520749206543,0.03479800109863281,0.0,0.03479800109863281,173.99000549316406,29,140316.4364531397,96415.59654072515,0.7029586766521221,-0.4553292360108066,policy_rebalance
2026-09-04,2026-09-04T15:45:00-04:00,2026-09-04T15:45:00-04:00,IWM,1,buy,295.9549865722656,296.01417756958006,0.059190997314453125,0.0,0.059190997314453125,295.9549865722656,-99,140020.42227557013,96415.53734972785,0.699889530476296,-0.45225993781141716,policy_rebalance
2026-09-04,2026-09-04T15:45:00-04:00,2026-09-04T15:45:00-04:00,AMZN,1,buy,258.45001220703125,258.5017022094726,0.05169000244140625,0.0,0.05169000244140625,258.45001220703125,-5,139761.92057336067,96415.48565972541,0.6972093195833332,-0.4495795941599648,policy_rebalance
2026-09-04,2026-09-04T15:45:00-04:00,2026-09-04T15:45:00-04:00,INTC,13,buy,95.04650115966797,95.0655104598999,0.24712090301513673,0.0,0.24712090301513673,1235.6045150756836,-158,138526.06893738196,96415.23853882239,0.6843956581870428,-0.4367652980664804,policy_rebalance
2026-09-04,2026-09-04T15:45:00-04:00,2026-09-04T15:45:00-04:00,MARA,271,buy,11.234999656677246,11.237246656608582,0.6089369813919068,0.0,0.6089369813919068,3044.6849069595337,271,135480.77509344104,96414.629601841,0.7159790566127892,-0.40518898068612275,policy_rebalance
2026-09-04,2026-09-04T15:50:00-04:00,2026-09-04T15:50:00-04:00,SNDK,-1,sell,1723.7099609375,1723.3652189453126,0.3447419921875,0.0,0.3447419921875,1723.7099609375,3,137204.14031238636,96378.24416942676,0.6988021672665363,-0.4236007461516968,policy_rebalance
2026-09-04,2026-09-04T15:50:00-04:00,2026-09-04T15:50:00-04:00,PLTR,-29,sell,174.08999633789062,174.05517833862305,1.0097219787597655,0.0,1.0097219787597655,5048.609893798828,0,142251.7404842064,96377.23444744799,0.6464256457069328,-0.4759890268668438,policy_rebalance
2026-09-04,2026-09-04T15:50:00-04:00,2026-09-04T15:50:00-04:00,MARA,-252,sell,11.225000381469727,11.222755381393434,0.5657400192260742,0.0,0.5657400192260742,2828.700096130371,19,145079.87484031756,96376.66870742876,0.6170789747210417,-0.5053422865313743,policy_rebalance
2026-09-04,2026-09-04T15:50:00-04:00,2026-09-04T15:50:00-04:00,IWM,1,buy,295.8900146484375,295.9491926513672,0.0591780029296875,0.0,0.0591780029296875,295.8900146484375,-98,144783.92564766618,96376.60952942583,0.6140092101942378,-0.5022724533950385,policy_rebalance
2026-09-04,2026-09-04T15:50:00-04:00,2026-09-04T15:50:00-04:00,AMZN,1,buy,259.0299987792969,259.08180477905273,0.051805999755859374,0.0,0.051805999755859374,259.0299987792969,-4,144524.84384288712,96376.55772342606,0.6113218534807769,-0.49958503661889714,policy_rebalance
2026-09-04,2026-09-04T15:50:00-04:00,2026-09-04T15:50:00-04:00,GOOGL,-89,sell,338.8299865722656,338.7622205749512,6.031173760986328,0.0,6.031173760986328,30155.86880493164,-89,174674.68147405778,96370.52654966508,0.9242759990380389,-0.8125321893311253,policy_rebalance
2026-09-04,2026-09-04T15:55:00-04:00,,SNDK,-3,sell,1728.824951171875,1728.4791861816407,1.037294970703125,0.0,1.037294970703125,5186.474853515625,0,179860.1190326027,96382.90399334946,0.870541160059766,-0.8660998121099699,scheduled_1555_liquidation
2026-09-04,2026-09-04T15:55:00-04:00,,MARA,-19,sell,11.265000343322754,11.26274734325409,0.04280700130462647,0.0,0.04280700130462647,214.03500652313232,0,180074.11123212453,96382.86118634816,0.8683208717363803,-0.8683208717363803,scheduled_1555_liquidation
2026-09-04,2026-09-04T15:55:00-04:00,,IWM,98,buy,296.1300048828125,296.18923088378904,5.804148095703125,0.0,5.804148095703125,29020.740478515625,0,151047.56660551322,96377.05703825247,0.5672564741789301,-0.5672564741789301,scheduled_1555_liquidation
2026-09-04,2026-09-04T15:55:00-04:00,,AMZN,4,buy,259.010009765625,259.0618117675781,0.2072080078125,0.0,0.2072080078125,1036.0400390625,0,150011.3193584429,96376.84983024467,0.5565078089050266,-0.5565078089050266,scheduled_1555_liquidation
2026-09-04,2026-09-04T15:55:00-04:00,,GOOGL,89,buy,338.54998779296875,338.61769779052736,6.026189782714844,0.0,6.026189782714844,30130.94891357422,0,119874.34425508598,96370.82364046195,0.24388626896362758,-0.24388626896362758,scheduled_1555_liquidation
2026-09-04,2026-09-04T15:55:00-04:00,,MSTR,59,buy,142.86000061035156,142.88857261047363,1.6857480072021485,0.0,1.6857480072021485,8428.740036010742,0,111443.91847106803,96369.13789245475,0.15642747157742878,-0.15642747157742878,scheduled_1555_liquidation
2026-09-04,2026-09-04T15:55:00-04:00,,INTC,158,buy,95.41000366210938,95.4290856628418,3.014956115722656,0.0,3.014956115722656,15074.780578613281,0,96366.12293633903,96366.12293633903,0.0,0.0,scheduled_1555_liquidation
2026-09-08,2026-09-08T09:35:00-04:00,2026-09-08T09:35:00-04:00,AVGO,-182,sell,368.6700134277344,368.59627942504886,13.41958848876953,0.0,13.41958848876953,67097.94244384766,-182,163450.64579169793,96352.70334785027,0.6963784109057349,-0.6963784109057349,policy_rebalance
2026-09-08,2026-09-08T09:35:00-04:00,2026-09-08T09:35:00-04:00,UBER,326,buy,73.76000213623047,73.77475413665772,4.809152139282227,0.0,4.809152139282227,24045.760696411133,326,139400.0759431475,96347.89419571098,0.9459854198278487,-0.44684092067424797,policy_rebalance
2026-09-08,2026-09-08T09:40:00-04:00,2026-09-08T09:40:00-04:00,UBER,-326,sell,73.83999633789062,73.82522833862305,4.814367761230469,0.0,4.814367761230469,24071.838806152344,0,163467.10038153862,96261.77860419487,0.698151672988256,-0.698151672988256,policy_rebalance
2026-09-08,2026-09-08T09:40:00-04:00,2026-09-08T09:40:00-04:00,AVGO,57,buy,369.260009765625,369.3338617675781,4.209564111328125,0.0,4.209564111328125,21047.820556640625,-125,142415.07026078668,96257.56904008356,0.47952074502818814,-0.47952074502818814,policy_rebalance
2026-09-08,2026-09-08T09:40:00-04:00,2026-09-08T09:40:00-04:00,HOOD,367,buy,122.24839782714844,122.27284750671386,8.973032400512695,0.0,8.973032400512695,44865.16200256348,367,97540.9352258227,96248.59600768305,0.9457038024326163,-0.01342709682784866,policy_rebalance
2026-09-08,2026-09-08T09:45:00-04:00,2026-09-08T09:45:00-04:00,HOOD,-367,sell,122.84429931640625,122.81973045654297,9.016771569824218,0.0,9.016771569824218,45083.857849121094,0,142615.77630337398,97005.15008267085,0.47018767747725054,-0.47018767747725054,policy_rebalance
2026-09-08,2026-09-08T09:45:00-04:00,2026-09-08T09:45:00-04:00,AVGO,79,buy,364.885009765625,364.9579867675781,5.765183154296875,0.0,5.765183154296875,28825.915771484375,-46,113784.09534873531,96999.38489951656,0.17303934933820805,-0.17303934933820805,policy_rebalance
2026-09-08,2026-09-08T09:45:00-04:00,2026-09-08T09:45:00-04:00,MU,-20,sell,1010.3049926757812,1010.1029316772461,4.041219970703125,0.0,4.041219970703125,20206.099853515625,-20,133986.15398228023,96995.34367954585,0.3813668666915081,-0.3813668666915081,policy_rebalance
2026-09-08,2026-09-08T09:45:00-04:00,2026-09-08T09:45:00-04:00,MSTR,250,buy,137.44000244140625,137.46749044189454,6.872000122070313,0.0,6.872000122070313,34360.00061035156,250,99619.2813718066,96988.47167942379,0.7356628027805401,-0.027124973172878045,policy_rebalance
2026-09-08,2026-09-08T09:45:00-04:00,2026-09-08T09:45:00-04:00,MARA,1743,buy,11.414999961853027,11.417282961845398,3.9792689867019653,0.0,3.9792689867019653,19896.344933509827,1743,79718.95716931007,96984.49241043709,0.940842742780351,0.17802366968174146,policy_rebalance
2026-09-08,2026-09-08T09:50:00-04:00,2026-09-08T09:50:00-04:00,MSTR,-250,sell,137.43499755859375,137.40751055908203,6.8717498779296875,0.0,6.8717498779296875,34358.74938964844,0,114070.83480908058,96822.9804647126,0.5928411629726552,-0.17813802324184813,policy_rebalance
2026-09-08,2026-09-08T09:50:00-04:00,2026-09-08T09:50:00-04:00,MARA,-1743,sell,11.51830005645752,11.515996396446228,4.015279399681091,0.0,4.015279399681091,20076.396998405457,0,134143.21652808634,96818.9651853129,0.3855055801446987,-0.3855055801446987,policy_rebalance
2026-09-08,2026-09-08T09:50:00-04:00,2026-09-08T09:50:00-04:00,AVGO,1,buy,367.32720947265625,367.4006749145508,0.07346544189453125,0.0,0.07346544189453125,367.32720947265625,-45,133775.81585317178,96818.891719871,0.3817119105249558,-0.3817119105249558,policy_rebalance
2026-09-08,2026-09-08T09:50:00-04:00,2026-09-08T09:50:00-04:00,MU,12,buy,1021.3599853515625,1021.5642573486327,2.45126396484375,0.0,2.45126396484375,12256.31982421875,-8,121517.04476498818,96816.44045590615,0.25512820129275066,-0.25512820129275066,policy_rebalance
2026-09-08,2026-09-08T09:55:00-04:00,2026-09-08T09:55:00-04:00,AVGO,45,buy,367.75,367.82355,3.30975,0.0,3.30975,16548.75,0,104964.98501498818,96808.74478061318,0.08425106897996223,-0.08425106897996223,policy_rebalance
2026-09-08,2026-09-08T09:55:00-04:00,2026-09-08T09:55:00-04:00,TSLA,188,buy,358.67999267578125,358.7517286743164,13.486367724609375,0.0,13.486367724609375,67431.83862304688,188,37519.660024216704,96795.25841288858,0.7809068346612017,0.6123812194996853,policy_rebalance
2026-09-08,2026-09-08T09:55:00-04:00,2026-09-08T09:55:00-04:00,MARA,-782,sell,11.515000343322754,11.51269734325409,1.8009460536956787,0.0,1.8009460536956787,9004.730268478394,-782,46522.5893466414,96793.45746683488,0.8739517250417982,0.5193622527371563,policy_rebalance
2026-09-08,2026-09-08T09:55:00-04:00,2026-09-08T09:55:00-04:00,HOOD,15,buy,123.90499877929688,123.92977977905274,0.3717149963378906,0.0,0.3717149963378906,1858.5749816894531,15,44663.642649955604,96793.08575183855,0.8931566075828677,0.5385657735464101,policy_rebalance
2026-09-08,2026-09-08T10:00:00-04:00,2026-09-08T10:00:00-04:00,TSLA,-115,sell,360.20001220703125,360.12797220458987,8.284600280761719,0.0,8.284600280761719,41423.001403808594,73,86078.35945348344,97013.36028127275,0.467528399519381,0.11271644231356633,policy_rebalance
2026-09-08,2026-09-08T10:00:00-04:00,2026-09-08T10:00:00-04:00,HOOD,-1,sell,123.41000366210938,123.38532166137695,0.024682000732421876,0.0,0.024682000732421876,123.41000366210938,14,86201.74477514482,97013.33559927202,0.4662564252762159,0.11144437779962621,policy_rebalance
2026-09-08,2026-09-08T10:00:00-04:00,2026-09-08T10:00:00-04:00,MARA,782,buy,11.545000076293945,11.547309076309205,1.805638011932373,0.0,1.805638011932373,9028.190059661865,0,77171.74907747102,97011.52996126008,0.3732020411948392,0.20450951440217205,policy_rebalance
2026-09-08,2026-09-08T10:00:00-04:00,2026-09-08T10:00:00-04:00,SNDK,1,buy,1780.4849853515625,1780.8410823486329,0.3560969970703125,0.0,0.3560969970703125,1780.4849853515625,1,75390.90799512238,97011.17386426301,0.39155681220265276,0.22286366619366413,policy_rebalance
2026-09-08,2026-09-08T10:00:00-04:00,2026-09-08T10:00:00-04:00,ORCL,325,buy,164.67999267578125,164.7129286743164,10.704199523925782,0.0,10.704199523925782,53520.997619628906,325,21859.20617596955,97000.46966473908,0.9433602117827763,0.7746484501413126,policy_rebalance
2026-09-08,2026-09-08T10:05:00-04:00,2026-09-08T10:05:00-04:00,SNDK,-1,sell,1775.10498046875,1774.7499594726562,0.35502099609375,0.0,0.35502099609375,1775.10498046875,0,23633.956135442208,96579.56541888947,0.9242718069037642,0.7552903035653983,policy_rebalance
2026-09-08,2026-09-08T10:05:00-04:00,2026-09-08T10:05:00-04:00,TSLA,-73,sell,361.32000732421875,361.24774332275393,5.275272106933594,0.0,5.275272106933594,26376.36053466797,0,50005.041398003246,96574.29014678254,0.6512023936126702,0.48221165983202197,policy_rebalance
2026-09-08,2026-09-08T10:05:00-04:00,2026-09-08T10:05:00-04:00,ORCL,-1,sell,163.08999633789062,163.05737833862304,0.03261799926757813,0.0,0.03261799926757813,163.08999633789062,324,50168.09877634187,96574.25752878327,0.6495138612895499,0.48052307043220477,policy_rebalance
2026-09-08,2026-09-08T10:05:00-04:00,2026-09-08T10:05:00-04:00,HOOD,-14,sell,123.22000122070312,123.19535722045899,0.34501600341796873,0.0,0.34501600341796873,1725.0800170898438,0,51892.83377742829,96573.91251277985,0.6316533865553923,0.4626619919684709,policy_rebalance
2026-09-08,2026-09-08T10:05:00-04:00,2026-09-08T10:05:00-04:00,MU,1,buy,1020.010009765625,1020.2140117675781,0.204002001953125,0.0,0.204002001953125,1020.010009765625,-7,50872.61976566071,96573.7085107779,0.6210927363853058,0.4732249537669646,policy_rebalance
2026-09-08,2026-09-08T10:05:00-04:00,2026-09-08T10:05:00-04:00,NVDA,-133,sell,228.26199340820312,228.2163410095215,6.071769024658203,0.0,6.071769024658203,30358.845123291016,-133,81225.39311992707,96567.63674175325,0.9355108714808834,0.1588756247898588,policy_rebalance
2026-09-08,2026-09-08T10:10:00-04:00,2026-09-08T10:10:00-04:00,ORCL,-6,sell,162.5800018310547,162.5474858306885,0.19509600219726564,0.0,0.19509600219726564,975.4800109863281,318,82200.67803491121,96298.18619836336,0.9273629808264903,0.14639432703761293,policy_rebalance
2026-09-08,2026-09-08T10:10:00-04:00,2026-09-08T10:10:00-04:00,NVDA,-9,sell,229.20249938964844,229.1566588897705,0.4125644989013672,0.0,0.4125644989013672,2062.822494506836,-142,84263.08796491915,96297.77363386446,0.9487882434643875,0.12497366465296085,policy_rebalance
2026-09-08,2026-09-08T10:15:00-04:00,2026-09-08T10:15:00-04:00,ORCL,-136,sell,162.77000427246094,162.73745027160646,4.4273441162109375,0.0,4.4273441162109375,22136.720581054688,182,106395.38120185763,96445.20145332247,0.7174899348123773,-0.10316925672399412,policy_rebalance
2026-09-08,2026-09-08T10:15:00-04:00,2026-09-08T10:15:00-04:00,NVDA,1,buy,228.50999450683594,228.5556965057373,0.04570199890136719,0.0,0.04570199890136719,228.50999450683594,-141,106166.8255053519,96445.15575132357,0.7151209490193351,-0.1007999798257872,policy_rebalance
2026-09-08,2026-09-08T10:15:00-04:00,2026-09-08T10:15:00-04:00,MU,1,buy,1017.9859008789062,1018.189498059082,0.20359718017578124,0.0,0.20359718017578124,1017.9859008789062,-6,105148.63600729281,96444.9521541434,0.7045673608684132,-0.09024509483128498,policy_rebalance
2026-09-08,2026-09-08T10:15:00-04:00,2026-09-08T10:15:00-04:00,PLTR,135,buy,172.1649932861328,172.19942628479004,4.648454818725586,0.0,4.648454818725586,23242.27409362793,135,81901.71345884615,96440.30369932466,0.9456029896615903,0.15075222373631247,policy_rebalance
2026-09-08,2026-09-08T10:20:00-04:00,2026-09-08T10:20:00-04:00,ORCL,-182,sell,163.2449951171875,163.21234611816408,5.942117822265625,0.0,5.942117822265625,29710.589111328125,0,111606.360452352,96674.00826424165,0.6370445529374608,-0.15446087791555466,policy_rebalance
2026-09-08,2026-09-08T10:20:00-04:00,2026-09-08T10:20:00-04:00,NVDA,122,buy,228.18499755859375,228.23063455810546,5.567713940429687,0.0,5.567713940429687,27838.569702148438,-19,83762.22303626314,96668.44055030122,0.3491013249112832,0.13351014499217417,policy_rebalance
2026-09-08,2026-09-08T10:25:00-04:00,2026-09-08T10:25:00-04:00,PLTR,-1,sell,172.9149932861328,172.8804102874756,0.03458299865722656,0.0,0.03458299865722656,172.9149932861328,134,83935.10344655061,96668.5924297049,0.34765923836087753,0.13172312395480246,policy_rebalance
2026-09-08,2026-09-08T10:25:00-04:00,2026-09-08T10:25:00-04:00,NVDA,16,buy,228.0,228.0456,0.7296,0.0,0.7296,3648.0,-3,80286.3738465506,96667.8628297049,0.3099243982491669,0.16946158220144758,policy_rebalance
2026-09-08,2026-09-08T10:25:00-04:00,2026-09-08T10:25:00-04:00,MU,6,buy,1017.52001953125,1017.7235235351562,1.2210240234375,0.0,1.2210240234375,6105.1201171875,0,74180.03270533966,96666.64180568146,0.24677188174483344,0.2326201539673242,policy_rebalance
2026-09-08,2026-09-08T10:25:00-04:00,2026-09-08T10:25:00-04:00,AMZN,264,buy,255.36000061035156,255.41107261047364,13.483008032226563,0.0,13.483008032226563,67415.04016113281,264,6751.509536174621,96653.15879764923,0.9443007388155269,0.9301470368877501,policy_rebalance
2026-09-08,2026-09-08T10:30:00-04:00,2026-09-08T10:30:00-04:00,AMZN,-264,sell,255.19000244140625,255.138964440918,13.47403212890625,0.0,13.47403212890625,67370.16064453125,0,74108.19614857697,96480.35580128693,0.24605962007321394,0.23188305502094286,policy_rebalance
2026-09-08,2026-09-08T10:30:00-04:00,2026-09-08T10:30:00-04:00,PLTR,-134,sell,172.05999755859375,172.02558555908203,4.611207934570312,0.0,4.611207934570312,23056.039672851562,0,97159.62461349397,96475.74459335237,0.007088621321599254,-0.007088621321599254,policy_rebalance
2026-09-08,2026-09-08T10:30:00-04:00,2026-09-08T10:30:00-04:00,COIN,17,buy,180.39999389648438,180.43607389526366,0.6133599792480469,0.0,0.6133599792480469,3066.7998962402344,17,94092.21135727449,96475.13123337312,0.03887716832754495,0.02469983554968539,policy_rebalance
2026-09-08,2026-09-08T10:30:00-04:00,2026-09-08T10:30:00-04:00,CRM,16,buy,247.05999755859375,247.10940955810545,0.7905919921875,0.0,0.7905919921875,3952.9599609375,16,90138.4608043448,96474.34064138093,0.07985169762347148,0.06567424866460783,policy_rebalance
2026-09-08,2026-09-08T10:35:00-04:00,2026-09-08T10:35:00-04:00,COIN,-17,sell,180.76499938964844,180.72884638977052,0.6146009979248047,0.0,0.6146009979248047,3073.0049896240234,0,93210.85119297089,96491.21120884003,0.048156510473646684,0.033996464286983795,policy_rebalance
2026-09-08,2026-09-08T10:35:00-04:00,2026-09-08T10:35:00-04:00,NVDA,3,buy,227.72000122070312,227.76554522094727,0.13663200073242188,0.0,0.13663200073242188,683.1600036621094,0,92527.55455730805,96491.0745768393,0.04107654554489345,0.04107654554489345,policy_rebalance
2026-09-08,2026-09-08T10:35:00-04:00,2026-09-08T10:35:00-04:00,SNDK,6,buy,1775.2099609375,1775.5650029296874,2.130251953125,0.0,2.130251953125,10651.259765625,6,81874.16453972991,96488.94432488616,0.15146584810739655,0.15146584810739655,policy_rebalance
2026-09-08,2026-09-08T10:40:00-04:00,2026-09-08T10:40:00-04:00,SNDK,11,buy,1772.4986572265625,1772.8531569580077,3.8994970458984377,0.0,3.8994970458984377,19497.485229492188,17,62372.779813191824,96484.90029659026,0.35354879756873153,0.35354879756873153,policy_rebalance
2026-09-08,2026-09-08T10:40:00-04:00,2026-09-08T10:40:00-04:00,INTC,-516,sell,103.16999816894531,103.14936416931153,10.647143811035157,0.0,10.647143811035157,53235.71905517578,-516,115597.85172455657,96474.25315277923,0.9054005258817378,-0.19822489365626594,policy_rebalance
2026-09-08,2026-09-08T10:40:00-04:00,2026-09-08T10:40:00-04:00,CRM,16,buy,248.7277069091797,248.77745245056153,0.795928662109375,0.0,0.795928662109375,3979.643310546875,32,111617.4124853476,96473.45722411713,0.94665916902883,-0.1569753556778794,policy_rebalance
2026-09-08,2026-09-08T10:45:00-04:00,2026-09-08T10:45:00-04:00,SNDK,-7,sell,1784.43994140625,1784.0830534179688,2.49821591796875,0.0,2.49821591796875,12491.07958984375,10,124105.99385927338,96656.79494569916,0.8178752252381535,-0.28398623116972693,policy_rebalance
2026-09-08,2026-09-08T10:45:00-04:00,2026-09-08T10:45:00-04:00,CRM,-32,sell,248.6750030517578,248.62526805114746,1.59152001953125,0.0,1.59152001953125,7957.60009765625,0,132062.0024369101,96655.20342567962,0.7355589282269991,-0.36632067137963825,policy_rebalance
2026-09-08,2026-09-08T10:45:00-04:00,2026-09-08T10:45:00-04:00,META,6,buy,615.5150146484375,615.6381176513672,0.738618017578125,0.0,0.738618017578125,3693.090087890625,6,128368.17373100188,96654.46480766204,0.7737737524704333,-0.32811426752451295,policy_rebalance
2026-09-08,2026-09-08T10:50:00-04:00,2026-09-08T10:50:00-04:00,SNDK,-4,sell,1779.4200439453125,1779.0641599365235,1.42353603515625,0.0,1.42353603515625,7117.68017578125,6,135484.43037074798,96712.37186855072,0.6980866872438605,-0.40090070952758117,policy_rebalance
2026-09-08,2026-09-08T10:50:00-04:00,2026-09-08T10:50:00-04:00,META,-1,sell,615.7100219726562,615.5868799682618,0.12314200439453125,0.0,0.12314200439453125,615.7100219726562,5,136100.01725071625,96712.24872654633,0.6917211640936396,-0.40726763199911475,policy_rebalance
2026-09-08,2026-09-08T10:50:00-04:00,2026-09-08T10:50:00-04:00,INTC,516,buy,102.98999786376953,103.01059586334229,10.628567779541015,0.0,10.628567779541015,53142.83889770508,0,82946.54978523162,96701.62015876677,0.14224239832747154,0.14224239832747154,policy_rebalance
2026-09-08,2026-09-08T10:50:00-04:00,2026-09-08T10:50:00-04:00,AMD,-8,sell,498.8500061035156,498.75023610229493,0.798160009765625,0.0,0.798160009765625,3990.800048828125,-8,86936.55167404997,96700.821998757,0.18351312900516387,0.10097401576206397,policy_rebalance
2026-09-08,2026-09-08T10:50:00-04:00,2026-09-08T10:50:00-04:00,MSTR,19,buy,138.17999267578125,138.2076286743164,0.5250839721679688,0.0,0.5250839721679688,2625.4198608398438,19,84310.60672923796,96700.29691478483,0.21066419580029738,0.1281246343686518,policy_rebalance
2026-09-08,2026-09-08T10:55:00-04:00,2026-09-08T10:55:00-04:00,AMD,8,buy,499.4700012207031,499.5698952209473,0.799152001953125,0.0,0.799152001953125,3995.760009765625,0,80314.04756747038,96696.8621274069,0.16942446941401962,0.16942446941401962,policy_rebalance
2026-09-08,2026-09-08T10:55:00-04:00,2026-09-08T10:55:00-04:00,AVGO,-182,sell,371.06500244140625,370.990789440918,13.506766088867188,0.0,13.506766088867188,67533.83044433594,-182,147834.37124571746,96683.35536131804,0.8679533792622861,-0.5290571028823062,policy_rebalance
2026-09-08,2026-09-08T10:55:00-04:00,2026-09-08T10:55:00-04:00,MU,3,buy,1017.6500244140625,1017.8535544189452,0.6105900146484375,0.0,0.6105900146484375,3052.9500732421875,3,144780.81058246063,96682.7447713034,0.8995358508204896,-0.49748345400133187,policy_rebalance
2026-09-08,2026-09-08T10:55:00-04:00,2026-09-08T10:55:00-04:00,SNDK,2,buy,1782.5150146484375,1782.8715176513672,0.713006005859375,0.0,0.713006005859375,3565.030029296875,8,141215.0675471579,96682.03176529755,0.9364162446088298,-0.46061336288388555,policy_rebalance
2026-09-08,2026-09-08T11:00:00-04:00,2026-09-08T11:00:00-04:00,MU,-1,sell,1016.5999755859375,1016.3966555908204,0.2033199951171875,0.0,0.2033199951171875,1016.5999755859375,2,142231.46420274873,96640.20152269502,0.9261915195535542,-0.47176290986259006,policy_rebalance
2026-09-08,2026-09-08T11:00:00-04:00,2026-09-08T11:00:00-04:00,SNDK,-3,sell,1779.612060546875,1779.2561381347657,1.067767236328125,0.0,1.067767236328125,5338.836181640625,5,147569.23261715303,96639.1337554587,0.870956678167365,-0.5270131972682085,policy_rebalance
2026-09-08,2026-09-08T11:00:00-04:00,2026-09-08T11:00:00-04:00,META,-1,sell,614.389892578125,614.2670145996094,0.122877978515625,0.0,0.122877978515625,614.389892578125,4,148183.49963175264,96639.01087748018,0.8646002092258427,-0.5333714437497817,policy_rebalance
2026-09-08,2026-09-08T11:00:00-04:00,2026-09-08T11:00:00-04:00,MSTR,-19,sell,137.68370056152344,137.65616382141113,0.523198062133789,0.0,0.523198062133789,2615.9903106689453,0,150798.96674435944,96638.48767941803,0.8375350303688271,-0.5604441911861215,policy_rebalance
2026-09-08,2026-09-08T11:00:00-04:00,2026-09-08T11:00:00-04:00,AVGO,1,buy,371.1499938964844,371.22422389526366,0.07422999877929687,0.0,0.07422999877929687,371.1499938964844,-181,150427.74252046418,96638.41344941925,0.8336950684900404,-0.5566040164680308,policy_rebalance
2026-09-08,2026-09-08T11:00:00-04:00,2026-09-08T11:00:00-04:00,HOOD,66,buy,122.04499816894531,122.0694071685791,1.6109939758300782,0.0,1.6109939758300782,8054.969879150391,66,142371.16164733795,96636.80245544342,0.9170619923966747,-0.47326026968846974,policy_rebalance
2026-09-08,2026-09-08T11:05:00-04:00,2026-09-08T11:05:00-04:00,SNDK,-1,sell,1775.2099609375,1774.8549189453126,0.3550419921875,0.0,0.3550419921875,1775.2099609375,4,144146.01656628327,96755.44115734773,0.8962571223705842,-0.4897975229306951,policy_rebalance
2026-09-08,2026-09-08T11:05:00-04:00,2026-09-08T11:05:00-04:00,AVGO,9,buy,370.4649963378906,370.5390893371582,0.6668369934082031,0.0,0.6668369934082031,3334.1849670410156,-172,140811.16476224884,96754.7743203543,0.8618031397836503,-0.45534073901122607,policy_rebalance
2026-09-08,2026-09-08T11:05:00-04:00,2026-09-08T11:05:00-04:00,MU,6,buy,1016.5198974609375,1016.7232014404296,1.219823876953125,0.0,1.219823876953125,6099.119384765625,8,134710.82555360626,96753.55449647736,0.924851682698266,-0.3923088020348738,policy_rebalance
2026-09-08,2026-09-08T11:10:00-04:00,2026-09-08T11:10:00-04:00,MU,-1,sell,1016.8350219726562,1016.6316549682617,0.20336700439453126,0.0,0.20336700439453126,1016.8350219726562,7,135727.45720857452,96866.15653413604,0.9126681725483866,-0.4011855333678238,policy_rebalance
2026-09-08,2026-09-08T11:10:00-04:00,2026-09-08T11:10:00-04:00,SNDK,-4,sell,1775.760009765625,1775.404857763672,1.4206080078125,0.0,1.4206080078125,7103.0400390625,0,142829.0766396292,96864.73592612823,0.8393520846300332,-0.47452089012615156,policy_rebalance
2026-09-08,2026-09-08T11:10:00-04:00,2026-09-08T11:10:00-04:00,META,-1,sell,616.7000122070312,616.5766722045898,0.12334000244140625,0.0,0.12334000244140625,616.7000122070312,3,143445.6533118338,96864.61258612579,0.8329865351268994,-0.48088811261482245,policy_rebalance
2026-09-08,2026-09-08T11:10:00-04:00,2026-09-08T11:10:00-04:00,HOOD,-66,sell,122.4999008178711,122.47540083770753,1.6169986907958984,0.0,1.6169986907958984,8084.993453979492,0,151529.0297671225,96862.995587435,0.749532100677307,-0.5643644804515909,policy_rebalance
2026-09-08,2026-09-08T11:10:00-04:00,2026-09-08T11:10:00-04:00,AVGO,95,buy,369.9649963378906,370.03898933715817,7.029334930419922,0.0,7.029334930419922,35146.67465209961,-77,116375.32578009248,96855.96625250459,0.38671081769811694,-0.20152975890716637,policy_rebalance
2026-09-08,2026-09-08T11:15:00-04:00,2026-09-08T11:15:00-04:00,MU,-7,sell,1022.8262939453125,1022.6217286865235,1.4319568115234376,0.0,1.4319568115234376,7159.7840576171875,0,123533.67788089815,96766.70763553682,0.3148672830056495,-0.276613423143182,policy_rebalance
2026-09-08,2026-09-08T11:15:00-04:00,2026-09-08T11:15:00-04:00,META,-1,sell,616.9500122070312,616.8266222045899,0.12339000244140624,0.0,0.12339000244140624,616.9500122070312,2,124150.50450310274,96766.58424553438,0.30849203306227163,-0.28298942730152304,policy_rebalance
2026-09-08,2026-09-08T11:15:00-04:00,2026-09-08T11:15:00-04:00,AVGO,1,buy,371.6600036621094,371.7343356628418,0.07433200073242187,0.0,0.07433200073242187,371.6600036621094,-76,123778.7701674399,96766.50991353365,0.30465147837900197,-0.27914885302821435,policy_rebalance
2026-09-08,2026-09-08T11:15:00-04:00,2026-09-08T11:15:00-04:00,PLTR,-149,sell,172.09739685058594,172.06297737121582,5.1285024261474605,0.0,5.1285024261474605,25642.512130737305,-149,149416.15379575104,96761.38141110749,0.5696753356514608,-0.5441713586222031,policy_rebalance
2026-09-08,2026-09-08T11:15:00-04:00,2026-09-08T11:15:00-04:00,MARA,1368,buy,11.829999923706055,11.832365923690796,3.2366879791259766,0.0,3.2366879791259766,16183.439895629883,1368,133229.47721214202,96758.14472312835,0.7369510084462905,-0.3769329454732283,policy_rebalance
2026-09-08,2026-09-08T11:20:00-04:00,2026-09-08T11:20:00-04:00,MARA,-1368,sell,11.875,11.872625000000001,3.249,0.0,3.249,16245.0,0,149471.228212142,96811.75941636565,0.5693984814251583,-0.5439366985295641,policy_rebalance
2026-09-08,2026-09-08T11:20:00-04:00,2026-09-08T11:20:00-04:00,PLTR,149,buy,171.88999938964844,171.92437738952637,5.122321981811523,0.0,5.122321981811523,25611.609909057617,0,123854.49598110258,96806.63709438383,0.3048640028466697,-0.27940087269375785,policy_rebalance
2026-09-08,2026-09-08T11:20:00-04:00,2026-09-08T11:20:00-04:00,HOOD,298,buy,122.01000213623047,122.03440413665771,7.271796127319336,0.0,7.271796127319336,36358.98063659668,298,87488.24354837858,96799.36529825651,0.6804986718699267,0.09618990497704881,policy_rebalance
2026-09-08,2026-09-08T11:25:00-04:00,2026-09-08T11:25:00-04:00,META,-2,sell,617.530029296875,617.4065232910157,0.24701201171875,0.0,0.24701201171875,1235.06005859375,0,88723.05659496061,96735.23493968717,0.6676634448705684,0.08282585295546162,policy_rebalance
2026-09-08,2026-09-08T11:25:00-04:00,2026-09-08T11:25:00-04:00,HOOD,-1,sell,121.80999755859375,121.78563555908204,0.02436199951171875,0.0,0.02436199951171875,121.80999755859375,297,88844.84223051969,96735.21057768766,0.6664044024679651,0.08156666326612527,policy_rebalance
2026-09-08,2026-09-08T11:25:00-04:00,2026-09-08T11:25:00-04:00,AVGO,76,buy,372.20001220703125,372.27445220947266,5.657440185546875,0.0,5.657440185546875,28287.200927734375,0,60551.983862599765,96729.55313750211,0.3740074062316357,0.3740074062316357,policy_rebalance
2026-09-08,2026-09-08T11:25:00-04:00,2026-09-08T11:25:00-04:00,SNDK,4,buy,1790.6142578125,1790.9723806640625,1.43249140625,0.0,1.43249140625,7162.45703125,4,53388.09433994351,96728.12064609586,0.44806025400537575,0.44806025400537575,policy_rebalance
2026-09-08,2026-09-08T11:25:00-04:00,2026-09-08T11:25:00-04:00,AMZN,-70,sell,257.2149963378906,257.16355333862305,3.6010099487304688,0.0,3.6010099487304688,18005.049743652344,-70,71389.54307364713,96724.51963614713,0.6342246648581885,0.2619292053121969,policy_rebalance
2026-09-08,2026-09-08T11:25:00-04:00,2026-09-08T11:25:00-04:00,MARA,-1016,sell,11.800000190734863,11.797640190696717,2.3977600387573244,0.0,2.3977600387573244,11988.800193786621,-1016,83375.945507395,96722.12187610837,0.7581913508630929,0.13798473513441456,policy_rebalance
2026-09-08,2026-09-08T11:30:00-04:00,2026-09-08T11:30:00-04:00,SNDK,-3,sell,1783.2115478515625,1782.8549055419921,1.0699269287109374,0.0,1.0699269287109374,5349.6346435546875,1,88724.51022402097,96605.7912832861,0.7029557851455035,0.08158186951912776,policy_rebalance
2026-09-08,2026-09-08T11:30:00-04:00,2026-09-08T11:30:00-04:00,MARA,1016,buy,11.8100004196167,11.812362419700623,2.3997920852661134,0.0,2.3997920852661134,11998.960426330566,0,76723.15000560513,96603.39149120083,0.5787647676935556,0.20579237621700378,policy_rebalance
2026-09-08,2026-09-08T11:30:00-04:00,2026-09-08T11:30:00-04:00,TSLA,-95,sell,367.82000732421875,367.7464433227539,6.988580139160156,0.0,6.988580139160156,34942.90069580078,-95,111659.06212126676,96596.40291106168,0.9405478609205146,-0.15593395567817966,policy_rebalance
2026-09-08,2026-09-08T11:35:00-04:00,2026-09-08T11:35:00-04:00,SNDK,-1,sell,1795.97998046875,1795.6207844726564,0.35919599609375,0.0,0.35919599609375,1795.97998046875,0,113454.68290573942,96710.55283982145,0.9188415289941485,-0.17313653550973623,policy_rebalance
2026-09-08,2026-09-08T11:35:00-04:00,2026-09-08T11:35:00-04:00,HOOD,-76,sell,121.41000366210938,121.38572166137696,1.8454320556640624,0.0,1.8454320556640624,9227.160278320312,221,122679.99775200407,96708.70740776579,0.8234471755176815,-0.26855172652377696,policy_rebalance
2026-09-08,2026-09-08T11:35:00-04:00,2026-09-08T11:35:00-04:00,AMZN,70,buy,256.8800048828125,256.9313808837891,3.596320068359375,0.0,3.596320068359375,17981.600341796875,0,104694.80109013883,96705.11108769743,0.6375351925833946,-0.08261910784835275,policy_rebalance
2026-09-08,2026-09-08T11:35:00-04:00,2026-09-08T11:35:00-04:00,TSLA,-82,sell,366.5400085449219,366.4667005432129,6.011256140136719,0.0,6.011256140136719,30056.280700683594,-177,134745.07053468228,96699.09983155728,0.9483975805517115,-0.39344699970732183,policy_rebalance
2026-09-08,2026-09-08T11:40:00-04:00,2026-09-08T11:40:00-04:00,HOOD,-39,sell,121.49089813232422,121.46659995269776,0.9476290054321289,0.0,0.9476290054321289,4738.1450271606445,182,139482.26793283748,96889.4918250494,0.8960255791692491,-0.4396016049366494,policy_rebalance
2026-09-08,2026-09-08T11:40:00-04:00,2026-09-08T11:40:00-04:00,MARA,-429,sell,11.850000381469727,11.847630381393433,1.0167300327301025,0.0,1.0167300327301025,5083.650163650513,-429,144564.90136645525,96888.47509501665,0.9485040723520618,-0.49207530848930436,policy_rebalance
2026-09-08,2026-09-08T11:45:00-04:00,2026-09-08T11:45:00-04:00,TSLA,177,buy,366.1300048828125,366.20323088378905,12.961002172851563,0.0,12.961002172851563,64805.01086425781,0,79746.92950002459,96731.36447374133,0.28135739928237363,0.17558353555870007,policy_rebalance
2026-09-08,2026-09-08T11:45:00-04:00,2026-09-08T11:45:00-04:00,MARA,429,buy,11.925000190734863,11.92738519077301,1.0231650163650512,0.0,1.0231650163650512,5115.825081825256,0,74630.08125318297,96730.34130872496,0.2284728840665072,0.2284728840665072,policy_rebalance
2026-09-08,2026-09-08T11:50:00-04:00,2026-09-08T11:50:00-04:00,HOOD,-1,sell,121.44999694824219,121.42570694885254,0.024289999389648438,0.0,0.024289999389648438,121.44999694824219,181,74751.50696013182,96733.95640776366,0.22724646302037918,0.22724646302037918,policy_rebalance
2026-09-08,2026-09-08T11:50:00-04:00,2026-09-08T11:50:00-04:00,TSLA,24,buy,366.139892578125,366.2131205566406,1.757471484375,0.0,1.757471484375,8787.357421875,24,65962.39206677245,96732.19893627928,0.31809270550931995,0.31809270550931995,policy_rebalance
2026-09-08,2026-09-08T11:50:00-04:00,2026-09-08T11:50:00-04:00,MARA,-248,sell,11.914999961853027,11.912616961860657,0.5909839981079101,0.0,0.5909839981079101,2954.919990539551,-248,68916.72107331389,96731.60795228118,0.34864226465338183,0.2875470331547542,policy_rebalance
2026-09-08,2026-09-08T11:55:00-04:00,2026-09-08T11:55:00-04:00,TSLA,-24,sell,367.20001220703125,367.1265722045899,1.76256005859375,0.0,1.76256005859375,8812.80029296875,0,77727.75880622405,96765.77861213226,0.2576375679526147,0.19674331234618167,policy_rebalance
2026-09-08,2026-09-08T11:55:00-04:00,2026-09-08T11:55:00-04:00,HOOD,-1,sell,121.45999908447266,121.43570708465576,0.024291999816894533,0.0,0.024291999816894533,121.45999908447266,180,77849.19451330871,96765.75432013244,0.25638243651271597,0.19548816561943624,policy_rebalance
2026-09-08,2026-09-08T12:00:00-04:00,2026-09-08T12:00:00-04:00,MARA,248,buy,11.864999771118164,11.867372771072388,0.5885039886474609,0.0,0.5885039886474609,2942.5199432373047,0,74906.08606608276,96788.68601115112,0.22608634177084752,0.22608634177084752,policy_rebalance
2026-09-08,2026-09-08T12:05:00-04:00,2026-09-08T12:05:00-04:00,AMZN,-69,sell,257.05999755859375,257.00858555908206,3.547427966308594,0.0,3.547427966308594,17737.13983154297,-69,92639.67846965943,96816.63913250122,0.4095498530129917,0.04314300413925024,policy_rebalance
2026-09-08,2026-09-08T12:05:00-04:00,2026-09-08T12:05:00-04:00,ORCL,116,buy,163.22500610351562,163.2576511047363,3.7868201416015626,0.0,3.7868201416015626,18934.100708007812,116,73701.79094151001,96812.85231235962,0.6051401196704154,0.23871893884794812,policy_rebalance
2026-09-08,2026-09-08T12:05:00-04:00,2026-09-08T12:05:00-04:00,MARA,-369,sell,11.835000038146973,11.832633038139344,0.8734230028152465,0.0,0.8734230028152465,4367.115014076233,-369,78068.03253258343,96811.9788893568,0.6502548214612786,0.19361185022563385,policy_rebalance
2026-09-08,2026-09-08T12:05:00-04:00,2026-09-08T12:05:00-04:00,INTC,-29,sell,105.23500061035156,105.2139536102295,0.610363003540039,0.0,0.610363003540039,3051.8150177001953,-29,81119.23718728009,96811.36852635327,0.6817822335374257,0.1620897584440363,policy_rebalance
2026-09-08,2026-09-08T12:10:00-04:00,2026-09-08T12:10:00-04:00,ORCL,-1,sell,163.11000061035156,163.0773786102295,0.03262200012207031,0.0,0.03262200012207031,163.11000061035156,115,81282.31456589032,96753.87118362714,0.67979651002561,0.15990633168954732,policy_rebalance
2026-09-08,2026-09-08T12:10:00-04:00,2026-09-08T12:10:00-04:00,HOOD,-1,sell,121.47000122070312,121.44570722045898,0.024294000244140624,0.0,0.024294000244140624,121.47000122070312,179,81403.76027311078,96753.84688962689,0.6785412267459419,0.15865091787024146,policy_rebalance
2026-09-08,2026-09-08T12:10:00-04:00,2026-09-08T12:10:00-04:00,MARA,369,buy,11.819999694824219,11.822363694763183,0.8723159774780274,0.0,0.8723159774780274,4361.579887390137,0,77041.30806974316,96752.97457364941,0.6334678013111814,0.20373189135287534,policy_rebalance
2026-09-08,2026-09-08T12:10:00-04:00,2026-09-08T12:10:00-04:00,INTC,29,buy,104.86000061035156,104.88097261047363,0.6081880035400391,0.0,0.6081880035400391,3040.9400177001953,0,73999.75986403943,96752.36638564587,0.6020416474736262,0.2351633078504425,policy_rebalance
2026-09-08,2026-09-08T12:15:00-04:00,2026-09-08T12:15:00-04:00,AMZN,-33,sell,257.30450439453125,257.25304349365234,1.6982097290039062,0.0,1.6982097290039062,8491.048645019531,-102,82489.11029932996,96679.50035212537,0.689706801404812,0.1467776519439103,policy_rebalance
2026-09-08,2026-09-08T12:20:00-04:00,2026-09-08T12:20:00-04:00,INTC,-27,sell,104.73999786376953,104.71904986419678,0.5655959884643554,0.0,0.5655959884643554,2827.9799423217773,-27,85316.52464566327,96603.40619931318,0.7182154612747611,0.11683730416671528,policy_rebalance
2026-09-08,2026-09-08T12:25:00-04:00,2026-09-08T12:25:00-04:00,ORCL,-1,sell,162.86000061035156,162.8274286102295,0.032572000122070316,0.0,0.032572000122070316,162.86000061035156,114,85479.3520742735,96662.66781676617,0.7165823782969617,0.11569425917037358,policy_rebalance
2026-09-08,2026-09-08T12:25:00-04:00,2026-09-08T12:25:00-04:00,HOOD,-1,sell,121.0,120.9758,0.0242,0.0,0.0242,121.0,178,85600.3278742735,96662.64361676617,0.7153307814630689,0.11444251190098749,policy_rebalance
2026-09-08,2026-09-08T12:25:00-04:00,2026-09-08T12:25:00-04:00,INTC,1,buy,104.99500274658203,105.01600174713134,0.020999000549316405,0.0,0.020999000549316405,104.99500274658203,-26,85495.31187252636,96662.62261776562,0.7142447362196016,0.1155287374045117,policy_rebalance
2026-09-08,2026-09-08T12:25:00-04:00,2026-09-08T12:25:00-04:00,TSLA,-11,sell,368.2099914550781,368.1363494567871,0.8100619812011719,0.0,0.8100619812011719,4050.3099060058594,-11,89544.81171655102,96661.81255578442,0.7561525836042566,0.07362784383053145,policy_rebalance
2026-09-08,2026-09-08T12:30:00-04:00,2026-09-08T12:30:00-04:00,TSLA,1,buy,368.19000244140625,368.2636404418945,0.07363800048828124,0.0,0.07363800048828124,368.19000244140625,-10,89176.54807610913,96622.35718865796,0.7518855103695224,0.07706093423089098,policy_rebalance
2026-09-08,2026-09-08T12:30:00-04:00,2026-09-08T12:30:00-04:00,AMZN,1,buy,256.8800048828125,256.9313808837891,0.0513760009765625,0.0,0.0513760009765625,256.8800048828125,-101,88919.61669522534,96622.30581265698,0.7492273107555525,0.07971957461216612,policy_rebalance
2026-09-08,2026-09-08T12:30:00-04:00,2026-09-08T12:30:00-04:00,INTC,26,buy,104.53500366210938,104.5559106628418,0.5435820190429688,0.0,0.5435820190429688,2717.9100952148438,0,86201.16301799145,96621.76223063793,0.7211021475833698,0.10784940133644345,policy_rebalance
2026-09-08,2026-09-08T12:30:00-04:00,2026-09-08T12:30:00-04:00,MARA,-290,sell,11.819999694824219,11.817635694885254,0.6855599822998046,0.0,0.6855599822998046,3427.7999114990234,-290,89628.27736950817,96621.07667065563,0.7565839946958823,0.07237343592209436,policy_rebalance
2026-09-08,2026-09-08T12:35:00-04:00,2026-09-08T12:35:00-04:00,MARA,290,buy,11.88010025024414,11.88247627029419,0.6890458145141601,0.0,0.6890458145141601,3445.229072570801,0,86182.35925112285,96616.00242434062,0.7216183055793568,0.10799083910958014,policy_rebalance
2026-09-08,2026-09-08T12:40:00-04:00,2026-09-08T12:40:00-04:00,ORCL,-73,sell,162.86000061035156,162.8274286102295,2.377756008911133,0.0,2.377756008911133,11888.780044555664,41,98068.7615396696,96678.12042638836,0.5988523626861866,-0.014384238203514697,policy_rebalance
2026-09-08,2026-09-08T12:40:00-04:00,2026-09-08T12:40:00-04:00,HOOD,-1,sell,121.20999908447266,121.18575708465576,0.02424199981689453,0.0,0.02424199981689453,121.20999908447266,177,98189.94729675427,96678.09618438855,0.5975987645446338,-0.015637990113937045,policy_rebalance
2026-09-08,2026-09-08T12:40:00-04:00,2026-09-08T12:40:00-04:00,TSLA,1,buy,368.8299865722656,368.9037525695801,0.07376599731445313,0.0,0.07376599731445313,368.8299865722656,-9,97821.0435441847,96678.02241839124,0.5937841860615591,-0.011822967590781192,policy_rebalance
2026-09-08,2026-09-08T12:40:00-04:00,2026-09-08T12:40:00-04:00,AMZN,1,buy,256.9800109863281,257.03140698852536,0.051396002197265624,0.0,0.051396002197265624,256.9800109863281,-100,97564.01213719617,96677.97102238904,0.5911263986655712,-0.009164870812213635,policy_rebalance
2026-09-08,2026-09-08T12:40:00-04:00,2026-09-08T12:40:00-04:00,MARA,-1291,sell,11.914999961853027,11.912616961860657,3.0764529901504516,0.0,3.0764529901504516,15382.264950752258,-1291,112943.20063495828,96674.8945693989,0.7502585455569794,-0.1682784981356359,policy_rebalance
2026-09-08,2026-09-08T12:40:00-04:00,2026-09-08T12:40:00-04:00,CRM,-74,sell,248.15069580078125,248.1010656616211,3.6726302978515624,0.0,3.6726302978515624,18363.151489257812,-74,131302.67949391826,96671.22193910106,0.9402417333467562,-0.3582395759581234,policy_rebalance
2026-09-08,2026-09-08T12:45:00-04:00,2026-09-08T12:45:00-04:00,MARA,814,buy,11.890000343322754,11.892378343391417,1.9356920558929442,0.0,1.9356920558929442,9678.460279464722,-477,121622.28352239764,96601.02352312244,0.8408016505501884,-0.2590165102472865,policy_rebalance
2026-09-08,2026-09-08T12:45:00-04:00,2026-09-08T12:45:00-04:00,AMD,20,buy,508.07000732421875,508.1716213256836,2.032280029296875,0.0,2.032280029296875,10161.400146484375,20,111458.85109588398,96598.99124309314,0.9460109157826972,-0.15383038333594728,policy_rebalance
2026-09-08,2026-09-08T12:50:00-04:00,2026-09-08T12:50:00-04:00,AMD,-2,sell,509.2900085449219,509.1881505432129,0.20371600341796875,0.0,0.20371600341796875,1018.5800170898438,18,112477.2273969704,96641.68799877704,0.9351127086804396,-0.16385826578684917,policy_rebalance
2026-09-08,2026-09-08T12:50:00-04:00,2026-09-08T12:50:00-04:00,AMZN,1,buy,257.3800048828125,257.43148088378905,0.0514760009765625,0.0,0.0514760009765625,257.3800048828125,-99,112219.7959160866,96641.63652277605,0.9324499653921525,-0.16119511169121353,policy_rebalance
2026-09-08,2026-09-08T12:50:00-04:00,2026-09-08T12:50:00-04:00,CRM,-4,sell,248.3699951171875,248.32032111816406,0.19869599609375,0.0,0.19869599609375,993.47998046875,-78,113213.07720055926,96641.43782677996,0.9427319446019866,-0.1714755051914924,policy_rebalance
2026-09-08,2026-09-08T12:55:00-04:00,2026-09-08T12:55:00-04:00,MARA,477,buy,11.835000038146973,11.837367038154602,1.1290590036392212,0.0,1.1290590036392212,5645.295018196106,0,107566.65312335952,96609.63829944594,0.8839936820631639,-0.11341533843602448,policy_rebalance
2026-09-08,2026-09-08T12:55:00-04:00,2026-09-08T12:55:00-04:00,CRM,78,buy,248.27999877929688,248.32965477905273,3.873167980957031,0.0,3.873167980957031,19365.839904785156,0,88196.9400505934,96605.76513146498,0.6835665541126604,0.08704268393742876,policy_rebalance
2026-09-08,2026-09-08T13:00:00-04:00,2026-09-08T13:00:00-04:00,AMD,-1,sell,509.0299987792969,508.928192779541,0.10180599975585937,0.0,0.10180599975585937,509.0299987792969,17,88705.86824337294,96594.35892788222,0.6774953944061561,0.08166616324250218,policy_rebalance
2026-09-08,2026-09-08T13:00:00-04:00,2026-09-08T13:00:00-04:00,ORCL,-1,sell,162.75,162.71745,0.03255,0.0,0.03255,162.75,40,88868.58569337294,96594.32637788221,0.675810741138962,0.07998130919497035,policy_rebalance
2026-09-08,2026-09-08T13:00:00-04:00,2026-09-08T13:00:00-04:00,HOOD,-1,sell,120.55989837646484,120.53578639678955,0.02411197967529297,0.0,0.02411197967529297,120.55989837646484,176,88989.12147976973,96594.30226590254,0.6745628041446061,0.07873322346899353,policy_rebalance
2026-09-08,2026-09-08T13:00:00-04:00,2026-09-08T13:00:00-04:00,AMZN,1,buy,257.20001220703125,257.25145220947263,0.05144000244140625,0.0,0.05144000244140625,257.20001220703125,-98,88731.87002756026,96594.2508259001,0.6719004788975451,0.08139594987398235,policy_rebalance
2026-09-08,2026-09-08T13:00:00-04:00,2026-09-08T13:00:00-04:00,TSLA,-69,sell,368.2300109863281,368.15636498413085,5.081574151611328,0.0,5.081574151611328,25407.87075805664,-78,114134.65921146529,96589.16925174849,0.9349867572765536,-0.18165069743986004,policy_rebalance
2026-09-08,2026-09-08T13:05:00-04:00,2026-09-08T13:05:00-04:00,AMD,-17,sell,511.1098937988281,511.00767182006837,1.7377736389160157,0.0,1.7377736389160157,8688.868194580078,0,122821.78963240645,96505.64119490645,0.847277188233719,-0.2726902605035379,policy_rebalance
2026-09-08,2026-09-08T13:05:00-04:00,2026-09-08T13:05:00-04:00,HOOD,-43,sell,120.54000091552734,120.51589291534424,1.036644007873535,0.0,1.036644007873535,5183.220039367676,133,128003.97302776625,96504.60455089857,0.7935767276322334,-0.3264027516972441,policy_rebalance
2026-09-08,2026-09-08T13:05:00-04:00,2026-09-08T13:05:00-04:00,TSLA,1,buy,368.79998779296875,368.8737477905273,0.07375999755859375,0.0,0.07375999755859375,368.79998779296875,-77,127635.09927997572,96504.53079090102,0.7897557520722936,-0.32258141906856325,policy_rebalance
2026-09-08,2026-09-08T13:05:00-04:00,2026-09-08T13:05:00-04:00,AMZN,1,buy,257.91009521484375,257.9616772338867,0.05158201904296875,0.0,0.05158201904296875,257.91009521484375,-97,127377.13760274183,96504.47920888197,0.7870836547755409,-0.3199090720653145,policy_rebalance
2026-09-08,2026-09-08T13:05:00-04:00,2026-09-08T13:05:00-04:00,SNDK,8,buy,1782.030029296875,1782.3864353027343,2.851248046875,0.0,2.851248046875,14256.240234375,8,113118.04612031995,96501.62796083509,0.9348374772384652,-0.1721879569350746,policy_rebalance
2026-09-08,2026-09-08T13:10:00-04:00,2026-09-08T13:10:00-04:00,SNDK,-8,sell,1783.6622314453125,1783.3054989990235,2.8538595703125,0.0,2.8538595703125,14269.2978515625,0,127384.49011231214,96538.03957367688,0.7859447975559032,-0.31952638229299807,policy_rebalance
2026-09-08,2026-09-08T13:10:00-04:00,2026-09-08T13:10:00-04:00,ORCL,-1,sell,162.77499389648438,162.74243889770509,0.03255499877929687,0.0,0.03255499877929687,162.77499389648438,39,127547.23255120985,96538.00701867811,0.7842589391827023,-0.32121261345836666,policy_rebalance
2026-09-08,2026-09-08T13:10:00-04:00,2026-09-08T13:10:00-04:00,HOOD,-1,sell,120.31999969482422,120.29593569488526,0.024063999938964842,0.0,0.024063999938964842,120.31999969482422,132,127667.52848690473,96537.98295467817,0.7830127858697183,-0.3224590423319803,policy_rebalance
2026-09-08,2026-09-08T13:10:00-04:00,2026-09-08T13:10:00-04:00,TSLA,77,buy,368.7300109863281,368.8037569885254,5.678442169189453,0.0,5.678442169189453,28392.210845947266,0,99269.63919878828,96532.30451250898,0.48893750509729683,-0.028356669822635218,policy_rebalance
2026-09-08,2026-09-08T13:10:00-04:00,2026-09-08T13:10:00-04:00,AMZN,1,buy,257.3999938964844,257.4514738952637,0.051479998779296876,0.0,0.051479998779296876,257.3999938964844,-96,99012.18772489303,96532.25303251021,0.4862712996031845,-0.025690218703873183,policy_rebalance
2026-09-08,2026-09-08T13:10:00-04:00,2026-09-08T13:10:00-04:00,INTC,-26,sell,105.80999755859375,105.78883555908203,0.5502119873046875,0.0,0.5502119873046875,2751.0599365234375,-26,101762.69744942916,96531.70282052291,0.5147731016892513,-0.05418939556709162,policy_rebalance
2026-09-08,2026-09-08T13:15:00-04:00,2026-09-08T13:15:00-04:00,ORCL,-1,sell,163.1999969482422,163.16735694885253,0.032639999389648434,0.0,0.032639999389648434,163.1999969482422,38,101925.86480637801,96590.8546440245,0.5130972958028868,-0.055233077520797785,policy_rebalance
2026-09-08,2026-09-08T13:15:00-04:00,2026-09-08T13:15:00-04:00,AMZN,1,buy,257.260009765625,257.3114617675781,0.051452001953125,0.0,0.051452001953125,257.260009765625,-95,101668.55334461044,96590.80319202255,0.5104341684514019,-0.05256970627414001,policy_rebalance
2026-09-08,2026-09-08T13:15:00-04:00,2026-09-08T13:15:00-04:00,INTC,1,buy,105.79989624023438,105.82105621948241,0.021159979248046874,0.0,0.021159979248046874,105.79989624023438,-25,101562.73228839095,96590.7820320433,0.5093389387282516,-0.05147437624739644,policy_rebalance
2026-09-08,2026-09-08T13:15:00-04:00,2026-09-08T13:15:00-04:00,SNDK,5,buy,1783.8138427734375,1784.1706055419922,1.7838138427734376,0.0,1.7838138427734376,8919.069213867188,5,92641.87926068099,96588.99821820052,0.601688770947921,0.0408650988242237,policy_rebalance
2026-09-08,2026-09-08T13:15:00-04:00,2026-09-08T13:15:00-04:00,MARA,-366,sell,11.835000038146973,11.832633038139344,0.8663220027923584,0.0,0.8663220027923584,4331.610013961792,-366,96972.62295263998,96588.13189619772,0.6465403607357698,-0.00398072774464123,policy_rebalance
2026-09-08,2026-09-08T13:20:00-04:00,2026-09-08T13:20:00-04:00,ORCL,-1,sell,162.4199981689453,162.38751416931152,0.03248399963378906,0.0,0.03248399963378906,162.4199981689453,37,97135.0104668093,96540.25589680197,0.6448639969998645,-0.006160689802221938,policy_rebalance
2026-09-08,2026-09-08T13:20:00-04:00,2026-09-08T13:20:00-04:00,HOOD,-1,sell,120.55000305175781,120.52589305114746,0.024110000610351564,0.0,0.024110000610351564,120.55000305175781,131,97255.53635986045,96540.23178680136,0.6436154558150186,-0.007409393574263988,policy_rebalance
2026-09-08,2026-09-08T13:20:00-04:00,2026-09-08T13:20:00-04:00,MARA,366,buy,11.849300384521484,11.851670244598388,0.8673687881469726,0.0,0.8673687881469726,4336.843940734863,0,92917.82505033743,96539.36441801321,0.5986981755437202,0.03751360276202565,policy_rebalance
2026-09-08,2026-09-08T13:20:00-04:00,2026-09-08T13:20:00-04:00,SNDK,4,buy,1781.6300048828125,1781.986330883789,1.42530400390625,0.0,1.42530400390625,7126.52001953125,9,85789.87972680228,96537.9391140093,0.6725279404201041,0.11133508220549225,policy_rebalance
2026-09-08,2026-09-08T13:20:00-04:00,2026-09-08T13:20:00-04:00,AMZN,-40,sell,257.260009765625,257.2085577636719,2.058080078125,0.0,2.058080078125,10290.400390625,-135,96078.22203734916,96535.88103393119,0.7791389165333663,0.004740817524845189,policy_rebalance
2026-09-08,2026-09-08T13:20:00-04:00,2026-09-08T13:20:00-04:00,INTC,-150,sell,105.94000244140625,105.91881444091797,3.1782000732421873,0.0,3.1782000732421873,15891.000366210938,-175,111966.04420348685,96532.70283385794,0.9437823602472208,-0.15987681807885532,policy_rebalance
2026-09-08,2026-09-08T13:25:00-04:00,2026-09-08T13:25:00-04:00,SNDK,-9,sell,1784.739990234375,1784.3830422363283,3.212531982421875,0.0,3.212531982421875,16062.659912109375,0,128025.4915836138,96543.98323705618,0.7770881816715207,-0.32608462268702176,policy_rebalance
2026-09-08,2026-09-08T13:25:00-04:00,2026-09-08T13:25:00-04:00,HOOD,-1,sell,120.4000015258789,120.37592152557373,0.02408000030517578,0.0,0.02408000030517578,120.4000015258789,130,128145.86750513937,96543.95915705587,0.7758412751815311,-0.32733180433044096,policy_rebalance
2026-09-08,2026-09-08T13:25:00-04:00,2026-09-08T13:25:00-04:00,AMZN,1,buy,257.2099914550781,257.26143345336914,0.051441998291015624,0.0,0.051441998291015624,257.2099914550781,-134,127888.606071686,96543.90771505758,0.7731775122707886,-0.3246678024380373,policy_rebalance
2026-09-08,2026-09-08T13:25:00-04:00,2026-09-08T13:25:00-04:00,INTC,1,buy,105.87999725341797,105.90117325286865,0.021175999450683592,0.0,0.021175999450683592,105.87999725341797,-174,127782.70489843312,96543.88653905812,0.7720809785777514,-0.3235711703685859,policy_rebalance
2026-09-08,2026-09-08T13:25:00-04:00,2026-09-08T13:25:00-04:00,ORCL,103,buy,162.1199951171875,162.15241911621092,3.3396718994140624,0.0,3.3396718994140624,16698.359497070312,140,111081.00572946339,96540.5468671587,0.9450750058148178,-0.15061504553431404,policy_rebalance
2026-09-08,2026-09-08T13:30:00-04:00,2026-09-08T13:30:00-04:00,HOOD,-130,sell,120.38999938964844,120.3659213897705,3.1301399841308593,0.0,3.1301399841308593,15650.699920654297,0,126728.57551013355,96628.50785266285,0.7822191544497602,-0.3115029749126072,policy_rebalance
2026-09-08,2026-09-08T13:35:00-04:00,2026-09-08T13:35:00-04:00,ORCL,-1,sell,162.822998046875,162.79043344726563,0.032564599609375,0.0,0.032564599609375,162.822998046875,139,126891.36594358082,96647.0179058611,0.7812878568928072,-0.3129361742664341,policy_rebalance
2026-09-08,2026-09-08T13:35:00-04:00,2026-09-08T13:35:00-04:00,INTC,1,buy,105.88500213623047,105.90617913665771,0.021177000427246094,0.0,0.021177000427246094,105.88500213623047,-173,126785.45976444417,96646.99672886067,0.7801924430632398,-0.31184065781304887,policy_rebalance
2026-09-08,2026-09-08T13:35:00-04:00,2026-09-08T13:35:00-04:00,MU,2,buy,1017.6699829101562,1017.8735169067382,0.4070679931640625,0.0,0.4070679931640625,2035.3399658203125,2,124749.7127306307,96646.58966086751,0.8012553441375094,-0.29078235629810556,policy_rebalance
2026-09-08,2026-09-08T13:40:00-04:00,2026-09-08T13:40:00-04:00,MU,-1,sell,1016.6950073242188,1016.491668322754,0.20333900146484374,0.0,0.20333900146484374,1016.6950073242188,1,125766.20439895344,96650.60383590413,0.7897760304523422,-0.3012459250899511,policy_rebalance
2026-09-08,2026-09-08T13:40:00-04:00,2026-09-08T13:40:00-04:00,ORCL,-1,sell,162.52999877929688,162.497492779541,0.032505999755859376,0.0,0.032505999755859376,162.52999877929688,138,125928.70189173298,96650.57132990437,0.7880946712623882,-0.30292765121782317,policy_rebalance
2026-09-08,2026-09-08T13:40:00-04:00,2026-09-08T13:40:00-04:00,AMZN,1,buy,257.07000732421875,257.12142132568357,0.05141400146484375,0.0,0.05141400146484375,257.07000732421875,-133,125671.5804704073,96650.5199159029,0.7854353013133463,-0.3002680231803829,policy_rebalance
2026-09-08,2026-09-08T13:40:00-04:00,2026-09-08T13:40:00-04:00,INTC,1,buy,105.6449966430664,105.66612564239502,0.02112899932861328,0.0,0.02112899932861328,105.6449966430664,-172,125565.9143447649,96650.49878690357,0.78434241092471,-0.2991750267281544,policy_rebalance
2026-09-08,2026-09-08T13:40:00-04:00,2026-09-08T13:40:00-04:00,AMD,5,buy,510.84759521484375,510.9497647338867,0.5108475952148438,0.0,0.5108475952148438,2554.2379760742188,5,123011.16552109546,96649.98793930835,0.8107742678755133,-0.272748896754552,policy_rebalance
2026-09-08,2026-09-08T13:40:00-04:00,2026-09-08T13:40:00-04:00,SNDK,6,buy,1783.498046875,1783.854746484375,2.14019765625,0.0,2.14019765625,10700.98828125,6,112308.03704218921,96647.8477416521,0.9215136557514559,-0.16203350272629063,policy_rebalance
2026-09-08,2026-09-08T13:45:00-04:00,2026-09-08T13:45:00-04:00,SNDK,-6,sell,1785.5,1785.1429,2.1426,0.0,2.1426,10713.0,0,123018.89444218922,96688.64569340993,0.8095127231534464,-0.27231996642366774,policy_rebalance
2026-09-08,2026-09-08T13:45:00-04:00,2026-09-08T13:45:00-04:00,GOOGL,-40,sell,338.7250061035156,338.6572611022949,2.709800048828125,0.0,2.709800048828125,13549.000244140625,-40,136565.18488628103,96685.93589336111,0.9496695488235575,-0.41246173628504135,policy_rebalance
2026-09-08,2026-09-08T13:50:00-04:00,2026-09-08T13:50:00-04:00,INTC,172,buy,105.29499816894531,105.31605716857909,3.622147937011719,0.0,3.622147937011719,18110.739685058594,0,118450.82305328542,96667.57616607839,0.7622056294569775,-0.2253418131616606,policy_rebalance
2026-09-08,2026-09-08T13:55:00-04:00,2026-09-08T13:55:00-04:00,MU,-1,sell,1017.7000122070312,1017.4964722045898,0.20354000244140624,0.0,0.20354000244140624,1017.7000122070312,0,119468.31952549,96692.81879306813,0.7519966105516314,-0.235544904127406,policy_rebalance
2026-09-08,2026-09-08T13:55:00-04:00,2026-09-08T13:55:00-04:00,GOOGL,40,buy,339.260009765625,339.3278617675781,2.714080078125,0.0,2.714080078125,13570.400390625,0,105895.20505478689,96690.10471299001,0.6116682961715703,-0.09520209300756087,policy_rebalance
2026-09-08,2026-09-08T14:00:00-04:00,2026-09-08T14:00:00-04:00,AMD,-1,sell,508.1099853515625,508.0083633544922,0.1016219970703125,0.0,0.1016219970703125,508.1099853515625,4,106403.21341814137,96675.38712419606,0.6064512083013829,-0.10062360837974466,policy_rebalance
2026-09-08,2026-09-08T14:00:00-04:00,2026-09-08T14:00:00-04:00,ORCL,-1,sell,162.4499969482422,162.41750694885255,0.03248999938964844,0.0,0.03248999938964844,162.4499969482422,137,106565.63092509023,96675.35463419667,0.6047710459273894,-0.10230400838266072,policy_rebalance
2026-09-08,2026-09-08T14:00:00-04:00,2026-09-08T14:00:00-04:00,AMZN,1,buy,256.9801940917969,257.03159013061526,0.05139603881835938,0.0,0.05139603881835938,256.9801940917969,-132,106308.59933495961,96675.30323815785,0.6021131891361606,-0.09964588446203586,policy_rebalance
2026-09-08,2026-09-08T14:00:00-04:00,2026-09-08T14:00:00-04:00,AVGO,-10,sell,368.47869873046875,368.40500299072266,0.7369573974609375,0.0,0.7369573974609375,3684.7869873046875,-10,109992.64936486684,96674.5662807604,0.6402331503715796,-0.1377620153518799,policy_rebalance
2026-09-08,2026-09-08T14:05:00-04:00,2026-09-08T14:05:00-04:00,AMD,15,buy,507.6300048828125,507.73153088378905,1.5228900146484374,0.0,1.5228900146484374,7614.4500732421875,19,102376.67640161,96667.70289086782,0.7195453111875844,-0.05905771359010449,policy_rebalance
2026-09-08,2026-09-08T14:05:00-04:00,2026-09-08T14:05:00-04:00,AVGO,-60,sell,369.04010009765625,368.96629207763675,4.428481201171875,0.0,4.428481201171875,22142.406005859375,-70,124514.65392626822,96663.27440966666,0.9486456870437608,-0.2881278302094878,policy_rebalance
2026-09-08,2026-09-08T14:10:00-04:00,2026-09-08T14:10:00-04:00,AMZN,94,buy,257.1000061035156,257.15142610473634,4.833480114746094,0.0,4.833480114746094,24167.40057373047,-38,100342.41987242301,96700.28089537223,0.6982509202086532,-0.03766420266132942,policy_rebalance
2026-09-08,2026-09-08T14:10:00-04:00,2026-09-08T14:10:00-04:00,SOXX,24,buy,531.0700073242188,531.1762213256836,2.54913603515625,0.0,2.54913603515625,12745.68017578125,24,87594.1905606066,96697.73175933707,0.8300788326160469,0.0941443096244234,policy_rebalance
2026-09-08,2026-09-08T14:15:00-04:00,2026-09-08T14:15:00-04:00,SOXX,-1,sell,531.0499877929688,530.9437777954101,0.10620999755859376,0.0,0.10620999755859376,531.0499877929688,23,88125.13433840201,96677.89337160514,0.8246497352137969,0.08846654322853832,policy_rebalance
2026-09-08,2026-09-08T14:15:00-04:00,2026-09-08T14:15:00-04:00,AMD,-1,sell,507.8999938964844,507.7984138977051,0.10157999877929688,0.0,0.10157999877929688,507.8999938964844,18,88632.93275229972,96677.79179160636,0.8193970684268682,0.08321310292903382,policy_rebalance
2026-09-08,2026-09-08T14:15:00-04:00,2026-09-08T14:15:00-04:00,ORCL,-1,sell,162.58999633789062,162.55747833862304,0.032517999267578125,0.0,0.032517999267578125,162.58999633789062,136,88795.49023063834,96677.7592736071,0.8177155715406551,0.08153135842403207,policy_rebalance
2026-09-08,2026-09-08T14:15:00-04:00,2026-09-08T14:15:00-04:00,AVGO,1,buy,368.8399963378906,368.91376433715817,0.07376799926757813,0.0,0.07376799926757813,368.8399963378906,-69,88426.57646630118,96677.68550560782,0.8139010441947888,0.08534657192251496,policy_rebalance
2026-09-08,2026-09-08T14:15:00-04:00,2026-09-08T14:15:00-04:00,AMZN,1,buy,257.0400085449219,257.09141654663085,0.05140800170898437,0.0,0.05140800170898437,257.0400085449219,-37,88169.48504975456,96677.63409760612,0.8112427440624213,0.08800535022673085,policy_rebalance
2026-09-08,2026-09-08T14:15:00-04:00,2026-09-08T14:15:00-04:00,MARA,-273,sell,11.9399995803833,11.937611580467225,0.6519239770889282,0.0,0.6519239770889282,3259.619885444641,-273,91428.45301122211,96676.98217362903,0.8449648222731954,0.05428933593500795,policy_rebalance
2026-09-08,2026-09-08T14:20:00-04:00,2026-09-08T14:20:00-04:00,SOXX,-23,sell,531.530029296875,531.4237232910157,2.445038134765625,0.0,2.445038134765625,12225.190673828125,0,103651.19864691547,96712.83304537585,0.718861031424829,-0.07174193313398503,policy_rebalance
2026-09-08,2026-09-08T14:20:00-04:00,2026-09-08T14:20:00-04:00,AVGO,67,buy,368.7300109863281,368.8037569885254,4.940982147216797,0.0,4.940982147216797,24704.910736083984,-2,78941.34692868427,96707.89206322865,0.4634386627890678,0.1837134979938185,policy_rebalance
2026-09-08,2026-09-08T14:20:00-04:00,2026-09-08T14:20:00-04:00,MARA,273,buy,12.015000343322754,12.017403343391418,0.6560190187454223,0.0,0.6560190187454223,3280.095093727112,0,75660.59581593842,96707.2360442099,0.4295240230649945,0.21763252771126632,policy_rebalance
2026-09-08,2026-09-08T14:25:00-04:00,2026-09-08T14:25:00-04:00,MARA,-483,sell,12.010000228881836,12.00759822883606,1.1601660221099854,0.0,1.1601660221099854,5800.830110549927,-483,81460.26576046624,96623.15415577569,0.4889669724938336,0.15692810411533312,policy_rebalance
2026-09-08,2026-09-08T14:30:00-04:00,2026-09-08T14:30:00-04:00,AMD,-1,sell,507.760009765625,507.6584577636719,0.101552001953125,0.0,0.101552001953125,507.760009765625,17,81967.9242182299,96618.18529420342,0.4839161500475475,0.15163047237291105,policy_rebalance
2026-09-08,2026-09-08T14:30:00-04:00,2026-09-08T14:30:00-04:00,ORCL,-1,sell,162.28500366210938,162.25254666137695,0.03245700073242187,0.0,0.03245700073242187,162.28500366210938,135,82130.17676489128,96618.15283720268,0.48223665926418835,0.1499508699646018,policy_rebalance
2026-09-08,2026-09-08T14:30:00-04:00,2026-09-08T14:30:00-04:00,AVGO,1,buy,369.260009765625,369.3338617675781,0.073852001953125,0.0,0.073852001953125,369.260009765625,-1,81760.8429031237,96618.07898520073,0.47841517575405273,0.15377283670018685,policy_rebalance
2026-09-08,2026-09-08T14:30:00-04:00,2026-09-08T14:30:00-04:00,AMZN,1,buy,257.1099853515625,257.1614073486328,0.0514219970703125,0.0,0.0514219970703125,257.1099853515625,-36,81503.68149577508,96618.02756320366,0.47575433294063857,0.15643401597638065,policy_rebalance
2026-09-08,2026-09-08T14:30:00-04:00,2026-09-08T14:30:00-04:00,MARA,1,buy,12.010000228881836,12.012402228927613,0.002402000045776367,0.0,0.002402000045776367,12.010000228881836,-482,81491.66909354615,96618.02516120362,0.4756300408383428,0.15655832379537568,policy_rebalance
2026-09-08,2026-09-08T14:35:00-04:00,2026-09-08T14:35:00-04:00,AMD,-17,sell,508.2749938964844,508.1733388977051,1.728134979248047,0.0,1.728134979248047,8640.674896240234,0,90130.61585480714,96591.26043374086,0.3858097971778213,0.0668864299929656,policy_rebalance
2026-09-08,2026-09-08T14:35:00-04:00,2026-09-08T14:35:00-04:00,AVGO,1,buy,369.1549987792969,369.2288297790527,0.07383099975585937,0.0,0.07383099975585937,369.1549987792969,0,89761.38702502809,96591.1866027411,0.38198826307063205,0.07070831012566932,policy_rebalance
2026-09-08,2026-09-08T14:35:00-04:00,2026-09-08T14:35:00-04:00,AMZN,1,buy,257.1300048828125,257.18143088378906,0.0514260009765625,0.0,0.0514260009765625,257.1300048828125,-35,89504.2055941443,96591.13517674012,0.3793264208603343,0.07337039335574981,policy_rebalance
2026-09-08,2026-09-08T14:35:00-04:00,2026-09-08T14:35:00-04:00,MARA,1,buy,11.984999656677246,11.987396656608581,0.0023969999313354492,0.0,0.0023969999313354492,11.984999656677246,-481,89492.21819748769,96591.13277974019,0.3792023505645795,0.0734944748856024,policy_rebalance
2026-09-08,2026-09-08T14:35:00-04:00,2026-09-08T14:35:00-04:00,SMCI,-95,sell,40.584999084472656,40.576882084655765,0.7711149826049805,0.0,0.7711149826049805,3855.5749130249023,-95,93347.02199552998,96590.36166475758,0.41912214437404544,0.03357829511483215,policy_rebalance
2026-09-08,2026-09-08T14:40:00-04:00,2026-09-08T14:40:00-04:00,MARA,-326,sell,11.914999961853027,11.912616961860657,0.7768579975128174,0.0,0.7768579975128174,3884.289987564087,-807,97230.53512509656,96588.07147820783,0.4587206856483933,-0.00665158375207528,policy_rebalance
2026-09-08,2026-09-08T14:45:00-04:00,2026-09-08T14:45:00-04:00,AMD,65,buy,507.8550109863281,507.9565819885254,6.6021151428222655,0.0,6.6021151428222655,33010.57571411133,65,64213.35729584241,96603.29701981091,0.8007352070935133,0.33528813946511726,policy_rebalance
2026-09-08,2026-09-08T14:45:00-04:00,2026-09-08T14:45:00-04:00,SMCI,-343,sell,40.57500076293945,40.56688576278687,2.7834450523376466,0.0,2.7834450523376466,13917.225261688232,-438,78127.7991124783,96600.51357475857,0.9448281683940395,0.19122791151606403,policy_rebalance
2026-09-08,2026-09-08T14:50:00-04:00,2026-09-08T14:50:00-04:00,AMD,-65,sell,507.07000732421875,506.9685933227539,6.5919100952148435,0.0,6.5919100952148435,32959.55047607422,0,111080.7576784573,96492.72303051571,0.60260642788511,-0.15118274404307297,policy_rebalance
2026-09-08,2026-09-08T14:50:00-04:00,2026-09-08T14:50:00-04:00,MARA,807,buy,11.967900276184082,11.97029385623932,1.9316191045761109,0.0,1.9316191045761109,9658.095522880554,0,101420.73053647217,96490.79141141113,0.5025250483510018,-0.05109232759881804,policy_rebalance
2026-09-08,2026-09-08T14:50:00-04:00,2026-09-08T14:50:00-04:00,GOOGL,-109,sell,337.82000732421875,337.7524433227539,7.364476159667968,0.0,7.364476159667968,36822.380798339844,-109,138235.74685865233,96483.42693525145,0.8842080254367087,-0.43274084731070156,policy_rebalance
2026-09-08,2026-09-08T14:55:00-04:00,2026-09-08T14:55:00-04:00,AMZN,35,buy,256.9100036621094,256.9613856628418,1.7983700256347657,0.0,1.7983700256347657,8991.850128173828,0,129242.09836045287,96491.15755692504,0.7914340623027794,-0.3394190890932818,policy_rebalance
2026-09-08,2026-09-08T14:55:00-04:00,2026-09-08T14:55:00-04:00,GOOGL,109,buy,337.7749938964844,337.8425488952637,7.363494866943359,0.0,7.363494866943359,36817.4743347168,0,92417.26053086913,96483.79406205809,0.4099021483485627,0.042147321948941836,policy_rebalance
2026-09-08,2026-09-08T14:55:00-04:00,2026-09-08T14:55:00-04:00,SMCI,286,buy,40.505001068115234,40.513102068328855,2.3168860610961914,0.0,2.3168860610961914,11584.430305480957,-152,80830.51333932708,96481.477175997,0.289843034952351,0.16221729076680869,policy_rebalance
2026-09-08,2026-09-08T15:00:00-04:00,2026-09-08T15:00:00-04:00,ORCL,-126,sell,161.91000366210938,161.87762166137696,4.080132092285156,0.0,4.080132092285156,20400.66046142578,9,101227.09366866059,96540.44397993988,0.07873414955723726,-0.048545971983457434,policy_rebalance
2026-09-08,2026-09-08T15:00:00-04:00,2026-09-08T15:00:00-04:00,SNDK,-3,sell,1792.199951171875,1791.8415111816407,1.075319970703125,0.0,1.075319970703125,5376.599853515625,-3,106602.61820220551,96539.36865996919,0.13442836625402102,-0.10423985242415547,policy_rebalance
2026-09-08,2026-09-08T15:05:00-04:00,2026-09-08T15:05:00-04:00,SMCI,152,buy,40.500099182128906,40.50819920196533,1.2312030151367188,0.0,1.2312030151367188,6156.015075683594,0,100445.37192350678,96534.72182279878,0.07070958607087968,-0.04051029543428407,policy_rebalance
2026-09-08,2026-09-08T15:10:00-04:00,2026-09-08T15:10:00-04:00,ORCL,-1,sell,161.92410278320312,161.89171796264648,0.032384820556640624,0.0,0.032384820556640624,161.92410278320312,8,100607.26364146943,96567.15646373505,0.06866612899340988,-0.04183728014453446,policy_rebalance
2026-09-08,2026-09-08T15:10:00-04:00,2026-09-08T15:10:00-04:00,SNDK,3,buy,1778.5,1778.8557,1.0671,0.0,1.0671,5335.5,0,95270.69654146943,96566.08936373505,0.013414572660038813,0.013414572660038813,policy_rebalance
2026-09-08,2026-09-08T15:10:00-04:00,2026-09-08T15:10:00-04:00,SNDK,1,buy,1778.5,1778.8557,0.3557,0.0,0.3557,1778.5,1,93491.84084146943,96565.73366373505,0.0318321282885879,0.0318321282885879,policy_rebalance
2026-09-08,2026-09-08T15:10:00-04:00,2026-09-08T15:10:00-04:00,GOOGL,-86,sell,337.30999755859375,337.24253555908206,5.801731958007813,0.0,5.801731958007813,29008.659790039062,-86,122494.69889955048,96559.93193177704,0.3322553358361119,-0.2685872540392557,policy_rebalance
2026-09-08,2026-09-08T15:15:00-04:00,2026-09-08T15:15:00-04:00,SNDK,-1,sell,1780.5999755859375,1780.2438555908204,0.3561199951171875,0.0,0.3561199951171875,1780.5999755859375,0,124274.9427551413,96565.24371949676,0.3137851457479337,-0.28695313104718934,policy_rebalance
2026-09-08,2026-09-08T15:15:00-04:00,2026-09-08T15:15:00-04:00,ORCL,-1,sell,161.94000244140625,161.90761444091797,0.03238800048828125,0.0,0.03238800048828125,161.94000244140625,7,124436.85036958221,96565.21133149628,0.3121082495103014,-0.2886302287726176,policy_rebalance
2026-09-08,2026-09-08T15:15:00-04:00,2026-09-08T15:15:00-04:00,GOOGL,86,buy,337.2699890136719,337.3374430114746,5.801043811035156,0.0,5.801043811035156,29005.21905517578,0,95425.8302705954,96559.41028768524,0.011739715618731524,0.011739715618731524,policy_rebalance
2026-09-08,2026-09-08T15:15:00-04:00,2026-09-08T15:15:00-04:00,SMCI,-432,sell,40.868499755859375,40.8603260559082,3.53103837890625,0.0,3.53103837890625,17655.19189453125,-432,113077.49112674774,96555.87924930634,0.19458962061863336,-0.17110933074083212,policy_rebalance
2026-09-08,2026-09-08T15:20:00-04:00,2026-09-08T15:20:00-04:00,AMD,80,buy,506.1199951171875,506.22121911621093,8.097919921875,0.0,8.097919921875,40489.599609375,80,72579.79359745087,96494.23291324677,0.6148085543772992,0.2478328351218274,policy_rebalance
2026-09-08,2026-09-08T15:20:00-04:00,2026-09-08T15:20:00-04:00,AMZN,-117,sell,257.0799865722656,257.0285705749512,6.015671685791015,0.0,6.015671685791015,30078.358428955078,-117,102652.13635472016,96488.21724156098,0.926577781495016,-0.06388260960120792,policy_rebalance
2026-09-08,2026-09-08T15:20:00-04:00,2026-09-08T15:20:00-04:00,MARA,-155,sell,11.956000328063965,11.953609127998352,0.37063601016998293,0.0,0.37063601016998293,1853.1800508499146,-155,104504.94576955991,96487.84660555082,0.9457876979679091,-0.08308921222776963,policy_rebalance
2026-09-08,2026-09-08T15:25:00-04:00,2026-09-08T15:25:00-04:00,AMZN,69,buy,256.92498779296875,256.97637279052736,3.545564831542969,0.0,3.545564831542969,17727.824157714844,-48,86773.57604701353,96584.38675792051,0.7598732471539954,0.10157760524479839,policy_rebalance
2026-09-08,2026-09-08T15:25:00-04:00,2026-09-08T15:25:00-04:00,MARA,155,buy,11.962200164794922,11.96459260482788,0.37082820510864256,0.0,0.37082820510864256,1854.141025543213,0,84919.0641932652,96584.0159297154,0.7406789816716,0.12077517821311996,policy_rebalance
2026-09-08,2026-09-08T15:25:00-04:00,2026-09-08T15:25:00-04:00,SMCI,-489,sell,40.75,40.74185,3.98535,0.0,3.98535,19926.75,-921,104841.8288432652,96580.0305797154,0.9470332533088407,-0.08554354574086272,policy_rebalance
2026-09-08,2026-09-08T15:30:00-04:00,2026-09-08T15:30:00-04:00,AMD,-33,sell,505.9599914550781,505.8587994567871,3.3393359436035155,0.0,3.3393359436035155,16696.679718017578,47,121535.16922533918,96665.27720415998,0.7727156358667926,-0.2572784431027207,policy_rebalance
2026-09-08,2026-09-08T15:30:00-04:00,2026-09-08T15:30:00-04:00,ORCL,-1,sell,161.75999450683594,161.72764250793458,0.03235199890136719,0.0,0.03235199890136719,161.75999450683594,6,121696.89686784711,96665.24485216108,0.7710424906132033,-0.25895193307552483,policy_rebalance
2026-09-08,2026-09-08T15:30:00-04:00,2026-09-08T15:30:00-04:00,AMZN,48,buy,257.1600036621094,257.2114356628418,2.46873603515625,0.0,2.46873603515625,12343.68017578125,0,109350.74795603071,96662.77611612593,0.6433638001049437,-0.13126016394006806,policy_rebalance
2026-09-08,2026-09-08T15:30:00-04:00,2026-09-08T15:30:00-04:00,META,47,buy,613.3599853515625,613.4826573486328,5.765583862304688,0.0,5.765583862304688,28827.919311523438,47,80517.06306064497,96657.01053226362,0.941651824126161,0.16698165381631805,policy_rebalance
2026-09-08,2026-09-08T15:35:00-04:00,2026-09-08T15:35:00-04:00,AMD,-1,sell,505.70001220703125,505.59887220458984,0.10114000244140625,0.0,0.10114000244140625,505.70001220703125,46,81022.66193284956,96796.61509218183,0.9348950946636913,0.16295975994935719,policy_rebalance
2026-09-08,2026-09-08T15:35:00-04:00,2026-09-08T15:35:00-04:00,META,-1,sell,614.905029296875,614.7820482910156,0.122981005859375,0.0,0.122981005859375,614.905029296875,46,81637.44398114058,96796.49211117598,0.9285437275681602,0.156607412101509,policy_rebalance
2026-09-08,2026-09-08T15:35:00-04:00,2026-09-08T15:35:00-04:00,ORCL,-6,sell,161.92999267578125,161.8976066772461,0.1943159912109375,0.0,0.1943159912109375,971.5799560546875,0,82608.82962120406,96796.29779518477,0.9185082246895758,0.14657035958131948,policy_rebalance
2026-09-08,2026-09-08T15:35:00-04:00,2026-09-08T15:35:00-04:00,SMCI,86,buy,40.564998626708984,40.573111626434326,0.6977179763793945,0.0,0.6977179763793945,3488.5898818969727,-835,79119.54202133071,96795.6000772084,0.8824740555804942,0.18261220594508934,policy_rebalance
2026-09-08,2026-09-08T15:35:00-04:00,2026-09-08T15:35:00-04:00,SNDK,3,buy,1767.4200439453125,1767.7735279541016,1.0604520263671875,0.0,1.0604520263671875,5302.2601318359375,3,73816.2214374684,96794.53962518202,0.9372622282787889,0.23739271116627736,policy_rebalance
2026-09-08,2026-09-08T15:40:00-04:00,2026-09-08T15:40:00-04:00,AMD,-1,sell,505.010009765625,504.90900776367187,0.101002001953125,0.0,0.101002001953125,505.010009765625,45,74321.13044523206,96811.34806226697,0.9307640294619036,0.23230972470881914,policy_rebalance
2026-09-08,2026-09-08T15:40:00-04:00,2026-09-08T15:40:00-04:00,META,-1,sell,615.094970703125,614.9719517089844,0.123018994140625,0.0,0.123018994140625,615.094970703125,45,74936.10239694105,96811.22504327283,0.9244116620708954,0.22595646978492434,policy_rebalance
2026-09-08,2026-09-08T15:40:00-04:00,2026-09-08T15:40:00-04:00,SMCI,1,buy,40.4900016784668,40.49809967880249,0.00809800033569336,0.0,0.00809800033569336,40.4900016784668,-834,74895.60429726224,96811.21694527249,0.9239935027183961,0.22637472536265274,policy_rebalance
2026-09-08,2026-09-08T15:45:00-04:00,2026-09-08T15:45:00-04:00,AMD,-5,sell,504.3599853515625,504.2591133544922,0.5043599853515625,0.0,0.5043599853515625,2521.7999267578125,40,77416.8998640347,96757.68968184476,0.8977211975593357,0.19988891716416304,policy_rebalance
2026-09-08,2026-09-08T15:45:00-04:00,2026-09-08T15:45:00-04:00,SNDK,-1,sell,1751.469970703125,1751.1196767089843,0.350293994140625,0.0,0.350293994140625,1751.469970703125,2,79168.01954074368,96757.33938785062,0.8796227719986687,0.18178796521678173,policy_rebalance
2026-09-08,2026-09-08T15:45:00-04:00,2026-09-08T15:45:00-04:00,META,-1,sell,614.9400024414062,614.817014440918,0.12298800048828125,0.0,0.12298800048828125,614.9400024414062,44,79782.83655518461,96757.21639985013,0.8732683951131793,0.1754327013141711,policy_rebalance
2026-09-08,2026-09-08T15:45:00-04:00,2026-09-08T15:45:00-04:00,SMCI,1,buy,40.47999954223633,40.48809554214478,0.008095999908447265,0.0,0.008095999908447265,40.47999954223633,-833,79742.34845964247,96757.20830385023,0.8728501014245655,0.17585108275112044,policy_rebalance
2026-09-08,2026-09-08T15:45:00-04:00,2026-09-08T15:45:00-04:00,HOOD,-38,sell,118.2300033569336,118.20635735626222,0.8985480255126953,0.0,0.8985480255126953,4492.740127563477,-38,84234.19003918044,96756.30975582472,0.9192917695352921,0.12941915362672723,policy_rebalance
2026-09-08,2026-09-08T15:50:00-04:00,2026-09-08T15:50:00-04:00,AMD,-40,sell,504.8699951171875,504.76902111816406,4.0389599609375,0.0,4.0389599609375,20194.7998046875,0,104424.950883907,96982.41105465285,0.7087518189321473,-0.07674113015255961,policy_rebalance
2026-09-08,2026-09-08T15:50:00-04:00,2026-09-08T15:50:00-04:00,HOOD,1,buy,118.05999755859375,118.08360955810546,0.02361199951171875,0.0,0.02361199951171875,118.05999755859375,-37,104306.8672743489,96982.38744265334,0.7075346570780859,-0.07552381442482631,policy_rebalance
2026-09-08,2026-09-08T15:50:00-04:00,2026-09-08T15:50:00-04:00,SNDK,2,buy,1745.300048828125,1745.6491088378905,0.69812001953125,0.0,0.69812001953125,3490.60009765625,4,100815.56905667312,96981.68932263381,0.7435321125374447,-0.03953199579030788,policy_rebalance
2026-09-08,2026-09-08T15:50:00-04:00,2026-09-08T15:50:00-04:00,META,15,buy,617.1900024414062,617.3134404418945,1.8515700073242187,0.0,1.8515700073242187,9257.850036621094,59,91555.86745004471,96979.8377526265,0.8390079037219826,0.05592884488440888,policy_rebalance
2026-09-08,2026-09-08T15:50:00-04:00,2026-09-08T15:50:00-04:00,SMCI,-228,sell,40.34000015258789,40.33193215255737,1.8395040069580078,0.0,1.8395040069580078,9197.520034790039,-1061,100751.54798082779,96977.99824861954,0.9338651245279581,-0.038911400527510555,policy_rebalance
2026-09-08,2026-09-08T15:55:00-04:00,,SNDK,-4,sell,1740.1800537109375,1739.8320177001954,1.39214404296875,0.0,1.39214404296875,6960.72021484375,0,107710.87605162857,96748.33249541519,0.8644614415861368,-0.11330989665101343,scheduled_1555_liquidation
2026-09-08,2026-09-08T15:55:00-04:00,,META,-59,sell,615.8699951171875,615.7468211181641,7.267265942382813,0.0,7.267265942382813,36336.32971191406,0,144039.93849760026,96741.06522947282,0.48892239459978076,-0.48892239459978076,scheduled_1555_liquidation
2026-09-08,2026-09-08T15:55:00-04:00,,HOOD,37,buy,117.69999694824219,117.72353694763183,0.8709799774169922,0.0,0.8709799774169922,4354.899887084961,0,139684.16763053788,96740.1942494954,0.4439103488906472,-0.4439103488906472,scheduled_1555_liquidation
2026-09-08,2026-09-08T15:55:00-04:00,,SMCI,1061,buy,40.474998474121094,40.48309347381592,8.588794676208495,0.0,8.588794676208495,42943.97338104248,0,96731.60545481919,96731.60545481919,0.0,0.0,scheduled_1555_liquidation
2026-09-09,2026-09-09T09:35:00-04:00,2026-09-09T09:35:00-04:00,SOXX,-127,sell,530.7000122070312,530.5938722045898,13.479780310058594,0.0,13.479780310058594,67398.90155029297,-127,164117.02722480212,96718.12567450915,0.6968590538769767,-0.6968590538769767,policy_rebalance
2026-09-09,2026-09-09T09:35:00-04:00,2026-09-09T09:35:00-04:00,GOOGL,-49,sell,329.3599853515625,329.2941133544922,3.2277278564453127,0.0,3.2277278564453127,16138.639282226562,-49,180252.43877917223,96714.8979466527,0.8637504935237412,-0.8637504935237412,policy_rebalance
2026-09-09,2026-09-09T09:35:00-04:00,2026-09-09T09:35:00-04:00,MARA,647,buy,12.071399688720703,12.073813968658447,1.562039119720459,0.0,1.562039119720459,7810.195598602295,647,172440.68114145022,96713.33590753298,0.9445205831640305,-0.7830083051454215,policy_rebalance
2026-09-09,2026-09-09T09:40:00-04:00,2026-09-09T09:40:00-04:00,MARA,-647,sell,12.005000114440918,12.00259911441803,1.5534470148086548,0.0,1.5534470148086548,7767.235074043274,0,180206.3627684787,96648.9046080783,0.864546354655905,-0.864546354655905,policy_rebalance
2026-09-09,2026-09-09T09:40:00-04:00,2026-09-09T09:40:00-04:00,SOXX,127,buy,530.5250244140625,530.6311294189453,13.475335620117187,0.0,13.475335620117187,67376.67810058594,0,112816.20933227264,96635.42927245819,0.1674414878852936,-0.1674414878852936,policy_rebalance
2026-09-09,2026-09-09T09:40:00-04:00,2026-09-09T09:40:00-04:00,GOOGL,49,buy,330.2200012207031,330.28604522094724,3.2361560119628905,0.0,3.2361560119628905,16180.780059814453,0,96632.19311644623,96632.19311644623,0.0,0.0,policy_rebalance
2026-09-09,2026-09-09T09:40:00-04:00,2026-09-09T09:40:00-04:00,AMZN,-267,sell,253.2899932861328,253.2393352874756,13.525685641479493,0.0,13.525685641479493,67628.42820739746,-267,164247.0956382022,96618.66743080475,0.699951986564406,-0.699951986564406,policy_rebalance
2026-09-09,2026-09-09T09:40:00-04:00,2026-09-09T09:40:00-04:00,HOOD,50,buy,119.12000274658203,119.14382674713134,1.1912000274658203,0.0,1.1912000274658203,5956.000137329102,50,158289.90430084564,96617.47623077728,0.7616057799829635,-0.6383154526077628,policy_rebalance
2026-09-09,2026-09-09T09:40:00-04:00,2026-09-09T09:40:00-04:00,CRM,72,buy,252.0050048828125,252.05540588378906,3.6288720703125,0.0,3.6288720703125,18144.3603515625,72,140141.91507721282,96613.84735870696,0.9494372825845482,-0.4505365318585779,policy_rebalance
2026-09-09,2026-09-09T09:45:00-04:00,2026-09-09T09:45:00-04:00,AMZN,267,buy,252.30499267578125,252.3554536743164,13.47308660888672,0.0,13.47308660888672,67365.4330444336,0,72763.00894617033,96925.62932275725,0.24929031201981325,0.24929031201981325,policy_rebalance
2026-09-09,2026-09-09T09:45:00-04:00,2026-09-09T09:45:00-04:00,MSTR,17,buy,137.90989685058594,137.93747882995606,0.4688936492919922,0.0,0.4688936492919922,2344.468246459961,17,70418.07180606108,96925.16042910796,0.2734799561403298,0.2734799561403298,policy_rebalance
2026-09-09,2026-09-09T09:45:00-04:00,2026-09-09T09:45:00-04:00,JPM,-185,sell,352.4649963378906,352.39450333862305,13.041204864501953,0.0,13.041204864501953,65206.024322509766,-185,135611.05492370634,96912.11922424345,0.9463533939789625,-0.3993198787647809,policy_rebalance
2026-09-09,2026-09-09T09:50:00-04:00,2026-09-09T09:50:00-04:00,MSTR,-17,sell,137.88999938964844,137.8624213897705,0.46882599792480467,0.0,0.46882599792480467,2344.1299896240234,0,137954.71608733243,96850.78556059903,0.9227128840448121,-0.42440471999078294,policy_rebalance
2026-09-09,2026-09-09T09:50:00-04:00,2026-09-09T09:50:00-04:00,HOOD,-50,sell,118.55500030517578,118.53128930511475,1.1855500030517578,0.0,1.1855500030517578,5927.750015258789,0,143881.28055258817,96849.60001059598,0.8615184537906048,-0.4856156405069986,policy_rebalance
2026-09-09,2026-09-09T09:50:00-04:00,2026-09-09T09:50:00-04:00,CRM,-72,sell,252.8197021484375,252.76913820800783,3.6406037109375,0.0,3.6406037109375,18203.0185546875,0,162080.65850356474,96845.95940688506,0.6735923676754032,-0.6735923676754032,policy_rebalance
2026-09-09,2026-09-09T09:50:00-04:00,2026-09-09T09:50:00-04:00,JPM,185,buy,352.6199951171875,352.6905191162109,13.046939819335938,0.0,13.046939819335938,65234.69909667969,0,96832.91246706573,96832.91246706573,0.0,0.0,policy_rebalance
2026-09-09,2026-09-09T09:50:00-04:00,2026-09-09T09:50:00-04:00,MSFT,123,buy,493.1400146484375,493.2386426513672,12.131244360351563,0.0,12.131244360351563,60656.22180175781,123,36164.55942094757,96820.78122270538,0.6264793677117466,0.6264793677117466,policy_rebalance
2026-09-09,2026-09-09T09:50:00-04:00,2026-09-09T09:50:00-04:00,TSLA,18,buy,373.44439697265625,373.51908585205075,1.3443998291015624,0.0,1.3443998291015624,6721.9991455078125,18,29441.215875610655,96819.43682287628,0.6959162659717687,0.6959162659717687,policy_rebalance
2026-09-09,2026-09-09T09:50:00-04:00,2026-09-09T09:50:00-04:00,MARA,2024,buy,11.951899528503418,11.954289908409118,4.8381289291381835,0.0,4.8381289291381835,24190.644645690918,2024,5245.733100990601,96814.59869394715,0.9458167138865745,0.9458167138865745,policy_rebalance
2026-09-09,2026-09-09T09:55:00-04:00,2026-09-09T09:55:00-04:00,MSFT,-123,sell,492.3800048828125,492.2815288818359,12.112548120117188,0.0,12.112548120117188,60562.74060058594,0,65796.36115345643,96627.69983753846,0.3190735031043811,0.3190735031043811,policy_rebalance
2026-09-09,2026-09-09T09:55:00-04:00,2026-09-09T09:55:00-04:00,TSLA,-18,sell,371.389892578125,371.3156145996094,1.33700361328125,0.0,1.33700361328125,6685.01806640625,0,72480.04221624939,96626.36283392517,0.24989371336657715,0.24989371336657715,policy_rebalance
2026-09-09,2026-09-09T09:55:00-04:00,2026-09-09T09:55:00-04:00,MARA,-1377,sell,11.930000305175781,11.927614305114746,3.28552208404541,0.0,3.28552208404541,16427.61042022705,647,88904.3671143924,96623.07731184113,0.07988474815946278,0.07988474815946278,policy_rebalance
2026-09-09,2026-09-09T09:55:00-04:00,2026-09-09T09:55:00-04:00,SNDK,8,buy,1774.0550537109375,1774.4098647216797,2.8384880859375,0.0,2.8384880859375,14192.4404296875,8,74709.08819661896,96620.2388237552,0.22677599324820882,0.22677599324820882,policy_rebalance
2026-09-09,2026-09-09T09:55:00-04:00,2026-09-09T09:55:00-04:00,META,-11,sell,647.4600219726562,647.3305299682618,1.4244120483398437,0.0,1.4244120483398437,7122.060241699219,-11,81829.72402626985,96618.81441170686,0.30049231141587707,0.1530663616137799,policy_rebalance
2026-09-09,2026-09-09T09:55:00-04:00,2026-09-09T09:55:00-04:00,AMZN,-246,sell,252.9300994873047,252.87951346740724,12.44416089477539,0.0,12.44416089477539,62220.80447387695,-246,144038.08433925203,96606.37025081209,0.9445962528743833,-0.49097915557013927,policy_rebalance
2026-09-09,2026-09-09T10:00:00-04:00,2026-09-09T10:00:00-04:00,MARA,-647,sell,11.899999618530273,11.897619618606567,1.5398599506378174,0.0,1.5398599506378174,7699.299753189087,0,151735.8442324905,96878.94408600611,0.862301080006314,-0.5662417222238109,policy_rebalance
2026-09-09,2026-09-09T10:00:00-04:00,2026-09-09T10:00:00-04:00,META,1,buy,645.3499755859375,645.4790455810547,0.1290699951171875,0.0,0.1290699951171875,645.3499755859375,-10,151090.36518690945,96878.81501601101,0.8556408139999314,-0.5595810617825887,policy_rebalance
2026-09-09,2026-09-09T10:00:00-04:00,2026-09-09T10:00:00-04:00,AMZN,246,buy,252.43499755859375,252.48548455810547,12.419801879882813,0.0,12.419801879882813,62099.00939941406,0,88978.9359856155,96866.39521413113,0.21467154521716755,0.08142616653669983,policy_rebalance
2026-09-09,2026-09-09T10:00:00-04:00,2026-09-09T10:00:00-04:00,SNDK,8,buy,1792.619873046875,1792.9783970214844,2.868191796875,0.0,2.868191796875,14340.958984375,16,74635.10880944363,96863.52702233425,0.3627311414801987,0.22948181731773323,policy_rebalance
2026-09-09,2026-09-09T10:00:00-04:00,2026-09-09T10:00:00-04:00,TSLA,136,buy,371.0299987792969,371.10420477905274,10.092015966796875,0.0,10.092015966796875,50460.079833984375,136,24164.936959492457,96853.43500636745,0.8837631577338112,0.7504999491458019,policy_rebalance
2026-09-09,2026-09-09T10:00:00-04:00,2026-09-09T10:00:00-04:00,MARA,-324,sell,11.899999618530273,11.897619618606567,0.7711199752807617,0.0,0.7711199752807617,3855.5998764038086,-324,28019.765715920985,96852.66388639217,0.9235791133212751,0.7106970052079511,policy_rebalance
2026-09-09,2026-09-09T10:05:00-04:00,2026-09-09T10:05:00-04:00,SNDK,-8,sell,1802.469970703125,1802.1094767089844,2.883951953125,0.0,2.883951953125,14419.759765625,8,42436.64152959286,97041.28329900204,0.774941123258277,0.5626949676784697,policy_rebalance
2026-09-09,2026-09-09T10:05:00-04:00,2026-09-09T10:05:00-04:00,MARA,55,buy,11.854999542236328,11.857370542144775,0.13040499496459962,0.0,0.13040499496459962,652.024974822998,-269,41784.4861497749,97041.15289400707,0.7682231082802214,0.5694147801869802,policy_rebalance
2026-09-09,2026-09-09T10:05:00-04:00,2026-09-09T10:05:00-04:00,TSLA,46,buy,371.20001220703125,371.27425220947265,3.4150401123046876,0.0,3.4150401123046876,17075.200561523438,182,24705.87054813916,97037.73785389477,0.9442146807544964,0.7453993560181953,policy_rebalance
2026-09-09,2026-09-09T10:10:00-04:00,2026-09-09T10:10:00-04:00,TSLA,-28,sell,371.9800109863281,371.90561498413086,2.0830880615234375,0.0,2.0830880615234375,10415.440307617188,154,35119.22776769482,97171.38967584455,0.8364223499506409,0.6385846915964712,policy_rebalance
2026-09-09,2026-09-09T10:10:00-04:00,2026-09-09T10:10:00-04:00,META,10,buy,645.9400024414062,646.0691904418945,1.2918800048828125,0.0,1.2918800048828125,6459.4000244140625,0,28658.535863275876,97170.09779583965,0.7699582873058359,0.7050683645138527,policy_rebalance
2026-09-09,2026-09-09T10:10:00-04:00,2026-09-09T10:10:00-04:00,MARA,269,buy,11.720000267028809,11.722344267082214,0.6305360143661499,0.0,0.6305360143661499,3152.6800718307495,0,25505.22525543076,97169.4672598253,0.7375181116591766,0.7375181116591766,policy_rebalance
2026-09-09,2026-09-09T10:10:00-04:00,2026-09-09T10:10:00-04:00,SNDK,11,buy,1797.4150390625,1797.7745220703125,3.9543130859375,0.0,3.9543130859375,19771.5654296875,19,5729.705512657321,97165.51294673936,0.9410314900946591,0.9410314900946591,policy_rebalance
2026-09-09,2026-09-09T10:15:00-04:00,2026-09-09T10:15:00-04:00,SNDK,-19,sell,1800.864990234375,1800.504817236328,6.843286962890625,0.0,6.843286962890625,34216.434814453125,0,39939.29704014756,97105.63572422959,0.5887025841263095,0.5887025841263095,policy_rebalance
2026-09-09,2026-09-09T10:15:00-04:00,2026-09-09T10:15:00-04:00,TSLA,-1,sell,371.2099914550781,371.1357494567871,0.07424199829101563,0.0,0.07424199829101563,371.2099914550781,153,40310.43278960435,97105.56148223131,0.5848802872430691,0.5848802872430691,policy_rebalance
2026-09-09,2026-09-09T10:20:00-04:00,2026-09-09T10:20:00-04:00,TSLA,-1,sell,371.6099853515625,371.5356633544922,0.0743219970703125,0.0,0.0743219970703125,371.6099853515625,152,40681.96845295884,97166.68622639634,0.5813177331357097,0.5813177331357097,policy_rebalance
2026-09-09,2026-09-09T10:20:00-04:00,2026-09-09T10:20:00-04:00,AMZN,-140,sell,252.02999877929688,251.979592779541,7.056839965820313,0.0,7.056839965820313,35284.19982910156,-140,75959.11144209458,97159.62938643052,0.9445169581447134,0.2182029519690288,policy_rebalance
2026-09-09,2026-09-09T10:25:00-04:00,2026-09-09T10:25:00-04:00,TSLA,-150,sell,370.8699951171875,370.7958211181641,11.126099853515624,0.0,11.126099853515624,55630.499267578125,2,131578.4846098192,97092.72460005357,0.37046277296676594,-0.3551837704814661,policy_rebalance
2026-09-09,2026-09-09T10:25:00-04:00,2026-09-09T10:25:00-04:00,AMZN,140,buy,251.625,251.675325,7.0455,0.0,7.0455,35227.5,0,96343.93910981918,97085.67910005356,0.007640055640646653,0.007640055640646653,policy_rebalance
2026-09-09,2026-09-09T10:25:00-04:00,2026-09-09T10:25:00-04:00,META,-105,sell,642.0650024414062,641.9365894409179,13.483365051269532,0.0,13.483365051269532,67416.82525634766,-105,163747.28100111557,97072.19573500229,0.7021430259252436,-0.6868607922306591,policy_rebalance
2026-09-09,2026-09-09T10:25:00-04:00,2026-09-09T10:25:00-04:00,JPM,-66,sell,353.989990234375,353.9191922363281,4.67266787109375,0.0,4.67266787109375,23363.33935546875,-66,187105.94768871323,97067.5230671312,0.9428684456978972,-0.9275854763421963,policy_rebalance
2026-09-09,2026-09-09T10:30:00-04:00,2026-09-09T10:30:00-04:00,TSLA,-2,sell,371.2699890136719,371.19573501586916,0.14850799560546876,0.0,0.14850799560546876,742.5399780273438,0,187848.33915874496,96821.48515483871,0.9401513915876669,-0.9401513915876669,policy_rebalance
2026-09-09,2026-09-09T10:30:00-04:00,2026-09-09T10:30:00-04:00,META,105,buy,643.7449951171875,643.8737441162109,13.518644897460938,0.0,13.518644897460938,67593.22448730469,0,120241.59602654281,96807.96650994125,0.2420630280896888,-0.2420630280896888,policy_rebalance
2026-09-09,2026-09-09T10:30:00-04:00,2026-09-09T10:30:00-04:00,AVGO,-61,sell,363.17498779296875,363.1023527954102,4.430734851074218,0.0,4.430734851074218,22153.674255371094,-61,142390.83954706285,96803.53577509019,0.47092601945747664,-0.47092601945747664,policy_rebalance
2026-09-09,2026-09-09T10:30:00-04:00,2026-09-09T10:30:00-04:00,COIN,74,buy,180.7667999267578,180.80295328674316,2.6753486389160157,0.0,2.6753486389160157,13376.743194580078,74,129011.42100384385,96800.86042645127,0.6091273022449348,-0.3327507672503177,policy_rebalance
2026-09-09,2026-09-09T10:30:00-04:00,2026-09-09T10:30:00-04:00,MSTR,233,buy,137.80999755859375,137.83755955810545,6.421945886230469,0.0,6.421945886230469,32109.729431152344,233,96895.26962680527,96794.43848056503,0.9408988556299277,-0.001041703922488066,policy_rebalance
2026-09-09,2026-09-09T10:30:00-04:00,2026-09-09T10:30:00-04:00,JPM,-1,sell,355.05499267578125,354.9839816772461,0.07101099853515624,0.0,0.07101099853515624,355.05499267578125,-67,97250.25360848251,96794.3674695665,0.9445676828161242,-0.004709841603741587,policy_rebalance
2026-09-09,2026-09-09T10:35:00-04:00,2026-09-09T10:35:00-04:00,MSTR,-233,sell,137.67999267578125,137.6524566772461,6.415887658691406,0.0,6.415887658691406,32079.43829345703,0,129323.27601428085,96735.25272936875,0.6133131565834372,-0.3368784632845479,policy_rebalance
2026-09-09,2026-09-09T10:35:00-04:00,2026-09-09T10:35:00-04:00,AVGO,61,buy,363.4453125,363.5180015625,4.4340328125,0.0,4.4340328125,22170.1640625,0,107148.67791896836,96730.81869655625,0.3841468483629056,-0.10769948360607641,policy_rebalance
2026-09-09,2026-09-09T10:35:00-04:00,2026-09-09T10:35:00-04:00,JPM,1,buy,355.04998779296875,355.1209977905273,0.07100999755859375,0.0,0.07100999755859375,355.04998779296875,-66,106793.55692117783,96730.7476865587,0.38047663265572834,-0.10402906495901537,policy_rebalance
2026-09-09,2026-09-09T10:35:00-04:00,2026-09-09T10:35:00-04:00,SNDK,-9,sell,1791.20361328125,1790.8453725585937,3.22416650390625,0.0,3.22416650390625,16120.83251953125,-9,122911.16527420518,96727.52352005479,0.5471516249727097,-0.2706948425979464,policy_rebalance
2026-09-09,2026-09-09T10:35:00-04:00,2026-09-09T10:35:00-04:00,TSLA,85,buy,372.79998779296875,372.87454779052734,6.337599792480469,0.0,6.337599792480469,31687.998962402344,85,91216.82871201035,96721.1859202623,0.8748095862445445,0.05690952975690133,policy_rebalance
2026-09-09,2026-09-09T10:35:00-04:00,2026-09-09T10:35:00-04:00,COIN,34,buy,180.6822967529297,180.71843321228027,1.228639617919922,0.0,1.228639617919922,6143.198089599609,108,85072.40198279281,96719.95728064438,0.9383360092090117,0.1204255628862077,policy_rebalance
2026-09-09,2026-09-09T10:40:00-04:00,2026-09-09T10:40:00-04:00,SNDK,9,buy,1790.64501953125,1791.0031485351562,3.22316103515625,0.0,3.22316103515625,16115.80517578125,0,68953.3736459764,96628.09276218734,0.771582032852833,0.2864044847115171,policy_rebalance
2026-09-09,2026-09-09T10:40:00-04:00,2026-09-09T10:40:00-04:00,JPM,66,buy,355.1650085449219,355.2360415466309,4.6881781127929685,0.0,4.6881781127929685,23440.890563964844,0,45507.79490389877,96623.40458407455,0.5290189255926989,0.5290189255926989,policy_rebalance
2026-09-09,2026-09-09T10:45:00-04:00,2026-09-09T10:45:00-04:00,TSLA,-1,sell,371.7550048828125,371.68065388183595,0.0743510009765625,0.0,0.0743510009765625,371.7550048828125,84,45879.475557780606,96492.89596793686,0.5245300174944934,0.5245300174944934,policy_rebalance
2026-09-09,2026-09-09T10:45:00-04:00,2026-09-09T10:45:00-04:00,COIN,-1,sell,179.5,179.4641,0.0359,0.0,0.0359,179.5,107,46058.939657780604,96492.86006793685,0.5226699713807602,0.5226699713807602,policy_rebalance
2026-09-09,2026-09-09T10:45:00-04:00,2026-09-09T10:45:00-04:00,AMZN,-156,sell,252.47500610351562,252.42451110229493,7.8772201904296875,0.0,7.8772201904296875,39386.10095214844,-156,85437.16338973862,96484.98284774643,0.930922291855935,0.1145029944757445,policy_rebalance
2026-09-09,2026-09-09T10:45:00-04:00,2026-09-09T10:45:00-04:00,INTC,-10,sell,105.79900360107422,105.777843800354,0.21159800720214844,0.0,0.21159800720214844,1057.9900360107422,-10,86494.94182774216,96484.77124973923,0.9418896912041033,0.10353788782003324,policy_rebalance
2026-09-09,2026-09-09T10:50:00-04:00,2026-09-09T10:50:00-04:00,TSLA,-84,sell,373.2699890136719,373.19533501586915,6.270935815429688,0.0,6.270935815429688,31354.679077148438,0,117843.34996907518,96659.188668416,0.617189962602304,-0.21916345039197746,policy_rebalance
2026-09-09,2026-09-09T10:50:00-04:00,2026-09-09T10:50:00-04:00,COIN,-1,sell,179.77999877929688,179.74404277954102,0.03595599975585938,0.0,0.03595599975585938,179.77999877929688,106,118023.09401185472,96659.15271241624,0.6153302545244567,-0.2210234695828675,policy_rebalance
2026-09-09,2026-09-09T10:50:00-04:00,2026-09-09T10:50:00-04:00,AMZN,152,buy,252.32000732421875,252.37047132568358,7.67052822265625,0.0,7.67052822265625,38352.64111328125,-4,79662.78237035082,96651.48218419359,0.21856529718923334,0.17577278102643634,policy_rebalance
2026-09-09,2026-09-09T10:50:00-04:00,2026-09-09T10:50:00-04:00,INTC,10,buy,105.87000274658203,105.89117674713134,0.21174000549316407,0.0,0.21174000549316407,1058.7000274658203,0,78603.8706028795,96651.27044418809,0.20761196213648908,0.18672697998036336,policy_rebalance
2026-09-09,2026-09-09T10:50:00-04:00,2026-09-09T10:50:00-04:00,MARA,2032,buy,11.949899673461914,11.952289653396607,4.8564392272949215,0.0,4.8564392272949215,24282.19613647461,2032,54316.81802717759,96646.4140049608,0.45887016598567837,0.437984134368508,policy_rebalance
2026-09-09,2026-09-09T10:50:00-04:00,2026-09-09T10:50:00-04:00,HOOD,-400,sell,117.93499755859375,117.91141055908203,9.4347998046875,0.0,9.4347998046875,47173.9990234375,-400,101481.3822508104,96636.97920515611,0.9470717712058951,-0.050129909745728285,policy_rebalance
2026-09-09,2026-09-09T10:55:00-04:00,2026-09-09T10:55:00-04:00,COIN,-1,sell,178.8000030517578,178.76424305114747,0.03576000061035156,0.0,0.03576000061035156,178.8000030517578,105,101660.14649386155,96115.30832857835,0.94537655708922,-0.05768943846413833,policy_rebalance
2026-09-09,2026-09-09T10:55:00-04:00,2026-09-09T10:55:00-04:00,MARA,-2032,sell,11.755000114440918,11.75264911441803,4.777232046508789,0.0,4.777232046508789,23886.160232543945,0,125541.52949435898,96110.53109653183,0.6968955251264161,-0.3062203284286,policy_rebalance
2026-09-09,2026-09-09T10:55:00-04:00,2026-09-09T10:55:00-04:00,AMZN,1,buy,252.24989318847656,252.30034316711425,0.05044997863769531,0.0,0.05044997863769531,252.24989318847656,-3,125289.22915119187,96110.4806465532,0.694271308359135,-0.30359590658945584,policy_rebalance
2026-09-09,2026-09-09T10:55:00-04:00,2026-09-09T10:55:00-04:00,HOOD,400,buy,117.98999786376953,118.01359586334229,9.439199829101563,0.0,9.439199829101563,47195.99914550781,0,78083.79080585495,96101.04144672409,0.20323140837997408,0.1874823661599696,policy_rebalance
2026-09-09,2026-09-09T10:55:00-04:00,2026-09-09T10:55:00-04:00,AMD,35,buy,520.0999755859375,520.2039955810546,3.6406998291015626,0.0,3.6406998291015626,18203.499145507812,35,59876.65096051804,96097.400746895,0.3926666991222137,0.3769170602415829,policy_rebalance
2026-09-09,2026-09-09T10:55:00-04:00,2026-09-09T10:55:00-04:00,SNDK,7,buy,1783.5400390625,1783.8967470703124,2.4969560546875,0.0,2.4969560546875,12484.7802734375,7,47389.37373102585,96094.9037908403,0.5225982589904228,0.5068482108669017,policy_rebalance
2026-09-09,2026-09-09T10:55:00-04:00,2026-09-09T10:55:00-04:00,MARA,-3327,sell,11.755000114440918,11.75264911441803,7.821777076148987,0.0,7.821777076148987,39108.885380744934,-3327,86490.43733469464,96087.08201376416,0.929655817697683,0.09987445219425886,policy_rebalance
2026-09-09,2026-09-09T11:00:00-04:00,2026-09-09T11:00:00-04:00,AMD,-35,sell,522.655029296875,522.5504982910156,3.658585205078125,0.0,3.658585205078125,18292.926025390625,0,104779.70477488019,96024.23032667614,0.7442090699161622,-0.09117984511219471,policy_rebalance
2026-09-09,2026-09-09T11:00:00-04:00,2026-09-09T11:00:00-04:00,SNDK,-7,sell,1790.594970703125,1790.2368517089844,2.506832958984375,0.0,2.506832958984375,12534.164794921875,0,117311.36273684308,96021.72349371716,0.6136938205422324,-0.22171690393079568,policy_rebalance
2026-09-09,2026-09-09T11:00:00-04:00,2026-09-09T11:00:00-04:00,COIN,-1,sell,179.22999572753906,179.19414972839357,0.03584599914550781,0.0,0.03584599914550781,179.22999572753906,104,117490.55688657147,96021.68764771802,0.6118274921986102,-0.22358354414283893,policy_rebalance
2026-09-09,2026-09-09T11:00:00-04:00,2026-09-09T11:00:00-04:00,AMZN,1,buy,251.7899932861328,251.84035128479005,0.050357998657226566,0.0,0.050357998657226566,251.7899932861328,-2,117238.71653528669,96021.63728971937,0.6092055916563555,-0.2209614399882655,policy_rebalance
2026-09-09,2026-09-09T11:00:00-04:00,2026-09-09T11:00:00-04:00,MARA,3327,buy,11.828499794006348,11.830865493965149,7.870683762931824,0.0,7.870683762931824,39353.41881465912,0,77877.42703686464,96013.76660595644,0.1993828616348514,0.1888931161666005,policy_rebalance
2026-09-09,2026-09-09T11:00:00-04:00,2026-09-09T11:00:00-04:00,TSLA,-180,sell,371.30999755859375,371.23573555908206,13.367159912109376,0.0,13.367159912109376,66835.79956054688,-180,144699.85943749943,96000.39944604435,0.8956139724304651,-0.5072839308218287,policy_rebalance
2026-09-09,2026-09-09T11:05:00-04:00,2026-09-09T11:05:00-04:00,COIN,-104,sell,178.4550018310547,178.4193108306885,3.7118640380859373,0.0,3.7118640380859373,18559.320190429688,0,163255.46776389104,96137.60930441838,0.6981436187678113,-0.6981436187678113,policy_rebalance
2026-09-09,2026-09-09T11:05:00-04:00,2026-09-09T11:05:00-04:00,TSLA,180,buy,370.0849914550781,370.15900845336915,13.323059692382813,0.0,13.323059692382813,66615.29846191406,0,96626.84624228459,96124.286244726,0.005228231253432766,-0.005228231253432766,policy_rebalance
2026-09-09,2026-09-09T11:05:00-04:00,2026-09-09T11:05:00-04:00,META,-102,sell,655.489990234375,655.3588922363282,13.37199580078125,0.0,13.37199580078125,66859.97900390625,-102,163473.45325039007,96110.91424892523,0.7008833442890502,-0.7008833442890502,policy_rebalance
2026-09-09,2026-09-09T11:10:00-04:00,2026-09-09T11:10:00-04:00,SNDK,2,buy,1784.0,1784.3568,0.7136,0.0,0.7136,3568.0,2,159904.73965039008,95977.78237499946,0.7404104941468338,-0.6660599536007042,policy_rebalance
2026-09-09,2026-09-09T11:10:00-04:00,2026-09-09T11:10:00-04:00,AMZN,-76,sell,251.44500732421875,251.3947183227539,3.821964111328125,0.0,3.821964111328125,19109.820556640625,-78,179010.73824291938,95973.96041088813,0.9395546192527578,-0.8652011178504083,policy_rebalance
2026-09-09,2026-09-09T11:15:00-04:00,2026-09-09T11:15:00-04:00,SNDK,-1,sell,1773.5,1773.1453000000001,0.3547,0.0,0.3547,1773.5,1,180783.8835429194,96329.37560834907,0.9135479948750237,-0.8767264129058723,policy_rebalance
2026-09-09,2026-09-09T11:15:00-04:00,2026-09-09T11:15:00-04:00,META,-1,sell,653.4849853515625,653.3542883544922,0.1306969970703125,0.0,0.1306969970703125,653.4849853515625,-103,181437.23783127387,96329.244911352,0.9203331034257308,-0.8835114714980212,policy_rebalance
2026-09-09,2026-09-09T11:15:00-04:00,2026-09-09T11:15:00-04:00,INTC,-9,sell,105.12000274658203,105.09897874603271,0.18921600494384766,0.0,0.18921600494384766,946.0800247192383,-9,182383.12863998816,96329.05569534705,0.9301562472284163,-0.8933345429731826,policy_rebalance
2026-09-09,2026-09-09T11:20:00-04:00,2026-09-09T11:20:00-04:00,META,84,buy,656.72998046875,656.8613264648437,11.033063671875,0.0,11.033063671875,55165.318359375,-19,127206.7772169413,95961.40844252723,0.36298455006372604,-0.32560348249919024,policy_rebalance
2026-09-09,2026-09-09T11:20:00-04:00,2026-09-09T11:20:00-04:00,AMZN,1,buy,251.48460388183594,251.5349008026123,0.05029692077636719,0.0,0.05029692077636719,251.48460388183594,-77,126955.24231613868,95961.35814560646,0.360364054150203,-0.3229829669928579,policy_rebalance
2026-09-09,2026-09-09T11:20:00-04:00,2026-09-09T11:20:00-04:00,INTC,9,buy,105.02999877929688,105.05100477905273,0.18905399780273438,0.0,0.18905399780273438,945.2699890136719,0,126009.7832731272,95961.16909160865,0.35051421728706267,-0.3131330564848877,policy_rebalance
2026-09-09,2026-09-09T11:20:00-04:00,2026-09-09T11:20:00-04:00,MARA,-908,sell,11.774999618530273,11.772644618606568,2.1383399307250976,0.0,2.1383399307250976,10691.699653625488,-908,136699.34458682197,95959.03075167793,0.4619414491840005,-0.42455945538436635,policy_rebalance
2026-09-09,2026-09-09T11:20:00-04:00,2026-09-09T11:20:00-04:00,CRM,116,buy,248.85000610351562,248.89977610473633,5.7733201416015625,0.0,5.7733201416015625,28866.600708007812,116,107826.97055867256,95953.25743153633,0.7628094803134194,-0.12374476328339609,policy_rebalance
2026-09-09,2026-09-09T11:20:00-04:00,2026-09-09T11:20:00-04:00,JPM,-48,sell,353.8699951171875,353.7992211181641,3.397151953125,0.0,3.397151953125,16985.759765625,-48,124809.33317234444,95949.86027958321,0.9398639449665148,-0.30077660153614755,policy_rebalance
2026-09-09,2026-09-09T11:25:00-04:00,2026-09-09T11:25:00-04:00,SNDK,-1,sell,1773.6446533203125,1773.2899243896484,0.3547289306640625,0.0,0.3547289306640625,1773.6446533203125,0,126582.6230967341,96099.0540354548,0.9176153630059419,-0.3172098764888225,policy_rebalance
2026-09-09,2026-09-09T11:25:00-04:00,2026-09-09T11:25:00-04:00,CRM,-20,sell,248.6999969482422,248.65025694885256,0.9947999877929687,0.0,0.9947999877929687,4973.999938964844,96,131555.62823571113,96098.059235467,0.8658652326206084,-0.3689727896935278,policy_rebalance
2026-09-09,2026-09-09T11:25:00-04:00,2026-09-09T11:25:00-04:00,AMZN,77,buy,250.85000610351562,250.90017610473632,3.8630900939941406,0.0,3.8630900939941406,19315.450469970703,0,112236.31467564644,96094.196145373,0.6648946607314161,-0.16798224219341357,policy_rebalance
2026-09-09,2026-09-09T11:25:00-04:00,2026-09-09T11:25:00-04:00,MARA,908,buy,11.70989990234375,11.712241882324218,2.126517822265625,0.0,2.126517822265625,10632.589111328125,0,101601.59904649605,96092.06962755074,0.5542593581285251,-0.05733594291703824,policy_rebalance
2026-09-09,2026-09-09T11:25:00-04:00,2026-09-09T11:25:00-04:00,JPM,48,buy,353.9599914550781,354.0307834533691,3.39801591796875,0.0,3.39801591796875,16990.07958984375,0,84608.12144073434,96088.67161163277,0.37746228181567587,0.11947870626518858,policy_rebalance
2026-09-09,2026-09-09T11:25:00-04:00,2026-09-09T11:25:00-04:00,META,-84,sell,652.3499755859375,652.2195055908203,10.95947958984375,0.0,10.95947958984375,54797.39794921875,-103,139394.55991036323,96077.71213204291,0.947849872478499,-0.45085219888238465,policy_rebalance
2026-09-09,2026-09-09T11:30:00-04:00,2026-09-09T11:30:00-04:00,CRM,-96,sell,249.22000122070312,249.170157220459,4.7850240234375,0.0,4.7850240234375,23925.1201171875,0,163314.8950035273,96129.02726671088,0.6989134254985083,-0.6989134254985083,policy_rebalance
2026-09-09,2026-09-09T11:30:00-04:00,2026-09-09T11:30:00-04:00,META,103,buy,652.2899780273438,652.4204360229492,13.437173547363281,0.0,13.437173547363281,67185.8677368164,0,96115.59009316353,96115.59009316353,0.0,0.0,policy_rebalance
2026-09-09,2026-09-09T11:30:00-04:00,2026-09-09T11:30:00-04:00,JPM,-141,sell,354.8299865722656,354.7590205749512,10.006205621337891,0.0,10.006205621337891,50031.02810668945,-141,146136.61199423164,96105.58388754219,0.5205839877653018,-0.5205839877653018,policy_rebalance
2026-09-09,2026-09-09T11:35:00-04:00,2026-09-09T11:35:00-04:00,JPM,1,buy,354.94000244140625,355.01099044189453,0.07098800048828124,0.0,0.07098800048828124,354.94000244140625,-140,145781.60100378975,96090.00066199288,0.5171360183105059,-0.5171360183105059,policy_rebalance
2026-09-09,2026-09-09T11:35:00-04:00,2026-09-09T11:35:00-04:00,SNDK,8,buy,1772.1400146484375,1772.494442651367,2.8354240234375,0.0,2.8354240234375,14177.1201171875,8,131601.6454625788,96087.16523796943,0.6646956469244059,-0.36960690989950873,policy_rebalance
2026-09-09,2026-09-09T11:35:00-04:00,2026-09-09T11:35:00-04:00,MARA,-1928,sell,11.759900093078613,11.757548113059999,4.534617475891113,0.0,4.534617475891113,22673.087379455566,-1928,154270.1982245585,96082.63062049355,0.9007018987673445,-0.6055992350364943,policy_rebalance
2026-09-09,2026-09-09T11:40:00-04:00,2026-09-09T11:40:00-04:00,SNDK,-4,sell,1774.800048828125,1774.4450888183594,1.4198400390625,0.0,1.4198400390625,7099.2001953125,4,161367.97857983192,95995.14031536659,0.8289090301204844,-0.6810015387206081,policy_rebalance
2026-09-09,2026-09-09T11:40:00-04:00,2026-09-09T11:40:00-04:00,MARA,1928,buy,11.779999732971191,11.782355732917786,4.542367897033691,0.0,4.542367897033691,22711.839485168457,0,138651.59672676644,95990.59794746956,0.5923434209779371,-0.4444289304525733,policy_rebalance
2026-09-09,2026-09-09T11:40:00-04:00,2026-09-09T11:40:00-04:00,JPM,1,buy,355.42999267578125,355.5010786743164,0.07108599853515625,0.0,0.07108599853515625,355.42999267578125,-139,138296.09564809213,95990.52686147104,0.5886410984991252,-0.4407264984353558,policy_rebalance
2026-09-09,2026-09-09T11:40:00-04:00,2026-09-09T11:40:00-04:00,COIN,153,buy,178.4199981689453,178.4556821685791,5.459651943969726,0.0,5.459651943969726,27298.259719848633,153,110992.37627629953,95985.06720952707,0.8730756911818558,-0.15635045641019146,policy_rebalance
2026-09-09,2026-09-09T11:40:00-04:00,2026-09-09T11:40:00-04:00,SMCI,161,buy,39.54999923706055,39.55790923690796,1.2735099754333497,0.0,1.2735099754333497,6367.549877166748,161,104623.55288915735,95983.79369955164,0.9394271188791601,-0.09001268710684511,policy_rebalance
2026-09-09,2026-09-09T11:45:00-04:00,2026-09-09T11:45:00-04:00,SNDK,-4,sell,1767.4849853515625,1767.1314883544921,1.41398798828125,0.0,1.41398798828125,7069.93994140625,0,111692.07884257531,95898.61404460168,0.865751957457113,-0.16468918717248843,policy_rebalance
2026-09-09,2026-09-09T11:45:00-04:00,2026-09-09T11:45:00-04:00,COIN,-1,sell,178.2899932861328,178.25433528747558,0.03565799865722656,0.0,0.03565799865722656,178.2899932861328,152,111870.33317786279,95898.57838660303,0.8638931277924502,-0.166548399986407,policy_rebalance
2026-09-09,2026-09-09T11:45:00-04:00,2026-09-09T11:45:00-04:00,SMCI,-136,sell,39.36090087890625,39.35302869873047,1.07061650390625,0.0,1.07061650390625,5353.08251953125,25,117222.34508089014,95897.50777009912,0.8080819003086028,-0.2223711314992078,policy_rebalance
2026-09-09,2026-09-09T11:45:00-04:00,2026-09-09T11:45:00-04:00,JPM,1,buy,355.4599914550781,355.53108345336915,0.07109199829101563,0.0,0.07109199829101563,355.4599914550781,-138,116866.81399743677,95897.43667810083,0.8043758310370019,-0.2186646280204955,policy_rebalance
2026-09-09,2026-09-09T11:45:00-04:00,2026-09-09T11:45:00-04:00,META,-20,sell,651.75,651.61965,2.607,0.0,2.607,13035.0,-20,129899.20699743676,95894.82967810082,0.9403278636080421,-0.3546007374274674,policy_rebalance
2026-09-09,2026-09-09T11:50:00-04:00,2026-09-09T11:50:00-04:00,COIN,-1,sell,177.9600067138672,177.92441471252442,0.03559200134277344,0.0,0.03559200134277344,177.9600067138672,151,130077.13141214929,95957.14295923791,0.9360627849354137,-0.3555752849728484,policy_rebalance
2026-09-09,2026-09-09T11:50:00-04:00,2026-09-09T11:50:00-04:00,SMCI,-25,sell,39.15999984741211,39.15216784744263,0.19579999923706054,0.0,0.19579999923706054,978.9999961853027,0,131055.93560833536,95956.94715923868,0.9258622028611591,-0.3657785026325462,policy_rebalance
2026-09-09,2026-09-09T11:50:00-04:00,2026-09-09T11:50:00-04:00,META,1,buy,649.9099731445312,650.0399551391602,0.12998199462890625,0.0,0.12998199462890625,649.9099731445312,-19,130405.8956531962,95956.81717724405,0.9190905148577063,-0.3590060559461915,policy_rebalance
2026-09-09,2026-09-09T11:50:00-04:00,2026-09-09T11:50:00-04:00,JPM,1,buy,354.875,354.945975,0.070975,0.0,0.070975,354.875,-137,130050.94967819621,95956.74620224406,0.9153929137864601,-0.35530804060501603,policy_rebalance
2026-09-09,2026-09-09T11:50:00-04:00,2026-09-09T11:50:00-04:00,SNDK,1,buy,1766.300048828125,1766.6533088378906,0.353260009765625,0.0,0.353260009765625,1766.300048828125,1,128284.29636935832,95956.39294223429,0.9338036039590399,-0.33690202847230205,policy_rebalance
2026-09-09,2026-09-09T11:55:00-04:00,2026-09-09T11:55:00-04:00,SNDK,-1,sell,1766.969970703125,1766.6165767089844,0.353393994140625,0.0,0.353393994140625,1766.969970703125,0,130050.9129460673,95922.31406911417,0.9160205553220618,-0.35579415705466305,policy_rebalance
2026-09-09,2026-09-09T11:55:00-04:00,2026-09-09T11:55:00-04:00,COIN,-21,sell,177.94110107421875,177.90551285400392,0.7473526245117188,0.0,0.7473526245117188,3736.7631225585938,130,133786.9287160014,95921.56671648967,0.8770712485073076,-0.3947533729450894,policy_rebalance
2026-09-09,2026-09-09T11:55:00-04:00,2026-09-09T11:55:00-04:00,SOXX,-6,sell,532.2899780273438,532.1835200317383,0.6387479736328125,0.0,0.6387479736328125,3193.7398681640625,-6,136980.02983619182,95920.92796851604,0.9103726370916135,-0.4280515497217931,policy_rebalance
2026-09-09,2026-09-09T12:00:00-04:00,2026-09-09T12:00:00-04:00,COIN,-1,sell,177.54010009765625,177.50459207763672,0.03550802001953125,0.0,0.03550802001953125,177.54010009765625,129,137157.53442826946,95895.40039506633,0.9079421901332185,-0.4302827232923885,policy_rebalance
2026-09-09,2026-09-09T12:00:00-04:00,2026-09-09T12:00:00-04:00,SOXX,1,buy,531.6400146484375,531.7463426513672,0.1063280029296875,0.0,0.1063280029296875,531.6400146484375,-5,136625.7880856181,95895.2940670634,0.9023992333057766,-0.42473923683961207,policy_rebalance
2026-09-09,2026-09-09T12:00:00-04:00,2026-09-09T12:00:00-04:00,META,1,buy,651.635009765625,651.7653367675781,0.130327001953125,0.0,0.130327001953125,651.635009765625,-18,135974.02274885052,95895.16374006146,0.8956051742795568,-0.4179445286461886,policy_rebalance
2026-09-09,2026-09-09T12:00:00-04:00,2026-09-09T12:00:00-04:00,JPM,1,buy,354.70001220703125,354.7709522094726,0.07094000244140625,0.0,0.07094000244140625,354.70001220703125,-136,135619.25179664104,95895.092800059,0.8919070030007282,-0.41424600400989015,policy_rebalance
2026-09-09,2026-09-09T12:00:00-04:00,2026-09-09T12:00:00-04:00,TSLA,10,buy,370.6199951171875,370.6941191162109,0.741239990234375,0.0,0.741239990234375,3706.199951171875,10,131912.31060547894,95894.35156006878,0.9305626798785062,-0.3756004233768482,policy_rebalance
2026-09-09,2026-09-09T12:05:00-04:00,2026-09-09T12:05:00-04:00,TSLA,-1,sell,370.6828918457031,370.608755267334,0.07413657836914063,0.0,0.07413657836914063,370.6828918457031,9,132282.91936074628,96021.08652078046,0.9278741539911102,-0.37764447533217815,policy_rebalance
2026-09-09,2026-09-09T12:05:00-04:00,2026-09-09T12:05:00-04:00,COIN,-1,sell,178.9199981689453,178.88421416931152,0.03578399963378906,0.0,0.03578399963378906,178.9199981689453,128,132461.8035749156,96021.05073678083,0.926011158390167,-0.3795079574585008,policy_rebalance
2026-09-09,2026-09-09T12:05:00-04:00,2026-09-09T12:05:00-04:00,SOXX,1,buy,531.7899780273438,531.8963360229492,0.10635799560546876,0.0,0.10635799560546876,531.7899780273438,-4,131929.90723889266,96020.94437878524,0.9204739134403651,-0.3739701071721714,policy_rebalance
2026-09-09,2026-09-09T12:05:00-04:00,2026-09-09T12:05:00-04:00,META,18,buy,652.7349853515625,652.8655323486328,2.349845947265625,0.0,2.349845947265625,11749.229736328125,0,120178.32765661727,96018.59453283797,0.798132331358411,-0.2516151505999889,policy_rebalance
2026-09-09,2026-09-09T12:05:00-04:00,2026-09-09T12:05:00-04:00,JPM,1,buy,354.92999267578125,355.0009786743164,0.07098599853515625,0.0,0.07098599853515625,354.92999267578125,-135,119823.32667794295,96018.52354683944,0.7944364472378626,-0.24791886244211134,policy_rebalance
2026-09-09,2026-09-09T12:05:00-04:00,2026-09-09T12:05:00-04:00,MSTR,99,buy,135.17999267578125,135.2070286743164,2.676563854980469,0.0,2.676563854980469,13382.819274902344,99,106437.83083918563,96015.84698298445,0.9338399525483362,-0.10854441411164258,policy_rebalance
2026-09-09,2026-09-09T12:10:00-04:00,2026-09-09T12:10:00-04:00,TSLA,-1,sell,369.92498779296875,369.8510027954102,0.07398499755859375,0.0,0.07398499755859375,369.92498779296875,8,106807.68184198103,95873.8359099742,0.9288623409307437,-0.11404410628019253,policy_rebalance
2026-09-09,2026-09-09T12:10:00-04:00,2026-09-09T12:10:00-04:00,COIN,-1,sell,177.8800048828125,177.84442888183594,0.0355760009765625,0.0,0.0355760009765625,177.8800048828125,127,106985.52627086287,95873.80033397322,0.9270073298739613,-0.11589950432946558,policy_rebalance
2026-09-09,2026-09-09T12:10:00-04:00,2026-09-09T12:10:00-04:00,MSTR,-99,sell,134.6649932861328,134.63806028747558,2.6663668670654297,0.0,2.6663668670654297,13331.834335327148,0,120314.69423932295,95871.13396710616,0.7879731697244567,-0.2549626697917592,policy_rebalance
2026-09-09,2026-09-09T12:10:00-04:00,2026-09-09T12:10:00-04:00,SOXX,1,buy,530.6799926757812,530.7861286743164,0.10613599853515625,0.0,0.10613599853515625,530.6799926757812,-3,119783.90811064864,95871.02783110763,0.7824386889500217,-0.24942759893705777,policy_rebalance
2026-09-09,2026-09-09T12:10:00-04:00,2026-09-09T12:10:00-04:00,JPM,1,buy,354.6000061035156,354.67092610473634,0.07092000122070312,0.0,0.07092000122070312,354.6000061035156,-134,119429.2371845439,95870.9569111064,0.7787405458733913,-0.24572906156847105,policy_rebalance
2026-09-09,2026-09-09T12:10:00-04:00,2026-09-09T12:10:00-04:00,META,-22,sell,651.72998046875,651.5996344726562,2.8676119140625,0.0,2.8676119140625,14338.0595703125,-22,133764.42914294233,95868.08929919233,0.9283241330796154,-0.39529670530389166,policy_rebalance
2026-09-09,2026-09-09T12:15:00-04:00,2026-09-09T12:15:00-04:00,COIN,-30,sell,178.3000030517578,178.26434305114748,1.069800018310547,0.0,1.069800018310547,5349.000091552734,97,139112.35943447676,95879.84071194258,0.8735150002159753,-0.45090311374650865,policy_rebalance
2026-09-09,2026-09-09T12:15:00-04:00,2026-09-09T12:15:00-04:00,SNDK,4,buy,1765.6400146484375,1765.9931426513672,1.41251201171875,0.0,1.41251201171875,7062.56005859375,4,132048.3868638713,95878.42819993087,0.9471894861419873,-0.37724813957647363,policy_rebalance
2026-09-09,2026-09-09T12:20:00-04:00,2026-09-09T12:20:00-04:00,SNDK,-1,sell,1769.0,1768.6462000000001,0.3538,0.0,0.3538,1769.0,3,133817.0330638713,95887.78466604414,0.9282282316203562,-0.3955587099016449,policy_rebalance
2026-09-09,2026-09-09T12:20:00-04:00,2026-09-09T12:20:00-04:00,TSLA,-8,sell,370.04998779296875,369.9759777954102,0.59207998046875,0.0,0.59207998046875,2960.39990234375,0,136776.84088623457,95887.19258606367,0.8973601851465388,-0.4264349304363077,policy_rebalance
2026-09-09,2026-09-09T12:20:00-04:00,2026-09-09T12:20:00-04:00,COIN,-1,sell,178.0500030517578,178.01439305114747,0.035610000610351564,0.0,0.035610000610351564,178.0500030517578,96,136954.85527928572,95887.15697606307,0.8955036482163693,-0.4282919589896137,policy_rebalance
2026-09-09,2026-09-09T12:20:00-04:00,2026-09-09T12:20:00-04:00,SOXX,1,buy,530.02001953125,530.1260235351563,0.10600400390625,0.0,0.10600400390625,530.02001953125,-2,136424.72925575057,95887.05097205917,0.8899770928870845,-0.4227648871535721,policy_rebalance
2026-09-09,2026-09-09T12:20:00-04:00,2026-09-09T12:20:00-04:00,META,1,buy,652.469970703125,652.6004646972656,0.130493994140625,0.0,0.130493994140625,652.469970703125,-21,135772.1287910533,95886.92047806503,0.8831737266846333,-0.41596088511479906,policy_rebalance
2026-09-09,2026-09-09T12:20:00-04:00,2026-09-09T12:20:00-04:00,JPM,1,buy,354.6499938964844,354.72092389526364,0.07092999877929687,0.0,0.07092999877929687,354.6499938964844,-133,135417.40786715806,95886.84954806627,0.8794757498290334,-0.4122625626496976,policy_rebalance
2026-09-09,2026-09-09T12:25:00-04:00,2026-09-09T12:25:00-04:00,SNDK,-3,sell,1772.4000244140625,1772.0455444091797,1.0634400146484375,0.0,1.0634400146484375,5317.2000732421875,0,140733.54450038561,95842.00324061999,0.825018044349118,-0.46839109932897965,policy_rebalance
2026-09-09,2026-09-09T12:25:00-04:00,2026-09-09T12:25:00-04:00,COIN,-1,sell,178.02000427246094,177.98440027160646,0.03560400085449219,0.0,0.03560400085449219,178.02000427246094,95,140911.52890065723,95841.96763661914,0.8231609181368916,-0.47024870602529223,policy_rebalance
2026-09-09,2026-09-09T12:25:00-04:00,2026-09-09T12:25:00-04:00,META,1,buy,652.6856079101562,652.8161450317383,0.13053712158203126,0.0,0.13053712158203126,652.6856079101562,-20,140258.71275562549,95841.83709949756,0.8163520111438439,-0.4634393183638253,policy_rebalance
2026-09-09,2026-09-09T12:25:00-04:00,2026-09-09T12:25:00-04:00,JPM,1,buy,354.99371337890625,355.06471212158203,0.07099874267578125,0.0,0.07099874267578125,354.99371337890625,-132,139903.6480435039,95841.76610075487,0.8126486595899984,-0.45973570537534136,policy_rebalance
2026-09-09,2026-09-09T12:25:00-04:00,2026-09-09T12:25:00-04:00,SOXX,-11,sell,530.4500122070312,530.3439222045898,1.1669900268554687,0.0,1.1669900268554687,5834.950134277344,-13,145737.43118775438,95840.59911072801,0.8735403750144399,-0.5206231236031695,policy_rebalance
2026-09-09,2026-09-09T12:25:00-04:00,2026-09-09T12:25:00-04:00,MSTR,45,buy,134.4199981689453,134.4468821685791,1.2097799835205079,0.0,1.2097799835205079,6048.899917602539,45,139687.3214901683,95839.38933074448,0.9366663689456456,-0.45751472818867156,policy_rebalance
2026-09-09,2026-09-09T12:30:00-04:00,2026-09-09T12:30:00-04:00,META,-2,sell,651.0900268554688,650.9598088500977,0.2604360107421875,0.0,0.2604360107421875,1302.1800537109375,-22,140989.2411078685,95898.11037056381,0.9492995124426256,-0.4701983236485704,policy_rebalance
2026-09-09,2026-09-09T12:35:00-04:00,2026-09-09T12:35:00-04:00,COIN,-1,sell,178.40719604492188,178.3715146057129,0.035681439208984374,0.0,0.035681439208984374,178.40719604492188,94,141167.6126224742,95934.83860514022,0.947911400337694,-0.47149476326851714,policy_rebalance
2026-09-09,2026-09-09T12:35:00-04:00,2026-09-09T12:35:00-04:00,MSTR,-1,sell,135.16000366210938,135.13297166137696,0.027032000732421874,0.0,0.027032000732421874,135.16000366210938,44,141302.74559413557,95934.81157313948,0.9465027940403083,-0.472903769518619,policy_rebalance
2026-09-09,2026-09-09T12:35:00-04:00,2026-09-09T12:35:00-04:00,META,1,buy,651.0700073242188,651.2002213256836,0.13021400146484374,0.0,0.13021400146484374,651.0700073242188,-21,140651.5453728099,95934.68135913802,0.9397174818863945,-0.46611781453957457,policy_rebalance
2026-09-09,2026-09-09T12:35:00-04:00,2026-09-09T12:35:00-04:00,JPM,1,buy,354.94000244140625,355.01099044189453,0.07098800048828124,0.0,0.07098800048828124,354.94000244140625,-131,140296.534382368,95934.61037113753,0.9360183654527794,-0.46241834766003287,policy_rebalance
2026-09-09,2026-09-09T12:40:00-04:00,2026-09-09T12:40:00-04:00,MSTR,-44,sell,134.6999969482422,134.67305694885255,1.1853599731445312,0.0,1.1853599731445312,5926.799865722656,0,146222.14888811752,95857.11922503158,0.874314721158688,-0.5254177266150712,policy_rebalance
2026-09-09,2026-09-09T12:40:00-04:00,2026-09-09T12:40:00-04:00,JPM,5,buy,354.9700012207031,355.04099522094725,0.3549700012207031,0.0,0.3549700012207031,1774.8500061035156,-126,144446.9439120128,95856.76425503037,0.8558023118947505,-0.5069040253404183,policy_rebalance
2026-09-09,2026-09-09T12:40:00-04:00,2026-09-09T12:40:00-04:00,COIN,47,buy,177.89500427246094,177.93058327331542,1.6722130401611328,0.0,1.6722130401611328,8361.065200805664,141,136084.20649816695,95855.0920419902,0.9430433348435174,-0.41968677510167146,policy_rebalance
2026-09-09,2026-09-09T12:45:00-04:00,2026-09-09T12:45:00-04:00,COIN,-1,sell,177.8300018310547,177.79443583068849,0.03556600036621094,0.0,0.03556600036621094,177.8300018310547,140,136262.00093399765,95815.00929581406,0.941808520544821,-0.4221362804788731,policy_rebalance
2026-09-09,2026-09-09T12:45:00-04:00,2026-09-09T12:45:00-04:00,SOXX,1,buy,532.27001953125,532.3764735351563,0.10645400390625,0.0,0.10645400390625,532.27001953125,-12,135729.6244604625,95814.90284181017,0.9362543766229516,-0.4165815591813657,policy_rebalance
2026-09-09,2026-09-09T12:45:00-04:00,2026-09-09T12:45:00-04:00,META,1,buy,650.3400268554688,650.4700948608398,0.13006800537109375,0.0,0.13006800537109375,650.3400268554688,-20,135079.15436560166,95814.77277380478,0.9294681762146787,-0.40979465332021886,policy_rebalance
2026-09-09,2026-09-09T12:45:00-04:00,2026-09-09T12:45:00-04:00,JPM,1,buy,355.2900085449219,355.36106654663087,0.07105800170898438,0.0,0.07105800170898438,355.2900085449219,-125,134723.79329905502,95814.70171580306,0.9257607706074756,-0.4060868623132658,policy_rebalance
2026-09-09,2026-09-09T12:45:00-04:00,2026-09-09T12:45:00-04:00,TSLA,1,buy,369.3800048828125,369.45388088378905,0.0738760009765625,0.0,0.0738760009765625,369.3800048828125,1,134354.33941817124,95814.6278398021,0.9296166369268033,-0.4022320228890923,policy_rebalance
2026-09-09,2026-09-09T12:50:00-04:00,2026-09-09T12:50:00-04:00,COIN,-1,sell,177.64999389648438,177.6144638977051,0.03552999877929688,0.0,0.03552999877929688,177.64999389648438,139,134531.95388206895,95812.02474388535,0.9273051860061851,-0.40412390033177614,policy_rebalance
2026-09-09,2026-09-09T12:50:00-04:00,2026-09-09T12:50:00-04:00,SOXX,1,buy,532.0800170898438,532.1864330932617,0.10641600341796875,0.0,0.10641600341796875,532.0800170898438,-11,133999.76744897568,95811.91832788193,0.9217528356695862,-0.3985709689102512,policy_rebalance
2026-09-09,2026-09-09T12:50:00-04:00,2026-09-09T12:50:00-04:00,JPM,19,buy,355.0799865722656,355.15100256958004,1.3493039489746095,0.0,1.3493039489746095,6746.519744873047,-106,127251.89840015366,95810.56902393296,0.851350623378717,-0.3281613886289187,policy_rebalance
2026-09-09,2026-09-09T12:50:00-04:00,2026-09-09T12:50:00-04:00,META,-13,sell,650.6749877929688,650.5448527954102,1.6917549682617188,0.0,1.6917549682617188,8458.774841308594,-33,135708.98148649398,95808.87726896469,0.9396536633382089,-0.41645519032143086,policy_rebalance
2026-09-09,2026-09-09T12:55:00-04:00,2026-09-09T12:55:00-04:00,TSLA,-1,sell,369.05499267578125,368.9811816772461,0.07381099853515626,0.0,0.07381099853515626,369.05499267578125,0,136077.96266817124,95748.90317415269,0.9356979248117072,-0.4211960467125783,policy_rebalance
2026-09-09,2026-09-09T12:55:00-04:00,2026-09-09T12:55:00-04:00,SOXX,11,buy,532.0900268554688,532.1964448608398,1.1705980590820313,0.0,1.1705980590820313,5852.990295410156,0,130223.801774702,95747.73257609361,0.8745800809548325,-0.36007191262946336,policy_rebalance
2026-09-09,2026-09-09T12:55:00-04:00,2026-09-09T12:55:00-04:00,COIN,39,buy,177.2050018310547,177.2404428314209,1.3821990142822265,0.0,1.3821990142822265,6910.995071411133,178,123311.4245042766,95746.35037707933,0.946772951888445,-0.2878968651926398,policy_rebalance
2026-09-09,2026-09-09T13:00:00-04:00,2026-09-09T13:00:00-04:00,COIN,-1,sell,177.06500244140625,177.02958944091796,0.03541300048828125,0.0,0.03541300048828125,177.06500244140625,177,123488.45409371752,95739.77855660814,0.944536197646402,-0.28983434007738373,policy_rebalance
2026-09-09,2026-09-09T13:00:00-04:00,2026-09-09T13:00:00-04:00,JPM,1,buy,354.8500061035156,354.9209761047363,0.07097000122070313,0.0,0.07097000122070313,354.8500061035156,-105,123133.53311761278,95739.70758660692,0.9408304941163649,-0.28612815122946955,policy_rebalance
2026-09-09,2026-09-09T13:05:00-04:00,2026-09-09T13:05:00-04:00,COIN,-1,sell,176.8300018310547,176.7946358306885,0.03536600036621094,0.0,0.03536600036621094,176.8300018310547,176,123310.32775344347,95693.1721748302,0.9390567182679351,-0.28860110863664434,policy_rebalance
2026-09-09,2026-09-09T13:05:00-04:00,2026-09-09T13:05:00-04:00,META,1,buy,651.02001953125,651.1502235351562,0.13020400390625,0.0,0.13020400390625,651.02001953125,-32,122659.17752990832,95693.04197082629,0.9322547843218383,-0.2817982896531091,policy_rebalance
2026-09-09,2026-09-09T13:05:00-04:00,2026-09-09T13:05:00-04:00,JPM,52,buy,354.81500244140625,354.88596544189454,3.690076025390625,0.0,3.690076025390625,18450.380126953125,-53,104205.1073269298,95689.3518948009,0.7394753405211929,-0.08899376224734984,policy_rebalance
2026-09-09,2026-09-09T13:05:00-04:00,2026-09-09T13:05:00-04:00,INTC,-182,sell,105.56999969482422,105.54888569488526,3.8427479888916016,0.0,3.8427479888916016,19213.739944458008,-182,123415.00452339892,95685.50914681201,0.9403059755168356,-0.28979827378084017,policy_rebalance
2026-09-09,2026-09-09T13:10:00-04:00,2026-09-09T13:10:00-04:00,COIN,-4,sell,176.91000366210938,176.87462166137695,0.1415280029296875,0.0,0.1415280029296875,707.6400146484375,172,124122.50301004443,95635.97282815966,0.9342046596021398,-0.29786417536704357,policy_rebalance
2026-09-09,2026-09-09T13:10:00-04:00,2026-09-09T13:10:00-04:00,META,1,buy,650.0499877929688,650.1799977905273,0.13000999755859374,0.0,0.13000999755859374,650.0499877929688,-31,123472.3230122539,95635.8428181621,0.9274087919368839,-0.29106744264301504,policy_rebalance
2026-09-09,2026-09-09T13:10:00-04:00,2026-09-09T13:10:00-04:00,INTC,1,buy,106.05000305175781,106.07121305236817,0.021210000610351564,0.0,0.021210000610351564,106.05000305175781,-181,123366.25179920152,95635.82160816148,0.9263001034671478,-0.28995861304623904,policy_rebalance
2026-09-09,2026-09-09T13:10:00-04:00,2026-09-09T13:10:00-04:00,JPM,1,buy,354.95001220703125,355.02100220947267,0.07099000244140626,0.0,0.07099000244140626,354.95001220703125,-52,123011.23079699205,95635.75061815904,0.9225893127652756,-0.2862473499908415,policy_rebalance
2026-09-09,2026-09-09T13:15:00-04:00,2026-09-09T13:15:00-04:00,COIN,-1,sell,177.2711944580078,177.23574021911622,0.03545423889160156,0.0,0.03545423889160156,177.2711944580078,171,123188.46653721116,95560.69013187669,0.923544239667788,-0.2891123574684035,policy_rebalance
2026-09-09,2026-09-09T13:15:00-04:00,2026-09-09T13:15:00-04:00,INTC,110,buy,106.44499969482422,106.46628869476318,2.341789993286133,0.0,2.341789993286133,11708.949966430664,-71,111477.17478078722,95558.34834188341,0.8010349307177426,-0.16658750088427968,policy_rebalance
2026-09-09,2026-09-09T13:20:00-04:00,2026-09-09T13:20:00-04:00,INTC,71,buy,106.13999938964844,106.16122738952636,1.5071879913330077,0.0,1.5071879913330077,7535.939956665039,0,103939.72763613085,95667.48966005663,0.721474974322591,-0.0864686426441068,policy_rebalance
2026-09-09,2026-09-09T13:20:00-04:00,2026-09-09T13:20:00-04:00,META,-16,sell,650.7899780273438,650.6598200317383,2.0825279296875,0.0,2.0825279296875,10412.6396484375,-47,114350.28475663866,95665.40713212694,0.8303350362030443,-0.19531488115349116,policy_rebalance
2026-09-09,2026-09-09T13:30:00-04:00,2026-09-09T13:30:00-04:00,COIN,-39,sell,178.22999572753906,178.19434972839355,1.3901939666748047,0.0,1.3901939666748047,6950.969833374023,132,121299.86439604602,95629.77302641711,0.7604620186812533,-0.2684320014284433,policy_rebalance
2026-09-09,2026-09-09T13:30:00-04:00,2026-09-09T13:30:00-04:00,JPM,1,buy,355.3949890136719,355.4660680114746,0.07107899780273437,0.0,0.07107899780273437,355.3949890136719,-51,120944.39832803454,95629.70194741931,0.7567462177438949,-0.264715834778343,policy_rebalance
2026-09-09,2026-09-09T13:30:00-04:00,2026-09-09T13:30:00-04:00,META,-27,sell,653.530029296875,653.3993232910157,3.529062158203125,0.0,3.529062158203125,17645.310791015625,-74,138586.18005689196,95626.1728852611,0.9412980079387332,-0.4492494667038202,policy_rebalance
2026-09-09,2026-09-09T13:35:00-04:00,2026-09-09T13:35:00-04:00,COIN,-1,sell,178.06500244140625,178.02938944091798,0.03561300048828125,0.0,0.03561300048828125,178.06500244140625,131,138764.20944633288,95623.71023978991,0.9390299709247998,-0.4511485603137767,policy_rebalance
2026-09-09,2026-09-09T13:35:00-04:00,2026-09-09T13:35:00-04:00,META,1,buy,653.364990234375,653.4956632324219,0.130672998046875,0.0,0.130672998046875,653.364990234375,-73,138110.71378310045,95623.57956679186,0.932198577587171,-0.44431650026897257,policy_rebalance
2026-09-09,2026-09-09T13:35:00-04:00,2026-09-09T13:35:00-04:00,JPM,1,buy,355.2550048828125,355.3260558837891,0.0710510009765625,0.0,0.0710510009765625,355.2550048828125,-50,137755.38772721667,95623.50851579089,0.9284841272730819,-0.4406016874445502,policy_rebalance
2026-09-09,2026-09-09T13:35:00-04:00,2026-09-09T13:35:00-04:00,CRM,3,buy,247.3699951171875,247.41946911621093,0.1484219970703125,0.0,0.1484219970703125,742.1099853515625,3,137013.12931986805,95623.36009379383,0.9362463288114081,-0.432841610935616,policy_rebalance
2026-09-09,2026-09-09T13:40:00-04:00,2026-09-09T13:40:00-04:00,CRM,-1,sell,247.36000061035156,247.3105286102295,0.049472000122070314,0.0,0.049472000122070314,247.36000061035156,2,137260.43984847827,95693.25979476733,0.9309590933263198,-0.434379392476124,policy_rebalance
2026-09-09,2026-09-09T13:40:00-04:00,2026-09-09T13:40:00-04:00,META,-2,sell,651.830078125,651.699712109375,0.26073203125,0.0,0.26073203125,1303.66015625,-75,138563.83927269702,95692.99906273608,0.9445849896810842,-0.448003935814102,policy_rebalance
2026-09-09,2026-09-09T13:50:00-04:00,2026-09-09T13:50:00-04:00,COIN,-1,sell,177.92999267578125,177.8944066772461,0.03558599853515625,0.0,0.03558599853515625,177.92999267578125,130,138741.73367937427,95750.79187639576,0.9424680270268564,-0.4489878460584986,policy_rebalance
2026-09-09,2026-09-09T13:50:00-04:00,2026-09-09T13:50:00-04:00,CRM,-1,sell,247.3300018310547,247.28053583068848,0.04946600036621094,0.0,0.04946600036621094,247.3300018310547,1,138989.01421520495,95750.74241039538,0.9398854529863607,-0.451571138942055,policy_rebalance
2026-09-09,2026-09-09T13:50:00-04:00,2026-09-09T13:50:00-04:00,META,1,buy,651.6300048828125,651.760330883789,0.1303260009765625,0.0,0.1303260009765625,651.6300048828125,-74,138337.25388432117,95750.61208439441,0.9330812404681565,-0.4447662617800393,policy_rebalance
2026-09-09,2026-09-09T13:50:00-04:00,2026-09-09T13:50:00-04:00,JPM,1,buy,354.885009765625,354.9559867675781,0.070977001953125,0.0,0.070977001953125,354.885009765625,-49,137982.2978975536,95750.54110739246,0.9293755822196184,-0.44106024155826534,policy_rebalance
2026-09-09,2026-09-09T13:50:00-04:00,2026-09-09T13:50:00-04:00,INTC,-4,sell,106.21499633789062,106.19375333862305,0.0849719970703125,0.0,0.0849719970703125,424.8599853515625,-4,138407.0729109081,95750.45613539539,0.9338135658429019,-0.4454977918350002,policy_rebalance
2026-09-09,2026-09-09T13:55:00-04:00,2026-09-09T13:55:00-04:00,TSLA,4,buy,368.8999938964844,368.97377389526366,0.2951199951171875,0.0,0.2951199951171875,1475.5999755859375,4,136931.17781532704,95749.96466530263,0.9492570993909966,-0.4300911576727448,policy_rebalance
2026-09-09,2026-09-09T14:00:00-04:00,2026-09-09T14:00:00-04:00,COIN,-46,sell,178.19000244140625,178.15436444091796,1.6393480224609376,0.0,1.6393480224609376,8196.740112304688,84,145126.27857960926,95777.08808888661,0.8637912519417718,-0.5152504787462716,policy_rebalance
2026-09-09,2026-09-09T14:00:00-04:00,2026-09-09T14:00:00-04:00,CRM,-1,sell,247.30999755859375,247.26053555908203,0.04946199951171875,0.0,0.04946199951171875,247.30999755859375,0,145373.53911516836,95777.03862688711,0.8612095551566019,-0.5178328877079963,policy_rebalance
2026-09-09,2026-09-09T14:00:00-04:00,2026-09-09T14:00:00-04:00,META,1,buy,652.0,652.1304,0.1304,0.0,0.1304,652.0,-73,144721.40871516836,95776.90822688711,0.8544032412930374,-0.5110261063380331,policy_rebalance
2026-09-09,2026-09-09T14:00:00-04:00,2026-09-09T14:00:00-04:00,INTC,4,buy,106.43000030517578,106.45128630523682,0.08514400024414062,0.0,0.08514400024414062,425.7200012207031,0,144295.60356994742,95776.82308288687,0.8499590841346552,-0.506581643923098,policy_rebalance
2026-09-09,2026-09-09T14:00:00-04:00,2026-09-09T14:00:00-04:00,JPM,1,buy,354.4200134277344,354.4908974304199,0.07088400268554687,0.0,0.07088400268554687,354.4200134277344,-48,143941.112672517,95776.75219888418,0.8462592325862347,-0.5028815382423663,policy_rebalance
2026-09-09,2026-09-09T14:00:00-04:00,2026-09-09T14:00:00-04:00,TSLA,23,buy,368.9599914550781,369.03378345336915,1.6972159606933594,0.0,1.6972159606933594,8486.079803466797,27,135453.3356530895,95775.0549829235,0.9348785091782087,-0.4142861695797572,policy_rebalance
2026-09-09,2026-09-09T14:05:00-04:00,2026-09-09T14:05:00-04:00,META,-2,sell,652.3350219726562,652.2045549682617,0.2609340087890625,0.0,0.2609340087890625,1304.6700439453125,-75,136757.74476302604,95745.32932723503,0.9490083515868816,-0.4283489933552813,policy_rebalance
2026-09-09,2026-09-09T14:10:00-04:00,2026-09-09T14:10:00-04:00,TSLA,-1,sell,368.17999267578125,368.1063566772461,0.07363599853515625,0.0,0.07363599853515625,368.17999267578125,26,137125.8511197033,95757.08183259392,0.9433749664618163,-0.4320178570127251,policy_rebalance
2026-09-09,2026-09-09T14:10:00-04:00,2026-09-09T14:10:00-04:00,COIN,-1,sell,177.5041961669922,177.46869532775878,0.03550083923339844,0.0,0.03550083923339844,177.5041961669922,83,137303.31981503105,95757.04633175468,0.9415216228974261,-0.4338717104884104,policy_rebalance
2026-09-09,2026-09-09T14:10:00-04:00,2026-09-09T14:10:00-04:00,META,1,buy,651.0800170898438,651.2102330932616,0.13021600341796874,0.0,0.13021600341796874,651.0800170898438,-74,136652.10958193778,95756.91611575126,0.934723603053929,-0.4270730003120849,policy_rebalance
2026-09-09,2026-09-09T14:10:00-04:00,2026-09-09T14:10:00-04:00,JPM,1,buy,354.6000061035156,354.67092610473634,0.07092000122070312,0.0,0.07092000122070312,354.6000061035156,-47,136297.43865583304,95756.84519575004,0.9310211657526615,-0.4233701870316245,policy_rebalance
2026-09-09,2026-09-09T14:10:00-04:00,2026-09-09T14:10:00-04:00,CRM,1,buy,246.5,246.5493,0.0493,0.0,0.0493,246.5,1,136050.88935583303,95756.79589575002,0.9335958749107655,-0.42079617517644385,policy_rebalance
2026-09-09,2026-09-09T14:15:00-04:00,2026-09-09T14:15:00-04:00,TSLA,-1,sell,368.3399963378906,368.26632833862305,0.07366799926757812,0.0,0.07366799926757812,368.3399963378906,25,136419.15568417165,95767.74404781911,0.9290685705903207,-0.42447916091721155,policy_rebalance
2026-09-09,2026-09-09T14:15:00-04:00,2026-09-09T14:15:00-04:00,COIN,-1,sell,177.19000244140625,177.15456444091797,0.03543800048828125,0.0,0.03543800048828125,177.19000244140625,82,136596.31024861257,95767.70860981863,0.9272187082444361,-0.4263295241315607,policy_rebalance
2026-09-09,2026-09-09T14:15:00-04:00,2026-09-09T14:15:00-04:00,CRM,-1,sell,246.4246063232422,246.37532140197754,0.04928492126464844,0.0,0.04928492126464844,246.4246063232422,0,136842.68557001455,95767.65932489737,0.9246460348580441,-0.42890289409463134,policy_rebalance
2026-09-09,2026-09-09T14:15:00-04:00,2026-09-09T14:15:00-04:00,META,1,buy,650.510009765625,650.6401117675781,0.130102001953125,0.0,0.130102001953125,650.510009765625,-73,136192.04545824698,95767.52922289542,0.9178546963245874,-0.4221108820847302,policy_rebalance
2026-09-09,2026-09-09T14:15:00-04:00,2026-09-09T14:15:00-04:00,JPM,1,buy,354.7950134277344,354.8659724304199,0.07095900268554688,0.0,0.07095900268554688,354.7950134277344,-46,135837.17948581657,95767.45826389274,0.9141506209548892,-0.41840643939311206,policy_rebalance
2026-09-09,2026-09-09T14:15:00-04:00,2026-09-09T14:15:00-04:00,MARA,-135,sell,11.9399995803833,11.937611580467225,0.3223799886703491,0.0,0.3223799886703491,1611.8999433517456,-135,137448.75704917964,95767.13588390406,0.9309851501734825,-0.4352392997928338,policy_rebalance
2026-09-09,2026-09-09T14:20:00-04:00,2026-09-09T14:20:00-04:00,COIN,-10,sell,177.25999450683594,177.2245425079346,0.3545199890136719,0.0,0.3545199890136719,1772.5999450683594,72,139221.00247425897,95739.77922005518,0.9133837894081939,-0.45416047131530807,policy_rebalance
2026-09-09,2026-09-09T14:20:00-04:00,2026-09-09T14:20:00-04:00,MARA,129,buy,11.93809986114502,11.940487481117248,0.3080029764175415,0.0,0.3080029764175415,1540.0148820877075,-6,137680.67958919486,95739.47121707877,0.8973012527324817,-0.4380764572745445,policy_rebalance
2026-09-09,2026-09-09T14:25:00-04:00,2026-09-09T14:25:00-04:00,TSLA,-25,sell,369.3550109863281,369.28113998413085,1.8467750549316406,0.0,1.8467750549316406,9233.875274658203,0,146912.70808879813,95730.89054576834,0.8016411119286517,-0.5346426555862872,policy_rebalance
2026-09-09,2026-09-09T14:25:00-04:00,2026-09-09T14:25:00-04:00,COIN,-1,sell,177.5,177.46450000000002,0.0355,0.0,0.0355,177.5,71,147090.17258879813,95730.85504576835,0.7997872525678879,-0.5364970104829336,policy_rebalance
2026-09-09,2026-09-09T14:25:00-04:00,2026-09-09T14:25:00-04:00,META,1,buy,651.5999755859375,651.7302955810546,0.1303199951171875,0.0,0.1303199951171875,651.5999755859375,-72,146438.4422932171,95730.72472577324,0.7929817494320728,-0.5296911489252728,policy_rebalance
2026-09-09,2026-09-09T14:25:00-04:00,2026-09-09T14:25:00-04:00,MARA,1,buy,11.90999984741211,11.912381847381592,0.002381999969482422,0.0,0.002381999969482422,11.90999984741211,-5,146426.5299113697,95730.72234377326,0.7928573576937326,-0.5295667506356585,policy_rebalance
2026-09-09,2026-09-09T14:25:00-04:00,2026-09-09T14:25:00-04:00,JPM,1,buy,354.8599853515625,354.93095734863283,0.0709719970703125,0.0,0.0709719970703125,354.8599853515625,-45,146071.59895402106,95730.65137177618,0.7891510869267702,-0.5258602846724875,policy_rebalance
2026-09-09,2026-09-09T14:25:00-04:00,2026-09-09T14:25:00-04:00,PLTR,83,buy,170.47000122070312,170.50409522094725,2.829802020263672,0.0,2.829802020263672,14149.01010131836,83,131919.75905068245,95727.82156975594,0.9369789911933114,-0.37807125334565145,policy_rebalance
2026-09-09,2026-09-09T14:35:00-04:00,2026-09-09T14:35:00-04:00,PLTR,-1,sell,170.1999969482422,170.16595694885254,0.03403999938964844,0.0,0.03403999938964844,170.1999969482422,82,132089.9250076313,95517.74374752236,0.9381997251718484,-0.3828836384240661,policy_rebalance
2026-09-09,2026-09-09T14:35:00-04:00,2026-09-09T14:35:00-04:00,META,1,buy,653.2000122070312,653.3306522094726,0.13064000244140625,0.0,0.13064000244140625,653.2000122070312,-71,131436.59435542184,95517.61310751992,0.9313624788824387,-0.37604563262557156,policy_rebalance
2026-09-09,2026-09-09T14:35:00-04:00,2026-09-09T14:35:00-04:00,MARA,5,buy,11.9399995803833,11.942387580299377,0.0119399995803833,0.0,0.0119399995803833,59.699997901916504,0,131376.88241752033,95517.60116752033,0.9307375796313613,-0.37542066395814744,policy_rebalance
2026-09-09,2026-09-09T14:35:00-04:00,2026-09-09T14:35:00-04:00,JPM,1,buy,355.6300048828125,355.70113088378906,0.0711260009765625,0.0,0.0711260009765625,355.6300048828125,-44,131021.18128663655,95517.53004151936,0.9270150817287641,-0.3716977525453656,policy_rebalance
2026-09-09,2026-09-09T14:35:00-04:00,2026-09-09T14:35:00-04:00,COIN,5,buy,176.97000122070312,177.00539522094726,0.17697000122070314,0.0,0.17697000122070314,884.8500061035156,76,130136.15431053181,95517.35307151814,0.9362805610527254,-0.36243467941467156,policy_rebalance
2026-09-09,2026-09-09T14:40:00-04:00,2026-09-09T14:40:00-04:00,PLTR,-6,sell,170.25999450683594,170.22594250793458,0.20431199340820314,0.0,0.20431199340820314,1021.5599670410156,76,131157.50996557943,95478.60560766928,0.9259107023831594,-0.37368480751089084,policy_rebalance
2026-09-09,2026-09-09T14:40:00-04:00,2026-09-09T14:40:00-04:00,COIN,8,buy,176.6199951171875,176.65531911621093,0.2825919921875,0.0,0.2825919921875,1412.9599609375,84,129744.26741264974,95478.32301567709,0.9407121941904194,-0.35888716218179023,policy_rebalance
2026-09-09,2026-09-09T14:45:00-04:00,2026-09-09T14:45:00-04:00,PLTR,-42,sell,170.40499877929688,170.37091777954103,1.4314019897460937,0.0,1.4314019897460937,7157.009948730469,34,136899.84595939046,95417.71497794514,0.8670128999591916,-0.43474244788856553,policy_rebalance
2026-09-09,2026-09-09T14:45:00-04:00,2026-09-09T14:45:00-04:00,MARA,-22,sell,11.925000190734863,11.922615190696716,0.0524700008392334,0.0,0.0524700008392334,262.350004196167,-22,137162.14349358578,95417.6625079443,0.8697628677268668,-0.43749217795149725,policy_rebalance
2026-09-09,2026-09-09T14:50:00-04:00,2026-09-09T14:50:00-04:00,COIN,-1,sell,176.1199951171875,176.08477111816407,0.0352239990234375,0.0,0.0352239990234375,176.1199951171875,83,137338.22826470394,95442.3755082037,0.8665833337189327,-0.43896489932712446,policy_rebalance
2026-09-09,2026-09-09T14:50:00-04:00,2026-09-09T14:50:00-04:00,META,1,buy,653.2631225585938,653.3937751831055,0.13065262451171875,0.0,0.13065262451171875,653.2631225585938,-70,136684.83448952084,95442.24485557919,0.8597399290802423,-0.43212090931378344,policy_rebalance
2026-09-09,2026-09-09T14:50:00-04:00,2026-09-09T14:50:00-04:00,MARA,22,buy,11.885000228881836,11.887377228927612,0.05229400100708008,0.0,0.05229400100708008,261.4700050354004,0,136423.31219048443,95442.19256157818,0.8570008360357693,-0.4293815819713667,policy_rebalance
2026-09-09,2026-09-09T14:50:00-04:00,2026-09-09T14:50:00-04:00,JPM,1,buy,355.8900146484375,355.9611926513672,0.0711780029296875,0.0,0.0711780029296875,355.8900146484375,-43,136067.35099783307,95442.12138357526,0.8532726182438535,-0.4256530452732482,policy_rebalance
2026-09-09,2026-09-09T14:50:00-04:00,2026-09-09T14:50:00-04:00,PLTR,38,buy,170.25,170.28405,1.2939,0.0,1.2939,6469.5,72,129596.55709783307,95440.82748357525,0.921069642012893,-0.357873360016035,policy_rebalance
2026-09-09,2026-09-09T14:55:00-04:00,2026-09-09T14:55:00-04:00,PLTR,-1,sell,170.13499450683594,170.10096750793457,0.034026998901367185,0.0,0.034026998901367185,170.13499450683594,71,129766.658065341,95339.95947220136,0.9206647296859855,-0.36109411818218334,policy_rebalance
2026-09-09,2026-09-09T14:55:00-04:00,2026-09-09T14:55:00-04:00,COIN,-1,sell,175.84500122070312,175.809832220459,0.03516900024414062,0.0,0.03516900024414062,175.84500122070312,82,129942.46789756147,95339.92430320111,0.9188206688306036,-0.36293865185288954,policy_rebalance
2026-09-09,2026-09-09T14:55:00-04:00,2026-09-09T14:55:00-04:00,META,1,buy,654.2899780273438,654.4208360229492,0.13085799560546876,0.0,0.13085799560546876,654.2899780273438,-69,129288.04706153851,95339.7934452055,0.9119592134051493,-0.35607643345529205,policy_rebalance
2026-09-09,2026-09-09T14:55:00-04:00,2026-09-09T14:55:00-04:00,JPM,1,buy,355.8399963378906,355.9111643371582,0.07116799926757812,0.0,0.07116799926757812,355.8399963378906,-42,128932.13589720135,95339.72227720624,0.9082275569084918,-0.3523443620102339,policy_rebalance
2026-09-09,2026-09-09T14:55:00-04:00,2026-09-09T14:55:00-04:00,CRM,10,buy,246.30999755859375,246.35925955810546,0.4926199951171875,0.0,0.4926199951171875,2463.0999755859375,10,126468.5433016203,95339.22965721112,0.9340673648815391,-0.32651106744132025,policy_rebalance
2026-09-09,2026-09-09T15:00:00-04:00,2026-09-09T15:00:00-04:00,PLTR,-71,sell,170.19000244140625,170.15596444091798,2.4166980346679687,0.0,2.4166980346679687,12083.490173339844,0,138549.61677692548,95400.14491413251,0.8062190274193802,-0.4522998565843985,policy_rebalance
2026-09-09,2026-09-09T15:00:00-04:00,2026-09-09T15:00:00-04:00,COIN,-1,sell,175.86000061035156,175.8248286102295,0.035172000122070314,0.0,0.035172000122070314,175.86000061035156,81,138725.4416055357,95400.1097421324,0.8043759305429731,-0.4541434174500658,policy_rebalance
2026-09-09,2026-09-09T15:00:00-04:00,2026-09-09T15:00:00-04:00,PLTR,-7,sell,170.19000244140625,170.15596444091798,0.23826600341796875,0.0,0.23826600341796875,1191.3300170898438,-7,139916.53335662215,95399.87147612899,0.8168656923643628,-0.46663230454804283,policy_rebalance
2026-09-09,2026-09-09T15:00:00-04:00,2026-09-09T15:00:00-04:00,JPM,-34,sell,355.56500244140625,355.493889440918,2.4178420166015626,0.0,2.4178420166015626,12089.210083007812,-76,152003.32559761335,95397.45363411237,0.9436110579332941,-0.5933687934754241,policy_rebalance
2026-09-09,2026-09-09T15:05:00-04:00,2026-09-09T15:05:00-04:00,COIN,-53,sell,175.89999389648438,175.8648138977051,1.8645399353027343,0.0,1.8645399353027343,9322.699676513672,28,161324.1607341917,95446.65034295636,0.8448605551987425,-0.6902024340773201,policy_rebalance
2026-09-09,2026-09-09T15:05:00-04:00,2026-09-09T15:05:00-04:00,CRM,-1,sell,245.55999755859375,245.51088555908203,0.04911199951171875,0.0,0.04911199951171875,245.55999755859375,9,161569.6716197508,95446.60123095685,0.8422882424961317,-0.6927755366458015,policy_rebalance
2026-09-09,2026-09-09T15:05:00-04:00,2026-09-09T15:05:00-04:00,META,1,buy,652.7836303710938,652.914187097168,0.13055672607421875,0.0,0.13055672607421875,652.7836303710938,-68,160916.75743265363,95446.47067423078,0.8354501304175469,-0.6859372200558372,policy_rebalance
2026-09-09,2026-09-09T15:05:00-04:00,2026-09-09T15:05:00-04:00,JPM,1,buy,355.5899963378906,355.6611143371582,0.07111799926757813,0.0,0.07111799926757813,355.5899963378906,-75,160561.09631831647,95446.39955623151,0.8317252064555207,-0.6822121846903522,policy_rebalance
2026-09-09,2026-09-09T15:05:00-04:00,2026-09-09T15:05:00-04:00,PLTR,-58,sell,170.1999969482422,170.16595694885254,1.9743199645996095,0.0,1.9743199645996095,9871.599822998047,-65,170430.72182134993,95444.42523626692,0.9351701367407373,-0.7856540222172113,policy_rebalance
2026-09-09,2026-09-09T15:10:00-04:00,2026-09-09T15:10:00-04:00,COIN,-28,sell,175.9739990234375,175.93880422363281,0.98545439453125,0.0,0.98545439453125,4927.27197265625,0,175357.00833961164,95340.27549049055,0.8855221200876529,-0.8392752426764505,policy_rebalance
2026-09-09,2026-09-09T15:10:00-04:00,2026-09-09T15:10:00-04:00,CRM,-1,sell,244.9550018310547,244.90601083068847,0.048991000366210936,0.0,0.048991000366210936,244.9550018310547,8,175601.91435044233,95340.22649949018,0.8829533028296211,-0.8418449462292954,policy_rebalance
2026-09-09,2026-09-09T15:10:00-04:00,2026-09-09T15:10:00-04:00,META,1,buy,654.2150268554688,654.3458698608398,0.13084300537109375,0.0,0.13084300537109375,654.2150268554688,-67,174947.56848058148,95340.0956564848,0.8760926059309263,-0.834984192914243,policy_rebalance
2026-09-09,2026-09-09T15:10:00-04:00,2026-09-09T15:10:00-04:00,PLTR,65,buy,170.0301055908203,170.06411161193847,2.210391372680664,0.0,2.210391372680664,11051.95686340332,0,163893.4012258055,95337.88526511213,0.7601888356182325,-0.7190794695105379,policy_rebalance
2026-09-09,2026-09-09T15:10:00-04:00,2026-09-09T15:10:00-04:00,JPM,1,buy,355.7699890136719,355.8411430114746,0.07115399780273438,0.0,0.07115399780273438,355.7699890136719,-74,163537.56008279402,95337.81411111433,0.7564577253357546,-0.7153483285466796,policy_rebalance
2026-09-09,2026-09-09T15:10:00-04:00,2026-09-09T15:10:00-04:00,PLTR,101,buy,170.0301055908203,170.06411161193847,3.4346081329345703,0.0,3.4346081329345703,17173.04066467285,101,146361.08480998824,95334.3795029814,0.9366197916341079,-0.5352392869501088,policy_rebalance
2026-09-09,2026-09-09T15:15:00-04:00,2026-09-09T15:15:00-04:00,META,-1,sell,655.0399780273438,654.9089700317382,0.13100799560546875,0.0,0.13100799560546875,655.0399780273438,-68,147015.99378001998,95291.33312022995,0.9442575361964489,-0.5428055098623561,policy_rebalance
2026-09-09,2026-09-09T15:20:00-04:00,2026-09-09T15:20:00-04:00,MARA,48,buy,11.954999923706055,11.957390923690795,0.11476799926757812,0.0,0.11476799926757812,573.8399963378906,48,146442.03901568282,95304.07513323653,0.9498806190046626,-0.5365768862554371,policy_rebalance
2026-09-09,2026-09-09T15:25:00-04:00,2026-09-09T15:25:00-04:00,PLTR,-1,sell,169.89500427246094,169.86102527160645,0.03397900085449219,0.0,0.03397900085449219,169.89500427246094,100,146611.90004095444,95288.25247320542,0.9482664033341066,-0.5386146375407711,policy_rebalance
2026-09-09,2026-09-09T15:25:00-04:00,2026-09-09T15:25:00-04:00,MARA,-22,sell,11.9350004196167,11.932613419532776,0.052514001846313475,0.0,0.052514001846313475,262.5700092315674,26,146874.41753618416,95288.19995920357,0.9455113905195052,-0.5413704697860445,policy_rebalance
2026-09-09,2026-09-09T15:25:00-04:00,2026-09-09T15:25:00-04:00,CRM,-1,sell,244.38999938964844,244.3411213897705,0.048877999877929686,0.0,0.048877999877929686,244.38999938964844,7,147118.75865757393,95288.15108120369,0.9429471285214338,-0.5439354944792734,policy_rebalance
2026-09-09,2026-09-09T15:25:00-04:00,2026-09-09T15:25:00-04:00,JPM,1,buy,355.2049865722656,355.2760275695801,0.07104099731445312,0.0,0.07104099731445312,355.2049865722656,-73,146763.48263000435,95288.08004020638,0.9392201356119535,-0.5402082040909856,policy_rebalance
2026-09-09,2026-09-09T15:30:00-04:00,2026-09-09T15:30:00-04:00,PLTR,-100,sell,170.16009521484375,170.12606319580078,3.403201904296875,0.0,3.403201904296875,17016.009521484375,0,163776.08894958443,95269.33331146187,0.7614581003812314,-0.7190850744610018,policy_rebalance
2026-09-09,2026-09-09T15:30:00-04:00,2026-09-09T15:30:00-04:00,MARA,-26,sell,11.895000457763672,11.892621457672119,0.061854002380371094,0.0,0.061854002380371094,309.27001190185547,0,164085.2971074839,95269.27145745949,0.758212322304627,-0.7223318137869121,policy_rebalance
2026-09-09,2026-09-09T15:30:00-04:00,2026-09-09T15:30:00-04:00,META,-27,sell,655.7100219726562,655.5788799682617,3.5408341186523438,0.0,3.5408341186523438,17704.17059326172,-95,181785.92686662698,95265.73062334085,0.9440803693081251,-0.9081985271846329,policy_rebalance
2026-09-09,2026-09-09T15:35:00-04:00,2026-09-09T15:35:00-04:00,CRM,-7,sell,244.27499389648438,244.22613889770508,0.3419849914550781,0.0,0.3419849914550781,1709.9249572753906,0,183495.50983891092,95310.8226440867,0.9252326729371211,-0.9252326729371211,policy_rebalance
2026-09-09,2026-09-09T15:35:00-04:00,2026-09-09T15:35:00-04:00,META,1,buy,655.0900268554688,655.2210448608398,0.13101800537109376,0.0,0.13101800537109376,655.0900268554688,-94,182840.28879405008,95310.69162608133,0.9183607387024425,-0.9183607387024425,policy_rebalance
2026-09-09,2026-09-09T15:35:00-04:00,2026-09-09T15:35:00-04:00,JPM,1,buy,355.4949951171875,355.56609411621093,0.0710989990234375,0.0,0.0710989990234375,355.4949951171875,-72,182484.72269993386,95310.6205270823,0.9146315666687034,-0.9146315666687034,policy_rebalance
2026-09-09,2026-09-09T15:35:00-04:00,2026-09-09T15:35:00-04:00,INTC,-22,sell,106.25499725341797,106.23374625396728,0.4675219879150391,0.0,0.4675219879150391,2337.6099395751953,-22,184821.86511752114,95310.15300509438,0.9391624007532786,-0.9391624007532786,policy_rebalance
2026-09-09,2026-09-09T15:40:00-04:00,2026-09-09T15:40:00-04:00,META,1,buy,656.4099731445312,656.5412551391602,0.13128199462890625,0.0,0.13128199462890625,656.4099731445312,-93,184165.32386238198,95211.17627937417,0.9342826237330939,-0.9342826237330939,policy_rebalance
2026-09-09,2026-09-09T15:40:00-04:00,2026-09-09T15:40:00-04:00,INTC,22,buy,105.91000366210938,105.9311856628418,0.46600401611328124,0.0,0.46600401611328124,2330.0200805664062,0,181834.83777779946,95210.71027535805,0.9098149488846006,-0.9098149488846006,policy_rebalance
2026-09-09,2026-09-09T15:40:00-04:00,2026-09-09T15:40:00-04:00,JPM,1,buy,355.25,355.32105,0.07105,0.0,0.07105,355.25,-71,181479.51672779946,95210.63922535806,0.9060844271641532,-0.9060844271641532,policy_rebalance
2026-09-09,2026-09-09T15:40:00-04:00,2026-09-09T15:40:00-04:00,COIN,17,buy,176.5500030517578,176.58531305236815,0.6002700103759766,0.0,0.6002700103759766,3001.350051879883,17,178477.5664059092,95210.03895534767,0.9376136018197401,-0.874566677675796,policy_rebalance
2026-09-09,2026-09-09T15:45:00-04:00,2026-09-09T15:45:00-04:00,MARA,152,buy,11.805000305175781,11.807361305236816,0.35887200927734375,0.0,0.35887200927734375,1794.3600463867188,152,176682.8474875132,95526.18757540383,0.9498743989260394,-0.8495749906071376,policy_rebalance
2026-09-09,2026-09-09T15:50:00-04:00,2026-09-09T15:50:00-04:00,COIN,-1,sell,176.1999969482422,176.16475694885256,0.03523999938964844,0.0,0.03523999938964844,176.1999969482422,16,176859.01224446206,95472.49861073404,0.9491708585900562,-0.8524602877061153,policy_rebalance
2026-09-09,2026-09-09T15:50:00-04:00,2026-09-09T15:50:00-04:00,MARA,-152,sell,11.824999809265137,11.822634809303285,0.35947999420166016,0.0,0.35947999420166016,1797.3999710083008,0,178656.05273547617,95472.13913073984,0.9303479980211454,-0.8712899319331686,policy_rebalance
2026-09-09,2026-09-09T15:50:00-04:00,2026-09-09T15:50:00-04:00,META,1,buy,653.6400146484375,653.7707426513672,0.1307280029296875,0.0,0.1307280029296875,653.6400146484375,-92,178002.2819928248,95472.00840273692,0.9235028671493214,-0.8644447201942593,policy_rebalance
2026-09-09,2026-09-09T15:50:00-04:00,2026-09-09T15:50:00-04:00,JPM,1,buy,355.1351013183594,355.20612833862305,0.07102702026367187,0.0,0.07102702026367187,355.1351013183594,-70,177647.0758644862,95471.93737571666,0.9197837689784716,-0.8607255780866853,policy_rebalance
2026-09-09,2026-09-09T15:50:00-04:00,2026-09-09T15:50:00-04:00,INTC,-16,sell,105.93000030517578,105.90881430511475,0.3389760009765625,0.0,0.3389760009765625,1694.8800048828125,-16,179341.61689336802,95471.59839971567,0.937539748954938,-0.8784813483745143,policy_rebalance
2026-09-09,2026-09-09T15:55:00-04:00,,COIN,-16,sell,175.72999572753906,175.69484972839356,0.562335986328125,0.0,0.562335986328125,2811.679931640625,0,182152.73448902232,95333.03020435435,0.9106990945170068,-0.9106990945170068,scheduled_1555_liquidation
2026-09-09,2026-09-09T15:55:00-04:00,,META,92,buy,655.1522216796875,655.2832521240234,12.05480087890625,0.0,12.05480087890625,60274.00439453125,0,121866.67529361216,95320.97540347544,0.27848749740310413,-0.27848749740310413,scheduled_1555_liquidation
2026-09-09,2026-09-09T15:55:00-04:00,,INTC,16,buy,105.8499984741211,105.87116847381591,0.3387199951171875,0.0,0.3387199951171875,1693.5999755859375,0,120172.73659803112,95320.63668348033,0.2607210860023327,-0.2607210860023327,scheduled_1555_liquidation
2026-09-09,2026-09-09T15:55:00-04:00,,JPM,70,buy,355.0299987792969,355.10100477905274,4.9704199829101565,0.0,4.9704199829101565,24852.09991455078,0,95315.66626349742,95315.66626349742,0.0,0.0,scheduled_1555_liquidation
2026-09-10,2026-09-10T09:35:00-04:00,2026-09-10T09:35:00-04:00,SNDK,-8,sell,1692.4000244140625,1692.0615444091798,2.7078400390625,0.0,2.7078400390625,13539.2001953125,-8,108852.15861877086,95312.95842345836,0.142049941783994,-0.142049941783994,policy_rebalance
2026-09-10,2026-09-10T09:35:00-04:00,2026-09-10T09:35:00-04:00,MSTR,71,buy,128.6999969482422,128.72573694763184,1.827539956665039,0.0,1.827539956665039,9137.699783325195,71,99712.631295489,95311.1308835017,0.23792499122012886,-0.046180339811173116,policy_rebalance
2026-09-10,2026-09-10T09:35:00-04:00,2026-09-10T09:35:00-04:00,UBER,960,buy,69.47000122070312,69.48389522094726,13.338240234375,0.0,13.338240234375,66691.201171875,960,33008.09188337963,95297.79264326733,0.9377772419666474,0.6536321464764628,policy_rebalance
2026-09-10,2026-09-10T09:40:00-04:00,2026-09-10T09:40:00-04:00,MSTR,-1,sell,129.67999267578125,129.6540566772461,0.02593599853515625,0.0,0.02593599853515625,129.67999267578125,70,33137.74594005688,95370.78683361156,0.9389097374338372,0.6525377734602256,policy_rebalance
2026-09-10,2026-09-10T09:40:00-04:00,2026-09-10T09:40:00-04:00,UBER,-960,sell,69.59500122070312,69.58108222045898,13.362240234375,0.0,13.362240234375,66811.201171875,0,99935.5848716975,95357.42459337719,0.23840156495279946,-0.0480105277364871,policy_rebalance
2026-09-10,2026-09-10T09:40:00-04:00,2026-09-10T09:40:00-04:00,SNDK,8,buy,1706.969970703125,1707.3113646972656,2.731151953125,0.0,2.731151953125,13655.759765625,0,86277.09395411938,95354.69344142407,0.09519824520101901,0.09519824520101901,policy_rebalance
2026-09-10,2026-09-10T09:40:00-04:00,2026-09-10T09:40:00-04:00,MARA,-3928,sell,11.369999885559082,11.36772588558197,8.932271910095215,0.0,8.932271910095215,44661.359550476074,-3928,130929.52123268537,95345.76116951398,0.5636218996903173,-0.37320757238392055,policy_rebalance
2026-09-10,2026-09-10T09:40:00-04:00,2026-09-10T09:40:00-04:00,HOOD,322,buy,113.80000305175781,113.82276305236816,7.328720196533203,0.0,7.328720196533203,36643.600982666016,322,94278.59152982282,95338.43244931745,0.9480181045403149,0.011116617845149147,policy_rebalance
2026-09-10,2026-09-10T09:45:00-04:00,2026-09-10T09:45:00-04:00,HOOD,-322,sell,114.01000213623047,113.98720013580322,7.342244137573243,0.0,7.342244137573243,36711.22068786621,0,130982.46997355146,95723.53132151288,0.5574046267784495,-0.3683413907246283,policy_rebalance
2026-09-10,2026-09-10T09:45:00-04:00,2026-09-10T09:45:00-04:00,MARA,1789,buy,11.279999732971191,11.282255732917786,4.035983904457092,0.0,4.035983904457092,20179.91952228546,-2139,110798.51446736154,95719.49533760843,0.34660462438587875,-0.15753341653723207,policy_rebalance
2026-09-10,2026-09-10T09:45:00-04:00,2026-09-10T09:45:00-04:00,AMD,45,buy,509.385009765625,509.48688676757814,4.584465087890625,0.0,4.584465087890625,22922.325439453125,45,87871.60456282053,95714.91087252054,0.5861066437398382,0.08194445607483505,policy_rebalance
2026-09-10,2026-09-10T09:45:00-04:00,2026-09-10T09:45:00-04:00,CRM,139,buy,246.25999450683594,246.3092465057373,6.846027847290039,0.0,6.846027847290039,34230.139236450195,139,53634.61929852305,95708.06484467327,0.943800133775543,0.43960188323138844,policy_rebalance
2026-09-10,2026-09-10T09:50:00-04:00,2026-09-10T09:50:00-04:00,AMD,-45,sell,510.0,509.898,4.59,0.0,4.59,22950.0,0,76580.02929852305,95987.64717362223,0.7058097649640132,0.20218870288584873,policy_rebalance
2026-09-10,2026-09-10T09:50:00-04:00,2026-09-10T09:50:00-04:00,MSTR,-1,sell,130.110107421875,130.08408540039062,0.026022021484375,0.0,0.026022021484375,130.110107421875,69,76710.11338392344,95987.62115160075,0.7044544679031605,0.20083326929449408,policy_rebalance
2026-09-10,2026-09-10T09:50:00-04:00,2026-09-10T09:50:00-04:00,CRM,-139,sell,247.99000549316406,247.94040749206545,6.8941221527099605,0.0,6.8941221527099605,34470.610763549805,0,111173.83002532054,95980.72702944804,0.34536410429482317,-0.15829326851432446,policy_rebalance
2026-09-10,2026-09-10T09:50:00-04:00,2026-09-10T09:50:00-04:00,MARA,2139,buy,11.300000190734863,11.30226019077301,4.834140081596375,0.0,4.834140081596375,24170.700407981873,0,86998.29547725707,95975.89288936644,0.09354012910781724,0.09354012910781724,policy_rebalance
2026-09-10,2026-09-10T09:50:00-04:00,2026-09-10T09:50:00-04:00,AVGO,-41,sell,361.3299865722656,361.2577205749512,2.962905889892578,0.0,2.962905889892578,14814.52944946289,-41,101809.86202083007,95972.92998347656,0.24790455877160886,-0.0608185249565523,policy_rebalance
2026-09-10,2026-09-10T09:50:00-04:00,2026-09-10T09:50:00-04:00,PLTR,399,buy,168.21600341796875,168.24964661865235,13.423637072753905,0.0,13.423637072753905,67118.18536376953,399,34678.25301998778,95959.5063464038,0.9473820331793399,0.6386157626238415,policy_rebalance
2026-09-10,2026-09-10T09:55:00-04:00,2026-09-10T09:55:00-04:00,PLTR,-399,sell,167.30999755859375,167.27653555908205,13.351337805175781,0.0,13.351337805175781,66756.6890258789,0,101421.59070806151,95557.31067876464,0.24925440766799478,-0.06136924519580555,policy_rebalance
2026-09-10,2026-09-10T09:55:00-04:00,2026-09-10T09:55:00-04:00,AVGO,3,buy,361.9800109863281,362.0524069885254,0.21718800659179688,0.0,0.21718800659179688,1085.9400329589844,-38,100335.43348709594,95557.09349075805,0.23789066837640493,-0.05000507886732695,policy_rebalance
2026-09-10,2026-09-10T09:55:00-04:00,2026-09-10T09:55:00-04:00,NVDA,-307,sell,217.5959930419922,217.55247384338378,13.36039397277832,0.0,13.36039397277832,66801.9698638916,-307,167124.04295701475,95543.73309678526,0.9371008207499816,-0.7491889581885924,policy_rebalance
2026-09-10,2026-09-10T09:55:00-04:00,2026-09-10T09:55:00-04:00,SMCI,-25,sell,38.81999969482422,38.81223569488525,0.1940999984741211,0.0,0.1940999984741211,970.4999923706055,-25,168094.34884938688,95543.53899678678,0.9472603971465722,-0.7593481528357459,policy_rebalance
2026-09-10,2026-09-10T10:00:00-04:00,2026-09-10T10:00:00-04:00,MSTR,-69,sell,130.5500030517578,130.52389305114747,1.8015900421142579,0.0,1.8015900421142579,9007.950210571289,0,177100.49746991607,95667.12457181426,0.8512158514492862,-0.8512158514492862,policy_rebalance
2026-09-10,2026-09-10T10:00:00-04:00,2026-09-10T10:00:00-04:00,NVDA,1,buy,217.39999389648438,217.44347389526368,0.043479998779296876,0.0,0.043479998779296876,217.39999389648438,-306,176883.0539960208,95667.08109181549,0.8489437743612052,-0.8489437743612052,policy_rebalance
2026-09-10,2026-09-10T10:00:00-04:00,2026-09-10T10:00:00-04:00,AVGO,38,buy,361.1499938964844,361.22222389526365,2.7447399536132813,0.0,2.7447399536132813,13723.699768066406,0,163156.6094880008,95664.33635186189,0.7055113296129121,-0.7055113296129121,policy_rebalance
2026-09-10,2026-09-10T10:00:00-04:00,2026-09-10T10:00:00-04:00,SMCI,25,buy,38.71500015258789,38.722743152618406,0.19357500076293946,0.0,0.19357500076293946,967.8750038146973,0,162188.54090918534,95664.14277686112,0.6953953299669863,-0.6953953299669863,policy_rebalance
2026-09-10,2026-09-10T10:00:00-04:00,2026-09-10T10:00:00-04:00,INTC,-241,sell,99.83499908447266,99.81503208465577,4.812046955871582,0.0,4.812046955871582,24060.23477935791,-241,186243.96364158738,95659.33072990525,0.9469503102363159,-0.9469503102363159,policy_rebalance
2026-09-10,2026-09-10T10:05:00-04:00,2026-09-10T10:05:00-04:00,NVDA,1,buy,218.19000244140625,218.23364044189452,0.04363800048828125,0.0,0.04363800048828125,218.19000244140625,-305,186025.73000114548,95281.04240959274,0.952389744031775,-0.952389744031775,policy_rebalance
2026-09-10,2026-09-10T10:05:00-04:00,2026-09-10T10:05:00-04:00,INTC,241,buy,100.40139770507812,100.42147798461914,4.8393473693847655,0.0,4.8393473693847655,24196.736846923828,0,161824.15380685226,95276.20306222336,0.6984740009125627,-0.6984740009125627,policy_rebalance
2026-09-10,2026-09-10T10:05:00-04:00,2026-09-10T10:05:00-04:00,META,36,buy,646.0,646.1292,4.6512,0.0,4.6512,23256.0,36,138563.50260685227,95271.55186222336,0.9426103489370949,-0.45440585251760585,policy_rebalance
2026-09-10,2026-09-10T10:10:00-04:00,2026-09-10T10:10:00-04:00,META,-1,sell,646.4199829101562,646.2906989135743,0.12928399658203124,0.0,0.12928399658203124,646.4199829101562,35,139209.79330576584,95284.95497263595,0.9358690169130056,-0.4609839858322258,policy_rebalance
2026-09-10,2026-09-10T10:10:00-04:00,2026-09-10T10:10:00-04:00,NVDA,305,buy,218.19520568847656,218.23884472961424,13.30990754699707,0.0,13.30990754699707,66549.53773498535,0,72646.94566323349,95271.64506508896,0.23747568740309274,0.23747568740309274,policy_rebalance
2026-09-10,2026-09-10T10:15:00-04:00,2026-09-10T10:15:00-04:00,SNDK,11,buy,1692.0450439453125,1692.3834529541016,3.7224990966796874,0.0,3.7224990966796874,18612.495483398438,11,54030.727680738375,95388.49782233994,0.43357187801227326,0.43357187801227326,policy_rebalance
2026-09-10,2026-09-10T10:15:00-04:00,2026-09-10T10:15:00-04:00,META,67,buy,649.864990234375,649.9949632324218,8.708190869140624,0.0,8.708190869140624,43540.954345703125,102,10481.06514416611,95379.7896314708,0.8901123059228486,0.8901123059228486,policy_rebalance
2026-09-10,2026-09-10T10:15:00-04:00,2026-09-10T10:15:00-04:00,CRM,17,buy,245.63999938964844,245.68912738952636,0.8351759979248047,0.0,0.8351759979248047,4175.879989624023,17,6304.349978544162,95378.95445547288,0.9339020854806359,0.9339020854806359,policy_rebalance
2026-09-10,2026-09-10T10:20:00-04:00,2026-09-10T10:20:00-04:00,CRM,-17,sell,246.02000427246094,245.97080027160646,0.8364680145263672,0.0,0.8364680145263672,4182.340072631836,0,10485.853583161472,95612.03107339585,0.8903291409518109,0.8903291409518109,policy_rebalance
2026-09-10,2026-09-10T10:20:00-04:00,2026-09-10T10:20:00-04:00,SNDK,2,buy,1690.375,1690.713075,0.67615,0.0,0.67615,3380.75,13,7104.427433161472,95611.35492339585,0.9256947311451285,0.9256947311451285,policy_rebalance
2026-09-10,2026-09-10T10:20:00-04:00,2026-09-10T10:20:00-04:00,INTC,-13,sell,99.8844985961914,99.86452169647217,0.25969969635009765,0.0,0.25969969635009765,1298.4984817504883,-13,8402.666215215611,95611.09522369949,0.9392782894272761,0.9121162016232944,policy_rebalance
2026-09-10,2026-09-10T10:25:00-04:00,2026-09-10T10:25:00-04:00,SNDK,-10,sell,1704.27001953125,1703.9291655273437,3.4085400390625,0.0,3.4085400390625,17042.7001953125,3,25441.957870489052,95855.6789093074,0.7618321825214881,0.7345805886518145,policy_rebalance
2026-09-10,2026-09-10T10:25:00-04:00,2026-09-10T10:25:00-04:00,META,-1,sell,653.010009765625,652.8794077636719,0.130602001953125,0.0,0.130602001953125,653.010009765625,101,26094.837278252722,95855.54830730546,0.7550207821958204,0.7277691511961863,policy_rebalance
2026-09-10,2026-09-10T10:25:00-04:00,2026-09-10T10:25:00-04:00,INTC,13,buy,100.47000122070312,100.49009522094727,0.2612220031738281,0.0,0.2612220031738281,1306.1100158691406,0,24788.46604038041,95855.28708530229,0.741396987123715,0.741396987123715,policy_rebalance
2026-09-10,2026-09-10T10:25:00-04:00,2026-09-10T10:25:00-04:00,AMZN,70,buy,252.25,252.30044999999998,3.5315,0.0,3.5315,17657.5,70,7127.434540380411,95851.75558530228,0.9256410641948293,0.9256410641948293,policy_rebalance
2026-09-10,2026-09-10T10:30:00-04:00,2026-09-10T10:30:00-04:00,SNDK,-3,sell,1707.71826171875,1707.3767180664063,1.02463095703125,0.0,1.02463095703125,5123.15478515625,0,12249.564694579629,95892.41094702104,0.8722572039475854,0.8722572039475854,policy_rebalance
2026-09-10,2026-09-10T10:30:00-04:00,2026-09-10T10:30:00-04:00,META,-22,sell,653.4450073242188,653.3143183227539,2.8751580322265626,0.0,2.8751580322265626,14375.790161132812,79,26622.479697680217,95889.53578898881,0.7223630349377775,0.7223630349377775,policy_rebalance
2026-09-10,2026-09-10T10:30:00-04:00,2026-09-10T10:30:00-04:00,AMZN,-70,sell,252.07000732421875,252.0195933227539,3.5289801025390624,0.0,3.5289801025390624,17644.900512695312,0,44263.851230272994,95886.00680888628,0.5383700635432987,0.5383700635432987,policy_rebalance
2026-09-10,2026-09-10T10:30:00-04:00,2026-09-10T10:30:00-04:00,TSLA,106,buy,366.2449951171875,366.3182441162109,7.764393896484375,0.0,7.764393896484375,38821.969482421875,106,5434.117353954636,95878.2424149898,0.9433227266470514,0.9433227266470514,policy_rebalance
2026-09-10,2026-09-10T10:35:00-04:00,2026-09-10T10:35:00-04:00,TSLA,-1,sell,367.2900085449219,367.2165505432129,0.07345800170898438,0.0,0.07345800170898438,367.2900085449219,105,5801.333904497849,96133.90711616777,0.9396536136049527,0.9396536136049527,policy_rebalance
2026-09-10,2026-09-10T10:35:00-04:00,2026-09-10T10:35:00-04:00,META,-1,sell,655.280029296875,655.1489732910156,0.131056005859375,0.0,0.131056005859375,655.280029296875,78,6456.482877788865,96133.77606016191,0.9328385595324135,0.9328385595324135,policy_rebalance
2026-09-10,2026-09-10T10:40:00-04:00,2026-09-10T10:40:00-04:00,TSLA,-105,sell,368.739990234375,368.6662422363281,7.743539794921875,0.0,7.743539794921875,38717.698974609375,0,45166.43831260332,96544.25850303301,0.5321685720836068,0.5321685720836068,policy_rebalance
2026-09-10,2026-09-10T10:40:00-04:00,2026-09-10T10:40:00-04:00,NVDA,-39,sell,218.33999633789062,218.29632833862306,1.703051971435547,0.0,1.703051971435547,8515.259857177734,-39,53679.99511780962,96542.55545106158,0.6203800983698619,0.44397582115981415,policy_rebalance
2026-09-10,2026-09-10T10:40:00-04:00,2026-09-10T10:40:00-04:00,META,24,buy,658.6900024414062,658.8217404418945,3.16171201171875,0.0,3.16171201171875,15808.56005859375,102,37868.27334720416,96539.39373904986,0.7841528434581427,0.6077427889223779,policy_rebalance
2026-09-10,2026-09-10T10:40:00-04:00,2026-09-10T10:40:00-04:00,GOOGL,46,buy,331.32000732421875,331.3862713256836,3.0481440673828124,0.0,3.0481440673828124,15240.720336914062,46,22624.504866222713,96536.34559498247,0.9420530669833229,0.7656374422837213,policy_rebalance
2026-09-10,2026-09-10T10:45:00-04:00,2026-09-10T10:45:00-04:00,META,-102,sell,657.2050170898438,657.0735760864258,13.406982348632813,0.0,13.406982348632813,67034.91174316406,0,89646.00962703815,96352.47001522174,0.2463395173545934,0.06960340909915551,policy_rebalance
2026-09-10,2026-09-10T10:45:00-04:00,2026-09-10T10:45:00-04:00,NVDA,1,buy,218.32000732421875,218.36367132568358,0.04366400146484375,0.0,0.04366400146484375,218.32000732421875,-38,89427.64595571246,96352.42635122027,0.24407378041965208,0.07186928920986235,policy_rebalance
2026-09-10,2026-09-10T10:50:00-04:00,2026-09-10T10:50:00-04:00,IWM,-30,sell,289.0,288.9422,1.734,0.0,1.734,8670.0,-30,98095.91195571246,96370.29461562457,0.33396231600011367,-0.01790611253156961,policy_rebalance
2026-09-10,2026-09-10T10:50:00-04:00,2026-09-10T10:50:00-04:00,MU,6,buy,984.64501953125,984.8419485351562,1.1815740234375,0.0,1.1815740234375,5907.8701171875,6,92186.86026450153,96369.11304160114,0.3952710126551755,0.04339826989270091,policy_rebalance
2026-09-10,2026-09-10T10:50:00-04:00,2026-09-10T10:50:00-04:00,CRM,-78,sell,246.5800018310547,246.53068583068847,3.846648028564453,0.0,3.846648028564453,19233.240142822266,-78,111416.25375929524,96365.26639357259,0.5948736426393622,-0.1561868495672683,policy_rebalance
2026-09-10,2026-09-10T10:55:00-04:00,2026-09-10T10:55:00-04:00,CRM,78,buy,246.26499938964844,246.31425238952636,3.8417339904785157,0.0,3.8417339904785157,19208.669952392578,0,92203.7420729122,96385.34143814657,0.39522399605891795,0.04338418376530663,policy_rebalance
2026-09-10,2026-09-10T10:55:00-04:00,2026-09-10T10:55:00-04:00,IWM,-56,sell,289.07000732421875,289.0121933227539,3.23758408203125,0.0,3.23758408203125,16187.92041015625,-86,108388.42489898641,96382.10385406454,0.5631929377370053,-0.12457002456701982,policy_rebalance
2026-09-10,2026-09-10T11:00:00-04:00,2026-09-10T11:00:00-04:00,TSLA,40,buy,367.6000061035156,367.6735261047363,2.940800048828125,0.0,2.940800048828125,14704.000244140625,40,93681.48385479696,96394.4232468868,0.7157233655636839,0.028144152957287,policy_rebalance
2026-09-10,2026-09-10T11:00:00-04:00,2026-09-10T11:00:00-04:00,MARA,-319,sell,11.755000114440918,11.75264911441803,0.7499690073013305,0.0,0.7499690073013305,3749.845036506653,-319,97430.5789222963,96393.6732778795,0.754630294611166,-0.010756988598490926,policy_rebalance
2026-09-10,2026-09-10T11:05:00-04:00,2026-09-10T11:05:00-04:00,TSLA,-40,sell,365.4649963378906,365.3919033386231,2.923719970703125,0.0,2.923719970703125,14618.599853515625,0,112046.25505584123,96338.77835219743,0.6014636659343237,-0.16304417569236823,policy_rebalance
2026-09-10,2026-09-10T11:05:00-04:00,2026-09-10T11:05:00-04:00,GOOGL,-46,sell,330.67999267578125,330.6138566772461,3.0422559326171874,0.0,3.0422559326171874,15211.279663085938,0,127254.49246299456,96335.73609626482,0.44358404126958084,-0.32094794330354975,policy_rebalance
2026-09-10,2026-09-10T11:05:00-04:00,2026-09-10T11:05:00-04:00,IWM,1,buy,288.6300048828125,288.6877308837891,0.0577260009765625,0.0,0.0577260009765625,288.6300048828125,-85,126965.80473211077,96335.67837026385,0.4405882207861171,-0.31795204933441973,policy_rebalance
2026-09-10,2026-09-10T11:05:00-04:00,2026-09-10T11:05:00-04:00,MU,14,buy,984.5198974609375,984.7168014404297,2.756655712890625,0.0,2.756655712890625,13783.278564453125,20,113179.76951194476,96332.92171455096,0.5836804562249479,-0.17488152022746242,policy_rebalance
2026-09-10,2026-09-10T11:05:00-04:00,2026-09-10T11:05:00-04:00,AMZN,-104,sell,252.3699951171875,252.31952111816406,5.2492958984375,0.0,5.2492958984375,26246.4794921875,-104,139420.9997082338,96327.67241865251,0.8561830792461755,-0.44736186609276857,policy_rebalance
2026-09-10,2026-09-10T11:05:00-04:00,2026-09-10T11:05:00-04:00,SMCI,-219,sell,38.54999923706055,38.54228923721313,1.688489966583252,0.0,1.688489966583252,8442.44983291626,-219,147861.76105118348,96325.98392868592,0.9438426612724177,-0.5350142819267916,policy_rebalance
2026-09-10,2026-09-10T11:10:00-04:00,2026-09-10T11:10:00-04:00,MU,-1,sell,984.4550170898438,984.2581260864258,0.19689100341796875,0.0,0.19689100341796875,984.4550170898438,19,148846.01917726992,96285.84920103548,0.9343996171005463,-0.5458763713709781,policy_rebalance
2026-09-10,2026-09-10T11:10:00-04:00,2026-09-10T11:10:00-04:00,IWM,1,buy,288.6700134277344,288.7277474304199,0.057734002685546876,0.0,0.057734002685546876,288.6700134277344,-84,148557.2914298395,96285.7914670328,0.9314021232605901,-0.5428786445682787,policy_rebalance
2026-09-10,2026-09-10T11:10:00-04:00,2026-09-10T11:10:00-04:00,NVDA,1,buy,218.27999877929688,218.32365477905273,0.043655999755859376,0.0,0.043655999755859376,218.27999877929688,-37,148338.96777506045,96285.74781103304,0.9291355433933731,-0.5406118885443482,policy_rebalance
2026-09-10,2026-09-10T11:10:00-04:00,2026-09-10T11:10:00-04:00,AMZN,104,buy,252.33999633789062,252.3904643371582,5.248671923828125,0.0,5.248671923828125,26243.359619140625,0,122090.359483996,96280.49913910922,0.6566142838848368,-0.2680694489088164,policy_rebalance
2026-09-10,2026-09-10T11:10:00-04:00,2026-09-10T11:10:00-04:00,MARA,319,buy,11.664999961853027,11.667332961845398,0.7442269975662231,0.0,0.7442269975662231,3721.1349878311157,0,118368.48026916731,96279.75491211165,0.6179701647639434,-0.2294223263989321,policy_rebalance
2026-09-10,2026-09-10T11:10:00-04:00,2026-09-10T11:10:00-04:00,SMCI,1,buy,38.66999816894531,38.6777321685791,0.007733999633789062,0.0,0.007733999633789062,38.66999816894531,-218,118329.80253699873,96279.74717811201,0.6175685723219069,-0.229020702745463,policy_rebalance
2026-09-10,2026-09-10T11:10:00-04:00,2026-09-10T11:10:00-04:00,CRM,124,buy,244.67999267578125,244.7289286743164,6.068063818359375,0.0,6.068063818359375,30340.319091796875,124,87983.4153813835,96273.67911429366,0.9327540603646173,0.08611142535716503,policy_rebalance
2026-09-10,2026-09-10T11:15:00-04:00,2026-09-10T11:15:00-04:00,CRM,-94,sell,244.14999389648438,244.10116389770508,4.5900198852539065,0.0,4.5900198852539065,22950.09942626953,30,110928.92478776778,96228.82402635421,0.6946407166278441,-0.15276192876874037,policy_rebalance
2026-09-10,2026-09-10T11:15:00-04:00,2026-09-10T11:15:00-04:00,NVDA,1,buy,218.32000732421875,218.36367132568358,0.04366400146484375,0.0,0.04366400146484375,218.32000732421875,-36,110710.5611164421,96228.78036235274,0.6923722718267256,-0.1504932380890386,policy_rebalance
2026-09-10,2026-09-10T11:15:00-04:00,2026-09-10T11:15:00-04:00,SMCI,1,buy,38.7400016784668,38.74774967880249,0.007748000335693359,0.0,0.007748000335693359,38.7400016784668,-217,110671.8133667633,96228.7726143524,0.6919697452629389,-0.1500906678950691,policy_rebalance
2026-09-10,2026-09-10T11:15:00-04:00,2026-09-10T11:15:00-04:00,AVGO,-67,sell,364.9501037597656,364.8771137390137,4.890331390380859,0.0,4.890331390380859,24451.656951904297,-67,135118.57998727722,96223.88228296203,0.9461170560246965,-0.40421043904608817,policy_rebalance
2026-09-10,2026-09-10T11:20:00-04:00,2026-09-10T11:20:00-04:00,AVGO,59,buy,364.7200012207031,364.7929452209473,4.303696014404297,0.0,4.303696014404297,21518.480072021484,-8,113595.79621924133,96210.73968924255,0.7211647897845285,-0.18069767040719079,policy_rebalance
2026-09-10,2026-09-10T11:20:00-04:00,2026-09-10T11:20:00-04:00,SNDK,5,buy,1695.2900390625,1695.6290970703124,1.6952900390625,0.0,1.6952900390625,8476.4501953125,5,105117.65073388976,96209.04439920349,0.8092820019628393,-0.09259634985793533,policy_rebalance
2026-09-10,2026-09-10T11:20:00-04:00,2026-09-10T11:20:00-04:00,PLTR,-77,sell,167.41000366210938,167.37652166137696,2.578114056396484,0.0,2.578114056396484,12890.570281982422,-77,118005.6429018158,96206.4662851471,0.9432922946293907,-0.22658743698222894,policy_rebalance
2026-09-10,2026-09-10T11:25:00-04:00,2026-09-10T11:25:00-04:00,CRM,-1,sell,244.72999572753906,244.68104972839356,0.04894599914550781,0.0,0.04894599914550781,244.72999572753906,29,118250.32395154418,96224.95068341674,0.9408251599913696,-0.22889461736999633,policy_rebalance
2026-09-10,2026-09-10T11:25:00-04:00,2026-09-10T11:25:00-04:00,IWM,1,buy,288.54998779296875,288.6076977905273,0.05770999755859375,0.0,0.05770999755859375,288.54998779296875,-83,117961.71625375365,96224.89297341918,0.9378270200728875,-0.2258960504776968,policy_rebalance
2026-09-10,2026-09-10T11:25:00-04:00,2026-09-10T11:25:00-04:00,NVDA,1,buy,218.05999755859375,218.10360955810546,0.04361199951171875,0.0,0.04361199951171875,218.05999755859375,-35,117743.61264419554,96224.84936141966,0.9355612945509054,-0.22363000228715973,policy_rebalance
2026-09-10,2026-09-10T11:30:00-04:00,2026-09-10T11:30:00-04:00,MU,-1,sell,984.2999877929688,984.1031277954102,0.19685999755859376,0.0,0.19685999755859376,984.2999877929688,18,118727.71577199096,96302.52596028442,0.9245665067596023,-0.23286190666436712,policy_rebalance
2026-09-10,2026-09-10T11:30:00-04:00,2026-09-10T11:30:00-04:00,SNDK,-5,sell,1694.780029296875,1694.4410732910158,1.694780029296875,0.0,1.694780029296875,8473.900146484375,0,127199.92113844604,96300.83118025512,0.8365887281070534,-0.3208600546796346,policy_rebalance
2026-09-10,2026-09-10T11:30:00-04:00,2026-09-10T11:30:00-04:00,CRM,-1,sell,245.35000610351562,245.30093610229494,0.049070001220703124,0.0,0.049070001220703124,245.35000610351562,28,127445.22207454834,96300.7821102539,0.8340414076251412,-0.3234079649388251,policy_rebalance
2026-09-10,2026-09-10T11:30:00-04:00,2026-09-10T11:30:00-04:00,IWM,1,buy,288.489990234375,288.5476882324219,0.057697998046875,0.0,0.057697998046875,288.489990234375,-82,127156.67438631592,96300.72441225586,0.8310461875011463,-0.3204124388718838,policy_rebalance
2026-09-10,2026-09-10T11:30:00-04:00,2026-09-10T11:30:00-04:00,NVDA,1,buy,218.1436004638672,218.18722918395994,0.04362872009277344,0.0,0.04362872009277344,218.1436004638672,-34,126938.48715713197,96300.68078353578,0.828781329753436,-0.31814734978316206,policy_rebalance
2026-09-10,2026-09-10T11:30:00-04:00,2026-09-10T11:30:00-04:00,AVGO,1,buy,364.44000244140625,364.5128904418945,0.07288800048828124,0.0,0.07288800048828124,364.44000244140625,-7,126573.97426669007,96300.60789553529,0.8249975572291471,-0.31436319077024566,policy_rebalance
2026-09-10,2026-09-10T11:30:00-04:00,2026-09-10T11:30:00-04:00,PLTR,1,buy,167.4949951171875,167.52849411621094,0.0334989990234375,0.0,0.0334989990234375,167.4949951171875,-76,126406.44577257386,96300.57439653626,0.8232585503792478,-0.3126240062917054,policy_rebalance
2026-09-10,2026-09-10T11:30:00-04:00,2026-09-10T11:30:00-04:00,SMCI,1,buy,38.43000030517578,38.43768630523682,0.007686000061035156,0.0,0.007686000061035156,38.43000030517578,-216,126368.00808626863,96300.56671053621,0.82285955301036,-0.3122249681677393,policy_rebalance
2026-09-10,2026-09-10T11:30:00-04:00,2026-09-10T11:30:00-04:00,MARA,-97,sell,11.625,11.622675000000001,0.225525,0.0,0.225525,1127.625,-97,127495.40756126863,96300.3411855362,0.8345709401302436,-0.3239351594365665,policy_rebalance
2026-09-10,2026-09-10T11:35:00-04:00,2026-09-10T11:35:00-04:00,MU,-1,sell,984.1599731445312,983.9631411499024,0.19683199462890624,0.0,0.19683199462890624,984.1599731445312,17,128479.37070241853,96262.57114950105,0.8250301021975216,-0.33467628350465545,policy_rebalance
2026-09-10,2026-09-10T11:35:00-04:00,2026-09-10T11:35:00-04:00,CRM,-1,sell,245.3800048828125,245.33092888183594,0.0490760009765625,0.0,0.0490760009765625,245.3800048828125,27,128724.70163130037,96262.52207350008,0.8224814517942277,-0.3372255251427361,policy_rebalance
2026-09-10,2026-09-10T11:35:00-04:00,2026-09-10T11:35:00-04:00,IWM,1,buy,288.5799865722656,288.6377025695801,0.05771599731445313,0.0,0.05771599731445313,288.5799865722656,-81,128436.06392873079,96262.46435750276,0.8194840995223864,-0.33422788192644476,policy_rebalance
2026-09-10,2026-09-10T11:35:00-04:00,2026-09-10T11:35:00-04:00,NVDA,1,buy,218.4199981689453,218.46368216857908,0.043683999633789064,0.0,0.043683999633789064,218.4199981689453,-33,128217.6002465622,96262.42067350312,0.8172154655289973,-0.33195902772321373,policy_rebalance
2026-09-10,2026-09-10T11:35:00-04:00,2026-09-10T11:35:00-04:00,PLTR,1,buy,167.6300048828125,167.66353088378906,0.0335260009765625,0.0,0.0335260009765625,167.6300048828125,-75,128049.93671567841,96262.38714750214,0.8154743638185286,-0.3302177570089597,policy_rebalance
2026-09-10,2026-09-10T11:35:00-04:00,2026-09-10T11:35:00-04:00,SMCI,216,buy,38.4900016784668,38.49769967880249,1.6627680725097655,0.0,1.6627680725097655,8313.840362548828,0,119734.43358505708,96260.72437942964,0.7291205110774301,-0.24385552214526696,policy_rebalance
2026-09-10,2026-09-10T11:35:00-04:00,2026-09-10T11:35:00-04:00,SNDK,2,buy,1694.5699462890625,1694.9088602783202,0.677827978515625,0.0,0.677827978515625,3389.139892578125,2,116344.61586450043,96260.04655145112,0.7643338132967313,-0.20864907126669724,policy_rebalance
2026-09-10,2026-09-10T11:40:00-04:00,2026-09-10T11:40:00-04:00,MU,-17,sell,984.9235229492188,984.726538244629,3.3487399780273437,0.0,3.3487399780273437,16743.69989013672,0,133084.96701465914,96275.60177456209,0.5903319648298283,-0.38233326576643434,policy_rebalance
2026-09-10,2026-09-10T11:40:00-04:00,2026-09-10T11:40:00-04:00,SNDK,-2,sell,1696.5050048828125,1696.165703881836,0.678602001953125,0.0,0.678602001953125,3393.010009765625,0,136477.2984224228,96274.92317256014,0.5550931996611284,-0.41757888684891703,policy_rebalance
2026-09-10,2026-09-10T11:40:00-04:00,2026-09-10T11:40:00-04:00,CRM,-1,sell,245.1699981689453,245.12096416931152,0.049033999633789065,0.0,0.049033999633789065,245.1699981689453,26,136722.4193865921,96274.8741385605,0.5525469197316799,-0.4201256621724459,policy_rebalance
2026-09-10,2026-09-10T11:40:00-04:00,2026-09-10T11:40:00-04:00,IWM,1,buy,288.4700012207031,288.52769522094724,0.05769400024414063,0.0,0.05769400024414063,288.4700012207031,-80,136433.89169137116,96274.81644456025,0.5495509324815284,-0.41712959556704504,policy_rebalance
2026-09-10,2026-09-10T11:40:00-04:00,2026-09-10T11:40:00-04:00,NVDA,1,buy,218.5850067138672,218.62872371520996,0.04371700134277344,0.0,0.04371700134277344,218.5850067138672,-32,136215.26296765596,96274.77272755891,0.5472807533286416,-0.4148593562835176,policy_rebalance
2026-09-10,2026-09-10T11:40:00-04:00,2026-09-10T11:40:00-04:00,AVGO,1,buy,363.9700012207031,364.04279522094726,0.07279400024414062,0.0,0.07279400024414062,363.9700012207031,-6,135851.22017243502,96274.69993355867,0.5435006307967971,-0.41107913362689247,policy_rebalance
2026-09-10,2026-09-10T11:40:00-04:00,2026-09-10T11:40:00-04:00,PLTR,75,buy,167.52999877929688,167.56350477905272,2.512949981689453,0.0,2.512949981689453,12564.749908447266,0,123283.95731400607,96272.18698357699,0.41300204639577753,-0.28057709268656167,policy_rebalance
2026-09-10,2026-09-10T11:40:00-04:00,2026-09-10T11:40:00-04:00,MARA,1,buy,11.649999618530273,11.65232961845398,0.0023299999237060545,0.0,0.0023299999237060545,11.649999618530273,-96,123272.3049843876,96272.18465357706,0.41288104532609465,-0.28045608841190184,policy_rebalance
2026-09-10,2026-09-10T11:40:00-04:00,2026-09-10T11:40:00-04:00,INTC,237,buy,101.53500366210938,101.55531066284179,4.812759173583984,0.0,4.812759173583984,24063.795867919922,237,99203.6963572941,96267.37189440348,0.6628700342366508,-0.030501761968857996,policy_rebalance
2026-09-10,2026-09-10T11:45:00-04:00,2026-09-10T11:45:00-04:00,INTC,-199,sell,101.88009643554688,101.85972041625976,4.0548278381347655,0.0,4.0548278381347655,20274.139190673828,38,119473.7807201298,96331.30543936808,0.45306769338268127,-0.24023836462309578,policy_rebalance
2026-09-10,2026-09-10T11:45:00-04:00,2026-09-10T11:45:00-04:00,CRM,-26,sell,245.3699951171875,245.32092111816408,1.275923974609375,0.0,1.275923974609375,6379.619873046875,0,125852.12466920206,96330.02951539347,0.3868469953801399,-0.3064682456999661,policy_rebalance
2026-09-10,2026-09-10T11:50:00-04:00,2026-09-10T11:50:00-04:00,MARA,96,buy,11.609999656677246,11.61232165660858,0.2229119934082031,0.0,0.2229119934082031,1114.5599670410156,0,124737.34179016764,96338.26238342936,0.37500696710198567,-0.29478504909823927,policy_rebalance
2026-09-10,2026-09-10T11:50:00-04:00,2026-09-10T11:50:00-04:00,MU,2,buy,984.1799926757812,984.3768286743164,0.3936719970703125,0.0,0.3936719970703125,1968.3599853515625,2,122768.58813281902,96337.8687114323,0.3954403402025431,-0.2743544130144351,policy_rebalance
2026-09-10,2026-09-10T11:50:00-04:00,2026-09-10T11:50:00-04:00,AMZN,-127,sell,252.9499969482422,252.89940694885254,6.424929922485352,0.0,6.424929922485352,32124.649612426758,-127,154886.8128153233,96331.44378150982,0.7289471270598961,-0.6078531239147978,policy_rebalance
2026-09-10,2026-09-10T11:55:00-04:00,2026-09-10T11:55:00-04:00,MU,-1,sell,982.7100219726562,982.5134799682618,0.19654200439453126,0.0,0.19654200439453126,982.7100219726562,1,155869.32629529157,96446.06581250348,0.716734682320498,-0.6161294396218319,policy_rebalance
2026-09-10,2026-09-10T11:55:00-04:00,2026-09-10T11:55:00-04:00,INTC,-1,sell,101.80999755859375,101.78963555908203,0.02036199951171875,0.0,0.02036199951171875,101.80999755859375,37,155971.11593085065,96446.04545050397,0.7156792175481286,-0.6171851857927643,policy_rebalance
2026-09-10,2026-09-10T11:55:00-04:00,2026-09-10T11:55:00-04:00,IWM,1,buy,288.32000732421875,288.3776713256836,0.05766400146484375,0.0,0.05766400146484375,288.32000732421875,-79,155682.73825952495,96445.98778650249,0.7126902001196908,-0.6141961094758218,policy_rebalance
2026-09-10,2026-09-10T11:55:00-04:00,2026-09-10T11:55:00-04:00,NVDA,1,buy,218.78500366210938,218.8287606628418,0.04375700073242188,0.0,0.04375700073242188,218.78500366210938,-31,155463.9094988621,96445.94402950176,0.7104220506326622,-0.6119279153025595,policy_rebalance
2026-09-10,2026-09-10T11:55:00-04:00,2026-09-10T11:55:00-04:00,AVGO,1,buy,363.739990234375,363.81273823242185,0.072747998046875,0.0,0.072747998046875,363.739990234375,-5,155100.09676062968,96445.8712815037,0.7066511446973434,-0.6081569350742609,policy_rebalance
2026-09-10,2026-09-10T11:55:00-04:00,2026-09-10T11:55:00-04:00,AMZN,1,buy,252.1699981689453,252.2204321685791,0.05043399963378906,0.0,0.05043399963378906,252.1699981689453,-126,154847.8763284611,96445.82084750407,0.7040368856583329,-0.6055426245300957,policy_rebalance
2026-09-10,2026-09-10T12:00:00-04:00,2026-09-10T12:00:00-04:00,AVGO,-9,sell,364.2300109863281,364.1571649841309,0.6556140197753906,0.0,0.6556140197753906,3278.070098876953,-14,158125.29081331828,96416.03507601359,0.7385740913521823,-0.6400310455481147,policy_rebalance
2026-09-10,2026-09-10T12:00:00-04:00,2026-09-10T12:00:00-04:00,SMCI,-16,sell,38.56999969482422,38.562285694885254,0.1234239990234375,0.0,0.1234239990234375,617.1199951171875,-16,158742.28738443644,96415.91165201456,0.7449756400417054,-0.6464324680906505,policy_rebalance
2026-09-10,2026-09-10T12:05:00-04:00,2026-09-10T12:05:00-04:00,MU,-1,sell,982.5,982.3035,0.1965,0.0,0.1965,982.5,0,159724.59088443645,96359.88230441936,0.7355466469717072,-0.6575839142251733,policy_rebalance
2026-09-10,2026-09-10T12:05:00-04:00,2026-09-10T12:05:00-04:00,IWM,1,buy,288.239990234375,288.2976382324219,0.057647998046875,0.0,0.057647998046875,288.239990234375,-78,159436.29324620403,96359.82465642132,0.7325557989863534,-0.6545930195980215,policy_rebalance
2026-09-10,2026-09-10T12:05:00-04:00,2026-09-10T12:05:00-04:00,NVDA,1,buy,218.92999267578125,218.9737786743164,0.04378599853515625,0.0,0.04378599853515625,218.92999267578125,-30,159217.3194675297,96359.78087042278,0.7302841259396597,-0.6523213111249486,policy_rebalance
2026-09-10,2026-09-10T12:05:00-04:00,2026-09-10T12:05:00-04:00,AVGO,1,buy,364.5299987792969,364.6029047790527,0.07290599975585937,0.0,0.07290599975585937,364.5299987792969,-13,158852.71656275066,96359.70796442303,0.7265016657767506,-0.6485387919751758,policy_rebalance
2026-09-10,2026-09-10T12:05:00-04:00,2026-09-10T12:05:00-04:00,AMZN,1,buy,252.72999572753906,252.78054172668456,0.050545999145507815,0.0,0.050545999145507815,252.72999572753906,-125,158599.93602102398,96359.65741842389,0.7238792688033192,-0.6459163541058813,policy_rebalance
2026-09-10,2026-09-10T12:05:00-04:00,2026-09-10T12:05:00-04:00,SMCI,1,buy,38.48500061035156,38.492697610473634,0.007697000122070313,0.0,0.007697000122070313,38.48500061035156,-15,158561.44332341352,96359.64972142378,0.7234799374543284,-0.6455170165293818,policy_rebalance
2026-09-10,2026-09-10T12:05:00-04:00,2026-09-10T12:05:00-04:00,INTC,193,buy,101.5199966430664,101.54030064239501,3.9186718704223633,0.0,3.9186718704223633,19593.359352111816,230,138964.16529943128,96355.73104955335,0.9268533561305221,-0.4421992733153099,policy_rebalance
2026-09-10,2026-09-10T12:10:00-04:00,2026-09-10T12:10:00-04:00,INTC,-1,sell,101.15059661865234,101.13036649932862,0.020230119323730467,0.0,0.020230119323730467,101.15059661865234,229,139065.2956659306,96328.83986301313,0.9245769925280442,-0.44365172323981006,policy_rebalance
2026-09-10,2026-09-10T12:10:00-04:00,2026-09-10T12:10:00-04:00,IWM,1,buy,288.1700134277344,288.2276474304199,0.05763400268554687,0.0,0.05763400268554687,288.1700134277344,-77,138777.0680185002,96328.78222901045,0.921586020155219,-0.44066046312693846,policy_rebalance
2026-09-10,2026-09-10T12:10:00-04:00,2026-09-10T12:10:00-04:00,NVDA,1,buy,218.9199981689453,218.9637821685791,0.04378399963378906,0.0,0.04378399963378906,218.9199981689453,-29,138558.10423633162,96328.73844501082,0.9193138047086112,-0.43838802908674446,policy_rebalance
2026-09-10,2026-09-10T12:10:00-04:00,2026-09-10T12:10:00-04:00,AVGO,1,buy,364.7550048828125,364.82795588378906,0.0729510009765625,0.0,0.0729510009765625,364.7550048828125,-12,138193.27628044784,96328.66549400985,0.9155279333052206,-0.43460179347176064,policy_rebalance
2026-09-10,2026-09-10T12:10:00-04:00,2026-09-10T12:10:00-04:00,AMZN,1,buy,252.3000030517578,252.35046305236816,0.050460000610351566,0.0,0.050460000610351566,252.3000030517578,-124,137940.92581739547,96328.61503400924,0.9129092534308902,-0.4319828616729808,policy_rebalance
2026-09-10,2026-09-10T12:10:00-04:00,2026-09-10T12:10:00-04:00,SMCI,1,buy,38.3843994140625,38.39207629394531,0.0076768798828125,0.0,0.0076768798828125,38.3843994140625,-14,137902.53374110154,96328.60735712937,0.9125108526632231,-0.4315844225780271,policy_rebalance
2026-09-10,2026-09-10T12:15:00-04:00,2026-09-10T12:15:00-04:00,INTC,-1,sell,100.96150207519531,100.94130977478028,0.020192300415039062,0.0,0.020192300415039062,100.96150207519531,228,138003.47505087632,96285.23599142808,0.9114240942770286,-0.43327763213004183,policy_rebalance
2026-09-10,2026-09-10T12:15:00-04:00,2026-09-10T12:15:00-04:00,IWM,1,buy,288.260009765625,288.3176617675781,0.057652001953125,0.0,0.057652001953125,288.260009765625,-76,137715.15738910873,96285.17833942611,0.908430825018847,-0.43028407657545137,policy_rebalance
2026-09-10,2026-09-10T12:15:00-04:00,2026-09-10T12:15:00-04:00,NVDA,1,buy,218.3300018310547,218.3736678314209,0.04366600036621094,0.0,0.04366600036621094,218.3300018310547,-28,137496.78372127732,96285.13467342575,0.9061637010746296,-0.42801673578824817,policy_rebalance
2026-09-10,2026-09-10T12:15:00-04:00,2026-09-10T12:15:00-04:00,AVGO,1,buy,363.80999755859375,363.8827595581055,0.07276199951171874,0.0,0.07276199951171874,363.80999755859375,-11,137132.90096171922,96285.06191142625,0.9023859181449115,-0.4242385915259562,policy_rebalance
2026-09-10,2026-09-10T12:15:00-04:00,2026-09-10T12:15:00-04:00,AMZN,1,buy,252.47500610351562,252.52550110473632,0.05049500122070313,0.0,0.05049500122070313,252.47500610351562,-123,136880.37546061448,96285.01141642503,0.8997642282638798,-0.4216166508888671,policy_rebalance
2026-09-10,2026-09-10T12:15:00-04:00,2026-09-10T12:15:00-04:00,SMCI,14,buy,38.375,38.382675,0.10745,0.0,0.10745,537.25,0,136343.01801061447,96284.90396642502,0.8941854376310203,-0.41603732666294085,policy_rebalance
2026-09-10,2026-09-10T12:20:00-04:00,2026-09-10T12:20:00-04:00,INTC,-228,sell,100.91000366210938,100.88982166137696,4.601496166992187,0.0,4.601496166992187,23007.480834960938,0,159345.89734940842,96261.56258683518,0.6553429330182171,-0.6553429330182171,policy_rebalance
2026-09-10,2026-09-10T12:20:00-04:00,2026-09-10T12:20:00-04:00,IWM,1,buy,288.18499755859375,288.24263455810546,0.05763699951171875,0.0,0.05763699951171875,288.18499755859375,-75,159057.6547148503,96261.50494983565,0.6523495534143097,-0.6523495534143097,policy_rebalance
2026-09-10,2026-09-10T12:20:00-04:00,2026-09-10T12:20:00-04:00,AVGO,11,buy,363.7349853515625,363.8077323486328,0.8002169677734375,0.0,0.8002169677734375,4001.0848388671875,0,155055.76965901535,96260.70473286789,0.6107898865825786,-0.6107898865825786,policy_rebalance
2026-09-10,2026-09-10T12:20:00-04:00,2026-09-10T12:20:00-04:00,AMZN,1,buy,252.61000061035156,252.66052261047363,0.05052200012207031,0.0,0.05052200012207031,252.61000061035156,-122,154803.10913640488,96260.65421086777,0.608165978150268,-0.608165978150268,policy_rebalance
2026-09-10,2026-09-10T12:20:00-04:00,2026-09-10T12:20:00-04:00,SNDK,11,buy,1684.989990234375,1685.3269882324219,3.706977978515625,0.0,3.706977978515625,18534.889892578125,11,136264.51226584823,96256.94723288924,0.8007457854613875,-0.41563301333630004,policy_rebalance
2026-09-10,2026-09-10T12:20:00-04:00,2026-09-10T12:20:00-04:00,SMCI,-361,sell,38.224998474121094,38.21735347442627,2.759844889831543,0.0,2.759844889831543,13799.224449157715,-361,150060.9768701161,96254.18738799941,0.9441310734976199,-0.5590072592397691,policy_rebalance
2026-09-10,2026-09-10T12:25:00-04:00,2026-09-10T12:25:00-04:00,SNDK,-3,sell,1682.5,1682.1635,1.0095,0.0,1.0095,5047.5,8,155107.4673701161,96198.32358273206,0.8922103898574659,-0.6123718334521833,policy_rebalance
2026-09-10,2026-09-10T12:25:00-04:00,2026-09-10T12:25:00-04:00,SMCI,291,buy,38.32500076293945,38.33266576309204,2.2305150444030764,0.0,2.2305150444030764,11152.57522201538,-70,143952.6616330563,96196.09306768765,0.7762952338700809,-0.4964501888009642,policy_rebalance
2026-09-10,2026-09-10T12:25:00-04:00,2026-09-10T12:25:00-04:00,NVDA,-69,sell,218.1999969482422,218.15635694885253,3.011159957885742,0.0,3.011159957885742,15055.799789428711,-97,159005.45026252713,96193.08190772976,0.9328359854492484,-0.6529821803094757,policy_rebalance
2026-09-10,2026-09-10T12:30:00-04:00,2026-09-10T12:30:00-04:00,SNDK,-1,sell,1682.18994140625,1681.8535034179688,0.33643798828125,0.0,0.33643798828125,1682.18994140625,7,160687.3037659451,96239.43327491728,0.9143708215668622,-0.6696617830959815,policy_rebalance
2026-09-10,2026-09-10T12:30:00-04:00,2026-09-10T12:30:00-04:00,IWM,1,buy,288.2200012207031,288.27764522094725,0.057644000244140625,0.0,0.057644000244140625,288.2200012207031,-74,160399.02612072416,96239.37563091703,0.9113765451458059,-0.6666673601028201,policy_rebalance
2026-09-10,2026-09-10T12:30:00-04:00,2026-09-10T12:30:00-04:00,NVDA,1,buy,217.75,217.79354999999998,0.04355,0.0,0.04355,217.75,-96,160181.23257072415,96239.33208091703,0.9091143691223023,-0.6644050733440818,policy_rebalance
2026-09-10,2026-09-10T12:30:00-04:00,2026-09-10T12:30:00-04:00,SMCI,53,buy,38.28499984741211,38.29265684738159,0.40582099838256835,0.0,0.40582099838256835,2029.1049919128418,-17,158151.72175781292,96238.92625991863,0.8880341666194941,-0.6433238389493502,policy_rebalance
2026-09-10,2026-09-10T12:30:00-04:00,2026-09-10T12:30:00-04:00,AMD,7,buy,504.0775146484375,504.17833015136716,0.7057085205078125,0.0,0.7057085205078125,3528.5426025390625,7,154622.47344675334,96238.22055139812,0.9247053485635963,-0.6066638863524482,policy_rebalance
2026-09-10,2026-09-10T12:35:00-04:00,2026-09-10T12:35:00-04:00,SNDK,-7,sell,1677.6600341796875,1677.3245021728517,2.3487240478515625,0.0,2.3487240478515625,11743.620239257812,0,166363.7449619633,96239.67719386637,0.8019132045043268,-0.7286398896251299,policy_rebalance
2026-09-10,2026-09-10T12:35:00-04:00,2026-09-10T12:35:00-04:00,SMCI,1,buy,38.20000076293945,38.20764076309204,0.00764000015258789,0.0,0.00764000015258789,38.20000076293945,-16,166325.53732120022,96239.66955386623,0.8015163424377487,-0.728243021741739,policy_rebalance
2026-09-10,2026-09-10T12:35:00-04:00,2026-09-10T12:35:00-04:00,NVDA,-18,sell,217.88499450683594,217.84141750793458,0.7843859802246094,0.0,0.7843859802246094,3921.929901123047,-114,170246.68283634304,96238.88516788601,0.8422749047638,-0.7690009868604829,policy_rebalance
2026-09-10,2026-09-10T12:35:00-04:00,2026-09-10T12:35:00-04:00,INTC,100,buy,100.79000091552734,100.81015891571045,2.015800018310547,0.0,2.015800018310547,10079.000091552734,100,160165.666944772,96236.86936786771,0.9470237189712475,-0.664285922815454,policy_rebalance
2026-09-10,2026-09-10T12:40:00-04:00,2026-09-10T12:40:00-04:00,AMD,-1,sell,504.3450012207031,504.244132220459,0.10086900024414062,0.0,0.10086900024414062,504.3450012207031,6,160669.91107699246,96214.1526541409,0.9425421917024669,-0.6699197222528103,policy_rebalance
2026-09-10,2026-09-10T12:40:00-04:00,2026-09-10T12:40:00-04:00,INTC,-23,sell,100.88999938964844,100.86982138977051,0.4640939971923828,0.0,0.4640939971923828,2320.469985961914,77,162989.91696895717,96213.6885601437,0.9184288602991254,-0.6940408314880403,policy_rebalance
2026-09-10,2026-09-10T12:40:00-04:00,2026-09-10T12:40:00-04:00,IWM,1,buy,288.1000061035156,288.1576261047363,0.057620001220703126,0.0,0.057620001220703126,288.1000061035156,-73,162701.75934285243,96213.63094014247,0.9154350320502918,-0.6910468688586789,policy_rebalance
2026-09-10,2026-09-10T12:40:00-04:00,2026-09-10T12:40:00-04:00,NVDA,1,buy,217.96270751953125,218.00630006103515,0.04359254150390625,0.0,0.04359254150390625,217.96270751953125,-113,162483.7530427914,96213.58734760096,0.9131700421732114,-0.6887817773156012,policy_rebalance
2026-09-10,2026-09-10T12:40:00-04:00,2026-09-10T12:40:00-04:00,AMZN,103,buy,252.39999389648438,252.45047389526366,5.199439874267578,0.0,5.199439874267578,25997.19937133789,-19,136481.35423157923,96208.38790772669,0.6430017963073941,-0.4186014047182484,policy_rebalance
2026-09-10,2026-09-10T12:40:00-04:00,2026-09-10T12:40:00-04:00,SMCI,1,buy,38.18000030517578,38.187636305236815,0.0076360000610351565,0.0,0.0076360000610351565,38.18000030517578,-15,136443.166595274,96208.38027172664,0.6426050004125292,-0.4182045910128622,policy_rebalance
2026-09-10,2026-09-10T12:40:00-04:00,2026-09-10T12:40:00-04:00,SNDK,11,buy,1680.9998779296875,1681.3360779052734,3.6981997314453126,0.0,3.6981997314453126,18490.998657226562,11,117948.469738316,96204.6820719952,0.8348344713755631,-0.22601589858224097,policy_rebalance
2026-09-10,2026-09-10T12:45:00-04:00,2026-09-10T12:45:00-04:00,SMCI,15,buy,38.16999816894531,38.1776321685791,0.11450999450683594,0.0,0.11450999450683594,572.5499725341797,0,117375.8052557873,96202.11713780634,0.8300535394132545,-0.22009586429007952,policy_rebalance
2026-09-10,2026-09-10T12:50:00-04:00,2026-09-10T12:50:00-04:00,AMD,-1,sell,505.1499938964844,505.0489638977051,0.10102999877929687,0.0,0.10102999877929687,505.1499938964844,5,117880.854219685,96176.24827028315,0.825215548880992,-0.2256753235830703,policy_rebalance
2026-09-10,2026-09-10T12:50:00-04:00,2026-09-10T12:50:00-04:00,SNDK,-7,sell,1683.10498046875,1682.7683594726564,2.35634697265625,0.0,2.35634697265625,11781.73486328125,4,129660.2327359936,96173.8919233105,0.7027312640761916,-0.34818535616074753,policy_rebalance
2026-09-10,2026-09-10T12:50:00-04:00,2026-09-10T12:50:00-04:00,INTC,-1,sell,101.18000030517578,101.15976430511475,0.020236000061035157,0.0,0.020236000061035157,101.18000030517578,76,129761.39250029872,96173.87168731044,0.7016793590414833,-0.34923748231943075,policy_rebalance
2026-09-10,2026-09-10T12:50:00-04:00,2026-09-10T12:50:00-04:00,IWM,1,buy,288.1700134277344,288.2276474304199,0.05763400268554687,0.0,0.05763400268554687,288.1700134277344,-72,129473.1648528683,96173.81405330775,0.6986834336362793,-0.3462413457066723,policy_rebalance
2026-09-10,2026-09-10T12:50:00-04:00,2026-09-10T12:50:00-04:00,NVDA,1,buy,218.55999755859375,218.60370955810546,0.04371199951171875,0.0,0.04371199951171875,218.55999755859375,-112,129254.56114331019,96173.77034130823,0.6964111981199514,-0.34396895000167427,policy_rebalance
2026-09-10,2026-09-10T12:50:00-04:00,2026-09-10T12:50:00-04:00,AMZN,19,buy,252.72000122070312,252.77054522094727,0.9603360046386719,0.0,0.9603360046386719,4801.680023193359,0,124451.92078411218,96172.81000530359,0.6464905268389417,-0.29404475939976277,policy_rebalance
2026-09-10,2026-09-10T12:55:00-04:00,2026-09-10T12:55:00-04:00,SNDK,-4,sell,1691.3599853515625,1691.0217133544922,1.35308798828125,0.0,1.35308798828125,6765.43994140625,0,131216.00763753016,96198.44727376063,0.5766933017663949,-0.3640137793920612,policy_rebalance
2026-09-10,2026-09-10T12:55:00-04:00,2026-09-10T12:55:00-04:00,INTC,-1,sell,101.29499816894531,101.27473916931153,0.020258999633789063,0.0,0.020258999633789063,101.29499816894531,75,131317.28237669947,96198.427014761,0.5756404434392622,-0.36506683582830024,policy_rebalance
2026-09-10,2026-09-10T12:55:00-04:00,2026-09-10T12:55:00-04:00,NVDA,9,buy,218.69000244140625,218.73374044189453,0.39364200439453123,0.0,0.39364200439453123,1968.2100219726562,-103,129348.67871272242,96198.0333727566,0.5551828170542302,-0.3446083477768281,policy_rebalance
2026-09-10,2026-09-10T13:00:00-04:00,2026-09-10T13:00:00-04:00,INTC,179,buy,101.23999786376953,101.26024586334228,3.6243919235229494,0.0,3.6243919235229494,18121.959617614746,254,111223.09470318415,96178.74365948298,0.7437606931988939,-0.15642074819530913,policy_rebalance
2026-09-10,2026-09-10T13:05:00-04:00,2026-09-10T13:05:00-04:00,AMD,-1,sell,505.9200134277344,505.8188294250488,0.10118400268554688,0.0,0.10118400268554688,505.9200134277344,4,111728.9135326092,96209.04506337091,0.7386331495663009,-0.16131402675305284,policy_rebalance
2026-09-10,2026-09-10T13:05:00-04:00,2026-09-10T13:05:00-04:00,INTC,-246,sell,101.37000274658203,101.34972874603271,4.987404135131836,0.0,4.987404135131836,24937.02067565918,8,136660.94680413324,96204.05765923578,0.47946178590146443,-0.4205320454174577,policy_rebalance
2026-09-10,2026-09-10T13:05:00-04:00,2026-09-10T13:05:00-04:00,IWM,1,buy,288.2799987792969,288.33765477905274,0.057655999755859375,0.0,0.057655999755859375,288.2799987792969,-71,136372.6091493542,96204.00000323603,0.47646552426035815,-0.41753574845918057,policy_rebalance
2026-09-10,2026-09-10T13:05:00-04:00,2026-09-10T13:05:00-04:00,NVDA,1,buy,218.7899932861328,218.83375128479003,0.043757998657226564,0.0,0.043757998657226564,218.7899932861328,-102,136153.7753980694,96203.95624523738,0.47419151025254863,-0.4152617076473897,policy_rebalance
2026-09-10,2026-09-10T13:05:00-04:00,2026-09-10T13:05:00-04:00,SOXX,24,buy,520.8400268554688,520.9441948608398,2.50003212890625,0.0,2.50003212890625,12500.16064453125,24,123651.11472140925,96201.45621310847,0.6041411662208405,-0.28533516631487826,policy_rebalance
2026-09-10,2026-09-10T13:10:00-04:00,2026-09-10T13:10:00-04:00,SOXX,-1,sell,521.2100219726562,521.1057799682617,0.10424200439453125,0.0,0.10424200439453125,521.2100219726562,23,124172.22050137751,96215.10166592829,0.5987847940085333,-0.2905689268252304,policy_rebalance
2026-09-10,2026-09-10T13:10:00-04:00,2026-09-10T13:10:00-04:00,AMD,-4,sell,507.0,506.8986,0.4056,0.0,0.4056,2028.0,0,126199.81490137751,96214.69606592829,0.577709457123427,-0.31164801284517696,policy_rebalance
2026-09-10,2026-09-10T13:10:00-04:00,2026-09-10T13:10:00-04:00,INTC,-1,sell,101.45999908447266,101.43970708465577,0.020291999816894533,0.0,0.020291999816894533,101.45999908447266,7,126301.25460846217,96214.67577392848,0.5766550620907748,-0.3127025954463209,policy_rebalance
2026-09-10,2026-09-10T13:10:00-04:00,2026-09-10T13:10:00-04:00,IWM,1,buy,288.1099853515625,288.1676073486328,0.0576219970703125,0.0,0.0576219970703125,288.1099853515625,-70,126013.08700111354,96214.61815193141,0.5736609561755971,-0.3097083314525835,policy_rebalance
2026-09-10,2026-09-10T13:10:00-04:00,2026-09-10T13:10:00-04:00,NVDA,1,buy,218.91000366210938,218.9537856628418,0.043782000732421875,0.0,0.043782000732421875,218.91000366210938,-101,125794.1332154507,96214.57436993068,0.5713859901522987,-0.30743324531885396,policy_rebalance
2026-09-10,2026-09-10T13:15:00-04:00,2026-09-10T13:15:00-04:00,INTC,185,buy,101.22989654541016,101.25014252471924,3.7455061721801757,0.0,3.7455061721801757,18727.53086090088,192,107062.85684837763,96208.77707542841,0.765776487469509,-0.11281797880498509,policy_rebalance
2026-09-10,2026-09-10T13:20:00-04:00,2026-09-10T13:20:00-04:00,INTC,-41,sell,101.32990264892578,101.309636668396,0.8309052017211914,0.0,0.8309052017211914,4154.526008605957,151,111216.55195178188,96220.21164263881,0.7228324317116934,-0.15585436836118557,policy_rebalance
2026-09-10,2026-09-10T13:25:00-04:00,2026-09-10T13:25:00-04:00,SNDK,-2,sell,1697.760009765625,1697.420457763672,0.67910400390625,0.0,0.67910400390625,3395.52001953125,-2,114611.39286730922,96221.550544006,0.7576040322205241,-0.19111978781606526,policy_rebalance
2026-09-10,2026-09-10T13:25:00-04:00,2026-09-10T13:25:00-04:00,MARA,-1254,sell,11.614999771118164,11.61267677116394,2.9130419425964353,0.0,2.9130419425964353,14565.209712982178,-1254,129173.6895383488,96218.6375020634,0.9090031480622083,-0.34250175321365034,policy_rebalance
2026-09-10,2026-09-10T13:25:00-04:00,2026-09-10T13:25:00-04:00,INTC,25,buy,101.23600006103516,101.25624726104736,0.5061800003051757,0.0,0.5061800003051757,2530.900001525879,176,126642.28335682262,96218.1313220631,0.93531170431827,-0.3161997808180585,policy_rebalance
2026-09-10,2026-09-10T13:30:00-04:00,2026-09-10T13:30:00-04:00,MARA,1254,buy,11.670000076293945,11.672334076309204,2.9268360191345213,0.0,2.9268360191345213,14634.180095672607,0,112005.17642513088,96154.41220393947,0.7846685588920339,-0.1648469774592621,policy_rebalance
2026-09-10,2026-09-10T13:30:00-04:00,2026-09-10T13:30:00-04:00,SNDK,-3,sell,1701.60986328125,1701.2695413085937,1.02096591796875,0.0,1.02096591796875,5104.82958984375,-5,117108.98504905666,96153.3912380215,0.8377673694899942,-0.21793920673230274,policy_rebalance
2026-09-10,2026-09-10T13:35:00-04:00,2026-09-10T13:35:00-04:00,INTC,-64,sell,101.33999633789062,101.31972833862305,1.297151953125,0.0,1.297151953125,6485.759765625,112,123593.44766272853,96180.15687598537,0.7696664665477816,-0.2850202336651399,policy_rebalance
2026-09-10,2026-09-10T13:35:00-04:00,2026-09-10T13:35:00-04:00,SNDK,5,buy,1700.175048828125,1700.5150838378906,1.700175048828125,0.0,1.700175048828125,8500.875244140625,0,115090.87224353908,96178.45670093654,0.6812935921228219,-0.1966387920052618,policy_rebalance
2026-09-10,2026-09-10T13:40:00-04:00,2026-09-10T13:40:00-04:00,SOXX,-1,sell,519.3599853515625,519.2561133544922,0.1038719970703125,0.0,0.1038719970703125,519.3599853515625,22,115610.12835689358,96196.44735713772,0.6750877281993424,-0.20181286869857962,policy_rebalance
2026-09-10,2026-09-10T13:40:00-04:00,2026-09-10T13:40:00-04:00,INTC,-1,sell,101.2300033569336,101.20975735626222,0.020246000671386717,0.0,0.020246000671386717,101.2300033569336,111,115711.33811424984,96196.42711113705,0.67403554426102,-0.2028652371939651,policy_rebalance
2026-09-10,2026-09-10T13:40:00-04:00,2026-09-10T13:40:00-04:00,IWM,1,buy,287.760009765625,287.8175617675781,0.057552001953125,0.0,0.057552001953125,287.760009765625,-69,115423.52055248227,96196.3695591351,0.6710445663375362,-0.19987397738048315,policy_rebalance
2026-09-10,2026-09-10T13:40:00-04:00,2026-09-10T13:40:00-04:00,NVDA,1,buy,218.16000366210938,218.2036356628418,0.04363200073242188,0.0,0.04363200073242188,218.16000366210938,-100,115205.31691681943,96196.32592713437,0.6687770085847553,-0.19760620591771622,policy_rebalance
2026-09-10,2026-09-10T13:40:00-04:00,2026-09-10T13:40:00-04:00,SNDK,-1,sell,1699.72998046875,1699.3900344726562,0.33994599609375,0.0,0.33994599609375,1699.72998046875,-1,116904.70695129209,96195.98598113828,0.6864488200558537,-0.21527635232320705,policy_rebalance
2026-09-10,2026-09-10T13:40:00-04:00,2026-09-10T13:40:00-04:00,TSLA,-63,sell,366.1705017089844,366.0972676086426,4.613748321533203,0.0,4.613748321533203,23068.741607666016,-63,139968.83481063656,96191.37223281674,0.9263030624292268,-0.45510799525619683,policy_rebalance
2026-09-10,2026-09-10T13:45:00-04:00,2026-09-10T13:45:00-04:00,SOXX,-22,sell,519.9849853515625,519.8809883544922,2.287933935546875,0.0,2.287933935546875,11439.669677734375,0,151406.21655443538,96105.32937029231,0.8094146977452453,-0.5754195687844701,policy_rebalance
2026-09-10,2026-09-10T13:45:00-04:00,2026-09-10T13:45:00-04:00,SNDK,1,buy,1701.0050048828125,1701.345205883789,0.3402010009765625,0.0,0.3402010009765625,1701.0050048828125,0,149704.8713485516,96104.98916929134,0.7917181176208091,-0.5577221603432339,policy_rebalance
2026-09-10,2026-09-10T13:50:00-04:00,2026-09-10T13:50:00-04:00,IWM,1,buy,287.75,287.80755,0.05755,0.0,0.05755,287.75,-68,149417.0637985516,96149.77451479915,0.7874790167275912,-0.5540032678449356,policy_rebalance
2026-09-10,2026-09-10T13:50:00-04:00,2026-09-10T13:50:00-04:00,NVDA,1,buy,218.3699951171875,218.41366911621094,0.0436739990234375,0.0,0.0436739990234375,218.3699951171875,-99,149198.65012943538,96149.73084080013,0.7852082292708809,-0.5517323743367621,policy_rebalance
2026-09-10,2026-09-10T13:50:00-04:00,2026-09-10T13:50:00-04:00,TSLA,1,buy,366.4700012207031,366.54329522094724,0.07329400024414062,0.0,0.07329400024414062,366.4700012207031,-62,148832.10683421444,96149.65754679989,0.7813973737824957,-0.5479213408718787,policy_rebalance
2026-09-10,2026-09-10T13:50:00-04:00,2026-09-10T13:50:00-04:00,INTC,73,buy,101.12000274658203,101.14022674713135,1.4763520401000976,0.0,1.4763520401000976,7381.760200500488,184,141448.87028167385,96148.18119475979,0.8581842014308776,-0.47115492486698246,policy_rebalance
2026-09-10,2026-09-10T13:55:00-04:00,2026-09-10T13:55:00-04:00,INTC,-1,sell,101.08499908447266,101.06478208465576,0.02021699981689453,0.0,0.02021699981689453,101.08499908447266,183,141549.93506375852,96116.42536679807,0.8576122036093929,-0.4726924614973743,policy_rebalance
2026-09-10,2026-09-10T13:55:00-04:00,2026-09-10T13:55:00-04:00,IWM,1,buy,287.7900085449219,287.84756654663084,0.057558001708984376,0.0,0.057558001708984376,287.7900085449219,-67,141262.08749721188,96116.36780879635,0.8546185340330245,-0.469698561416965,policy_rebalance
2026-09-10,2026-09-10T13:55:00-04:00,2026-09-10T13:55:00-04:00,NVDA,1,buy,218.61680603027344,218.66052939147949,0.04372336120605469,0.0,0.04372336120605469,218.61680603027344,-98,141043.4269678204,96116.32408543513,0.8523444204387393,-0.4674242727224025,policy_rebalance
2026-09-10,2026-09-10T13:55:00-04:00,2026-09-10T13:55:00-04:00,TSLA,62,buy,366.44000244140625,366.5132904418945,4.543856030273438,0.0,4.543856030273438,22719.280151367188,0,118319.60296042293,96111.78022940486,0.6160007884009794,-0.23106244289733494,policy_rebalance
2026-09-10,2026-09-10T13:55:00-04:00,2026-09-10T13:55:00-04:00,META,48,buy,648.030029296875,648.1596353027344,6.22108828125,0.0,6.22108828125,31105.44140625,48,87207.94046589168,96105.55914112361,0.9396997906184723,0.09258172737090542,policy_rebalance
2026-09-10,2026-09-10T14:00:00-04:00,2026-09-10T14:00:00-04:00,META,-1,sell,648.3200073242188,648.190343322754,0.12966400146484375,0.0,0.12966400146484375,648.3200073242188,47,87856.13080921443,96173.61574878963,0.9324449878907526,0.08648406192090032,policy_rebalance
2026-09-10,2026-09-10T14:00:00-04:00,2026-09-10T14:00:00-04:00,INTC,-72,sell,101.23500061035156,101.2147536102295,1.4577840087890626,0.0,1.4577840087890626,7288.9200439453125,111,95143.59306915096,96172.15796478084,0.8566687872233862,0.010695038121184232,policy_rebalance
2026-09-10,2026-09-10T14:00:00-04:00,2026-09-10T14:00:00-04:00,IWM,1,buy,287.7799987792969,287.8375547790527,0.05755599975585937,0.0,0.05755599975585937,287.7799987792969,-66,94855.75551437191,96172.10040878109,0.8536769560048958,0.013687388429846433,policy_rebalance
2026-09-10,2026-09-10T14:05:00-04:00,2026-09-10T14:05:00-04:00,META,-1,sell,648.5197143554688,648.3900104125977,0.12970394287109374,0.0,0.12970394287109374,648.5197143554688,46,95504.1455247845,96201.40118579524,0.8464148822108982,0.007247874276426823,policy_rebalance
2026-09-10,2026-09-10T14:05:00-04:00,2026-09-10T14:05:00-04:00,INTC,-1,sell,101.16999816894531,101.14976416931152,0.020233999633789062,0.0,0.020233999633789062,101.16999816894531,110,95605.29528895381,96201.38095179561,0.845363412150804,0.006196227714657051,policy_rebalance
2026-09-10,2026-09-10T14:05:00-04:00,2026-09-10T14:05:00-04:00,IWM,1,buy,287.57501220703125,287.63252720947264,0.05751500244140625,0.0,0.05751500244140625,287.57501220703125,-65,95317.66276174434,96201.32343679317,0.8423746134435052,0.009185535536103271,policy_rebalance
2026-09-10,2026-09-10T14:05:00-04:00,2026-09-10T14:05:00-04:00,NVDA,1,buy,218.20989990234375,218.2535418823242,0.04364197998046875,0.0,0.04364197998046875,218.20989990234375,-97,95099.40921986202,96201.27979481319,0.8401067315871342,0.01145380370512057,policy_rebalance
2026-09-10,2026-09-10T14:05:00-04:00,2026-09-10T14:05:00-04:00,AMZN,-36,sell,252.1999969482422,252.14955694885253,1.8158399780273438,0.0,1.8158399780273438,9079.199890136719,-36,104176.79327002072,96199.46395483517,0.9345014923915089,-0.08292488322939964,policy_rebalance
2026-09-10,2026-09-10T14:10:00-04:00,2026-09-10T14:10:00-04:00,META,-1,sell,648.5050048828125,648.375303881836,0.1297010009765625,0.0,0.1297010009765625,648.5050048828125,45,104825.16857390256,96185.43480925412,0.9274541824152233,-0.08982372208205891,policy_rebalance
2026-09-10,2026-09-10T14:10:00-04:00,2026-09-10T14:10:00-04:00,IWM,1,buy,287.3999938964844,287.45747389526366,0.057479998779296874,0.0,0.057479998779296874,287.3999938964844,-64,104537.71110000729,96185.37732925534,0.9244667565526872,-0.08683579565489258,policy_rebalance
2026-09-10,2026-09-10T14:10:00-04:00,2026-09-10T14:10:00-04:00,NVDA,1,buy,218.17999267578125,218.2236286743164,0.04363599853515625,0.0,0.04363599853515625,218.17999267578125,-96,104319.48747133298,96185.3336932568,0.922198846838495,-0.08456750593616152,policy_rebalance
2026-09-10,2026-09-10T14:10:00-04:00,2026-09-10T14:10:00-04:00,AMZN,1,buy,252.1999969482422,252.25043694763184,0.05043999938964844,0.0,0.05043999938964844,252.1999969482422,-35,104067.23703438534,96185.28325325741,0.919577307734898,-0.081945527574885,policy_rebalance
2026-09-10,2026-09-10T14:10:00-04:00,2026-09-10T14:10:00-04:00,INTC,15,buy,100.91999816894531,100.9401821685791,0.30275999450683594,0.0,0.30275999450683594,1513.7999725341797,125,102553.13430185665,96184.9804932629,0.9353186259322944,-0.06620736185562563,policy_rebalance
2026-09-10,2026-09-10T14:15:00-04:00,2026-09-10T14:15:00-04:00,INTC,-41,sell,101.23999786376953,101.21974986419679,0.8301679824829101,0.0,0.8301679824829101,4150.839912414551,84,106703.14404628873,96177.19491909146,0.892012578884726,-0.10944329511847546,policy_rebalance
2026-09-10,2026-09-10T14:15:00-04:00,2026-09-10T14:15:00-04:00,AMZN,35,buy,252.0,252.0504,1.764,0.0,1.764,8820.0,0,97881.38004628873,96175.43091909146,0.8003215263410733,-0.017737889093862362,policy_rebalance
2026-09-10,2026-09-10T14:15:00-04:00,2026-09-10T14:15:00-04:00,COIN,-36,sell,171.97999572753906,171.94559972839355,1.2382559692382813,0.0,1.2382559692382813,6191.279846191406,-36,104071.4216365109,96174.19266312223,0.8647075188576824,-0.08211380573841662,policy_rebalance
2026-09-10,2026-09-10T14:20:00-04:00,2026-09-10T14:20:00-04:00,META,-1,sell,647.0599975585938,646.930585559082,0.12941199951171875,0.0,0.12941199951171875,647.0599975585938,44,104718.35222206998,96148.3914066403,0.8581647576585844,-0.08913264891957226,policy_rebalance
2026-09-10,2026-09-10T14:20:00-04:00,2026-09-10T14:20:00-04:00,INTC,-1,sell,101.19000244140625,101.16976444091797,0.02023800048828125,0.0,0.02023800048828125,101.19000244140625,83,104819.5219865109,96148.3711686398,0.8571125023403412,-0.09018510363178484,policy_rebalance
2026-09-10,2026-09-10T14:20:00-04:00,2026-09-10T14:20:00-04:00,IWM,1,buy,287.4100036621094,287.4674856628418,0.05748200073242188,0.0,0.05748200073242188,287.4100036621094,-63,104532.05450084805,96148.31368663907,0.854123778730927,-0.08719592151696783,policy_rebalance
2026-09-10,2026-09-10T14:20:00-04:00,2026-09-10T14:20:00-04:00,PLTR,-23,sell,165.75,165.71685,0.76245,0.0,0.76245,3812.25,-23,108343.54205084806,96147.55123663908,0.8937805477035528,-0.12684660875233442,policy_rebalance
2026-09-10,2026-09-10T14:25:00-04:00,2026-09-10T14:25:00-04:00,META,-1,sell,647.0599975585938,646.930585559082,0.12941199951171875,0.0,0.12941199951171875,647.0599975585938,43,108990.47263640714,96125.2070648129,0.8873066473827915,-0.13383862531416726,policy_rebalance
2026-09-10,2026-09-10T14:25:00-04:00,2026-09-10T14:25:00-04:00,IWM,1,buy,287.5050048828125,287.5625058837891,0.0575010009765625,0.0,0.0575010009765625,287.5050048828125,-62,108702.91013052335,96125.14956381192,0.8843162334779311,-0.13084776069307208,policy_rebalance
2026-09-10,2026-09-10T14:25:00-04:00,2026-09-10T14:25:00-04:00,NVDA,1,buy,218.1750030517578,218.21863805236816,0.04363500061035156,0.0,0.04363500061035156,218.1750030517578,-95,108484.69149247099,96125.10592881132,0.8820469364633309,-0.1285781216492284,policy_rebalance
2026-09-10,2026-09-10T14:25:00-04:00,2026-09-10T14:25:00-04:00,PLTR,23,buy,165.93499755859375,165.96818455810546,0.7633009887695312,0.0,0.7633009887695312,3816.5049438476562,0,104667.42324763456,96124.34262782255,0.8423501065841069,-0.08887530864985363,policy_rebalance
2026-09-10,2026-09-10T14:25:00-04:00,2026-09-10T14:25:00-04:00,COIN,1,buy,172.35499572753906,172.38946672668456,0.03447099914550781,0.0,0.03447099914550781,172.35499572753906,-35,104495.03378090788,96124.3081568234,0.8405573658884175,-0.08708229775165643,policy_rebalance
2026-09-10,2026-09-10T14:25:00-04:00,2026-09-10T14:25:00-04:00,INTC,91,buy,101.08499908447266,101.10521608428955,1.8397469833374023,0.0,1.8397469833374023,9198.734916687012,174,95294.45911723752,96122.46840984006,0.9362715259777915,0.008614107672226359,policy_rebalance
2026-09-10,2026-09-10T14:30:00-04:00,2026-09-10T14:30:00-04:00,META,-1,sell,647.25,647.12055,0.12945,0.0,0.12945,647.25,42,95941.57966723753,96190.2093059094,0.9290794920234178,0.002584770741907519,policy_rebalance
2026-09-10,2026-09-10T14:30:00-04:00,2026-09-10T14:30:00-04:00,INTC,-174,sell,101.28730010986328,101.26704264984131,3.524798043823242,0.0,3.524798043823242,17623.99021911621,0,113562.04508830991,96186.68450786558,0.7458866156736852,-0.180642057363184,policy_rebalance
2026-09-10,2026-09-10T14:30:00-04:00,2026-09-10T14:30:00-04:00,IWM,1,buy,287.6000061035156,287.65752610473635,0.057520001220703124,0.0,0.057520001220703124,287.6000061035156,-61,113274.38756220517,96186.62698786435,0.7428970410133662,-0.17765214468427867,policy_rebalance
2026-09-10,2026-09-10T14:30:00-04:00,2026-09-10T14:30:00-04:00,NVDA,1,buy,218.0301055908203,218.07371161193848,0.043606021118164064,0.0,0.043606021118164064,218.0301055908203,-94,113056.31385059323,96186.58338184323,0.7406306364573239,-0.17538548387544073,policy_rebalance
2026-09-10,2026-09-10T14:30:00-04:00,2026-09-10T14:30:00-04:00,COIN,35,buy,171.8800048828125,171.91438088378905,1.2031600341796875,0.0,1.2031600341796875,6015.8001708984375,0,107039.31051966062,96185.38022180906,0.6780960905643219,-0.11284386746532343,policy_rebalance
2026-09-10,2026-09-10T14:35:00-04:00,2026-09-10T14:35:00-04:00,META,-1,sell,646.760009765625,646.6306577636719,0.129352001953125,0.0,0.129352001953125,646.760009765625,41,107685.94117742429,96186.6620026196,0.67092046477118,-0.11955170223592446,policy_rebalance
2026-09-10,2026-09-10T14:35:00-04:00,2026-09-10T14:35:00-04:00,IWM,1,buy,287.44000244140625,287.4974904418945,0.05748800048828125,0.0,0.05748800048828125,287.44000244140625,-60,107398.4436869824,96186.60451461912,0.6679325078304428,-0.11656341575774438,policy_rebalance
2026-09-10,2026-09-10T14:35:00-04:00,2026-09-10T14:35:00-04:00,NVDA,1,buy,217.89999389648438,217.94357389526365,0.04357999877929687,0.0,0.04357999877929687,217.89999389648438,-93,107180.50011308714,96186.56093462034,0.6656674212811201,-0.11429807939530727,policy_rebalance
2026-09-10,2026-09-10T14:35:00-04:00,2026-09-10T14:35:00-04:00,MSTR,-68,sell,129.39999389648438,129.3741138977051,1.7598399169921874,0.0,1.7598399169921874,8799.199584960938,-68,115977.93985813108,96184.80109470335,0.7571618253127459,-0.20578239532812936,policy_rebalance
2026-09-10,2026-09-10T14:35:00-04:00,2026-09-10T14:35:00-04:00,INTC,55,buy,101.19869995117188,101.2189396911621,1.1131856994628906,0.0,1.1131856994628906,5565.928497314453,55,110410.89817511717,96183.68790900389,0.8150382852411394,-0.14791708007259152,policy_rebalance
2026-09-10,2026-09-10T14:40:00-04:00,2026-09-10T14:40:00-04:00,META,-1,sell,646.5870971679688,646.4577797485351,0.12931741943359376,0.0,0.12931741943359376,646.5870971679688,40,111057.3559548657,96161.01911709715,0.8088121908250346,-0.15491034698404135,policy_rebalance
2026-09-10,2026-09-10T14:40:00-04:00,2026-09-10T14:40:00-04:00,INTC,-1,sell,101.38999938964844,101.3697213897705,0.02027799987792969,0.0,0.02027799987792969,101.38999938964844,54,111158.72567625548,96160.99883909727,0.8077579838230279,-0.15596475721153186,policy_rebalance
2026-09-10,2026-09-10T14:40:00-04:00,2026-09-10T14:40:00-04:00,IWM,1,buy,287.5299987792969,287.5875047790527,0.05750599975585938,0.0,0.05750599975585938,287.5299987792969,-59,110871.13817147643,96160.94133309752,0.8047683755281896,-0.15297475913243605,policy_rebalance
2026-09-10,2026-09-10T14:40:00-04:00,2026-09-10T14:40:00-04:00,NVDA,1,buy,218.07000732421875,218.1136213256836,0.04361400146484375,0.0,0.04361400146484375,218.07000732421875,-92,110653.02455015075,96160.89771909606,0.8025009787658172,-0.15070706674753492,policy_rebalance
2026-09-10,2026-09-10T14:40:00-04:00,2026-09-10T14:40:00-04:00,MSTR,1,buy,129.47000122070312,129.49589522094726,0.025894000244140625,0.0,0.025894000244140625,129.47000122070312,-67,110523.5286549298,96160.87182509582,0.8011548052255478,-0.1493607176935521,policy_rebalance
2026-09-10,2026-09-10T14:45:00-04:00,2026-09-10T14:45:00-04:00,META,-1,sell,646.5175170898438,646.3882135864258,0.12930350341796876,0.0,0.12930350341796876,646.5175170898438,39,111169.91686851623,96156.66137535217,0.7944171604908747,-0.15613328581115243,policy_rebalance
2026-09-10,2026-09-10T14:45:00-04:00,2026-09-10T14:45:00-04:00,INTC,-1,sell,101.36000061035156,101.3397286102295,0.020272000122070314,0.0,0.020272000122070314,101.36000061035156,53,111271.25659712646,96156.64110335204,0.7933632146060904,-0.15718743209352304,policy_rebalance
2026-09-10,2026-09-10T14:45:00-04:00,2026-09-10T14:45:00-04:00,IWM,1,buy,287.5199890136719,287.5774930114746,0.05750399780273437,0.0,0.05750399780273437,287.5199890136719,-58,110983.67910411498,96156.58359935424,0.7903735662981293,-0.15419740333682483,policy_rebalance
2026-09-10,2026-09-10T14:45:00-04:00,2026-09-10T14:45:00-04:00,NVDA,1,buy,217.9199981689453,217.9635821685791,0.04358399963378906,0.0,0.04358399963378906,217.9199981689453,-91,110765.7155219464,96156.5400153546,0.7881076200557527,-0.15193116874066967,policy_rebalance
2026-09-10,2026-09-10T14:45:00-04:00,2026-09-10T14:45:00-04:00,MSTR,1,buy,129.67999267578125,129.7059286743164,0.02593599853515625,0.0,0.02593599853515625,129.67999267578125,-66,110636.00959327209,96156.51407935607,0.7867591981255371,-0.15058257521655136,policy_rebalance
2026-09-10,2026-09-10T14:45:00-04:00,2026-09-10T14:45:00-04:00,TSM,7,buy,429.54998779296875,429.63589779052734,0.6013699829101562,0.0,0.6013699829101562,3006.8499145507812,7,107628.5583087384,96155.91270937317,0.818034685645538,-0.11931294993830259,policy_rebalance
2026-09-10,2026-09-10T14:50:00-04:00,2026-09-10T14:50:00-04:00,META,-1,sell,646.010009765625,645.8808077636719,0.129202001953125,0.0,0.129202001953125,646.010009765625,38,108274.43911650208,96138.02545835999,0.8110627783898378,-0.12623947288576987,policy_rebalance
2026-09-10,2026-09-10T14:50:00-04:00,2026-09-10T14:50:00-04:00,INTC,-1,sell,101.23999786376953,101.21974986419679,0.020247999572753906,0.0,0.020247999572753906,101.23999786376953,52,108375.65886636627,96138.00521036041,0.8100098797443595,-0.12729256894012458,policy_rebalance
2026-09-10,2026-09-10T14:50:00-04:00,2026-09-10T14:50:00-04:00,TSM,-1,sell,429.239990234375,429.15414223632814,0.085847998046875,0.0,0.085847998046875,429.239990234375,6,108804.81300860259,96137.91936236236,0.8055457676088537,-0.13175751805587002,policy_rebalance
2026-09-10,2026-09-10T14:50:00-04:00,2026-09-10T14:50:00-04:00,IWM,1,buy,287.4849853515625,287.5424823486328,0.0574969970703125,0.0,0.0574969970703125,287.4849853515625,-57,108517.27052625395,96137.86186536528,0.8025559084283838,-0.1287672559040809,policy_rebalance
2026-09-10,2026-09-10T14:50:00-04:00,2026-09-10T14:50:00-04:00,NVDA,1,buy,217.93499755859375,217.97858455810547,0.04358699951171875,0.0,0.04358699951171875,217.93499755859375,-90,108299.29194169585,96137.81827836577,0.8002893704472152,-0.12650041244036445,policy_rebalance
2026-09-10,2026-09-10T14:50:00-04:00,2026-09-10T14:50:00-04:00,MSTR,66,buy,129.52999877929688,129.55590477905272,1.7097959838867187,0.0,1.7097959838867187,8548.979919433594,0,99748.60222627837,96136.10848238188,0.7113778082588152,-0.03757686680815167,policy_rebalance
2026-09-10,2026-09-10T14:55:00-04:00,2026-09-10T14:55:00-04:00,INTC,-52,sell,101.33999633789062,101.31972833862305,1.0539359619140625,0.0,1.0539359619140625,5269.6798095703125,0,105017.22809988676,96128.41474539458,0.6570882777947159,-0.09246811546861634,policy_rebalance
2026-09-10,2026-09-10T15:00:00-04:00,2026-09-10T15:00:00-04:00,SNDK,-10,sell,1709.56005859375,1709.2181465820313,3.4191201171875,0.0,3.4191201171875,17095.6005859375,-10,122109.40956570709,96106.3897292813,0.8349082700776758,-0.27056494276470866,policy_rebalance
2026-09-10,2026-09-10T15:00:00-04:00,2026-09-10T15:00:00-04:00,INTC,72,buy,101.29000091552734,101.31025891571045,1.4585760131835936,0.0,1.4585760131835936,7292.880065917969,72,114815.07092377593,96104.93115326812,0.9108054977803968,-0.1946844927308557,policy_rebalance
2026-09-10,2026-09-10T15:05:00-04:00,2026-09-10T15:05:00-04:00,META,-1,sell,644.02001953125,643.8912155273438,0.12880400390625,0.0,0.12880400390625,644.02001953125,37,115458.96213930327,96076.4053155728,0.9027215130624409,-0.2017410701416906,policy_rebalance
2026-09-10,2026-09-10T15:05:00-04:00,2026-09-10T15:05:00-04:00,INTC,-1,sell,100.95999908447266,100.93980708465577,0.02019199981689453,0.0,0.02019199981689453,100.95999908447266,71,115559.90194638792,96076.38512357298,0.9016708722499039,-0.2027919430748288,policy_rebalance
2026-09-10,2026-09-10T15:05:00-04:00,2026-09-10T15:05:00-04:00,IWM,1,buy,287.20001220703125,287.25745220947266,0.05744000244140625,0.0,0.05744000244140625,287.20001220703125,-56,115272.64449417846,96076.32768357055,0.8986821212520967,-0.19980277424665308,policy_rebalance
2026-09-10,2026-09-10T15:05:00-04:00,2026-09-10T15:05:00-04:00,SNDK,2,buy,1707.155029296875,1707.4964603027342,0.68286201171875,0.0,0.68286201171875,3414.31005859375,-8,111857.65157357299,96075.64482155883,0.8631507814515386,-0.16426646712937562,policy_rebalance
2026-09-10,2026-09-10T15:05:00-04:00,2026-09-10T15:05:00-04:00,CRM,25,buy,243.4149932861328,243.46367628479004,1.2170749664306642,0.0,1.2170749664306642,6085.37483215332,25,105771.05966645323,96074.4277465924,0.9265019300778446,-0.10092833386878813,policy_rebalance
2026-09-10,2026-09-10T15:10:00-04:00,2026-09-10T15:10:00-04:00,META,-1,sell,645.7050170898438,645.5758760864258,0.12914100341796875,0.0,0.12914100341796875,645.7050170898438,36,106416.63554253966,96160.59050622374,0.9194970180908967,-0.10665538743392099,policy_rebalance
2026-09-10,2026-09-10T15:10:00-04:00,2026-09-10T15:10:00-04:00,INTC,-71,sell,100.9749984741211,100.95480347442627,1.4338449783325196,0.0,1.4338449783325196,7169.224891662598,0,113584.42658922392,96159.1566612454,0.8449549076527603,-0.18121279899911336,policy_rebalance
2026-09-10,2026-09-10T15:10:00-04:00,2026-09-10T15:10:00-04:00,TSM,-1,sell,429.010009765625,428.92420776367186,0.085802001953125,0.0,0.085802001953125,429.010009765625,5,114013.3507969876,96159.07085924345,0.8404941999201444,-0.18567442237330922,policy_rebalance
2026-09-10,2026-09-10T15:10:00-04:00,2026-09-10T15:10:00-04:00,CRM,-25,sell,243.72000122070312,243.67125722045898,1.2186000061035156,0.0,1.2186000061035156,6093.000030517578,0,120105.13222749907,96157.85225923735,0.777140291100959,-0.24904133573720952,policy_rebalance
2026-09-10,2026-09-10T15:10:00-04:00,2026-09-10T15:10:00-04:00,IWM,1,buy,287.39990234375,287.45738232421877,0.05747998046875,0.0,0.05747998046875,287.39990234375,-55,119817.67484517484,96157.79477925687,0.7741519194042634,-0.2460526483602541,policy_rebalance
2026-09-10,2026-09-10T15:10:00-04:00,2026-09-10T15:10:00-04:00,NVDA,24,buy,217.99240112304688,218.03599960327148,1.046363525390625,0.0,1.046363525390625,5231.817626953125,-66,114584.81085469632,96156.74841573148,0.7197510825539427,-0.19164606481171287,policy_rebalance
2026-09-10,2026-09-10T15:10:00-04:00,2026-09-10T15:10:00-04:00,SNDK,8,buy,1703.0,1703.3406,2.7248,0.0,2.7248,13624.0,0,100958.08605469632,96154.02361573148,0.5780821402672509,-0.049962157154896894,policy_rebalance
2026-09-10,2026-09-10T15:10:00-04:00,2026-09-10T15:10:00-04:00,SNDK,1,buy,1703.0,1703.3406,0.3406,0.0,0.3406,1703.0,1,99254.74545469633,96153.68301573148,0.5957954180259232,-0.032251104083631264,policy_rebalance
2026-09-10,2026-09-10T15:15:00-04:00,2026-09-10T15:15:00-04:00,SNDK,-1,sell,1700.875,1700.534825,0.340175,0.0,0.340175,1700.875,0,100955.28027969632,96159.9301515225,0.5780436828484558,-0.04986848597557871,policy_rebalance
2026-09-10,2026-09-10T15:15:00-04:00,2026-09-10T15:15:00-04:00,META,-1,sell,645.8422241210938,645.7130556762695,0.12916844482421874,0.0,0.12916844482421874,645.8422241210938,35,101600.9933353726,96159.80098307767,0.5713281161301845,-0.05658489614857325,policy_rebalance
2026-09-10,2026-09-10T15:15:00-04:00,2026-09-10T15:15:00-04:00,TSM,-1,sell,428.864990234375,428.7792172363281,0.085772998046875,0.0,0.085772998046875,428.864990234375,4,102029.77255260892,96159.71521007962,0.5668687020733505,-0.061044870294228865,policy_rebalance
2026-09-10,2026-09-10T15:15:00-04:00,2026-09-10T15:15:00-04:00,IWM,1,buy,287.3450012207031,287.40247022094724,0.057469000244140624,0.0,0.057469000244140624,287.3450012207031,-54,101742.37008238798,96159.65774107938,0.5638808334536769,-0.05805669937325141,policy_rebalance
2026-09-10,2026-09-10T15:15:00-04:00,2026-09-10T15:15:00-04:00,NVDA,1,buy,217.97000122070312,218.01359522094725,0.043594000244140625,0.0,0.043594000244140625,217.97000122070312,-65,101524.35648716702,96159.61414707913,0.5616143370525354,-0.05578997365653267,policy_rebalance
2026-09-10,2026-09-10T15:15:00-04:00,2026-09-10T15:15:00-04:00,SMCI,-385,sell,37.875,37.867425000000004,2.916375,0.0,2.916375,14581.875,-385,116103.31511216702,96156.69777207913,0.7132783731093852,-0.20743866836366917,policy_rebalance
2026-09-10,2026-09-10T15:20:00-04:00,2026-09-10T15:20:00-04:00,META,-1,sell,644.780029296875,644.6510732910157,0.128956005859375,0.0,0.128956005859375,644.780029296875,34,116747.96618545803,96088.07715881619,0.7070281044921353,-0.2150099121298347,policy_rebalance
2026-09-10,2026-09-10T15:20:00-04:00,2026-09-10T15:20:00-04:00,TSM,-1,sell,429.0050048828125,428.9192038818359,0.0858010009765625,0.0,0.0858010009765625,429.0050048828125,3,117176.88538933986,96087.9913578152,0.7025640259418156,-0.21947481400660393,policy_rebalance
2026-09-10,2026-09-10T15:20:00-04:00,2026-09-10T15:20:00-04:00,IWM,1,buy,287.2200012207031,287.27744522094724,0.057444000244140626,0.0,0.057444000244140626,287.2200012207031,-53,116889.60794411892,96087.93391381497,0.6995753089256894,-0.2164858081865075,policy_rebalance
2026-09-10,2026-09-10T15:20:00-04:00,2026-09-10T15:20:00-04:00,NVDA,1,buy,218.1199951171875,218.16361911621092,0.0436239990234375,0.0,0.0436239990234375,218.1199951171875,-64,116671.44432500271,96087.89028981594,0.6973056214948716,-0.21421590143256955,policy_rebalance
2026-09-10,2026-09-10T15:20:00-04:00,2026-09-10T15:20:00-04:00,SMCI,385,buy,37.95000076293945,37.95759076309204,2.922150058746338,0.0,2.922150058746338,14610.75029373169,0,102057.77188121228,96084.9681397572,0.5452660991335772,-0.062161687276281706,policy_rebalance
2026-09-10,2026-09-10T15:20:00-04:00,2026-09-10T15:20:00-04:00,SNDK,-2,sell,1702.8699951171875,1702.529421118164,0.681147998046875,0.0,0.681147998046875,3405.739990234375,-2,105462.8307234486,96084.28699175915,0.5807153021592325,-0.0976074655421424,policy_rebalance
2026-09-10,2026-09-10T15:25:00-04:00,2026-09-10T15:25:00-04:00,META,-1,sell,643.7949829101562,643.6662239135742,0.12875899658203124,0.0,0.12875899658203124,643.7949829101562,33,106106.49694736217,96021.40103061413,0.5743703406340779,-0.10502966847497523,policy_rebalance
2026-09-10,2026-09-10T15:25:00-04:00,2026-09-10T15:25:00-04:00,TSM,-1,sell,429.3800048828125,429.29412888183595,0.0858760009765625,0.0,0.0858760009765625,429.3800048828125,2,106535.79107624402,96021.31515461316,0.5698991388018224,-0.10950147792394314,policy_rebalance
2026-09-10,2026-09-10T15:25:00-04:00,2026-09-10T15:25:00-04:00,IWM,1,buy,287.4700012207031,287.5274952209473,0.05749400024414063,0.0,0.05749400024414063,287.4700012207031,-52,106248.26358102307,96021.25766061292,0.5669056637897014,-0.10650772724262271,policy_rebalance
2026-09-10,2026-09-10T15:25:00-04:00,2026-09-10T15:25:00-04:00,NVDA,1,buy,218.22500610351562,218.26865110473634,0.043645001220703125,0.0,0.043645001220703125,218.22500610351562,-63,106029.99492991834,96021.2140156117,0.5646332465354305,-0.10423510072138177,policy_rebalance
2026-09-10,2026-09-10T15:25:00-04:00,2026-09-10T15:25:00-04:00,SNDK,1,buy,1708.0799560546875,1708.4215720458983,0.3416159912109375,0.0,0.3416159912109375,1708.0799560546875,-1,104321.57335787243,96020.87239962048,0.5468466234228992,-0.08644683963821975,policy_rebalance
2026-09-10,2026-09-10T15:25:00-04:00,2026-09-10T15:25:00-04:00,HOOD,-49,sell,114.55999755859375,114.53708555908203,1.1226879760742188,0.0,1.1226879760742188,5613.439880371094,-49,109933.89055026745,96019.7497116444,0.6053143223635803,-0.14490915546445823,policy_rebalance
2026-09-10,2026-09-10T15:30:00-04:00,2026-09-10T15:30:00-04:00,META,-1,sell,643.6099853515625,643.4812633544922,0.1287219970703125,0.0,0.1287219970703125,643.6099853515625,32,110577.37181362194,96013.6316402821,0.5985979103515541,-0.15168408823346383,policy_rebalance
2026-09-10,2026-09-10T15:30:00-04:00,2026-09-10T15:30:00-04:00,TSM,-1,sell,429.69500732421875,429.6090683227539,0.08593900146484375,0.0,0.08593900146484375,429.69500732421875,1,111006.98088194469,96013.54570128063,0.594123087957699,-0.1561595821834552,policy_rebalance
2026-09-10,2026-09-10T15:30:00-04:00,2026-09-10T15:30:00-04:00,IWM,1,buy,287.4800109863281,287.53750698852537,0.057496002197265625,0.0,0.057496002197265625,287.4800109863281,-51,110719.44337495617,96013.48820527844,0.5911292809764402,-0.15316551293539254,policy_rebalance
2026-09-10,2026-09-10T15:30:00-04:00,2026-09-10T15:30:00-04:00,NVDA,1,buy,218.30990600585938,218.35356798706053,0.04366198120117187,0.0,0.04366198120117187,218.30990600585938,-62,110501.08980696912,96013.44454329724,0.588855806702409,-0.15089183949794316,policy_rebalance
2026-09-10,2026-09-10T15:30:00-04:00,2026-09-10T15:30:00-04:00,SNDK,1,buy,1713.260009765625,1713.6026617675782,0.342652001953125,0.0,0.342652001953125,1713.260009765625,0,108787.48714520154,96013.10189129529,0.5710138850958757,-0.13304835488357863,policy_rebalance
2026-09-10,2026-09-10T15:30:00-04:00,2026-09-10T15:30:00-04:00,HOOD,1,buy,114.34500122070312,114.36787022094727,0.022869000244140625,0.0,0.022869000244140625,114.34500122070312,-48,108673.11927498059,96013.07902229505,0.569823089593135,-0.13185745506344795,policy_rebalance
2026-09-10,2026-09-10T15:35:00-04:00,2026-09-10T15:35:00-04:00,IWM,1,buy,287.54998779296875,287.60749779052736,0.05750999755859375,0.0,0.05750999755859375,287.54998779296875,-50,108385.51177719007,95995.12103011976,0.5670766324544776,-0.12907313011442176,policy_rebalance
2026-09-10,2026-09-10T15:35:00-04:00,2026-09-10T15:35:00-04:00,NVDA,1,buy,218.52630615234375,218.5700114135742,0.04370526123046875,0.0,0.04370526123046875,218.52630615234375,-61,108166.9417657765,95995.07732485853,0.56480045821712,-0.12679675645998972,policy_rebalance
2026-09-10,2026-09-10T15:35:00-04:00,2026-09-10T15:35:00-04:00,HOOD,1,buy,114.31999969482422,114.34286369476318,0.022863999938964843,0.0,0.022863999938964843,114.31999969482422,-47,108052.59890208174,95995.05446085859,0.5636096980603685,-0.12560589197998254,policy_rebalance
2026-09-10,2026-09-10T15:35:00-04:00,2026-09-10T15:35:00-04:00,SNDK,2,buy,1708.2010498046875,1708.5426900146483,0.683280419921875,0.0,0.683280419921875,3416.402099609375,2,104635.51352205244,95994.37118043867,0.5992033184056498,-0.09001717741732158,policy_rebalance
2026-09-10,2026-09-10T15:40:00-04:00,2026-09-10T15:40:00-04:00,SNDK,-2,sell,1708.56005859375,1708.2183465820312,0.6834240234375,0.0,0.6834240234375,3417.1201171875,0,108051.95021521651,96011.47037207686,0.5635428694495412,-0.1254066810609058,policy_rebalance
2026-09-10,2026-09-10T15:40:00-04:00,2026-09-10T15:40:00-04:00,META,-1,sell,643.8699951171875,643.741221118164,0.1287739990234375,0.0,0.1287739990234375,643.8699951171875,31,108695.69143633467,96011.34159807784,0.5568374384584471,-0.13211303609688108,policy_rebalance
2026-09-10,2026-09-10T15:40:00-04:00,2026-09-10T15:40:00-04:00,TSM,-1,sell,429.2099914550781,429.1241494567871,0.08584199829101563,0.0,0.08584199829101563,429.2099914550781,0,109124.81558579145,96011.25575607954,0.5523675230507481,-0.13658356748324843,policy_rebalance
2026-09-10,2026-09-10T15:40:00-04:00,2026-09-10T15:40:00-04:00,IWM,1,buy,287.6199951171875,287.67751911621093,0.0575239990234375,0.0,0.0575239990234375,287.6199951171875,-49,108837.13806667524,96011.19823208051,0.5493721618218094,-0.13358795714216132,policy_rebalance
2026-09-10,2026-09-10T15:40:00-04:00,2026-09-10T15:40:00-04:00,NVDA,1,buy,218.36000061035156,218.40367261047362,0.043672000122070315,0.0,0.043672000122070315,218.36000061035156,-60,108618.73439406477,96011.1545600804,0.5470980926323528,-0.13131369882751484,policy_rebalance
2026-09-10,2026-09-10T15:40:00-04:00,2026-09-10T15:40:00-04:00,HOOD,1,buy,114.30999755859375,114.33285955810547,0.02286199951171875,0.0,0.02286199951171875,114.30999755859375,-46,108504.40153450666,96011.13169808088,0.5459076318203535,-0.13012313900967698,policy_rebalance
2026-09-10,2026-09-10T15:40:00-04:00,2026-09-10T15:40:00-04:00,SMCI,-360,sell,37.79499816894531,37.787439169311526,2.7212398681640626,0.0,2.7212398681640626,13606.199340820312,-360,122107.87963545881,96008.41045821272,0.6876419321955799,-0.2718456544867575,policy_rebalance
2026-09-10,2026-09-10T15:40:00-04:00,2026-09-10T15:40:00-04:00,UBER,278,buy,72.8927993774414,72.9073779373169,4.052839645385742,0.0,4.052839645385742,20264.19822692871,278,101839.62856888471,96004.35761856733,0.8987467781853383,-0.06078131342226528,policy_rebalance
2026-09-10,2026-09-10T15:45:00-04:00,2026-09-10T15:45:00-04:00,META,-1,sell,644.75,644.62105,0.12895,0.0,0.12895,644.75,30,102484.24961888471,95890.43325841108,0.8918730672840338,-0.06876406891086033,policy_rebalance
2026-09-10,2026-09-10T15:45:00-04:00,2026-09-10T15:45:00-04:00,UBER,-1,sell,72.37999725341797,72.36552125396729,0.014475999450683594,0.0,0.014475999450683594,72.37999725341797,277,102556.61514013869,95890.41878241164,0.8911183820149706,-0.0695188992015308,policy_rebalance
2026-09-10,2026-09-10T15:45:00-04:00,2026-09-10T15:45:00-04:00,IWM,1,buy,287.69500732421875,287.75254632568357,0.05753900146484375,0.0,0.05753900146484375,287.69500732421875,-48,102268.862593813,95890.36124341017,0.8881186672414266,-0.06651869142730109,policy_rebalance
2026-09-10,2026-09-10T15:45:00-04:00,2026-09-10T15:45:00-04:00,NVDA,60,buy,218.47000122070312,218.51369522094726,2.6216400146484373,0.0,2.6216400146484373,13108.200073242188,0,89158.04088055616,95887.73960339552,0.7514393399362465,0.07018309901426696,policy_rebalance
2026-09-10,2026-09-10T15:45:00-04:00,2026-09-10T15:45:00-04:00,HOOD,1,buy,114.25,114.27284999999999,0.02285,0.0,0.02285,114.25,-45,89043.76803055617,95887.71675339552,0.750248021241018,0.07137461350175492,policy_rebalance
2026-09-10,2026-09-10T15:45:00-04:00,2026-09-10T15:45:00-04:00,SMCI,11,buy,37.77000045776367,37.777554457855224,0.08309400100708007,0.0,0.08309400100708007,415.4700050354004,-349,88628.21493151976,95887.63365939452,0.745915787270148,0.07570755947175802,policy_rebalance
2026-09-10,2026-09-10T15:50:00-04:00,2026-09-10T15:50:00-04:00,META,-1,sell,642.8200073242188,642.6914433227539,0.12856400146484376,0.0,0.12856400146484376,642.8200073242188,29,89270.90637484251,95797.12574663816,0.739413614679209,0.06812541943122631,policy_rebalance
2026-09-10,2026-09-10T15:50:00-04:00,2026-09-10T15:50:00-04:00,UBER,-277,sell,72.33999633789062,72.32552833862304,4.007635797119141,0.0,4.007635797119141,20038.178985595703,0,109305.0777246411,95793.11811084105,0.5302627270137491,-0.14105355249179305,policy_rebalance
2026-09-10,2026-09-10T15:50:00-04:00,2026-09-10T15:50:00-04:00,IWM,1,buy,287.80999755859375,287.8675595581055,0.05756199951171875,0.0,0.05756199951171875,287.80999755859375,-47,109017.210165083,95793.06054884155,0.5272585482879945,-0.13804913989045084,policy_rebalance
2026-09-10,2026-09-10T15:50:00-04:00,2026-09-10T15:50:00-04:00,SMCI,181,buy,37.84000015258789,37.84756815261841,1.3698080055236816,0.0,1.3698080055236816,6849.040027618408,-168,102166.80032945907,95791.69074083603,0.4557667755499385,-0.06655180151137405,policy_rebalance
2026-09-10,2026-09-10T15:50:00-04:00,2026-09-10T15:50:00-04:00,HOOD,-46,sell,114.05999755859375,114.03718555908203,1.0493519775390625,0.0,1.0493519775390625,5246.7598876953125,-91,107412.51086517685,95790.6413888585,0.5105449675672731,-0.12132572981884336,policy_rebalance
2026-09-10,2026-09-10T15:55:00-04:00,,META,-29,sell,643.4199829101562,643.2912989135742,3.7318359008789064,0.0,3.7318359008789064,18659.17950439453,0,126067.9585336705,95880.62812748154,0.3148428519476563,-0.3148428519476563,scheduled_1555_liquidation
2026-09-10,2026-09-10T15:55:00-04:00,,IWM,47,buy,287.82000732421875,287.87757132568356,2.705508068847656,0.0,2.705508068847656,13527.540344238281,0,112537.71268136338,95877.9226194127,0.1737604404309186,-0.1737604404309186,scheduled_1555_liquidation
2026-09-10,2026-09-10T15:55:00-04:00,,HOOD,91,buy,113.6500015258789,113.67273152618408,2.068430027770996,0.0,2.068430027770996,10342.15013885498,0,102193.49411248064,95875.85418938493,0.06589396231731484,-0.06589396231731484,scheduled_1555_liquidation
2026-09-10,2026-09-10T15:55:00-04:00,,SMCI,168,buy,37.60499954223633,37.61252054214477,1.2635279846191407,0.0,1.2635279846191407,6317.639923095703,0,95874.59066140032,95874.59066140032,0.0,0.0,scheduled_1555_liquidation
2026-09-11,2026-09-11T09:35:00-04:00,2026-09-11T09:35:00-04:00,MU,7,buy,986.97998046875,987.1773764648437,1.38177197265625,0.0,1.38177197265625,6908.85986328125,7,88964.34902614642,95873.20888942767,0.07206246607693464,0.07206246607693464,policy_rebalance
2026-09-11,2026-09-11T09:35:00-04:00,2026-09-11T09:35:00-04:00,SNDK,-10,sell,1677.239990234375,1676.904542236328,3.35447998046875,0.0,3.35447998046875,16772.39990234375,-10,105733.3944485097,95869.8544094472,0.24701466286248372,-0.10288468778659715,policy_rebalance
2026-09-11,2026-09-11T09:35:00-04:00,2026-09-11T09:35:00-04:00,CRM,272,buy,246.47999572753906,246.52929172668456,13.408511767578124,0.0,13.408511767578124,67042.55883789062,272,38677.427098851505,95856.44589767963,0.9464550636517158,0.5965067686722176,policy_rebalance
2026-09-11,2026-09-11T09:40:00-04:00,2026-09-11T09:40:00-04:00,MU,-7,sell,977.4425048828125,977.2470163818359,1.3684195068359375,0.0,1.3684195068359375,6842.0975341796875,0,45518.15621352436,95900.91549086811,0.8716659234244089,0.5253626518522788,policy_rebalance
2026-09-11,2026-09-11T09:40:00-04:00,2026-09-11T09:40:00-04:00,CRM,-272,sell,246.27999877929688,246.23074277954103,13.39763193359375,0.0,13.39763193359375,66988.15966796875,0,112492.91824955952,95887.51785893452,0.1731758289442233,-0.1731758289442233,policy_rebalance
2026-09-11,2026-09-11T09:40:00-04:00,2026-09-11T09:40:00-04:00,SNDK,10,buy,1660.5400390625,1660.8721470703124,3.321080078125,0.0,3.321080078125,16605.400390625,0,95884.19677885639,95884.19677885639,0.0,0.0,policy_rebalance
2026-09-11,2026-09-11T09:40:00-04:00,2026-09-11T09:40:00-04:00,MSFT,96,buy,496.62200927734375,496.72133367919923,9.535142578125,0.0,9.535142578125,47675.712890625,96,48198.948745653266,95874.66163627827,0.4972712505781075,0.4972712505781075,policy_rebalance
2026-09-11,2026-09-11T09:40:00-04:00,2026-09-11T09:40:00-04:00,MARA,3659,buy,11.850000381469727,11.85237038154602,8.671830279159545,0.0,8.671830279159545,43359.15139579773,3659,4831.125519576381,95865.98980599911,0.9496054280631434,0.9496054280631434,policy_rebalance
2026-09-11,2026-09-11T09:45:00-04:00,2026-09-11T09:45:00-04:00,MSFT,-1,sell,495.614990234375,495.5158672363281,0.099122998046875,0.0,0.099122998046875,495.614990234375,95,5326.641386812708,95933.87213403561,0.9444759054510955,0.9444759054510955,policy_rebalance
2026-09-11,2026-09-11T09:45:00-04:00,2026-09-11T09:45:00-04:00,MARA,-3659,sell,11.895000457763672,11.892621457672119,8.704761334991455,0.0,8.704761334991455,43523.806674957275,0,48841.74330043499,95925.16737270061,0.4908349431315678,0.4908349431315678,policy_rebalance
2026-09-11,2026-09-11T09:45:00-04:00,2026-09-11T09:45:00-04:00,AVGO,-110,sell,365.7875061035156,365.71434860229493,8.047325134277344,0.0,8.047325134277344,40236.62567138672,-110,89070.32164668743,95917.12004756634,0.9103698036424508,0.07138244348332712,policy_rebalance
2026-09-11,2026-09-11T09:45:00-04:00,2026-09-11T09:45:00-04:00,MSTR,24,buy,131.3551025390625,131.3813735595703,0.6305044921875,0.0,0.6305044921875,3152.5224609375,24,85917.16868125774,95916.48954307415,0.9432431549109234,0.1042502796907086,policy_rebalance
2026-09-11,2026-09-11T09:50:00-04:00,2026-09-11T09:50:00-04:00,MSFT,-1,sell,495.7699890136719,495.67083501586916,0.09915399780273437,0.0,0.09915399780273437,495.7699890136719,94,86412.83951627361,95942.02237760174,0.9387625742633211,0.09932230554640437,policy_rebalance
2026-09-11,2026-09-11T09:50:00-04:00,2026-09-11T09:50:00-04:00,AVGO,75,buy,366.0799865722656,366.15320256958006,5.491199798583985,0.0,5.491199798583985,27455.998992919922,-35,58951.34932355511,95936.53117780315,0.6526271082104009,0.38551718933533125,policy_rebalance
2026-09-11,2026-09-11T09:50:00-04:00,2026-09-11T09:50:00-04:00,SNDK,-4,sell,1658.93505859375,1658.6032715820313,1.327148046875,0.0,1.327148046875,6635.740234375,-4,65585.76240988323,95935.20402975628,0.7218051167869869,0.31635354223523143,policy_rebalance
2026-09-11,2026-09-11T09:50:00-04:00,2026-09-11T09:50:00-04:00,COIN,72,buy,176.64010620117188,176.6754342224121,2.543617529296875,0.0,2.543617529296875,12718.087646484375,72,52865.131145869556,95932.66041222698,0.8543973287403934,0.44893500379635365,policy_rebalance
2026-09-11,2026-09-11T09:50:00-04:00,2026-09-11T09:50:00-04:00,MSTR,61,buy,133.1501007080078,133.1767307281494,1.6244312286376954,0.0,1.6244312286376954,8122.156143188477,85,44741.35057145244,95931.03598099833,0.9390784120813471,0.5336092213127497,policy_rebalance
2026-09-11,2026-09-11T09:55:00-04:00,2026-09-11T09:55:00-04:00,MSFT,-1,sell,496.7799987792969,496.680642779541,0.09935599975585938,0.0,0.09935599975585938,496.7799987792969,93,45238.03121423198,96190.5701088853,0.9323529377323517,0.5297040950789286,policy_rebalance
2026-09-11,2026-09-11T09:55:00-04:00,2026-09-11T09:55:00-04:00,COIN,-72,sell,176.8300018310547,176.7946358306885,2.5463520263671877,0.0,2.5463520263671877,12731.760131835938,0,57967.24499404155,96188.02375685894,0.8000143623477425,0.3973548605118519,policy_rebalance
2026-09-11,2026-09-11T09:55:00-04:00,2026-09-11T09:55:00-04:00,MSTR,-1,sell,133.9499969482422,133.92320694885254,0.026789999389648437,0.0,0.026789999389648437,133.9499969482422,84,58101.1682009904,96187.99696685954,0.7986219997995329,0.39596238581609633,policy_rebalance
2026-09-11,2026-09-11T09:55:00-04:00,2026-09-11T09:55:00-04:00,AVGO,1,buy,365.3900146484375,365.46309265136716,0.0730780029296875,0.0,0.0730780029296875,365.3900146484375,-34,57735.70510833904,96187.92388885662,0.7948238966886919,0.3997613965028335,policy_rebalance
2026-09-11,2026-09-11T09:55:00-04:00,2026-09-11T09:55:00-04:00,SNDK,4,buy,1644.215087890625,1644.543930908203,1.3153720703125,0.0,1.3153720703125,6576.8603515625,0,51157.52938470623,96186.6085167863,0.726458716090185,0.46814291330608343,policy_rebalance
2026-09-11,2026-09-11T09:55:00-04:00,2026-09-11T09:55:00-04:00,AMD,20,buy,514.0,514.1028,2.056,0.0,2.056,10280.0,20,40875.47338470623,96184.55251678631,0.8333521135234779,0.5750307890908724,policy_rebalance
2026-09-11,2026-09-11T09:55:00-04:00,2026-09-11T09:55:00-04:00,GOOGL,28,buy,338.04998779296875,338.1175977905273,1.893079931640625,0.0,1.893079931640625,9465.399658203125,28,31408.180646571465,96182.65943685466,0.93177918255852,0.6734527738111525,policy_rebalance
2026-09-11,2026-09-11T10:00:00-04:00,2026-09-11T10:00:00-04:00,MSFT,-93,sell,498.54998779296875,498.45027779541016,9.273029772949219,0.0,9.273029772949219,46365.148864746094,0,77764.05648154461,96683.49672812664,0.45226457006954446,0.1956842779464563,policy_rebalance
2026-09-11,2026-09-11T10:00:00-04:00,2026-09-11T10:00:00-04:00,AMD,-20,sell,518.4099731445312,518.3062911499023,2.073639892578125,0.0,2.073639892578125,10368.199462890625,0,88130.18230454266,96681.42308823406,0.34503340509615876,0.08844760979456534,policy_rebalance
2026-09-11,2026-09-11T10:00:00-04:00,2026-09-11T10:00:00-04:00,MSTR,-1,sell,136.74000549316406,136.71265749206543,0.027348001098632814,0.0,0.027348001098632814,136.74000549316406,83,88266.89496203473,96681.39574023297,0.34361916641587953,0.0870332985345663,policy_rebalance
2026-09-11,2026-09-11T10:00:00-04:00,2026-09-11T10:00:00-04:00,AVGO,34,buy,364.80999755859375,364.8829595581055,2.4807079833984376,0.0,2.4807079833984376,12403.539916992188,0,75860.87433705914,96678.91503224957,0.21533175758381312,0.21533175758381312,policy_rebalance
2026-09-11,2026-09-11T10:00:00-04:00,2026-09-11T10:00:00-04:00,GOOGL,72,buy,338.1650085449219,338.2326415466309,4.869576123046875,0.0,4.869576123046875,24347.880615234375,100,51508.12414570172,96674.04545612652,0.46719800642792386,0.46719800642792386,policy_rebalance
2026-09-11,2026-09-11T10:00:00-04:00,2026-09-11T10:00:00-04:00,HOOD,404,buy,114.91000366210938,114.9329856628418,9.284728295898438,0.0,9.284728295898438,46423.64147949219,404,5075.197937913632,96664.76072783062,0.947496917183674,0.947496917183674,policy_rebalance
2026-09-11,2026-09-11T10:05:00-04:00,2026-09-11T10:05:00-04:00,GOOGL,-100,sell,338.8999938964844,338.83221389770506,6.7779998779296875,0.0,6.7779998779296875,33889.99938964844,0,38958.41932768414,97001.32000822613,0.5983722765382956,0.5983722765382956,policy_rebalance
2026-09-11,2026-09-11T10:05:00-04:00,2026-09-11T10:05:00-04:00,MSTR,-1,sell,137.4600067138672,137.4325147125244,0.027492001342773437,0.0,0.027492001342773437,137.4600067138672,82,39095.85184239667,97001.29251622478,0.5969553515396988,0.5969553515396988,policy_rebalance
2026-09-11,2026-09-11T10:05:00-04:00,2026-09-11T10:05:00-04:00,HOOD,-404,sell,115.43000030517578,115.40691430511475,9.326744024658202,0.0,9.326744024658202,46633.720123291016,0,85720.24522166303,96991.96577220014,0.11621293022362696,0.11621293022362696,policy_rebalance
2026-09-11,2026-09-11T10:05:00-04:00,2026-09-11T10:05:00-04:00,SNDK,-10,sell,1619.5150146484375,1619.1911116455078,3.239030029296875,0.0,3.239030029296875,16195.150146484375,-10,101912.1563381181,96988.72674217084,0.28319652829382747,-0.05076290576569196,policy_rebalance
2026-09-11,2026-09-11T10:05:00-04:00,2026-09-11T10:05:00-04:00,TSLA,143,buy,366.6799011230469,366.7532371032715,10.48704517211914,0.0,10.48704517211914,52435.2258605957,143,49466.44343235028,96978.23969699872,0.8239177861679624,0.4899222383608478,policy_rebalance
2026-09-11,2026-09-11T10:05:00-04:00,2026-09-11T10:05:00-04:00,MARA,837,buy,12.34000015258789,12.342468152618409,2.065716025543213,0.0,2.065716025543213,10328.580127716064,837,39135.79758860867,96976.17398097317,0.9304417052278904,0.5964390428901933,policy_rebalance
2026-09-11,2026-09-11T10:10:00-04:00,2026-09-11T10:10:00-04:00,MSTR,-82,sell,136.0050048828125,135.97780388183594,2.230482080078125,0.0,2.230482080078125,11152.410400390625,0,50285.97750691922,96680.68233994991,0.8168281629597554,0.4798756453734679,policy_rebalance
2026-09-11,2026-09-11T10:10:00-04:00,2026-09-11T10:10:00-04:00,MARA,-837,sell,12.199999809265137,12.197559809303284,2.042279968070984,0.0,2.042279968070984,10211.39984035492,0,60495.33506730606,96678.64005998184,0.711223329852608,0.3742636943406191,policy_rebalance
2026-09-11,2026-09-11T10:10:00-04:00,2026-09-11T10:10:00-04:00,SNDK,10,buy,1628.8399658203125,1629.1657338134764,3.257679931640625,0.0,3.257679931640625,16288.399658203125,0,44203.6777291713,96675.3823800502,0.5427618009784764,0.5427618009784764,policy_rebalance
2026-09-11,2026-09-11T10:10:00-04:00,2026-09-11T10:10:00-04:00,AVGO,12,buy,362.385009765625,362.45748676757813,0.8697240234375,0.0,0.8697240234375,4348.6201171875,12,39854.18788796036,96674.51265602677,0.5877487582506492,0.5877487582506492,policy_rebalance
2026-09-11,2026-09-11T10:10:00-04:00,2026-09-11T10:10:00-04:00,TSLA,41,buy,366.93499755859375,367.00838455810543,3.0088669799804686,0.0,3.0088669799804686,15044.334899902344,184,24806.844121078037,96671.50378904678,0.743390315152119,0.743390315152119,policy_rebalance
2026-09-11,2026-09-11T10:15:00-04:00,2026-09-11T10:15:00-04:00,AVGO,-12,sell,362.8800048828125,362.80742888183596,0.87091201171875,0.0,0.87091201171875,4354.56005859375,0,29160.533267660066,96320.55011336319,0.6972553288645054,0.6972553288645054,policy_rebalance
2026-09-11,2026-09-11T10:15:00-04:00,2026-09-11T10:15:00-04:00,TSLA,-184,sell,365.0000915527344,364.9270915344238,13.432003369140626,0.0,13.432003369140626,67160.01684570312,0,96307.11810999404,96307.11810999404,0.0,0.0,policy_rebalance
2026-09-11,2026-09-11T10:15:00-04:00,2026-09-11T10:15:00-04:00,GOOGL,166,buy,338.95001220703125,339.0178022094727,11.253140405273438,0.0,11.253140405273438,56265.70202636719,166,40030.16294322158,96295.86496958876,0.5843002920648408,0.5843002920648408,policy_rebalance
2026-09-11,2026-09-11T10:15:00-04:00,2026-09-11T10:15:00-04:00,MSTR,109,buy,136.39500427246094,136.42228327331543,2.9734110931396485,0.0,2.9734110931396485,14867.055465698242,109,25160.134066430197,96292.89155849563,0.7387124463788065,0.7387124463788065,policy_rebalance
2026-09-11,2026-09-11T10:15:00-04:00,2026-09-11T10:15:00-04:00,SMCI,-510,sell,39.16999816894531,39.162164169311524,3.995339813232422,0.0,3.995339813232422,19976.69906616211,-510,45132.83779277907,96288.89621868239,0.9462093775725522,0.5312768183542413,policy_rebalance
2026-09-11,2026-09-11T10:20:00-04:00,2026-09-11T10:20:00-04:00,GOOGL,-129,sell,339.9800109863281,339.91201498413085,8.771484283447265,0.0,8.771484283447265,43857.42141723633,37,88981.48772573195,96519.24842214308,0.4918797051097034,0.07809593236204529,policy_rebalance
2026-09-11,2026-09-11T10:20:00-04:00,2026-09-11T10:20:00-04:00,MSTR,-109,sell,136.9499969482422,136.92260694885255,2.9855099334716795,0.0,2.9855099334716795,14927.549667358398,0,103906.05188315688,96516.26291220961,0.3372313515033339,-0.07656522069932356,policy_rebalance
2026-09-11,2026-09-11T10:20:00-04:00,2026-09-11T10:20:00-04:00,SMCI,304,buy,39.154998779296875,39.162829779052736,2.38062392578125,0.0,2.38062392578125,11903.11962890625,-206,92000.55163032484,96513.88228828383,0.21390902184789112,0.046763538580676015,policy_rebalance
2026-09-11,2026-09-11T10:20:00-04:00,2026-09-11T10:20:00-04:00,SNDK,13,buy,1645.8299560546875,1646.1591220458984,4.279157885742188,0.0,4.279157885742188,21395.789428710938,13,70600.48304372816,96509.60313039809,0.43561446964958445,0.2684615752865862,policy_rebalance
2026-09-11,2026-09-11T10:20:00-04:00,2026-09-11T10:20:00-04:00,TSLA,133,buy,364.79998779296875,364.87294779052735,9.70367967529297,0.0,9.70367967529297,48518.398376464844,133,22072.380987588025,96499.89945072279,0.9384401276650945,0.7712704250136636,policy_rebalance
2026-09-11,2026-09-11T10:25:00-04:00,2026-09-11T10:25:00-04:00,SNDK,-1,sell,1649.4599609375,1649.1300689453126,0.3298919921875,0.0,0.3298919921875,1649.4599609375,12,23721.511056533338,96292.50604402114,0.9238126499212632,0.7536515349835344,policy_rebalance
2026-09-11,2026-09-11T10:25:00-04:00,2026-09-11T10:25:00-04:00,TSLA,-1,sell,363.7101135253906,363.63737150268554,0.07274202270507812,0.0,0.07274202270507812,363.7101135253906,132,24085.148428036024,96292.43330199842,0.9200362066322653,0.749874963150026,policy_rebalance
2026-09-11,2026-09-11T10:25:00-04:00,2026-09-11T10:25:00-04:00,GOOGL,-13,sell,340.45001220703125,340.38192220458984,0.8851700317382812,0.0,0.8851700317382812,4425.850158691406,24,28510.11341669569,96291.54813196669,0.8740816461743867,0.7039188384672885,policy_rebalance
2026-09-11,2026-09-11T10:25:00-04:00,2026-09-11T10:25:00-04:00,SMCI,206,buy,39.77000045776367,39.77795445785522,1.6385240188598633,0.0,1.6385240188598633,8192.620094299316,0,20315.854798377513,96289.90960794783,0.7890136683989509,0.7890136683989509,policy_rebalance
2026-09-11,2026-09-11T10:25:00-04:00,2026-09-11T10:25:00-04:00,MARA,-1076,sell,12.270000457763672,12.26754645767212,2.640504098510742,0.0,2.640504098510742,13202.520492553711,-1076,33515.73478683271,96287.2691038493,0.9261512568805317,0.6519193544612344,policy_rebalance
2026-09-11,2026-09-11T10:30:00-04:00,2026-09-11T10:30:00-04:00,SNDK,-12,sell,1642.75,1642.42145,3.9426,0.0,3.9426,19713.0,0,53224.79218683271,96548.23195276289,0.7223253863325834,0.448723284618268,policy_rebalance
2026-09-11,2026-09-11T10:30:00-04:00,2026-09-11T10:30:00-04:00,TSLA,-105,sell,366.43499755859375,366.36171055908204,7.695134948730469,0.0,7.695134948730469,38475.674743652344,27,91692.77179553633,96540.53681781417,0.32383872341992265,0.050214813197343826,policy_rebalance
2026-09-11,2026-09-11T10:30:00-04:00,2026-09-11T10:30:00-04:00,GOOGL,-24,sell,340.0799865722656,340.0119705749512,1.632383935546875,0.0,1.632383935546875,8161.919677734375,0,99853.05908933516,96538.90443387862,0.23929880558612898,-0.0343297313646901,policy_rebalance
2026-09-11,2026-09-11T10:30:00-04:00,2026-09-11T10:30:00-04:00,MARA,937,buy,12.274999618530273,12.277454618453978,2.3003349285125734,0.0,2.3003349285125734,11501.674642562866,-139,88349.08411184378,96536.6040989501,0.12016136251455209,0.08481259583892249,policy_rebalance
2026-09-11,2026-09-11T10:30:00-04:00,2026-09-11T10:30:00-04:00,SMCI,-158,sell,40.349998474121094,40.34192847442627,1.2750599517822265,0.0,1.2750599517822265,6375.299758911133,-158,94723.10881080313,96535.32903899832,0.18620405419354014,0.01877261150125764,policy_rebalance
2026-09-11,2026-09-11T10:35:00-04:00,2026-09-11T10:35:00-04:00,TSLA,-1,sell,365.5611877441406,365.4880755065918,0.07311223754882812,0.0,0.07311223754882812,365.5611877441406,26,95088.59688630972,96551.34766832266,0.18173160089860813,0.015149977885734375,policy_rebalance
2026-09-11,2026-09-11T10:35:00-04:00,2026-09-11T10:35:00-04:00,MARA,139,buy,12.15999984741211,12.162431847381592,0.33804799575805666,0.0,0.33804799575805666,1690.2399787902832,0,93398.01885952368,96551.0096203269,0.1642260507087839,0.03265621740468494,policy_rebalance
2026-09-11,2026-09-11T10:35:00-04:00,2026-09-11T10:35:00-04:00,MSFT,70,buy,494.5450134277344,494.64392243041993,6.923630187988281,0.0,6.923630187988281,34618.150939941406,70,58772.94428939429,96544.08599013892,0.5228113293960749,0.39123206060081817,policy_rebalance
2026-09-11,2026-09-11T10:35:00-04:00,2026-09-11T10:35:00-04:00,AMZN,-130,sell,255.21859741210938,255.16755369262697,6.635683532714844,0.0,6.635683532714844,33178.41766357422,-130,91944.7262694358,96537.45030660622,0.8665316863012614,0.04757453219018902,policy_rebalance
2026-09-11,2026-09-11T10:35:00-04:00,2026-09-11T10:35:00-04:00,SMCI,-180,sell,40.20000076293945,40.19196076278686,1.4472000274658203,0.0,1.4472000274658203,7236.000137329102,-338,99179.27920673744,96536.00310657875,0.9415011686613212,-0.02738124653079362,policy_rebalance
2026-09-11,2026-09-11T10:40:00-04:00,2026-09-11T10:40:00-04:00,TSLA,-26,sell,364.1300048828125,364.05717888183597,1.893476025390625,0.0,1.893476025390625,9467.380126953125,0,108644.76585766517,96589.50625225746,0.8421190335496503,-0.12480920622912868,policy_rebalance
2026-09-11,2026-09-11T10:40:00-04:00,2026-09-11T10:40:00-04:00,SNDK,3,buy,1633.81494140625,1634.1417043945312,0.98028896484375,0.0,0.98028896484375,4901.44482421875,3,103742.34074448158,96588.52596329262,0.8928732022805975,-0.07406485097316519,policy_rebalance
2026-09-11,2026-09-11T10:40:00-04:00,2026-09-11T10:40:00-04:00,SMCI,-103,sell,40.02000045776367,40.01199645767212,0.8244120094299316,0.0,0.8244120094299316,4122.060047149658,-441,107863.57637962181,96587.70155128319,0.9355576856705612,-0.11674234552886326,policy_rebalance
2026-09-11,2026-09-11T10:45:00-04:00,2026-09-11T10:45:00-04:00,NVDA,-5,sell,219.77999877929688,219.736042779541,0.21977999877929688,0.0,0.21977999877929688,1098.8999938964844,-5,108962.25659351952,96484.84070377953,0.9477511364564432,-0.12931996154760944,policy_rebalance
2026-09-11,2026-09-11T10:50:00-04:00,2026-09-11T10:50:00-04:00,NVDA,1,buy,219.97000122070312,220.01399522094727,0.04399400024414062,0.0,0.04399400024414062,219.97000122070312,-4,108742.24259829857,96407.62368655541,0.9457822553814383,-0.1279423601586323,policy_rebalance
2026-09-11,2026-09-11T10:50:00-04:00,2026-09-11T10:50:00-04:00,AMZN,130,buy,255.1999969482422,255.25103694763183,6.635199920654297,0.0,6.635199920654297,33175.999603271484,0,75559.60779510644,96400.98848663476,0.6017015081853206,0.21619467827778358,policy_rebalance
2026-09-11,2026-09-11T10:50:00-04:00,2026-09-11T10:50:00-04:00,SNDK,1,buy,1629.5,1629.8259,0.3259,0.0,0.3259,1629.5,4,73929.78189510644,96400.66258663476,0.6186069531355244,0.23309881995192575,policy_rebalance
2026-09-11,2026-09-11T10:50:00-04:00,2026-09-11T10:50:00-04:00,MSTR,65,buy,135.21499633789062,135.2420393371582,1.7577949523925782,0.0,1.7577949523925782,8788.97476196289,65,65139.04933819116,96398.90479168238,0.7097912063709517,0.32427604360281503,policy_rebalance
2026-09-11,2026-09-11T10:55:00-04:00,2026-09-11T10:55:00-04:00,MSFT,-1,sell,493.3299865722656,493.23132057495116,0.09866599731445312,0.0,0.09866599731445312,493.3299865722656,69,65632.2806587661,96418.55029301293,0.7055294756431206,0.31929820082015675,policy_rebalance
2026-09-11,2026-09-11T10:55:00-04:00,2026-09-11T10:55:00-04:00,SNDK,-4,sell,1630.469970703125,1630.1438767089844,1.3043759765625,0.0,1.3043759765625,6521.8798828125,0,72152.85616560205,96417.24591703637,0.6378967659023262,0.2516602659685278,policy_rebalance
2026-09-11,2026-09-11T10:55:00-04:00,2026-09-11T10:55:00-04:00,NVDA,1,buy,219.625,219.668925,0.043925,0.0,0.043925,219.625,-3,71933.18724060204,96417.20199203637,0.6356191953459571,0.2539382417823803,policy_rebalance
2026-09-11,2026-09-11T10:55:00-04:00,2026-09-11T10:55:00-04:00,SMCI,1,buy,40.22999954223633,40.238045542144775,0.008045999908447265,0.0,0.008045999908447265,40.22999954223633,-440,71892.94919505989,96417.19394603645,0.6352019991623308,0.25435551219943703,policy_rebalance
2026-09-11,2026-09-11T10:55:00-04:00,2026-09-11T10:55:00-04:00,MSTR,217,buy,136.07000732421875,136.0972213256836,5.905438317871094,0.0,5.905438317871094,29527.19158935547,282,42359.85216738655,96411.28850771858,0.94150371126129,0.5606338964757714,policy_rebalance
2026-09-11,2026-09-11T11:00:00-04:00,2026-09-11T11:00:00-04:00,MSTR,-282,sell,136.25,136.22275,7.6845,0.0,7.6845,38422.5,0,80774.66766738654,96495.78752517463,0.54216895178047,0.16292027103967235,policy_rebalance
2026-09-11,2026-09-11T11:00:00-04:00,2026-09-11T11:00:00-04:00,NVDA,3,buy,219.4499969482422,219.49388694763184,0.1316699981689453,0.0,0.1316699981689453,658.3499908447266,0,80116.18600654365,96495.65585517646,0.5353471047488503,0.16974308017778134,policy_rebalance
2026-09-11,2026-09-11T11:00:00-04:00,2026-09-11T11:00:00-04:00,TSLA,109,buy,364.79998779296875,364.87294779052735,7.952639733886719,0.0,7.952639733886719,39763.198669433594,109,40345.03469737617,96487.70321544257,0.9474976147811544,0.5818634566594278,policy_rebalance
2026-09-11,2026-09-11T11:05:00-04:00,2026-09-11T11:05:00-04:00,MSFT,-1,sell,493.0,492.9014,0.0986,0.0,0.0986,493.0,68,40837.93609737617,96571.85257076484,0.94152085285677,0.5771238201374319,policy_rebalance
2026-09-11,2026-09-11T11:05:00-04:00,2026-09-11T11:05:00-04:00,TSLA,-1,sell,365.18499755859375,365.11196055908204,0.07303699951171876,0.0,0.07303699951171876,365.18499755859375,108,41203.04805793525,96571.77953376534,0.9377400772154464,0.5733427689035281,policy_rebalance
2026-09-11,2026-09-11T11:05:00-04:00,2026-09-11T11:05:00-04:00,SMCI,1,buy,39.989200592041016,39.99719843215942,0.007997840118408202,0.0,0.007997840118408202,39.989200592041016,-439,41163.05085950309,96571.77153592522,0.9373260669921591,0.5737569042710351,policy_rebalance
2026-09-11,2026-09-11T11:10:00-04:00,2026-09-11T11:10:00-04:00,MSFT,-1,sell,494.1630859375,494.0642533203125,0.0988326171875,0.0,0.0988326171875,494.1630859375,67,41657.115112823405,96815.60582022087,0.9303475344539585,0.5697272690708824,policy_rebalance
2026-09-11,2026-09-11T11:10:00-04:00,2026-09-11T11:10:00-04:00,TSLA,-1,sell,365.79998779296875,365.72682779541014,0.07315999755859375,0.0,0.07315999755859375,365.79998779296875,107,42022.84194061882,96815.53266022331,0.9265699182644863,0.5659493803737145,policy_rebalance
2026-09-11,2026-09-11T11:10:00-04:00,2026-09-11T11:10:00-04:00,SMCI,1,buy,39.76499938964844,39.77295238952637,0.007952999877929688,0.0,0.007952999877929688,39.76499938964844,-438,41983.06898822929,96815.52470722343,0.9261592648026636,0.5663601564399008,policy_rebalance
2026-09-11,2026-09-11T11:15:00-04:00,2026-09-11T11:15:00-04:00,MSFT,-1,sell,494.489990234375,494.3910922363281,0.098897998046875,0.0,0.098897998046875,494.489990234375,66,42477.46008046562,96991.43999226982,0.9178541974415511,0.562049392360284,policy_rebalance
2026-09-11,2026-09-11T11:15:00-04:00,2026-09-11T11:15:00-04:00,SMCI,1,buy,39.39500045776367,39.40287945785522,0.007879000091552735,0.0,0.007879000091552735,39.39500045776367,-437,42438.05720100777,96991.43211326972,0.9174481021006919,0.5624556079196024,policy_rebalance
2026-09-11,2026-09-11T11:15:00-04:00,2026-09-11T11:15:00-04:00,TSLA,7,buy,365.7257080078125,365.7988531494141,0.5120159912109375,0.0,0.5120159912109375,2560.0799560546875,114,39877.46522896187,96990.92009727852,0.9438479929521852,0.5888536247623369,policy_rebalance
2026-09-11,2026-09-11T11:20:00-04:00,2026-09-11T11:20:00-04:00,MSFT,-1,sell,495.19500732421875,495.0959683227539,0.09903900146484375,0.0,0.09903900146484375,495.19500732421875,65,40372.56119728462,97206.18222999947,0.9386992569753898,0.5846708483853512,policy_rebalance
2026-09-11,2026-09-11T11:20:00-04:00,2026-09-11T11:20:00-04:00,TSLA,-114,sell,367.1300048828125,367.05657888183595,8.370564111328125,0.0,8.370564111328125,41852.820556640625,0,82217.01118981393,97197.81166588815,0.508185828770149,0.1541269316594272,policy_rebalance
2026-09-11,2026-09-11T11:20:00-04:00,2026-09-11T11:20:00-04:00,SMCI,437,buy,39.375,39.382875,3.441375,0.0,3.441375,17206.875,0,65006.694814813934,97194.37029088815,0.3311681055162078,0.3311681055162078,policy_rebalance
2026-09-11,2026-09-11T11:20:00-04:00,2026-09-11T11:20:00-04:00,AMD,41,buy,513.8599853515625,513.9627573486327,4.213651879882812,0.0,4.213651879882812,21068.259399414062,41,43934.22176351999,97190.15663900827,0.5479560556044362,0.5479560556044362,policy_rebalance
2026-09-11,2026-09-11T11:20:00-04:00,2026-09-11T11:20:00-04:00,AVGO,-104,sell,365.93499755859375,365.861810559082,7.61144794921875,0.0,7.61144794921875,38057.23974609375,-104,81983.85006166453,97182.54519105906,0.9396046835577525,0.15639326073951018,policy_rebalance
2026-09-11,2026-09-11T11:25:00-04:00,2026-09-11T11:25:00-04:00,AMD,-41,sell,515.6699829101562,515.5668489135742,4.228493859863281,0.0,4.228493859863281,21142.469299316406,0,103122.09086712108,97347.36137493358,0.7213572972124681,-0.0593208630478038,policy_rebalance
2026-09-11,2026-09-11T11:25:00-04:00,2026-09-11T11:25:00-04:00,AVGO,18,buy,365.3699951171875,365.44306911621095,1.315331982421875,0.0,1.315331982421875,6576.659912109375,-86,96544.11562302928,97346.04604295116,0.6538074443413586,0.008237935206613797,policy_rebalance
2026-09-11,2026-09-11T11:25:00-04:00,2026-09-11T11:25:00-04:00,SNDK,1,buy,1640.7099609375,1641.0381029296875,0.3281419921875,0.0,0.3281419921875,1640.7099609375,1,94903.0775200996,97345.71790095897,0.6706641129036501,0.02509242762321148,policy_rebalance
2026-09-11,2026-09-11T11:25:00-04:00,2026-09-11T11:25:00-04:00,PLTR,72,buy,166.6699981689453,166.7033321685791,2.4000479736328124,0.0,2.4000479736328124,12000.239868164062,72,82900.43760396191,97343.31785298535,0.7939581382042388,0.1483705360324381,policy_rebalance
2026-09-11,2026-09-11T11:30:00-04:00,2026-09-11T11:30:00-04:00,MSFT,-1,sell,496.6600036621094,496.56067166137694,0.09933200073242188,0.0,0.09933200073242188,496.6600036621094,64,83396.9982756233,97362.2542570686,0.789763692805331,0.14343603779522618,policy_rebalance
2026-09-11,2026-09-11T11:30:00-04:00,2026-09-11T11:30:00-04:00,SNDK,-1,sell,1642.0150146484375,1641.6866116455078,0.3284030029296875,0.0,0.3284030029296875,1642.0150146484375,0,85038.6848872688,97361.92585406567,0.77290129367468,0.12657145859324923,policy_rebalance
2026-09-11,2026-09-11T11:30:00-04:00,2026-09-11T11:30:00-04:00,PLTR,-72,sell,166.67999267578125,166.64665667724609,2.40019189453125,0.0,2.40019189453125,12000.95947265625,0,97037.24416803052,97359.52566217115,0.6496559894311925,0.0033102204632643032,policy_rebalance
2026-09-11,2026-09-11T11:30:00-04:00,2026-09-11T11:30:00-04:00,AVGO,20,buy,365.8599853515625,365.9331573486328,1.46343994140625,0.0,1.46343994140625,7317.19970703125,-66,89718.58102105786,97358.06222222974,0.5745081402699381,0.07846788470105308,policy_rebalance
2026-09-11,2026-09-11T11:30:00-04:00,2026-09-11T11:30:00-04:00,TSLA,50,buy,366.2300109863281,366.3032569885254,3.6623001098632812,0.0,3.6623001098632812,18311.500549316406,50,71403.4181716316,97354.39992211988,0.7626208972197204,0.266561981494911,policy_rebalance
2026-09-11,2026-09-11T11:30:00-04:00,2026-09-11T11:30:00-04:00,MARA,1305,buy,12.305000305175781,12.307461305236815,3.211605079650879,0.0,3.211605079650879,16058.025398254395,1305,55342.18116829755,97351.18831704023,0.9275955104016176,0.4315202297473083,policy_rebalance
2026-09-11,2026-09-11T11:35:00-04:00,2026-09-11T11:35:00-04:00,MARA,-1305,sell,12.300100326538086,12.297640306472779,3.2103261852264406,0.0,3.2103261852264406,16051.630926132202,0,71390.60176824452,97316.03237127187,0.7628964033714796,0.26640451702879586,policy_rebalance
2026-09-11,2026-09-11T11:35:00-04:00,2026-09-11T11:35:00-04:00,AVGO,57,buy,366.0350036621094,366.10821066284177,4.172799041748047,0.0,4.172799041748047,20863.995208740234,-9,50522.43376046255,97311.85957223013,0.5485256998718174,0.4808193576553527,policy_rebalance
2026-09-11,2026-09-11T11:35:00-04:00,2026-09-11T11:35:00-04:00,TSLA,105,buy,365.95001220703125,366.02320220947263,7.684950256347657,0.0,7.684950256347657,38424.75128173828,155,12089.997528467924,97304.17462197378,0.9434621640446287,0.8757504744741168,policy_rebalance
2026-09-11,2026-09-11T11:45:00-04:00,2026-09-11T11:45:00-04:00,MSFT,-1,sell,496.6000061035156,496.50068610229494,0.09932000122070313,0.0,0.09932000122070313,496.6000061035156,63,12586.49821457022,97226.38044723624,0.9382353009640368,0.8705444123634656,policy_rebalance
2026-09-11,2026-09-11T11:45:00-04:00,2026-09-11T11:45:00-04:00,TSLA,-1,sell,365.45001220703125,365.37692220458985,0.07309000244140625,0.0,0.07309000244140625,365.45001220703125,154,12951.87513677481,97226.30735723379,0.9344772498097944,0.86678631032251,policy_rebalance
2026-09-11,2026-09-11T11:45:00-04:00,2026-09-11T11:45:00-04:00,AVGO,9,buy,365.6300048828125,365.7031308837891,0.6581340087890625,0.0,0.6581340087890625,3290.6700439453125,0,9660.546958820709,97225.649223225,0.9006378765685524,0.9006378765685524,policy_rebalance
2026-09-11,2026-09-11T11:45:00-04:00,2026-09-11T11:45:00-04:00,SMCI,-99,sell,39.625,39.617075,0.784575,0.0,0.784575,3922.875,-99,13582.63738382071,97224.864648225,0.9409936192292201,0.8602966696537471,policy_rebalance
2026-09-11,2026-09-11T11:50:00-04:00,2026-09-11T11:50:00-04:00,TSLA,-154,sell,364.3699951171875,364.29712111816406,11.222595849609375,0.0,11.222595849609375,56112.979248046875,0,69684.39403601797,97023.24449607046,0.36248788103983565,0.2817762960004882,policy_rebalance
2026-09-11,2026-09-11T11:55:00-04:00,2026-09-11T11:55:00-04:00,MSFT,-63,sell,495.3500061035156,495.25093610229493,6.241410076904297,0.0,6.241410076904297,31207.050384521484,0,100885.20301046254,96965.79299535634,0.04042054310115218,-0.04042054310115218,policy_rebalance
2026-09-11,2026-09-11T11:55:00-04:00,2026-09-11T11:55:00-04:00,SNDK,7,buy,1638.1700439453125,1638.4976779541016,2.2934380615234375,0.0,2.2934380615234375,11467.190307617188,7,89415.71926478384,96963.49955729482,0.15868445748115342,0.07784145917764729,policy_rebalance
2026-09-11,2026-09-11T12:00:00-04:00,2026-09-11T12:00:00-04:00,SNDK,-7,sell,1640.550048828125,1640.2219388183594,2.296770068359375,0.0,2.296770068359375,11483.850341796875,0,100897.27283651236,96974.39783651236,0.040452687384700384,-0.040452687384700384,policy_rebalance
2026-09-11,2026-09-11T12:00:00-04:00,2026-09-11T12:00:00-04:00,GOOGL,198,buy,341.3599853515625,341.4282573486328,13.517855419921874,0.0,13.517855419921874,67589.27709960938,198,33294.477881483064,96960.87998109244,0.7375361291435719,0.6566194749060079,policy_rebalance
2026-09-11,2026-09-11T12:00:00-04:00,2026-09-11T12:00:00-04:00,SMCI,-358,sell,39.625,39.617075,2.83715,0.0,2.83715,14185.75,-457,47477.390731483065,96958.04283109243,0.8838658413196417,0.5103305579899965,policy_rebalance
2026-09-11,2026-09-11T12:00:00-04:00,2026-09-11T12:00:00-04:00,INTC,25,buy,103.45989990234375,103.48059188232422,0.5172994995117187,0.0,0.5172994995117187,2586.4974975585938,25,44890.375934424956,96957.52553159292,0.9105471608637653,0.5370098846035655,policy_rebalance
2026-09-11,2026-09-11T12:05:00-04:00,2026-09-11T12:05:00-04:00,GOOGL,-1,sell,341.6600036621094,341.59167166137695,0.06833200073242188,0.0,0.06833200073242188,341.6600036621094,197,45231.967606086335,96994.29909564933,0.9074833329037084,0.5336636479894392,policy_rebalance
2026-09-11,2026-09-11T12:05:00-04:00,2026-09-11T12:05:00-04:00,INTC,-1,sell,103.37999725341797,103.35932125396728,0.020675999450683595,0.0,0.020675999450683595,103.37999725341797,24,45335.326927340306,96994.27841964987,0.9064176903131081,0.5325979257127407,policy_rebalance
2026-09-11,2026-09-11T12:05:00-04:00,2026-09-11T12:05:00-04:00,SMCI,1,buy,39.66999816894531,39.6779321685791,0.007933999633789062,0.0,0.007933999633789062,39.66999816894531,-456,45295.64899517172,96994.27048565024,0.9060087712454897,0.5330069624898828,policy_rebalance
2026-09-11,2026-09-11T12:05:00-04:00,2026-09-11T12:05:00-04:00,COIN,-21,sell,178.06500244140625,178.02938944091798,0.7478730102539063,0.0,0.7478730102539063,3739.3650512695312,-21,49034.266173431,96993.52261264,0.9445684866783757,0.4944583426538942,policy_rebalance
2026-09-11,2026-09-11T12:10:00-04:00,2026-09-11T12:10:00-04:00,INTC,-24,sell,103.30000305175781,103.27934305114746,0.4958400146484375,0.0,0.4958400146484375,2479.2000732421875,0,51512.97040665854,97016.83019364584,0.91825864069132,0.4690305764078406,policy_rebalance
2026-09-11,2026-09-11T12:10:00-04:00,2026-09-11T12:10:00-04:00,COIN,21,buy,178.38999938964844,178.42567738952636,0.7492379974365234,0.0,0.7492379974365234,3746.189987182617,0,47766.03118147849,97016.08095564842,0.8796516184737371,0.5076483124141546,policy_rebalance
2026-09-11,2026-09-11T12:10:00-04:00,2026-09-11T12:10:00-04:00,SMCI,121,buy,39.57270050048828,39.58061504058838,0.9576593521118164,0.0,0.9576593521118164,4788.296760559082,-335,42976.77676156729,97015.1232962963,0.830304112731374,0.5570095125240335,policy_rebalance
2026-09-11,2026-09-11T12:10:00-04:00,2026-09-11T12:10:00-04:00,SOXX,8,buy,529.6799926757812,529.7859286743164,0.84748798828125,0.0,0.84748798828125,4237.43994140625,8,38738.48933217276,97014.27580830801,0.8739898855607525,0.600692897932705,policy_rebalance
2026-09-11,2026-09-11T12:10:00-04:00,2026-09-11T12:10:00-04:00,MSTR,53,buy,134.3699951171875,134.39686911621092,1.4243219482421876,0.0,1.4243219482421876,7121.6097412109375,53,31615.45526901358,97012.85148635977,0.9474116485030466,0.6741106483870462,policy_rebalance
2026-09-11,2026-09-11T12:15:00-04:00,2026-09-11T12:15:00-04:00,GOOGL,-197,sell,341.5299987792969,341.461692779541,13.456281951904296,0.0,13.456281951904296,67281.40975952148,0,98883.40874658315,96963.48376260488,0.253206392125503,-0.019800495088221175,policy_rebalance
2026-09-11,2026-09-11T12:15:00-04:00,2026-09-11T12:15:00-04:00,MSTR,-27,sell,133.6280059814453,133.60128038024902,0.7215912322998047,0.0,0.7215912322998047,3607.9561614990234,26,102490.64331684988,96962.76217137258,0.21599856750093113,-0.057010351414157154,policy_rebalance
2026-09-11,2026-09-11T12:15:00-04:00,2026-09-11T12:15:00-04:00,SMCI,335,buy,39.5099983215332,39.51790032119751,2.6471698875427245,0.0,2.6471698875427245,13235.849437713623,0,89252.14670924871,96960.11500148504,0.07949627836268834,0.07949627836268834,policy_rebalance
2026-09-11,2026-09-11T12:15:00-04:00,2026-09-11T12:15:00-04:00,PLTR,80,buy,166.63499450683594,166.6683215057373,2.666159912109375,0.0,2.666159912109375,13330.799560546875,80,75918.68098878973,96957.44884157293,0.21698970119521446,0.21698970119521446,policy_rebalance
2026-09-11,2026-09-11T12:20:00-04:00,2026-09-11T12:20:00-04:00,PLTR,-80,sell,166.84500122070312,166.811632220459,2.66952001953125,0.0,2.66952001953125,13347.60009765625,0,89263.61156642644,96956.09127223698,0.07933982903881007,0.07933982903881007,policy_rebalance
2026-09-11,2026-09-11T12:20:00-04:00,2026-09-11T12:20:00-04:00,MSTR,-26,sell,133.1999969482422,133.17335694885253,0.6926399841308594,0.0,0.6926399841308594,3463.199920654297,0,92726.1188470966,96955.39863225285,0.04362087975315025,0.04362087975315025,policy_rebalance
2026-09-11,2026-09-11T12:20:00-04:00,2026-09-11T12:20:00-04:00,COIN,-82,sell,177.36410522460938,177.32863240356446,2.9087713256835936,0.0,2.9087713256835936,14543.856628417969,-82,107267.06670418888,96952.48986092716,0.19363232899436844,-0.10638795205834727,policy_rebalance
2026-09-11,2026-09-11T12:20:00-04:00,2026-09-11T12:20:00-04:00,SMCI,-132,sell,39.46950149536133,39.461607595062254,1.0419948394775391,0.0,1.0419948394775391,5209.974197387695,-132,112475.9989067371,96951.44786608769,0.24737238214418542,-0.16012706754098607,policy_rebalance
2026-09-11,2026-09-11T12:20:00-04:00,2026-09-11T12:20:00-04:00,INTC,208,buy,103.25,103.27065,4.2952,0.0,4.2952,21476.0,208,90995.70370673711,96947.1526660877,0.4689060932767714,0.06138858951174143,policy_rebalance
2026-09-11,2026-09-11T12:20:00-04:00,2026-09-11T12:20:00-04:00,UBER,650,buy,71.58000183105469,71.5943178314209,9.305400238037109,0.0,9.305400238037109,46527.00119018555,650,44459.39711631353,96937.84726584966,0.9489184502816306,0.5413618274977293,policy_rebalance
2026-09-11,2026-09-11T12:25:00-04:00,2026-09-11T12:25:00-04:00,SOXX,-3,sell,528.1849975585938,528.079360559082,0.31691099853515625,0.0,0.31691099853515625,1584.5549926757812,5,46043.63519799078,96952.81865441168,0.9318811326023669,0.5250923507225373,policy_rebalance
2026-09-11,2026-09-11T12:25:00-04:00,2026-09-11T12:25:00-04:00,INTC,-1,sell,103.23999786376953,103.21934986419679,0.020647999572753907,0.0,0.020647999572753907,103.23999786376953,207,46146.85454785497,96952.79800641211,0.9308164830150933,0.5240276145016156,policy_rebalance
2026-09-11,2026-09-11T12:25:00-04:00,2026-09-11T12:25:00-04:00,UBER,-1,sell,71.55999755859375,71.54568555908203,0.01431199951171875,0.0,0.01431199951171875,71.55999755859375,649,46218.40023341405,96952.78369441259,0.9300785292092588,0.5232896006463233,policy_rebalance
2026-09-11,2026-09-11T12:25:00-04:00,2026-09-11T12:25:00-04:00,COIN,24,buy,177.17999267578125,177.2154286743164,0.85046396484375,0.0,0.85046396484375,4252.31982421875,-58,41965.22994523046,96951.93323044774,0.8862266050208097,0.5671542738040908,policy_rebalance
2026-09-11,2026-09-11T12:25:00-04:00,2026-09-11T12:25:00-04:00,SMCI,-137,sell,39.32500076293945,39.31713576278687,1.077505020904541,0.0,1.077505020904541,5387.525104522705,-269,47351.67754473226,96950.85572542684,0.9418061043230119,0.5115909272751931,policy_rebalance
2026-09-11,2026-09-11T12:30:00-04:00,2026-09-11T12:30:00-04:00,INTC,-207,sell,102.36000061035156,102.3395286102295,4.237704025268554,0.0,4.237704025268554,21188.520126342773,0,68535.95996704977,96758.71153870504,0.7230427228559276,0.2916817630458599,policy_rebalance
2026-09-11,2026-09-11T12:30:00-04:00,2026-09-11T12:30:00-04:00,UBER,-485,sell,71.57830047607422,71.56398481597901,6.943095146179199,0.0,6.943095146179199,34715.475730895996,164,103244.49260279958,96751.76844355886,0.36428488168297635,-0.06710703342883412,policy_rebalance
2026-09-11,2026-09-11T12:30:00-04:00,2026-09-11T12:30:00-04:00,COIN,34,buy,177.65499877929688,177.69052977905272,1.2080539916992188,0.0,1.2080539916992188,6040.269958496094,-24,97203.0145903118,96750.56038956717,0.301858061017843,-0.004676502119706772,policy_rebalance
2026-09-11,2026-09-11T12:30:00-04:00,2026-09-11T12:30:00-04:00,SMCI,143,buy,39.275001525878906,39.282856526184084,1.1232650436401368,0.0,1.1232650436401368,5616.325218200684,-126,91585.56610706747,96749.43712452352,0.24381135481980676,0.053373654368756476,policy_rebalance
2026-09-11,2026-09-11T12:30:00-04:00,2026-09-11T12:30:00-04:00,MARA,1074,buy,12.28499984741211,12.287456847381591,2.638817967224121,0.0,2.638817967224121,13194.089836120605,1074,78388.83745297964,96746.7983065563,0.3801955395252777,0.1897526447894099,policy_rebalance
2026-09-11,2026-09-11T12:35:00-04:00,2026-09-11T12:35:00-04:00,SOXX,-1,sell,528.1099243164062,528.0043023315429,0.10562198486328125,0.0,0.10562198486328125,528.1099243164062,4,78916.84175531118,96780.09871331899,0.374576838645142,0.18457572574835004,policy_rebalance
2026-09-11,2026-09-11T12:35:00-04:00,2026-09-11T12:35:00-04:00,MARA,-1074,sell,12.270000457763672,12.26754645767212,2.6355960983276367,0.0,2.6355960983276367,13177.980491638184,0,92092.18665085104,96777.46311722067,0.23841917513599178,0.048412887830037846,policy_rebalance
2026-09-11,2026-09-11T12:35:00-04:00,2026-09-11T12:35:00-04:00,COIN,24,buy,177.5500030517578,177.58551305236816,0.8522400146484375,0.0,0.8522400146484375,4261.2000732421875,0,87830.13433759421,96776.61087720603,0.19438997382114725,0.0924446150626566,policy_rebalance
2026-09-11,2026-09-11T12:35:00-04:00,2026-09-11T12:35:00-04:00,AMD,40,buy,512.4000244140625,512.5025044189453,4.0992001953125,0.0,4.0992001953125,20496.0009765625,40,67330.0341608364,96772.51167701071,0.4061938989728634,0.3042442218968331,policy_rebalance
2026-09-11,2026-09-11T12:35:00-04:00,2026-09-11T12:35:00-04:00,MARA,-340,sell,12.270000457763672,12.26754645767212,0.8343600311279297,0.0,0.8343600311279297,4171.800155639648,-340,71500.99995644492,96771.67731697959,0.44930712366078346,0.26113712256696275,policy_rebalance
2026-09-11,2026-09-11T12:40:00-04:00,2026-09-11T12:40:00-04:00,SOXX,-1,sell,527.219970703125,527.1145267089844,0.105443994140625,0.0,0.105443994140625,527.219970703125,3,72028.11448315391,96763.01481655845,0.4429628444869047,0.25562349809270113,policy_rebalance
2026-09-11,2026-09-11T12:40:00-04:00,2026-09-11T12:40:00-04:00,AMD,-1,sell,511.6600036621094,511.55767166137696,0.10233200073242188,0.0,0.10233200073242188,511.6600036621094,39,72539.67215481529,96762.91248455772,0.43767554317226487,0.2503359986565947,policy_rebalance
2026-09-11,2026-09-11T12:40:00-04:00,2026-09-11T12:40:00-04:00,MARA,216,buy,12.220000267028809,12.222444267082214,0.5279040115356445,0.0,0.5279040115356445,2639.5200576782227,-124,69899.62419312552,96762.38458054618,0.4103995617209577,0.2776157336744814,policy_rebalance
2026-09-11,2026-09-11T12:40:00-04:00,2026-09-11T12:40:00-04:00,SMCI,126,buy,38.959999084472656,38.96779108428955,0.9817919769287109,0.0,0.9817919769287109,4908.959884643555,0,64989.68251650504,96761.40278856925,0.359671101651274,0.32835117470845004,policy_rebalance
2026-09-11,2026-09-11T12:45:00-04:00,2026-09-11T12:45:00-04:00,SOXX,-3,sell,528.5700073242188,528.464293322754,0.3171420043945313,0.0,0.3171420043945313,1585.7100219726562,0,66575.0753964733,96822.16668980826,0.3436858776129776,0.3123984137871895,policy_rebalance
2026-09-11,2026-09-11T12:45:00-04:00,2026-09-11T12:45:00-04:00,AMD,-39,sell,512.77001953125,512.6674655273438,3.99960615234375,0.0,3.99960615234375,19998.03076171875,0,86569.10655203971,96818.16708365592,0.13714761360835098,0.10585885728202736,policy_rebalance
2026-09-11,2026-09-11T12:45:00-04:00,2026-09-11T12:45:00-04:00,MARA,124,buy,12.21500015258789,12.217443152618408,0.30293200378417967,0.0,0.30293200378417967,1514.6600189208984,0,85054.14360111502,96817.86415165213,0.12150361561489136,0.12150361561489136,policy_rebalance
2026-09-11,2026-09-11T12:50:00-04:00,2026-09-11T12:50:00-04:00,AMD,29,buy,511.94500732421875,512.0473963256836,2.9692810424804685,0.0,2.9692810424804685,14846.405212402344,29,70204.7691076702,96796.854770512,0.2747205549796723,0.2747205549796723,policy_rebalance
2026-09-11,2026-09-11T12:50:00-04:00,2026-09-11T12:50:00-04:00,GOOGL,6,buy,340.4549865722656,340.5230775695801,0.40854598388671876,0.0,0.40854598388671876,2042.7299194335938,6,68161.63064225273,96796.44622452812,0.2958250710553396,0.2958250710553396,policy_rebalance
2026-09-11,2026-09-11T12:55:00-04:00,2026-09-11T12:55:00-04:00,AMD,-29,sell,513.2938842773438,513.1912255004883,2.9771045288085936,0.0,2.9771045288085936,14885.522644042969,0,83044.17618176689,96843.8963050579,0.14249447461120265,0.14249447461120265,policy_rebalance
2026-09-11,2026-09-11T12:55:00-04:00,2026-09-11T12:55:00-04:00,GOOGL,-1,sell,340.70001220703125,340.63187220458985,0.06814000244140625,0.0,0.06814000244140625,340.70001220703125,5,83384.80805397147,96843.82816505546,0.138976539507971,0.138976539507971,policy_rebalance
2026-09-11,2026-09-11T12:55:00-04:00,2026-09-11T12:55:00-04:00,UBER,-164,sell,71.68000030517578,71.66566430511475,2.3511040100097658,0.0,2.3511040100097658,11755.520050048828,0,95137.97700001029,96841.47706104544,0.01759060386864329,0.01759060386864329,policy_rebalance
2026-09-11,2026-09-11T12:55:00-04:00,2026-09-11T12:55:00-04:00,MSTR,37,buy,133.3000030517578,133.32666305236816,0.9864200225830078,0.0,0.9864200225830078,4932.100112915039,37,90204.89046707266,96840.49064102286,0.06852092683573488,0.06852092683573488,policy_rebalance
2026-09-11,2026-09-11T13:00:00-04:00,2026-09-11T13:00:00-04:00,GOOGL,193,buy,340.739990234375,340.80813823242187,13.152563623046875,0.0,13.152563623046875,65762.81811523438,198,24428.919788215237,96836.12176880606,0.7477292631923168,0.7477292631923168,policy_rebalance
2026-09-11,2026-09-11T13:00:00-04:00,2026-09-11T13:00:00-04:00,MSTR,97,buy,133.53199768066406,133.5587040802002,2.5905207550048828,0.0,2.5905207550048828,12952.603775024414,134,11473.725492435819,96833.53124805105,0.8815108222889811,0.8815108222889811,policy_rebalance
2026-09-11,2026-09-11T13:05:00-04:00,2026-09-11T13:05:00-04:00,GOOGL,-1,sell,341.0199890136719,340.9517850158691,0.06820399780273438,0.0,0.06820399780273438,341.0199890136719,197,11814.677277451688,96911.4147042095,0.8780878670122386,0.8780878670122386,policy_rebalance
2026-09-11,2026-09-11T13:05:00-04:00,2026-09-11T13:05:00-04:00,MSTR,-1,sell,133.6999969482422,133.67325694885255,0.02673999938964844,0.0,0.02673999938964844,133.6999969482422,133,11948.35053440054,96911.38796421011,0.8767084985016093,0.8767084985016093,policy_rebalance
2026-09-11,2026-09-11T13:05:00-04:00,2026-09-11T13:05:00-04:00,TSLA,18,buy,364.7449951171875,364.8179441162109,1.313081982421875,0.0,1.313081982421875,6565.409912109375,18,5381.627540308744,96910.0748822277,0.9444678218766325,0.9444678218766325,policy_rebalance
2026-09-11,2026-09-11T13:10:00-04:00,2026-09-11T13:10:00-04:00,TSLA,-1,sell,365.2799987792969,365.206942779541,0.07305599975585937,0.0,0.07305599975585937,365.2799987792969,17,5746.834483088285,96939.90075200918,0.9407175534686198,0.9407175534686198,policy_rebalance
2026-09-11,2026-09-11T13:10:00-04:00,2026-09-11T13:10:00-04:00,GOOGL,-1,sell,341.1600036621094,341.091771661377,0.06823200073242187,0.0,0.06823200073242187,341.1600036621094,196,6087.926254749662,96939.83252000845,0.9371989192008031,0.9371989192008031,policy_rebalance
2026-09-11,2026-09-11T13:10:00-04:00,2026-09-11T13:10:00-04:00,MSTR,-1,sell,133.64500427246094,133.61827527160645,0.026729000854492188,0.0,0.026729000854492188,133.64500427246094,132,6221.544530021269,96939.8057910076,0.9358205385367256,0.9358205385367256,policy_rebalance
2026-09-11,2026-09-11T13:10:00-04:00,2026-09-11T13:10:00-04:00,PLTR,3,buy,166.73500061035156,166.76834761047363,0.10004100036621094,0.0,0.10004100036621094,500.2050018310547,3,5721.239487189848,96939.70575000723,0.9409814642728125,0.9409814642728125,policy_rebalance
2026-09-11,2026-09-11T13:15:00-04:00,2026-09-11T13:15:00-04:00,TSLA,-1,sell,365.375,365.301925,0.073075,0.0,0.073075,365.375,16,6086.5414121898475,96893.54107649649,0.937183208038763,0.937183208038763,policy_rebalance
2026-09-11,2026-09-11T13:15:00-04:00,2026-09-11T13:15:00-04:00,GOOGL,-1,sell,341.135009765625,341.0667827636719,0.068227001953125,0.0,0.068227001953125,341.135009765625,195,6427.608194953519,96893.47284949453,0.9336631456595887,0.9336631456595887,policy_rebalance
2026-09-11,2026-09-11T13:15:00-04:00,2026-09-11T13:15:00-04:00,MSTR,-1,sell,133.31979370117188,133.29312974243163,0.026663958740234375,0.0,0.026663958740234375,133.31979370117188,131,6560.901324695951,96893.4461855358,0.9322874602670974,0.9322874602670974,policy_rebalance
2026-09-11,2026-09-11T13:15:00-04:00,2026-09-11T13:15:00-04:00,PLTR,5,buy,166.77499389648438,166.80834889526366,0.16677499389648437,0.0,0.16677499389648437,833.8749694824219,8,5726.859580219633,96893.2794105419,0.9408951826684012,0.9408951826684012,policy_rebalance
2026-09-11,2026-09-11T13:20:00-04:00,2026-09-11T13:20:00-04:00,TSLA,-12,sell,365.5450134277344,365.4719044250488,0.8773080322265625,0.0,0.8773080322265625,4386.5401611328125,4,10112.52243332022,96934.35315231436,0.8956765882841322,0.8956765882841322,policy_rebalance
2026-09-11,2026-09-11T13:20:00-04:00,2026-09-11T13:20:00-04:00,GOOGL,-1,sell,341.2200012207031,341.151757220459,0.06824400024414062,0.0,0.06824400024414062,341.2200012207031,194,10453.67419054068,96934.28490831412,0.8921571020983097,0.8921571020983097,policy_rebalance
2026-09-11,2026-09-11T13:20:00-04:00,2026-09-11T13:20:00-04:00,PLTR,-8,sell,167.19500732421875,167.1615683227539,0.26751201171875,0.0,0.26751201171875,1337.56005859375,0,11790.966737122711,96934.0173963024,0.8783608989513264,0.8783608989513264,policy_rebalance
2026-09-11,2026-09-11T13:20:00-04:00,2026-09-11T13:20:00-04:00,MSTR,-1,sell,133.46710205078125,133.4404086303711,0.02669342041015625,0.0,0.02669342041015625,133.46710205078125,130,11924.407145753083,96933.99070288199,0.8769842543437288,0.8769842543437288,policy_rebalance
2026-09-11,2026-09-11T13:20:00-04:00,2026-09-11T13:20:00-04:00,MARA,-528,sell,12.199999809265137,12.197559809303284,1.2883199798583984,0.0,1.2883199798583984,6441.599899291992,-528,18364.718725065217,96932.70238290213,0.9434502619680588,0.8105415584874424,policy_rebalance
2026-09-11,2026-09-11T13:25:00-04:00,2026-09-11T13:25:00-04:00,TSLA,-1,sell,365.3399963378906,365.2669283386231,0.07306799926757812,0.0,0.07306799926757812,365.3399963378906,3,18729.98565340384,96993.26382112845,0.9395019293096518,0.8068939541209272,policy_rebalance
2026-09-11,2026-09-11T13:25:00-04:00,2026-09-11T13:25:00-04:00,GOOGL,-1,sell,341.3999938964844,341.3317138977051,0.06827999877929687,0.0,0.06827999877929687,341.3999938964844,193,19071.317367301544,96993.19554112967,0.9359827562088837,0.8033746876685344,policy_rebalance
2026-09-11,2026-09-11T13:25:00-04:00,2026-09-11T13:25:00-04:00,MSTR,-1,sell,133.58999633789062,133.56327833862304,0.026717999267578126,0.0,0.026717999267578126,133.58999633789062,129,19204.88064564017,96993.1688231304,0.9346057005835039,0.8019975955145793,policy_rebalance
2026-09-11,2026-09-11T13:25:00-04:00,2026-09-11T13:25:00-04:00,MARA,440,buy,12.180000305175781,12.182436305236816,1.0718400268554686,0.0,1.0718400268554686,5359.200134277344,-88,13844.60867133597,96992.09698310355,0.8793620410159461,0.8572604459335716,policy_rebalance
2026-09-11,2026-09-11T13:30:00-04:00,2026-09-11T13:30:00-04:00,MSTR,-1,sell,133.58999633789062,133.56327833862304,0.026717999267578126,0.0,0.026717999267578126,133.58999633789062,128,13978.171949674592,96859.81762533377,0.8779001223367711,0.855686575791997,policy_rebalance
2026-09-11,2026-09-11T13:30:00-04:00,2026-09-11T13:30:00-04:00,MARA,88,buy,12.225000381469727,12.227445381546021,0.21516000671386717,0.0,0.21516000671386717,1075.800033569336,0,12902.156756098542,96859.60246532706,0.8667952745241017,0.8667952745241017,policy_rebalance
2026-09-11,2026-09-11T13:30:00-04:00,2026-09-11T13:30:00-04:00,TSM,18,buy,433.0849914550781,433.1716084533691,1.5591059692382812,0.0,1.5591059692382812,7795.529846191406,18,5105.067803937898,96858.04335935782,0.9472933003096363,0.9472933003096363,policy_rebalance
2026-09-11,2026-09-11T13:35:00-04:00,2026-09-11T13:35:00-04:00,TSLA,-1,sell,366.1700134277344,366.09677942504885,0.07323400268554688,0.0,0.07323400268554688,366.1700134277344,2,5471.164583362947,96898.5019857067,0.9435371603147179,0.9435371603147179,policy_rebalance
2026-09-11,2026-09-11T13:35:00-04:00,2026-09-11T13:35:00-04:00,GOOGL,-1,sell,340.82501220703125,340.75684720458986,0.06816500244140625,0.0,0.06816500244140625,340.82501220703125,192,5811.921430567537,96898.43382070426,0.9400204812255107,0.9400204812255107,policy_rebalance
2026-09-11,2026-09-11T13:35:00-04:00,2026-09-11T13:35:00-04:00,MSTR,-1,sell,133.77999877929688,133.753242779541,0.026755999755859374,0.0,0.026755999755859374,133.77999877929688,127,5945.674673347078,96898.4070647045,0.9386401195493665,0.9386401195493665,policy_rebalance
2026-09-11,2026-09-11T13:35:00-04:00,2026-09-11T13:35:00-04:00,TSM,-1,sell,432.885009765625,432.7984327636719,0.086577001953125,0.0,0.086577001953125,432.885009765625,17,6378.47310611075,96898.32048770254,0.9341735432151247,0.9341735432151247,policy_rebalance
2026-09-11,2026-09-11T13:40:00-04:00,2026-09-11T13:40:00-04:00,TSLA,-1,sell,366.06500244140625,365.99178944091796,0.07321300048828125,0.0,0.07321300048828125,366.06500244140625,1,6744.464895551669,96802.86029655265,0.9303278345816414,0.9303278345816414,policy_rebalance
2026-09-11,2026-09-11T13:40:00-04:00,2026-09-11T13:40:00-04:00,MSTR,-1,sell,133.2613983154297,133.2347460357666,0.026652279663085938,0.0,0.026652279663085938,133.2613983154297,126,6877.6996415874355,96802.83364427298,0.9289514636848203,0.9289514636848203,policy_rebalance
2026-09-11,2026-09-11T13:40:00-04:00,2026-09-11T13:40:00-04:00,TSM,-17,sell,433.25,433.16335000000004,1.47305,0.0,1.47305,7365.25,0,14241.476591587436,96801.36059427298,0.8528793758253229,0.8528793758253229,policy_rebalance
2026-09-11,2026-09-11T13:40:00-04:00,2026-09-11T13:40:00-04:00,SNDK,-1,sell,1634.469970703125,1634.1430767089844,0.326893994140625,0.0,0.326893994140625,1634.469970703125,-1,15875.61966829642,96801.03370027884,0.8697670960216838,0.8359974159216991,policy_rebalance
2026-09-11,2026-09-11T13:45:00-04:00,2026-09-11T13:45:00-04:00,TSLA,-1,sell,365.3699951171875,365.29692111816405,0.0730739990234375,0.0,0.0730739990234375,365.3699951171875,0,16240.916589414584,96802.22359625052,0.8660228430217131,0.8322257900071249,policy_rebalance
2026-09-11,2026-09-11T13:45:00-04:00,2026-09-11T13:45:00-04:00,SNDK,1,buy,1635.81494140625,1636.1421043945313,0.32716298828125,0.0,0.32716298828125,1635.81494140625,0,14604.774485020052,96801.89643326224,0.8491271863140721,0.8491271863140721,policy_rebalance
2026-09-11,2026-09-11T13:50:00-04:00,2026-09-11T13:50:00-04:00,GOOGL,-1,sell,340.42999267578125,340.3619066772461,0.06808599853515625,0.0,0.06808599853515625,340.42999267578125,191,14945.136391697299,96792.0333033184,0.8455953875370761,0.8455953875370761,policy_rebalance
2026-09-11,2026-09-11T13:50:00-04:00,2026-09-11T13:50:00-04:00,MSTR,-1,sell,133.5299072265625,133.5032012451172,0.0267059814453125,0.0,0.0267059814453125,133.5299072265625,125,15078.639592942416,96792.00659733695,0.8442160657370101,0.8442160657370101,policy_rebalance
2026-09-11,2026-09-11T13:55:00-04:00,2026-09-11T13:55:00-04:00,GOOGL,-120,sell,340.239990234375,340.1719422363281,8.165759765625,0.0,8.165759765625,40828.798828125,71,55899.27266130179,96666.31257829398,0.4217295439295184,0.4217295439295184,policy_rebalance
2026-09-11,2026-09-11T13:55:00-04:00,2026-09-11T13:55:00-04:00,MSTR,-125,sell,132.8800048828125,132.85342888183595,3.3220001220703126,0.0,3.3220001220703126,16610.000610351562,0,72505.95127153129,96662.99057817191,0.24990991031986218,0.24990991031986218,policy_rebalance
2026-09-11,2026-09-11T13:55:00-04:00,2026-09-11T13:55:00-04:00,SOXX,127,buy,530.6799926757812,530.7861286743164,13.479271813964843,0.0,13.479271813964843,67396.35906982422,127,5096.112929893105,96649.51130635795,0.9472722328234073,0.9472722328234073,policy_rebalance
2026-09-11,2026-09-11T14:00:00-04:00,2026-09-11T14:00:00-04:00,SOXX,-74,sell,530.1799926757812,530.0739566772461,7.846663891601563,0.0,7.846663891601563,39233.31945800781,53,44321.58572400932,96576.03472913627,0.541070558049762,0.541070558049762,policy_rebalance
2026-09-11,2026-09-11T14:00:00-04:00,2026-09-11T14:00:00-04:00,GOOGL,-1,sell,340.2099914550781,340.14194945678713,0.06804199829101562,0.0,0.06804199829101562,340.2099914550781,70,44661.727673466106,96575.96668713799,0.5375482202715122,0.5375482202715122,policy_rebalance
2026-09-11,2026-09-11T14:00:00-04:00,2026-09-11T14:00:00-04:00,SMCI,-208,sell,39.51900100708008,39.51109720687866,1.6439904418945313,0.0,1.6439904418945313,8219.952209472656,-208,52880.03589249687,96574.3226966961,0.6226726685104857,0.4524420734632193,policy_rebalance
2026-09-11,2026-09-11T14:10:00-04:00,2026-09-11T14:10:00-04:00,SMCI,1,buy,39.88999938964844,39.89797738952637,0.007977999877929687,0.0,0.007977999877929687,39.88999938964844,-207,52840.13791510734,96468.99239203605,0.6234471070230466,0.452257802171576,policy_rebalance
2026-09-11,2026-09-11T14:10:00-04:00,2026-09-11T14:10:00-04:00,AMD,-60,sell,517.260498046875,517.1570459472656,6.2071259765625,0.0,6.2071259765625,31035.6298828125,-60,83869.56067194327,96462.78526605948,0.9452240452685442,0.13055008270165663,policy_rebalance
2026-09-11,2026-09-11T14:15:00-04:00,2026-09-11T14:15:00-04:00,GOOGL,-59,sell,339.4779968261719,339.41010122680666,4.005840362548828,0.0,4.005840362548828,20029.20181274414,11,103894.75664432487,96458.29256732902,0.7366756980232879,-0.07709512452550527,policy_rebalance
2026-09-11,2026-09-11T14:15:00-04:00,2026-09-11T14:15:00-04:00,AMD,1,buy,516.780029296875,516.8833853027344,0.103356005859375,0.0,0.103356005859375,516.780029296875,-59,103377.87325902213,96458.18921132316,0.7313189326344302,-0.07173765238884121,policy_rebalance
2026-09-11,2026-09-11T14:15:00-04:00,2026-09-11T14:15:00-04:00,MSTR,72,buy,131.2010040283203,131.22724422912597,1.8892944580078126,0.0,1.8892944580078126,9446.472290039062,72,93929.51167452507,96456.29991686516,0.8292685116146371,0.02619619708114353,policy_rebalance
2026-09-11,2026-09-11T14:15:00-04:00,2026-09-11T14:15:00-04:00,SMCI,-273,sell,39.810001373291016,39.802039373016356,2.1736260749816894,0.0,2.1736260749816894,10868.130374908447,-480,104795.46842335854,96454.12629079018,0.941963875852324,-0.0864798889725138,policy_rebalance
2026-09-11,2026-09-11T14:20:00-04:00,2026-09-11T14:20:00-04:00,SOXX,-3,sell,529.875,529.769025,0.317925,0.0,0.317925,1589.625,50,106384.77549835855,96411.5550088566,0.9272743373623589,-0.10344424471305114,policy_rebalance
2026-09-11,2026-09-11T14:20:00-04:00,2026-09-11T14:20:00-04:00,GOOGL,-1,sell,339.4200134277344,339.3521294250488,0.06788400268554687,0.0,0.06788400268554687,339.4200134277344,10,106724.1276277836,96411.48712485391,0.9237544552772018,-0.1069648525343739,policy_rebalance
2026-09-11,2026-09-11T14:20:00-04:00,2026-09-11T14:20:00-04:00,MSTR,-1,sell,131.75,131.72365,0.02635,0.0,0.02635,131.75,71,106855.8512777836,96411.46077485391,0.9223881689663064,-0.10833142054885034,policy_rebalance
2026-09-11,2026-09-11T14:20:00-04:00,2026-09-11T14:20:00-04:00,AMD,1,buy,517.2100219726562,517.3134639770508,0.10344200439453125,0.0,0.10344200439453125,517.2100219726562,-58,106338.53781380654,96411.35733284951,0.9170245414581246,-0.10296691962010805,policy_rebalance
2026-09-11,2026-09-11T14:20:00-04:00,2026-09-11T14:20:00-04:00,SMCI,1,buy,39.939998626708984,39.94798662643433,0.007987999725341796,0.0,0.007987999725341796,39.939998626708984,-479,106298.58982718011,96411.34934484979,0.9166103508705404,-0.10255266158515279,policy_rebalance
2026-09-11,2026-09-11T14:20:00-04:00,2026-09-11T14:20:00-04:00,SNDK,-1,sell,1634.81494140625,1634.4879784179689,0.32696298828125,0.0,0.32696298828125,1634.81494140625,-1,107933.07780559808,96411.0223818615,0.9335701817972301,-0.11950973176179386,policy_rebalance
2026-09-11,2026-09-11T14:25:00-04:00,2026-09-11T14:25:00-04:00,GOOGL,-1,sell,339.32000732421875,339.2521433227539,0.06786400146484375,0.0,0.06786400146484375,339.32000732421875,9,108272.32994892083,96335.7305112072,0.9303173380205151,-0.12390625341575606,policy_rebalance
2026-09-11,2026-09-11T14:25:00-04:00,2026-09-11T14:25:00-04:00,MSTR,-1,sell,131.32000732421875,131.2937433227539,0.02626400146484375,0.0,0.02626400146484375,131.32000732421875,70,108403.62369224358,96335.70424720574,0.9289544417351319,-0.12526943711409966,policy_rebalance
2026-09-11,2026-09-11T14:25:00-04:00,2026-09-11T14:25:00-04:00,AMD,1,buy,517.4299926757812,517.5334786743164,0.10348599853515625,0.0,0.10348599853515625,517.4299926757812,-57,107886.09021356926,96335.6007612072,0.923584320463141,-0.11989845250452061,policy_rebalance
2026-09-11,2026-09-11T14:25:00-04:00,2026-09-11T14:25:00-04:00,SNDK,1,buy,1632.7099609375,1633.0365029296875,0.3265419921875,0.0,0.3265419921875,1632.7099609375,0,106253.05371063958,96335.27421921502,0.9066392462408065,-0.10295065407564244,policy_rebalance
2026-09-11,2026-09-11T14:25:00-04:00,2026-09-11T14:25:00-04:00,SMCI,5,buy,39.95000076293945,39.95799076309204,0.039950000762939454,0.0,0.039950000762939454,199.75000381469727,-474,106053.26375682412,96335.23426921426,0.904566133686598,-0.10087720823361762,policy_rebalance
2026-09-11,2026-09-11T14:25:00-04:00,2026-09-11T14:25:00-04:00,SOXX,6,buy,529.3099975585938,529.4158595581055,0.6351719970703125,0.0,0.6351719970703125,3175.8599853515625,56,102876.76859947549,96334.59909721719,0.9375390693732213,-0.06791090183139906,policy_rebalance
2026-09-11,2026-09-11T14:30:00-04:00,2026-09-11T14:30:00-04:00,SOXX,-1,sell,529.52001953125,529.4141155273437,0.10590400390625,0.0,0.10590400390625,529.52001953125,55,103406.18271500283,96347.46713883095,0.9324791076619431,-0.07326311511646369,policy_rebalance
2026-09-11,2026-09-11T14:30:00-04:00,2026-09-11T14:30:00-04:00,MSTR,-1,sell,131.60000610351562,131.57368610229491,0.026320001220703125,0.0,0.026320001220703125,131.60000610351562,69,103537.75640110511,96347.44081882972,0.9311134723930243,-0.0746290251320318,policy_rebalance
2026-09-11,2026-09-11T14:30:00-04:00,2026-09-11T14:30:00-04:00,AMD,31,buy,518.0399780273438,518.1435860229492,3.211847863769531,0.0,3.211847863769531,16059.239318847656,-26,87475.30523439369,96344.22897096595,0.7644584594719173,0.09205454059158003,policy_rebalance
2026-09-11,2026-09-11T14:30:00-04:00,2026-09-11T14:30:00-04:00,GOOGL,45,buy,339.5600891113281,339.6280011291504,3.056040802001953,0.0,3.056040802001953,15280.204010009766,54,72192.04518358191,96341.17293016394,0.9230878363151015,0.2506625880929156,policy_rebalance
2026-09-11,2026-09-11T14:30:00-04:00,2026-09-11T14:30:00-04:00,SMCI,-35,sell,39.91999816894531,39.912014169311526,0.2794399871826172,0.0,0.2794399871826172,1397.199935913086,-509,73588.96567950782,96340.89349017676,0.9375931811685694,0.2361606477418523,policy_rebalance
2026-09-11,2026-09-11T14:35:00-04:00,2026-09-11T14:35:00-04:00,SOXX,-52,sell,530.02001953125,529.9140155273437,5.512208203125,0.0,5.512208203125,27561.041015625,3,101144.49448692969,96339.0735694187,0.6519743098471908,-0.049880289891394494,policy_rebalance
2026-09-11,2026-09-11T14:35:00-04:00,2026-09-11T14:35:00-04:00,GOOGL,-1,sell,339.30499267578125,339.2371316772461,0.06786099853515624,0.0,0.06786099853515624,339.30499267578125,53,101483.73161860694,96339.00570842017,0.6484527793253282,-0.05340231479820132,policy_rebalance
2026-09-11,2026-09-11T14:35:00-04:00,2026-09-11T14:35:00-04:00,AMD,1,buy,518.2100219726562,518.3136639770507,0.10364200439453125,0.0,0.10364200439453125,518.2100219726562,-25,100965.41795462988,96338.90206641577,0.6430744450915662,-0.04802334040535986,policy_rebalance
2026-09-11,2026-09-11T14:35:00-04:00,2026-09-11T14:35:00-04:00,SMCI,1,buy,39.95000076293945,39.95799076309204,0.00799000015258789,0.0,0.00799000015258789,39.95000076293945,-508,100925.45996386679,96338.89407641561,0.6426598164726582,-0.04760866243506103,policy_rebalance
2026-09-11,2026-09-11T14:40:00-04:00,2026-09-11T14:40:00-04:00,SOXX,-1,sell,529.6199951171875,529.5140711181641,0.1059239990234375,0.0,0.1059239990234375,529.6199951171875,2,101454.97403498495,96357.39911433065,0.6374552844798091,-0.05290278657901389,policy_rebalance
2026-09-11,2026-09-11T14:40:00-04:00,2026-09-11T14:40:00-04:00,SMCI,508,buy,39.9723014831543,39.980295943450926,4.061185830688476,0.0,4.061185830688476,20305.929153442383,0,81144.98369571188,96353.33792849997,0.4267377238267504,0.1578394123104859,policy_rebalance
2026-09-11,2026-09-11T14:40:00-04:00,2026-09-11T14:40:00-04:00,GOOGL,88,buy,339.3599853515625,339.4278573486328,5.9727357421875,0.0,5.9727357421875,29863.6787109375,141,51275.332249032195,96347.36519275777,0.7367226148805031,0.46780763390417607,policy_rebalance
2026-09-11,2026-09-11T14:45:00-04:00,2026-09-11T14:45:00-04:00,AMD,25,buy,517.9349975585938,518.0385845581054,2.589674987792969,0.0,2.589674987792969,12948.374938964844,0,38324.36763507956,96265.44337970846,0.6018886290907808,0.6018886290907808,policy_rebalance
2026-09-11,2026-09-11T14:45:00-04:00,2026-09-11T14:45:00-04:00,SMCI,-367,sell,39.900001525878906,39.89202152557373,2.9286601119995117,0.0,2.9286601119995117,14643.300559997559,-367,52964.73953496512,96262.51471959647,0.7540253494941186,0.44978853202364016,policy_rebalance
2026-09-11,2026-09-11T14:55:00-04:00,2026-09-11T14:55:00-04:00,MU,6,buy,974.2000122070312,974.3948522094727,1.1690400146484374,0.0,1.1690400146484374,5845.2000732421875,6,47118.370421708285,96201.0141022808,0.8144116112256079,0.5102092128507908,policy_rebalance
2026-09-11,2026-09-11T14:55:00-04:00,2026-09-11T14:55:00-04:00,SMCI,-324,sell,39.869998931884766,39.86202493209839,2.583575930786133,0.0,2.583575930786133,12917.879653930664,-691,60033.66649970817,96198.43052635001,0.9487171677453499,0.37593923132390233,policy_rebalance
2026-09-11,2026-09-11T15:00:00-04:00,2026-09-11T15:00:00-04:00,SOXX,-2,sell,528.9349975585938,528.8292105590821,0.2115739990234375,0.0,0.2115739990234375,1057.8699951171875,0,61091.32492082633,96222.73369234122,0.9377383476121461,0.36510507884594795,policy_rebalance
2026-09-11,2026-09-11T15:00:00-04:00,2026-09-11T15:00:00-04:00,MU,-1,sell,974.6900024414062,974.495064440918,0.19493800048828125,0.0,0.19493800048828125,974.6900024414062,5,62065.81998526725,96222.53875434073,0.9276107079321031,0.3549762790636475,policy_rebalance
2026-09-11,2026-09-11T15:00:00-04:00,2026-09-11T15:00:00-04:00,GOOGL,-1,sell,338.8599853515625,338.7922133544922,0.0677719970703125,0.0,0.0677719970703125,338.8599853515625,140,62404.61219862174,96222.47098234366,0.9240897308062553,0.35145489861642953,policy_rebalance
2026-09-11,2026-09-11T15:00:00-04:00,2026-09-11T15:00:00-04:00,SMCI,1,buy,39.869998931884766,39.87797293167114,0.007973999786376954,0.0,0.007973999786376954,39.869998931884766,-690,62364.73422569007,96222.46300834388,0.9236754550852408,0.35186928004241436,policy_rebalance
2026-09-11,2026-09-11T15:00:00-04:00,2026-09-11T15:00:00-04:00,CRM,-4,sell,248.9199981689453,248.87021416931154,0.19913599853515626,0.0,0.19913599853515626,995.6799926757812,-4,63360.215082367315,96222.26387234534,0.9340250757409243,0.341522299179896,policy_rebalance
2026-09-11,2026-09-11T15:05:00-04:00,2026-09-11T15:05:00-04:00,MU,-1,sell,974.4249877929688,974.2301027954102,0.19488499755859376,0.0,0.19488499755859376,974.4249877929688,4,64334.445185162724,96242.125322797,0.9248551169594179,0.331535489585414,policy_rebalance
2026-09-11,2026-09-11T15:05:00-04:00,2026-09-11T15:05:00-04:00,GOOGL,-1,sell,339.07000732421875,339.0021933227539,0.06781400146484375,0.0,0.06781400146484375,339.07000732421875,139,64673.44737848548,96242.05750879554,0.9213326726354593,0.3280126271970548,policy_rebalance
2026-09-11,2026-09-11T15:05:00-04:00,2026-09-11T15:05:00-04:00,SMCI,39,buy,39.935001373291016,39.942988373565676,0.3114930107116699,0.0,0.3114930107116699,1557.4650535583496,-651,63115.67083191642,96241.74601578483,0.9051528117192318,0.3441965317050184,policy_rebalance
2026-09-11,2026-09-11T15:05:00-04:00,2026-09-11T15:05:00-04:00,CRM,4,buy,249.0050048828125,249.05480588378904,0.19920400390625,0.0,0.19920400390625,996.02001953125,0,62119.45160838126,96241.54681178092,0.8948055163727161,0.3545464129969987,policy_rebalance
2026-09-11,2026-09-11T15:05:00-04:00,2026-09-11T15:05:00-04:00,MSTR,30,buy,131.75869750976562,131.7850492492676,0.7905521850585937,0.0,0.7905521850585937,3952.7609252929688,99,58165.90013090323,96240.75625959586,0.9358844570357053,0.39562091579986214,policy_rebalance
2026-09-11,2026-09-11T15:10:00-04:00,2026-09-11T15:10:00-04:00,MU,-4,sell,975.2650146484375,975.0699616455079,0.78021201171875,0.0,0.78021201171875,3901.06005859375,0,62066.17997748526,96256.93791968498,0.8949023498001583,0.3552030500983508,policy_rebalance
2026-09-11,2026-09-11T15:10:00-04:00,2026-09-11T15:10:00-04:00,GOOGL,-1,sell,339.05999755859375,338.99218555908203,0.06781199951171875,0.0,0.06781199951171875,339.05999755859375,138,62405.17216304434,96256.87010768545,0.8913805304010689,0.35168085048651804,policy_rebalance
2026-09-11,2026-09-11T15:10:00-04:00,2026-09-11T15:10:00-04:00,SMCI,401,buy,39.900001525878906,39.90798152618408,3.1999801223754885,0.0,3.1999801223754885,15999.900611877441,-250,46402.07157104452,96253.67012756308,0.7251837693768075,0.5179189374332555,policy_rebalance
2026-09-11,2026-09-11T15:10:00-04:00,2026-09-11T15:10:00-04:00,SNDK,-8,sell,1631.27001953125,1630.9437655273439,2.61003203125,0.0,2.61003203125,13050.16015625,-8,59449.621695263275,96251.06009553184,0.8607880203446626,0.3823483955786265,policy_rebalance
2026-09-11,2026-09-11T15:10:00-04:00,2026-09-11T15:10:00-04:00,MARA,681,buy,12.03499984741211,12.037406847381591,1.6391669792175294,0.0,1.6391669792175294,8195.834896087646,681,51252.147632196415,96249.42092855262,0.9459547236069259,0.46750695081852334,policy_rebalance
2026-09-11,2026-09-11T15:15:00-04:00,2026-09-11T15:15:00-04:00,MARA,-681,sell,11.979999542236328,11.97760354232788,1.6316759376525878,0.0,1.6316759376525878,8158.379688262939,0,59408.895644521705,96198.19143614768,0.8605207023877135,0.3824323019216548,policy_rebalance
2026-09-11,2026-09-11T15:15:00-04:00,2026-09-11T15:15:00-04:00,SNDK,8,buy,1629.1400146484375,1629.4658426513672,2.6066240234375,0.0,2.6066240234375,13033.1201171875,0,46373.16890331077,96195.58481212425,0.7250583826907951,0.5179283020745666,policy_rebalance
2026-09-11,2026-09-11T15:25:00-04:00,2026-09-11T15:25:00-04:00,GOOGL,-1,sell,339.2300109863281,339.16216498413087,0.06784600219726562,0.0,0.06784600219726562,339.2300109863281,137,46712.3310682949,96212.37230517235,0.7216591838717001,0.514487274878434,policy_rebalance
2026-09-11,2026-09-11T15:25:00-04:00,2026-09-11T15:25:00-04:00,MSTR,-1,sell,131.2301025390625,131.2038565185547,0.0262460205078125,0.0,0.0262460205078125,131.2301025390625,98,46843.53492481346,96212.34605915184,0.7202954175024999,0.5131234519942606,policy_rebalance
2026-09-11,2026-09-11T15:25:00-04:00,2026-09-11T15:25:00-04:00,HOOD,-3,sell,112.30000305175781,112.27754305114746,0.06738000183105469,0.0,0.06738000183105469,336.90000915527344,-3,47180.3675539669,96212.27867915001,0.7237975541038528,0.5096221791887434,policy_rebalance
2026-09-11,2026-09-11T15:30:00-04:00,2026-09-11T15:30:00-04:00,GOOGL,-1,sell,339.0799865722656,339.0121705749512,0.06781599731445312,0.0,0.06781599731445312,339.0799865722656,136,47519.37972454185,96159.85750774498,0.7199877333543615,0.5058293454655493,policy_rebalance
2026-09-11,2026-09-11T15:30:00-04:00,2026-09-11T15:30:00-04:00,HOOD,1,buy,112.23999786376953,112.26244586334228,0.022447999572753907,0.0,0.022447999572753907,112.23999786376953,-2,47407.1172786785,96159.8350597454,0.7188206781539267,0.50699668682643,policy_rebalance
2026-09-11,2026-09-11T15:30:00-04:00,2026-09-11T15:30:00-04:00,SMCI,1,buy,39.84000015258789,39.84796815261841,0.007968000030517577,0.0,0.007968000030517577,39.84000015258789,-249,47367.26931052589,96159.82709174536,0.718406427486115,0.5074110390679766,policy_rebalance
2026-09-11,2026-09-11T15:30:00-04:00,2026-09-11T15:30:00-04:00,SNDK,-6,sell,1632.8199462890625,1632.4933822998048,1.959383935546875,0.0,1.959383935546875,9796.919677734375,-6,57162.22960432472,96157.86770780983,0.8203047697155962,0.40553767500314414,policy_rebalance
2026-09-11,2026-09-11T15:30:00-04:00,2026-09-11T15:30:00-04:00,MSTR,86,buy,130.83999633789062,130.8661643371582,2.2504479370117187,0.0,2.2504479370117187,11252.239685058594,184,45907.739471329114,96155.61725987282,0.937345105568464,0.5225683035525881,policy_rebalance
2026-09-11,2026-09-11T15:35:00-04:00,2026-09-11T15:35:00-04:00,SNDK,1,buy,1634.47998046875,1634.8068764648438,0.32689599609375,0.0,0.32689599609375,1634.47998046875,-5,44272.93259486427,96157.5211492466,0.9203045976148511,0.5395790982782509,policy_rebalance
2026-09-11,2026-09-11T15:35:00-04:00,2026-09-11T15:35:00-04:00,HOOD,-10,sell,112.3499984741211,112.32752847442627,0.2246999969482422,0.0,0.2246999969482422,1123.499984741211,-12,45396.20787960853,96157.29644924964,0.931990728763251,0.5278963785804028,policy_rebalance
2026-09-11,2026-09-11T15:40:00-04:00,2026-09-11T15:40:00-04:00,GOOGL,-1,sell,339.04998779296875,338.98217779541017,0.06780999755859375,0.0,0.06780999755859375,339.04998779296875,135,45735.19005740395,96224.49437106361,0.9277217255978892,0.5247032436352577,policy_rebalance
2026-09-11,2026-09-11T15:40:00-04:00,2026-09-11T15:40:00-04:00,MSTR,-1,sell,131.02000427246094,130.99380027160646,0.026204000854492187,0.0,0.026204000854492187,131.02000427246094,183,45866.183857675554,96224.46816706276,0.9263603702508881,0.5233417785376198,policy_rebalance
2026-09-11,2026-09-11T15:40:00-04:00,2026-09-11T15:40:00-04:00,SNDK,5,buy,1632.824951171875,1633.1515161621094,1.632824951171875,0.0,1.632824951171875,8164.124755859375,0,37700.42627686501,96222.83534211159,0.8415300683530941,0.6081966807273497,policy_rebalance
2026-09-11,2026-09-11T15:40:00-04:00,2026-09-11T15:40:00-04:00,HOOD,1,buy,112.13999938964844,112.16242738952637,0.022427999877929688,0.0,0.022427999877929688,112.13999938964844,-11,37588.26384947548,96222.81291411171,0.8403648444092311,0.6093622425793488,policy_rebalance
2026-09-11,2026-09-11T15:40:00-04:00,2026-09-11T15:40:00-04:00,SMCI,-251,sell,39.68000030517578,39.672064305114745,1.9919360153198242,0.0,1.9919360153198242,9959.680076599121,-500,47545.95199005928,96220.8209780964,0.9438908165256641,0.5058662822999339,policy_rebalance
2026-09-11,2026-09-11T15:45:00-04:00,2026-09-11T15:45:00-04:00,GOOGL,-135,sell,338.7200012207031,338.652257220459,9.145440032958984,0.0,9.145440032958984,45727.20016479492,0,93264.00671482124,96124.41760349312,0.4699475143575236,0.029757380694579408,policy_rebalance
2026-09-11,2026-09-11T15:45:00-04:00,2026-09-11T15:45:00-04:00,SMCI,60,buy,39.84000015258789,39.84796815261841,0.4780800018310547,0.0,0.4780800018310547,2390.4000091552734,-440,90873.12862566413,96123.93952349128,0.44508195694804364,0.054625423425804634,policy_rebalance
2026-09-11,2026-09-11T15:45:00-04:00,2026-09-11T15:45:00-04:00,SNDK,-3,sell,1634.5699462890625,1634.2430322998048,0.9807419677734375,0.0,0.9807419677734375,4903.7098388671875,-3,95775.85772256355,96122.95878152351,0.4961014679117878,0.003611010973443732,policy_rebalance
2026-09-11,2026-09-11T15:50:00-04:00,2026-09-11T15:50:00-04:00,MSTR,30,buy,131.60000610351562,131.62632610473634,0.7896000366210938,0.0,0.7896000366210938,3948.0001831054688,213,91827.06793942147,96228.96947445565,0.5368414662153973,0.04574403694723844,policy_rebalance
2026-09-11,2026-09-11T15:50:00-04:00,2026-09-11T15:50:00-04:00,HOOD,-352,sell,112.69999694824219,112.67745694885254,7.93407978515625,0.0,7.93407978515625,39670.39892578125,-363,131489.53278541757,96221.0353946705,0.9491697903294785,-0.3665362490237818,policy_rebalance
2026-09-11,2026-09-11T15:55:00-04:00,,MSTR,-213,sell,131.02999877929688,131.00379277954102,5.581877947998047,0.0,5.581877947998047,27909.389739990234,0,159393.34064745982,95996.21007037241,0.6604128489094784,-0.6604128489094784,scheduled_1555_liquidation
2026-09-11,2026-09-11T15:55:00-04:00,,SNDK,3,buy,1634.2900390625,1634.6168970703125,0.9805740234375,0.0,0.9805740234375,4902.8701171875,0,154489.48995624887,95995.22949634897,0.6093454931749983,-0.6093454931749983,scheduled_1555_liquidation
2026-09-11,2026-09-11T15:55:00-04:00,,HOOD,363,buy,112.62000274658203,112.64252674713134,8.176212199401855,0.0,8.176212199401855,40881.06099700928,0,113600.2527470402,95987.05328414957,0.1834955742494817,-0.1834955742494817,scheduled_1555_liquidation
2026-09-11,2026-09-11T15:55:00-04:00,,SMCI,440,buy,40.029998779296875,40.038004779052734,3.522639892578125,0.0,3.522639892578125,17613.199462890625,0,95983.530644257,95983.530644257,0.0,0.0,scheduled_1555_liquidation
