date,fill_time,signal_data_cutoff,symbol,quantity,side,reference_price,fill_price,slippage_cost,commission_cost,cost,notional,shares_after,cash_after,equity_after,gross_exposure_after,net_exposure_after,reason
2026-08-31,2026-08-31T09:35:00-04:00,2026-08-31T09:35:00-04:00,SNDK,46,buy,1516.385009765625,1517.1432022705078,34.87685522460937,0.0,34.87685522460937,69753.71044921875,46,30211.412695556646,99965.1231447754,0.6977804683759286,0.6977804683759286,policy_rebalance
2026-08-31,2026-08-31T09:35:00-04:00,2026-08-31T09:35:00-04:00,MSTR,196,buy,127.1449966430664,127.20856914138793,12.460209671020507,0.0,12.460209671020507,24920.419342041016,196,5278.533143844612,99952.66293510438,0.9471896697012288,0.9471896697012288,policy_rebalance
2026-08-31,2026-08-31T09:40:00-04:00,2026-08-31T09:40:00-04:00,SNDK,-5,sell,1511.5,1510.7442500000002,3.77875,0.0,3.77875,7557.5,41,12832.254393844612,99722.21481254579,0.8713200020881383,0.8713200020881383,policy_rebalance
2026-08-31,2026-08-31T09:45:00-04:00,2026-08-31T09:45:00-04:00,SNDK,-24,sell,1530.4000244140625,1529.6348244018554,18.36480029296875,0.0,18.36480029296875,36729.6005859375,17,49543.49017948914,100370.95041508484,0.5063961238326263,0.5063961238326263,policy_rebalance
2026-08-31,2026-08-31T09:45:00-04:00,2026-08-31T09:45:00-04:00,MSTR,-1,sell,126.58499908447266,126.52170658493043,0.06329249954223633,0.0,0.06329249954223633,126.58499908447266,195,49670.01188607407,100370.88712258529,0.5051352706944702,0.5051352706944702,policy_rebalance
2026-08-31,2026-08-31T09:45:00-04:00,2026-08-31T09:45:00-04:00,TSLA,-44,sell,355.82000732421875,355.6420973205567,7.8280401611328125,0.0,7.8280401611328125,15656.080322265625,-44,65318.26416817856,100363.05908242417,0.6611691210436356,0.3491802186446381,policy_rebalance
2026-08-31,2026-08-31T09:45:00-04:00,2026-08-31T09:45:00-04:00,NVDA,-125,sell,218.0800018310547,217.97096183013917,13.630000114440918,0.0,13.630000114440918,27260.000228881836,-125,92564.63439694596,100349.42908230973,0.932909700072844,0.07757687070624426,policy_rebalance
2026-08-31,2026-08-31T09:50:00-04:00,2026-08-31T09:50:00-04:00,MSTR,11,buy,126.9000015258789,126.96345152664183,0.697950008392334,0.0,0.697950008392334,1395.900016784668,206,91168.03643015289,100162.8317640152,0.9493666824320215,0.08980172760145348,policy_rebalance
2026-08-31,2026-08-31T09:55:00-04:00,2026-08-31T09:55:00-04:00,TSLA,1,buy,360.5050048828125,360.68525738525386,0.18025250244140625,0.0,0.18025250244140625,360.5050048828125,-43,90807.35117276764,100073.28322537994,0.9473511284975688,0.09259146651303571,policy_rebalance
2026-08-31,2026-08-31T09:55:00-04:00,2026-08-31T09:55:00-04:00,NVDA,1,buy,218.1407012939453,218.24977164459227,0.10907035064697265,0.0,0.10907035064697265,218.1407012939453,-124,90589.10140112304,100073.1741550293,0.9451723490672651,0.09477137938298939,policy_rebalance
2026-08-31,2026-08-31T10:00:00-04:00,2026-08-31T10:00:00-04:00,TSLA,43,buy,360.1400146484375,360.3200846557617,7.743010314941406,0.0,7.743010314941406,15486.020629882812,0,75095.3377609253,100124.66721343994,0.7921281825025231,0.24998164936876724,policy_rebalance
2026-08-31,2026-08-31T10:00:00-04:00,2026-08-31T10:00:00-04:00,TSLA,43,buy,360.1400146484375,360.3200846557617,7.743010314941406,0.0,7.743010314941406,15486.020629882812,43,59601.57412072754,100116.924203125,0.9468687941411608,0.4046803315710815,policy_rebalance
2026-08-31,2026-08-31T10:30:00-04:00,2026-08-31T10:30:00-04:00,SNDK,-1,sell,1513.8199462890625,1513.063036315918,0.7569099731445312,0.0,0.7569099731445312,1513.8199462890625,16,61114.63715704346,99762.24583013916,0.9344714497329186,0.38739713958424016,policy_rebalance
2026-08-31,2026-08-31T10:30:00-04:00,2026-08-31T10:30:00-04:00,TSLA,-1,sell,363.57000732421875,363.3882223205567,0.18178500366210937,0.0,0.18178500366210937,363.57000732421875,42,61478.025379364015,99762.0640451355,0.9308287811704088,0.38375347415076116,policy_rebalance
2026-08-31,2026-08-31T10:30:00-04:00,2026-08-31T10:30:00-04:00,NVDA,1,buy,220.07000732421875,220.18004232788084,0.11003500366210937,0.0,0.11003500366210937,220.07000732421875,-123,61257.84533703613,99761.95401013183,0.9286238566001309,0.3859598486732249,policy_rebalance
2026-08-31,2026-08-31T10:40:00-04:00,2026-08-31T10:40:00-04:00,SNDK,-1,sell,1523.4000244140625,1522.6383244018555,0.7617000122070312,0.0,0.7617000122070312,1523.4000244140625,15,62780.48366143799,100107.60435845947,0.9127510395624373,0.3728699826175313,policy_rebalance
2026-08-31,2026-08-31T10:40:00-04:00,2026-08-31T10:40:00-04:00,TSLA,-1,sell,363.2099914550781,363.0283864593506,0.18160499572753908,0.0,0.18160499572753908,363.2099914550781,41,63143.51204789734,100107.42275346375,0.9091244929855614,0.3692424566417823,policy_rebalance
2026-08-31,2026-08-31T10:40:00-04:00,2026-08-31T10:40:00-04:00,NVDA,1,buy,219.6999969482422,219.8098469467163,0.1098499984741211,0.0,0.1098499984741211,219.6999969482422,-122,62923.702200950625,100107.31290346527,0.9069308457558547,0.371437506652199,policy_rebalance
2026-08-31,2026-08-31T10:40:00-04:00,2026-08-31T10:40:00-04:00,MSTR,7,buy,127.4000015258789,127.46370152664184,0.44590000534057617,0.0,0.44590000534057617,891.8000106811523,213,62031.456290264134,100106.86700345993,0.9158433653247597,0.3803476410052851,policy_rebalance
2026-08-31,2026-08-31T10:45:00-04:00,2026-08-31T10:45:00-04:00,SNDK,1,buy,1531.1300048828125,1531.8955698852537,0.7655650024414062,0.0,0.7655650024414062,1531.1300048828125,16,60499.56072037888,100540.44304459763,0.9320375092216518,0.398256473829715,policy_rebalance
2026-08-31,2026-08-31T11:00:00-04:00,2026-08-31T11:00:00-04:00,SNDK,-1,sell,1525.31005859375,1524.5474035644531,0.762655029296875,0.0,0.762655029296875,1525.31005859375,15,62024.10812394333,100389.48747269821,0.9162750170805567,0.38216530748987715,policy_rebalance
2026-08-31,2026-08-31T11:00:00-04:00,2026-08-31T11:00:00-04:00,TSLA,-41,sell,363.80999755859375,363.6280925598145,7.458104949951172,0.0,7.458104949951172,14916.209899902344,0,76932.85991889573,100382.02936774827,0.7677486691020591,0.23359927664887914,policy_rebalance
2026-08-31,2026-08-31T11:00:00-04:00,2026-08-31T11:00:00-04:00,MSTR,-1,sell,128.5399932861328,128.47572328948976,0.0642699966430664,0.0,0.0642699966430664,128.5399932861328,212,77061.33564218522,100381.96509775163,0.7664686518205023,0.232318917375814,policy_rebalance
2026-08-31,2026-08-31T11:00:00-04:00,2026-08-31T11:00:00-04:00,NVDA,1,buy,219.75,219.859875,0.109875,0.0,0.109875,219.75,-121,76841.47576718523,100381.85522275163,0.7642803501222577,0.23450831231729377,policy_rebalance
2026-08-31,2026-08-31T11:00:00-04:00,2026-08-31T11:00:00-04:00,TSLA,-46,sell,363.80999755859375,363.6280925598145,8.367629943847657,0.0,8.367629943847657,16735.259887695312,-46,93568.3680249367,100373.4875928078,0.9310739477578758,0.06779797864031488,policy_rebalance
2026-08-31,2026-08-31T11:30:00-04:00,2026-08-31T11:30:00-04:00,SNDK,-1,sell,1532.010009765625,1531.2440047607422,0.7660050048828125,0.0,0.7660050048828125,1532.010009765625,14,95099.61202969744,100567.32272305682,0.9174400576469962,0.05436866116458529,policy_rebalance
2026-08-31,2026-08-31T11:30:00-04:00,2026-08-31T11:30:00-04:00,NVDA,1,buy,220.25,220.36012499999998,0.110125,0.0,0.110125,220.25,-120,94879.25190469743,100567.21259805681,0.9152509846755345,0.05655879830430221,policy_rebalance
2026-08-31,2026-08-31T11:30:00-04:00,2026-08-31T11:30:00-04:00,MSTR,13,buy,129.3300018310547,129.3946668319702,0.8406450119018555,0.0,0.8406450119018555,1681.290023803711,225,93197.12123588182,100566.3719530449,0.9319768483247073,0.07327748405405177,policy_rebalance
2026-08-31,2026-08-31T11:55:00-04:00,2026-08-31T11:55:00-04:00,MSTR,-120,sell,129.89999389648438,129.83504389953615,7.7939996337890625,0.0,7.7939996337890625,15587.999267578125,105,108777.32650382616,100300.80504996874,0.7787351148651098,-0.0845110011792479,policy_rebalance
2026-08-31,2026-08-31T11:55:00-04:00,2026-08-31T11:55:00-04:00,TSLA,1,buy,367.0899963378906,367.27354133605957,0.18354499816894532,0.0,0.18354499816894532,367.0899963378906,-45,108410.0529624901,100300.62150497056,0.7750766423861085,-0.08085125830568911,policy_rebalance
2026-08-31,2026-08-31T11:55:00-04:00,2026-08-31T11:55:00-04:00,NVDA,1,buy,220.0500030517578,220.16002805328367,0.11002500152587891,0.0,0.11002500152587891,220.0500030517578,-119,108189.89293443681,100300.51147996903,0.7728835855213195,-0.07865743990790473,policy_rebalance
2026-08-31,2026-08-31T11:55:00-04:00,2026-08-31T11:55:00-04:00,SNDK,11,buy,1512.5799560546875,1513.3362460327148,8.319189758300782,0.0,8.319189758300782,16638.379516601562,25,91543.19422807694,100292.19229021073,0.9388467467776445,0.08723508642444698,policy_rebalance
2026-08-31,2026-08-31T12:00:00-04:00,2026-08-31T12:00:00-04:00,SNDK,-4,sell,1513.47998046875,1512.7232404785157,3.0269599609375,0.0,3.0269599609375,6053.919921875,21,97594.08718999101,100444.9172833748,0.8759619858738296,0.028382024401902173,policy_rebalance
2026-08-31,2026-08-31T12:00:00-04:00,2026-08-31T12:00:00-04:00,MSTR,-1,sell,129.86000061035156,129.7950706100464,0.06493000030517578,0.0,0.06493000030517578,129.86000061035156,104,97723.88226060107,100444.8523533745,0.8746697033789369,0.027089194010667735,policy_rebalance
2026-08-31,2026-08-31T12:00:00-04:00,2026-08-31T12:00:00-04:00,TSLA,-16,sell,365.489990234375,365.30724523925784,2.923919921875,0.0,2.923919921875,5847.83984375,-61,103568.7981844292,100441.92843345263,0.9329162683261335,-0.03113112023778254,policy_rebalance
2026-08-31,2026-08-31T12:05:00-04:00,2026-08-31T12:05:00-04:00,MSTR,-1,sell,129.75,129.685125,0.064875,0.0,0.064875,129.75,103,103698.4833094292,100408.14802805713,0.9291177687590771,-0.03276960431988696,policy_rebalance
2026-08-31,2026-08-31T12:05:00-04:00,2026-08-31T12:05:00-04:00,TSLA,1,buy,363.8550109863281,364.0369384918213,0.18192750549316405,0.0,0.18192750549316405,363.8550109863281,-60,103334.44637093738,100407.96610055164,0.9254956858404355,-0.029145897323077676,policy_rebalance
2026-08-31,2026-08-31T12:05:00-04:00,2026-08-31T12:05:00-04:00,SNDK,1,buy,1506.47998046875,1507.2332204589843,0.753239990234375,0.0,0.753239990234375,1506.47998046875,22,101827.21315047839,100407.2128605614,0.9405063315688772,-0.014142413173931941,policy_rebalance
2026-08-31,2026-08-31T12:10:00-04:00,2026-08-31T12:10:00-04:00,MSTR,-103,sell,129.81500244140625,129.75009494018556,6.685472625732422,0.0,6.685472625732422,13370.945251464844,0,115191.4729293175,100217.60130150989,0.8083648113495067,-0.1494135903608184,policy_rebalance
2026-08-31,2026-08-31T12:10:00-04:00,2026-08-31T12:10:00-04:00,TSLA,1,buy,364.9602966308594,365.14277677917477,0.1824801483154297,0.0,0.1824801483154297,364.9602966308594,-59,114826.33015253833,100217.41882136157,0.8047245979974699,-0.1457721771623082,policy_rebalance
2026-08-31,2026-08-31T12:10:00-04:00,2026-08-31T12:10:00-04:00,NVDA,1,buy,219.2899932861328,219.39963828277587,0.1096449966430664,0.0,0.1096449966430664,219.2899932861328,-118,114606.93051425555,100217.30917636493,0.8025373335312634,-0.1435841917544145,policy_rebalance
2026-08-31,2026-08-31T12:10:00-04:00,2026-08-31T12:10:00-04:00,SNDK,9,buy,1500.875244140625,1501.6256817626952,6.753938598632812,0.0,6.753938598632812,13507.877197265625,31,101092.2993783913,100210.5552377663,0.9373863766592737,-0.0087989148302084,policy_rebalance
2026-08-31,2026-08-31T12:15:00-04:00,2026-08-31T12:15:00-04:00,NVDA,1,buy,219.72000122070312,219.82986122131345,0.10986000061035156,0.0,0.10986000061035156,219.72000122070312,-117,100872.46951716999,99923.21075862506,0.9379250494437076,-0.009499882473131847,policy_rebalance
2026-08-31,2026-08-31T12:25:00-04:00,2026-08-31T12:25:00-04:00,TSLA,2,buy,365.8395080566406,366.02242781066894,0.3658395080566406,0.0,0.3658395080566406,731.6790161132812,-57,100140.42466154865,99900.47127714923,0.9302781035406584,-0.002401924448721794,policy_rebalance
2026-08-31,2026-08-31T12:25:00-04:00,2026-08-31T12:25:00-04:00,NVDA,1,buy,219.9550018310547,220.0649793319702,0.10997750091552734,0.0,0.10997750091552734,219.9550018310547,-116,99920.35968221667,99900.36129964831,0.9280773838504601,-0.0002001832857077943,policy_rebalance
2026-08-31,2026-08-31T12:25:00-04:00,2026-08-31T12:25:00-04:00,SNDK,1,buy,1495.0849609375,1495.8325034179686,0.74754248046875,0.0,0.74754248046875,1495.0849609375,32,98424.5271787987,99899.61375716784,0.9430502018819991,0.014765688503608479,policy_rebalance
2026-08-31,2026-08-31T12:40:00-04:00,2026-08-31T12:40:00-04:00,NVDA,1,buy,219.83999633789062,219.94991633605954,0.10991999816894531,0.0,0.10991999816894531,219.83999633789062,-115,98204.57726246264,100204.41872364428,0.9393997139829416,0.0199576175048432,policy_rebalance
2026-08-31,2026-08-31T13:00:00-04:00,2026-08-31T13:00:00-04:00,SNDK,-7,sell,1505.8199462890625,1505.0670363159181,5.270369812011719,0.0,5.270369812011719,10540.739624023438,25,108740.04651667406,100199.98496271898,0.8366374396123801,-0.08523016801981104,policy_rebalance
2026-08-31,2026-08-31T13:15:00-04:00,2026-08-31T13:15:00-04:00,TSLA,1,buy,366.739990234375,366.9233602294922,0.1833699951171875,0.0,0.1833699951171875,366.739990234375,-56,108373.12315644456,100162.69389619066,0.8328754757437601,-0.08197093090131197,policy_rebalance
2026-08-31,2026-08-31T13:15:00-04:00,2026-08-31T13:15:00-04:00,MSTR,-63,sell,131.07000732421875,131.00447232055666,4.128705230712891,0.0,4.128705230712891,8257.410461425781,-63,116626.40491263963,100158.56519095994,0.9153531863919616,-0.16441768799585432,policy_rebalance
2026-08-31,2026-08-31T13:25:00-04:00,2026-08-31T13:25:00-04:00,SNDK,-9,sell,1502.0,1501.249,6.759,0.0,6.759,13518.0,16,130137.64591263962,100172.07016801072,0.7789554075677587,-0.29914102498201356,policy_rebalance
2026-08-31,2026-08-31T13:25:00-04:00,2026-08-31T13:25:00-04:00,TSLA,1,buy,365.6300964355469,365.81291148376465,0.18281504821777345,0.0,0.18281504821777345,365.6300964355469,-55,129771.83300115586,100171.8873529625,0.7753068021423929,-0.2954915438889149,policy_rebalance
2026-08-31,2026-08-31T13:25:00-04:00,2026-08-31T13:25:00-04:00,MSTR,1,buy,130.90499877929688,130.9704512786865,0.06545249938964844,0.0,0.06545249938964844,130.90499877929688,-62,129640.86254987717,100171.82190046311,0.7740005041183704,-0.29418493235249643,policy_rebalance
2026-08-31,2026-08-31T13:35:00-04:00,2026-08-31T13:35:00-04:00,MSTR,1,buy,130.68280029296875,130.74814169311523,0.06534140014648437,0.0,0.06534140014648437,130.68280029296875,-61,129510.11440818406,100158.32774131394,0.7718446115912154,-0.2930538810779576,policy_rebalance
2026-08-31,2026-08-31T13:35:00-04:00,2026-08-31T13:35:00-04:00,NVDA,1,buy,219.2100067138672,219.31961171722412,0.1096050033569336,0.0,0.1096050033569336,219.2100067138672,-114,129290.79479646684,100158.21813631059,0.7696568189890706,-0.2908655645261999,policy_rebalance
2026-08-31,2026-08-31T13:35:00-04:00,2026-08-31T13:35:00-04:00,TSLA,-48,sell,366.3349914550781,366.1518239593506,8.792039794921875,0.0,8.792039794921875,17584.07958984375,-103,146866.08234651567,100149.42609651567,0.9453028224546536,-0.4664695352819933,policy_rebalance
2026-08-31,2026-08-31T13:55:00-04:00,2026-08-31T13:55:00-04:00,SNDK,-1,sell,1501.5,1500.74925,0.75075,0.0,0.75075,1501.5,15,148366.83159651567,99858.45200362016,0.9368599023496171,-0.48577139560642235,policy_rebalance
2026-08-31,2026-08-31T13:55:00-04:00,2026-08-31T13:55:00-04:00,MSTR,2,buy,131.5399932861328,131.60576328277588,0.1315399932861328,0.0,0.1315399932861328,263.0799865722656,-59,148103.62006995012,99858.32046362688,0.9342266039844319,-0.48313750303758074,policy_rebalance
2026-08-31,2026-08-31T13:55:00-04:00,2026-08-31T13:55:00-04:00,NVDA,1,buy,219.88499450683594,219.99493700408934,0.10994249725341797,0.0,0.10994249725341797,219.88499450683594,-113,147883.62513294604,99858.21052112963,0.9320256604450472,-0.48093606285538637,policy_rebalance
2026-08-31,2026-08-31T14:20:00-04:00,2026-08-31T14:20:00-04:00,SNDK,-5,sell,1506.6099853515625,1505.8566803588867,3.7665249633789064,0.0,3.7665249633789064,7533.0499267578125,10,155412.90853474048,100046.7197377434,0.8545846253445267,-0.5534033393811486,policy_rebalance
2026-08-31,2026-08-31T14:20:00-04:00,2026-08-31T14:20:00-04:00,MSTR,1,buy,131.6649932861328,131.73082578277587,0.06583249664306641,0.0,0.06583249664306641,131.6649932861328,-58,155281.1777089577,100046.65390524676,0.8532691517258759,-0.5520876675797977,policy_rebalance
2026-08-31,2026-08-31T14:20:00-04:00,2026-08-31T14:20:00-04:00,NVDA,1,buy,219.42999267578125,219.53970767211914,0.10971499633789063,0.0,0.10971499633789063,219.42999267578125,-112,155061.63800128558,100046.54419025042,0.8510768083717982,-0.5498949939381954,policy_rebalance
2026-08-31,2026-08-31T14:35:00-04:00,2026-08-31T14:35:00-04:00,SNDK,-1,sell,1508.429931640625,1507.6757166748048,0.7542149658203126,0.0,0.7542149658203126,1508.429931640625,9,156569.31371796038,100379.82253754046,0.8302587894970912,-0.559768783805191,policy_rebalance
2026-08-31,2026-08-31T14:35:00-04:00,2026-08-31T14:35:00-04:00,MSTR,1,buy,130.66000366210938,130.72533366394043,0.06533000183105468,0.0,0.06533000183105468,130.66000366210938,-57,156438.58838429645,100379.75720753864,0.8289576729524093,-0.5584674912179178,policy_rebalance
2026-08-31,2026-08-31T14:55:00-04:00,2026-08-31T14:55:00-04:00,NVDA,1,buy,218.4250030517578,218.53421555328367,0.1092125015258789,0.0,0.1092125015258789,218.4250030517578,-111,156220.05416874317,100094.32731632618,0.8270966851442131,-0.5607283485211298,policy_rebalance
2026-08-31,2026-08-31T14:55:00-04:00,2026-08-31T14:55:00-04:00,SNDK,8,buy,1481.219970703125,1481.9605806884765,5.9248798828125,0.0,5.9248798828125,11849.759765625,17,144364.36952323536,100088.40243644337,0.9455385817631916,-0.44236860624194146,policy_rebalance
2026-08-31,2026-08-31T15:00:00-04:00,2026-08-31T15:00:00-04:00,TSLA,16,buy,365.7799987792969,365.9628887786865,2.926239990234375,0.0,2.926239990234375,5852.47998046875,-87,138508.9633027764,99904.55203263479,0.8874425452911805,-0.386412935994459,policy_rebalance
2026-08-31,2026-08-31T15:00:00-04:00,2026-08-31T15:00:00-04:00,NVDA,101,buy,218.60000610351562,218.70930610656737,11.039300308227538,0.0,11.039300308227538,22078.600616455078,-10,116419.32338601309,99893.51273232656,0.6665192513949432,-0.1654342729739506,policy_rebalance
2026-08-31,2026-08-31T15:00:00-04:00,2026-08-31T15:00:00-04:00,SNDK,19,buy,1472.2099609375,1472.9460659179688,13.98599462890625,0.0,13.98599462890625,27971.9892578125,36,88433.34813357168,99879.52673769766,0.9466698699092533,0.11459984821700032,policy_rebalance
2026-08-31,2026-08-31T15:05:00-04:00,2026-08-31T15:05:00-04:00,SNDK,-10,sell,1468.2049560546875,1467.4708535766601,7.341024780273438,0.0,7.341024780273438,14682.049560546875,26,103108.05666933829,99711.4557934838,0.7997401898920978,-0.034064299320725216,policy_rebalance
2026-08-31,2026-08-31T15:05:00-04:00,2026-08-31T15:05:00-04:00,NVDA,1,buy,218.8350067138672,218.9444242172241,0.1094175033569336,0.0,0.1094175033569336,218.8350067138672,-9,102889.11224512107,99711.34637598044,0.7975463823758084,-0.03186965159569964,policy_rebalance
2026-08-31,2026-08-31T15:15:00-04:00,2026-08-31T15:15:00-04:00,SNDK,10,buy,1456.85498046875,1457.5834079589843,7.28427490234375,0.0,7.28427490234375,14568.5498046875,36,88313.27816553123,99362.1876656533,0.9444704398961958,0.11119833167623952,policy_rebalance
2026-08-31,2026-08-31T15:20:00-04:00,2026-08-31T15:20:00-04:00,MSTR,-4,sell,132.49000549316406,132.4237604904175,0.2649800109863281,0.0,0.2649800109863281,529.9600219726562,-61,88842.9732074929,99562.5491047097,0.9486780698628698,0.10766674812577412,policy_rebalance
2026-08-31,2026-08-31T15:25:00-04:00,2026-08-31T15:25:00-04:00,SNDK,-1,sell,1462.280029296875,1461.5488892822266,0.7311400146484375,0.0,0.7311400146484375,1462.280029296875,35,90304.52209677514,99538.65445151147,0.9355709117145982,0.09276931063232903,policy_rebalance
2026-08-31,2026-08-31T15:30:00-04:00,2026-08-31T15:30:00-04:00,MSTR,1,buy,132.6999969482422,132.7663469467163,0.0663499984741211,0.0,0.0663499984741211,132.6999969482422,-60,90171.75574982841,99994.21510041435,0.9350224897703395,0.09823027602869033,policy_rebalance
2026-08-31,2026-08-31T15:35:00-04:00,2026-08-31T15:35:00-04:00,NVDA,1,buy,219.78500366210938,219.89489616394042,0.10989250183105469,0.0,0.10989250183105469,219.78500366210938,-8,89951.86085366448,99843.26017617424,0.9340770672706329,0.09906927423099278,policy_rebalance
2026-08-31,2026-08-31T15:55:00-04:00,,SNDK,-35,sell,1545.8199462890625,1545.0470363159181,27.051849060058593,0.0,27.051849060058593,54103.69812011719,0,144028.5071247216,102218.99793893058,0.40901896935802057,-0.40901896935802057,scheduled_1555_liquidation
2026-08-31,2026-08-31T15:55:00-04:00,,TSLA,87,buy,368.7099914550781,368.89434645080564,16.0388846282959,0.0,16.0388846282959,32077.769256591797,0,111934.6989835015,102202.95905430228,0.09521974724849766,-0.09521974724849766,scheduled_1555_liquidation
2026-08-31,2026-08-31T15:55:00-04:00,,MSTR,60,buy,132.76499938964844,132.83138188934325,3.982949981689453,0.0,3.982949981689453,7965.899963378906,0,103964.8160701409,102198.9761043206,0.017278450657057604,-0.017278450657057604,scheduled_1555_liquidation
2026-08-31,2026-08-31T15:55:00-04:00,,NVDA,8,buy,220.72999572753906,220.84036072540283,0.8829199829101563,0.0,0.8829199829101563,1765.8399658203125,0,102198.09318433769,102198.09318433769,0.0,0.0,scheduled_1555_liquidation
2026-09-01,2026-09-01T09:35:00-04:00,2026-09-01T09:35:00-04:00,SNDK,37,buy,1543.22998046875,1544.0015954589842,28.549754638671875,0.0,28.549754638671875,57099.50927734375,37,45070.03415235528,102169.54342969903,0.5588701618954857,0.5588701618954857,policy_rebalance
2026-09-01,2026-09-01T09:35:00-04:00,2026-09-01T09:35:00-04:00,MSTR,313,buy,126.1500015258789,126.21307652664184,19.742475238800047,0.0,19.742475238800047,39484.9504776001,313,5565.341199516384,102149.80095446022,0.9455178458742423,0.9455178458742423,policy_rebalance
2026-09-01,2026-09-01T09:40:00-04:00,2026-09-01T09:40:00-04:00,SNDK,-29,sell,1540.9000244140625,1540.1295744018555,22.343050354003907,0.0,22.343050354003907,44686.10070800781,8,50229.0988571702,101693.78829503641,0.5060750543440828,0.5060750543440828,policy_rebalance
2026-09-01,2026-09-01T09:40:00-04:00,2026-09-01T09:40:00-04:00,NVDA,-155,sell,216.30780029296875,216.19964639282227,16.763854522705078,0.0,16.763854522705078,33527.709045410156,-155,83740.04404805765,101677.0244405137,0.8359056429016695,0.17641134259343036,policy_rebalance
2026-09-01,2026-09-01T09:45:00-04:00,2026-09-01T09:45:00-04:00,NVDA,94,buy,215.6300048828125,215.73781988525388,10.134610229492187,0.0,10.134610229492187,20269.220458984375,-61,63460.688978843784,102452.87936275492,0.6373569135954676,0.38058657430067416,policy_rebalance
2026-09-01,2026-09-01T09:45:00-04:00,2026-09-01T09:45:00-04:00,MSTR,250,buy,127.30000305175781,127.36365305328368,15.912500381469727,0.0,15.912500381469727,31825.000762939453,563,31619.77571552286,102436.96686237345,0.9481347868591447,0.6913245610053567,policy_rebalance
2026-09-01,2026-09-01T09:50:00-04:00,2026-09-01T09:50:00-04:00,MSTR,-2,sell,128.5800018310547,128.51571183013917,0.1285800018310547,0.0,0.1285800018310547,257.1600036621094,561,31876.80713918314,103157.77366139993,0.9468629705172238,0.6909897721928934,policy_rebalance
2026-09-01,2026-09-01T09:55:00-04:00,2026-09-01T09:55:00-04:00,SNDK,-8,sell,1542.77001953125,1541.9986345214845,6.171080078125,0.0,6.171080078125,12342.16015625,0,44212.79621535502,102878.31267958842,0.8273733741407879,0.5702418219760804,policy_rebalance
2026-09-01,2026-09-01T09:55:00-04:00,2026-09-01T09:55:00-04:00,MSTR,-464,sell,128.14999389648438,128.08591889953615,29.730798583984374,0.0,29.730798583984374,59461.59716796875,97,103644.6625847398,102848.58188100444,0.24946556433163672,-0.007740317748439303,policy_rebalance
2026-09-01,2026-09-01T09:55:00-04:00,2026-09-01T09:55:00-04:00,TSLA,200,buy,358.34991455078125,358.52908950805664,35.834991455078125,0.0,35.834991455078125,71669.98291015625,200,31938.844683128467,102812.74688954937,0.9466448993369188,0.6893493691259895,policy_rebalance
2026-09-01,2026-09-01T10:35:00-04:00,2026-09-01T10:35:00-04:00,TSLA,-74,sell,358.9700012207031,358.7905162200928,13.281890045166016,0.0,13.281890045166016,26563.78009033203,126,58489.34288341533,102947.4372437669,0.6900794089561453,0.4318523661262228,policy_rebalance
2026-09-01,2026-09-01T10:35:00-04:00,2026-09-01T10:35:00-04:00,MSTR,-1,sell,129.0699005126953,129.00536556243898,0.06453495025634766,0.0,0.06453495025634766,129.0699005126953,96,58618.34824897777,102947.37270881663,0.6888260951232871,0.4305988904177487,policy_rebalance
2026-09-01,2026-09-01T10:35:00-04:00,2026-09-01T10:35:00-04:00,SNDK,17,buy,1544.300048828125,1545.072198852539,13.126550415039063,0.0,13.126550415039063,26253.100830078125,17,32352.120868484602,102934.2461584016,0.9439612296452725,0.6857010948649767,policy_rebalance
2026-09-01,2026-09-01T10:55:00-04:00,2026-09-01T10:55:00-04:00,SNDK,-1,sell,1558.02001953125,1557.2410095214846,0.779010009765625,0.0,0.779010009765625,1558.02001953125,16,33909.361878006086,103010.8426061555,0.9287315667843382,0.6708175467736656,policy_rebalance
2026-09-01,2026-09-01T10:55:00-04:00,2026-09-01T10:55:00-04:00,MSTR,-1,sell,128.6199951171875,128.55568511962892,0.06430999755859375,0.0,0.06430999755859375,128.6199951171875,95,34037.91756312572,103010.77829615795,0.9274835394369203,0.669569358409602,policy_rebalance
2026-09-01,2026-09-01T10:55:00-04:00,2026-09-01T10:55:00-04:00,NVDA,-2,sell,217.77000427246094,217.66111927032472,0.21777000427246093,0.0,0.21777000427246093,435.5400085449219,-63,34473.239801666365,103010.56052615367,0.931713610455014,0.6653426636493853,policy_rebalance
2026-09-01,2026-09-01T11:20:00-04:00,2026-09-01T11:20:00-04:00,SNDK,-5,sell,1553.5,1552.72325,3.88375,0.0,3.88375,7767.5,11,42236.856051666364,102882.30655215465,0.8566449753654779,0.5894643358306219,policy_rebalance
2026-09-01,2026-09-01T11:20:00-04:00,2026-09-01T11:20:00-04:00,TSLA,-1,sell,358.5675048828125,358.3882211303711,0.17928375244140626,0.0,0.17928375244140626,358.5675048828125,125,42595.244272796735,102882.1272684022,0.8531612417776014,0.5859801366502377,policy_rebalance
2026-09-01,2026-09-01T11:20:00-04:00,2026-09-01T11:20:00-04:00,NVDA,1,buy,218.16000366210938,218.26908366394042,0.1090800018310547,0.0,0.1090800018310547,218.16000366210938,-62,42376.9751891328,102882.01818840037,0.851041659126793,0.588101245141489,policy_rebalance
2026-09-01,2026-09-01T11:25:00-04:00,2026-09-01T11:25:00-04:00,SNDK,-11,sell,1560.52001953125,1559.7397595214845,8.582860107421874,0.0,8.582860107421874,17165.72021484375,0,59534.11254386912,103010.33364372264,0.6851271884180988,0.42205689043026334,policy_rebalance
2026-09-01,2026-09-01T11:25:00-04:00,2026-09-01T11:25:00-04:00,MSTR,-1,sell,127.80999755859375,127.74609255981446,0.06390499877929688,0.0,0.06390499877929688,127.80999755859375,94,59661.85863642894,103010.26973872386,0.6838868634016658,0.42081640221158734,policy_rebalance
2026-09-01,2026-09-01T11:35:00-04:00,2026-09-01T11:35:00-04:00,SNDK,8,buy,1570.3499755859375,1571.1351505737305,6.28139990234375,0.0,6.28139990234375,12562.7998046875,8,47092.777431839095,103083.45646321116,0.8063672055690431,0.5431587274273662,policy_rebalance
2026-09-01,2026-09-01T11:45:00-04:00,2026-09-01T11:45:00-04:00,TSLA,-76,sell,358.5,358.32075000000003,13.623,0.0,13.623,27246.0,49,74325.1544318391,103103.59528877269,0.5430844595702068,0.2791216036291547,policy_rebalance
2026-09-01,2026-09-01T11:45:00-04:00,2026-09-01T11:45:00-04:00,SNDK,26,buy,1595.9949951171875,1596.792992614746,20.74793493652344,0.0,20.74793493652344,41495.869873046875,34,32808.536623855696,103082.84735383617,0.9457425042360094,0.6817265193379939,policy_rebalance
2026-09-01,2026-09-01T11:50:00-04:00,2026-09-01T11:50:00-04:00,TSLA,-1,sell,358.44500732421875,358.26578482055663,0.17922250366210937,0.0,0.17922250366210937,358.44500732421875,48,33166.80240867625,103293.44968650828,0.9426848173196922,0.6789070119224768,policy_rebalance
2026-09-01,2026-09-01T11:50:00-04:00,2026-09-01T11:50:00-04:00,MSTR,-94,sell,128.08689880371094,128.0228553543091,6.020084243774414,0.0,6.020084243774414,12040.168487548828,0,45200.95081198131,103287.42960226451,0.8261702182840183,0.5623770386576615,policy_rebalance
2026-09-01,2026-09-01T11:50:00-04:00,2026-09-01T11:50:00-04:00,SNDK,7,buy,1603.0699462890625,1603.871481262207,5.610744812011719,0.0,5.610744812011719,11221.489624023438,41,33973.850443145864,103281.81885745251,0.9348643251314546,0.6710568150427725,policy_rebalance
2026-09-01,2026-09-01T11:55:00-04:00,2026-09-01T11:55:00-04:00,TSLA,-1,sell,358.7598876953125,358.58050775146484,0.17937994384765624,0.0,0.17937994384765624,358.7598876953125,47,34332.43095089733,103138.2977721864,0.9317779089105144,0.6671223813802766,policy_rebalance
2026-09-01,2026-09-01T11:55:00-04:00,2026-09-01T11:55:00-04:00,NVDA,-6,sell,220.1300048828125,220.0199398803711,0.6603900146484375,0.0,0.6603900146484375,1320.780029296875,-68,35652.550590179555,103137.63738217174,0.9445898697006131,0.6543206583444346,policy_rebalance
2026-09-01,2026-09-01T12:00:00-04:00,2026-09-01T12:00:00-04:00,SNDK,-22,sell,1600.4100341796875,1599.6098291625976,17.604510375976563,0.0,17.604510375976563,35209.020751953125,19,70843.9668317567,103136.00748117076,0.6035335492386414,0.3131015194214254,policy_rebalance
2026-09-01,2026-09-01T12:00:00-04:00,2026-09-01T12:00:00-04:00,TSLA,-1,sell,358.75,358.570625,0.179375,0.0,0.179375,358.75,46,71202.53745675669,103135.82810617075,0.6000561762659785,0.30962364132608783,policy_rebalance
2026-09-01,2026-09-01T12:00:00-04:00,2026-09-01T12:00:00-04:00,NVDA,-2,sell,220.25,220.13987500000002,0.22025,0.0,0.22025,440.5,-70,71642.81720675669,103135.60785617075,0.6043285335200058,0.305353226727793,policy_rebalance
2026-09-01,2026-09-01T12:05:00-04:00,2026-09-01T12:05:00-04:00,SNDK,-4,sell,1591.6800537109375,1590.8842136840822,3.183360107421875,0.0,3.183360107421875,6366.72021484375,15,78006.35406149302,102993.13485372935,0.5415058079938387,0.2426062749495149,policy_rebalance
2026-09-01,2026-09-01T12:05:00-04:00,2026-09-01T12:05:00-04:00,NVDA,1,buy,219.88999938964844,219.99994438934326,0.10994499969482421,0.0,0.10994499969482421,219.88999938964844,-69,77786.35411710368,102993.02490872965,0.5393713871072927,0.2447415328752954,policy_rebalance
2026-09-01,2026-09-01T12:10:00-04:00,2026-09-01T12:10:00-04:00,TSLA,-1,sell,358.57000732421875,358.3907223205567,0.17928500366210937,0.0,0.17928500366210937,358.57000732421875,45,78144.74483942424,103029.05521845256,0.5358128460800917,0.2415271141355815,policy_rebalance
2026-09-01,2026-09-01T12:10:00-04:00,2026-09-01T12:10:00-04:00,NVDA,-181,sell,219.7100067138672,219.60015171051026,19.883755607604982,0.0,19.883755607604982,39767.51121520996,-250,117892.3722990266,103009.17146284496,0.9219742394977708,-0.14448423014012843,policy_rebalance
2026-09-01,2026-09-01T12:15:00-04:00,2026-09-01T12:15:00-04:00,SNDK,-1,sell,1589.4849853515625,1588.690242858887,0.7947424926757812,0.0,0.7947424926757812,1589.4849853515625,14,119481.06254188548,102903.40372840891,0.9069169157001319,-0.16109922716676775,policy_rebalance
2026-09-01,2026-09-01T12:15:00-04:00,2026-09-01T12:15:00-04:00,NVDA,-12,sell,219.80499267578125,219.69509017944338,1.3188299560546874,0.0,1.3188299560546874,2637.659912109375,-262,122117.4036240388,102902.08489845286,0.9325612550146323,-0.18673400781479055,policy_rebalance
2026-09-01,2026-09-01T12:25:00-04:00,2026-09-01T12:25:00-04:00,SNDK,-1,sell,1586.02001953125,1585.2270095214844,0.793010009765625,0.0,0.793010009765625,1586.02001953125,13,123702.63063356027,102911.89946290597,0.9146945412388003,-0.20202455963946328,policy_rebalance
2026-09-01,2026-09-01T12:25:00-04:00,2026-09-01T12:25:00-04:00,TSLA,-45,sell,356.7300109863281,356.55164598083496,8.026425247192384,0.0,8.026425247192384,16052.850494384766,0,139747.45470269784,102903.87303765878,0.7587673803519263,-0.3580388237822279,policy_rebalance
2026-09-01,2026-09-01T12:25:00-04:00,2026-09-01T12:25:00-04:00,TSLA,-50,sell,356.7300109863281,356.55164598083496,8.918250274658202,0.0,8.918250274658202,17836.500549316406,-50,157575.03700173958,102894.95478738411,0.9321798422513934,-0.5314165531958596,policy_rebalance
2026-09-01,2026-09-01T12:50:00-04:00,2026-09-01T12:50:00-04:00,SNDK,1,buy,1571.6400146484375,1572.4258346557617,0.7858200073242188,0.0,0.7858200073242188,1571.6400146484375,14,156002.6111670838,102693.75078500374,0.9476212529813168,-0.5191052033310747,policy_rebalance
2026-09-01,2026-09-01T12:55:00-04:00,2026-09-01T12:55:00-04:00,NVDA,10,buy,219.35000610351562,219.45968110656736,1.0967500305175781,0.0,1.0967500305175781,2193.5000610351562,-252,153808.01435601813,102665.47150933844,0.9266587861275359,-0.4981474501096288,policy_rebalance
2026-09-01,2026-09-01T12:55:00-04:00,2026-09-01T12:55:00-04:00,SNDK,1,buy,1571.18994140625,1571.975536376953,0.785594970703125,0.0,0.785594970703125,1571.18994140625,15,152236.03881964117,102664.68591436773,0.9419699703569343,-0.48284716856408383,policy_rebalance
2026-09-01,2026-09-01T13:00:00-04:00,2026-09-01T13:00:00-04:00,NVDA,1,buy,219.67999267578125,219.78983267211913,0.10983999633789063,0.0,0.10983999633789063,219.67999267578125,-251,152016.24898696903,102610.76973892216,0.9409624172526133,-0.48148434490601494,policy_rebalance
2026-09-01,2026-09-01T13:05:00-04:00,2026-09-01T13:05:00-04:00,TSLA,1,buy,356.1600036621094,356.33808366394044,0.17808000183105469,0.0,0.17808000183105469,356.1600036621094,-49,151659.9109033051,102780.89521726995,0.9329298750912685,-0.47556518731140773,policy_rebalance
2026-09-01,2026-09-01T13:05:00-04:00,2026-09-01T13:05:00-04:00,NVDA,1,buy,218.85000610351562,218.95943110656737,0.10942500305175781,0.0,0.10942500305175781,218.85000610351562,-250,151440.95147219853,102780.78579226689,0.9308015792374967,-0.4734364045268155,policy_rebalance
2026-09-01,2026-09-01T13:10:00-04:00,2026-09-01T13:10:00-04:00,TSLA,1,buy,356.66949462890625,356.84782937622066,0.17833474731445312,0.0,0.17833474731445312,356.66949462890625,-48,151084.1036428223,102833.81607568363,0.9265676497315233,-0.46920642847317295,policy_rebalance
2026-09-01,2026-09-01T13:10:00-04:00,2026-09-01T13:10:00-04:00,SNDK,1,buy,1567.739990234375,1568.5238602294921,0.7838699951171875,0.0,0.7838699951171875,1567.739990234375,16,149515.5797825928,102833.0322056885,0.9418202029741057,-0.4539645148606434,policy_rebalance
2026-09-01,2026-09-01T13:25:00-04:00,2026-09-01T13:25:00-04:00,TSLA,1,buy,356.95001220703125,357.12848721313475,0.17847500610351563,0.0,0.17847500610351563,356.95001220703125,-47,149158.45129537967,102797.99871969607,0.937594624541233,-0.45098594479545,policy_rebalance
2026-09-01,2026-09-01T13:50:00-04:00,2026-09-01T13:50:00-04:00,NVDA,1,buy,218.02000427246094,218.12901427459715,0.10901000213623047,0.0,0.10901000213623047,218.02000427246094,-249,148940.32228110507,102799.07147238925,0.9332855838049524,-0.4488489063941485,policy_rebalance
2026-09-01,2026-09-01T14:20:00-04:00,2026-09-01T14:20:00-04:00,TSLA,1,buy,355.0199890136719,355.1974990081787,0.17750999450683594,0.0,0.17750999450683594,355.0199890136719,-46,148585.1247820969,102748.07165099337,0.927284875401186,-0.4461110792112891,policy_rebalance
2026-09-01,2026-09-01T14:20:00-04:00,2026-09-01T14:20:00-04:00,SNDK,1,buy,1544.989990234375,1545.762485229492,0.7724949951171876,0.0,0.7724949951171876,1544.989990234375,17,147039.3622968674,102747.29915599825,0.94232864127977,-0.43107763906885554,policy_rebalance
2026-09-01,2026-09-01T14:45:00-04:00,2026-09-01T14:45:00-04:00,NVDA,1,buy,216.51499938964844,216.62325688934325,0.10825749969482422,0.0,0.10825749969482422,216.51499938964844,-248,146822.73903997804,102849.66964300539,0.9326692968280726,-0.42754701643286397,policy_rebalance
2026-09-01,2026-09-01T14:45:00-04:00,2026-09-01T14:45:00-04:00,SNDK,1,buy,1527.989990234375,1528.7539852294922,0.7639949951171875,0.0,0.7639949951171875,1527.989990234375,18,145293.98505474854,102848.90564801026,0.9475328730156608,-0.41269354437277317,policy_rebalance
2026-09-01,2026-09-01T15:00:00-04:00,2026-09-01T15:00:00-04:00,SNDK,-1,sell,1537.4300537109375,1536.661338684082,0.7687150268554688,0.0,0.7687150268554688,1537.4300537109375,17,146830.64639343263,102770.11526550294,0.9373654267607687,-0.4287290231610704,policy_rebalance
2026-09-01,2026-09-01T15:00:00-04:00,2026-09-01T15:00:00-04:00,TSLA,1,buy,354.3800048828125,354.55719488525386,0.17719000244140626,0.0,0.17719000244140626,354.3800048828125,-45,146476.0891985474,102769.93807550051,0.9339187582141716,-0.42528147765290963,policy_rebalance
2026-09-01,2026-09-01T15:25:00-04:00,2026-09-01T15:25:00-04:00,SNDK,-2,sell,1537.8682861328125,1537.099351989746,1.5378682861328126,0.0,1.5378682861328126,3075.736572265625,15,149550.28790252688,102612.11315887453,0.9070490847754954,-0.4574330778177999,policy_rebalance
2026-09-01,2026-09-01T15:30:00-04:00,2026-09-01T15:30:00-04:00,SNDK,-2,sell,1539.6400146484375,1538.8701946411134,1.5396400146484375,0.0,1.5396400146484375,3079.280029296875,13,152628.0282918091,102630.64718829349,0.8772040706242765,-0.4871583924808237,policy_rebalance
2026-09-01,2026-09-01T15:45:00-04:00,2026-09-01T15:45:00-04:00,SNDK,-9,sell,1538.5849609375,1537.8156684570313,6.92363232421875,0.0,6.92363232421875,13847.2646484375,4,166468.3693079224,102680.20970098881,0.7411052189709424,-0.6212312946446905,policy_rebalance
2026-09-01,2026-09-01T15:45:00-04:00,2026-09-01T15:45:00-04:00,TSLA,1,buy,356.29998779296875,356.4781377868652,0.17814999389648437,0.0,0.17814999389648437,356.29998779296875,-44,166111.89117013552,102680.0315509949,0.737636502079033,-0.61776236977136,policy_rebalance
2026-09-01,2026-09-01T15:55:00-04:00,,SNDK,-4,sell,1534.68994140625,1533.922596435547,3.0693798828125,0.0,3.0693798828125,6138.759765625,0,172247.58155587772,102793.86048654179,0.6756602071427127,-0.6756602071427127,scheduled_1555_liquidation
2026-09-01,2026-09-01T15:55:00-04:00,,TSLA,44,buy,355.9100036621094,356.0879586639404,7.830020080566406,0.0,7.830020080566406,15660.040161132812,0,156579.71137466436,102786.03046646123,0.5233559527892834,-0.5233559527892834,scheduled_1555_liquidation
2026-09-01,2026-09-01T15:55:00-04:00,,NVDA,248,buy,216.91000366210938,217.0184586639404,26.89684045410156,0.0,26.89684045410156,53793.680908203125,0,102759.13362600714,102759.13362600714,0.0,0.0,scheduled_1555_liquidation
2026-09-02,2026-09-02T09:35:00-04:00,2026-09-02T09:35:00-04:00,SNDK,46,buy,1553.6700439453125,1554.446878967285,35.734411010742186,0.0,35.734411010742186,71468.82202148438,46,31254.57719351203,102723.3992149964,0.6957404307844475,0.6957404307844475,policy_rebalance
2026-09-02,2026-09-02T09:35:00-04:00,2026-09-02T09:35:00-04:00,TSLA,-72,sell,356.70001220703125,356.5216622009278,12.841200439453125,0.0,12.841200439453125,25682.40087890625,-72,56924.13687197883,102710.55801455695,0.9458737716780935,0.44578105725108524,policy_rebalance
2026-09-02,2026-09-02T09:40:00-04:00,2026-09-02T09:40:00-04:00,SNDK,-38,sell,1566.6099853515625,1565.8266803588867,29.76558972167969,0.0,29.76558972167969,59531.179443359375,8,116425.55072561653,103595.19135061653,0.3658096350473073,-0.12385091631884555,policy_rebalance
2026-09-02,2026-09-02T09:40:00-04:00,2026-09-02T09:40:00-04:00,TSLA,-133,sell,352.2672119140625,352.09107830810547,23.425769592285157,0.0,23.425769592285157,46851.53918457031,-205,163253.66414059454,103571.76558102423,0.8182505903010525,-0.5762371455653243,policy_rebalance
2026-09-02,2026-09-02T09:40:00-04:00,2026-09-02T09:40:00-04:00,MSTR,98,buy,122.30500030517578,122.36615280532837,5.992945014953613,0.0,5.992945014953613,11985.890029907227,98,151261.78116567235,103565.77263600926,0.9340300940454608,-0.46053833535616806,policy_rebalance
2026-09-02,2026-09-02T09:45:00-04:00,2026-09-02T09:45:00-04:00,SNDK,-1,sell,1582.989990234375,1582.198495239258,0.7914949951171875,0.0,0.7914949951171875,1582.989990234375,7,152843.9796609116,104246.09120265965,0.9129225656460737,-0.46618427508975097,policy_rebalance
2026-09-02,2026-09-02T09:45:00-04:00,2026-09-02T09:45:00-04:00,TSLA,167,buy,350.6499938964844,350.8253188934326,29.279274490356446,0.0,29.279274490356446,58558.54898071289,-38,94256.15140570836,104216.81192816929,0.351287468703485,0.09557633109450953,policy_rebalance
2026-09-02,2026-09-02T09:45:00-04:00,2026-09-02T09:45:00-04:00,MSTR,487,buy,124.53500366210938,124.59727116394042,30.324273391723633,0.0,30.324273391723633,60648.546783447266,585,33577.28034886937,104186.48765477756,0.9335049969657091,0.6777194326760698,policy_rebalance
2026-09-02,2026-09-02T09:50:00-04:00,2026-09-02T09:50:00-04:00,MSTR,-246,sell,123.33999633789062,123.27832633972169,15.170819549560546,0.0,15.170819549560546,30341.639099121094,339,63903.7486284409,103236.59765798191,0.6398797597603108,0.38099714560381903,policy_rebalance
2026-09-02,2026-09-02T09:50:00-04:00,2026-09-02T09:50:00-04:00,TSLA,38,buy,351.6600036621094,351.83583366394043,6.681540069580078,0.0,6.681540069580078,13363.080139160156,0,50533.98694921117,103229.91611791233,0.5104714907305581,0.5104714907305581,policy_rebalance
2026-09-02,2026-09-02T09:50:00-04:00,2026-09-02T09:50:00-04:00,TSLA,128,buy,351.6600036621094,351.83583366394043,22.506240234375,0.0,22.506240234375,45012.48046875,128,5499.000240226793,103207.40987767797,0.9467189395921839,0.9467189395921839,policy_rebalance
2026-09-02,2026-09-02T09:55:00-04:00,2026-09-02T09:55:00-04:00,SNDK,-7,sell,1519.5,1518.74025,5.31825,0.0,5.31825,10636.5,0,16130.181990226793,103268.71314104466,0.8438037862620004,0.8438037862620004,policy_rebalance
2026-09-02,2026-09-02T09:55:00-04:00,2026-09-02T09:55:00-04:00,TSLA,-1,sell,352.3900146484375,352.2138196411133,0.17619500732421875,0.0,0.17619500732421875,352.3900146484375,127,16482.395809867907,103268.53694603735,0.840392860233115,0.840392860233115,policy_rebalance
2026-09-02,2026-09-02T09:55:00-04:00,2026-09-02T09:55:00-04:00,MSTR,-116,sell,123.98999786376953,123.92800286483765,7.1914198760986325,0.0,7.1914198760986325,14382.839752197266,223,30858.044142189072,103261.34552616124,0.7011655815159682,0.7011655815159682,policy_rebalance
2026-09-02,2026-09-02T09:55:00-04:00,2026-09-02T09:55:00-04:00,SNDK,-16,sell,1519.5,1518.74025,12.156,0.0,12.156,24312.0,-16,55157.88814218907,103249.18952616124,0.9367172936448716,0.4657789722580516,policy_rebalance
2026-09-02,2026-09-02T10:00:00-04:00,2026-09-02T10:00:00-04:00,TSLA,-42,sell,351.7300109863281,351.55414598083496,7.386330230712891,0.0,7.386330230712891,14772.660461425781,85,69923.16227338414,102947.26762006382,0.7944054170262492,0.32078661347825305,policy_rebalance
2026-09-02,2026-09-02T10:00:00-04:00,2026-09-02T10:00:00-04:00,MSTR,-1,sell,123.34500122070312,123.28332872009278,0.06167250061035156,0.0,0.06167250061035156,123.34500122070312,222,70046.44560210423,102947.20594756321,0.7932077545242194,0.3195886672457841,policy_rebalance
2026-09-02,2026-09-02T10:00:00-04:00,2026-09-02T10:00:00-04:00,SNDK,-10,sell,1523.6800537109375,1522.918213684082,7.618400268554687,0.0,7.618400268554687,15236.800537109375,-26,85275.62773894504,102939.58754729465,0.9412833770759057,0.17159540104271415,policy_rebalance
2026-09-02,2026-09-02T10:10:00-04:00,2026-09-02T10:10:00-04:00,SNDK,19,buy,1528.3299560546875,1529.0941210327148,14.51913458251953,0.0,14.51913458251953,29038.269165039062,-7,56222.83943932346,102837.722068718,0.6613478074583727,0.4532858341440667,policy_rebalance
2026-09-02,2026-09-02T10:10:00-04:00,2026-09-02T10:10:00-04:00,TSLA,34,buy,351.71990966796875,351.89576962280273,5.979238464355468,0.0,5.979238464355468,11958.476928710938,119,44258.383272148174,102831.74283025364,0.7776779498416077,0.5696038785882843,policy_rebalance
2026-09-02,2026-09-02T10:25:00-04:00,2026-09-02T10:25:00-04:00,SNDK,1,buy,1531.3299560546875,1532.0956210327147,0.7656649780273438,0.0,0.7656649780273438,1531.3299560546875,-6,42726.28765111546,103206.99437718968,0.7640631981833877,0.586013642690106,policy_rebalance
2026-09-02,2026-09-02T10:25:00-04:00,2026-09-02T10:25:00-04:00,TSLA,49,buy,354.7950134277344,354.97241093444825,8.692477828979492,0.0,8.692477828979492,17384.955657958984,168,25332.639515327497,103198.3018993607,0.9325892004554938,0.7545246477017425,policy_rebalance
2026-09-02,2026-09-02T10:35:00-04:00,2026-09-02T10:35:00-04:00,SNDK,6,buy,1542.3599853515625,1543.1311653442383,4.627079956054687,0.0,4.627079956054687,9254.159912109375,0,16073.852523262067,103160.69445746616,0.8441862706741528,0.8441862706741528,policy_rebalance
2026-09-02,2026-09-02T10:35:00-04:00,2026-09-02T10:35:00-04:00,SNDK,4,buy,1542.3599853515625,1543.1311653442383,3.084719970703125,0.0,3.084719970703125,6169.43994140625,4,9901.327861885115,103157.60973749547,0.904017474938776,0.904017474938776,policy_rebalance
2026-09-02,2026-09-02T10:40:00-04:00,2026-09-02T10:40:00-04:00,MSTR,-1,sell,123.44000244140625,123.37828244018556,0.061720001220703126,0.0,0.061720001220703126,123.44000244140625,221,10024.7061443253,103195.54507254796,0.9028571811188382,0.9028571811188382,policy_rebalance
2026-09-02,2026-09-02T10:40:00-04:00,2026-09-02T10:40:00-04:00,SNDK,2,buy,1540.81005859375,1541.5804636230469,1.54081005859375,0.0,1.54081005859375,3081.6201171875,6,6941.545217079207,103194.00426248937,0.932733056860335,0.932733056860335,policy_rebalance
2026-09-02,2026-09-02T10:40:00-04:00,2026-09-02T10:40:00-04:00,NVDA,-2,sell,223.78500366210938,223.67311116027832,0.22378500366210938,0.0,0.22378500366210938,447.57000732421875,-2,7388.891439399764,103193.7804774857,0.9370722596390574,0.9283978995128312,policy_rebalance
2026-09-02,2026-09-02T10:45:00-04:00,2026-09-02T10:45:00-04:00,TSLA,-42,sell,356.2304992675781,356.05238401794435,7.480840484619141,0.0,7.480840484619141,14961.680969238281,126,22343.091568153424,103406.17393509678,0.7925960243787742,0.7839288437247747,policy_rebalance
2026-09-02,2026-09-02T10:45:00-04:00,2026-09-02T10:45:00-04:00,MSTR,-1,sell,123.83999633789062,123.7780763397217,0.06191999816894531,0.0,0.06191999816894531,123.83999633789062,220,22466.869644493145,103406.11201509861,0.7913988908981591,0.7827317050542167,policy_rebalance
2026-09-02,2026-09-02T10:45:00-04:00,2026-09-02T10:45:00-04:00,NVDA,1,buy,224.05999755859375,224.17202755737304,0.11202999877929687,0.0,0.11202999877929687,224.05999755859375,-1,22242.697616935773,103405.99998509983,0.7892329494907545,0.7848993518737714,policy_rebalance
2026-09-02,2026-09-02T10:45:00-04:00,2026-09-02T10:45:00-04:00,SNDK,10,buy,1542.9200439453125,1543.6915039672851,7.714600219726562,0.0,7.714600219726562,15429.200439453125,16,6805.782577262922,103398.28538488012,0.9385128819256473,0.9341789609766765,policy_rebalance
2026-09-02,2026-09-02T10:50:00-04:00,2026-09-02T10:50:00-04:00,TSLA,-126,sell,353.9700012207031,353.7930162200928,22.300110076904296,0.0,22.300110076904296,44600.220153808594,0,51383.70262099461,102754.0210108872,0.5042893492882744,0.49993487247034046,policy_rebalance
2026-09-02,2026-09-02T10:50:00-04:00,2026-09-02T10:50:00-04:00,MSTR,-1,sell,123.44999694824219,123.38827194976807,0.06172499847412109,0.0,0.06172499847412109,123.44999694824219,219,51507.09089294438,102753.95928588872,0.5030882386882873,0.4987337592545897,policy_rebalance
2026-09-02,2026-09-02T10:50:00-04:00,2026-09-02T10:50:00-04:00,TSLA,-118,sell,353.9700012207031,353.7930162200928,20.884230072021484,0.0,20.884230072021484,41768.46014404297,-118,93254.66680691534,102733.0750558167,0.909763174991586,0.09226247967124103,policy_rebalance
2026-09-02,2026-09-02T11:00:00-04:00,2026-09-02T11:00:00-04:00,NVDA,-21,sell,224.0500030517578,223.93797805023195,2.352525032043457,0.0,2.352525032043457,4705.050064086914,-22,97957.36434597021,102821.27439540869,0.9496158474817104,0.04730451045309808,policy_rebalance
2026-09-02,2026-09-02T11:05:00-04:00,2026-09-02T11:05:00-04:00,SNDK,-1,sell,1526.06005859375,1525.2970285644533,0.763030029296875,0.0,0.763030029296875,1526.06005859375,15,99482.66137453467,102506.29787966162,0.9401739098004345,0.029497080351849052,policy_rebalance
2026-09-02,2026-09-02T11:05:00-04:00,2026-09-02T11:05:00-04:00,MSTR,-80,sell,122.41000366210938,122.34879866027833,4.896400146484375,0.0,4.896400146484375,9792.80029296875,139,109270.56526735694,102501.40147951515,0.8446806123038607,-0.06603971936124806,policy_rebalance
2026-09-02,2026-09-02T11:05:00-04:00,2026-09-02T11:05:00-04:00,NVDA,-41,sell,225.44009399414062,225.32737394714357,4.621521926879883,0.0,4.621521926879883,9243.043853759766,-63,118508.98759918983,102496.77995758827,0.9348975690468627,-0.15622156762609704,policy_rebalance
2026-09-02,2026-09-02T11:35:00-04:00,2026-09-02T11:35:00-04:00,TSLA,1,buy,354.3599853515625,354.53716534423825,0.17717999267578124,0.0,0.17717999267578124,354.3599853515625,-117,118154.45043384559,102572.09755146033,0.9341432534590226,-0.15191609857220284,policy_rebalance
2026-09-02,2026-09-02T11:45:00-04:00,2026-09-02T11:45:00-04:00,SNDK,-1,sell,1545.3599853515625,1544.5873053588869,0.7726799926757812,0.0,0.7726799926757812,1545.3599853515625,14,119699.03773920448,102591.49946253211,0.9194904039667942,-0.16675395492118997,policy_rebalance
2026-09-02,2026-09-02T11:45:00-04:00,2026-09-02T11:45:00-04:00,TSLA,1,buy,353.989990234375,354.1669852294922,0.1769949951171875,0.0,0.1769949951171875,353.989990234375,-116,119344.87075397499,102591.322467537,0.9160415036453582,-0.16330375594621385,policy_rebalance
2026-09-02,2026-09-02T11:45:00-04:00,2026-09-02T11:45:00-04:00,NVDA,-6,sell,227.02999877929688,226.91648377990725,0.6810899963378906,0.0,0.6810899963378906,1362.1799926757812,-69,120706.36965665444,102590.64137754067,0.9293254044094146,-0.17658265935239292,policy_rebalance
2026-09-02,2026-09-02T11:55:00-04:00,2026-09-02T11:55:00-04:00,SNDK,-14,sell,1541.0,1540.2295000000001,10.787,0.0,10.787,21574.0,0,142269.58265665444,102578.4897992936,0.7172348815357168,-0.38693387799938317,policy_rebalance
2026-09-02,2026-09-02T11:55:00-04:00,2026-09-02T11:55:00-04:00,NVDA,1,buy,227.4499969482422,227.5637219467163,0.1137249984741211,0.0,0.1137249984741211,227.4499969482422,-68,142042.01893470774,102578.37607429514,0.7150183478166826,-0.38471697808736993,policy_rebalance
2026-09-02,2026-09-02T11:55:00-04:00,2026-09-02T11:55:00-04:00,SNDK,-2,sell,1541.0,1540.2295000000001,1.541,0.0,1.541,3082.0,-2,145122.47793470774,102576.83507429514,0.745074859513899,-0.4147685277050838,policy_rebalance
2026-09-02,2026-09-02T12:15:00-04:00,2026-09-02T12:15:00-04:00,MSTR,-1,sell,122.72000122070312,122.65864122009278,0.061360000610351566,0.0,0.061360000610351566,122.72000122070312,138,145245.13657592784,102509.45768188487,0.7473105502975913,-0.4168949856964766,policy_rebalance
2026-09-02,2026-09-02T12:15:00-04:00,2026-09-02T12:15:00-04:00,SNDK,2,buy,1542.1400146484375,1542.9110846557617,1.5421400146484374,0.0,1.5421400146484374,3084.280029296875,0,142159.31440661632,102507.91554187023,0.7172335796022447,-0.38681304419413487,policy_rebalance
2026-09-02,2026-09-02T12:15:00-04:00,2026-09-02T12:15:00-04:00,SNDK,2,buy,1542.1400146484375,1542.9110846557617,1.5421400146484374,0.0,1.5421400146484374,3084.280029296875,2,139073.4922373048,102506.37340185558,0.7473330358751166,-0.3567301975663035,policy_rebalance
2026-09-02,2026-09-02T12:30:00-04:00,2026-09-02T12:30:00-04:00,SNDK,3,buy,1543.1700439453125,1543.9416289672852,2.3147550659179688,0.0,2.3147550659179688,4629.5101318359375,5,134441.66735040295,102647.01552545177,0.7905576210492962,-0.30974745502530027,policy_rebalance
2026-09-02,2026-09-02T12:50:00-04:00,2026-09-02T12:50:00-04:00,NVDA,1,buy,226.02499389648438,226.13800639343262,0.11301249694824218,0.0,0.11301249694824218,226.02499389648438,-67,134215.52934400953,102688.26323072828,0.7866773051032456,-0.3070191774735078,policy_rebalance
2026-09-02,2026-09-02T12:50:00-04:00,2026-09-02T12:50:00-04:00,SNDK,1,buy,1541.489990234375,1542.2607352294922,0.7707449951171875,0.0,0.7707449951171875,1541.489990234375,6,132673.26860878002,102687.49248573315,0.8016946775261268,-0.29201001404541005,policy_rebalance
2026-09-02,2026-09-02T13:35:00-04:00,2026-09-02T13:35:00-04:00,SNDK,-1,sell,1541.30712890625,1540.5364753417969,0.770653564453125,0.0,0.770653564453125,1541.30712890625,5,134213.80508412182,102677.7201537019,0.7854015126566485,-0.30713659091000894,policy_rebalance
2026-09-02,2026-09-02T13:35:00-04:00,2026-09-02T13:35:00-04:00,MSTR,-1,sell,122.08000183105469,122.01896183013916,0.061040000915527345,0.0,0.061040000915527345,122.08000183105469,137,134335.82404595197,102677.659113701,0.7842130159381279,-0.3083257371225617,policy_rebalance
2026-09-02,2026-09-02T15:10:00-04:00,2026-09-02T15:10:00-04:00,SNDK,-5,sell,1541.0,1540.2295000000001,3.8525,0.0,3.8525,7705.0,0,142036.97154595196,102864.4500081712,0.7075995799872258,-0.38081690549717645,policy_rebalance
2026-09-02,2026-09-02T15:10:00-04:00,2026-09-02T15:10:00-04:00,MSTR,-1,sell,122.68000030517578,122.6186603050232,0.06134000015258789,0.0,0.06134000015258789,122.68000030517578,136,142159.59020625698,102864.38866817104,0.7064073637330425,-0.38200977079490395,policy_rebalance
2026-09-02,2026-09-02T15:10:00-04:00,2026-09-02T15:10:00-04:00,SNDK,-9,sell,1541.0,1540.2295000000001,6.9345,0.0,6.9345,13869.0,-9,156021.65570625698,102857.45416817104,0.8412920805876917,-0.516872617235528,policy_rebalance
2026-09-02,2026-09-02T15:15:00-04:00,2026-09-02T15:15:00-04:00,TSLA,1,buy,353.1300048828125,353.3065698852539,0.17656500244140624,0.0,0.17656500244140624,353.1300048828125,-115,155668.34913637172,102872.62557985316,0.8381675543712863,-0.5132145044313733,policy_rebalance
2026-09-02,2026-09-02T15:15:00-04:00,2026-09-02T15:15:00-04:00,SNDK,-1,sell,1540.0,1539.23,0.77,0.0,0.77,1540.0,-10,157207.57913637173,102871.85557985317,0.8531439089857994,-0.5281884267591638,policy_rebalance
2026-09-02,2026-09-02T15:50:00-04:00,2026-09-02T15:50:00-04:00,MSTR,-1,sell,122.9800033569336,122.91851335525513,0.0614900016784668,0.0,0.0614900016784668,122.9800033569336,135,157330.49764972698,102545.11429553997,0.8580612042321948,-0.5342563975919212,policy_rebalance
2026-09-02,2026-09-02T15:50:00-04:00,2026-09-02T15:50:00-04:00,SNDK,8,buy,1544.489990234375,1545.262235229492,6.1779599609375,0.0,6.1779599609375,12355.919921875,-2,144968.39976789104,102538.93633557903,0.7376131159694946,-0.4137888001242101,policy_rebalance
2026-09-02,2026-09-02T15:55:00-04:00,,MSTR,-135,sell,122.7300033569336,122.66863835525514,8.284275226593017,0.0,8.284275226593017,16568.550453186035,0,161528.6659458505,102407.516241871,0.5773126023713369,-0.5773126023713369,scheduled_1555_liquidation
2026-09-02,2026-09-02T15:55:00-04:00,,SNDK,2,buy,1556.8399658203125,1557.6183858032225,1.5568399658203125,0.0,1.5568399658203125,3113.679931640625,0,158413.42917424405,102405.95940190519,0.5469161179627295,-0.5469161179627295,scheduled_1555_liquidation
2026-09-02,2026-09-02T15:55:00-04:00,,TSLA,115,buy,356.2200012207031,356.39811122131346,20.48265007019043,0.0,20.48265007019043,40965.30014038086,0,117427.646383793,102385.476751835,0.1469170248473587,-0.1469170248473587,scheduled_1555_liquidation
2026-09-02,2026-09-02T15:55:00-04:00,,NVDA,67,buy,224.50999450683594,224.62224950408935,7.521084815979004,0.0,7.521084815979004,15042.169631958008,0,102377.95566701902,102377.95566701902,0.0,0.0,scheduled_1555_liquidation
2026-09-03,2026-09-03T09:35:00-04:00,2026-09-03T09:35:00-04:00,SNDK,-47,sell,1516.4599609375,1515.7017309570313,35.63680908203125,0.0,35.63680908203125,71273.6181640625,-47,173615.9370219995,102342.318857937,0.696423717572772,-0.696423717572772,policy_rebalance
2026-09-03,2026-09-03T09:35:00-04:00,2026-09-03T09:35:00-04:00,MSTR,196,buy,130.36000061035156,130.42518061065672,12.775280059814452,0.0,12.775280059814452,25550.560119628906,196,148052.6016223108,102329.5435778772,0.9461996496642637,-0.4468216748141398,policy_rebalance
2026-09-03,2026-09-03T09:40:00-04:00,2026-09-03T09:40:00-04:00,SNDK,47,buy,1518.2099609375,1518.9690659179687,35.67793408203125,0.0,35.67793408203125,71355.8681640625,0,76661.05552416627,102535.01444750611,0.25234266618830287,0.25234266618830287,policy_rebalance
2026-09-03,2026-09-03T09:40:00-04:00,2026-09-03T09:40:00-04:00,SNDK,8,buy,1518.2099609375,1518.9690659179687,6.07283984375,0.0,6.07283984375,12145.6796875,8,64509.30299682252,102528.94160766236,0.3708186002380278,0.3708186002380278,policy_rebalance
2026-09-03,2026-09-03T09:40:00-04:00,2026-09-03T09:40:00-04:00,MSTR,347,buy,132.00999450683594,132.07599950408934,22.903734046936034,0.0,22.903734046936034,45807.46809387207,543,18678.931168903517,102506.03787361542,0.8177772592095145,0.8177772592095145,policy_rebalance
2026-09-03,2026-09-03T09:55:00-04:00,2026-09-03T09:55:00-04:00,SNDK,3,buy,1547.1600341796875,1547.9336141967772,2.320740051269531,0.0,2.320740051269531,4641.4801025390625,11,14035.130326313185,102398.66037086885,0.8629363872976408,0.8629363872976408,policy_rebalance
2026-09-03,2026-09-03T10:00:00-04:00,2026-09-03T10:00:00-04:00,SNDK,2,buy,1545.0,1545.7724999999998,1.545,0.0,1.545,3090.0,13,10943.585326313185,102894.63864052217,0.8936428032509426,0.8936428032509426,policy_rebalance
2026-09-03,2026-09-03T10:05:00-04:00,2026-09-03T10:05:00-04:00,SNDK,-7,sell,1529.3699951171875,1528.605310119629,5.352794982910156,0.0,5.352794982910156,10705.589965820312,6,21643.822497150588,103009.18144490449,0.7898845307422717,0.7898845307422717,policy_rebalance
2026-09-03,2026-09-03T10:05:00-04:00,2026-09-03T10:05:00-04:00,MSTR,-229,sell,132.94500732421875,132.87853482055664,15.222203338623046,0.0,15.222203338623046,30444.406677246094,314,52073.00697105806,102993.95924156587,0.49440717344476404,0.49440717344476404,policy_rebalance
2026-09-03,2026-09-03T10:05:00-04:00,2026-09-03T10:05:00-04:00,TSLA,125,buy,372.4599914550781,372.6462214508056,23.278749465942383,0.0,23.278749465942383,46557.498931884766,125,5492.229289707357,102970.68049209993,0.9466622026439,0.9466622026439,policy_rebalance
2026-09-03,2026-09-03T10:10:00-04:00,2026-09-03T10:10:00-04:00,SNDK,-6,sell,1523.02001953125,1522.2585095214845,4.56906005859375,0.0,4.56906005859375,9138.1201171875,0,14625.780346836264,103583.7962159769,0.8588024297126468,0.8588024297126468,policy_rebalance
2026-09-03,2026-09-03T10:15:00-04:00,2026-09-03T10:15:00-04:00,TSLA,-1,sell,377.0039978027344,376.815495803833,0.18850199890136718,0.0,0.18850199890136718,377.0039978027344,124,15002.595842640096,103831.80137852876,0.8555105888229109,0.8555105888229109,policy_rebalance
2026-09-03,2026-09-03T10:15:00-04:00,2026-09-03T10:15:00-04:00,SNDK,-6,sell,1523.0400390625,1522.2785190429688,4.5691201171875,0.0,4.5691201171875,9138.240234375,-6,24136.26695689791,103827.23225841159,0.9435621429880388,0.7675343314861164,policy_rebalance
2026-09-03,2026-09-03T10:20:00-04:00,2026-09-03T10:20:00-04:00,TSLA,1,buy,376.7749938964844,376.9633813934326,0.1883874969482422,0.0,0.1883874969482422,376.7749938964844,125,23759.303575504477,103926.51875494784,0.947350647432261,0.7713836289318281,policy_rebalance
2026-09-03,2026-09-03T10:30:00-04:00,2026-09-03T10:30:00-04:00,SNDK,6,buy,1524.3900146484375,1525.1522096557617,4.5731700439453125,0.0,4.5731700439453125,9146.340087890625,0,14608.390317569907,104685.67944110507,0.8604547403660076,0.8604547403660076,policy_rebalance
2026-09-03,2026-09-03T10:30:00-04:00,2026-09-03T10:30:00-04:00,TSLA,24,buy,378.7099914550781,378.89934645080564,4.544519897460938,0.0,4.544519897460938,9089.039794921875,149,5514.806002750573,104681.1349212076,0.9473180529911,0.9473180529911,policy_rebalance
2026-09-03,2026-09-03T10:35:00-04:00,2026-09-03T10:35:00-04:00,MSTR,-1,sell,135.77999877929688,135.71210877990723,0.06788999938964843,0.0,0.06788999938964843,135.77999877929688,313,5650.5181115304795,104361.39918452852,0.945856244208269,0.945856244208269,policy_rebalance
2026-09-03,2026-09-03T10:35:00-04:00,2026-09-03T10:35:00-04:00,NVDA,-1,sell,226.34500122070312,226.23182872009278,0.11317250061035156,0.0,0.11317250061035156,226.34500122070312,-1,5876.749940250572,104361.28601202792,0.9480261297548208,0.9436884100913315,policy_rebalance
2026-09-03,2026-09-03T10:45:00-04:00,2026-09-03T10:45:00-04:00,TSLA,-1,sell,378.5010986328125,378.3118480834961,0.18925054931640625,0.0,0.18925054931640625,378.5010986328125,148,6255.061788334068,104855.82571960849,0.9446645740359202,0.9403460728537818,policy_rebalance
2026-09-03,2026-09-03T10:45:00-04:00,2026-09-03T10:45:00-04:00,NVDA,1,buy,226.41000366210938,226.5232086639404,0.11320500183105468,0.0,0.11320500183105468,226.41000366210938,0,6028.538579670128,104855.71251460665,0.9425063409985379,0.9425063409985379,policy_rebalance
2026-09-03,2026-09-03T10:45:00-04:00,2026-09-03T10:45:00-04:00,MSTR,1,buy,136.77000427246094,136.83838927459715,0.06838500213623047,0.0,0.06838500213623047,136.77000427246094,314,5891.700190395531,104855.64412960451,0.9438113204176857,0.9438113204176857,policy_rebalance
2026-09-03,2026-09-03T10:50:00-04:00,2026-09-03T10:50:00-04:00,TSLA,-1,sell,379.9649963378906,379.7750138397217,0.1899824981689453,0.0,0.1899824981689453,379.9649963378906,147,6271.475204235252,105612.19139075869,0.9406178858553255,0.9406178858553255,policy_rebalance
2026-09-03,2026-09-03T10:50:00-04:00,2026-09-03T10:50:00-04:00,MSTR,4,buy,138.49000549316406,138.55925049591065,0.27698001098632813,0.0,0.27698001098632813,553.9600219726562,318,5717.238202251609,105611.9144107477,0.9458655944819253,0.9458655944819253,policy_rebalance
2026-09-03,2026-09-03T11:00:00-04:00,2026-09-03T11:00:00-04:00,TSLA,-78,sell,379.5249938964844,379.33523139953616,14.80147476196289,0.0,14.80147476196289,29602.94952392578,69,35305.38625141543,105576.95238300723,0.6655957057432746,0.6655957057432746,policy_rebalance
2026-09-03,2026-09-03T11:00:00-04:00,2026-09-03T11:00:00-04:00,MSTR,215,buy,138.6300048828125,138.69931988525389,14.902725524902344,0.0,14.902725524902344,29805.451049804688,533,5485.032476085846,105562.04965748233,0.9480397311923825,0.9480397311923825,policy_rebalance
2026-09-03,2026-09-03T11:05:00-04:00,2026-09-03T11:05:00-04:00,TSLA,-1,sell,380.5,380.30975,0.19025,0.0,0.19025,380.5,68,5865.342226085846,105677.10287672062,0.9444975111313549,0.9444975111313549,policy_rebalance
2026-09-03,2026-09-03T11:05:00-04:00,2026-09-03T11:05:00-04:00,MSTR,-70,sell,138.72000122070312,138.65064122009278,4.85520004272461,0.0,4.85520004272461,9710.400085449219,463,15570.88711149234,105672.24767667789,0.8526492295391114,0.8526492295391114,policy_rebalance
2026-09-03,2026-09-03T11:05:00-04:00,2026-09-03T11:05:00-04:00,SNDK,6,buy,1536.0250244140625,1536.7930369262695,4.608075073242188,0.0,4.608075073242188,9216.150146484375,6,6350.128889934724,105667.63960160465,0.9399046963301497,0.9399046963301497,policy_rebalance
2026-09-03,2026-09-03T11:50:00-04:00,2026-09-03T11:50:00-04:00,TSLA,-68,sell,383.2099914550781,383.0183864593506,13.029139709472656,0.0,13.029139709472656,26058.279418945312,0,32395.379169170566,105877.79547471256,0.6940304714135481,0.6940304714135481,policy_rebalance
2026-09-03,2026-09-03T11:50:00-04:00,2026-09-03T11:50:00-04:00,MSTR,-2,sell,138.8000030517578,138.73060305023193,0.13880000305175783,0.0,0.13880000305175783,277.6000061035156,461,32672.84037527103,105877.6566747095,0.6914094871248181,0.6914094871248181,policy_rebalance
2026-09-03,2026-09-03T11:50:00-04:00,2026-09-03T11:50:00-04:00,TSLA,-71,sell,383.2099914550781,383.0183864593506,13.603954696655274,0.0,13.603954696655274,27207.909393310547,-71,59867.14581388493,105864.05272001286,0.9485063448148788,0.43449032721031033,policy_rebalance
2026-09-03,2026-09-03T11:55:00-04:00,2026-09-03T11:55:00-04:00,SNDK,-5,sell,1538.324951171875,1537.5557886962893,3.8458123779296876,0.0,3.8458123779296876,7691.624755859375,1,67554.92475736637,106439.91415250798,0.875331784005039,0.36532338178539747,policy_rebalance
2026-09-03,2026-09-03T11:55:00-04:00,2026-09-03T11:55:00-04:00,MSTR,-1,sell,139.88999938964844,139.8200543899536,0.06994499969482422,0.0,0.06994499969482422,139.88999938964844,460,67694.74481175633,106439.84420750829,0.8740180957396214,0.36400935837727266,policy_rebalance
2026-09-03,2026-09-03T12:05:00-04:00,2026-09-03T12:05:00-04:00,SNDK,-1,sell,1535.97998046875,1535.2119904785156,0.767989990234375,0.0,0.767989990234375,1535.97998046875,0,69229.95680223485,105857.03236375829,0.8596058620728633,0.34600512354872376,policy_rebalance
2026-09-03,2026-09-03T12:05:00-04:00,2026-09-03T12:05:00-04:00,MSTR,-44,sell,138.72000122070312,138.65064122009278,3.051840026855469,0.0,3.051840026855469,6103.6800537109375,416,75330.58501591894,105853.98052373144,0.8019693268764759,0.28835378090453057,policy_rebalance
2026-09-03,2026-09-03T12:05:00-04:00,2026-09-03T12:05:00-04:00,TSLA,1,buy,382.875,383.0664375,0.1914375,0.0,0.1914375,382.875,-70,74947.51857841894,105853.78908623144,0.7983537598164702,0.2919713198233782,policy_rebalance
2026-09-03,2026-09-03T12:45:00-04:00,2026-09-03T12:45:00-04:00,SNDK,9,buy,1548.0,1548.774,6.966,0.0,6.966,13932.0,9,61008.55257841894,106503.81283232519,0.9289832694503937,0.4271702490645283,policy_rebalance
2026-09-03,2026-09-03T13:00:00-04:00,2026-09-03T13:00:00-04:00,MSTR,-169,sell,140.38999938964844,140.31980438995362,11.862954948425292,0.0,11.862954948425292,23725.909896850586,247,84722.59952032109,106730.96031438847,0.7069753615419232,0.20620409231997158,policy_rebalance
2026-09-03,2026-09-03T13:00:00-04:00,2026-09-03T13:00:00-04:00,SNDK,16,buy,1561.77001953125,1562.5509045410156,12.49416015625,0.0,12.49416015625,24988.3203125,25,59721.785047664845,106718.46615423223,0.9412099254061292,0.44038002793861925,policy_rebalance
2026-09-03,2026-09-03T13:10:00-04:00,2026-09-03T13:10:00-04:00,SNDK,-6,sell,1556.43994140625,1555.661721435547,4.66931982421875,0.0,4.66931982421875,9338.6396484375,19,69055.75537627813,106605.99512237188,0.854504844017741,0.35223384672682084,policy_rebalance
2026-09-03,2026-09-03T13:10:00-04:00,2026-09-03T13:10:00-04:00,MSTR,-1,sell,140.69000244140625,140.61965744018556,0.07034500122070313,0.0,0.07034500122070313,140.69000244140625,246,69196.37503371832,106605.92477737066,0.8531856875769447,0.3509143588574104,policy_rebalance
2026-09-03,2026-09-03T13:15:00-04:00,2026-09-03T13:15:00-04:00,SNDK,-9,sell,1556.77001953125,1555.9916345214845,7.005465087890625,0.0,7.005465087890625,14010.93017578125,10,83200.29974441168,106784.7492073023,0.7221981462455032,0.22085971674762186,policy_rebalance
2026-09-03,2026-09-03T13:15:00-04:00,2026-09-03T13:15:00-04:00,TSLA,1,buy,382.3949890136719,382.5861865081787,0.19119749450683593,0.0,0.19119749450683593,382.3949890136719,-69,82817.7135579035,106784.55800980779,0.718618444145669,0.2244411073902935,policy_rebalance
2026-09-03,2026-09-03T13:20:00-04:00,2026-09-03T13:20:00-04:00,SNDK,-10,sell,1555.0,1554.2225,7.775,0.0,7.775,15550.0,0,98359.9385579035,106531.45726517889,0.5718040657250687,0.07670521850588025,policy_rebalance
2026-09-03,2026-09-03T13:20:00-04:00,2026-09-03T13:20:00-04:00,SNDK,-5,sell,1555.0,1554.2225,3.8875,0.0,3.8875,7775.0,-5,106131.0510579035,106527.5697651789,0.6448107334398117,0.003722216775896096,policy_rebalance
2026-09-03,2026-09-03T13:45:00-04:00,2026-09-03T13:45:00-04:00,MSTR,-1,sell,141.32000732421875,141.24934732055664,0.07066000366210938,0.0,0.07066000366210938,141.32000732421875,245,106272.30040522406,106729.6414391596,0.6445206938518999,0.004285042353452021,policy_rebalance
2026-09-03,2026-09-03T13:45:00-04:00,2026-09-03T13:45:00-04:00,TSLA,1,buy,382.5400085449219,382.7312785491943,0.19127000427246094,0.0,0.19127000427246094,382.5400085449219,-68,105889.56912667486,106729.45016915533,0.6409376459634027,0.007869252967661153,policy_rebalance
2026-09-03,2026-09-03T13:45:00-04:00,2026-09-03T13:45:00-04:00,SNDK,-7,sell,1554.1600341796875,1553.3829541625978,5.439560119628906,0.0,5.439560119628906,10879.120239257812,-12,116763.24980581304,106724.0106090357,0.7429072645713695,-0.09406729694177535,policy_rebalance
2026-09-03,2026-09-03T14:05:00-04:00,2026-09-03T14:05:00-04:00,SNDK,1,buy,1562.1400146484375,1562.9210846557617,0.7810700073242187,0.0,0.7810700073242187,1562.1400146484375,-11,115200.32872115728,106593.2148448145,0.7302000012773907,-0.08074729605325802,policy_rebalance
2026-09-03,2026-09-03T14:10:00-04:00,2026-09-03T14:10:00-04:00,SNDK,3,buy,1562.4100341796875,1563.1912391967774,2.343615051269531,0.0,2.343615051269531,4687.2301025390625,-8,110510.75500356694,106782.64062368413,0.6865171525232281,-0.03491311282534369,policy_rebalance
2026-09-03,2026-09-03T14:25:00-04:00,2026-09-03T14:25:00-04:00,SNDK,-1,sell,1563.5699462890625,1562.7881613159182,0.7817849731445312,0.0,0.7817849731445312,1563.5699462890625,-9,112073.54316488285,106666.51278463383,0.7003400367448196,-0.05069098294387993,policy_rebalance
2026-09-03,2026-09-03T14:55:00-04:00,2026-09-03T14:55:00-04:00,MSTR,-55,sell,141.77200317382812,141.70111717224123,3.8987300872802733,0.0,3.8987300872802733,7797.460174560547,190,119867.10460935612,106720.54754148502,0.6279945129392577,-0.12318674679550992,policy_rebalance
2026-09-03,2026-09-03T14:55:00-04:00,2026-09-03T14:55:00-04:00,SNDK,9,buy,1574.8299560546875,1575.6173710327148,7.086734802246093,0.0,7.086734802246093,14173.469604492188,0,105686.54827006168,106713.46080668278,0.4952182064938162,0.009623083431633817,policy_rebalance
2026-09-03,2026-09-03T14:55:00-04:00,2026-09-03T14:55:00-04:00,TSLA,1,buy,381.0260009765625,381.21651397705074,0.19051300048828124,0.0,0.19051300048828124,381.0260009765625,-67,105305.33175608463,106713.27029368229,0.4916485318467756,0.013193659361416928,policy_rebalance
2026-09-03,2026-09-03T14:55:00-04:00,2026-09-03T14:55:00-04:00,SNDK,16,buy,1574.8299560546875,1575.6173710327148,12.5986396484375,0.0,12.5986396484375,25197.279296875,16,80095.4538195612,106700.67165403385,0.7278557928589756,0.24934442700358425,policy_rebalance
2026-09-03,2026-09-03T15:10:00-04:00,2026-09-03T15:10:00-04:00,SNDK,-11,sell,1553.68994140625,1552.913096435547,8.545294677734375,0.0,8.545294677734375,17090.58935546875,5,97177.49788035221,106459.1194013483,0.5664219331466557,0.0871848421552747,policy_rebalance
2026-09-03,2026-09-03T15:10:00-04:00,2026-09-03T15:10:00-04:00,MSTR,-1,sell,142.22500610351562,142.15389360046387,0.07111250305175781,0.0,0.07111250305175781,142.22500610351562,189,97319.65177395268,106459.04828884525,0.5650863517310085,0.08584894061888962,policy_rebalance
2026-09-03,2026-09-03T15:25:00-04:00,2026-09-03T15:25:00-04:00,SNDK,-1,sell,1537.56005859375,1536.7912785644533,0.768780029296875,0.0,0.768780029296875,1537.56005859375,4,98856.44305251713,106581.35330031987,0.5508546947348033,0.07247900320833654,policy_rebalance
2026-09-03,2026-09-03T15:25:00-04:00,2026-09-03T15:25:00-04:00,MSTR,-189,sell,143.21499633789062,143.1433888397217,13.533817153930665,0.0,13.533817153930665,27067.634307861328,0,125910.54354322454,106567.81948316595,0.2969302054060244,-0.1815062385048995,policy_rebalance
2026-09-03,2026-09-03T15:25:00-04:00,2026-09-03T15:25:00-04:00,MSTR,-50,sell,143.21499633789062,143.1433888397217,3.580374908447266,0.0,3.580374908447266,7160.749816894531,-50,133067.71298521062,106564.23910825749,0.3641367373372093,-0.24870889238958038,policy_rebalance
2026-09-03,2026-09-03T15:55:00-04:00,,SNDK,-4,sell,1551.260009765625,1550.4843797607423,3.10252001953125,0.0,3.10252001953125,6205.0400390625,0,139269.65050425357,106741.4405127985,0.30473834562458324,-0.30473834562458324,scheduled_1555_liquidation
2026-09-03,2026-09-03T15:55:00-04:00,,TSLA,67,buy,377.6300048828125,377.8188198852539,12.65060516357422,0.0,12.65060516357422,25301.210327148438,0,113955.78957194157,106728.78990763493,0.06771368503813283,-0.06771368503813283,scheduled_1555_liquidation
2026-09-03,2026-09-03T15:55:00-04:00,,MSTR,50,buy,144.5399932861328,144.61226328277587,3.6134998321533205,0.0,3.6134998321533205,7226.999664306641,0,106725.17640780278,106725.17640780278,0.0,0.0,scheduled_1555_liquidation
2026-09-04,2026-09-04T09:35:00-04:00,2026-09-04T09:35:00-04:00,SNDK,45,buy,1633.219970703125,1634.0365806884765,36.74744934082031,0.0,36.74744934082031,73494.89868164062,45,33193.53027682133,106688.42895846195,0.6888741300169966,0.6888741300169966,policy_rebalance
2026-09-04,2026-09-04T09:35:00-04:00,2026-09-04T09:35:00-04:00,TSLA,-74,sell,359.3500061035156,359.1703311004639,13.295950225830078,0.0,13.295950225830078,26591.900451660156,-74,59772.134778255655,106675.13300823612,0.9382392719920333,0.4396807100897564,policy_rebalance
2026-09-04,2026-09-04T09:40:00-04:00,2026-09-04T09:40:00-04:00,SNDK,-18,sell,1640.5250244140625,1639.7047619018556,14.764725219726563,0.0,14.764725219726563,29529.450439453125,27,89286.82049248906,106923.97533868047,0.6635667655213049,0.16495042192666257,policy_rebalance
2026-09-04,2026-09-04T09:40:00-04:00,2026-09-04T09:40:00-04:00,TSLA,74,buy,360.2300109863281,360.41012599182125,13.328510406494141,0.0,13.328510406494141,26657.02081298828,0,62616.471169094286,106910.64682827398,0.41431023918812815,0.41431023918812815,policy_rebalance
2026-09-04,2026-09-04T09:40:00-04:00,2026-09-04T09:40:00-04:00,MSTR,408,buy,140.0800018310547,140.1500418319702,28.576320373535157,0.0,28.576320373535157,57152.64074707031,408,5435.25410165044,106882.07050790044,0.9491471855305359,0.9491471855305359,policy_rebalance
2026-09-04,2026-09-04T09:45:00-04:00,2026-09-04T09:45:00-04:00,SNDK,-10,sell,1638.97998046875,1638.1604904785156,8.19489990234375,0.0,8.19489990234375,16389.7998046875,17,21816.859006435596,106791.35693124028,0.795705760902703,0.795705760902703,policy_rebalance
2026-09-04,2026-09-04T09:45:00-04:00,2026-09-04T09:45:00-04:00,TSLA,-45,sell,357.20001220703125,357.0214122009277,8.037000274658203,0.0,8.037000274658203,16074.000549316406,-45,37882.822555477345,106783.31993096563,0.9462947821761671,0.6452365165274107,policy_rebalance
2026-09-04,2026-09-04T09:50:00-04:00,2026-09-04T09:50:00-04:00,MSTR,-1,sell,140.8000030517578,140.72960305023193,0.0704000015258789,0.0,0.0704000015258789,140.8000030517578,407,38023.55215852758,107115.85271089574,0.9450636720869553,0.645024044562735,policy_rebalance
2026-09-04,2026-09-04T09:50:00-04:00,2026-09-04T09:50:00-04:00,TSLA,45,buy,357.1000061035156,357.27855610656735,8.034750137329102,0.0,8.034750137329102,16069.500274658203,0,21946.01713373205,107107.81796075842,0.7951034989642631,0.7951034989642631,policy_rebalance
2026-09-04,2026-09-04T09:50:00-04:00,2026-09-04T09:50:00-04:00,TSLA,46,buy,357.1000061035156,357.27855610656735,8.21330014038086,0.0,8.21330014038086,16426.60028076172,46,5511.203552829953,107099.60466061803,0.9485413268303455,0.9485413268303455,policy_rebalance
2026-09-04,2026-09-04T10:00:00-04:00,2026-09-04T10:00:00-04:00,TSLA,-1,sell,359.54998779296875,359.3702127990723,0.17977499389648438,0.0,0.17977499389648438,359.54998779296875,45,5870.573765629026,107408.2943772013,0.9453433852602436,0.9453433852602436,policy_rebalance
2026-09-04,2026-09-04T10:00:00-04:00,2026-09-04T10:00:00-04:00,MSTR,-1,sell,140.47000122070312,140.39976622009277,0.07023500061035157,0.0,0.07023500061035157,140.47000122070312,406,6010.973531849118,107408.22414220068,0.9440361892224284,0.9440361892224284,policy_rebalance
2026-09-04,2026-09-04T10:05:00-04:00,2026-09-04T10:05:00-04:00,SNDK,-1,sell,1660.43994140625,1659.609721435547,0.830219970703125,0.0,0.830219970703125,1660.43994140625,16,7670.583253284665,107406.51983775733,0.9285836347283997,0.9285836347283997,policy_rebalance
2026-09-04,2026-09-04T10:05:00-04:00,2026-09-04T10:05:00-04:00,TSLA,-45,sell,357.0,356.8215,8.0325,0.0,8.0325,16065.0,0,23727.550753284668,107398.48733775732,0.7790699725717372,0.7790699725717372,policy_rebalance
2026-09-04,2026-09-04T10:05:00-04:00,2026-09-04T10:05:00-04:00,MSTR,-14,sell,140.64999389648438,140.57966889953613,0.9845499572753906,0.0,0.9845499572753906,1969.0999145507812,392,25695.666117878172,107397.50278780004,0.7607424246292894,0.7607424246292894,policy_rebalance
2026-09-04,2026-09-04T10:05:00-04:00,2026-09-04T10:05:00-04:00,TSLA,-52,sell,357.0,356.8215,9.282,0.0,9.282,18564.0,-52,44250.38411787817,107388.22078780005,0.9336763001972809,0.5879400571751974,policy_rebalance
2026-09-04,2026-09-04T10:15:00-04:00,2026-09-04T10:15:00-04:00,MSTR,-1,sell,140.32000732421875,140.24984732055665,0.07016000366210938,0.0,0.07016000366210938,140.32000732421875,391,44390.63396519873,107428.35704869483,0.9309724704363618,0.5867884869068837,policy_rebalance
2026-09-04,2026-09-04T10:15:00-04:00,2026-09-04T10:15:00-04:00,TSLA,1,buy,355.5299987792969,355.7077637786865,0.17776499938964843,0.0,0.17776499938964843,355.5299987792969,-51,44034.92620142004,107428.17928369544,0.9276645440912619,0.5900989247417757,policy_rebalance
2026-09-04,2026-09-04T10:15:00-04:00,2026-09-04T10:15:00-04:00,SNDK,1,buy,1666.260009765625,1667.0931397705078,0.8331300048828125,0.0,0.8331300048828125,1666.260009765625,17,42367.83306164954,107427.34615369055,0.9431823143296408,0.6056140770615691,policy_rebalance
2026-09-04,2026-09-04T10:25:00-04:00,2026-09-04T10:25:00-04:00,SNDK,-1,sell,1662.58056640625,1661.749276123047,0.831290283203125,0.0,0.831290283203125,1662.58056640625,16,44029.58233777258,107407.143433964,0.9256582856333587,0.5900683983384882,policy_rebalance
2026-09-04,2026-09-04T10:25:00-04:00,2026-09-04T10:25:00-04:00,TSLA,51,buy,353.3799133300781,353.55660328674315,9.011187789916992,0.0,9.011187789916992,18022.375579833984,0,25998.19557014868,107398.13224617406,0.7579269301391893,0.7579269301391893,policy_rebalance
2026-09-04,2026-09-04T10:25:00-04:00,2026-09-04T10:25:00-04:00,TSLA,14,buy,353.3799133300781,353.55660328674315,2.473659393310547,0.0,2.473659393310547,4947.318786621094,14,21048.403124134275,107395.65858678076,0.8040106704394743,0.8040106704394743,policy_rebalance
2026-09-04,2026-09-04T10:35:00-04:00,2026-09-04T10:35:00-04:00,SNDK,-1,sell,1677.510009765625,1676.6712547607424,0.8387550048828125,0.0,0.8387550048828125,1677.510009765625,15,22725.074378895017,107702.2952498667,0.7890010205801705,0.7890010205801705,policy_rebalance
2026-09-04,2026-09-04T10:35:00-04:00,2026-09-04T10:35:00-04:00,MSTR,-1,sell,140.3011016845703,140.23095113372804,0.07015055084228515,0.0,0.07015055084228515,140.3011016845703,390,22865.305330028747,107702.22509931585,0.7876988585059976,0.7876988585059976,policy_rebalance
2026-09-04,2026-09-04T10:35:00-04:00,2026-09-04T10:35:00-04:00,TSLA,44,buy,354.05999755859375,354.23702755737304,7.789319946289062,0.0,7.789319946289062,15578.639892578125,58,7278.876117504333,107694.43577936957,0.9324117716497782,0.9324117716497782,policy_rebalance
2026-09-04,2026-09-04T10:40:00-04:00,2026-09-04T10:40:00-04:00,MSTR,-90,sell,140.4456024169922,140.3753796157837,6.320052108764648,0.0,6.320052108764648,12640.104217529297,300,19912.660282924866,107850.77832491705,0.8153684137268356,0.8153684137268356,policy_rebalance
2026-09-04,2026-09-04T10:50:00-04:00,2026-09-04T10:50:00-04:00,SNDK,-1,sell,1666.3699951171875,1665.536810119629,0.8331849975585938,0.0,0.8331849975585938,1666.3699951171875,14,21578.197093044495,107035.55854323981,0.7984016023578985,0.7984016023578985,policy_rebalance
2026-09-04,2026-09-04T10:50:00-04:00,2026-09-04T10:50:00-04:00,TSLA,-1,sell,353.7099914550781,353.5331364593506,0.17685499572753907,0.0,0.17685499572753907,353.7099914550781,57,21931.730229503846,107035.38168824409,0.7950983134401,0.7950983134401,policy_rebalance
2026-09-04,2026-09-04T10:50:00-04:00,2026-09-04T10:50:00-04:00,MSTR,-104,sell,138.7100067138672,138.64065171051027,7.212920349121093,0.0,7.212920349121093,14425.840698242188,196,36350.35800739691,107028.16876789497,0.6603664397339398,0.6603664397339398,policy_rebalance
2026-09-04,2026-09-04T10:55:00-04:00,2026-09-04T10:55:00-04:00,SNDK,-8,sell,1681.5989990234375,1680.758199523926,6.72639599609375,0.0,6.72639599609375,13452.7919921875,6,49796.42360358832,107237.87630134223,0.5356451906632447,0.5356451906632447,policy_rebalance
2026-09-04,2026-09-04T11:50:00-04:00,2026-09-04T11:50:00-04:00,SNDK,-2,sell,1687.125,1686.2814375,1.687125,0.0,1.687125,3374.25,4,53168.986478588326,107779.59628083442,0.5066878304122676,0.5066878304122676,policy_rebalance
2026-09-04,2026-09-04T11:50:00-04:00,2026-09-04T11:50:00-04:00,TSLA,-1,sell,351.989990234375,351.81399523925785,0.1759949951171875,0.0,0.1759949951171875,351.989990234375,56,53520.800473827585,107779.4202858393,0.5034228210553897,0.5034228210553897,policy_rebalance
2026-09-04,2026-09-04T11:50:00-04:00,2026-09-04T11:50:00-04:00,MSTR,-1,sell,141.8300018310547,141.75908683013915,0.07091500091552734,0.0,0.07091500091552734,141.8300018310547,195,53662.559560657726,107779.34937083839,0.5021072230078142,0.5021072230078142,policy_rebalance
2026-09-04,2026-09-04T12:05:00-04:00,2026-09-04T12:05:00-04:00,SNDK,28,buy,1697.0899658203125,1697.9385108032225,23.759259521484374,0.0,23.759259521484374,47518.51904296875,32,6120.281258167495,107803.91519981789,0.9432276532181288,0.9432276532181288,policy_rebalance
2026-09-04,2026-09-04T12:20:00-04:00,2026-09-04T12:20:00-04:00,SNDK,-4,sell,1696.3399658203125,1695.4917958374024,3.392679931640625,0.0,3.392679931640625,6785.35986328125,28,12902.248441517106,107768.12559300636,0.8802776946288987,0.8802776946288987,policy_rebalance
2026-09-04,2026-09-04T12:20:00-04:00,2026-09-04T12:20:00-04:00,MSTR,-1,sell,141.75999450683594,141.68911450958254,0.07087999725341797,0.0,0.07087999725341797,141.75999450683594,194,13043.937556026689,107768.05471300911,0.8789628560080884,0.8789628560080884,policy_rebalance
2026-09-04,2026-09-04T12:25:00-04:00,2026-09-04T12:25:00-04:00,SNDK,-1,sell,1699.7750244140625,1698.9251369018555,0.8498875122070313,0.0,0.8498875122070313,1699.7750244140625,27,14742.862692928544,107847.2288123133,0.8632986414645335,0.8632986414645335,policy_rebalance
2026-09-04,2026-09-04T12:25:00-04:00,2026-09-04T12:25:00-04:00,TSLA,-1,sell,351.6000061035156,351.4242061004639,0.1758000030517578,0.0,0.1758000030517578,351.6000061035156,55,15094.286899029008,107847.05301231027,0.8600398761261834,0.8600398761261834,policy_rebalance
2026-09-04,2026-09-04T12:40:00-04:00,2026-09-04T12:40:00-04:00,MSTR,-194,sell,142.73500061035156,142.6636331100464,13.845295059204101,0.0,13.845295059204101,27690.590118408203,0,42771.03172237801,108360.14500362801,0.6052881645650622,0.6052881645650622,policy_rebalance
2026-09-04,2026-09-04T12:40:00-04:00,2026-09-04T12:40:00-04:00,MSTR,-162,sell,142.73500061035156,142.6636331100464,11.561535049438477,0.0,11.561535049438477,23123.070098876953,-162,65882.54028620552,108348.58346857857,0.8187664345962933,0.39193907130948635,policy_rebalance
2026-09-04,2026-09-04T12:45:00-04:00,2026-09-04T12:45:00-04:00,SNDK,-19,sell,1717.8900146484375,1717.0310696411134,16.319955139160157,0.0,16.319955139160157,32639.910278320312,8,98506.13060938667,108438.45009791206,0.5190088979183831,0.09159407460690581,policy_rebalance
2026-09-04,2026-09-04T12:45:00-04:00,2026-09-04T12:45:00-04:00,MSTR,-27,sell,143.0500030517578,142.97847805023193,1.9311750411987305,0.0,1.9311750411987305,3862.350082397461,-189,102366.54951674293,108436.51892287086,0.5546366773584002,0.0559771695589509,policy_rebalance
2026-09-04,2026-09-04T13:00:00-04:00,2026-09-04T13:00:00-04:00,SNDK,4,buy,1734.4300537109375,1735.2972687377928,3.468860107421875,0.0,3.468860107421875,6937.72021484375,12,95425.36044179177,108570.76241933083,0.61894565792949,0.12107681372603632,policy_rebalance
2026-09-04,2026-09-04T14:20:00-04:00,2026-09-04T14:20:00-04:00,SNDK,-4,sell,1720.0699462890625,1719.2099113159181,3.440139892578125,0.0,3.440139892578125,6880.27978515625,8,102302.20008705543,108655.88760231422,0.5530666413868602,0.058475317403080734,policy_rebalance
2026-09-04,2026-09-04T14:20:00-04:00,2026-09-04T14:20:00-04:00,TSLA,-1,sell,353.8774108886719,353.70047218322753,0.17693870544433593,0.0,0.17693870544433593,353.8774108886719,54,102655.90055923867,108655.71066360878,0.5498106730642343,0.055218543670890435,policy_rebalance
2026-09-04,2026-09-04T15:55:00-04:00,,SNDK,-8,sell,1728.824951171875,1727.9605386962892,6.9152998046875,0.0,6.9152998046875,13830.599609375,0,116479.58486880898,108668.21534671425,0.4250526297983855,-0.07188274416002835,scheduled_1555_liquidation
2026-09-04,2026-09-04T15:55:00-04:00,,TSLA,-54,sell,355.3550109863281,355.177333480835,9.594585296630859,0.0,9.594585296630859,19189.17059326172,0,135659.16087677405,108658.62076141761,0.2484896267424717,-0.2484896267424717,scheduled_1555_liquidation
2026-09-04,2026-09-04T15:55:00-04:00,,MSTR,189,buy,142.86000061035156,142.93143061065672,13.500270057678224,0.0,13.500270057678224,27000.540115356445,0,108645.12049135994,108645.12049135994,0.0,0.0,scheduled_1555_liquidation
2026-09-08,2026-09-08T09:35:00-04:00,2026-09-08T09:35:00-04:00,TSLA,65,buy,361.489990234375,361.67073522949215,11.748424682617188,0.0,11.748424682617188,23496.849365234375,65,85136.52270144294,108633.37206667732,0.2162949461866323,0.2162949461866323,policy_rebalance
2026-09-08,2026-09-08T09:35:00-04:00,2026-09-08T09:35:00-04:00,MSTR,219,buy,136.63999938964844,136.70831938934325,14.962079933166503,0.0,14.962079933166503,29924.159866333008,219,55197.40075517677,108618.40998674415,0.49182278803461504,0.49182278803461504,policy_rebalance
2026-09-08,2026-09-08T09:35:00-04:00,2026-09-08T09:35:00-04:00,NVDA,-213,sell,231.80999755859375,231.69409255981446,24.687764739990236,0.0,24.687764739990236,49375.52947998047,-213,104548.24247041726,108593.72222200417,0.9466158504208483,0.037253348248957846,policy_rebalance
2026-09-08,2026-09-08T09:40:00-04:00,2026-09-08T09:40:00-04:00,TSLA,-65,sell,359.3349914550781,359.1553239593506,11.67838722229004,0.0,11.67838722229004,23356.774444580078,0,127893.33852777505,108594.45342645669,0.7277438254815397,-0.17771520084483985,policy_rebalance
2026-09-08,2026-09-08T09:40:00-04:00,2026-09-08T09:40:00-04:00,TSLA,-8,sell,359.3349914550781,359.1553239593506,1.4373399658203125,0.0,1.4373399658203125,2874.679931640625,-8,130766.58111944985,108593.01608649087,0.7542255095765412,-0.20418960474675873,policy_rebalance
2026-09-08,2026-09-08T09:40:00-04:00,2026-09-08T09:40:00-04:00,MSTR,153,buy,136.3699951171875,136.43818011474607,10.432304626464843,0.0,10.432304626464843,20864.609252929688,372,109891.5395618937,108582.5837818644,0.9464522630412969,-0.012054933069735261,policy_rebalance
2026-09-08,2026-09-08T09:45:00-04:00,2026-09-08T09:45:00-04:00,TSLA,1,buy,357.67999267578125,357.85883267211915,0.17883999633789063,0.0,0.17883999633789063,357.67999267578125,-7,109533.68072922158,109214.461948704,0.9392032773562644,-0.0029228618153840217,policy_rebalance
2026-09-08,2026-09-08T09:45:00-04:00,2026-09-08T09:45:00-04:00,NVDA,48,buy,229.77999877929688,229.89488877868652,5.514719970703125,0.0,5.514719970703125,11029.43994140625,-165,98498.72606784463,109208.9472287333,0.8382567818713639,0.09807091298533066,policy_rebalance
2026-09-08,2026-09-08T09:45:00-04:00,2026-09-08T09:45:00-04:00,MSTR,84,buy,137.44000244140625,137.50872244262695,5.772480102539062,0.0,5.772480102539062,11544.960205078125,456,86947.99338266398,109203.17474863077,0.9440210973526507,0.20379610223965436,policy_rebalance
2026-09-08,2026-09-08T09:55:00-04:00,2026-09-08T09:55:00-04:00,MSTR,-1,sell,137.32000732421875,137.25134732055665,0.06866000366210938,0.0,0.06866000366210938,137.32000732421875,455,87085.24472998454,109159.53841589762,0.9425370835403045,0.20222047478627173,policy_rebalance
2026-09-08,2026-09-08T09:55:00-04:00,2026-09-08T09:55:00-04:00,TSLA,7,buy,358.67999267578125,358.85933267211914,1.2553799743652343,0.0,1.2553799743652343,2510.7599487304688,0,84573.2294012797,109158.28303592326,0.9195468290515562,0.22522389461322673,policy_rebalance
2026-09-08,2026-09-08T09:55:00-04:00,2026-09-08T09:55:00-04:00,NVDA,1,buy,229.6699981689453,229.78483316802976,0.11483499908447266,0.0,0.11483499908447266,229.6699981689453,-164,84343.44456811168,109158.16820092418,0.91744378531426,0.22732814265568088,policy_rebalance
2026-09-08,2026-09-08T09:55:00-04:00,2026-09-08T09:55:00-04:00,TSLA,8,buy,358.67999267578125,358.85933267211914,1.434719970703125,0.0,1.434719970703125,2869.43994140625,8,81472.56990673473,109156.73348095348,0.9437431818313603,0.2536184685212232,policy_rebalance
2026-09-08,2026-09-08T10:00:00-04:00,2026-09-08T10:00:00-04:00,MSTR,-52,sell,137.625,137.55618750000002,3.57825,0.0,3.57825,7156.5,403,88625.49165673472,109318.846454098,0.8781248477430367,0.18929357076642986,policy_rebalance
2026-09-08,2026-09-08T10:00:00-04:00,2026-09-08T10:00:00-04:00,SNDK,4,buy,1780.4849853515625,1781.3752278442382,3.560969970703125,0.0,3.560969970703125,7121.93994140625,4,81499.99074535778,109315.28548412731,0.9433039019445112,0.25445018613438414,policy_rebalance
2026-09-08,2026-09-08T10:05:00-04:00,2026-09-08T10:05:00-04:00,SNDK,-1,sell,1775.10498046875,1774.2174279785156,0.887552490234375,0.0,0.887552490234375,1775.10498046875,3,83274.20817333629,109854.49896007945,0.9234963118033087,0.24195905528095216,policy_rebalance
2026-09-08,2026-09-08T10:05:00-04:00,2026-09-08T10:05:00-04:00,MSTR,-1,sell,138.4600067138672,138.39077671051027,0.06923000335693359,0.0,0.06923000335693359,138.4600067138672,402,83412.5989500468,109854.4297300761,0.922236498490353,0.24069881246481967,policy_rebalance
2026-09-08,2026-09-08T10:05:00-04:00,2026-09-08T10:05:00-04:00,NVDA,-4,sell,228.26199340820312,228.14786241149903,0.45652398681640627,0.0,0.45652398681640627,913.0479736328125,-168,84325.1903996928,109853.97320608929,0.9305518007962805,0.23238834300971287,policy_rebalance
2026-09-08,2026-09-08T10:25:00-04:00,2026-09-08T10:25:00-04:00,MSTR,-41,sell,138.92999267578125,138.86052767944338,2.8480648498535155,0.0,2.8480648498535155,5696.129699707031,361,90018.47203454998,110084.66960535076,0.8781803853104524,0.1822796729348175,policy_rebalance
2026-09-08,2026-09-08T10:35:00-04:00,2026-09-08T10:35:00-04:00,TSLA,-1,sell,364.4703063964844,364.28807124328614,0.18223515319824218,0.0,0.18223515319824218,364.4703063964844,7,90382.76010579326,110039.12538594463,0.8739644681199139,0.17863069350296823,policy_rebalance
2026-09-08,2026-09-08T10:35:00-04:00,2026-09-08T10:35:00-04:00,SNDK,3,buy,1775.2099609375,1776.0975659179687,2.66281494140625,0.0,2.66281494140625,5325.6298828125,6,85054.46740803936,110036.46257100323,0.9223843915159291,0.2270337902478802,policy_rebalance
2026-09-08,2026-09-08T10:50:00-04:00,2026-09-08T10:50:00-04:00,TSLA,-1,sell,363.82000732421875,363.63809732055665,0.18191000366210938,0.0,0.18191000366210938,363.82000732421875,6,85418.10550535991,109994.28439940288,0.9173990901808464,0.22343141762533603,policy_rebalance
2026-09-08,2026-09-08T10:50:00-04:00,2026-09-08T10:50:00-04:00,SNDK,1,buy,1779.4200439453125,1780.3097539672851,0.8897100219726563,0.0,0.8897100219726563,1779.4200439453125,7,83637.79575139262,109993.3946893809,0.9335840280867757,0.23961074219425588,policy_rebalance
2026-09-08,2026-09-08T11:25:00-04:00,2026-09-08T11:25:00-04:00,MSTR,-81,sell,137.5800018310547,137.51121183013916,5.571990074157715,0.0,5.571990074157715,11143.98014831543,280,94776.2039096339,109895.32506441906,0.8316466542427022,0.1375774733449539,policy_rebalance
2026-09-08,2026-09-08T11:25:00-04:00,2026-09-08T11:25:00-04:00,NVDA,1,buy,227.00880432128906,227.1223087234497,0.11350440216064453,0.0,0.11350440216064453,227.00880432128906,-167,94549.08160091045,109895.21156001689,0.8295818289828586,0.13964329966029038,policy_rebalance
2026-09-08,2026-09-08T11:25:00-04:00,2026-09-08T11:25:00-04:00,SNDK,7,buy,1790.6142578125,1791.509564941406,6.26714990234375,0.0,6.26714990234375,12534.2998046875,14,82008.5146463206,109888.94441011455,0.9436924793824798,0.2537146017140896,policy_rebalance
2026-09-08,2026-09-08T11:30:00-04:00,2026-09-08T11:30:00-04:00,SNDK,-1,sell,1783.2115478515625,1782.3199420776368,0.8916057739257812,0.0,0.8916057739257812,1783.2115478515625,13,83790.83458839824,109716.34681068828,0.9269414145974434,0.23629580254821647,policy_rebalance
2026-09-08,2026-09-08T11:30:00-04:00,2026-09-08T11:30:00-04:00,TSLA,-6,sell,367.82000732421875,367.63609732055664,1.1034600219726562,0.0,1.1034600219726562,2206.9200439453125,0,85996.65117232158,109715.24335066631,0.9068357562241468,0.216183198013211,policy_rebalance
2026-09-08,2026-09-08T11:30:00-04:00,2026-09-08T11:30:00-04:00,MSTR,-1,sell,137.22999572753906,137.1613807296753,0.06861499786376953,0.0,0.06861499786376953,137.22999572753906,279,86133.81255305126,109715.17473566845,0.9055855392553042,0.21493254911575033,policy_rebalance
2026-09-08,2026-09-08T11:30:00-04:00,2026-09-08T11:30:00-04:00,TSLA,-8,sell,367.82000732421875,367.63609732055664,1.471280029296875,0.0,1.471280029296875,2942.56005859375,-8,89074.90133161572,109713.70345563916,0.9324180345206088,0.18811508019477605,policy_rebalance
2026-09-08,2026-09-08T11:35:00-04:00,2026-09-08T11:35:00-04:00,SNDK,-13,sell,1795.97998046875,1795.0819904785158,11.673869873046876,0.0,11.673869873046876,23347.73974609375,0,112410.96720783642,110081.65252582959,0.7199166824750691,-0.021159881129694025,policy_rebalance
2026-09-08,2026-09-08T11:35:00-04:00,2026-09-08T11:35:00-04:00,MSTR,-1,sell,137.85000610351562,137.78108110046387,0.06892500305175782,0.0,0.06892500305175782,137.85000610351562,278,112548.74828893688,110081.58360082653,0.7186648801177951,-0.022412147494686178,policy_rebalance
2026-09-08,2026-09-08T11:35:00-04:00,2026-09-08T11:35:00-04:00,TSLA,-69,sell,366.5400085449219,366.3567385406494,12.645630294799805,0.0,12.645630294799805,25291.26058959961,-77,137827.3632482417,110068.93797053173,0.9485239941100914,-0.25219127021232457,policy_rebalance
2026-09-08,2026-09-08T11:45:00-04:00,2026-09-08T11:45:00-04:00,TSLA,25,buy,366.1300048828125,366.31306988525387,4.576625061035156,0.0,4.576625061035156,9153.250122070312,-52,128669.53650111034,110121.37706202343,0.8655961539916639,-0.1684337767465446,policy_rebalance
2026-09-08,2026-09-08T11:45:00-04:00,2026-09-08T11:45:00-04:00,SNDK,5,buy,1800.8175048828125,1801.7179136352538,4.502043762207031,0.0,4.502043762207031,9004.087524414062,5,119660.94693293408,110116.87501826123,0.9474000053512842,-0.08667220090553887,policy_rebalance
2026-09-08,2026-09-08T12:05:00-04:00,2026-09-08T12:05:00-04:00,SNDK,-1,sell,1799.699951171875,1798.8001011962892,0.8998499755859375,0.0,0.8998499755859375,1799.699951171875,4,121459.74703413037,110453.1505985835,0.9304793463042146,-0.09964945658768767,policy_rebalance
2026-09-08,2026-09-08T12:05:00-04:00,2026-09-08T12:05:00-04:00,TSLA,1,buy,367.6299133300781,367.8137282867431,0.18381495666503905,0.0,0.18381495666503905,367.6299133300781,-51,121091.93330584363,110452.96678362683,0.927152510565803,-0.0963212381887227,policy_rebalance
2026-09-08,2026-09-08T12:05:00-04:00,2026-09-08T12:05:00-04:00,NVDA,1,buy,226.19000244140625,226.30309744262695,0.11309500122070312,0.0,0.11309500122070312,226.19000244140625,-166,120865.63020840101,110452.85368862562,0.9251056178095103,-0.09427349472680663,policy_rebalance
2026-09-08,2026-09-08T12:20:00-04:00,2026-09-08T12:20:00-04:00,MSTR,-1,sell,137.5,137.43125,0.06875,0.0,0.06875,137.5,277,121003.061458401,110035.64138393811,0.9225470806199911,-0.0996715240309746,policy_rebalance
2026-09-08,2026-09-08T12:20:00-04:00,2026-09-08T12:20:00-04:00,SNDK,1,buy,1796.3299560546875,1797.2281210327149,0.8981649780273437,0.0,0.8981649780273437,1796.3299560546875,5,119205.83333736828,110034.74321896008,0.9388797270456468,-0.08334722152400982,policy_rebalance
2026-09-08,2026-09-08T12:45:00-04:00,2026-09-08T12:45:00-04:00,NVDA,1,buy,225.83999633789062,225.95291633605956,0.11291999816894531,0.0,0.11291999816894531,225.83999633789062,-165,118979.88042103223,110153.32168995313,0.9383012489107851,-0.08012975546868284,policy_rebalance
2026-09-08,2026-09-08T12:55:00-04:00,2026-09-08T12:55:00-04:00,TSLA,1,buy,369.05999755859375,369.24452755737303,0.18452999877929688,0.0,0.18452999877929688,369.05999755859375,-50,118610.63589347486,109944.28922904615,0.9351977607243176,-0.07882489145365407,policy_rebalance
2026-09-08,2026-09-08T12:55:00-04:00,2026-09-08T12:55:00-04:00,NVDA,1,buy,226.0,226.113,0.113,0.0,0.113,226.0,-164,118384.52289347486,109944.17622904615,0.9331431332724511,-0.0767693838266156,policy_rebalance
2026-09-08,2026-09-08T13:00:00-04:00,2026-09-08T13:00:00-04:00,MSTR,-8,sell,137.4250030517578,137.35629055023193,0.5497000122070312,0.0,0.5497000122070312,1099.4000244140625,269,119483.37321787671,109910.94824534253,0.9216240760655167,-0.08709255197368211,policy_rebalance
2026-09-08,2026-09-08T13:00:00-04:00,2026-09-08T13:00:00-04:00,TSLA,1,buy,368.2300109863281,368.41412599182127,0.18411500549316406,0.0,0.18411500549316406,368.2300109863281,-49,119114.95909188488,109910.76413033703,0.9182753565012706,-0.08374243445922286,policy_rebalance
2026-09-08,2026-09-08T13:00:00-04:00,2026-09-08T13:00:00-04:00,NVDA,1,buy,225.75,225.86287499999997,0.112875,0.0,0.112875,225.75,-163,118889.09621688488,109910.65125533703,0.9162223584788595,-0.08168857939609267,policy_rebalance
2026-09-08,2026-09-08T13:00:00-04:00,2026-09-08T13:00:00-04:00,SNDK,1,buy,1778.949951171875,1779.839426147461,0.8894749755859375,0.0,0.8894749755859375,1778.949951171875,6,117109.25679073742,109909.76178036144,0.9324153233184013,-0.06550369042527007,policy_rebalance
2026-09-08,2026-09-08T13:15:00-04:00,2026-09-08T13:15:00-04:00,MSTR,-55,sell,137.59500122070312,137.52620372009278,3.783862533569336,0.0,3.783862533569336,7567.725067138672,214,124673.19799534252,109917.83860508373,0.8647530485702691,-0.1342398975226606,policy_rebalance
2026-09-08,2026-09-08T13:15:00-04:00,2026-09-08T13:15:00-04:00,TSLA,1,buy,368.42999267578125,368.6142076721191,0.18421499633789062,0.0,0.18421499633789062,368.42999267578125,-48,124304.5837876704,109917.6543900874,0.8614026250715184,-0.1308882497303404,policy_rebalance
2026-09-08,2026-09-08T13:15:00-04:00,2026-09-08T13:15:00-04:00,SNDK,5,buy,1783.8138427734375,1784.7057496948241,4.459534606933594,0.0,4.459534606933594,8919.069213867188,11,115381.05503919628,109913.19485548045,0.9425840581143529,-0.04974707714488006,policy_rebalance
2026-09-08,2026-09-08T13:20:00-04:00,2026-09-08T13:20:00-04:00,TSLA,1,buy,367.78009033203125,367.96398037719723,0.18389004516601562,0.0,0.18389004516601562,367.78009033203125,-47,115013.09105881907,109851.5282536433,0.9388550649760172,-0.04698671822988129,policy_rebalance
2026-09-08,2026-09-08T13:20:00-04:00,2026-09-08T13:20:00-04:00,NVDA,1,buy,226.14999389648438,226.2630688934326,0.11307499694824219,0.0,0.11307499694824219,226.14999389648438,-162,114786.82798992564,109851.41517864635,0.9367973415275275,-0.04492807674123324,policy_rebalance
2026-09-08,2026-09-08T14:05:00-04:00,2026-09-08T14:05:00-04:00,SNDK,-1,sell,1791.47998046875,1790.5842404785158,0.895739990234375,0.0,0.895739990234375,1791.47998046875,10,116577.41223040417,110093.07803240612,0.9185447185425172,-0.058898654791805984,policy_rebalance
2026-09-08,2026-09-08T14:05:00-04:00,2026-09-08T14:05:00-04:00,MSTR,-1,sell,137.41000366210938,137.34129866027834,0.06870500183105469,0.0,0.06870500183105469,137.41000366210938,213,116714.75352906444,110093.00932740429,0.9172971652611177,-0.06014681805969923,policy_rebalance
2026-09-08,2026-09-08T14:30:00-04:00,2026-09-08T14:30:00-04:00,SNDK,-10,sell,1795.68994140625,1794.792096435547,8.97844970703125,0.0,8.97844970703125,17956.8994140625,0,134662.6744934199,110158.92917786815,0.7544617094208335,-0.22243993744698423,policy_rebalance
2026-09-08,2026-09-08T14:30:00-04:00,2026-09-08T14:30:00-04:00,TSLA,1,buy,365.5799865722656,365.76277656555175,0.18278999328613282,0.0,0.18278999328613282,365.5799865722656,-46,134296.91171685435,110158.74638787485,0.751144296228469,-0.21912164145357751,policy_rebalance
2026-09-08,2026-09-08T14:30:00-04:00,2026-09-08T14:30:00-04:00,SNDK,-3,sell,1795.68994140625,1794.792096435547,2.693534912109375,0.0,2.693534912109375,5387.06982421875,-3,139681.288006161,110156.05285296275,0.8000666470029478,-0.2680309832144111,policy_rebalance
2026-09-08,2026-09-08T15:10:00-04:00,2026-09-08T15:10:00-04:00,SNDK,1,buy,1778.5,1779.38925,0.88925,0.0,0.88925,1778.5,-2,137901.89875616098,110044.0682355311,0.7823731686078299,-0.25315158706241947,policy_rebalance
2026-09-08,2026-09-08T15:10:00-04:00,2026-09-08T15:10:00-04:00,NVDA,1,buy,225.50999450683594,225.62274950408934,0.11275499725341796,0.0,0.11275499725341796,225.50999450683594,-161,137676.2760066569,110043.95548053386,0.7803246982757884,-0.251102574470899,policy_rebalance
2026-09-08,2026-09-08T15:25:00-04:00,2026-09-08T15:25:00-04:00,MSTR,-1,sell,136.55999755859375,136.49171755981445,0.06827999877929687,0.0,0.06827999877929687,136.55999755859375,212,137812.7677242167,110040.25666159464,0.7785691584756822,-0.2523850080432883,policy_rebalance
2026-09-08,2026-09-08T15:25:00-04:00,2026-09-08T15:25:00-04:00,SNDK,2,buy,1770.969970703125,1771.8554556884765,1.770969970703125,0.0,1.770969970703125,3541.93994140625,0,134269.05681283976,110038.48569162394,0.7463934965102069,-0.22020087761949486,policy_rebalance
2026-09-08,2026-09-08T15:25:00-04:00,2026-09-08T15:25:00-04:00,SNDK,5,buy,1770.969970703125,1771.8554556884765,4.427424926757812,0.0,4.427424926757812,8854.849853515625,5,125409.77953439737,110034.05826669717,0.8268972477507286,-0.1397360191008587,policy_rebalance
2026-09-08,2026-09-08T15:45:00-04:00,2026-09-08T15:45:00-04:00,MSTR,-1,sell,136.72000122070312,136.65164122009278,0.06836000061035157,0.0,0.06836000061035157,136.72000122070312,211,125546.43117561746,109906.24048653054,0.8266203129965947,-0.1423048465660481,policy_rebalance
2026-09-08,2026-09-08T15:45:00-04:00,2026-09-08T15:45:00-04:00,TSLA,1,buy,367.9800109863281,368.1640009918213,0.18399000549316405,0.0,0.18399000549316405,367.9800109863281,-45,125178.26717462564,109906.05649652505,0.8232735645749366,-0.1389569525550528,policy_rebalance
2026-09-08,2026-09-08T15:45:00-04:00,2026-09-08T15:45:00-04:00,SNDK,6,buy,1751.469970703125,1752.3457056884765,5.254409912109375,0.0,5.254409912109375,10508.81982421875,11,114664.19294049477,109900.80208661294,0.9189338822558888,-0.043342639575349076,policy_rebalance
2026-09-08,2026-09-08T15:50:00-04:00,2026-09-08T15:50:00-04:00,MSTR,-177,sell,136.7100067138672,136.64165171051027,12.098835594177245,0.0,12.098835594177245,24197.671188354492,34,138849.7652932551,109813.7454720881,0.6987185531471675,-0.26441152422532765,policy_rebalance
2026-09-08,2026-09-08T15:50:00-04:00,2026-09-08T15:50:00-04:00,SNDK,15,buy,1745.300048828125,1746.172698852539,13.089750366210938,0.0,13.089750366210938,26179.500732421875,26,112657.17481046701,109800.6557217219,0.9372293945599105,-0.026015501182294044,policy_rebalance
2026-09-08,2026-09-08T15:55:00-04:00,,SNDK,-26,sell,1740.1800537109375,1739.309963684082,22.622340698242187,0.0,22.622340698242187,45244.681396484375,0,157879.23386625314,109737.40397123361,0.5233955544640809,-0.4387002804225199,scheduled_1555_liquidation
2026-09-08,2026-09-08T15:55:00-04:00,,MSTR,-34,sell,136.67999267578125,136.61165267944338,2.3235598754882814,0.0,2.3235598754882814,4647.1197509765625,0,162524.03005735422,109735.08041135813,0.4810581032802722,-0.4810581032802722,scheduled_1555_liquidation
2026-09-08,2026-09-08T15:55:00-04:00,,TSLA,45,buy,368.1950988769531,368.37919642639156,8.284389724731446,0.0,8.284389724731446,16568.77944946289,0,145946.9662181666,109726.7960216334,0.3300941202128252,-0.3300941202128252,scheduled_1555_liquidation
2026-09-08,2026-09-08T15:55:00-04:00,,NVDA,161,buy,224.97000122070312,225.08248622131347,18.1100850982666,0.0,18.1100850982666,36220.1701965332,0,109708.68593653513,109708.68593653513,0.0,0.0,scheduled_1555_liquidation
2026-09-09,2026-09-09T09:35:00-04:00,2026-09-09T09:35:00-04:00,SNDK,-24,sell,1735.3564453125,1734.4887670898438,20.82427734375,0.0,20.82427734375,41648.5546875,-24,151336.41634669137,109687.86165919137,0.3797006711362946,-0.3797006711362946,policy_rebalance
2026-09-09,2026-09-09T09:35:00-04:00,2026-09-09T09:35:00-04:00,MSTR,439,buy,139.12989807128906,139.19946302032469,30.53901262664795,0.0,30.53901262664795,61078.0252532959,439,90227.85208076885,109657.32264656475,0.9367963530524337,0.17718352132687756,policy_rebalance
2026-09-09,2026-09-09T09:40:00-04:00,2026-09-09T09:40:00-04:00,SNDK,2,buy,1731.8900146484375,1732.7559596557617,1.7318900146484375,0.0,1.7318900146484375,3463.780029296875,-22,86762.34016145732,109508.35296358135,0.9035764922842215,0.2077102995941191,policy_rebalance
2026-09-09,2026-09-09T09:45:00-04:00,2026-09-09T09:45:00-04:00,SNDK,13,buy,1736.969970703125,1737.8384556884764,11.290304809570312,0.0,11.290304809570312,22580.609619140625,-9,64170.44023750713,109080.15521858624,0.6983412729940434,0.411712972823373,policy_rebalance
2026-09-09,2026-09-09T09:45:00-04:00,2026-09-09T09:45:00-04:00,TSLA,26,buy,373.635009765625,373.8218272705078,4.857255126953125,0.0,4.857255126953125,9714.51025390625,26,54451.072728473926,109075.29796345928,0.7874347933151192,0.5007937292390869,policy_rebalance
2026-09-09,2026-09-09T09:45:00-04:00,2026-09-09T09:45:00-04:00,MSTR,114,buy,137.90989685058594,137.9788517990112,7.860864120483399,0.0,7.860864120483399,15721.728240966797,553,38721.48362338665,109067.4370993388,0.9316384032757693,0.6449766799955237,policy_rebalance
2026-09-09,2026-09-09T09:50:00-04:00,2026-09-09T09:50:00-04:00,MSTR,-1,sell,137.88999938964844,137.82105438995362,0.06894499969482422,0.0,0.06894499969482422,137.88999938964844,552,38859.30467777661,108911.41344242505,0.9328458422570203,0.6432026410315645,policy_rebalance
2026-09-09,2026-09-09T09:50:00-04:00,2026-09-09T09:50:00-04:00,SNDK,9,buy,1752.5250244140625,1753.4012869262694,7.886362609863281,0.0,7.886362609863281,15772.725219726562,0,23078.693095440183,108903.52707981519,0.7880813072424564,0.7880813072424564,policy_rebalance
2026-09-09,2026-09-09T09:50:00-04:00,2026-09-09T09:50:00-04:00,TSLA,46,buy,373.44439697265625,373.63111917114253,8.589221130371094,0.0,8.589221130371094,17178.442260742188,72,5891.661613567627,108894.93785868482,0.9458959091265257,0.9458959091265257,policy_rebalance
2026-09-09,2026-09-09T09:55:00-04:00,2026-09-09T09:55:00-04:00,TSLA,-72,sell,371.389892578125,371.20419763183594,13.3700361328125,0.0,13.3700361328125,26740.072265625,0,32618.363843059815,108046.40620145825,0.6981078317196303,0.6981078317196303,policy_rebalance
2026-09-09,2026-09-09T09:55:00-04:00,2026-09-09T09:55:00-04:00,SNDK,15,buy,1774.0550537109375,1774.9420812377928,13.305412902832032,0.0,13.305412902832032,26610.825805664062,15,5994.2326244929245,108033.10078855543,0.9445148516450994,0.9445148516450994,policy_rebalance
2026-09-09,2026-09-09T10:00:00-04:00,2026-09-09T10:00:00-04:00,MSTR,-277,sell,136.9600067138672,136.89152671051025,18.968960929870605,0.0,18.968960929870605,37937.92185974121,275,43913.18552330426,108466.48546532086,0.5951451239992073,0.5951451239992073,policy_rebalance
2026-09-09,2026-09-09T10:00:00-04:00,2026-09-09T10:00:00-04:00,SNDK,21,buy,1792.619873046875,1793.5161829833983,18.82250866699219,0.0,18.82250866699219,37645.017333984375,36,6249.345680652892,108447.66295665386,0.9423745472214489,0.9423745472214489,policy_rebalance
2026-09-09,2026-09-09T10:05:00-04:00,2026-09-09T10:05:00-04:00,MSTR,-1,sell,136.65989685058594,136.59156690216065,0.06832994842529297,0.0,0.06832994842529297,136.65989685058594,274,6385.937247555053,108719.6679299281,0.9412623551088207,0.9412623551088207,policy_rebalance
2026-09-09,2026-09-09T10:10:00-04:00,2026-09-09T10:10:00-04:00,TSLA,2,buy,371.9800109863281,372.16600099182125,0.3719800109863281,0.0,0.3719800109863281,743.9600219726562,2,5641.60524557141,108407.19600484875,0.9479591258377436,0.9479591258377436,policy_rebalance
2026-09-09,2026-09-09T10:25:00-04:00,2026-09-09T10:25:00-04:00,SNDK,-8,sell,1773.344970703125,1772.4582982177735,7.0933798828125,0.0,7.0933798828125,14186.759765625,28,19821.271631313597,107453.2691288722,0.8155358902339089,0.8155358902339089,policy_rebalance
2026-09-09,2026-09-09T10:25:00-04:00,2026-09-09T10:25:00-04:00,TSLA,-1,sell,370.8699951171875,370.68456011962894,0.18543499755859374,0.0,0.18543499755859374,370.8699951171875,1,20191.956191433226,107453.08369387464,0.8120858378624245,0.8120858378624245,policy_rebalance
2026-09-09,2026-09-09T10:30:00-04:00,2026-09-09T10:30:00-04:00,SNDK,-14,sell,1785.0,1784.1075,12.495,0.0,12.495,24990.0,14,45169.46119143323,108290.67051150158,0.5828868638629792,0.5828868638629792,policy_rebalance
2026-09-09,2026-09-09T10:30:00-04:00,2026-09-09T10:30:00-04:00,TSLA,-1,sell,371.2699890136719,371.08435401916506,0.18563499450683593,0.0,0.18563499450683593,371.2699890136719,0,45540.54554545239,108290.48487650708,0.5794593994348979,0.5794593994348979,policy_rebalance
2026-09-09,2026-09-09T10:30:00-04:00,2026-09-09T10:30:00-04:00,MSTR,275,buy,137.80999755859375,137.87890255737304,18.94887466430664,0.0,18.94887466430664,37897.74932861328,549,7623.847342174806,108271.53600184277,0.9295858577082988,0.9295858577082988,policy_rebalance
2026-09-09,2026-09-09T10:35:00-04:00,2026-09-09T10:35:00-04:00,SNDK,-14,sell,1791.20361328125,1790.3080114746094,12.53842529296875,0.0,12.53842529296875,25076.8505859375,0,32688.159502819337,108274.47548182325,0.6980991193228462,0.6980991193228462,policy_rebalance
2026-09-09,2026-09-09T10:35:00-04:00,2026-09-09T10:35:00-04:00,SNDK,-13,sell,1791.20361328125,1790.3080114746094,11.642823486328124,0.0,11.642823486328124,23285.64697265625,-13,55962.16365198926,108262.83265833692,0.9132585996866247,0.4830897891929505,policy_rebalance
2026-09-09,2026-09-09T10:45:00-04:00,2026-09-09T10:45:00-04:00,SNDK,1,buy,1792.4200439453125,1793.316253967285,0.8962100219726562,0.0,0.8962100219726562,1792.4200439453125,-12,54168.84739802198,107499.49089167433,0.8962714497450881,0.4961013587254367,policy_rebalance
2026-09-09,2026-09-09T10:45:00-04:00,2026-09-09T10:45:00-04:00,TSLA,10,buy,371.7550048828125,371.9408823852539,1.8587750244140624,0.0,1.8587750244140624,3717.550048828125,10,50449.43857416944,107497.63211664991,0.9308695701183642,0.5306925596330831,policy_rebalance
2026-09-09,2026-09-09T10:50:00-04:00,2026-09-09T10:50:00-04:00,SNDK,1,buy,1790.0,1790.895,0.895,0.0,0.895,1790.0,-11,48658.543574169445,107617.78715021926,0.9137824348570008,0.547857795047867,policy_rebalance
2026-09-09,2026-09-09T10:55:00-04:00,2026-09-09T10:55:00-04:00,TSLA,-1,sell,373.239990234375,373.05337023925784,0.1866199951171875,0.0,0.1866199951171875,373.239990234375,9,49031.5969444087,107210.72441633252,0.9086498469406693,0.5426614528411935,policy_rebalance
2026-09-09,2026-09-09T10:55:00-04:00,2026-09-09T10:55:00-04:00,SNDK,3,buy,1783.5400390625,1784.4318090820311,2.67531005859375,0.0,2.67531005859375,5350.6201171875,-8,43678.30151716261,107208.04910627395,0.8587637680343116,0.5925837483166503,policy_rebalance
2026-09-09,2026-09-09T11:00:00-04:00,2026-09-09T11:00:00-04:00,TSLA,-9,sell,371.30999755859375,371.12434255981447,1.670894989013672,0.0,1.670894989013672,3341.7899780273438,0,47018.42060020094,107105.11714866286,0.8284965129774823,0.5610067767822993,policy_rebalance
2026-09-09,2026-09-09T11:00:00-04:00,2026-09-09T11:00:00-04:00,MSTR,-1,sell,135.5399932861328,135.47222328948976,0.0677699966430664,0.0,0.0677699966430664,135.5399932861328,548,47153.89282349043,107105.04937866621,0.8272315507103791,0.5597416452628721,policy_rebalance
2026-09-09,2026-09-09T11:00:00-04:00,2026-09-09T11:00:00-04:00,TSLA,-35,sell,371.30999755859375,371.12434255981447,6.497924957275391,0.0,6.497924957275391,12995.849914550781,-35,60143.24481308393,107098.55145370893,0.9486265184911441,0.43843082845915454,policy_rebalance
2026-09-09,2026-09-09T11:05:00-04:00,2026-09-09T11:05:00-04:00,SNDK,8,buy,1791.6099853515625,1792.5057903442382,7.16643994140625,0.0,7.16643994140625,14332.8798828125,0,45803.198490330025,106786.38278598431,0.8136724124427777,0.5710764116607789,policy_rebalance
2026-09-09,2026-09-09T11:05:00-04:00,2026-09-09T11:05:00-04:00,SNDK,1,buy,1791.6099853515625,1792.5057903442382,0.8958049926757813,0.0,0.8958049926757813,1791.6099853515625,1,44010.69269998579,106785.48698099164,0.8304568925049426,0.5878588566270254,policy_rebalance
2026-09-09,2026-09-09T11:10:00-04:00,2026-09-09T11:10:00-04:00,MSTR,-1,sell,134.64999389648438,134.58266889953615,0.06732499694824219,0.0,0.06732499694824219,134.64999389648438,547,44145.275368885326,106663.62220116072,0.8283681415191713,0.5861262306878142,policy_rebalance
2026-09-09,2026-09-09T11:10:00-04:00,2026-09-09T11:10:00-04:00,SNDK,7,buy,1784.0,1784.8919999999998,6.244,0.0,6.244,12488.0,8,31651.031368885328,106657.37820116073,0.9455018320465433,0.7032457397444175,policy_rebalance
2026-09-09,2026-09-09T13:15:00-04:00,2026-09-09T13:15:00-04:00,SNDK,-4,sell,1775.9100341796875,1775.0220791625977,3.551820068359375,0.0,3.551820068359375,7103.64013671875,4,38751.11968553572,106801.15143907577,0.8787089877174732,0.6371657125097464,policy_rebalance
2026-09-09,2026-09-09T14:30:00-04:00,2026-09-09T14:30:00-04:00,MSTR,-4,sell,134.32000732421875,134.25284732055664,0.2686400146484375,0.0,0.2686400146484375,537.280029296875,543,39288.131074817946,106349.0509051402,0.8740091967193495,0.6305737499259713,policy_rebalance
2026-09-09,2026-09-09T14:30:00-04:00,2026-09-09T14:30:00-04:00,TSLA,1,buy,369.8446960449219,370.0296183929443,0.18492234802246094,0.0,0.18492234802246094,369.8446960449219,-34,38918.101456425,106348.8659827922,0.8705330611837633,0.6340525016719768,policy_rebalance
2026-09-09,2026-09-09T15:40:00-04:00,2026-09-09T15:40:00-04:00,MSTR,-154,sell,133.9600067138672,133.89302671051027,10.314920516967774,0.0,10.314920516967774,20629.841033935547,389,59537.62756984358,106128.48039882307,0.6755339610682557,0.4390042395207627,policy_rebalance
2026-09-09,2026-09-09T15:40:00-04:00,2026-09-09T15:40:00-04:00,TSLA,1,buy,369.1549987792969,369.3395762786865,0.18457749938964843,0.0,0.18457749938964843,369.1549987792969,-33,59168.28799356489,106128.29582132367,0.6720567516440009,0.44248338734111115,policy_rebalance
2026-09-09,2026-09-09T15:55:00-04:00,,SNDK,-4,sell,1764.25,1763.3678750000001,3.5285,0.0,3.5285,7057.0,0,66221.7594935649,105924.33865616255,0.6041034638451575,0.37482017510135107,scheduled_1555_liquidation
2026-09-09,2026-09-09T15:55:00-04:00,,MSTR,-389,sell,133.27999877929688,133.21335877990722,25.922959762573242,0.0,25.922959762573242,51845.919525146484,0,118041.75605894881,105898.41569639998,0.11466970759376187,-0.11466970759376187,scheduled_1555_liquidation
2026-09-09,2026-09-09T15:55:00-04:00,,TSLA,33,buy,367.9800109863281,368.1640009918213,6.071670181274414,0.0,6.071670181274414,12143.340362548828,0,105892.3440262187,105892.3440262187,0.0,0.0,scheduled_1555_liquidation
2026-09-10,2026-09-10T09:35:00-04:00,2026-09-10T09:35:00-04:00,SNDK,-43,sell,1692.4000244140625,1691.5538244018555,36.38660052490234,0.0,36.38660052490234,72773.20104980469,-43,178629.1584754985,105855.9574256938,0.6874738353851105,-0.6874738353851105,policy_rebalance
2026-09-10,2026-09-10T09:35:00-04:00,2026-09-10T09:35:00-04:00,MSTR,205,buy,128.6999969482422,128.7643469467163,13.191749687194823,0.0,13.191749687194823,26383.49937438965,205,152232.46735142166,105842.76567600662,0.9368302102736159,-0.43828882757483606,policy_rebalance
2026-09-10,2026-09-10T09:40:00-04:00,2026-09-10T09:40:00-04:00,SNDK,43,buy,1706.969970703125,1707.8234556884765,36.69985437011719,0.0,36.69985437011719,73399.70874023438,0,78796.05875681716,105380.45725535232,0.2522706694479153,0.2522706694479153,policy_rebalance
2026-09-10,2026-09-10T09:40:00-04:00,2026-09-10T09:40:00-04:00,TSLA,-92,sell,362.64691162109375,362.46558816528324,16.681757934570314,0.0,16.681757934570314,33363.515869140625,-92,112142.89286802322,105363.77549741775,0.5689613350002343,-0.06434011441410062,policy_rebalance
2026-09-10,2026-09-10T09:40:00-04:00,2026-09-10T09:40:00-04:00,MSTR,297,buy,129.67999267578125,129.74483267211914,19.257478912353516,0.0,19.257478912353516,38514.95782470703,502,73608.67756440383,105344.51801850539,0.9346748558390697,0.3012576359077999,policy_rebalance
2026-09-10,2026-09-10T09:45:00-04:00,2026-09-10T09:45:00-04:00,MSTR,-1,sell,129.27000427246094,129.20536927032472,0.06463500213623047,0.0,0.06463500213623047,129.27000427246094,501,73737.88293367415,104886.32145601301,0.937968882814957,0.2969733144412146,policy_rebalance
2026-09-10,2026-09-10T09:45:00-04:00,2026-09-10T09:45:00-04:00,TSLA,-3,sell,365.3894958496094,365.2068011016846,0.5480842437744141,0.0,0.5480842437744141,1096.1684875488281,-95,74833.5033369792,104885.77337176925,0.9484248535177466,0.28652379697167607,policy_rebalance
2026-09-10,2026-09-10T09:50:00-04:00,2026-09-10T09:50:00-04:00,TSLA,1,buy,366.3699951171875,366.55318011474606,0.18318499755859374,0.0,0.18318499755859374,366.3699951171875,-94,74466.95015686446,105213.33443420821,0.9468756398141877,0.292228969290675,policy_rebalance
2026-09-10,2026-09-10T09:55:00-04:00,2026-09-10T09:55:00-04:00,MSTR,-1,sell,130.10000610351562,130.0349561004639,0.06505000305175782,0.0,0.06505000305175782,130.10000610351562,500,74596.98511296493,105207.26770573837,0.9456544750217448,0.290952167661929,policy_rebalance
2026-09-10,2026-09-10T09:55:00-04:00,2026-09-10T09:55:00-04:00,TSLA,19,buy,366.3800048828125,366.5631948852539,3.480610046386719,0.0,3.480610046386719,6961.2200927734375,-75,67632.2844101451,105203.78709569198,0.8795168498431148,0.357130705298397,policy_rebalance
2026-09-10,2026-09-10T09:55:00-04:00,2026-09-10T09:55:00-04:00,NVDA,-33,sell,217.5959930419922,217.4871950454712,3.590333885192871,0.0,3.590333885192871,7180.667770385742,-33,74809.36184664565,105200.19676180679,0.9478040370410616,0.28888572313197997,policy_rebalance
2026-09-10,2026-09-10T10:05:00-04:00,2026-09-10T10:05:00-04:00,MSTR,-1,sell,131.47000122070312,131.40426622009278,0.06573500061035156,0.0,0.06573500061035156,131.47000122070312,499,74940.76611286575,105716.27700764114,0.9500102838111407,0.2911142140632795,policy_rebalance
2026-09-10,2026-09-10T10:20:00-04:00,2026-09-10T10:20:00-04:00,MSTR,-1,sell,129.5399932861328,129.47522328948975,0.0647699966430664,0.0,0.0647699966430664,129.5399932861328,498,75070.24133615523,104972.25889902144,0.9442477163940126,0.2848563789756168,policy_rebalance
2026-09-10,2026-09-10T10:20:00-04:00,2026-09-10T10:20:00-04:00,TSLA,1,buy,365.4549865722656,365.63771406555173,0.1827274932861328,0.0,0.1827274932861328,365.4549865722656,-74,74704.60362208968,104972.07617152816,0.9407679105268112,0.2883383243747636,policy_rebalance
2026-09-10,2026-09-10T10:20:00-04:00,2026-09-10T10:20:00-04:00,NVDA,1,buy,218.1750030517578,218.28409055328368,0.1090875015258789,0.0,0.1090875015258789,218.1750030517578,-32,74486.3195315364,104971.96708402663,0.9386904761118084,0.2904170360843812,policy_rebalance
2026-09-10,2026-09-10T10:25:00-04:00,2026-09-10T10:25:00-04:00,NVDA,1,buy,218.80499267578125,218.91439517211913,0.10940249633789062,0.0,0.10940249633789062,218.80499267578125,-31,74267.40513636428,105413.08714320022,0.9389888352249763,0.2954631426791016,policy_rebalance
2026-09-10,2026-09-10T10:30:00-04:00,2026-09-10T10:30:00-04:00,MSTR,-1,sell,130.27000427246094,130.2048692703247,0.06513500213623047,0.0,0.06513500213623047,130.27000427246094,497,74397.6100056346,105274.5426228221,0.9367074809618886,0.2932991381193975,policy_rebalance
2026-09-10,2026-09-10T10:30:00-04:00,2026-09-10T10:30:00-04:00,NVDA,1,buy,218.22999572753906,218.33911072540283,0.10911499786376953,0.0,0.10911499786376953,218.22999572753906,-30,74179.2708949092,105274.43350782424,0.9346354889347215,0.2953724050256131,policy_rebalance
2026-09-10,2026-09-10T10:35:00-04:00,2026-09-10T10:35:00-04:00,MSTR,-1,sell,130.50999450683594,130.44473950958252,0.06525499725341796,0.0,0.06525499725341796,130.50999450683594,496,74309.71563441878,105323.81240565902,0.9347536471652751,0.2944642437722265,policy_rebalance
2026-09-10,2026-09-10T10:35:00-04:00,2026-09-10T10:35:00-04:00,NVDA,1,buy,217.97999572753906,218.0889857254028,0.10898999786376953,0.0,0.10898999786376953,217.97999572753906,-29,74091.62664869337,105323.70341566115,0.9326849949069163,0.29653416803727495,policy_rebalance
2026-09-10,2026-09-10T10:40:00-04:00,2026-09-10T10:40:00-04:00,MSTR,-1,sell,130.85000610351562,130.78458110046387,0.06542500305175782,0.0,0.06542500305175782,130.85000610351562,495,74222.41122979384,105374.5450798915,0.9337110031439495,0.2956324397555324,policy_rebalance
2026-09-10,2026-09-10T10:40:00-04:00,2026-09-10T10:40:00-04:00,TSLA,1,buy,368.739990234375,368.92436022949215,0.1843699951171875,0.0,0.1843699951171875,368.739990234375,-73,73853.48686956435,105374.36070989638,0.9302133037087331,0.2991322901318604,policy_rebalance
2026-09-10,2026-09-10T10:40:00-04:00,2026-09-10T10:40:00-04:00,NVDA,1,buy,218.33999633789062,218.44916633605956,0.1091699981689453,0.0,0.1091699981689453,218.33999633789062,-28,73635.0377032283,105374.25153989822,0.9281422242774301,0.3012046431917231,policy_rebalance
2026-09-10,2026-09-10T11:05:00-04:00,2026-09-10T11:05:00-04:00,MSTR,-10,sell,130.84500122070312,130.7795787200928,0.6542250061035156,0.0,0.6542250061035156,1308.4500122070312,485,74942.83349042923,105616.07421308548,0.9112856274817037,0.29042208727405944,policy_rebalance
2026-09-10,2026-09-10T11:05:00-04:00,2026-09-10T11:05:00-04:00,NVDA,1,buy,218.1300048828125,218.23906988525388,0.10906500244140625,0.0,0.10906500244140625,218.1300048828125,-27,74724.59442054397,105615.96514808304,0.9092212557249534,0.2924876999819733,policy_rebalance
2026-09-10,2026-09-10T11:05:00-04:00,2026-09-10T11:05:00-04:00,TSLA,-11,sell,365.4649963378906,365.2822638397217,2.0100574798583986,0.0,2.0100574798583986,4020.114959716797,-84,78742.69932278091,105613.95509060318,0.947302800377385,0.25442902639873854,policy_rebalance
2026-09-10,2026-09-10T11:10:00-04:00,2026-09-10T11:10:00-04:00,TSLA,1,buy,365.9800109863281,366.16300099182126,0.18299000549316408,0.0,0.18299000549316408,365.9800109863281,-83,78376.5363217891,105576.16310706742,0.9447154130989074,0.2576303777747113,policy_rebalance
2026-09-10,2026-09-10T11:10:00-04:00,2026-09-10T11:10:00-04:00,NVDA,1,buy,218.27999877929688,218.38913877868652,0.10913999938964844,0.0,0.10913999938964844,218.27999877929688,-26,78158.14718301041,105576.05396706803,0.9426488754292219,0.2596981583779404,policy_rebalance
2026-09-10,2026-09-10T11:15:00-04:00,2026-09-10T11:15:00-04:00,TSLA,1,buy,366.3999938964844,366.5831938934326,0.18319999694824218,0.0,0.18319999694824218,366.3999938964844,-82,77791.56398911698,105491.46900315507,0.9398119613914536,0.2625795742138128,policy_rebalance
2026-09-10,2026-09-10T11:15:00-04:00,2026-09-10T11:15:00-04:00,NVDA,1,buy,218.32000732421875,218.42916732788083,0.10916000366210937,0.0,0.10916000366210937,218.32000732421875,-25,77573.1348217891,105491.35984315141,0.937743380440639,0.26464939937140053,policy_rebalance
2026-09-10,2026-09-10T11:25:00-04:00,2026-09-10T11:25:00-04:00,MSTR,-1,sell,130.3300018310547,130.26483683013916,0.06516500091552735,0.0,0.06516500091552735,130.3300018310547,484,77703.39965861925,105335.20080608019,0.9353724098973072,0.2623225753215251,policy_rebalance
2026-09-10,2026-09-10T11:25:00-04:00,2026-09-10T11:25:00-04:00,TSLA,1,buy,365.80999755859375,365.99290255737304,0.18290499877929686,0.0,0.18290499877929686,365.80999755859375,-81,77337.40675606187,105335.0179010814,0.9319012099055584,0.26579585500532865,policy_rebalance
2026-09-10,2026-09-10T12:10:00-04:00,2026-09-10T12:10:00-04:00,MSTR,-43,sell,129.3249969482422,129.26033444976807,2.780487434387207,0.0,2.780487434387207,5560.974868774414,441,82895.6011374019,104766.80572724565,0.8799871493507799,0.20876082302999838,policy_rebalance
2026-09-10,2026-09-10T12:10:00-04:00,2026-09-10T12:10:00-04:00,SNDK,4,buy,1692.81005859375,1693.6564636230469,3.3856201171875,0.0,3.3856201171875,6771.240234375,4,76120.97528290971,104763.42010712846,0.9446492187032653,0.2734012004851474,policy_rebalance
2026-09-10,2026-09-10T12:15:00-04:00,2026-09-10T12:15:00-04:00,MSTR,-226,sell,129.33590698242188,129.27123902893067,14.614957489013673,0.0,14.614957489013673,29229.914978027344,215,105336.27530344804,104781.02638682206,0.6653071763634418,-0.005299136072366325,policy_rebalance
2026-09-10,2026-09-10T12:15:00-04:00,2026-09-10T12:15:00-04:00,NVDA,1,buy,218.3300018310547,218.4391668319702,0.10916500091552735,0.0,0.10916500091552735,218.3300018310547,-24,105117.83613661607,104780.91722182115,0.6632241885507805,-0.0032154606366125303,policy_rebalance
2026-09-10,2026-09-10T12:20:00-04:00,2026-09-10T12:20:00-04:00,MSTR,-34,sell,129.13999938964844,129.07542938995363,2.1953799896240236,0.0,2.1953799896240236,4390.759979248047,181,109506.40073587449,104708.2518558696,0.6210279269148875,-0.04582398039277278,policy_rebalance
2026-09-10,2026-09-10T12:20:00-04:00,2026-09-10T12:20:00-04:00,SNDK,5,buy,1684.989990234375,1685.832485229492,4.212474975585938,0.0,4.212474975585938,8424.949951171875,9,101077.23830972702,104704.03938089401,0.7015173336808979,0.03463859744678386,policy_rebalance
2026-09-10,2026-09-10T12:30:00-04:00,2026-09-10T12:30:00-04:00,SNDK,1,buy,1682.18994140625,1683.0310363769531,0.841094970703125,0.0,0.841094970703125,1682.18994140625,10,99394.20727335007,104744.7365244487,0.7170835760547872,0.051081604943936765,policy_rebalance
2026-09-10,2026-09-10T13:30:00-04:00,2026-09-10T13:30:00-04:00,SNDK,-10,sell,1701.60986328125,1700.7590583496094,8.50804931640625,0.0,8.50804931640625,17016.0986328125,0,116401.79785684615,105030.14432291061,0.5575213130794197,-0.10827037901589369,policy_rebalance
2026-09-10,2026-09-10T13:30:00-04:00,2026-09-10T13:30:00-04:00,MSTR,-1,sell,130.34500122070312,130.27982872009278,0.06517250061035157,0.0,0.06517250061035157,130.34500122070312,180,116532.07768556624,105030.07915040999,0.5562806335786837,-0.10951147164884671,policy_rebalance
2026-09-10,2026-09-10T13:30:00-04:00,2026-09-10T13:30:00-04:00,SNDK,-2,sell,1701.60986328125,1700.7590583496094,1.70160986328125,0.0,1.70160986328125,3403.2197265625,-2,119933.59580226545,105028.3775405467,0.588692505292699,-0.14191610506374355,policy_rebalance
2026-09-10,2026-09-10T14:35:00-04:00,2026-09-10T14:35:00-04:00,MSTR,-148,sell,129.39999389648438,129.33529389953614,9.575599548339843,0.0,9.575599548339843,19151.199096679688,32,139075.2192993968,104929.60797127179,0.4043397450709618,-0.32541445630363525,policy_rebalance
2026-09-10,2026-09-10T14:35:00-04:00,2026-09-10T14:35:00-04:00,NVDA,1,buy,217.89999389648438,218.00894389343262,0.10894999694824219,0.0,0.10894999694824219,217.89999389648438,-23,138857.21035550337,104929.49902127485,0.4022635325366932,-0.32333816181996206,policy_rebalance
2026-09-10,2026-09-10T15:00:00-04:00,2026-09-10T15:00:00-04:00,TSLA,1,buy,366.2699890136719,366.4531240081787,0.18313499450683593,0.0,0.18313499450683593,366.2699890136719,-80,138490.7572314952,104909.1479938243,0.3993780317882749,-0.3201018202878528,policy_rebalance
2026-09-10,2026-09-10T15:00:00-04:00,2026-09-10T15:00:00-04:00,NVDA,1,buy,218.22999572753906,218.33911072540283,0.10911499786376953,0.0,0.10911499786376953,218.22999572753906,-22,138272.41812076978,104909.03887882642,0.3972982642112746,-0.31802197025634005,policy_rebalance
2026-09-10,2026-09-10T15:00:00-04:00,2026-09-10T15:00:00-04:00,SNDK,-2,sell,1709.56005859375,1708.7052785644532,1.70956005859375,0.0,1.70956005859375,3419.1201171875,-4,141689.82867789868,104907.32931876782,0.42989655209676697,-0.35061896626273664,policy_rebalance
2026-09-10,2026-09-10T15:55:00-04:00,,MSTR,-32,sell,128.8000030517578,128.73560305023193,2.060800048828125,0.0,2.060800048828125,4121.60009765625,0,145809.36797550612,105171.44817570143,0.38639688341948286,-0.38639688341948286,scheduled_1555_liquidation
2026-09-10,2026-09-10T15:55:00-04:00,,SNDK,4,buy,1695.06005859375,1695.9075886230469,3.3901201171875,0.0,3.3901201171875,6780.240234375,0,139025.73762101392,105168.05805558423,0.3219388109984399,-0.3219388109984399,scheduled_1555_liquidation
2026-09-10,2026-09-10T15:55:00-04:00,,TSLA,80,buy,363.1499938964844,363.3315688934326,14.525999755859376,0.0,14.525999755859376,29051.99951171875,0,109959.21210953931,105153.53205582837,0.0457015561889019,-0.0457015561889019,scheduled_1555_liquidation
2026-09-10,2026-09-10T15:55:00-04:00,,NVDA,22,buy,218.44000244140625,218.54922244262693,2.402840026855469,0.0,2.402840026855469,4805.6800537109375,0,105151.12921580151,105151.12921580151,0.0,0.0,scheduled_1555_liquidation
2026-09-11,2026-09-11T09:35:00-04:00,2026-09-11T09:35:00-04:00,SNDK,-43,sell,1677.239990234375,1676.4013702392579,36.06065979003906,0.0,36.06065979003906,72121.31958007812,-43,177236.3881360896,105115.06855601148,0.6861177999579352,-0.6861177999579352,policy_rebalance
2026-09-11,2026-09-11T09:35:00-04:00,2026-09-11T09:35:00-04:00,TSLA,72,buy,364.45001220703125,364.6322372131348,13.120200439453125,0.0,13.120200439453125,26240.40087890625,72,150982.8670567439,105101.94835557204,0.9358696199067148,-0.43653728041226625,policy_rebalance
2026-09-11,2026-09-11T09:40:00-04:00,2026-09-11T09:40:00-04:00,TSLA,-1,sell,366.787109375,366.6037158203125,0.1833935546875,0.0,0.1833935546875,366.787109375,71,151349.47077256424,105988.13385850174,0.9193963786116425,-0.4279850513702,policy_rebalance
2026-09-11,2026-09-11T09:40:00-04:00,2026-09-11T09:40:00-04:00,SNDK,43,buy,1660.5400390625,1661.370309082031,35.70161083984375,0.0,35.70161083984375,71403.2216796875,0,79910.5474820369,105952.4322476619,0.24578845632115895,0.24578845632115895,policy_rebalance
2026-09-11,2026-09-11T09:40:00-04:00,2026-09-11T09:40:00-04:00,MSTR,568,buy,130.4499969482422,130.5152219467163,37.04779913330078,0.0,37.04779913330078,74095.59826660156,568,5777.901416302033,105915.3844485286,0.9454479493570652,0.9454479493570652,policy_rebalance
2026-09-11,2026-09-11T09:45:00-04:00,2026-09-11T09:45:00-04:00,TSLA,-1,sell,367.07501220703125,366.89147470092774,0.18353750610351563,0.0,0.18353750610351563,367.07501220703125,70,6144.7928910029605,106449.74198768265,0.9422751734643567,0.9422751734643567,policy_rebalance
2026-09-11,2026-09-11T09:45:00-04:00,2026-09-11T09:45:00-04:00,MSTR,-1,sell,131.3551025390625,131.28942498779298,0.06567755126953125,0.0,0.06567755126953125,131.3551025390625,567,6276.082315990753,106449.67631013138,0.9410417905104195,0.9410417905104195,policy_rebalance
2026-09-11,2026-09-11T09:50:00-04:00,2026-09-11T09:50:00-04:00,MSTR,-3,sell,133.1501007080078,133.0835256576538,0.19972515106201172,0.0,0.19972515106201172,399.45030212402344,564,6675.332892963715,107498.04071767075,0.9379027482882633,0.9379027482882633,policy_rebalance
2026-09-11,2026-09-11T09:55:00-04:00,2026-09-11T09:55:00-04:00,MSTR,-1,sell,133.9499969482422,133.88302194976808,0.0669749984741211,0.0,0.0669749984741211,133.9499969482422,563,6809.215914913482,107772.01317138321,0.9368183286686387,0.9368183286686387,policy_rebalance
2026-09-11,2026-09-11T10:00:00-04:00,2026-09-11T10:00:00-04:00,MSTR,-3,sell,136.74000549316406,136.6716354904175,0.2051100082397461,0.0,0.2051100082397461,410.2200164794922,560,7219.230821384735,109575.33372665817,0.9341162780357712,0.9341162780357712,policy_rebalance
2026-09-11,2026-09-11T10:05:00-04:00,2026-09-11T10:05:00-04:00,TSLA,-22,sell,366.6799011230469,366.49656117248537,4.033478912353516,0.0,4.033478912353516,8066.957824707031,48,15282.155167179411,109860.39418085129,0.860894772123045,0.860894772123045,policy_rebalance
2026-09-11,2026-09-11T10:05:00-04:00,2026-09-11T10:05:00-04:00,MSTR,-54,sell,137.4600067138672,137.39127671051025,3.711420181274414,0.0,3.711420181274414,7422.840362548828,506,22701.284109546963,109856.68276067001,0.7933554560444611,0.7933554560444611,policy_rebalance
2026-09-11,2026-09-11T10:05:00-04:00,2026-09-11T10:05:00-04:00,SNDK,-10,sell,1619.5150146484375,1618.7052571411134,8.097575073242188,0.0,8.097575073242188,16195.150146484375,-10,38888.3366809581,109848.58518559678,0.940845515879786,0.645982361855152,policy_rebalance
2026-09-11,2026-09-11T10:10:00-04:00,2026-09-11T10:10:00-04:00,MSTR,-206,sell,136.0050048828125,135.9370023803711,14.008515502929688,0.0,14.008515502929688,28017.031005859375,300,66891.35917131454,109017.34086076767,0.6852375999637214,0.3864154212241761,policy_rebalance
2026-09-11,2026-09-11T10:10:00-04:00,2026-09-11T10:10:00-04:00,TSLA,78,buy,366.93499755859375,367.11846505737304,14.310464904785157,0.0,14.310464904785157,28620.929809570312,126,38256.11889683944,109003.03039586288,0.9478975991785936,0.6490361895636672,policy_rebalance
2026-09-11,2026-09-11T10:15:00-04:00,2026-09-11T10:15:00-04:00,TSLA,-52,sell,365.0000915527344,364.817591506958,9.490002380371093,0.0,9.490002380371093,18980.004760742188,74,57226.63365520126,108783.49132121689,0.7749352169470581,0.4739400899882691,policy_rebalance
2026-09-11,2026-09-11T10:15:00-04:00,2026-09-11T10:15:00-04:00,SNDK,10,buy,1637.1650390625,1637.9836215820312,8.1858251953125,0.0,8.1858251953125,16371.650390625,0,40846.79743938094,108775.30549602157,0.6244846451764283,0.6244846451764283,policy_rebalance
2026-09-11,2026-09-11T10:15:00-04:00,2026-09-11T10:15:00-04:00,MSTR,258,buy,136.39500427246094,136.46320177459717,17.59495555114746,0.0,17.59495555114746,35189.91110229492,558,5639.291381534873,108757.71054047042,0.94814812344329,0.94814812344329,policy_rebalance
2026-09-11,2026-09-11T10:20:00-04:00,2026-09-11T10:20:00-04:00,MSTR,-138,sell,136.9499969482422,136.88152194976809,9.44954978942871,0.0,9.44954978942871,18899.099578857422,420,24528.941410602867,109043.13922554428,0.7750528682059736,0.7750528682059736,policy_rebalance
2026-09-11,2026-09-11T10:20:00-04:00,2026-09-11T10:20:00-04:00,SNDK,9,buy,1645.8299560546875,1646.6528710327148,7.406234802246094,0.0,7.406234802246094,14812.469604492188,9,9709.065571308434,109035.73299074202,0.9109551950998229,0.9109551950998229,policy_rebalance
2026-09-11,2026-09-11T10:20:00-04:00,2026-09-11T10:20:00-04:00,TSLA,8,buy,364.79998779296875,364.9823877868652,1.459199951171875,0.0,1.459199951171875,2918.39990234375,82,6789.206469013512,109034.27379079086,0.9377332811695497,0.9377332811695497,policy_rebalance
2026-09-11,2026-09-11T10:25:00-04:00,2026-09-11T10:25:00-04:00,SNDK,-1,sell,1649.4599609375,1648.6352309570314,0.82472998046875,0.0,0.82472998046875,1649.4599609375,8,8437.841699970544,108577.75069655257,0.9222875621769677,0.9222875621769677,policy_rebalance
2026-09-11,2026-09-11T10:25:00-04:00,2026-09-11T10:25:00-04:00,MSTR,-1,sell,136.0,135.93200000000002,0.068,0.0,0.068,136.0,419,8573.773699970545,108577.68269655257,0.9210355803601732,0.9210355803601732,policy_rebalance
2026-09-11,2026-09-11T10:25:00-04:00,2026-09-11T10:25:00-04:00,TSLA,3,buy,363.7101135253906,363.8919685821533,0.5455651702880859,0.0,0.5455651702880859,1091.1303405761719,85,7482.097794224085,108577.13713138229,0.9310895645998616,0.9310895645998616,policy_rebalance
2026-09-11,2026-09-11T10:30:00-04:00,2026-09-11T10:30:00-04:00,TSLA,-1,sell,366.43499755859375,366.25178005981445,0.18321749877929688,0.0,0.18321749877929688,366.43499755859375,84,7848.3495742838995,108700.41732330734,0.9277983491917922,0.9277983491917922,policy_rebalance
2026-09-11,2026-09-11T10:45:00-04:00,2026-09-11T10:45:00-04:00,TSLA,-1,sell,364.7850036621094,364.60261116027834,0.18239250183105468,0.0,0.18239250183105468,364.7850036621094,83,8212.952185444177,107827.3295352977,0.9238323695779219,0.9238323695779219,policy_rebalance
2026-09-11,2026-09-11T10:45:00-04:00,2026-09-11T10:45:00-04:00,SNDK,1,buy,1629.0,1629.8145,0.8145,0.0,0.8145,1629.0,9,6583.137685444177,107826.51503529769,0.9389469493353361,0.9389469493353361,policy_rebalance
2026-09-11,2026-09-11T10:55:00-04:00,2026-09-11T10:55:00-04:00,MSTR,8,buy,136.07000732421875,136.13804232788084,0.544280029296875,0.0,0.544280029296875,1088.56005859375,427,5494.03334682113,108563.4971224559,0.9493933643218581,0.9493933643218581,policy_rebalance
2026-09-11,2026-09-11T11:00:00-04:00,2026-09-11T11:00:00-04:00,MSTR,-1,sell,136.25,136.18187500000002,0.068125,0.0,0.068125,136.25,426,5630.21522182113,108665.9790768016,0.9481878756382265,0.9481878756382265,policy_rebalance
2026-09-11,2026-09-11T11:25:00-04:00,2026-09-11T11:25:00-04:00,SNDK,-1,sell,1640.7099609375,1639.8896059570313,0.82035498046875,0.0,0.82035498046875,1640.7099609375,8,7270.104827778162,108755.25747670395,0.933151693109315,0.933151693109315,policy_rebalance
2026-09-11,2026-09-11T11:25:00-04:00,2026-09-11T11:25:00-04:00,TSLA,-32,sell,365.4700012207031,365.2872662200928,5.84752001953125,0.0,5.84752001953125,11695.0400390625,51,18959.29734682113,108749.40995668441,0.8256606876821425,0.8256606876821425,policy_rebalance
2026-09-11,2026-09-11T11:25:00-04:00,2026-09-11T11:25:00-04:00,MSTR,-1,sell,136.2100067138672,136.14190171051027,0.06810500335693359,0.0,0.06810500335693359,136.2100067138672,425,19095.439248531642,108749.34185168106,0.8244086913686782,0.8244086913686782,policy_rebalance
2026-09-11,2026-09-11T11:40:00-04:00,2026-09-11T11:40:00-04:00,SNDK,-2,sell,1641.300048828125,1640.479398803711,1.641300048828125,0.0,1.641300048828125,3282.60009765625,6,22376.398046139064,108745.53030932265,0.7942315607594149,0.7942315607594149,policy_rebalance
2026-09-11,2026-09-11T12:20:00-04:00,2026-09-11T12:20:00-04:00,SNDK,-4,sell,1633.4449462890625,1632.628223815918,3.266889892578125,0.0,3.266889892578125,6533.77978515625,2,28906.910941402737,107388.85416344863,0.73082019389642,0.73082019389642,policy_rebalance
2026-09-11,2026-09-11T12:20:00-04:00,2026-09-11T12:20:00-04:00,TSLA,-1,sell,364.80499267578125,364.62259017944336,0.18240249633789063,0.0,0.18240249633789063,364.80499267578125,50,29271.53353158218,107388.6717609523,0.7274243823711615,0.7274243823711615,policy_rebalance
2026-09-11,2026-09-11T12:30:00-04:00,2026-09-11T12:30:00-04:00,SNDK,6,buy,1625.5400390625,1626.3528090820312,4.8766201171875,0.0,4.8766201171875,9753.240234375,8,19513.41667708999,107617.25900802261,0.8186776279478061,0.8186776279478061,policy_rebalance
2026-09-11,2026-09-11T13:25:00-04:00,2026-09-11T13:25:00-04:00,SNDK,-8,sell,1636.050048828125,1635.232023803711,6.5442001953125,0.0,6.5442001953125,13088.400390625,0,32595.272867519678,107638.02112801772,0.697176959164337,0.697176959164337,policy_rebalance
2026-09-11,2026-09-11T13:25:00-04:00,2026-09-11T13:25:00-04:00,SNDK,-3,sell,1636.050048828125,1635.232023803711,2.4540750732421874,0.0,2.4540750732421874,4908.150146484375,-3,37500.96893893081,107635.56705294448,0.742792560080588,0.6515931493120245,policy_rebalance
2026-09-11,2026-09-11T13:40:00-04:00,2026-09-11T13:40:00-04:00,SNDK,-1,sell,1634.469970703125,1633.6527357177736,0.8172349853515625,0.0,0.8172349853515625,1634.469970703125,-4,39134.62167464859,107536.08619796402,0.7576733278068942,0.6360791706459787,policy_rebalance
2026-09-11,2026-09-11T14:05:00-04:00,2026-09-11T14:05:00-04:00,TSLA,-1,sell,365.07000732421875,364.88747232055664,0.18253500366210937,0.0,0.18253500366210937,365.07000732421875,49,39499.50914696915,106718.03778771622,0.7526031223062778,0.6298703577595601,policy_rebalance
2026-09-11,2026-09-11T14:05:00-04:00,2026-09-11T14:05:00-04:00,SNDK,-10,sell,1637.2249755859375,1636.4063630981445,8.186124877929688,0.0,8.186124877929688,16372.249755859375,-14,55863.57277795059,106709.85166283828,0.906088582212562,0.4764909527336071,policy_rebalance
2026-09-11,2026-09-11T15:30:00-04:00,2026-09-11T15:30:00-04:00,TSLA,-1,sell,364.1105041503906,363.9284488983154,0.18205525207519532,0.0,0.18205525207519532,364.1105041503906,48,56227.50122684891,106452.3246216243,0.9012840464676851,0.47180579262402433,policy_rebalance
2026-09-11,2026-09-11T15:30:00-04:00,2026-09-11T15:30:00-04:00,SNDK,-1,sell,1632.8199462890625,1632.0035363159182,0.8164099731445312,0.0,0.8164099731445312,1632.8199462890625,-15,57859.50476316483,106451.50821165115,0.9166295853991331,0.45647078434881133,policy_rebalance
2026-09-11,2026-09-11T15:55:00-04:00,,TSLA,-48,sell,365.6700134277344,365.48717842102053,8.776080322265624,0.0,8.776080322265624,17552.16064453125,0,75402.88932737382,106576.2882226375,0.7525323071825955,0.2924984479675493,scheduled_1555_liquidation
2026-09-11,2026-09-11T15:55:00-04:00,,MSTR,-425,sell,131.02999877929688,130.96448377990723,27.843874740600587,0.0,27.843874740600587,55687.74948120117,0,131062.79493383439,106548.44434789689,0.2300770390029761,-0.2300770390029761,scheduled_1555_liquidation
2026-09-11,2026-09-11T15:55:00-04:00,,SNDK,15,buy,1634.2900390625,1635.1071840820312,12.25717529296875,0.0,12.25717529296875,24514.3505859375,0,106536.18717260392,106536.18717260392,0.0,0.0,scheduled_1555_liquidation
