date,timestamp,phase,cash,equity,gross_dollars,net_dollars,gross_exposure,net_exposure,costs_to_date,turnover_dollars_to_date,drawdown,SNDK_shares,SNDK_price,SNDK_weight,SNDK_pnl,TSLA_shares,TSLA_price,TSLA_weight,TSLA_pnl,MSTR_shares,MSTR_price,MSTR_weight,MSTR_pnl,NVDA_shares,NVDA_price,NVDA_weight,NVDA_pnl
2026-09-08,2026-09-08T09:30:00-04:00,open_before_orders,100000.0,100000.0,0.0,0.0,0.0,0.0,0.0,0.0,0.0,0,1769.4300537109375,0.0,0.0,0,357.2699890136719,0.0,0.0,0,137.61500549316406,0.0,0.0,0,233.2100067138672,0.0,0.0
2026-09-08,2026-09-08T09:35:00-04:00,bar_close,100000.0,100000.0,0.0,0.0,0.0,0.0,0.0,0.0,0.0,0,1773.510009765625,0.0,0.0,0,361.364990234375,0.0,0.0,0,136.63999938964844,0.0,0.0,0,231.83999633789062,0.0,0.0
2026-09-08,2026-09-08T09:35:00-04:00,open_before_orders,100000.0,100000.0,0.0,0.0,0.0,0.0,0.0,0.0,0.0,0,1772.8199462890625,0.0,0.0,0,361.489990234375,0.0,0.0,0,136.63999938964844,0.0,0.0,0,231.80999755859375,0.0,0.0
2026-09-08,2026-09-08T09:40:00-04:00,bar_close,100000.0,100000.0,0.0,0.0,0.0,0.0,0.0,0.0,0.0,0,1783.0,0.0,0.0,0,359.3299865722656,0.0,0.0,0,136.24130249023438,0.0,0.0,0,230.80999755859375,0.0,0.0
2026-09-08,2026-09-08T09:40:00-04:00,open_before_orders,100000.0,100000.0,0.0,0.0,0.0,0.0,0.0,0.0,0.0,0,1782.3900146484375,0.0,0.0,0,359.3349914550781,0.0,0.0,0,136.3699951171875,0.0,0.0,0,230.81649780273438,0.0,0.0
2026-09-08,2026-09-08T09:45:00-04:00,bar_close,100000.0,100000.0,0.0,0.0,0.0,0.0,0.0,0.0,0.0,0,1744.0550537109375,0.0,0.0,0,357.6700134277344,0.0,0.0,0,137.39999389648438,0.0,0.0,0,229.76499938964844,0.0,0.0
2026-09-08,2026-09-08T09:45:00-04:00,open_before_orders,100000.0,100000.0,0.0,0.0,0.0,0.0,0.0,0.0,0.0,0,1745.0,0.0,0.0,0,357.67999267578125,0.0,0.0,0,137.44000244140625,0.0,0.0,0,229.77999877929688,0.0,0.0
2026-09-08,2026-09-08T09:50:00-04:00,bar_close,100000.0,100000.0,0.0,0.0,0.0,0.0,0.0,0.0,0.0,0,1770.7518310546875,0.0,0.0,0,358.4753112792969,0.0,0.0,0,137.4550018310547,0.0,0.0,0,230.36880493164062,0.0,0.0
2026-09-08,2026-09-08T09:50:00-04:00,open_before_orders,100000.0,100000.0,0.0,0.0,0.0,0.0,0.0,0.0,0.0,0,1771.8800048828125,0.0,0.0,0,358.47711181640625,0.0,0.0,0,137.43499755859375,0.0,0.0,0,230.3444061279297,0.0,0.0
2026-09-08,2026-09-08T09:55:00-04:00,bar_close,100000.0,100000.0,0.0,0.0,0.0,0.0,0.0,0.0,0.0,0,1774.949951171875,0.0,0.0,0,358.6700134277344,0.0,0.0,0,137.30999755859375,0.0,0.0,0,229.64500427246094,0.0,0.0
2026-09-08,2026-09-08T09:55:00-04:00,open_before_orders,100000.0,100000.0,0.0,0.0,0.0,0.0,0.0,0.0,0.0,0,1774.4100341796875,0.0,0.0,0,358.67999267578125,0.0,0.0,0,137.32000732421875,0.0,0.0,0,229.6699981689453,0.0,0.0
2026-09-08,2026-09-08T10:00:00-04:00,bar_close,100000.0,100000.0,0.0,0.0,0.0,0.0,0.0,0.0,0.0,0,1779.875,0.0,0.0,0,360.17498779296875,0.0,0.0,0,137.60000610351562,0.0,0.0,0,229.57119750976562,0.0,0.0
2026-09-08,2026-09-08T10:00:00-04:00,open_before_orders,100000.0,100000.0,0.0,0.0,0.0,0.0,0.0,0.0,0.0,0,1780.4849853515625,0.0,0.0,0,360.20001220703125,0.0,0.0,0,137.625,0.0,0.0,0,229.5800018310547,0.0,0.0
2026-09-08,2026-09-08T10:05:00-04:00,bar_close,100000.0,100000.0,0.0,0.0,0.0,0.0,0.0,0.0,0.0,0,1775.56494140625,0.0,0.0,0,361.30499267578125,0.0,0.0,0,138.44000244140625,0.0,0.0,0,228.27999877929688,0.0,0.0
2026-09-08,2026-09-08T10:05:00-04:00,open_before_orders,100000.0,100000.0,0.0,0.0,0.0,0.0,0.0,0.0,0.0,0,1775.10498046875,0.0,0.0,0,361.32000732421875,0.0,0.0,0,138.4600067138672,0.0,0.0,0,228.26199340820312,0.0,0.0
2026-09-08,2026-09-08T10:10:00-04:00,bar_close,100000.0,100000.0,0.0,0.0,0.0,0.0,0.0,0.0,0.0,0,1765.9010009765625,0.0,0.0,0,361.54998779296875,0.0,0.0,0,137.91259765625,0.0,0.0,0,229.21499633789062,0.0,0.0
2026-09-08,2026-09-08T10:10:00-04:00,open_before_orders,100000.0,100000.0,0.0,0.0,0.0,0.0,0.0,0.0,0.0,0,1765.0,0.0,0.0,0,361.54998779296875,0.0,0.0,0,137.7899932861328,0.0,0.0,0,229.20249938964844,0.0,0.0
2026-09-08,2026-09-08T10:15:00-04:00,bar_close,100000.0,100000.0,0.0,0.0,0.0,0.0,0.0,0.0,0.0,0,1766.02001953125,0.0,0.0,0,361.9873046875,0.0,0.0,0,137.66000366210938,0.0,0.0,0,228.4906005859375,0.0,0.0
2026-09-08,2026-09-08T10:15:00-04:00,open_before_orders,100000.0,100000.0,0.0,0.0,0.0,0.0,0.0,0.0,0.0,0,1765.1800537109375,0.0,0.0,0,361.94500732421875,0.0,0.0,0,137.6999969482422,0.0,0.0,0,228.50999450683594,0.0,0.0
2026-09-08,2026-09-08T10:20:00-04:00,bar_close,100000.0,100000.0,0.0,0.0,0.0,0.0,0.0,0.0,0.0,0,1758.260009765625,0.0,0.0,0,361.82501220703125,0.0,0.0,0,138.5800018310547,0.0,0.0,0,228.17010498046875,0.0,0.0
2026-09-08,2026-09-08T10:20:00-04:00,open_before_orders,100000.0,100000.0,0.0,0.0,0.0,0.0,0.0,0.0,0.0,0,1757.824951171875,0.0,0.0,0,361.8598937988281,0.0,0.0,0,138.65499877929688,0.0,0.0,0,228.18499755859375,0.0,0.0
2026-09-08,2026-09-08T10:25:00-04:00,bar_close,100000.0,100000.0,0.0,0.0,0.0,0.0,0.0,0.0,0.0,0,1768.4749755859375,0.0,0.0,0,363.9551086425781,0.0,0.0,0,138.95050048828125,0.0,0.0,0,228.00999450683594,0.0,0.0
2026-09-08,2026-09-08T10:25:00-04:00,open_before_orders,100000.0,100000.0,0.0,0.0,0.0,0.0,0.0,0.0,0.0,0,1768.2900390625,0.0,0.0,0,363.95001220703125,0.0,0.0,0,138.92999267578125,0.0,0.0,0,228.0,0.0,0.0
2026-09-08,2026-09-08T10:30:00-04:00,bar_close,100000.0,100000.0,0.0,0.0,0.0,0.0,0.0,0.0,0.0,0,1774.5699462890625,0.0,0.0,0,363.3699951171875,0.0,0.0,0,138.27999877929688,0.0,0.0,0,227.9423065185547,0.0,0.0
2026-09-08,2026-09-08T10:30:00-04:00,open_before_orders,100000.0,100000.0,0.0,0.0,0.0,0.0,0.0,0.0,0.0,0,1775.0,0.0,0.0,0,363.3977966308594,0.0,0.0,0,138.30999755859375,0.0,0.0,0,227.9600067138672,0.0,0.0
2026-09-08,2026-09-08T10:35:00-04:00,bar_close,100000.0,100000.0,0.0,0.0,0.0,0.0,0.0,0.0,0.0,0,1775.8499755859375,0.0,0.0,0,364.4580078125,0.0,0.0,0,138.5850067138672,0.0,0.0,0,227.7100067138672,0.0,0.0
2026-09-08,2026-09-08T10:35:00-04:00,open_before_orders,100000.0,100000.0,0.0,0.0,0.0,0.0,0.0,0.0,0.0,0,1775.2099609375,0.0,0.0,0,364.4703063964844,0.0,0.0,0,138.60499572753906,0.0,0.0,0,227.72000122070312,0.0,0.0
2026-09-08,2026-09-08T10:40:00-04:00,bar_close,100000.0,100000.0,0.0,0.0,0.0,0.0,0.0,0.0,0.0,0,1772.7149658203125,0.0,0.0,0,364.5249938964844,0.0,0.0,0,138.05999755859375,0.0,0.0,0,227.25,0.0,0.0
2026-09-08,2026-09-08T10:40:00-04:00,open_before_orders,100000.0,100000.0,0.0,0.0,0.0,0.0,0.0,0.0,0.0,0,1772.4986572265625,0.0,0.0,0,364.5249938964844,0.0,0.0,0,138.05999755859375,0.0,0.0,0,227.24000549316406,0.0,0.0
2026-09-08,2026-09-08T10:45:00-04:00,bar_close,100000.0,100000.0,0.0,0.0,0.0,0.0,0.0,0.0,0.0,0,1785.7099609375,0.0,0.0,0,364.5,0.0,0.0,0,137.5749969482422,0.0,0.0,0,227.44000244140625,0.0,0.0
2026-09-08,2026-09-08T10:45:00-04:00,open_before_orders,100000.0,100000.0,0.0,0.0,0.0,0.0,0.0,0.0,0.0,0,1784.43994140625,0.0,0.0,0,364.5350036621094,0.0,0.0,0,137.60000610351562,0.0,0.0,0,227.44000244140625,0.0,0.0
2026-09-08,2026-09-08T10:50:00-04:00,bar_close,100000.0,100000.0,0.0,0.0,0.0,0.0,0.0,0.0,0.0,0,1778.75,0.0,0.0,0,363.7850036621094,0.0,0.0,0,138.14500427246094,0.0,0.0,0,227.19000244140625,0.0,0.0
2026-09-08,2026-09-08T10:50:00-04:00,open_before_orders,100000.0,100000.0,0.0,0.0,0.0,0.0,0.0,0.0,0.0,0,1779.4200439453125,0.0,0.0,0,363.82000732421875,0.0,0.0,0,138.17999267578125,0.0,0.0,0,227.17999267578125,0.0,0.0
2026-09-08,2026-09-08T10:55:00-04:00,bar_close,100000.0,100000.0,0.0,0.0,0.0,0.0,0.0,0.0,0.0,0,1782.56005859375,0.0,0.0,0,364.3450012207031,0.0,0.0,0,137.68499755859375,0.0,0.0,0,227.10960388183594,0.0,0.0
2026-09-08,2026-09-08T10:55:00-04:00,open_before_orders,100000.0,100000.0,0.0,0.0,0.0,0.0,0.0,0.0,0.0,0,1782.5150146484375,0.0,0.0,0,364.3699951171875,0.0,0.0,0,137.6750030517578,0.0,0.0,0,227.10499572753906,0.0,0.0
2026-09-08,2026-09-08T11:00:00-04:00,bar_close,100000.0,100000.0,0.0,0.0,0.0,0.0,0.0,0.0,0.0,0,1779.699951171875,0.0,0.0,0,365.1099853515625,0.0,0.0,0,137.66000366210938,0.0,0.0,0,227.05499267578125,0.0,0.0
2026-09-08,2026-09-08T11:00:00-04:00,open_before_orders,100000.0,100000.0,0.0,0.0,0.0,0.0,0.0,0.0,0.0,0,1779.612060546875,0.0,0.0,0,365.1099853515625,0.0,0.0,0,137.68370056152344,0.0,0.0,0,227.05999755859375,0.0,0.0
2026-09-08,2026-09-08T11:05:00-04:00,bar_close,100000.0,100000.0,0.0,0.0,0.0,0.0,0.0,0.0,0.0,0,1774.8050537109375,0.0,0.0,0,365.7650146484375,0.0,0.0,0,137.9250030517578,0.0,0.0,0,227.05999755859375,0.0,0.0
2026-09-08,2026-09-08T11:05:00-04:00,open_before_orders,100000.0,100000.0,0.0,0.0,0.0,0.0,0.0,0.0,0.0,0,1775.2099609375,0.0,0.0,0,365.7401123046875,0.0,0.0,0,137.92999267578125,0.0,0.0,0,227.0500030517578,0.0,0.0
2026-09-08,2026-09-08T11:10:00-04:00,bar_close,100000.0,100000.0,0.0,0.0,0.0,0.0,0.0,0.0,0.0,0,1775.2550048828125,0.0,0.0,0,364.8999938964844,0.0,0.0,0,138.15499877929688,0.0,0.0,0,227.21499633789062,0.0,0.0
2026-09-08,2026-09-08T11:10:00-04:00,open_before_orders,100000.0,100000.0,0.0,0.0,0.0,0.0,0.0,0.0,0.0,0,1775.760009765625,0.0,0.0,0,364.8756103515625,0.0,0.0,0,138.19000244140625,0.0,0.0,0,227.22000122070312,0.0,0.0
2026-09-08,2026-09-08T11:15:00-04:00,bar_close,100000.0,100000.0,0.0,0.0,0.0,0.0,0.0,0.0,0.0,0,1780.510009765625,0.0,0.0,0,364.7300109863281,0.0,0.0,0,138.2100067138672,0.0,0.0,0,227.38009643554688,0.0,0.0
2026-09-08,2026-09-08T11:15:00-04:00,open_before_orders,100000.0,100000.0,0.0,0.0,0.0,0.0,0.0,0.0,0.0,0,1780.9599609375,0.0,0.0,0,364.7250061035156,0.0,0.0,0,138.13999938964844,0.0,0.0,0,227.3896942138672,0.0,0.0
2026-09-08,2026-09-08T11:20:00-04:00,bar_close,100000.0,100000.0,0.0,0.0,0.0,0.0,0.0,0.0,0.0,0,1798.85009765625,0.0,0.0,0,365.57501220703125,0.0,0.0,0,137.9600067138672,0.0,0.0,0,227.10000610351562,0.0,0.0
2026-09-08,2026-09-08T11:20:00-04:00,open_before_orders,100000.0,100000.0,0.0,0.0,0.0,0.0,0.0,0.0,0.0,0,1799.0,0.0,0.0,0,365.510009765625,0.0,0.0,0,138.0,0.0,0.0,0,227.10000610351562,0.0,0.0
2026-09-08,2026-09-08T11:25:00-04:00,bar_close,100000.0,100000.0,0.0,0.0,0.0,0.0,0.0,0.0,0.0,0,1790.0450439453125,0.0,0.0,0,366.6499938964844,0.0,0.0,0,137.55999755859375,0.0,0.0,0,227.00999450683594,0.0,0.0
2026-09-08,2026-09-08T11:25:00-04:00,open_before_orders,100000.0,100000.0,0.0,0.0,0.0,0.0,0.0,0.0,0.0,0,1790.6142578125,0.0,0.0,0,366.6499938964844,0.0,0.0,0,137.5800018310547,0.0,0.0,0,227.00880432128906,0.0,0.0
2026-09-08,2026-09-08T11:30:00-04:00,bar_close,100000.0,100000.0,0.0,0.0,0.0,0.0,0.0,0.0,0.0,0,1783.0,0.0,0.0,0,367.82989501953125,0.0,0.0,0,137.22999572753906,0.0,0.0,0,226.8699951171875,0.0,0.0
2026-09-08,2026-09-08T11:30:00-04:00,open_before_orders,100000.0,100000.0,0.0,0.0,0.0,0.0,0.0,0.0,0.0,0,1783.2115478515625,0.0,0.0,0,367.82000732421875,0.0,0.0,0,137.22999572753906,0.0,0.0,0,226.87159729003906,0.0,0.0
2026-09-08,2026-09-08T11:35:00-04:00,bar_close,100000.0,100000.0,0.0,0.0,0.0,0.0,0.0,0.0,0.0,0,1795.9000244140625,0.0,0.0,0,366.5201110839844,0.0,0.0,0,137.85000610351562,0.0,0.0,0,226.69000244140625,0.0,0.0
2026-09-08,2026-09-08T11:35:00-04:00,open_before_orders,100000.0,100000.0,0.0,0.0,0.0,0.0,0.0,0.0,0.0,0,1795.97998046875,0.0,0.0,0,366.5400085449219,0.0,0.0,0,137.85000610351562,0.0,0.0,0,226.6894989013672,0.0,0.0
2026-09-08,2026-09-08T11:35:00-04:00,after_fill,121615.04757389831,99989.18706974792,21625.86050415039,-21625.86050415039,0.21628199146238855,-0.21628199146238855,10.812930252075196,21625.86050415039,-0.00010812930252079855,0,1795.97998046875,0.0,0.0,-59,366.5400085449219,-0.21628199146238855,-10.812930252075603,0,137.85000610351562,0.0,0.0,0,226.6894989013672,0.0,0.0
2026-09-08,2026-09-08T11:40:00-04:00,bar_close,121615.04757389831,100040.51678166198,21574.530792236328,-21574.530792236328,0.21565793026961919,-0.21565793026961919,10.812930252075196,21625.86050415039,0.0,0,1794.6700439453125,0.0,0.0,-59,365.6700134277344,-0.21565793026961919,40.5167816619869,0,137.8000030517578,0.0,0.0,0,226.66000366210938,0.0,0.0
2026-09-08,2026-09-08T11:40:00-04:00,open_before_orders,121615.04757389831,100047.00771794128,21568.03985595703,-21568.03985595703,0.21557905976321637,-0.21557905976321637,10.812930252075196,21625.86050415039,0.0,0,1793.825439453125,0.0,0.0,-59,365.55999755859375,-0.21557905976321637,47.00771794128377,0,137.82000732421875,0.0,0.0,0,226.6649932861328,0.0,0.0
2026-09-08,2026-09-08T11:45:00-04:00,bar_close,121615.04757389831,100017.21242985534,21597.83514404297,-21597.83514404297,0.21594118271582594,-0.21594118271582594,10.812930252075196,21625.86050415039,-0.00029781288581798293,0,1800.0001220703125,0.0,0.0,-59,366.06500244140625,-0.21594118271582594,17.212429855346272,0,138.05499267578125,0.0,0.0,0,226.9145965576172,0.0,0.0
2026-09-08,2026-09-08T11:45:00-04:00,open_before_orders,121615.04757389831,100013.37728581237,21601.670288085938,-21601.670288085938,0.21598780957425276,-0.21598780957425276,10.812930252075196,21625.86050415039,-0.00033614630658140854,0,1800.8175048828125,0.0,0.0,-59,366.1300048828125,-0.21598780957425276,13.377285812377522,0,138.0800018310547,0.0,0.0,0,226.9199981689453,0.0,0.0
2026-09-08,2026-09-08T11:45:00-04:00,after_fill,100002.57645066833,100002.57645066833,0.0,0.0,0.0,0.0,21.613765396118165,43227.53079223633,-0.0004441039096162447,0,1800.8175048828125,0.0,0.0,0,366.1300048828125,0.0,2.576450668337202,0,138.0800018310547,0.0,0.0,0,226.9199981689453,0.0,0.0
2026-09-08,2026-09-08T11:50:00-04:00,bar_close,100002.57645066833,100002.57645066833,0.0,0.0,0.0,0.0,21.613765396118165,43227.53079223633,-0.0004441039096162447,0,1803.4154052734375,0.0,0.0,0,366.0899963378906,0.0,2.576450668337202,0,138.47999572753906,0.0,0.0,0,226.63229370117188,0.0,0.0
2026-09-08,2026-09-08T11:50:00-04:00,open_before_orders,100002.57645066833,100002.57645066833,0.0,0.0,0.0,0.0,21.613765396118165,43227.53079223633,-0.0004441039096162447,0,1803.050048828125,0.0,0.0,0,366.139892578125,0.0,2.576450668337202,0,138.42999267578125,0.0,0.0,0,226.63999938964844,0.0,0.0
2026-09-08,2026-09-08T11:55:00-04:00,bar_close,100002.57645066833,100002.57645066833,0.0,0.0,0.0,0.0,21.613765396118165,43227.53079223633,-0.0004441039096162447,0,1803.7503662109375,0.0,0.0,0,367.17498779296875,0.0,2.576450668337202,0,138.64990234375,0.0,0.0,0,226.35989379882812,0.0,0.0
2026-09-08,2026-09-08T11:55:00-04:00,open_before_orders,100002.57645066833,100002.57645066833,0.0,0.0,0.0,0.0,21.613765396118165,43227.53079223633,-0.0004441039096162447,0,1804.989990234375,0.0,0.0,0,367.20001220703125,0.0,2.576450668337202,0,138.6699981689453,0.0,0.0,0,226.35989379882812,0.0,0.0
2026-09-08,2026-09-08T12:00:00-04:00,bar_close,100002.57645066833,100002.57645066833,0.0,0.0,0.0,0.0,21.613765396118165,43227.53079223633,-0.0004441039096162447,0,1798.3399658203125,0.0,0.0,0,367.7701110839844,0.0,2.576450668337202,0,139.2050018310547,0.0,0.0,0,226.25999450683594,0.0,0.0
2026-09-08,2026-09-08T12:00:00-04:00,open_before_orders,100002.57645066833,100002.57645066833,0.0,0.0,0.0,0.0,21.613765396118165,43227.53079223633,-0.0004441039096162447,0,1799.06005859375,0.0,0.0,0,367.7799987792969,0.0,2.576450668337202,0,139.22999572753906,0.0,0.0,0,226.27000427246094,0.0,0.0
2026-09-08,2026-09-08T12:05:00-04:00,bar_close,100002.57645066833,100002.57645066833,0.0,0.0,0.0,0.0,21.613765396118165,43227.53079223633,-0.0004441039096162447,0,1800.030029296875,0.0,0.0,0,367.6001892089844,0.0,2.576450668337202,0,139.15499877929688,0.0,0.0,0,226.17999267578125,0.0,0.0
2026-09-08,2026-09-08T12:05:00-04:00,open_before_orders,100002.57645066833,100002.57645066833,0.0,0.0,0.0,0.0,21.613765396118165,43227.53079223633,-0.0004441039096162447,0,1799.699951171875,0.0,0.0,0,367.6299133300781,0.0,2.576450668337202,0,139.15499877929688,0.0,0.0,0,226.19000244140625,0.0,0.0
2026-09-08,2026-09-08T12:10:00-04:00,bar_close,100002.57645066833,100002.57645066833,0.0,0.0,0.0,0.0,21.613765396118165,43227.53079223633,-0.0004441039096162447,0,1797.02001953125,0.0,0.0,0,367.2799987792969,0.0,2.576450668337202,0,138.38499450683594,0.0,0.0,0,225.9149932861328,0.0,0.0
2026-09-08,2026-09-08T12:10:00-04:00,open_before_orders,100002.57645066833,100002.57645066833,0.0,0.0,0.0,0.0,21.613765396118165,43227.53079223633,-0.0004441039096162447,0,1797.02001953125,0.0,0.0,0,367.2749938964844,0.0,2.576450668337202,0,138.3300018310547,0.0,0.0,0,225.91949462890625,0.0,0.0
2026-09-08,2026-09-08T12:15:00-04:00,bar_close,100002.57645066833,100002.57645066833,0.0,0.0,0.0,0.0,21.613765396118165,43227.53079223633,-0.0004441039096162447,0,1798.7899169921875,0.0,0.0,0,367.5950927734375,0.0,2.576450668337202,0,137.67999267578125,0.0,0.0,0,226.0522003173828,0.0,0.0
2026-09-08,2026-09-08T12:15:00-04:00,open_before_orders,100002.57645066833,100002.57645066833,0.0,0.0,0.0,0.0,21.613765396118165,43227.53079223633,-0.0004441039096162447,0,1798.6600341796875,0.0,0.0,0,367.6001892089844,0.0,2.576450668337202,0,137.64999389648438,0.0,0.0,0,226.05999755859375,0.0,0.0
2026-09-08,2026-09-08T12:20:00-04:00,bar_close,100002.57645066833,100002.57645066833,0.0,0.0,0.0,0.0,21.613765396118165,43227.53079223633,-0.0004441039096162447,0,1796.0899658203125,0.0,0.0,0,367.5,0.0,2.576450668337202,0,137.5,0.0,0.0,0,225.88999938964844,0.0,0.0
2026-09-08,2026-09-08T12:20:00-04:00,open_before_orders,100002.57645066833,100002.57645066833,0.0,0.0,0.0,0.0,21.613765396118165,43227.53079223633,-0.0004441039096162447,0,1796.3299560546875,0.0,0.0,0,367.5,0.0,2.576450668337202,0,137.5,0.0,0.0,0,225.88999938964844,0.0,0.0
2026-09-08,2026-09-08T12:25:00-04:00,bar_close,100002.57645066833,100002.57645066833,0.0,0.0,0.0,0.0,21.613765396118165,43227.53079223633,-0.0004441039096162447,0,1798.31005859375,0.0,0.0,0,368.1900939941406,0.0,2.576450668337202,0,137.5500030517578,0.0,0.0,0,225.97000122070312,0.0,0.0
2026-09-08,2026-09-08T12:25:00-04:00,open_before_orders,100002.57645066833,100002.57645066833,0.0,0.0,0.0,0.0,21.613765396118165,43227.53079223633,-0.0004441039096162447,0,1798.4449462890625,0.0,0.0,0,368.2099914550781,0.0,2.576450668337202,0,137.66000366210938,0.0,0.0,0,225.97000122070312,0.0,0.0
2026-09-08,2026-09-08T12:30:00-04:00,bar_close,100002.57645066833,100002.57645066833,0.0,0.0,0.0,0.0,21.613765396118165,43227.53079223633,-0.0004441039096162447,0,1795.6300048828125,0.0,0.0,0,368.2200012207031,0.0,2.576450668337202,0,137.41000366210938,0.0,0.0,0,225.66000366210938,0.0,0.0
2026-09-08,2026-09-08T12:30:00-04:00,open_before_orders,100002.57645066833,100002.57645066833,0.0,0.0,0.0,0.0,21.613765396118165,43227.53079223633,-0.0004441039096162447,0,1795.6500244140625,0.0,0.0,0,368.19000244140625,0.0,2.576450668337202,0,137.42999267578125,0.0,0.0,0,225.6699981689453,0.0,0.0
2026-09-08,2026-09-08T12:35:00-04:00,bar_close,100002.57645066833,100002.57645066833,0.0,0.0,0.0,0.0,21.613765396118165,43227.53079223633,-0.0004441039096162447,0,1794.7249755859375,0.0,0.0,0,368.44158935546875,0.0,2.576450668337202,0,137.8000030517578,0.0,0.0,0,225.66000366210938,0.0,0.0
2026-09-08,2026-09-08T12:35:00-04:00,open_before_orders,100002.57645066833,100002.57645066833,0.0,0.0,0.0,0.0,21.613765396118165,43227.53079223633,-0.0004441039096162447,0,1795.4461669921875,0.0,0.0,0,368.4599914550781,0.0,2.576450668337202,0,137.74000549316406,0.0,0.0,0,225.64999389648438,0.0,0.0
2026-09-08,2026-09-08T12:40:00-04:00,bar_close,100002.57645066833,100002.57645066833,0.0,0.0,0.0,0.0,21.613765396118165,43227.53079223633,-0.0004441039096162447,0,1790.8499755859375,0.0,0.0,0,368.8299865722656,0.0,2.576450668337202,0,138.53500366210938,0.0,0.0,0,226.02999877929688,0.0,0.0
2026-09-08,2026-09-08T12:40:00-04:00,open_before_orders,100002.57645066833,100002.57645066833,0.0,0.0,0.0,0.0,21.613765396118165,43227.53079223633,-0.0004441039096162447,0,1790.6199951171875,0.0,0.0,0,368.8299865722656,0.0,2.576450668337202,0,138.5800018310547,0.0,0.0,0,226.03030395507812,0.0,0.0
2026-09-08,2026-09-08T12:45:00-04:00,bar_close,100002.57645066833,100002.57645066833,0.0,0.0,0.0,0.0,21.613765396118165,43227.53079223633,-0.0004441039096162447,0,1787.4876708984375,0.0,0.0,0,369.19000244140625,0.0,2.576450668337202,0,138.36000061035156,0.0,0.0,0,225.8300018310547,0.0,0.0
2026-09-08,2026-09-08T12:45:00-04:00,open_before_orders,100002.57645066833,100002.57645066833,0.0,0.0,0.0,0.0,21.613765396118165,43227.53079223633,-0.0004441039096162447,0,1787.9000244140625,0.0,0.0,0,369.17999267578125,0.0,2.576450668337202,0,138.36000061035156,0.0,0.0,0,225.83999633789062,0.0,0.0
2026-09-08,2026-09-08T12:50:00-04:00,bar_close,100002.57645066833,100002.57645066833,0.0,0.0,0.0,0.0,21.613765396118165,43227.53079223633,-0.0004441039096162447,0,1783.079345703125,0.0,0.0,0,369.04998779296875,0.0,2.576450668337202,0,138.36000061035156,0.0,0.0,0,226.00999450683594,0.0,0.0
2026-09-08,2026-09-08T12:50:00-04:00,open_before_orders,100002.57645066833,100002.57645066833,0.0,0.0,0.0,0.0,21.613765396118165,43227.53079223633,-0.0004441039096162447,0,1782.949951171875,0.0,0.0,0,369.04998779296875,0.0,2.576450668337202,0,138.3300018310547,0.0,0.0,0,226.00999450683594,0.0,0.0
2026-09-08,2026-09-08T12:55:00-04:00,bar_close,100002.57645066833,100002.57645066833,0.0,0.0,0.0,0.0,21.613765396118165,43227.53079223633,-0.0004441039096162447,0,1782.0,0.0,0.0,0,369.0299987792969,0.0,2.576450668337202,0,137.77870178222656,0.0,0.0,0,225.9918975830078,0.0,0.0
2026-09-08,2026-09-08T12:55:00-04:00,open_before_orders,100002.57645066833,100002.57645066833,0.0,0.0,0.0,0.0,21.613765396118165,43227.53079223633,-0.0004441039096162447,0,1781.7650146484375,0.0,0.0,0,369.05999755859375,0.0,2.576450668337202,0,137.7899932861328,0.0,0.0,0,226.0,0.0,0.0
2026-09-08,2026-09-08T13:00:00-04:00,bar_close,100002.57645066833,100002.57645066833,0.0,0.0,0.0,0.0,21.613765396118165,43227.53079223633,-0.0004441039096162447,0,1779.303466796875,0.0,0.0,0,368.2699890136719,0.0,2.576450668337202,0,137.4149932861328,0.0,0.0,0,225.75,0.0,0.0
2026-09-08,2026-09-08T13:00:00-04:00,open_before_orders,100002.57645066833,100002.57645066833,0.0,0.0,0.0,0.0,21.613765396118165,43227.53079223633,-0.0004441039096162447,0,1778.949951171875,0.0,0.0,0,368.2300109863281,0.0,2.576450668337202,0,137.4250030517578,0.0,0.0,0,225.75,0.0,0.0
2026-09-08,2026-09-08T13:05:00-04:00,bar_close,100002.57645066833,100002.57645066833,0.0,0.0,0.0,0.0,21.613765396118165,43227.53079223633,-0.0004441039096162447,0,1782.3779296875,0.0,0.0,0,368.80560302734375,0.0,2.576450668337202,0,137.8800048828125,0.0,0.0,0,226.28500366210938,0.0,0.0
2026-09-08,2026-09-08T13:05:00-04:00,open_before_orders,100002.57645066833,100002.57645066833,0.0,0.0,0.0,0.0,21.613765396118165,43227.53079223633,-0.0004441039096162447,0,1782.030029296875,0.0,0.0,0,368.79998779296875,0.0,2.576450668337202,0,137.88999938964844,0.0,0.0,0,226.28709411621094,0.0,0.0
2026-09-08,2026-09-08T13:10:00-04:00,bar_close,100002.57645066833,100002.57645066833,0.0,0.0,0.0,0.0,21.613765396118165,43227.53079223633,-0.0004441039096162447,0,1783.9649658203125,0.0,0.0,0,368.7049865722656,0.0,2.576450668337202,0,137.52000427246094,0.0,0.0,0,225.9799041748047,0.0,0.0
2026-09-08,2026-09-08T13:10:00-04:00,open_before_orders,100002.57645066833,100002.57645066833,0.0,0.0,0.0,0.0,21.613765396118165,43227.53079223633,-0.0004441039096162447,0,1783.6622314453125,0.0,0.0,0,368.7300109863281,0.0,2.576450668337202,0,137.5,0.0,0.0,0,225.97000122070312,0.0,0.0
2026-09-08,2026-09-08T13:15:00-04:00,bar_close,100002.57645066833,100002.57645066833,0.0,0.0,0.0,0.0,21.613765396118165,43227.53079223633,-0.0004441039096162447,0,1783.760009765625,0.0,0.0,0,368.37030029296875,0.0,2.576450668337202,0,137.64999389648438,0.0,0.0,0,226.07699584960938,0.0,0.0
2026-09-08,2026-09-08T13:15:00-04:00,open_before_orders,100002.57645066833,100002.57645066833,0.0,0.0,0.0,0.0,21.613765396118165,43227.53079223633,-0.0004441039096162447,0,1783.8138427734375,0.0,0.0,0,368.42999267578125,0.0,2.576450668337202,0,137.59500122070312,0.0,0.0,0,226.0767059326172,0.0,0.0
2026-09-08,2026-09-08T13:15:00-04:00,after_fill,89294.34195249938,99997.22500914,10702.883056640625,10702.883056640625,0.10703180068909265,0.10703180068909265,26.965206924438476,53930.41384887695,-0.0004975931808137712,6,1783.8138427734375,0.10703180068909265,-5.35144152832072,0,368.42999267578125,0.0,2.576450668337202,0,137.59500122070312,0.0,0.0,0,226.0767059326172,0.0,0.0
2026-09-08,2026-09-08T13:20:00-04:00,bar_close,89294.34195249938,99982.41324156188,10688.0712890625,10688.0712890625,0.10689951304975659,0.10689951304975659,26.965206924438476,53930.41384887695,-0.0006456412625703845,6,1781.34521484375,0.10689951304975659,-20.16320910644572,0,367.79998779296875,0.0,2.576450668337202,0,137.32000732421875,0.0,0.0,0,226.14500427246094,0.0,0.0
2026-09-08,2026-09-08T13:20:00-04:00,open_before_orders,89294.34195249938,99984.12198179626,10689.780029296875,10689.780029296875,0.10691477624060272,0.10691477624060272,26.965206924438476,53930.41384887695,-0.0006285618888504096,6,1781.6300048828125,0.10691477624060272,-18.45446887207072,0,367.78009033203125,0.0,2.576450668337202,0,137.3300018310547,0.0,0.0,0,226.14999389648438,0.0,0.0
2026-09-08,2026-09-08T13:20:00-04:00,after_fill,91075.08114237976,99983.23116679382,8908.150024414062,8908.150024414062,0.0890964406776705,0.0890964406776705,27.856021926879883,55712.043853759766,-0.0006374658533242483,5,1781.6300048828125,0.0890964406776705,-19.34528387451246,0,367.78009033203125,0.0,2.576450668337202,0,137.3300018310547,0.0,0.0,0,226.14999389648438,0.0,0.0
2026-09-08,2026-09-08T13:25:00-04:00,bar_close,91075.08114237976,100001.53133769226,8926.4501953125,8926.4501953125,0.08926313503309295,0.08926313503309295,27.856021926879883,55712.043853759766,-0.0004545501288477638,5,1785.2900390625,0.08926313503309295,-1.045112976074961,0,367.3800048828125,0.0,2.576450668337202,0,137.0399932861328,0.0,0.0,0,225.75979614257812,0.0,0.0
2026-09-08,2026-09-08T13:25:00-04:00,open_before_orders,91075.08114237976,99998.78109355163,8923.699951171875,8923.699951171875,0.08923808724051853,0.08923808724051853,27.856021926879883,55712.043853759766,-0.0004820396480583744,5,1784.739990234375,0.08923808724051853,-3.795357116699961,0,367.3900146484375,0.0,2.576450668337202,0,137.02999877929688,0.0,0.0,0,225.7550048828125,0.0,0.0
2026-09-08,2026-09-08T13:25:00-04:00,after_fill,92858.92876261902,99997.88872355652,7138.9599609375,7138.9599609375,0.07139110687299714,0.07139110687299714,28.748391921997072,57496.78384399414,-0.000490959155152737,4,1784.739990234375,0.07139110687299714,-4.687727111817367,0,367.3900146484375,0.0,2.576450668337202,0,137.02999877929688,0.0,0.0,0,225.7550048828125,0.0,0.0
2026-09-08,2026-09-08T13:30:00-04:00,bar_close,92858.92876261902,99987.28862590027,7128.35986328125,7128.35986328125,0.07129266090964638,0.07129266090964638,28.748391921997072,57496.78384399414,-0.0005969103264874542,4,1782.0899658203125,0.07129266090964638,-15.287824768067367,0,367.5199890136719,0.0,2.576450668337202,0,137.32989501953125,0.0,0.0,0,225.64999389648438,0.0,0.0
2026-09-08,2026-09-08T13:30:00-04:00,open_before_orders,92858.92876261902,99987.20854777527,7128.27978515625,7128.27978515625,0.07129191712308139,0.07129191712308139,28.748391921997072,57496.78384399414,-0.0005977107314852903,4,1782.0699462890625,0.07129191712308139,-15.367902893067367,0,367.5249938964844,0.0,2.576450668337202,0,137.3300018310547,0.0,0.0,0,225.6699981689453,0.0,0.0
2026-09-08,2026-09-08T13:35:00-04:00,bar_close,92858.92876261902,99998.74858683777,7139.81982421875,7139.81982421875,0.07139909173981925,0.07139909173981925,28.748391921997072,57496.78384399414,-0.0004823645624620898,4,1784.9549560546875,0.07139909173981925,-3.8278638305673667,0,367.8299865722656,0.0,2.576450668337202,0,137.77000427246094,0.0,0.0,0,225.9499969482422,0.0,0.0
2026-09-08,2026-09-08T13:35:00-04:00,open_before_orders,92858.92876261902,99998.74858683777,7139.81982421875,7139.81982421875,0.07139909173981925,0.07139909173981925,28.748391921997072,57496.78384399414,-0.0004823645624620898,4,1784.9549560546875,0.07139909173981925,-3.8278638305673667,0,367.7950134277344,0.0,2.576450668337202,0,137.74000549316406,0.0,0.0,0,225.94500732421875,0.0,0.0
2026-09-08,2026-09-08T13:35:00-04:00,after_fill,98211.116198349,99996.07115440369,1784.9549560546875,1784.9549560546875,0.017850250869342086,0.017850250869342086,31.425824356079104,62851.6487121582,-0.0005091263067176222,1,1784.9549560546875,0.017850250869342086,-6.505296264649587,0,367.7950134277344,0.0,2.576450668337202,0,137.74000549316406,0.0,0.0,0,225.94500732421875,0.0,0.0
2026-09-08,2026-09-08T13:40:00-04:00,bar_close,98211.116198349,99994.77623252869,1783.6600341796875,1783.6600341796875,0.017837532132998123,0.017837532132998123,31.425824356079104,62851.6487121582,-0.0005220694411954829,1,1783.6600341796875,0.017837532132998123,-7.800218139649587,0,367.2510070800781,0.0,2.576450668337202,0,137.4199981689453,0.0,0.0,0,226.1304931640625,0.0,0.0
2026-09-08,2026-09-08T13:40:00-04:00,open_before_orders,98211.116198349,99994.614245224,1783.498046875,1783.498046875,0.017835941068797958,0.017835941068797958,31.425824356079104,62851.6487121582,-0.0005236885531347824,1,1783.498046875,0.017835941068797958,-7.962205444337087,0,367.2699890136719,0.0,2.576450668337202,0,137.3699951171875,0.0,0.0,0,226.13499450683594,0.0,0.0
2026-09-08,2026-09-08T13:45:00-04:00,bar_close,98211.116198349,99996.37620811463,1785.260009765625,1785.260009765625,0.017853247062174563,0.017853247062174563,31.425824356079104,62851.6487121582,-0.0005060772029223948,1,1785.260009765625,0.017853247062174563,-6.200242553712087,0,366.57000732421875,0.0,2.576450668337202,0,137.1898956298828,0.0,0.0,0,225.89500427246094,0.0,0.0
2026-09-08,2026-09-08T13:45:00-04:00,open_before_orders,98211.116198349,99996.616198349,1785.5,1785.5,0.017855604198229656,0.017855604198229656,31.425824356079104,62851.6487121582,-0.0005036784281878814,1,1785.5,0.017855604198229656,-5.960252319337087,0,366.55999755859375,0.0,2.576450668337202,0,137.16000366210938,0.0,0.0,0,225.8979949951172,0.0,0.0
2026-09-08,2026-09-08T13:50:00-04:00,bar_close,98211.116198349,99998.5761592865,1787.4599609375,1787.4599609375,0.01787485411882542,0.01787485411882542,31.425824356079104,62851.6487121582,-0.0004840880278130788,1,1787.4599609375,0.01787485411882542,-4.000291381837087,0,366.6000061035156,0.0,2.576450668337202,0,137.11000061035156,0.0,0.0,0,226.0,0.0,0.0
2026-09-08,2026-09-08T13:50:00-04:00,open_before_orders,98211.116198349,99998.17625694275,1787.06005859375,1787.06005859375,0.017870926505718913,0.017870926505718913,31.425824356079104,62851.6487121582,-0.0004880851722841584,1,1787.06005859375,0.017870926505718913,-4.400193725587087,0,366.60009765625,0.0,2.576450668337202,0,137.14999389648438,0.0,0.0,0,225.99000549316406,0.0,0.0
2026-09-08,2026-09-08T13:50:00-04:00,after_fill,99997.28272691346,99997.28272691346,0.0,0.0,0.0,0.0,32.31935438537598,64638.70877075195,-0.0004970162742699014,0,1787.06005859375,0.0,-5.293723754883786,0,366.60009765625,0.0,2.576450668337202,0,137.14999389648438,0.0,0.0,0,225.99000549316406,0.0,0.0
2026-09-08,2026-09-08T13:55:00-04:00,bar_close,99997.28272691346,99997.28272691346,0.0,0.0,0.0,0.0,32.31935438537598,64638.70877075195,-0.0004970162742699014,0,1791.3699951171875,0.0,-5.293723754883786,0,366.4549865722656,0.0,2.576450668337202,0,137.41000366210938,0.0,0.0,0,226.10009765625,0.0,0.0
2026-09-08,2026-09-08T13:55:00-04:00,open_before_orders,99997.28272691346,99997.28272691346,0.0,0.0,0.0,0.0,32.31935438537598,64638.70877075195,-0.0004970162742699014,0,1791.3699951171875,0.0,-5.293723754883786,0,366.4549865722656,0.0,2.576450668337202,0,137.47000122070312,0.0,0.0,0,226.11000061035156,0.0,0.0
2026-09-08,2026-09-08T14:00:00-04:00,bar_close,99997.28272691346,99997.28272691346,0.0,0.0,0.0,0.0,32.31935438537598,64638.70877075195,-0.0004970162742699014,0,1789.0,0.0,-5.293723754883786,0,365.78009033203125,0.0,2.576450668337202,0,137.1750030517578,0.0,0.0,0,225.76499938964844,0.0,0.0
2026-09-08,2026-09-08T14:00:00-04:00,open_before_orders,99997.28272691346,99997.28272691346,0.0,0.0,0.0,0.0,32.31935438537598,64638.70877075195,-0.0004970162742699014,0,1788.93994140625,0.0,-5.293723754883786,0,365.7972106933594,0.0,2.576450668337202,0,137.19000244140625,0.0,0.0,0,225.76620483398438,0.0,0.0
2026-09-08,2026-09-08T14:05:00-04:00,bar_close,99997.28272691346,99997.28272691346,0.0,0.0,0.0,0.0,32.31935438537598,64638.70877075195,-0.0004970162742699014,0,1791.4700927734375,0.0,-5.293723754883786,0,366.18499755859375,0.0,2.576450668337202,0,137.39999389648438,0.0,0.0,0,225.88499450683594,0.0,0.0
2026-09-08,2026-09-08T14:05:00-04:00,open_before_orders,99997.28272691346,99997.28272691346,0.0,0.0,0.0,0.0,32.31935438537598,64638.70877075195,-0.0004970162742699014,0,1791.47998046875,0.0,-5.293723754883786,0,366.18499755859375,0.0,2.576450668337202,0,137.41000366210938,0.0,0.0,0,225.88999938964844,0.0,0.0
2026-09-08,2026-09-08T14:10:00-04:00,bar_close,99997.28272691346,99997.28272691346,0.0,0.0,0.0,0.0,32.31935438537598,64638.70877075195,-0.0004970162742699014,0,1795.094970703125,0.0,-5.293723754883786,0,366.01971435546875,0.0,2.576450668337202,0,137.8699951171875,0.0,0.0,0,225.9600067138672,0.0,0.0
2026-09-08,2026-09-08T14:10:00-04:00,open_before_orders,99997.28272691346,99997.28272691346,0.0,0.0,0.0,0.0,32.31935438537598,64638.70877075195,-0.0004970162742699014,0,1794.3759765625,0.0,-5.293723754883786,0,365.9700012207031,0.0,2.576450668337202,0,137.88999938964844,0.0,0.0,0,225.96499633789062,0.0,0.0
2026-09-08,2026-09-08T14:15:00-04:00,bar_close,99997.28272691346,99997.28272691346,0.0,0.0,0.0,0.0,32.31935438537598,64638.70877075195,-0.0004970162742699014,0,1796.2850341796875,0.0,-5.293723754883786,0,365.94000244140625,0.0,2.576450668337202,0,137.85000610351562,0.0,0.0,0,225.88499450683594,0.0,0.0
2026-09-08,2026-09-08T14:15:00-04:00,open_before_orders,99997.28272691346,99997.28272691346,0.0,0.0,0.0,0.0,32.31935438537598,64638.70877075195,-0.0004970162742699014,0,1796.699951171875,0.0,-5.293723754883786,0,365.9100036621094,0.0,2.576450668337202,0,137.9499969482422,0.0,0.0,0,225.88999938964844,0.0,0.0
2026-09-08,2026-09-08T14:20:00-04:00,bar_close,99997.28272691346,99997.28272691346,0.0,0.0,0.0,0.0,32.31935438537598,64638.70877075195,-0.0004970162742699014,0,1796.1700439453125,0.0,-5.293723754883786,0,366.3599853515625,0.0,2.576450668337202,0,138.01499938964844,0.0,0.0,0,225.9600067138672,0.0,0.0
2026-09-08,2026-09-08T14:20:00-04:00,open_before_orders,99997.28272691346,99997.28272691346,0.0,0.0,0.0,0.0,32.31935438537598,64638.70877075195,-0.0004970162742699014,0,1796.93505859375,0.0,-5.293723754883786,0,366.30999755859375,0.0,2.576450668337202,0,138.0500030517578,0.0,0.0,0,225.97000122070312,0.0,0.0
2026-09-08,2026-09-08T14:25:00-04:00,bar_close,99997.28272691346,99997.28272691346,0.0,0.0,0.0,0.0,32.31935438537598,64638.70877075195,-0.0004970162742699014,0,1794.1199951171875,0.0,-5.293723754883786,0,366.1300964355469,0.0,2.576450668337202,0,137.9600067138672,0.0,0.0,0,225.91000366210938,0.0,0.0
2026-09-08,2026-09-08T14:25:00-04:00,open_before_orders,99997.28272691346,99997.28272691346,0.0,0.0,0.0,0.0,32.31935438537598,64638.70877075195,-0.0004970162742699014,0,1795.0,0.0,-5.293723754883786,0,366.1300048828125,0.0,2.576450668337202,0,137.9600067138672,0.0,0.0,0,225.90499877929688,0.0,0.0
2026-09-08,2026-09-08T14:30:00-04:00,bar_close,99997.28272691346,99997.28272691346,0.0,0.0,0.0,0.0,32.31935438537598,64638.70877075195,-0.0004970162742699014,0,1795.0699462890625,0.0,-5.293723754883786,0,365.5450134277344,0.0,2.576450668337202,0,137.57000732421875,0.0,0.0,0,226.0800018310547,0.0,0.0
2026-09-08,2026-09-08T14:30:00-04:00,open_before_orders,99997.28272691346,99997.28272691346,0.0,0.0,0.0,0.0,32.31935438537598,64638.70877075195,-0.0004970162742699014,0,1795.68994140625,0.0,-5.293723754883786,0,365.5799865722656,0.0,2.576450668337202,0,137.5749969482422,0.0,0.0,0,226.0800018310547,0.0,0.0
2026-09-08,2026-09-08T14:35:00-04:00,bar_close,99997.28272691346,99997.28272691346,0.0,0.0,0.0,0.0,32.31935438537598,64638.70877075195,-0.0004970162742699014,0,1799.0,0.0,-5.293723754883786,0,365.29998779296875,0.0,2.576450668337202,0,137.4324951171875,0.0,0.0,0,226.14500427246094,0.0,0.0
2026-09-08,2026-09-08T14:35:00-04:00,open_before_orders,99997.28272691346,99997.28272691346,0.0,0.0,0.0,0.0,32.31935438537598,64638.70877075195,-0.0004970162742699014,0,1798.9949951171875,0.0,-5.293723754883786,0,365.3399963378906,0.0,2.576450668337202,0,137.35000610351562,0.0,0.0,0,226.14500427246094,0.0,0.0
2026-09-08,2026-09-08T14:40:00-04:00,bar_close,99997.28272691346,99997.28272691346,0.0,0.0,0.0,0.0,32.31935438537598,64638.70877075195,-0.0004970162742699014,0,1799.4000244140625,0.0,-5.293723754883786,0,365.8599853515625,0.0,2.576450668337202,0,137.0,0.0,0.0,0,226.0970001220703,0.0,0.0
2026-09-08,2026-09-08T14:40:00-04:00,open_before_orders,99997.28272691346,99997.28272691346,0.0,0.0,0.0,0.0,32.31935438537598,64638.70877075195,-0.0004970162742699014,0,1799.594970703125,0.0,-5.293723754883786,0,365.8699951171875,0.0,2.576450668337202,0,136.97999572753906,0.0,0.0,0,226.09010314941406,0.0,0.0
2026-09-08,2026-09-08T14:45:00-04:00,bar_close,99997.28272691346,99997.28272691346,0.0,0.0,0.0,0.0,32.31935438537598,64638.70877075195,-0.0004970162742699014,0,1799.1700439453125,0.0,-5.293723754883786,0,366.4668884277344,0.0,2.576450668337202,0,137.1649932861328,0.0,0.0,0,226.2100067138672,0.0,0.0
2026-09-08,2026-09-08T14:45:00-04:00,open_before_orders,99997.28272691346,99997.28272691346,0.0,0.0,0.0,0.0,32.31935438537598,64638.70877075195,-0.0004970162742699014,0,1799.6180419921875,0.0,-5.293723754883786,0,366.4599914550781,0.0,2.576450668337202,0,137.19000244140625,0.0,0.0,0,226.2050018310547,0.0,0.0
2026-09-08,2026-09-08T14:50:00-04:00,bar_close,99997.28272691346,99997.28272691346,0.0,0.0,0.0,0.0,32.31935438537598,64638.70877075195,-0.0004970162742699014,0,1793.0400390625,0.0,-5.293723754883786,0,365.95001220703125,0.0,2.576450668337202,0,136.35000610351562,0.0,0.0,0,225.56399536132812,0.0,0.0
2026-09-08,2026-09-08T14:50:00-04:00,open_before_orders,99997.28272691346,99997.28272691346,0.0,0.0,0.0,0.0,32.31935438537598,64638.70877075195,-0.0004970162742699014,0,1793.0400390625,0.0,-5.293723754883786,0,365.95001220703125,0.0,2.576450668337202,0,136.38999938964844,0.0,0.0,0,225.5800018310547,0.0,0.0
2026-09-08,2026-09-08T14:55:00-04:00,bar_close,99997.28272691346,99997.28272691346,0.0,0.0,0.0,0.0,32.31935438537598,64638.70877075195,-0.0004970162742699014,0,1790.699951171875,0.0,-5.293723754883786,0,367.010009765625,0.0,2.576450668337202,0,136.4199981689453,0.0,0.0,0,225.9123992919922,0.0,0.0
2026-09-08,2026-09-08T14:55:00-04:00,open_before_orders,99997.28272691346,99997.28272691346,0.0,0.0,0.0,0.0,32.31935438537598,64638.70877075195,-0.0004970162742699014,0,1790.699951171875,0.0,-5.293723754883786,0,367.0199890136719,0.0,2.576450668337202,0,136.45199584960938,0.0,0.0,0,225.89999389648438,0.0,0.0
2026-09-08,2026-09-08T15:00:00-04:00,bar_close,99997.28272691346,99997.28272691346,0.0,0.0,0.0,0.0,32.31935438537598,64638.70877075195,-0.0004970162742699014,0,1791.489990234375,0.0,-5.293723754883786,0,367.05499267578125,0.0,2.576450668337202,0,136.52000427246094,0.0,0.0,0,225.6750030517578,0.0,0.0
2026-09-08,2026-09-08T15:00:00-04:00,open_before_orders,99997.28272691346,99997.28272691346,0.0,0.0,0.0,0.0,32.31935438537598,64638.70877075195,-0.0004970162742699014,0,1792.199951171875,0.0,-5.293723754883786,0,367.0299987792969,0.0,2.576450668337202,0,136.5399932861328,0.0,0.0,0,225.67999267578125,0.0,0.0
2026-09-08,2026-09-08T15:05:00-04:00,bar_close,99997.28272691346,99997.28272691346,0.0,0.0,0.0,0.0,32.31935438537598,64638.70877075195,-0.0004970162742699014,0,1790.5543212890625,0.0,-5.293723754883786,0,366.7799987792969,0.0,2.576450668337202,0,136.63999938964844,0.0,0.0,0,225.55999755859375,0.0,0.0
2026-09-08,2026-09-08T15:05:00-04:00,open_before_orders,99997.28272691346,99997.28272691346,0.0,0.0,0.0,0.0,32.31935438537598,64638.70877075195,-0.0004970162742699014,0,1789.4300537109375,0.0,-5.293723754883786,0,366.82501220703125,0.0,2.576450668337202,0,136.7100067138672,0.0,0.0,0,225.5699005126953,0.0,0.0
2026-09-08,2026-09-08T15:10:00-04:00,bar_close,99997.28272691346,99997.28272691346,0.0,0.0,0.0,0.0,32.31935438537598,64638.70877075195,-0.0004970162742699014,0,1778.0,0.0,-5.293723754883786,0,367.1449890136719,0.0,2.576450668337202,0,136.7001953125,0.0,0.0,0,225.52000427246094,0.0,0.0
2026-09-08,2026-09-08T15:10:00-04:00,open_before_orders,99997.28272691346,99997.28272691346,0.0,0.0,0.0,0.0,32.31935438537598,64638.70877075195,-0.0004970162742699014,0,1778.5,0.0,-5.293723754883786,0,367.1099853515625,0.0,2.576450668337202,0,136.7082061767578,0.0,0.0,0,225.50999450683594,0.0,0.0
2026-09-08,2026-09-08T15:15:00-04:00,bar_close,99997.28272691346,99997.28272691346,0.0,0.0,0.0,0.0,32.31935438537598,64638.70877075195,-0.0004970162742699014,0,1780.89501953125,0.0,-5.293723754883786,0,367.29998779296875,0.0,2.576450668337202,0,136.77000427246094,0.0,0.0,0,225.5500030517578,0.0,0.0
2026-09-08,2026-09-08T15:15:00-04:00,open_before_orders,99997.28272691346,99997.28272691346,0.0,0.0,0.0,0.0,32.31935438537598,64638.70877075195,-0.0004970162742699014,0,1780.5999755859375,0.0,-5.293723754883786,0,367.29998779296875,0.0,2.576450668337202,0,136.77000427246094,0.0,0.0,0,225.55499267578125,0.0,0.0
2026-09-08,2026-09-08T15:20:00-04:00,bar_close,99997.28272691346,99997.28272691346,0.0,0.0,0.0,0.0,32.31935438537598,64638.70877075195,-0.0004970162742699014,0,1775.9549560546875,0.0,-5.293723754883786,0,366.78009033203125,0.0,2.576450668337202,0,136.57000732421875,0.0,0.0,0,225.360107421875,0.0,0.0
2026-09-08,2026-09-08T15:20:00-04:00,open_before_orders,99997.28272691346,99997.28272691346,0.0,0.0,0.0,0.0,32.31935438537598,64638.70877075195,-0.0004970162742699014,0,1775.4588623046875,0.0,-5.293723754883786,0,366.7799987792969,0.0,2.576450668337202,0,136.57000732421875,0.0,0.0,0,225.36000061035156,0.0,0.0
2026-09-08,2026-09-08T15:25:00-04:00,bar_close,99997.28272691346,99997.28272691346,0.0,0.0,0.0,0.0,32.31935438537598,64638.70877075195,-0.0004970162742699014,0,1770.530029296875,0.0,-5.293723754883786,0,366.8699951171875,0.0,2.576450668337202,0,136.5334014892578,0.0,0.0,0,225.48500061035156,0.0,0.0
2026-09-08,2026-09-08T15:25:00-04:00,open_before_orders,99997.28272691346,99997.28272691346,0.0,0.0,0.0,0.0,32.31935438537598,64638.70877075195,-0.0004970162742699014,0,1770.969970703125,0.0,-5.293723754883786,0,366.8999938964844,0.0,2.576450668337202,0,136.55999755859375,0.0,0.0,0,225.49000549316406,0.0,0.0
2026-09-08,2026-09-08T15:30:00-04:00,bar_close,99997.28272691346,99997.28272691346,0.0,0.0,0.0,0.0,32.31935438537598,64638.70877075195,-0.0004970162742699014,0,1772.3199462890625,0.0,-5.293723754883786,0,368.2749938964844,0.0,2.576450668337202,0,137.14999389648438,0.0,0.0,0,225.5500030517578,0.0,0.0
2026-09-08,2026-09-08T15:30:00-04:00,open_before_orders,99997.28272691346,99997.28272691346,0.0,0.0,0.0,0.0,32.31935438537598,64638.70877075195,-0.0004970162742699014,0,1772.0,0.0,-5.293723754883786,0,368.2799987792969,0.0,2.576450668337202,0,137.13999938964844,0.0,0.0,0,225.5500030517578,0.0,0.0
2026-09-08,2026-09-08T15:35:00-04:00,bar_close,99997.28272691346,99997.28272691346,0.0,0.0,0.0,0.0,32.31935438537598,64638.70877075195,-0.0004970162742699014,0,1767.4200439453125,0.0,-5.293723754883786,0,368.0,0.0,2.576450668337202,0,136.82000732421875,0.0,0.0,0,225.8249969482422,0.0,0.0
2026-09-08,2026-09-08T15:35:00-04:00,open_before_orders,99997.28272691346,99997.28272691346,0.0,0.0,0.0,0.0,32.31935438537598,64638.70877075195,-0.0004970162742699014,0,1767.4200439453125,0.0,-5.293723754883786,0,368.0299987792969,0.0,2.576450668337202,0,136.80999755859375,0.0,0.0,0,225.8249969482422,0.0,0.0
2026-09-08,2026-09-08T15:40:00-04:00,bar_close,99997.28272691346,99997.28272691346,0.0,0.0,0.0,0.0,32.31935438537598,64638.70877075195,-0.0004970162742699014,0,1759.4549560546875,0.0,-5.293723754883786,0,367.9100036621094,0.0,2.576450668337202,0,136.72999572753906,0.0,0.0,0,225.82000732421875,0.0,0.0
2026-09-08,2026-09-08T15:40:00-04:00,open_before_orders,99997.28272691346,99997.28272691346,0.0,0.0,0.0,0.0,32.31935438537598,64638.70877075195,-0.0004970162742699014,0,1759.8499755859375,0.0,-5.293723754883786,0,367.8900146484375,0.0,2.576450668337202,0,136.74000549316406,0.0,0.0,0,225.8300018310547,0.0,0.0
2026-09-08,2026-09-08T15:45:00-04:00,bar_close,99997.28272691346,99997.28272691346,0.0,0.0,0.0,0.0,32.31935438537598,64638.70877075195,-0.0004970162742699014,0,1750.7200927734375,0.0,-5.293723754883786,0,367.9700012207031,0.0,2.576450668337202,0,136.64999389648438,0.0,0.0,0,225.5749969482422,0.0,0.0
2026-09-08,2026-09-08T15:45:00-04:00,open_before_orders,99997.28272691346,99997.28272691346,0.0,0.0,0.0,0.0,32.31935438537598,64638.70877075195,-0.0004970162742699014,0,1751.469970703125,0.0,-5.293723754883786,0,367.9800109863281,0.0,2.576450668337202,0,136.72000122070312,0.0,0.0,0,225.5800018310547,0.0,0.0
2026-09-08,2026-09-08T15:50:00-04:00,bar_close,99997.28272691346,99997.28272691346,0.0,0.0,0.0,0.0,32.31935438537598,64638.70877075195,-0.0004970162742699014,0,1744.6724853515625,0.0,-5.293723754883786,0,368.4949951171875,0.0,2.576450668337202,0,136.67999267578125,0.0,0.0,0,225.4499969482422,0.0,0.0
2026-09-08,2026-09-08T15:50:00-04:00,open_before_orders,99997.28272691346,99997.28272691346,0.0,0.0,0.0,0.0,32.31935438537598,64638.70877075195,-0.0004970162742699014,0,1745.300048828125,0.0,-5.293723754883786,0,368.5199890136719,0.0,2.576450668337202,0,136.7100067138672,0.0,0.0,0,225.4600067138672,0.0,0.0
2026-09-08,2026-09-08T15:55:00-04:00,bar_close,99997.28272691346,99997.28272691346,0.0,0.0,0.0,0.0,32.31935438537598,64638.70877075195,-0.0004970162742699014,0,1740.6099853515625,0.0,-5.293723754883786,0,368.1600036621094,0.0,2.576450668337202,0,136.63999938964844,0.0,0.0,0,224.9600067138672,0.0,0.0
2026-09-08,2026-09-08T15:55:00-04:00,open_before_orders,99997.28272691346,99997.28272691346,0.0,0.0,0.0,0.0,32.31935438537598,64638.70877075195,-0.0004970162742699014,0,1740.1800537109375,0.0,-5.293723754883786,0,368.1950988769531,0.0,2.576450668337202,0,136.67999267578125,0.0,0.0,0,224.97000122070312,0.0,0.0
2026-09-08,2026-09-08T16:00:00-04:00,bar_close,99997.28272691346,99997.28272691346,0.0,0.0,0.0,0.0,32.31935438537598,64638.70877075195,-0.0004970162742699014,0,1737.8499755859375,0.0,-5.293723754883786,0,368.0400085449219,0.0,2.576450668337202,0,136.50999450683594,0.0,0.0,0,225.77000427246094,0.0,0.0
2026-09-09,2026-09-09T09:30:00-04:00,open_before_orders,99997.28272691346,99997.28272691346,0.0,0.0,0.0,0.0,32.31935438537598,64638.70877075195,-0.0004970162742699014,0,1749.719970703125,0.0,-5.293723754883786,0,368.3550109863281,0.0,2.576450668337202,0,141.97799682617188,0.0,0.0,0,225.27000427246094,0.0,0.0
2026-09-09,2026-09-09T09:35:00-04:00,bar_close,99997.28272691346,99997.28272691346,0.0,0.0,0.0,0.0,32.31935438537598,64638.70877075195,-0.0004970162742699014,0,1735.8349609375,0.0,-5.293723754883786,0,373.95001220703125,0.0,2.576450668337202,0,139.11959838867188,0.0,0.0,0,225.0800018310547,0.0,0.0
2026-09-09,2026-09-09T09:35:00-04:00,open_before_orders,99997.28272691346,99997.28272691346,0.0,0.0,0.0,0.0,32.31935438537598,64638.70877075195,-0.0004970162742699014,0,1735.3564453125,0.0,-5.293723754883786,0,373.92498779296875,0.0,2.576450668337202,0,139.12989807128906,0.0,0.0,0,225.06500244140625,0.0,0.0
2026-09-09,2026-09-09T09:40:00-04:00,bar_close,99997.28272691346,99997.28272691346,0.0,0.0,0.0,0.0,32.31935438537598,64638.70877075195,-0.0004970162742699014,0,1731.6351318359375,0.0,-5.293723754883786,0,371.75,0.0,2.576450668337202,0,138.54800415039062,0.0,0.0,0,225.92999267578125,0.0,0.0
2026-09-09,2026-09-09T09:40:00-04:00,open_before_orders,99997.28272691346,99997.28272691346,0.0,0.0,0.0,0.0,32.31935438537598,64638.70877075195,-0.0004970162742699014,0,1731.8900146484375,0.0,-5.293723754883786,0,371.7900085449219,0.0,2.576450668337202,0,138.60499572753906,0.0,0.0,0,225.91000366210938,0.0,0.0
2026-09-09,2026-09-09T09:40:00-04:00,after_fill,94172.96220144654,99994.37202200318,5821.409820556641,5821.409820556641,0.05821737466660297,0.05821737466660297,35.2300592956543,70460.1185913086,-0.000526109647241868,0,1731.8900146484375,0.0,-5.293723754883786,0,371.7900085449219,0.0,2.576450668337202,42,138.60499572753906,0.05821737466660297,-2.9107049102776728,0,225.91000366210938,0.0,0.0
2026-09-09,2026-09-09T09:45:00-04:00,bar_close,94172.96220144654,99969.71842703248,5796.7562255859375,5796.7562255859375,0.057985121062604256,0.057985121062604256,35.2300592956543,70460.1185913086,-0.0007725297604771475,0,1735.8951416015625,0.0,-5.293723754883786,0,373.6199951171875,0.0,2.576450668337202,42,138.01800537109375,0.057985121062604256,-27.564299880980798,0,224.77000427246094,0.0,0.0
2026-09-09,2026-09-09T09:45:00-04:00,open_before_orders,94172.96220144654,99965.17786917115,5792.215667724609,5792.215667724609,0.05794233343239921,0.05794233343239921,35.2300592956543,70460.1185913086,-0.0008179140049927591,0,1736.969970703125,0.0,-5.293723754883786,0,373.635009765625,0.0,2.576450668337202,42,137.90989685058594,0.05794233343239921,-32.10485774230892,0,224.77499389648438,0.0,0.0
2026-09-09,2026-09-09T09:45:00-04:00,after_fill,75683.79606037904,99955.93790608217,24272.141845703125,24272.141845703125,0.2428284137407529,0.2428284137407529,44.470022384643556,88940.04476928711,-0.0009102702213329428,0,1736.969970703125,0.0,-5.293723754883786,0,373.635009765625,0.0,2.576450668337202,176,137.90989685058594,0.2428284137407529,-41.34482083129478,0,224.77499389648438,0.0,0.0
2026-09-09,2026-09-09T09:50:00-04:00,bar_close,75683.79606037904,99953.44034748842,24269.644287109375,24269.644287109375,0.2428094941278248,0.2428094941278248,44.470022384643556,88940.04476928711,-0.0009352340723337571,0,1752.5250244140625,0.0,-5.293723754883786,0,373.4200134277344,0.0,2.576450668337202,176,137.8957061767578,0.2428094941278248,-43.84237942504478,0,224.67999267578125,0.0,0.0
2026-09-09,2026-09-09T09:50:00-04:00,open_before_orders,75683.79606037904,99952.43595295717,24268.639892578125,24268.639892578125,0.2428018853287399,0.2428018853287399,44.470022384643556,88940.04476928711,-0.0009452732984351897,0,1752.5250244140625,0.0,-5.293723754883786,0,373.44439697265625,0.0,2.576450668337202,176,137.88999938964844,0.2428018853287399,-44.84677395629478,0,224.6649932861328,0.0,0.0
2026-09-09,2026-09-09T09:50:00-04:00,after_fill,75821.61711476899,99952.36700795747,24130.749893188477,24130.749893188477,0.2414224956900457,0.2414224956900457,44.53896738433838,89077.93476867676,-0.0009459624244897435,0,1752.5250244140625,0.0,-5.293723754883786,0,373.44439697265625,0.0,2.576450668337202,175,137.88999938964844,0.2414224956900457,-44.91571895598827,0,224.6649932861328,0.0,0.0
2026-09-09,2026-09-09T09:55:00-04:00,bar_close,75821.61711476899,99742.36754201508,23920.750427246094,23920.750427246094,0.23982537227392173,0.23982537227392173,44.53896738433838,89077.93476867676,-0.0030449703881704204,0,1774.1099853515625,0.0,-5.293723754883786,0,371.29998779296875,0.0,2.576450668337202,175,136.69000244140625,0.23982537227392173,-254.91518489837108,0,224.6199951171875,0.0,0.0
2026-09-09,2026-09-09T09:55:00-04:00,open_before_orders,75821.61711476899,99734.49286244965,23912.875747680664,23912.875747680664,0.2397653515986738,0.2397653515986738,44.53896738433838,89077.93476867676,-0.0031236801841458828,0,1774.0550537109375,0.0,-5.293723754883786,0,371.389892578125,0.0,2.576450668337202,175,136.64500427246094,0.2397653515986738,-262.78986446380077,0,224.6199951171875,0.0,0.0
2026-09-09,2026-09-09T09:55:00-04:00,after_fill,75958.19379653932,99734.42453994752,23776.230743408203,23776.230743408203,0.23839542718657686,0.23839542718657686,44.60728988647461,89214.57977294922,-0.003124363088149673,0,1774.0550537109375,0.0,-5.293723754883786,0,371.389892578125,0.0,2.576450668337202,174,136.64500427246094,0.23839542718657686,-262.8581869659356,0,224.6199951171875,0.0,0.0
2026-09-09,2026-09-09T10:00:00-04:00,bar_close,75958.19379653932,99769.79749526978,23811.60369873047,23811.60369873047,0.23866545083304802,0.23866545083304802,44.60728988647461,89214.57977294922,-0.002770799736989793,0,1792.0,0.0,-5.293723754883786,0,371.0799865722656,0.0,2.576450668337202,174,136.84829711914062,0.23866545083304802,-227.48523164366998,0,224.85009765625,0.0,0.0
2026-09-09,2026-09-09T10:00:00-04:00,open_before_orders,75958.19379653932,99789.2349647522,23831.04116821289,23831.04116821289,0.23881374756135318,0.23881374756135318,44.60728988647461,89214.57977294922,-0.0025765163703426186,0,1792.619873046875,0.0,-5.293723754883786,0,371.0299987792969,0.0,2.576450668337202,174,136.9600067138672,0.23881374756135318,-208.0477621612481,0,224.85499572753906,0.0,0.0
2026-09-09,2026-09-09T10:00:00-04:00,after_fill,25739.740673004162,99764.13828652955,74024.39761352539,74024.39761352539,0.7419940560296544,0.7419940560296544,69.70396810913087,139407.93621826172,-0.0028273652342428734,28,1792.619873046875,0.503120232454208,-30.390401977536385,0,371.0299987792969,0.0,2.576450668337202,174,136.9600067138672,0.23887382357544634,-208.0477621612481,0,224.85499572753906,0.0,0.0
2026-09-09,2026-09-09T10:05:00-04:00,bar_close,25739.740673004162,99965.21644204712,74225.47576904297,74225.47576904297,0.7425130301405763,0.7425130301405763,69.70396810913087,139407.93621826172,-0.0008175284574701847,28,1802.1005859375,0.504763738850128,235.06955895996362,0,371.1700134277344,0.0,2.576450668337202,174,136.58999633789062,0.23774929129044825,-272.42956758117,0,224.21499633789062,0.0,0.0
2026-09-09,2026-09-09T10:05:00-04:00,open_before_orders,25739.740673004162,99987.72190469361,74247.98123168945,74247.98123168945,0.7425709858902597,0.7425709858902597,69.70396810913087,139407.93621826172,-0.0005925795743417783,28,1802.469970703125,0.5047535659207611,245.41233239746362,0,371.20001220703125,0.0,2.576450668337202,174,136.65989685058594,0.2378174199694986,-260.2668783721856,0,224.21499633789062,0.0,0.0
2026-09-09,2026-09-09T10:05:00-04:00,after_fill,5313.532001281754,99977.51390435793,94663.98190307617,94663.98190307617,0.9468527292410485,0.9468527292410485,79.91196844482423,159823.93688964844,-0.0006946116147648063,28,1802.469970703125,0.5048051027550866,245.41233239746362,55,371.20001220703125,0.20420592465339152,-7.631549667352374,174,136.65989685058594,0.23784170183257033,-260.2668783721856,0,224.21499633789062,0.0,0.0
2026-09-09,2026-09-09T10:10:00-04:00,bar_close,5313.532001281754,99805.70598199464,94492.17398071289,94492.17398071289,0.9467612402617508,0.9467612402617508,79.91196844482423,159823.93688964844,-0.0024118835880322376,28,1797.2149658203125,0.5041998205197511,98.27219567871362,55,371.9849853515625,0.204990025300025,35.541973281866376,174,136.27000427246094,0.2375713944419747,-328.1081869659356,0,224.28500366210938,0.0,0.0
2026-09-09,2026-09-09T10:10:00-04:00,open_before_orders,5313.532001281754,99796.24327447511,94482.71127319336,94482.71127319336,0.946756192147758,0.946756192147758,79.91196844482423,159823.93688964844,-0.0025064662020990447,28,1797.4150390625,0.5043037637732631,103.87424645996362,55,371.9800109863281,0.2050067210243456,35.26838319397575,174,136.18499755859375,0.2374457073501492,-342.8993551788262,0,224.2899932861328,0.0,0.0
2026-09-09,2026-09-09T10:15:00-04:00,bar_close,5313.532001281754,99897.63005426027,94584.09805297852,94584.09805297852,0.9468102296481342,0.9468102296481342,79.91196844482423,159823.93688964844,-0.0014930747764305696,28,1801.56884765625,0.5049562007324492,220.18088708496362,55,371.25,0.2043967408326842,-4.882221054071124,174,136.3300018310547,0.23745728808300076,-317.6686117706231,0,224.25,0.0,0.0
2026-09-09,2026-09-09T10:15:00-04:00,open_before_orders,5313.532001281754,99872.24083306886,94558.70883178711,94558.70883178711,0.9467967079044212,0.9467967079044212,79.91196844482423,159823.93688964844,-0.0017468476954866086,28,1800.864990234375,0.5048872369935496,200.47287927246362,55,371.2099914550781,0.20442666910973264,-7.082691024774249,174,136.30999755859375,0.23748280180113898,-321.1493551788262,0,224.2449951171875,0.0,0.0
2026-09-09,2026-09-09T10:15:00-04:00,after_fill,7113.496559021012,99871.34040057374,92757.84384155273,92757.84384155273,0.928773394544526,0.928773394544526,80.81240093994141,161624.8018798828,-0.00175584778969895,27,1800.864990234375,0.4868599394110945,199.57244677734707,55,371.2099914550781,0.20442851220520925,-7.082691024774249,174,136.30999755859375,0.23748494292822225,-321.1493551788262,0,224.2449951171875,0.0,0.0
2026-09-09,2026-09-09T10:20:00-04:00,bar_close,7113.496559021012,99465.10617816163,92351.60961914062,92351.60961914062,0.9284824916762334,0.9284824916762334,80.81240093994141,161624.8018798828,-0.005816281296689874,27,1789.0,0.4856275919866792,-120.78228955077793,55,371.6099853515625,0.20548461646164096,14.916973281866376,174,135.69000244140625,0.23737028322791323,-429.0285055694512,0,223.85000610351562,0.0,0.0
2026-09-09,2026-09-09T10:20:00-04:00,open_before_orders,7113.496559021012,99471.19681536866,92357.70025634766,92357.70025634766,0.9284868707046466,0.9284868707046466,80.81240093994141,161624.8018798828,-0.005755403541862769,27,1789.0,0.4855978569319577,-120.78228955077793,55,371.6099853515625,0.2054720346058821,14.916973281866376,174,135.72500610351562,0.2374169791668068,-422.93786836242,0,223.85000610351562,0.0,0.0
2026-09-09,2026-09-09T10:20:00-04:00,after_fill,21418.340559021013,99464.04081536867,78045.70025634766,78045.70025634766,0.7846624731567153,0.7846624731567153,87.96840093994142,175936.8018798828,-0.005826929918945067,19,1789.0,0.3417415954686197,-127.93828955077333,55,371.6099853515625,0.20548681741449898,14.916973281866376,174,135.72500610351562,0.23743406027359662,-422.93786836242,0,223.85000610351562,0.0,0.0
2026-09-09,2026-09-09T10:25:00-04:00,bar_close,21418.340559021013,99162.62043573,77744.27987670898,77744.27987670898,0.7840079208787869,0.7840079208787869,87.96840093994142,175936.8018798828,-0.008839717472656439,19,1774.030029296875,0.3399120596907458,-412.36773291014833,55,370.8106994628906,0.20566810740623048,-29.04375059508675,174,135.8800048828125,0.2384277537818106,-395.9680807647637,0,223.91000366210938,0.0,0.0
2026-09-09,2026-09-09T10:25:00-04:00,open_before_orders,21418.340559021013,99156.34367181399,77738.00311279297,77738.00311279297,0.7839942482156151,0.7839942482156151,87.96840093994142,175936.8018798828,-0.008902455620045213,19,1773.344970703125,0.3398023081092798,-425.38384619139833,55,370.8699951171875,0.20571401663374939,-25.782489608758624,174,135.89999389648438,0.2384779234725859,-392.4899923858575,0,223.91000366210938,0.0,0.0
2026-09-09,2026-09-09T10:25:00-04:00,after_fill,44460.29843585207,99144.81692950442,54684.518493652344,54684.518493652344,0.5515620502132252,0.5515620502132252,99.49514324951173,198990.28649902344,-0.009017668884014673,6,1773.344970703125,0.10731846760869232,-436.9105885009667,55,370.8699951171875,0.2057379332895327,-25.782489608758624,174,135.89999389648438,0.23850564931500026,-392.4899923858575,0,223.91000366210938,0.0,0.0
2026-09-09,2026-09-09T10:30:00-04:00,bar_close,44460.29843585207,99567.02902667239,55106.73059082031,55106.73059082031,0.5534636428295768,0.5534636428295768,99.49514324951173,198990.28649902344,-0.004797531702517954,6,1784.94677734375,0.10756252113532032,-367.2997486572167,55,371.2699890136719,0.20508645879432444,-3.782825302117999,174,137.8000030517578,0.24081466289993203,-61.88839936827935,0,224.88499450683594,0.0,0.0
2026-09-09,2026-09-09T10:30:00-04:00,open_before_orders,44460.29843585207,99569.08740679934,55108.788970947266,55108.788970947266,0.5534728740235899,0.5534728740235899,99.49514324951173,198990.28649902344,-0.004776957572677376,6,1785.0,0.10756350468738593,-366.9804127197167,55,371.2699890136719,0.2050822190658898,-3.782825302117999,174,137.80999755859375,0.24082715027031418,-60.14935517882623,0,224.875,0.0,0.0
2026-09-09,2026-09-09T10:30:00-04:00,after_fill,55164.94343585207,99563.73240679933,44398.788970947266,44398.788970947266,0.4459333524133253,0.4459333524133253,104.85014324951173,209700.28649902344,-0.004830482411872117,0,1785.0,0.0,-372.33541271971626,55,371.2699890136719,0.2050932493402332,-3.782825302117999,174,137.80999755859375,0.24084010307309212,-60.14935517882623,0,224.875,0.0,0.0
2026-09-09,2026-09-09T10:30:00-04:00,after_fill,33517.955734344505,99552.91432199099,66034.95858764648,66034.95858764648,0.6633151730150759,0.6633151730150759,115.66822805786134,231336.45611572266,-0.00493861243050131,0,1785.0,0.0,-372.33541271971626,55,371.2699890136719,0.20511553614298622,-3.782825302117999,331,137.80999755859375,0.4581996368720897,-70.96743998717284,0,224.875,0.0,0.0
2026-09-09,2026-09-09T10:35:00-04:00,bar_close,33517.955734344505,99578.13154611208,66060.17581176758,66060.17581176758,0.6634004352770648,0.6634004352770648,115.66822805786134,231336.45611572266,-0.004686558674009356,0,1791.0,0.0,-372.33541271971626,55,372.8399963378906,0.20593075487752135,82.56757752991325,331,137.62530517578125,0.4574696803995435,-132.10061869811034,0,224.9199981689453,0.0,0.0
2026-09-09,2026-09-09T10:35:00-04:00,open_before_orders,33517.955734344505,99594.03263864138,66076.07690429688,66076.07690429688,0.6634541764569546,0.6634541764569546,115.66822805786134,231336.45611572266,-0.0045276224610030225,0,1791.20361328125,0.0,-372.33541271971626,55,372.79998779296875,0.2058757817650408,80.36710755921013,331,137.67999267578125,0.45757839469191386,-113.99905619811034,0,224.9199981689453,0.0,0.0
2026-09-09,2026-09-09T10:35:00-04:00,after_fill,33890.56932214358,99593.84623864749,65703.2769165039,65703.2769165039,0.6597122151409359,0.6597122151409359,115.85462805175783,231709.25610351562,-0.004529485585129889,0,1791.20361328125,0.0,-372.33541271971626,54,372.79998779296875,0.2021329640446036,80.18070756531233,331,137.67999267578125,0.45757925109633235,-113.99905619811034,0,224.9199981689453,0.0,0.0
2026-09-09,2026-09-09T10:35:00-04:00,after_fill,55908.35375085452,99582.83183923343,43674.478088378906,43674.478088378906,0.4385743735314437,0.4385743735314437,126.86902746582032,253738.05493164062,-0.004639577827419639,0,1791.20361328125,0.0,-372.33541271971626,54,372.79998779296875,0.2021553210428895,80.18070756531233,171,137.67999267578125,0.2364190524885542,-125.01345561217022,0,224.9199981689453,0.0,0.0
2026-09-09,2026-09-09T10:40:00-04:00,bar_close,55908.35375085452,99524.50734582523,43616.1535949707,43616.1535949707,0.43824536044588897,0.43824536044588897,126.86902746582032,253738.05493164062,-0.00522254872018868,0,1790.385009765625,0.0,-372.33541271971626,54,371.783203125,0.2017221034713531,25.274335494999832,171,137.66000366210938,0.23652325697453586,-128.43157695006084,0,224.4499969482422,0.0,0.0
2026-09-09,2026-09-09T10:40:00-04:00,open_before_orders,55908.35375085452,99512.20101037601,43603.847259521484,43603.847259521484,0.4381758901601922,0.4381758901601922,126.86902746582032,253738.05493164062,-0.0053455542525872035,0,1790.64501953125,0.0,-372.33541271971626,54,371.7139892578125,0.2017094910585782,21.536786666874832,171,137.60989379882812,0.236466399101614,-137.0003635711546,0,224.4499969482422,0.0,0.0
2026-09-09,2026-09-09T10:45:00-04:00,bar_close,55908.35375085452,99302.98877587894,43394.635025024414,43394.635025024414,0.4369922351779721,0.4369922351779721,126.86902746582032,253738.05493164062,-0.00743669360067134,0,1791.760009765625,0.0,-372.33541271971626,54,371.75970458984375,0.20215931358480782,24.005414596562332,171,136.3719940185547,0.23483292159316427,-348.6812259979124,0,224.4550018310547,0.0,0.0
2026-09-09,2026-09-09T10:45:00-04:00,open_before_orders,55908.35375085452,99293.84526696781,43385.49151611328,43385.49151611328,0.436940390408532,0.436940390408532,126.86902746582032,253738.05493164062,-0.0075280857284291125,0,1792.4200439453125,0.0,-372.33541271971626,54,371.7550048828125,0.20217537360646634,23.751630416874832,171,136.32000732421875,0.23476501680206566,-357.5709507293577,0,224.4600067138672,0.0,0.0
2026-09-09,2026-09-09T10:45:00-04:00,after_fill,56279.92287823489,99293.65938946535,43013.73651123047,43013.73651123047,0.43319721295108243,0.43319721295108243,127.05490496826172,254109.80993652344,-0.007529943630096514,0,1792.4200439453125,0.0,-372.33541271971626,53,371.7550048828125,0.1984317566694442,23.565752914433688,171,136.32000732421875,0.23476545628163825,-357.5709507293577,0,224.4600067138672,0.0,0.0
2026-09-09,2026-09-09T10:45:00-04:00,after_fill,56416.174725555444,99293.59122946169,42877.41650390625,42877.41650390625,0.4318246119713713,0.4318246119713713,127.12306497192384,254246.12994384766,-0.007530624909879102,0,1792.4200439453125,0.0,-372.33541271971626,53,371.7550048828125,0.19843189288275964,23.565752914433688,170,136.32000732421875,0.23339271908861167,-357.63911073302006,0,224.4600067138672,0.0,0.0
2026-09-09,2026-09-09T10:50:00-04:00,bar_close,56416.174725555444,99394.81507589723,42978.6403503418,42978.6403503418,0.4324032427398108,0.4324032427398108,127.12306497192384,254246.12994384766,-0.0065188620521540175,0,1790.6800537109375,0.0,-372.33541271971626,53,373.2799987792969,0.19904297744500982,104.39042942810556,170,136.44000244140625,0.23336026529480097,-337.23994081114506,0,224.66000366210938,0.0,0.0
2026-09-09,2026-09-09T10:50:00-04:00,open_before_orders,56416.174725555444,99397.68528463747,42981.51055908203,42981.51055908203,0.4324196326705114,0.4324196326705114,127.12306497192384,254246.12994384766,-0.0064901734506085385,0,1790.0,0.0,-372.33541271971626,53,373.2699890136719,0.19903189255436557,103.85991184998056,170,136.4600067138672,0.23338774011614583,-333.8392144927857,0,224.6649932861328,0.0,0.0
2026-09-09,2026-09-09T10:50:00-04:00,after_fill,56552.56650226595,99397.61705463412,42845.050552368164,42845.050552368164,0.4310470594965902,0.4310470594965902,127.19129497528077,254382.58995056152,-0.006490855430059117,0,1790.0,0.0,-372.33541271971626,53,373.2699890136719,0.19903202917682292,103.85991184998056,169,136.4600067138672,0.2320150303197673,-333.9074444961443,0,224.6649932861328,0.0,0.0
2026-09-09,2026-09-09T10:55:00-04:00,bar_close,56552.56650226595,99245.98018329623,42693.41368103027,42693.41368103027,0.4301777623857441,0.4301777623857441,127.19129497528077,254382.58995056152,-0.008006511668028682,0,1783.2950439453125,0.0,-372.33541271971626,53,373.18499755859375,0.199290740381386,99.35536473083994,169,135.5894012451172,0.23088702200435812,-481.0397687148943,0,224.27000427246094,0.0,0.0
2026-09-09,2026-09-09T10:55:00-04:00,open_before_orders,56552.56650226595,99248.99536579134,42696.42886352539,42696.42886352539,0.4301950735739315,0.4301950735739315,127.19129497528077,254382.58995056152,-0.00797637401010276,0,1783.5400390625,0.0,-372.33541271971626,53,373.239990234375,0.19931405259584262,102.26997654724619,169,135.58999633789062,0.23088102097808885,-480.93919803618337,0,224.27000427246094,0.0,0.0
2026-09-09,2026-09-09T11:00:00-04:00,bar_close,56552.56650226595,99133.1854445267,42580.61894226074,42580.61894226074,0.42952941289360824,0.42952941289360824,127.19129497528077,254382.58995056152,-0.009133929082525749,0,1790.56494140625,0.0,-372.33541271971626,53,371.30999755859375,0.19851505610719788,-0.019635269160062307,169,135.50999450683594,0.23101435678641039,-494.45950748442556,0,224.46499633789062,0.0,0.0
2026-09-09,2026-09-09T11:00:00-04:00,open_before_orders,56552.56650226595,99138.25523822787,42585.688735961914,42585.688735961914,0.4295585859729838,0.4295585859729838,127.19129497528077,254382.58995056152,-0.009083254966259724,0,1790.594970703125,0.0,-372.33541271971626,53,371.30999755859375,0.19850490432090084,-0.019635269160062307,169,135.5399932861328,0.23105368165208293,-489.3897137832537,0,224.47000122070312,0.0,0.0
2026-09-09,2026-09-09T11:00:00-04:00,after_fill,76222.15665793612,99128.41552329257,22906.258865356445,22906.258865356445,0.23107661657291473,0.23107661657291473,137.0310099105835,274062.019821167,-0.009181605883091026,0,1790.594970703125,0.0,-372.33541271971626,0,371.30999755859375,0.0,-9.859350204460497,169,135.5399932861328,0.23107661657291473,-489.3897137832537,0,224.47000122070312,0.0,0.0
2026-09-09,2026-09-09T11:05:00-04:00,bar_close,76222.15665793612,99035.46758628085,22813.310928344727,22813.310928344727,0.23035495751529123,0.23035495751529123,137.0310099105835,274062.019821167,-0.010110648531460598,0,1791.6099853515625,0.0,-372.33541271971626,0,370.04998779296875,0.0,-9.859350204460497,169,134.99000549316406,0.23035495751529123,-582.3376507949724,0,224.47999572753906,0.0,0.0
2026-09-09,2026-09-09T11:05:00-04:00,open_before_orders,76222.15665793612,99023.63634848788,22801.479690551758,22801.479690551758,0.23026300115164317,0.23026300115164317,137.0310099105835,274062.019821167,-0.010228905319572879,0,1791.6099853515625,0.0,-372.33541271971626,0,370.0849914550781,0.0,-9.859350204460497,169,134.9199981689453,0.23026300115164317,-594.1688885879412,0,224.47500610351562,0.0,0.0
2026-09-09,2026-09-09T11:05:00-04:00,after_fill,99012.2356086426,99012.2356086426,0.0,0.0,0.0,0.0,148.43174975585936,296863.49951171875,-0.010342859150930028,0,1791.6099853515625,0.0,-372.33541271971626,0,370.0849914550781,0.0,-9.859350204460497,0,134.9199981689453,0.0,-605.5696284332153,0,224.47500610351562,0.0,0.0
2026-09-09,2026-09-09T11:10:00-04:00,bar_close,99012.2356086426,99012.2356086426,0.0,0.0,0.0,0.0,148.43174975585936,296863.49951171875,-0.010342859150930028,0,1783.1263427734375,0.0,-372.33541271971626,0,369.1449890136719,0.0,-9.859350204460497,0,134.64999389648438,0.0,-605.5696284332153,0,224.47999572753906,0.0,0.0
2026-09-09,2026-09-09T11:10:00-04:00,open_before_orders,99012.2356086426,99012.2356086426,0.0,0.0,0.0,0.0,148.43174975585936,296863.49951171875,-0.010342859150930028,0,1784.0,0.0,-372.33541271971626,0,369.1199951171875,0.0,-9.859350204460497,0,134.64999389648438,0.0,-605.5696284332153,0,224.49000549316406,0.0,0.0
2026-09-09,2026-09-09T11:15:00-04:00,bar_close,99012.2356086426,99012.2356086426,0.0,0.0,0.0,0.0,148.43174975585936,296863.49951171875,-0.010342859150930028,0,1773.3349609375,0.0,-372.33541271971626,0,368.5799865722656,0.0,-9.859350204460497,0,134.00999450683594,0.0,-605.5696284332153,0,224.2899932861328,0.0,0.0
2026-09-09,2026-09-09T11:15:00-04:00,open_before_orders,99012.2356086426,99012.2356086426,0.0,0.0,0.0,0.0,148.43174975585936,296863.49951171875,-0.010342859150930028,0,1773.5,0.0,-372.33541271971626,0,368.5408935546875,0.0,-9.859350204460497,0,134.00999450683594,0.0,-605.5696284332153,0,224.3000030517578,0.0,0.0
2026-09-09,2026-09-09T11:20:00-04:00,bar_close,99012.2356086426,99012.2356086426,0.0,0.0,0.0,0.0,148.43174975585936,296863.49951171875,-0.010342859150930028,0,1793.8701171875,0.0,-372.33541271971626,0,368.4179992675781,0.0,-9.859350204460497,0,134.1300048828125,0.0,-605.5696284332153,0,224.4199981689453,0.0,0.0
2026-09-09,2026-09-09T11:20:00-04:00,open_before_orders,99012.2356086426,99012.2356086426,0.0,0.0,0.0,0.0,148.43174975585936,296863.49951171875,-0.010342859150930028,0,1793.5699462890625,0.0,-372.33541271971626,0,368.4150085449219,0.0,-9.859350204460497,0,134.05999755859375,0.0,-605.5696284332153,0,224.4199981689453,0.0,0.0
2026-09-09,2026-09-09T11:25:00-04:00,bar_close,99012.2356086426,99012.2356086426,0.0,0.0,0.0,0.0,148.43174975585936,296863.49951171875,-0.010342859150930028,0,1773.27001953125,0.0,-372.33541271971626,0,367.489990234375,0.0,-9.859350204460497,0,132.9600067138672,0.0,-605.5696284332153,0,223.63499450683594,0.0,0.0
2026-09-09,2026-09-09T11:25:00-04:00,open_before_orders,99012.2356086426,99012.2356086426,0.0,0.0,0.0,0.0,148.43174975585936,296863.49951171875,-0.010342859150930028,0,1773.6446533203125,0.0,-372.33541271971626,0,367.489990234375,0.0,-9.859350204460497,0,132.97999572753906,0.0,-605.5696284332153,0,223.6300048828125,0.0,0.0
2026-09-09,2026-09-09T11:30:00-04:00,bar_close,99012.2356086426,99012.2356086426,0.0,0.0,0.0,0.0,148.43174975585936,296863.49951171875,-0.010342859150930028,0,1775.8199462890625,0.0,-372.33541271971626,0,368.67999267578125,0.0,-9.859350204460497,0,133.88999938964844,0.0,-605.5696284332153,0,223.59010314941406,0.0,0.0
2026-09-09,2026-09-09T11:30:00-04:00,open_before_orders,99012.2356086426,99012.2356086426,0.0,0.0,0.0,0.0,148.43174975585936,296863.49951171875,-0.010342859150930028,0,1776.0799560546875,0.0,-372.33541271971626,0,368.67498779296875,0.0,-9.859350204460497,0,133.88999938964844,0.0,-605.5696284332153,0,223.60000610351562,0.0,0.0
2026-09-09,2026-09-09T11:35:00-04:00,bar_close,99012.2356086426,99012.2356086426,0.0,0.0,0.0,0.0,148.43174975585936,296863.49951171875,-0.010342859150930028,0,1772.5482177734375,0.0,-372.33541271971626,0,369.364990234375,0.0,-9.859350204460497,0,134.38999938964844,0.0,-605.5696284332153,0,224.2899932861328,0.0,0.0
2026-09-09,2026-09-09T11:35:00-04:00,open_before_orders,99012.2356086426,99012.2356086426,0.0,0.0,0.0,0.0,148.43174975585936,296863.49951171875,-0.010342859150930028,0,1772.1400146484375,0.0,-372.33541271971626,0,369.364990234375,0.0,-9.859350204460497,0,134.4600067138672,0.0,-605.5696284332153,0,224.2949981689453,0.0,0.0
2026-09-09,2026-09-09T11:40:00-04:00,bar_close,99012.2356086426,99012.2356086426,0.0,0.0,0.0,0.0,148.43174975585936,296863.49951171875,-0.010342859150930028,0,1774.85498046875,0.0,-372.33541271971626,0,371.1099853515625,0.0,-9.859350204460497,0,134.7449951171875,0.0,-605.5696284332153,0,224.52130126953125,0.0,0.0
2026-09-09,2026-09-09T11:40:00-04:00,open_before_orders,99012.2356086426,99012.2356086426,0.0,0.0,0.0,0.0,148.43174975585936,296863.49951171875,-0.010342859150930028,0,1774.800048828125,0.0,-372.33541271971626,0,371.12799072265625,0.0,-9.859350204460497,0,134.72000122070312,0.0,-605.5696284332153,0,224.5050048828125,0.0,0.0
2026-09-09,2026-09-09T11:45:00-04:00,bar_close,99012.2356086426,99012.2356086426,0.0,0.0,0.0,0.0,148.43174975585936,296863.49951171875,-0.010342859150930028,0,1767.8690185546875,0.0,-372.33541271971626,0,370.20001220703125,0.0,-9.859350204460497,0,134.64999389648438,0.0,-605.5696284332153,0,224.17999267578125,0.0,0.0
2026-09-09,2026-09-09T11:45:00-04:00,open_before_orders,99012.2356086426,99012.2356086426,0.0,0.0,0.0,0.0,148.43174975585936,296863.49951171875,-0.010342859150930028,0,1767.4849853515625,0.0,-372.33541271971626,0,370.1686096191406,0.0,-9.859350204460497,0,134.61500549316406,0.0,-605.5696284332153,0,224.17999267578125,0.0,0.0
2026-09-09,2026-09-09T11:50:00-04:00,bar_close,99012.2356086426,99012.2356086426,0.0,0.0,0.0,0.0,148.43174975585936,296863.49951171875,-0.010342859150930028,0,1765.949951171875,0.0,-372.33541271971626,0,370.2449951171875,0.0,-9.859350204460497,0,134.3300018310547,0.0,-605.5696284332153,0,224.3000030517578,0.0,0.0
2026-09-09,2026-09-09T11:50:00-04:00,open_before_orders,99012.2356086426,99012.2356086426,0.0,0.0,0.0,0.0,148.43174975585936,296863.49951171875,-0.010342859150930028,0,1766.300048828125,0.0,-372.33541271971626,0,370.2449951171875,0.0,-9.859350204460497,0,134.3699951171875,0.0,-605.5696284332153,0,224.30499267578125,0.0,0.0
2026-09-09,2026-09-09T11:55:00-04:00,bar_close,99012.2356086426,99012.2356086426,0.0,0.0,0.0,0.0,148.43174975585936,296863.49951171875,-0.010342859150930028,0,1767.550048828125,0.0,-372.33541271971626,0,370.6199951171875,0.0,-9.859350204460497,0,134.4199981689453,0.0,-605.5696284332153,0,224.42750549316406,0.0,0.0
2026-09-09,2026-09-09T11:55:00-04:00,open_before_orders,99012.2356086426,99012.2356086426,0.0,0.0,0.0,0.0,148.43174975585936,296863.49951171875,-0.010342859150930028,0,1766.969970703125,0.0,-372.33541271971626,0,370.6055908203125,0.0,-9.859350204460497,0,134.4499969482422,0.0,-605.5696284332153,0,224.4199981689453,0.0,0.0
2026-09-09,2026-09-09T12:00:00-04:00,bar_close,99012.2356086426,99012.2356086426,0.0,0.0,0.0,0.0,148.43174975585936,296863.49951171875,-0.010342859150930028,0,1766.4200439453125,0.0,-372.33541271971626,0,370.625,0.0,-9.859350204460497,0,134.27999877929688,0.0,-605.5696284332153,0,224.4199981689453,0.0,0.0
2026-09-09,2026-09-09T12:00:00-04:00,open_before_orders,99012.2356086426,99012.2356086426,0.0,0.0,0.0,0.0,148.43174975585936,296863.49951171875,-0.010342859150930028,0,1766.7550048828125,0.0,-372.33541271971626,0,370.6199951171875,0.0,-9.859350204460497,0,134.2100067138672,0.0,-605.5696284332153,0,224.44000244140625,0.0,0.0
2026-09-09,2026-09-09T12:05:00-04:00,bar_close,99012.2356086426,99012.2356086426,0.0,0.0,0.0,0.0,148.43174975585936,296863.49951171875,-0.010342859150930028,0,1771.31494140625,0.0,-372.33541271971626,0,370.6650085449219,0.0,-9.859350204460497,0,135.16000366210938,0.0,-605.5696284332153,0,224.14999389648438,0.0,0.0
2026-09-09,2026-09-09T12:05:00-04:00,open_before_orders,99012.2356086426,99012.2356086426,0.0,0.0,0.0,0.0,148.43174975585936,296863.49951171875,-0.010342859150930028,0,1771.1500244140625,0.0,-372.33541271971626,0,370.6828918457031,0.0,-9.859350204460497,0,135.17999267578125,0.0,-605.5696284332153,0,224.14999389648438,0.0,0.0
2026-09-09,2026-09-09T12:05:00-04:00,after_fill,89003.91449090578,99007.23394891359,10003.319458007812,10003.319458007812,0.1010362481510128,0.1010362481510128,153.43340948486326,306866.81896972656,-0.010392852247606221,0,1771.1500244140625,0.0,-372.33541271971626,0,370.6828918457031,0.0,-9.859350204460497,74,135.17999267578125,0.1010362481510128,-610.5712881622185,0,224.14999389648438,0.0,0.0
2026-09-09,2026-09-09T12:10:00-04:00,bar_close,89003.91449090578,98965.79412957765,9961.879638671875,9961.879638671875,0.10065982621862873,0.10065982621862873,153.43340948486326,306866.81896972656,-0.010807055733359272,0,1768.31494140625,0.0,-372.33541271971626,0,369.9599914550781,0.0,-9.859350204460497,74,134.6199951171875,0.10065982621862873,-652.011107498156,0,223.97000122070312,0.0,0.0
2026-09-09,2026-09-09T12:10:00-04:00,open_before_orders,89003.91449090578,98969.12399407961,9965.209503173828,9965.209503173828,0.10069008495791024,0.10069008495791024,153.43340948486326,306866.81896972656,-0.01077377273391833,0,1768.4000244140625,0.0,-372.33541271971626,0,369.92498779296875,0.0,-9.859350204460497,74,134.6649932861328,0.10069008495791024,-648.6812429962029,0,223.97000122070312,0.0,0.0
2026-09-09,2026-09-09T12:15:00-04:00,bar_close,89003.91449090578,98963.20498773195,9959.290496826172,9959.290496826172,0.10063629707688614,0.10063629707688614,153.43340948486326,306866.81896972656,-0.010832934986570009,0,1766.2049560546875,0.0,-372.33541271971626,0,370.63580322265625,0.0,-9.859350204460497,74,134.5850067138672,0.10063629707688614,-654.6002493438591,0,223.88999938964844,0.0,0.0
2026-09-09,2026-09-09T12:15:00-04:00,open_before_orders,89003.91449090578,98960.61471673586,9956.700225830078,9956.700225830078,0.1006127564418437,0.1006127564418437,153.43340948486326,306866.81896972656,-0.010858825525979166,0,1765.6400146484375,0.0,-372.33541271971626,0,370.6099853515625,0.0,-9.859350204460497,74,134.5500030517578,0.1006127564418437,-657.1905203399529,0,223.8800048828125,0.0,0.0
2026-09-09,2026-09-09T12:15:00-04:00,after_fill,89138.39721895602,98960.54744173434,9822.15022277832,9822.15022277832,0.09925319207193527,0.09925319207193527,153.50068448638913,307001.3689727783,-0.0108594979598986,0,1765.6400146484375,0.0,-372.33541271971626,0,370.6099853515625,0.0,-9.859350204460497,73,134.5500030517578,0.09925319207193527,-657.2577953414784,0,223.8800048828125,0.0,0.0
2026-09-09,2026-09-09T12:20:00-04:00,bar_close,89138.39721895602,98938.64721895602,9800.25,9800.25,0.09905381037110375,0.09905381037110375,153.50068448638913,307001.3689727783,-0.011078397288103004,0,1768.8050537109375,0.0,-372.33541271971626,0,370.04998779296875,0.0,-9.859350204460497,73,134.25,0.09905381037110375,-679.1580181197987,0,223.75,0.0,0.0
2026-09-09,2026-09-09T12:20:00-04:00,open_before_orders,89138.39721895602,98940.83712984469,9802.439910888672,9802.439910888672,0.0990737514988323,0.0990737514988323,153.50068448638913,307001.3689727783,-0.011056508468650805,0,1769.0,0.0,-372.33541271971626,0,370.04998779296875,0.0,-9.859350204460497,73,134.27999877929688,0.0990737514988323,-676.9681072311269,0,223.7449951171875,0.0,0.0
2026-09-09,2026-09-09T12:25:00-04:00,bar_close,89138.39721895602,98945.21695162203,9806.819732666016,9806.819732666016,0.09911363110620024,0.09911363110620024,153.50068448638913,307001.3689727783,-0.011012730829746409,0,1772.241943359375,0.0,-372.33541271971626,0,369.5199890136719,0.0,-9.859350204460497,73,134.33999633789062,0.09911363110620024,-672.5882854537831,0,223.9405059814453,0.0,0.0
2026-09-09,2026-09-09T12:25:00-04:00,open_before_orders,89138.39721895602,98951.05708528902,9812.659866333008,9812.659866333008,0.09916680180460496,0.09916680180460496,153.50068448638913,307001.3689727783,-0.010954356933313036,0,1772.4000244140625,0.0,-372.33541271971626,0,369.5199890136719,0.0,-9.859350204460497,73,134.4199981689453,0.09916680180460496,-666.7481517867909,0,223.94500732421875,0.0,0.0
2026-09-09,2026-09-09T12:25:00-04:00,after_fill,89272.75000712587,98950.98987528993,9678.239868164062,9678.239868164062,0.0978084188987069,0.0978084188987069,153.5678944854736,307135.78897094727,-0.010955028717513526,0,1772.4000244140625,0.0,-372.33541271971626,0,369.5199890136719,0.0,-9.859350204460497,72,134.4199981689453,0.0978084188987069,-666.8153617858752,0,223.94500732421875,0.0,0.0
2026-09-09,2026-09-09T12:30:00-04:00,bar_close,89272.75000712587,98968.98987528993,9696.239868164062,9696.239868164062,0.09797250512895221,0.09797250512895221,153.5678944854736,307135.78897094727,-0.010775113291649485,0,1771.0899658203125,0.0,-372.33541271971626,0,368.7351989746094,0.0,-9.859350204460497,72,134.6699981689453,0.09797250512895221,-648.8153617858752,0,223.86000061035156,0.0,0.0
2026-09-09,2026-09-09T12:30:00-04:00,open_before_orders,89272.75000712587,98971.1497873993,9698.399780273438,9698.399780273438,0.09799219066472042,0.09799219066472042,153.5678944854736,307135.78897094727,-0.010753524319039087,0,1771.0999755859375,0.0,-372.33541271971626,0,368.760009765625,0.0,-9.859350204460497,72,134.6999969482422,0.09799219066472042,-646.6554496765002,0,223.86000061035156,0.0,0.0
2026-09-09,2026-09-09T12:35:00-04:00,bar_close,89272.75000712587,99004.27027079774,9731.520263671875,9731.520263671875,0.09829394466576136,0.09829394466576136,153.5678944854736,307135.78897094727,-0.010422475103736062,0,1779.181640625,0.0,-372.33541271971626,0,369.2099914550781,0.0,-9.859350204460497,72,135.16000366210938,0.09829394466576136,-613.5349662780627,0,223.8800048828125,0.0,0.0
2026-09-09,2026-09-09T12:35:00-04:00,open_before_orders,89272.75000712587,99004.27027079774,9731.520263671875,9731.520263671875,0.09829394466576136,0.09829394466576136,153.5678944854736,307135.78897094727,-0.010422475103736062,0,1779.72998046875,0.0,-372.33541271971626,0,369.1300048828125,0.0,-9.859350204460497,72,135.16000366210938,0.09829394466576136,-613.5349662780627,0,223.88499450683594,0.0,0.0
2026-09-09,2026-09-09T12:35:00-04:00,after_fill,89407.84243078614,99004.20269079591,9596.360260009766,9596.360260009766,0.0969288171531521,0.0969288171531521,153.63547448730466,307270.9489746094,-0.01042315058622556,0,1779.72998046875,0.0,-372.33541271971626,0,369.1300048828125,0.0,-9.859350204460497,71,135.16000366210938,0.0969288171531521,-613.6025462798934,0,223.88499450683594,0.0,0.0
2026-09-09,2026-09-09T12:40:00-04:00,bar_close,89407.84243078614,98972.96251745606,9565.120086669922,9565.120086669922,0.09664376859470991,0.09664376859470991,153.63547448730466,307270.9489746094,-0.010735405535698073,0,1778.0,0.0,-372.33541271971626,0,369.0950012207031,0.0,-9.859350204460497,71,134.72000122070312,0.09664376859470991,-644.8427196197372,0,224.14999389648438,0.0,0.0
2026-09-09,2026-09-09T12:40:00-04:00,open_before_orders,89407.84243078614,98971.54221411134,9563.699783325195,9563.699783325195,0.0966308048694992,0.0966308048694992,153.63547448730466,307270.9489746094,-0.010749601895760463,0,1778.4949951171875,0.0,-372.33541271971626,0,369.1300048828125,0.0,-9.859350204460497,71,134.6999969482422,0.0966308048694992,-646.2630229644637,0,224.15989685058594,0.0,0.0
2026-09-09,2026-09-09T12:45:00-04:00,bar_close,89407.84243078614,98967.28238745118,9559.439956665039,9559.439956665039,0.09659192135073877,0.09659192135073877,153.63547448730466,307270.9489746094,-0.010792180147297548,0,1779.14501953125,0.0,-372.33541271971626,0,369.3450012207031,0.0,-9.859350204460497,71,134.63999938964844,0.09659192135073877,-650.52284962462,0,224.16000366210938,0.0,0.0
2026-09-09,2026-09-09T12:45:00-04:00,open_before_orders,89407.84243078614,98965.1524741211,9557.310043334961,9557.310043334961,0.09657247833609058,0.09657247833609058,153.63547448730466,307270.9489746094,-0.010813469273066145,0,1779.699951171875,0.0,-372.33541271971626,0,369.3800048828125,0.0,-9.859350204460497,71,134.61000061035156,0.09657247833609058,-652.6527629546981,0,224.16000366210938,0.0,0.0
2026-09-09,2026-09-09T12:45:00-04:00,after_fill,89542.38512639618,98965.0851691208,9422.70004272461,9422.70004272461,0.09521236733765467,0.09521236733765467,153.70277948760983,307405.5589752197,-0.010814142006832506,0,1779.699951171875,0.0,-372.33541271971626,0,369.3800048828125,0.0,-9.859350204460497,70,134.61000061035156,0.09521236733765467,-652.7200679550042,0,224.16000366210938,0.0,0.0
2026-09-09,2026-09-09T12:50:00-04:00,bar_close,89542.38512639618,98954.23525457001,9411.850128173828,9411.850128173828,0.09511316118972442,0.09511316118972442,153.70277948760983,307405.5589752197,-0.01092259017333208,0,1781.9300537109375,0.0,-372.33541271971626,0,370.18499755859375,0.0,-9.859350204460497,70,134.4550018310547,0.09511316118972442,-663.5699825057854,0,224.1199951171875,0.0,0.0
2026-09-09,2026-09-09T12:50:00-04:00,open_before_orders,89542.38512639618,98955.98482732392,9413.599700927734,9413.599700927734,0.0951291598719801,0.0951291598719801,153.70277948760983,307405.5589752197,-0.010905102666270983,0,1781.83154296875,0.0,-372.33541271971626,0,370.17999267578125,0.0,-9.859350204460497,70,134.47999572753906,0.0951291598719801,-661.8204097518792,0,224.1199951171875,0.0,0.0
2026-09-09,2026-09-09T12:55:00-04:00,bar_close,89542.38512639618,98955.63555364228,9413.250427246094,9413.250427246094,0.09512596604104796,0.09512596604104796,153.70277948760983,307405.5589752197,-0.010908593762003038,0,1779.5999755859375,0.0,-372.33541271971626,0,369.0815124511719,0.0,-9.859350204460497,70,134.47500610351562,0.09512596604104796,-662.1696834335198,0,224.10499572753906,0.0,0.0
2026-09-09,2026-09-09T12:55:00-04:00,open_before_orders,89542.38512639618,98960.18465642548,9417.799530029297,9417.799530029297,0.09516756221430311,0.09516756221430311,153.70277948760983,307405.5589752197,-0.010863124108417499,0,1779.60498046875,0.0,-372.33541271971626,0,369.05499267578125,0.0,-9.859350204460497,70,134.5399932861328,0.09516756221430311,-657.6205806503167,0,224.11000061035156,0.0,0.0
2026-09-09,2026-09-09T13:00:00-04:00,bar_close,89542.38512639618,98970.33495549775,9427.949829101562,9427.949829101562,0.0952603609287658,0.0952603609287658,153.70277948760983,307405.5589752197,-0.010761668809515568,0,1777.8399658203125,0.0,-372.33541271971626,0,368.8039855957031,0.0,-9.859350204460497,70,134.68499755859375,0.0952603609287658,-647.4702815780511,0,224.05999755859375,0.0,0.0
2026-09-09,2026-09-09T13:00:00-04:00,open_before_orders,89542.38512639618,98965.0851691208,9422.70004272461,9422.70004272461,0.09521236733765467,0.09521236733765467,153.70277948760983,307405.5589752197,-0.010814142006832506,0,1778.679931640625,0.0,-372.33541271971626,0,368.80999755859375,0.0,-9.859350204460497,70,134.61000061035156,0.09521236733765467,-652.7200679550042,0,224.0500030517578,0.0,0.0
2026-09-09,2026-09-09T13:05:00-04:00,bar_close,89542.38512639618,98952.13534001923,9409.750213623047,9409.750213623047,0.09509395811711664,0.09509395811711664,153.70277948760983,307405.5589752197,-0.010943579452258878,0,1774.625,0.0,-372.33541271971626,0,368.43499755859375,0.0,-9.859350204460497,70,134.4250030517578,0.09509395811711664,-665.6698970565667,0,224.07659912109375,0.0,0.0
2026-09-09,2026-09-09T13:05:00-04:00,open_before_orders,89542.38512639618,98950.38469915009,9407.999572753906,9407.999572753906,0.09507794842190961,0.09507794842190961,153.70277948760983,307405.5589752197,-0.01096107763545362,0,1775.0,0.0,-372.33541271971626,0,368.44500732421875,0.0,-9.859350204460497,70,134.39999389648438,0.09507794842190961,-667.4205379257073,0,224.07989501953125,0.0,0.0
2026-09-09,2026-09-09T13:10:00-04:00,bar_close,89542.38512639618,98954.58559636689,9412.200469970703,9412.200469970703,0.0951163648783576,0.0951163648783576,153.70277948760983,307405.5589752197,-0.010919088401466381,0,1773.949951171875,0.0,-372.33541271971626,0,368.4849853515625,0.0,-9.859350204460497,70,134.4600067138672,0.0951163648783576,-663.2196407089104,0,224.09410095214844,0.0,0.0
2026-09-09,2026-09-09T13:10:00-04:00,open_before_orders,89542.38512639618,98955.2852118454,9412.900085449219,9412.900085449219,0.09512276242039926,0.09512276242039926,153.70277948760983,307405.5589752197,-0.010912095533868738,0,1774.0,0.0,-372.33541271971626,0,368.45001220703125,0.0,-9.859350204460497,70,134.47000122070312,0.09512276242039926,-662.5200252303948,0,224.08999633789062,0.0,0.0
2026-09-09,2026-09-09T13:10:00-04:00,after_fill,89676.78789261628,98955.2179768448,9278.430084228516,9278.430084228516,0.09376392952213636,0.09376392952213636,153.77001448822017,307540.02897644043,-0.010912767567966886,0,1774.0,0.0,-372.33541271971626,0,368.45001220703125,0.0,-9.859350204460497,69,134.47000122070312,0.09376392952213636,-662.5872602310046,0,224.08999633789062,0.0,0.0
2026-09-09,2026-09-09T13:15:00-04:00,bar_close,89676.78789261628,98987.64806107331,9310.860168457031,9310.860168457031,0.09406082830367304,0.09406082830367304,153.77001448822017,307540.02897644043,-0.010588619100479035,0,1776.3800048828125,0.0,-372.33541271971626,0,368.5299987792969,0.0,-9.859350204460497,69,134.94000244140625,0.09406082830367304,-630.157176002489,0,224.41050720214844,0.0,0.0
2026-09-09,2026-09-09T13:15:00-04:00,open_before_orders,89676.78789261628,98991.78052262116,9314.992630004883,9314.992630004883,0.0940986471889579,0.0940986471889579,153.77001448822017,307540.02897644043,-0.010547313901631883,0,1775.9100341796875,0.0,-372.33541271971626,0,368.5299987792969,0.0,-9.859350204460497,69,134.99989318847656,0.0940986471889579,-626.0247144546374,0,224.4149932861328,0.0,0.0
2026-09-09,2026-09-09T13:15:00-04:00,after_fill,89811.72028585816,98991.71302267456,9179.992736816406,9179.992736816406,0.09273496191255606,0.09273496191255606,153.8375144348144,307675.0288696289,-0.010547988583945123,0,1775.9100341796875,0.0,-372.33541271971626,0,368.5299987792969,0.0,-9.859350204460497,68,134.99989318847656,0.09273496191255606,-626.0922144012311,0,224.4149932861328,0.0,0.0
2026-09-09,2026-09-09T13:20:00-04:00,bar_close,89811.72028585816,98992.399912323,9180.679626464844,9180.679626464844,0.09274125725405302,0.09274125725405302,153.8375144348144,307675.0288696289,-0.010541122914855094,0,1776.52001953125,0.0,-372.33541271971626,0,368.260986328125,0.0,-9.859350204460497,68,135.00999450683594,0.09274125725405302,-625.4053247527936,0,224.22999572753906,0.0,0.0
2026-09-09,2026-09-09T13:20:00-04:00,open_before_orders,89811.72028585816,98990.36725851441,9178.64697265625,9178.64697265625,0.09272262773494026,0.09272262773494026,153.8375144348144,307675.0288696289,-0.01056143990238878,0,1776.5799560546875,0.0,-372.33541271971626,0,368.3500061035156,0.0,-9.859350204460497,68,134.9801025390625,0.09272262773494026,-627.4379785613874,0,224.23500061035156,0.0,0.0
2026-09-09,2026-09-09T13:25:00-04:00,bar_close,89811.72028585816,99019.93982931519,9208.219543457031,9208.219543457031,0.09299358855731102,0.09299358855731102,153.8375144348144,307675.0288696289,-0.010265853142971126,0,1775.9599609375,0.0,-372.33541271971626,0,368.07000732421875,0.0,-9.859350204460497,68,135.4149932861328,0.09299358855731102,-597.8654077606061,0,224.30999755859375,0.0,0.0
2026-09-09,2026-09-09T13:25:00-04:00,open_before_orders,89811.72028585816,99019.26020285035,9207.539916992188,9207.539916992188,0.09298736324761131,0.09298736324761131,153.8375144348144,307675.0288696289,-0.010272646214351755,0,1776.22998046875,0.0,-372.33541271971626,0,368.05499267578125,0.0,-9.859350204460497,68,135.40499877929688,0.09298736324761131,-598.5450342254499,0,224.31500244140625,0.0,0.0
2026-09-09,2026-09-09T13:30:00-04:00,bar_close,89811.72028585816,99029.12049337769,9217.400207519531,9217.400207519531,0.09307767413864815,0.09307767413864815,153.8375144348144,307675.0288696289,-0.010174089638275596,0,1775.4549560546875,0.0,-372.33541271971626,0,368.1650085449219,0.0,-9.859350204460497,68,135.5500030517578,0.09307767413864815,-588.6847436981061,0,224.27000427246094,0.0,0.0
2026-09-09,2026-09-09T13:30:00-04:00,open_before_orders,89811.72028585816,99031.84003683472,9220.119750976562,9220.119750976562,0.09310257940827066,0.09310257940827066,153.8375144348144,307675.0288696289,-0.010146906981651882,0,1775.4549560546875,0.0,-372.33541271971626,0,368.1300048828125,0.0,-9.859350204460497,68,135.58999633789062,0.09310257940827066,-585.9652002410749,0,224.27000427246094,0.0,0.0
2026-09-09,2026-09-09T13:30:00-04:00,after_fill,89947.24248719789,99031.77224183656,9084.529754638672,9084.529754638672,0.0917334866274448,0.0917334866274448,153.90530943298336,307810.6188659668,-0.010147584613094396,0,1775.4549560546875,0.0,-372.33541271971626,0,368.1300048828125,0.0,-9.859350204460497,67,135.58999633789062,0.0917334866274448,-586.032995239244,0,224.27000427246094,0.0,0.0
2026-09-09,2026-09-09T13:35:00-04:00,bar_close,89947.24248719789,99006.982568985,9059.74008178711,9059.74008178711,0.0915060720639028,0.0915060720639028,153.90530943298336,307810.6188659668,-0.010395364865767753,0,1773.0,0.0,-372.33541271971626,0,369.1000061035156,0.0,-9.859350204460497,67,135.22000122070312,0.0915060720639028,-610.8226680908065,0,224.25,0.0,0.0
2026-09-09,2026-09-09T13:35:00-04:00,open_before_orders,89947.24248719789,99003.63236451722,9056.389877319336,9056.389877319336,0.09147532934928088,0.09147532934928088,153.90530943298336,307810.6188659668,-0.01042885116929837,0,1772.8800048828125,0.0,-372.33541271971626,0,369.1050109863281,0.0,-9.859350204460497,67,135.1699981689453,0.09147532934928088,-614.1728725585799,0,224.25,0.0,0.0
2026-09-09,2026-09-09T13:40:00-04:00,bar_close,89947.24248719789,98980.51728273011,9033.274795532227,9033.274795532227,0.09126316009977381,0.09126316009977381,153.90530943298336,307810.6188659668,-0.010659893379498908,0,1770.2900390625,0.0,-372.33541271971626,0,368.8669128417969,0.0,-9.859350204460497,67,134.8249969482422,0.09126316009977381,-637.2879543456893,0,224.26499938964844,0.0,0.0
2026-09-09,2026-09-09T13:40:00-04:00,open_before_orders,89947.24248719789,98980.18297792054,9032.940490722656,9032.940490722656,0.09126009084806026,0.09126009084806026,153.90530943298336,307810.6188659668,-0.010663234856842396,0,1770.5,0.0,-372.33541271971626,0,368.864990234375,0.0,-9.859350204460497,67,134.82000732421875,0.09126009084806026,-637.6222591552596,0,224.26499938964844,0.0,0.0
2026-09-09,2026-09-09T13:45:00-04:00,bar_close,89947.24248719789,98977.83773255922,9030.595245361328,9030.595245361328,0.09123855857270029,0.09123855857270029,153.90530943298336,307810.6188659668,-0.01068667629117237,0,1772.13134765625,0.0,-372.33541271971626,0,368.8599853515625,0.0,-9.859350204460497,67,134.78500366210938,0.09123855857270029,-639.9675045165877,0,224.33999633789062,0.0,0.0
2026-09-09,2026-09-09T13:45:00-04:00,open_before_orders,89947.24248719789,98978.84269166566,9031.600204467773,9031.600204467773,0.09124778547474635,0.09124778547474635,153.90530943298336,307810.6188659668,-0.010676631421971727,0,1772.199951171875,0.0,-372.33541271971626,0,368.8599853515625,0.0,-9.859350204460497,67,134.8000030517578,0.09124778547474635,-638.9625454101424,0,224.3300018310547,0.0,0.0
2026-09-09,2026-09-09T13:45:00-04:00,after_fill,90081.97509024812,98978.77529166413,8896.800201416016,8896.800201416016,0.08988593943701072,0.08988593943701072,153.97270943450923,307945.41886901855,-0.010677305105303847,0,1772.199951171875,0.0,-372.33541271971626,0,368.8599853515625,0.0,-9.859350204460497,66,134.8000030517578,0.08988593943701072,-639.0299454116685,0,224.3300018310547,0.0,0.0
2026-09-09,2026-09-09T13:50:00-04:00,bar_close,90081.97509024812,98985.37468741609,8903.399597167969,8903.399597167969,0.08994661711675926,0.08994661711675926,153.97270943450923,307945.41886901855,-0.010611342155461667,0,1776.8399658203125,0.0,-372.33541271971626,0,368.6700134277344,0.0,-9.859350204460497,66,134.89999389648438,0.08994661711675926,-632.4305496597153,0,224.17999267578125,0.0,0.0
2026-09-09,2026-09-09T13:50:00-04:00,open_before_orders,90081.97509024812,98984.86006949616,8902.884979248047,8902.884979248047,0.08994188578937659,0.08994188578937659,153.97270943450923,307945.41886901855,-0.010616485916696172,0,1776.5,0.0,-372.33541271971626,0,368.6300048828125,0.0,-9.859350204460497,66,134.89219665527344,0.08994188578937659,-632.9451675796372,0,224.1999969482422,0.0,0.0
2026-09-09,2026-09-09T13:50:00-04:00,after_fill,90216.79984080506,98984.79262339784,8767.992782592773,8767.992782592773,0.08857919029998768,0.08857919029998768,154.04015553283688,308080.3110656738,-0.010617160060779618,0,1776.5,0.0,-372.33541271971626,0,368.6300048828125,0.0,-9.859350204460497,65,134.89219665527344,0.08857919029998768,-633.0126136779654,0,224.1999969482422,0.0,0.0
2026-09-09,2026-09-09T13:55:00-04:00,bar_close,90216.79984080506,98994.3994044037,8777.599563598633,8777.599563598633,0.08866763793112288,0.08866763793112288,154.04015553283688,308080.3110656738,-0.010521137388787904,0,1778.2650146484375,0.0,-372.33541271971626,0,368.8699951171875,0.0,-9.859350204460497,65,135.0399932861328,0.08866763793112288,-623.405832672106,0,224.3612060546875,0.0,0.0
2026-09-09,2026-09-09T13:55:00-04:00,open_before_orders,90216.79984080506,98991.80678355409,8775.006942749023,8775.006942749023,0.08864376990244864,0.08864376990244864,154.04015553283688,308080.3110656738,-0.010547051415691344,0,1778.2650146484375,0.0,-372.33541271971626,0,368.8999938964844,0.0,-9.859350204460497,65,135.00010681152344,0.08864376990244864,-625.9984535217154,0,224.36000061035156,0.0,0.0
2026-09-09,2026-09-09T14:00:00-04:00,bar_close,90216.79984080506,99002.16040599061,8785.360565185547,8785.360565185547,0.08873907932067658,0.08873907932067658,154.04015553283688,308080.3110656738,-0.010443563838474446,0,1770.574951171875,0.0,-372.33541271971626,0,368.94000244140625,0.0,-9.859350204460497,65,135.15939331054688,0.08873907932067658,-615.644831085192,0,224.23500061035156,0.0,0.0
2026-09-09,2026-09-09T14:00:00-04:00,open_before_orders,90216.79984080506,99001.54944407655,8784.749603271484,8784.749603271484,0.08873345571458723,0.08873345571458723,154.04015553283688,308080.3110656738,-0.010449670586971993,0,1770.699951171875,0.0,-372.33541271971626,0,368.9599914550781,0.0,-9.859350204460497,65,135.14999389648438,0.08873345571458723,-616.2557929992545,0,224.23500061035156,0.0,0.0
2026-09-09,2026-09-09T14:05:00-04:00,bar_close,90216.79984080506,98991.79984080506,8775.0,8775.0,0.0886437059848556,0.0886437059848556,154.04015553283688,308080.3110656738,-0.01054712081056064,0,1769.429931640625,0.0,-372.33541271971626,0,368.7598876953125,0.0,-9.859350204460497,65,135.0,0.0886437059848556,-626.0053962707389,0,224.35000610351562,0.0,0.0
2026-09-09,2026-09-09T14:05:00-04:00,open_before_orders,90216.79984080506,98991.15019786073,8774.350357055664,8774.350357055664,0.08863772508469434,0.08863772508469434,154.04015553283688,308080.3110656738,-0.010553614187615579,0,1769.1800537109375,0.0,-372.33541271971626,0,368.7300109863281,0.0,-9.859350204460497,65,134.99000549316406,0.08863772508469434,-626.6550392150748,0,224.36500549316406,0.0,0.0
2026-09-09,2026-09-09T14:10:00-04:00,bar_close,90216.79984080506,98963.52499949647,8746.725158691406,8746.725158691406,0.08838332263059455,0.08838332263059455,154.04015553283688,308080.3110656738,-0.010829736372520271,0,1769.425048828125,0.0,-372.33541271971626,0,368.17999267578125,0.0,-9.859350204460497,65,134.56500244140625,0.08838332263059455,-654.2802375793326,0,224.11500549316406,0.0,0.0
2026-09-09,2026-09-09T14:10:00-04:00,open_before_orders,90216.79984080506,98964.28572642518,8747.485885620117,8747.485885620117,0.08839033012173185,0.08839033012173185,154.04015553283688,308080.3110656738,-0.010822132677556717,0,1769.4300537109375,0.0,-372.33541271971626,0,368.17999267578125,0.0,-9.859350204460497,65,134.5767059326172,0.08839033012173185,-653.5195106506217,0,224.11500549316406,0.0,0.0
2026-09-09,2026-09-09T14:10:00-04:00,after_fill,90351.30925838472,98964.21843807222,8612.9091796875,8612.9091796875,0.08703053806338205,0.08703053806338205,154.10744388580318,308214.88777160645,-0.010822805244927736,0,1769.4300537109375,0.0,-372.33541271971626,0,368.17999267578125,0.0,-9.859350204460497,64,134.5767059326172,0.08703053806338205,-653.5867990035877,0,224.11500549316406,0.0,0.0
2026-09-09,2026-09-09T14:15:00-04:00,bar_close,90351.30925838472,98935.83367244722,8584.5244140625,8584.5244140625,0.08676860643317363,0.08676860643317363,154.10744388580318,308214.88777160645,-0.011106519533565118,0,1773.135009765625,0.0,-372.33541271971626,0,368.30999755859375,0.0,-9.859350204460497,64,134.13319396972656,0.08676860643317363,-681.9715646285877,0,224.11500549316406,0.0,0.0
2026-09-09,2026-09-09T14:15:00-04:00,open_before_orders,90351.30925838472,98937.22918025972,8585.919921875,8585.919921875,0.08678148754531818,0.08678148754531818,154.10744388580318,308214.88777160645,-0.01109257101232164,0,1772.739990234375,0.0,-372.33541271971626,0,368.3399963378906,0.0,-9.859350204460497,64,134.15499877929688,0.08678148754531818,-680.5760568160877,0,224.1199951171875,0.0,0.0
2026-09-09,2026-09-09T14:15:00-04:00,after_fill,90485.39717966462,98937.16210276033,8451.764923095703,8451.764923095703,0.08542558471929225,0.08542558471929225,154.17452138519283,308349.04277038574,-0.011093241472147741,0,1772.739990234375,0.0,-372.33541271971626,0,368.3399963378906,0.0,-9.859350204460497,63,134.15499877929688,0.08542558471929225,-680.6431343154782,0,224.1199951171875,0.0,0.0
2026-09-09,2026-09-09T14:20:00-04:00,bar_close,90485.39717966462,98934.95687204743,8449.559692382812,8449.559692382812,0.08540519912805569,0.08540519912805569,154.17452138519283,308349.04277038574,-0.011115283417860944,0,1773.010009765625,0.0,-372.33541271971626,0,368.82000732421875,0.0,-9.859350204460497,63,134.1199951171875,0.08540519912805569,-682.8483650283688,0,223.93499755859375,0.0,0.0
2026-09-09,2026-09-09T14:20:00-04:00,open_before_orders,90485.39717966462,98936.84679514314,8451.449615478516,8451.449615478516,0.08542267000865648,0.08542267000865648,154.17452138519283,308349.04277038574,-0.01109639306682686,0,1772.904052734375,0.0,-372.33541271971626,0,368.80999755859375,0.0,-9.859350204460497,63,134.14999389648438,0.08542267000865648,-680.9584419326657,0,223.9362030029297,0.0,0.0
2026-09-09,2026-09-09T14:25:00-04:00,bar_close,90485.39717966462,98944.40744882966,8459.010269165039,8459.010269165039,0.08549255574186669,0.08549255574186669,154.17452138519283,308349.04277038574,-0.011020822054170099,0,1771.0799560546875,0.0,-372.33541271971626,0,369.35321044921875,0.0,-9.859350204460497,63,134.27000427246094,0.08549255574186669,-673.3977882461422,0,224.1649932861328,0.0,0.0
2026-09-09,2026-09-09T14:25:00-04:00,open_before_orders,90485.39717966462,98939.99698740388,8454.599807739258,8454.599807739258,0.0854517896216999,0.0854517896216999,154.17452138519283,308349.04277038574,-0.011064905945596615,0,1771.259033203125,0.0,-372.33541271971626,0,369.3550109863281,0.0,-9.859350204460497,63,134.1999969482422,0.0854517896216999,-677.8082496719235,0,224.1649932861328,0.0,0.0
2026-09-09,2026-09-09T14:30:00-04:00,bar_close,90485.39717966462,98951.65183359529,8466.254653930664,8466.254653930664,0.0855595080733788,0.0855595080733788,154.17452138519283,308349.04277038574,-0.01094841224471288,0,1767.9000244140625,0.0,-372.33541271971626,0,369.8399963378906,0.0,-9.859350204460497,63,134.38499450683594,0.0855595080733788,-666.1534034805172,0,224.19500732421875,0.0,0.0
2026-09-09,2026-09-09T14:30:00-04:00,open_before_orders,90485.39717966462,98947.5576410904,8462.160461425781,8462.160461425781,0.08552167090490834,0.08552167090490834,154.17452138519283,308349.04277038574,-0.010989334932939854,0,1767.4300537109375,0.0,-372.33541271971626,0,369.8446960449219,0.0,-9.859350204460497,63,134.32000732421875,0.08552167090490834,-670.2475959854,0,224.19500732421875,0.0,0.0
2026-09-09,2026-09-09T14:35:00-04:00,bar_close,90485.39717966462,98921.72741037751,8436.33023071289,8436.33023071289,0.08528288427187197,0.08528288427187197,154.17452138519283,308349.04277038574,-0.011247515875099645,0,1768.18994140625,0.0,-372.33541271971626,0,369.635009765625,0.0,-9.859350204460497,63,133.91000366210938,0.08528288427187197,-696.0778266982907,0,224.11500549316406,0.0,0.0
2026-09-09,2026-09-09T14:35:00-04:00,open_before_orders,90485.39717966462,98921.72741037751,8436.33023071289,8436.33023071289,0.08528288427187197,0.08528288427187197,154.17452138519283,308349.04277038574,-0.011247515875099645,0,1768.18994140625,0.0,-372.33541271971626,0,369.635009765625,0.0,-9.859350204460497,63,133.91000366210938,0.08528288427187197,-696.0778266982907,0,224.11500549316406,0.0,0.0
2026-09-09,2026-09-09T14:40:00-04:00,bar_close,90485.39717966462,98909.12760263825,8423.730422973633,8423.730422973633,0.08516636054880078,0.08516636054880078,154.17452138519283,308349.04277038574,-0.011373454751500423,0,1769.56005859375,0.0,-372.33541271971626,0,369.3550109863281,0.0,-9.859350204460497,63,133.7100067138672,0.08516636054880078,-708.6776344375485,0,224.16000366210938,0.0,0.0
2026-09-09,2026-09-09T14:40:00-04:00,open_before_orders,90485.39717966462,98909.12760263825,8423.730422973633,8423.730422973633,0.08516636054880078,0.08516636054880078,154.17452138519283,308349.04277038574,-0.011373454751500423,0,1769.1500244140625,0.0,-372.33541271971626,0,369.3550109863281,0.0,-9.859350204460497,63,133.7100067138672,0.08516636054880078,-708.6776344375485,0,224.1649932861328,0.0,0.0
2026-09-09,2026-09-09T14:45:00-04:00,bar_close,90485.39717966462,98913.53710276033,8428.139923095703,8428.139923095703,0.08520714322792632,0.08520714322792632,154.17452138519283,308349.04277038574,-0.01132938046859433,0,1769.5799560546875,0.0,-372.33541271971626,0,368.8699951171875,0.0,-9.859350204460497,63,133.77999877929688,0.08520714322792632,-704.2681343154782,0,224.15699768066406,0.0,0.0
2026-09-09,2026-09-09T14:45:00-04:00,open_before_orders,90485.39717966462,98914.79737192536,8429.400192260742,8429.400192260742,0.08521879856424018,0.08521879856424018,154.17452138519283,308349.04277038574,-0.01131678369839817,0,1770.0,0.0,-372.33541271971626,0,368.8699951171875,0.0,-9.859350204460497,63,133.8000030517578,0.08521879856424018,-703.0078651504391,0,224.14999389648438,0.0,0.0
2026-09-09,2026-09-09T14:50:00-04:00,bar_close,90485.39717966462,98897.47179514314,8412.074615478516,8412.074615478516,0.08505854055504412,0.08505854055504412,154.17452138519283,308349.04277038574,-0.011489958060904581,0,1767.9200439453125,0.0,-372.33541271971626,0,368.32000732421875,0.0,-9.859350204460497,63,133.52499389648438,0.08505854055504412,-720.3334419326657,0,223.8997039794922,0.0,0.0
2026-09-09,2026-09-09T14:50:00-04:00,open_before_orders,90485.39717966462,98897.47179514314,8412.074615478516,8412.074615478516,0.08505854055504412,0.08505854055504412,154.17452138519283,308349.04277038574,-0.011489958060904581,0,1767.9200439453125,0.0,-372.33541271971626,0,368.3349914550781,0.0,-9.859350204460497,63,133.52499389648438,0.08505854055504412,-720.3334419326657,0,223.88999938964844,0.0,0.0
2026-09-09,2026-09-09T14:55:00-04:00,bar_close,90485.39717966462,98883.29737192536,8397.900192260742,8397.900192260742,0.08492738829970538,0.08492738829970538,154.17452138519283,308349.04277038574,-0.011631635693660325,0,1766.75,0.0,-372.33541271971626,0,368.3988037109375,0.0,-9.859350204460497,63,133.3000030517578,0.08492738829970538,-734.5078651504391,0,223.77000427246094,0.0,0.0
2026-09-09,2026-09-09T14:55:00-04:00,open_before_orders,90485.39717966462,98883.29737192536,8397.900192260742,8397.900192260742,0.08492738829970538,0.08492738829970538,154.17452138519283,308349.04277038574,-0.011631635693660325,0,1766.4749755859375,0.0,-372.33541271971626,0,368.3699951171875,0.0,-9.859350204460497,63,133.3000030517578,0.08492738829970538,-734.5078651504391,0,223.76499938964844,0.0,0.0
2026-09-09,2026-09-09T15:00:00-04:00,bar_close,90485.39717966462,98886.76191049958,8401.364730834961,8401.364730834961,0.08495944824686308,0.08495944824686308,154.17452138519283,308349.04277038574,-0.011597006586271275,0,1759.2900390625,0.0,-372.33541271971626,0,369.04998779296875,0.0,-9.859350204460497,63,133.35499572753906,0.08495944824686308,-731.0433265762204,0,223.6699981689453,0.0,0.0
2026-09-09,2026-09-09T15:00:00-04:00,open_before_orders,90485.39717966462,98886.76191049958,8401.364730834961,8401.364730834961,0.08495944824686308,0.08495944824686308,154.17452138519283,308349.04277038574,-0.011597006586271275,0,1759.5350341796875,0.0,-372.33541271971626,0,369.0159912109375,0.0,-9.859350204460497,63,133.35499572753906,0.08495944824686308,-731.0433265762204,0,223.6750030517578,0.0,0.0
2026-09-09,2026-09-09T15:00:00-04:00,after_fill,90618.6854978943,98886.69523300172,8268.009735107422,8268.009735107422,0.08361094195357553,0.08361094195357553,154.2411988830566,308482.3977661133,-0.011597673047961443,0,1759.5350341796875,0.0,-372.33541271971626,0,369.0159912109375,0.0,-9.859350204460497,62,133.35499572753906,0.08361094195357553,-731.1100040740839,0,223.6750030517578,0.0,0.0
2026-09-09,2026-09-09T15:05:00-04:00,bar_close,90618.6854978943,98876.46564926149,8257.780151367188,8257.780151367188,0.08351613396720219,0.08351613396720219,154.2411988830566,308482.3977661133,-0.011699920821019005,0,1747.510009765625,0.0,-372.33541271971626,0,368.9700012207031,0.0,-9.859350204460497,62,133.19000244140625,0.08351613396720219,-741.3395878143183,0,223.5885009765625,0.0,0.0
2026-09-09,2026-09-09T15:05:00-04:00,open_before_orders,90618.6854978943,98876.77595199586,8258.090454101562,8258.090454101562,0.08351901014764904,0.08351901014764904,154.2411988830566,308482.3977661133,-0.011696819251652224,0,1748.199951171875,0.0,-372.33541271971626,0,368.9200134277344,0.0,-9.859350204460497,62,133.19500732421875,0.08351901014764904,-741.0292850799433,0,223.5800018310547,0.0,0.0
2026-09-09,2026-09-09T15:10:00-04:00,bar_close,90618.6854978943,98880.80515731813,8262.119659423828,8262.119659423828,0.08355635501024591,0.08355635501024591,154.2411988830566,308482.3977661133,-0.011656546129905077,0,1748.780029296875,0.0,-372.33541271971626,0,368.93499755859375,0.0,-9.859350204460497,62,133.25999450683594,0.08355635501024591,-737.0000797576777,0,223.97000122070312,0.0,0.0
2026-09-09,2026-09-09T15:10:00-04:00,open_before_orders,90618.6854978943,98882.04542221071,8263.359924316406,8263.359924316406,0.08356784984607837,0.08356784984607837,154.2411988830566,308482.3977661133,-0.011644149308442153,0,1748.780029296875,0.0,-372.33541271971626,0,368.93499755859375,0.0,-9.859350204460497,62,133.27999877929688,0.08356784984607837,-735.7598148650995,0,223.97000122070312,0.0,0.0
2026-09-09,2026-09-09T15:15:00-04:00,bar_close,90618.6854978943,98914.59504379274,8295.909545898438,8295.909545898438,0.08386941828175676,0.08386941828175676,154.2411988830566,308482.3977661133,-0.01131880602907287,0,1748.030029296875,0.0,-372.33541271971626,0,369.5,0.0,-9.859350204460497,62,133.80499267578125,0.08386941828175676,-703.2101932830683,0,223.62010192871094,0.0,0.0
2026-09-09,2026-09-09T15:15:00-04:00,open_before_orders,90618.6854978943,98911.81177963258,8293.126281738281,8293.126281738281,0.08384363942513445,0.08384363942513445,154.2411988830566,308482.3977661133,-0.011346625593332216,0,1748.0,0.0,-372.33541271971626,0,369.489990234375,0.0,-9.859350204460497,62,133.76010131835938,0.08384363942513445,-705.9934574432245,0,223.625,0.0,0.0
2026-09-09,2026-09-09T15:20:00-04:00,bar_close,90618.6854978943,98914.05012191774,8295.364624023438,8295.364624023438,0.08386437127788098,0.08386437127788098,154.2411988830566,308482.3977661133,-0.011324252687473058,0,1756.949951171875,0.0,-372.33541271971626,0,369.355712890625,0.0,-9.859350204460497,62,133.79620361328125,0.08386437127788098,-703.7551151580683,0,224.22500610351562,0.0,0.0
2026-09-09,2026-09-09T15:20:00-04:00,open_before_orders,90618.6854978943,98911.21671737672,8292.531219482422,8292.531219482422,0.08383812771383682,0.08383812771383682,154.2411988830566,308482.3977661133,-0.011352573419953216,0,1756.8699951171875,0.0,-372.33541271971626,0,369.3500061035156,0.0,-9.859350204460497,62,133.75050354003906,0.08383812771383682,-706.5885196990839,0,224.22500610351562,0.0,0.0
2026-09-09,2026-09-09T15:25:00-04:00,bar_close,90618.6854978943,98959.54542221071,8340.859924316406,8340.859924316406,0.08428555212870212,0.08428555212870212,154.2411988830566,308482.3977661133,-0.010869513447082868,0,1753.4200439453125,0.0,-372.33541271971626,0,369.1600036621094,0.0,-9.859350204460497,62,134.52999877929688,0.08428555212870212,-658.2598148650995,0,224.22900390625,0.0,0.0
2026-09-09,2026-09-09T15:25:00-04:00,open_before_orders,90618.6854978943,98959.83112777711,8341.145629882812,8341.145629882812,0.08428819587528105,0.08428819587528105,154.2411988830566,308482.3977661133,-0.010866657733824447,0,1753.0699462890625,0.0,-372.33541271971626,0,369.1199951171875,0.0,-9.859350204460497,62,134.53460693359375,0.08428819587528105,-657.9741092986933,0,224.22500610351562,0.0,0.0
2026-09-09,2026-09-09T15:25:00-04:00,after_fill,90753.15283752442,98959.76386047364,8206.611022949219,8206.611022949219,0.08292876521532497,0.08292876521532497,154.3084661865234,308616.9323730469,-0.010867330090799543,0,1753.0699462890625,0.0,-372.33541271971626,0,369.1199951171875,0.0,-9.859350204460497,61,134.53460693359375,0.08292876521532497,-658.0413766021593,0,224.22500610351562,0.0,0.0
2026-09-09,2026-09-09T15:30:00-04:00,bar_close,90753.15283752442,98951.55246520997,8198.399627685547,8198.399627685547,0.08285266297937056,0.08285266297937056,154.3084661865234,308616.9323730469,-0.010949405461677442,0,1751.5,0.0,-372.33541271971626,0,368.9200134277344,0.0,-9.859350204460497,61,134.39999389648438,0.08285266297937056,-666.2527718658312,0,224.13499450683594,0.0,0.0
2026-09-09,2026-09-09T15:30:00-04:00,open_before_orders,90753.15283752442,98949.1193902588,8195.966552734375,8195.966552734375,0.08283011110396238,0.08283011110396238,154.3084661865234,308616.9323730469,-0.010973724779232863,0,1751.5,0.0,-372.33541271971626,0,368.9110107421875,0.0,-9.859350204460497,61,134.360107421875,0.08283011110396238,-668.685846817003,0,224.13999938964844,0.0,0.0
2026-09-09,2026-09-09T15:35:00-04:00,bar_close,90753.15283752442,98977.17328430177,8224.020446777344,8224.020446777344,0.0830900719214792,0.0830900719214792,154.3084661865234,308616.9323730469,-0.01069331765179482,0,1757.260009765625,0.0,-372.33541271971626,0,369.1000061035156,0.0,-9.859350204460497,61,134.82000732421875,0.0830900719214792,-640.6319527740343,0,223.8800048828125,0.0,0.0
2026-09-09,2026-09-09T15:35:00-04:00,open_before_orders,90753.15283752442,98979.61287475587,8226.460037231445,8226.460037231445,0.08311267137042473,0.08311267137042473,154.3084661865234,308616.9323730469,-0.010668933209823428,0,1757.487060546875,0.0,-372.33541271971626,0,369.0849914550781,0.0,-9.859350204460497,61,134.86000061035156,0.08311267137042473,-638.1923623199327,0,223.875,0.0,0.0
2026-09-09,2026-09-09T15:40:00-04:00,bar_close,90753.15283752442,98922.88239074708,8169.729553222656,8169.729553222656,0.0825868530695667,0.0825868530695667,154.3084661865234,308616.9323730469,-0.011235971498152142,0,1758.4649658203125,0.0,-372.33541271971626,0,369.1400146484375,0.0,-9.859350204460497,61,133.92999267578125,0.0825868530695667,-694.9228463287218,0,223.8300018310547,0.0,0.0
2026-09-09,2026-09-09T15:40:00-04:00,open_before_orders,90753.15283752442,98924.71324707032,8171.560409545898,8171.560409545898,0.08260383216008868,0.08260383216008868,154.3084661865234,308616.9323730469,-0.011217671537313678,0,1757.9200439453125,0.0,-372.33541271971626,0,369.1549987792969,0.0,-9.859350204460497,61,133.9600067138672,0.08260383216008868,-693.0919900054796,0,223.8249969482422,0.0,0.0
2026-09-09,2026-09-09T15:40:00-04:00,after_fill,96108.87390594484,98922.03404693605,2813.160140991211,2813.160140991211,0.02843815503891111,0.02843815503891111,156.98766632080074,313975.33264160156,-0.011244450950265494,0,1757.9200439453125,0.0,-372.33541271971626,0,369.1549987792969,0.0,-9.859350204460497,21,133.9600067138672,0.02843815503891111,-695.7711901397561,0,223.8249969482422,0.0,0.0
2026-09-09,2026-09-09T15:45:00-04:00,bar_close,96108.87390594484,98911.53404693605,2802.660140991211,2802.660140991211,0.028335018438408577,0.028335018438408577,156.98766632080074,313975.33264160156,-0.011349401615352916,0,1762.6700439453125,0.0,-372.33541271971626,0,368.70001220703125,0.0,-9.859350204460497,21,133.4600067138672,0.028335018438408577,-706.2711901397561,0,223.83680725097656,0.0,0.0
2026-09-09,2026-09-09T15:45:00-04:00,open_before_orders,96108.87390594484,98911.11395721437,2802.2400512695312,2802.2400512695312,0.02833089163753313,0.02833089163753313,156.98766632080074,313975.33264160156,-0.011353600538751563,0,1763.4090576171875,0.0,-372.33541271971626,0,368.70001220703125,0.0,-9.859350204460497,21,133.44000244140625,0.02833089163753313,-706.6912798614358,0,223.82000732421875,0.0,0.0
2026-09-09,2026-09-09T15:50:00-04:00,bar_close,96108.87390594484,98916.78404693605,2807.910140991211,2807.910140991211,0.028386589475643046,0.028386589475643046,156.98766632080074,313975.33264160156,-0.011296926282809205,0,1759.0799560546875,0.0,-372.33541271971626,0,369.0899963378906,0.0,-9.859350204460497,21,133.7100067138672,0.028386589475643046,-701.0211901397561,0,223.92100524902344,0.0,0.0
2026-09-09,2026-09-09T15:50:00-04:00,open_before_orders,96108.87390594484,98916.15375213625,2807.2798461914062,2807.2798461914062,0.028380398344499708,0.028380398344499708,156.98766632080074,313975.33264160156,-0.011303226269327338,0,1760.0,0.0,-372.33541271971626,0,369.1099853515625,0.0,-9.859350204460497,21,133.67999267578125,0.028380398344499708,-701.6514849395608,0,223.91000366210938,0.0,0.0
2026-09-09,2026-09-09T15:50:00-04:00,after_fill,96242.48705862429,98916.08691213992,2673.599853515625,2673.599853515625,0.027028969068402315,0.027028969068402315,157.05450631713865,314109.01263427734,-0.011303894355238708,0,1760.0,0.0,-372.33541271971626,0,369.1099853515625,0.0,-9.859350204460497,20,133.67999267578125,0.027028969068402315,-701.7183249358986,0,223.91000366210938,0.0,0.0
2026-09-09,2026-09-09T15:55:00-04:00,bar_close,96242.48705862429,98908.48711965945,2666.0000610351562,2666.0000610351562,0.026954209276397387,0.026954209276397387,157.05450631713865,314109.01263427734,-0.011379856571938851,0,1763.9000244140625,0.0,-372.33541271971626,0,367.989990234375,0.0,-9.859350204460497,20,133.3000030517578,0.026954209276397387,-709.3181174163674,0,223.75999450683594,0.0,0.0
2026-09-09,2026-09-09T15:55:00-04:00,open_before_orders,96242.48705862429,98908.08703421023,2665.5999755859375,2665.5999755859375,0.02695027328416495,0.02695027328416495,157.05450631713865,314109.01263427734,-0.01138385554660426,0,1764.25,0.0,-372.33541271971626,0,367.9800109863281,0.0,-9.859350204460497,20,133.27999877929688,0.02695027328416495,-709.7182028655861,0,223.77000427246094,0.0,0.0
2026-09-09,2026-09-09T15:55:00-04:00,after_fill,98906.75423422243,98906.75423422243,0.0,0.0,0.0,0.0,158.38730630493163,316774.6126098633,-0.011397177284237392,0,1764.25,0.0,-372.33541271971626,0,367.9800109863281,0.0,-9.859350204460497,0,133.27999877929688,0.0,-711.051002853379,0,223.77000427246094,0.0,0.0
2026-09-09,2026-09-09T16:00:00-04:00,bar_close,98906.75423422243,98906.75423422243,0.0,0.0,0.0,0.0,158.38730630493163,316774.6126098633,-0.011397177284237392,0,1763.75,0.0,-372.33541271971626,0,367.79998779296875,0.0,-9.859350204460497,0,132.69000244140625,0.0,-711.051002853379,0,223.6999969482422,0.0,0.0
2026-09-10,2026-09-10T09:30:00-04:00,open_before_orders,98906.75423422243,98906.75423422243,0.0,0.0,0.0,0.0,158.38730630493163,316774.6126098633,-0.011397177284237392,0,1724.5999755859375,0.0,-372.33541271971626,0,360.3999938964844,0.0,-9.859350204460497,0,128.04010009765625,0.0,-711.051002853379,0,220.48500061035156,0.0,0.0
2026-09-10,2026-09-10T09:35:00-04:00,bar_close,98906.75423422243,98906.75423422243,0.0,0.0,0.0,0.0,158.38730630493163,316774.6126098633,-0.011397177284237392,0,1692.52001953125,0.0,-372.33541271971626,0,360.0799865722656,0.0,-9.859350204460497,0,128.64999389648438,0.0,-711.051002853379,0,218.8000030517578,0.0,0.0
2026-09-10,2026-09-10T09:35:00-04:00,open_before_orders,98906.75423422243,98906.75423422243,0.0,0.0,0.0,0.0,158.38730630493163,316774.6126098633,-0.011397177284237392,0,1692.4000244140625,0.0,-372.33541271971626,0,360.0799865722656,0.0,-9.859350204460497,0,128.6999969482422,0.0,-711.051002853379,0,218.7899932861328,0.0,0.0
2026-09-10,2026-09-10T09:35:00-04:00,after_fill,146270.2613174744,98883.06063388064,47387.20068359375,-47387.20068359375,0.4792246556672348,-0.4792246556672348,182.0809066467285,364161.81329345703,-0.011634001961778884,-28,1692.4000244140625,-0.4792246556672348,-396.02901306151034,0,360.0799865722656,0.0,-9.859350204460497,0,128.6999969482422,0.0,-711.051002853379,0,218.7899932861328,0.0,0.0
2026-09-10,2026-09-10T09:35:00-04:00,after_fill,99786.33206970981,98859.83028443149,93847.89958190918,-926.5017852783203,0.9493026572258683,-0.009371873111785287,205.31125609588622,410622.51219177246,-0.01186619630700747,-28,1692.4000244140625,-0.4793372651688268,-396.02901306151034,0,360.0799865722656,0.0,-9.859350204460497,361,128.6999969482422,0.4699653920570415,-734.2813523025397,0,218.7899932861328,0.0,0.0
2026-09-10,2026-09-10T09:40:00-04:00,bar_close,99786.33206970981,98796.5310290604,94589.88059997559,-989.8010406494141,0.9574210715166968,-0.010018580919185009,205.31125609588622,410622.51219177246,-0.012498891445172466,-28,1706.780029296875,-0.4837198262179409,-798.6691497802603,0,362.68499755859375,0.0,-9.859350204460497,361,129.63999938964844,0.4737012452987559,-394.9404709548835,0,219.0281982421875,0.0,0.0
2026-09-10,2026-09-10T09:40:00-04:00,open_before_orders,99786.33206970981,98805.65024597934,94609.63653564453,-980.6818237304688,0.9575326542572341,-0.009925361771204731,205.31125609588622,410622.51219177246,-0.012407742123199172,-28,1706.969970703125,-0.4837290080142194,-803.9875091552603,0,362.64691162109375,0.0,-9.859350204460497,361,129.67999267578125,0.4738036462430147,-380.5028946609382,0,219.02000427246094,0.0,0.0
2026-09-10,2026-09-10T09:40:00-04:00,after_fill,51967.275310432466,98781.7526663895,46814.47735595703,46814.47735595703,0.4739182702503887,0.4739182702503887,229.20883568572998,458417.67137145996,-0.012646605634811792,0,1706.969970703125,0.0,-827.8850887451044,0,362.64691162109375,0.0,-9.859350204460497,361,129.67999267578125,0.4739182702503887,-380.5028946609382,0,219.02000427246094,0.0,0.0
2026-09-10,2026-09-10T09:45:00-04:00,bar_close,51967.275310432466,98608.4742087479,46641.19889831543,46641.19889831543,0.4729938199791933,0.4729938199791933,229.20883568572998,458417.67137145996,-0.014378576051459535,0,1704.5150146484375,0.0,-827.8850887451044,0,365.31500244140625,0.0,-9.859350204460497,361,129.1999969482422,0.4729938199791933,-553.7813523025397,0,218.30499267578125,0.0,0.0
2026-09-10,2026-09-10T09:45:00-04:00,open_before_orders,51967.275310432466,98633.74685279086,46666.4715423584,46666.4715423584,0.47312885327176396,0.47312885327176396,229.20883568572998,458417.67137145996,-0.01412596835614277,0,1705.030029296875,0.0,-827.8850887451044,0,365.3894958496094,0.0,-9.859350204460497,361,129.27000427246094,0.47312885327176396,-528.508708259571,0,218.30999755859375,0.0,0.0
2026-09-10,2026-09-10T09:45:00-04:00,after_fill,52096.48067970279,98633.68221778874,46537.20153808594,46537.20153808594,0.4718185562141862,0.4718185562141862,229.27347068786622,458546.9413757324,-0.014126614402472426,0,1705.030029296875,0.0,-827.8850887451044,0,365.3894958496094,0.0,-9.859350204460497,360,129.27000427246094,0.4718185562141862,-528.5733432617053,0,218.30999755859375,0.0,0.0
2026-09-10,2026-09-10T09:50:00-04:00,bar_close,52096.48067970279,98959.48177833561,46863.00109863281,46863.00109863281,0.4735574626755184,0.4735574626755184,229.27347068786622,458546.9413757324,-0.010870149586799105,0,1703.969970703125,0.0,-827.8850887451044,0,366.3039855957031,0.0,-9.859350204460497,360,130.1750030517578,0.4735574626755184,-202.7737827148303,0,218.64999389648438,0.0,0.0
2026-09-10,2026-09-10T09:50:00-04:00,open_before_orders,52096.48067970279,98936.1193515778,46839.638671875,46839.638671875,0.47343315038895367,0.47343315038895367,229.27347068786622,458546.9413757324,-0.011103664084540776,0,1703.625,0.0,-827.8850887451044,0,366.3699951171875,0.0,-9.859350204460497,360,130.110107421875,0.47343315038895367,-226.1362094726428,0,218.66000366210938,0.0,0.0
2026-09-10,2026-09-10T09:55:00-04:00,bar_close,52096.48067970279,98914.48177833561,46818.00109863281,46818.00109863281,0.47331796372901747,0.47331796372901747,229.27347068786622,458546.9413757324,-0.011319938151459263,0,1695.68505859375,0.0,-827.8850887451044,0,366.31500244140625,0.0,-9.859350204460497,360,130.0500030517578,0.47331796372901747,-247.7737827148303,0,217.5699005126953,0.0,0.0
2026-09-10,2026-09-10T09:55:00-04:00,open_before_orders,52096.48067970279,98932.48287696842,46836.002197265625,46836.002197265625,0.4734137953002804,0.4734137953002804,229.27347068786622,458546.9413757324,-0.011140011744429024,0,1694.5814208984375,0.0,-827.8850887451044,0,366.3800048828125,0.0,-9.859350204460497,360,130.10000610351562,0.4734137953002804,-229.7726840820178,0,217.5959930419922,0.0,0.0
2026-09-10,2026-09-10T10:00:00-04:00,bar_close,52096.48067970279,99047.68002052311,46951.19934082031,46951.19934082031,0.4740262399996832,0.4740262399996832,229.27347068786622,458546.9413757324,-0.009988581569930877,0,1690.550048828125,0.0,-827.8850887451044,0,366.07000732421875,0.0,-9.859350204460497,360,130.4199981689453,0.4740262399996832,-114.5755405273303,0,217.3769989013672,0.0,0.0
2026-09-10,2026-09-10T10:00:00-04:00,open_before_orders,52096.48067970279,99094.48177833561,46998.00109863281,46998.00109863281,0.4742746544026802,0.4742746544026802,229.27347068786622,458546.9413757324,-0.009520783892818518,0,1690.0,0.0,-827.8850887451044,0,366.1400146484375,0.0,-9.859350204460497,360,130.5500030517578,0.4742746544026802,-67.7737827148303,0,217.39999389648438,0.0,0.0
2026-09-10,2026-09-10T10:00:00-04:00,after_fill,58620.71708221439,99091.21802825932,40470.50094604492,40470.50094604492,0.4084166261282947,0.4084166261282947,232.53722076416017,465074.4415283203,-0.009553406058645741,0,1690.0,0.0,-827.8850887451044,0,366.1400146484375,0.0,-9.859350204460497,310,130.5500030517578,0.4084166261282947,-71.03753279112425,0,217.39999389648438,0.0,0.0
2026-09-10,2026-09-10T10:05:00-04:00,bar_close,58620.71708221439,99370.21613616947,40749.49905395508,40749.49905395508,0.4100775930497628,0.4100775930497628,232.53722076416017,465074.4415283203,-0.006764735869760896,0,1698.780029296875,0.0,-827.8850887451044,0,368.3399963378906,0.0,-9.859350204460497,310,131.4499969482422,0.4100775930497628,207.960575119032,0,218.1999969482422,0.0,0.0
2026-09-10,2026-09-10T10:05:00-04:00,open_before_orders,58620.71708221439,99376.41746063236,40755.70037841797,40755.70037841797,0.4101144056089887,0.4101144056089887,232.53722076416017,465074.4415283203,-0.00670275176244628,0,1698.0,0.0,-827.8850887451044,0,368.3699951171875,0.0,-9.859350204460497,310,131.47000122070312,0.4101144056089887,214.16189958192263,0,218.19000244140625,0.0,0.0
2026-09-10,2026-09-10T10:05:00-04:00,after_fill,58752.121348434484,99376.35172563174,40624.230377197266,40624.230377197266,0.4087917263189208,0.4087917263189208,232.6029557647705,465205.911529541,-0.006703408803592548,0,1698.0,0.0,-827.8850887451044,0,368.3699951171875,0.0,-9.859350204460497,309,131.47000122070312,0.4087917263189208,214.09616458131495,0,218.19000244140625,0.0,0.0
2026-09-10,2026-09-10T10:10:00-04:00,bar_close,58752.121348434484,99053.44729142764,40301.325942993164,40301.325942993164,0.4068644458624607,0.4068644458624607,232.6029557647705,465205.911529541,-0.009930935958771925,0,1697.5,0.0,-827.8850887451044,0,367.1700134277344,0.0,-9.859350204460497,309,130.4250030517578,0.4068644458624607,-108.80826962278661,0,218.1999969482422,0.0,0.0
2026-09-10,2026-09-10T10:10:00-04:00,open_before_orders,58752.121348434484,99061.20341020206,40309.08206176758,40309.08206176758,0.4069108861402773,0.4069108861402773,232.6029557647705,465205.911529541,-0.009853411213641361,0,1697.5,0.0,-827.8850887451044,0,367.1300048828125,0.0,-9.859350204460497,309,130.45010375976562,0.4069108861402773,-101.05215084837255,0,218.19520568847656,0.0,0.0
2026-09-10,2026-09-10T10:10:00-04:00,after_fill,69313.29652377323,99055.92018099979,29742.623657226562,29742.623657226562,0.3002609395064868,0.3002609395064868,237.88618496704103,475772.36993408203,-0.009906218682078194,0,1697.5,0.0,-827.8850887451044,0,367.1300048828125,0.0,-9.859350204460497,228,130.45010375976562,0.3002609395064868,-106.33538005064474,0,218.19520568847656,0.0,0.0
2026-09-10,2026-09-10T10:15:00-04:00,bar_close,69313.29652377323,98998.89582797245,29685.59930419922,29685.59930419922,0.2998578828170269,0.2998578828170269,237.88618496704103,475772.36993408203,-0.010476194279830264,0,1692.844970703125,0.0,-827.8850887451044,0,365.82000732421875,0.0,-9.859350204460497,228,130.1999969482422,0.2998578828170269,-163.3597330779885,0,217.99000549316406,0.0,0.0
2026-09-10,2026-09-10T10:15:00-04:00,open_before_orders,69313.29652377323,98989.77735873417,29676.480834960938,29676.480834960938,0.2997933890427373,0.2997933890427373,237.88618496704103,475772.36993408203,-0.010567336128509908,0,1692.0450439453125,0.0,-827.8850887451044,0,365.8349914550781,0.0,-9.859350204460497,228,130.16000366210938,0.2997933890427373,-172.47820231626974,0,217.97999572753906,0.0,0.0
2026-09-10,2026-09-10T10:20:00-04:00,bar_close,69313.29652377323,98848.41499301151,29535.11846923828,29535.11846923828,0.29879202889926343,0.29879202889926343,237.88618496704103,475772.36993408203,-0.011980295585740208,0,1691.7900390625,0.0,-827.8850887451044,0,365.4549865722656,0.0,-9.859350204460497,228,129.5399932861328,0.29879202889926343,-313.840568038926,0,218.1898956298828,0.0,0.0
2026-09-10,2026-09-10T10:20:00-04:00,open_before_orders,69313.29652377323,98848.41499301151,29535.11846923828,29535.11846923828,0.29879202889926343,0.29879202889926343,237.88618496704103,475772.36993408203,-0.011980295585740208,0,1690.375,0.0,-827.8850887451044,0,365.4549865722656,0.0,-9.859350204460497,228,129.5399932861328,0.29879202889926343,-313.840568038926,0,218.1750030517578,0.0,0.0
2026-09-10,2026-09-10T10:20:00-04:00,after_fill,73844.92933890536,98846.148043129,25001.218704223633,25001.218704223633,0.25293063209013456,0.25293063209013456,240.15313484954837,480306.2696990967,-0.012002954433158242,0,1690.375,0.0,-827.8850887451044,0,365.4549865722656,0.0,-9.859350204460497,193,129.5399932861328,0.25293063209013456,-316.1075179214313,0,218.1750030517578,0.0,0.0
2026-09-10,2026-09-10T10:25:00-04:00,bar_close,73844.92933890536,99056.52028128818,25211.590942382812,25211.590942382812,0.254517227849213,0.254517227849213,240.15313484954837,480306.2696990967,-0.009900220498803347,0,1704.8699951171875,0.0,-827.8850887451044,0,366.69000244140625,0.0,-9.859350204460497,193,130.6300048828125,0.254517227849213,-105.7352797622516,0,218.82040405273438,0.0,0.0
2026-09-10,2026-09-10T10:25:00-04:00,open_before_orders,73844.92933890536,99060.37816092685,25215.448822021484,25215.448822021484,0.2545462604741742,0.2545462604741742,240.15313484954837,480306.2696990967,-0.009861659828907632,0,1704.27001953125,0.0,-827.8850887451044,0,366.69000244140625,0.0,-9.859350204460497,193,130.64999389648438,0.2545462604741742,-101.87740012357972,0,218.80499267578125,0.0,0.0
2026-09-10,2026-09-10T10:30:00-04:00,bar_close,73844.92933890536,99005.37539908603,25160.446060180664,25160.446060180664,0.2541321211980671,0.2541321211980671,240.15313484954837,480306.2696990967,-0.010411429013368223,0,1707.6488037109375,0.0,-827.8850887451044,0,366.2998962402344,0.0,-9.859350204460497,193,130.36500549316406,0.2541321211980671,-156.88016196440003,0,218.22999572753906,0.0,0.0
2026-09-10,2026-09-10T10:30:00-04:00,open_before_orders,73844.92933890536,98987.04016349032,25142.11082458496,25142.11082458496,0.2539939650994656,0.2539939650994656,240.15313484954837,480306.2696990967,-0.010594695220063732,0,1707.71826171875,0.0,-827.8850887451044,0,366.2449951171875,0.0,-9.859350204460497,193,130.27000427246094,0.2539939650994656,-175.21539756010316,0,218.22999572753906,0.0,0.0
2026-09-10,2026-09-10T10:30:00-04:00,after_fill,73975.13420817569,98986.97502848819,25011.8408203125,25011.8408203125,0.25267810045830935,0.25267810045830935,240.2182698516846,480436.53970336914,-0.010595346264044125,0,1707.71826171875,0.0,-827.8850887451044,0,366.2449951171875,0.0,-9.859350204460497,192,130.27000427246094,0.25267810045830935,-175.2805325622394,0,218.22999572753906,0.0,0.0
2026-09-10,2026-09-10T10:35:00-04:00,bar_close,73975.13420817569,99020.57561442569,25045.44140625,25045.44140625,0.2529316887004774,0.2529316887004774,240.2182698516846,480436.53970336914,-0.010259498279142631,0,1703.699951171875,0.0,-827.8850887451044,0,367.2694091796875,0.0,-9.859350204460497,192,130.44500732421875,0.2529316887004774,-141.6799466247394,0,217.97999572753906,0.0,0.0
2026-09-10,2026-09-10T10:35:00-04:00,open_before_orders,73975.13420817569,99033.05315348819,25057.9189453125,25057.9189453125,0.2530258145881459,0.2530258145881459,240.2182698516846,480436.53970336914,-0.01013478151502234,0,1703.7349853515625,0.0,-827.8850887451044,0,367.2900085449219,0.0,-9.859350204460497,192,130.50999450683594,0.2530258145881459,-129.2024075622394,0,217.97999572753906,0.0,0.0
2026-09-10,2026-09-10T10:35:00-04:00,after_fill,74105.57894768527,99032.98789849093,24927.408950805664,24927.408950805664,0.2517081376597091,0.2517081376597091,240.28352484893801,480567.049697876,-0.010135433758390211,0,1703.7349853515625,0.0,-827.8850887451044,0,367.2900085449219,0.0,-9.859350204460497,191,130.50999450683594,0.2517081376597091,-129.26766255949406,0,217.97999572753906,0.0,0.0
2026-09-10,2026-09-10T10:40:00-04:00,bar_close,74105.57894768527,99096.03864922335,24990.459701538086,24990.459701538086,0.25218424512405013,0.25218424512405013,240.28352484893801,480567.049697876,-0.009505222498997212,0,1701.1199951171875,0.0,-827.8850887451044,0,368.67999267578125,0.0,-9.859350204460497,191,130.84010314941406,0.25218424512405013,-66.21691182707218,0,218.3300018310547,0.0,0.0
2026-09-10,2026-09-10T10:40:00-04:00,open_before_orders,74105.57894768527,99097.93011345675,24992.351165771484,24992.351165771484,0.25219851854784314,0.25219851854784314,240.28352484893801,480567.049697876,-0.009486316743827272,0,1700.808349609375,0.0,-827.8850887451044,0,368.739990234375,0.0,-9.859350204460497,191,130.85000610351562,0.25219851854784314,-64.32544759367374,0,218.33999633789062,0.0,0.0
2026-09-10,2026-09-10T10:45:00-04:00,bar_close,74105.57894768527,99097.93011345675,24992.351165771484,24992.351165771484,0.25219851854784314,0.25219851854784314,240.28352484893801,480567.049697876,-0.009486316743827272,0,1696.81005859375,0.0,-827.8850887451044,0,368.6000061035156,0.0,-9.859350204460497,191,130.85000610351562,0.25219851854784314,-64.32544759367374,0,218.3300018310547,0.0,0.0
2026-09-10,2026-09-10T10:45:00-04:00,open_before_orders,74105.57894768527,99105.56883110812,24999.98988342285,24999.98988342285,0.2522561565236245,0.2522561565236245,240.28352484893801,480567.049697876,-0.00940996545831052,0,1696.4200439453125,0.0,-827.8850887451044,0,368.6199951171875,0.0,-9.859350204460497,191,130.88999938964844,0.2522561565236245,-56.686729942306556,0,218.32000732421875,0.0,0.0
2026-09-10,2026-09-10T10:50:00-04:00,bar_close,74105.57894768527,99202.97778191378,25097.398834228516,25097.398834228516,0.25299037786347733,0.25299037786347733,240.28352484893801,480567.049697876,-0.008436333632356519,0,1694.7950439453125,0.0,-827.8850887451044,0,367.8599853515625,0.0,-9.859350204460497,191,131.39999389648438,0.25299037786347733,40.72222086335751,0,218.02999877929688,0.0,0.0
2026-09-10,2026-09-10T10:50:00-04:00,open_before_orders,74105.57894768527,99211.57534661105,25105.99639892578,25105.99639892578,0.2530551128859116,0.2530551128859116,240.28352484893801,480567.049697876,-0.008350398381584134,0,1695.0250244140625,0.0,-827.8850887451044,0,367.8711853027344,0.0,-9.859350204460497,191,131.44500732421875,0.2530551128859116,49.31978556062313,0,218.0218963623047,0.0,0.0
2026-09-10,2026-09-10T10:50:00-04:00,after_fill,74236.95823250583,99211.50962410739,24974.551391601562,24974.551391601562,0.2517303837652018,0.2517303837652018,240.34924735260012,480698.4947052002,-0.008351055297819321,0,1695.0250244140625,0.0,-827.8850887451044,0,367.8711853027344,0.0,-9.859350204460497,190,131.44500732421875,0.2517303837652018,49.25406305696015,0,218.0218963623047,0.0,0.0
2026-09-10,2026-09-10T10:55:00-04:00,bar_close,74236.95823250583,99252.35892830661,25015.40069580078,25015.40069580078,0.25203834917284196,0.25203834917284196,240.34924735260012,480698.4947052002,-0.007942754188860812,0,1695.2049560546875,0.0,-827.8850887451044,0,367.6199951171875,0.0,-9.859350204460497,190,131.66000366210938,0.25203834917284196,90.1033672561789,0,217.98500061035156,0.0,0.0
2026-09-10,2026-09-10T10:55:00-04:00,open_before_orders,74236.95823250583,99269.45823250583,25032.5,25032.5,0.25216718662219006,0.25216718662219006,240.34924735260012,480698.4947052002,-0.00777184148902843,0,1696.0,0.0,-827.8850887451044,0,367.760009765625,0.0,-9.859350204460497,190,131.75,0.25216718662219006,107.20267145539765,0,218.0,0.0,0.0
2026-09-10,2026-09-10T10:55:00-04:00,after_fill,74368.64235750583,99269.39235750583,24900.75,24900.75,0.25084015736011744,0.25084015736011744,240.41512235260012,480830.2447052002,-0.007772499929510679,0,1696.0,0.0,-827.8850887451044,0,367.760009765625,0.0,-9.859350204460497,189,131.75,0.25084015736011744,107.13679645539742,0,218.0,0.0,0.0
2026-09-10,2026-09-10T11:00:00-04:00,bar_close,74368.64235750583,99225.92316500095,24857.280807495117,24857.280807495117,0.25051196315060137,0.25051196315060137,240.41512235260012,480830.2447052002,-0.008206987611815264,0,1692.780029296875,0.0,-827.8850887451044,0,367.6050109863281,0.0,-9.859350204460497,189,131.52000427246094,0.25051196315060137,63.667603950514604,0,218.14500427246094,0.0,0.0
2026-09-10,2026-09-10T11:00:00-04:00,open_before_orders,74368.64235750583,99220.25339571384,24851.611038208008,24851.611038208008,0.2504691349566898,0.2504691349566898,240.41512235260012,480830.2447052002,-0.008263658664917517,0,1692.8399658203125,0.0,-827.8850887451044,0,367.6000061035156,0.0,-9.859350204460497,189,131.49000549316406,0.2504691349566898,57.99783466340523,0,218.14999389648438,0.0,0.0
2026-09-10,2026-09-10T11:05:00-04:00,bar_close,74368.64235750583,99078.50339571384,24709.861038208008,24709.861038208008,0.24939679336412912,0.24939679336412912,240.41512235260012,480830.2447052002,-0.00968049264359716,0,1696.0799560546875,0.0,-827.8850887451044,0,365.4476013183594,0.0,-9.859350204460497,189,130.74000549316406,0.24939679336412912,-83.75216533659477,0,218.10499572753906,0.0,0.0
2026-09-10,2026-09-10T11:05:00-04:00,open_before_orders,74368.64235750583,99098.34758821872,24729.70523071289,24729.70523071289,0.24954709975056008,0.24954709975056008,240.41512235260012,480830.2447052002,-0.009482143957739164,0,1695.5281982421875,0.0,-827.8850887451044,0,365.4649963378906,0.0,-9.859350204460497,189,130.84500122070312,0.24954709975056008,-63.90797283171196,0,218.1300048828125,0.0,0.0
2026-09-10,2026-09-10T11:05:00-04:00,after_fill,74499.42193622592,99098.2821657181,24598.860229492188,24598.860229492188,0.24822690859924793,0.24822690859924793,240.48054485321046,480961.0897064209,-0.009482797875353555,0,1695.5281982421875,0.0,-827.8850887451044,0,365.4649963378906,0.0,-9.859350204460497,188,130.84500122070312,0.24822690859924793,-63.97339533232298,0,218.1300048828125,0.0,0.0
2026-09-10,2026-09-10T11:10:00-04:00,bar_close,74499.42193622592,99101.10205097201,24601.680114746094,24601.680114746094,0.24824830002488144,0.24824830002488144,240.48054485321046,480961.0897064209,-0.009454612272223328,0,1699.5716552734375,0.0,-827.8850887451044,0,365.9800109863281,0.0,-9.859350204460497,188,130.86000061035156,0.24824830002488144,-61.15351007841673,0,218.27000427246094,0.0,0.0
2026-09-10,2026-09-10T11:10:00-04:00,open_before_orders,74499.42193622592,99102.04296894076,24602.621032714844,24602.621032714844,0.24825543748301404,0.24825543748301404,240.48054485321046,480961.0897064209,-0.0094452075134982,0,1699.2900390625,0.0,-827.8850887451044,0,365.9800109863281,0.0,-9.859350204460497,188,130.86500549316406,0.24825543748301404,-60.21259210966673,0,218.27999877929688,0.0,0.0
2026-09-10,2026-09-10T11:10:00-04:00,after_fill,74630.22150921634,99101.97753643802,24471.75602722168,24471.75602722168,0.2469350928766669,0.2469350928766669,240.54597735595704,481091.95471191406,-0.009445861531086952,0,1699.2900390625,0.0,-827.8850887451044,0,365.9800109863281,0.0,-9.859350204460497,187,130.86500549316406,0.2469350928766669,-60.27802461241299,0,218.27999877929688,0.0,0.0
2026-09-10,2026-09-10T11:15:00-04:00,bar_close,74630.22150921634,99088.88616680911,24458.664657592773,24458.664657592773,0.24683559987159756,0.24683559987159756,240.54597735595704,481091.95471191406,-0.009576713716749619,0,1703.0999755859375,0.0,-827.8850887451044,0,366.3900146484375,0.0,-9.859350204460497,187,130.7949981689453,0.24683559987159756,-73.36939424131924,0,218.32989501953125,0.0,0.0
2026-09-10,2026-09-10T11:15:00-04:00,open_before_orders,74630.22150921634,99083.2763950806,24453.054885864258,24453.054885864258,0.24679295816138688,0.24679295816138688,240.54597735595704,481091.95471191406,-0.009632785076168271,0,1703.239990234375,0.0,-827.8850887451044,0,366.3999938964844,0.0,-9.859350204460497,187,130.76499938964844,0.24679295816138688,-78.97916596983487,0,218.32000732421875,0.0,0.0
2026-09-10,2026-09-10T11:20:00-04:00,bar_close,74630.22150921634,99042.13616680911,24411.914657592773,24411.914657592773,0.24648009021612427,0.24648009021612427,240.54597735595704,481091.95471191406,-0.010043994058924421,0,1695.385009765625,0.0,-827.8850887451044,0,365.8597106933594,0.0,-9.859350204460497,187,130.5449981689453,0.24648009021612427,-120.11939424131924,0,218.0050048828125,0.0,0.0
2026-09-10,2026-09-10T11:20:00-04:00,open_before_orders,74630.22150921634,99038.5095036011,24408.287994384766,24408.287994384766,0.24645249728336496,0.24645249728336496,240.54597735595704,481091.95471191406,-0.010080243650898546,0,1695.2900390625,0.0,-827.8850887451044,0,365.8599853515625,0.0,-9.859350204460497,187,130.52560424804688,0.24645249728336496,-123.74605744932705,0,217.99899291992188,0.0,0.0
2026-09-10,2026-09-10T11:25:00-04:00,bar_close,74630.22150921634,99012.21548199466,24381.99397277832,24381.99397277832,0.24625238263870763,0.24625238263870763,240.54597735595704,481091.95471191406,-0.010343060322843156,0,1694.4449462890625,0.0,-827.8850887451044,0,365.8583068847656,0.0,-9.859350204460497,187,130.38499450683594,0.24625238263870763,-150.04007905577237,0,218.0749969482422,0.0,0.0
2026-09-10,2026-09-10T11:25:00-04:00,open_before_orders,74630.22150921634,99001.93185162357,24371.710342407227,24371.710342407227,0.24617408859186365,0.24617408859186365,240.54597735595704,481091.95471191406,-0.01044584830826778,0,1694.76416015625,0.0,-827.8850887451044,0,365.80999755859375,0.0,-9.859350204460497,187,130.3300018310547,0.24617408859186365,-160.32370942686612,0,218.05999755859375,0.0,0.0
2026-09-10,2026-09-10T11:25:00-04:00,after_fill,74760.48634604648,99001.86668662266,24241.380340576172,24241.380340576172,0.24485781078561944,0.24485781078561944,240.61114235687256,481222.2847137451,-0.010446499652094987,0,1694.76416015625,0.0,-827.8850887451044,0,365.80999755859375,0.0,-9.859350204460497,186,130.3300018310547,0.24485781078561944,-160.38887442778287,0,218.05999755859375,0.0,0.0
2026-09-10,2026-09-10T11:30:00-04:00,bar_close,74760.48634604648,98985.127367775,24224.641021728516,24224.641021728516,0.24473010911753337,0.24473010911753337,240.61114235687256,481222.2847137451,-0.010613814189825654,0,1695.27001953125,0.0,-827.8850887451044,0,366.1600036621094,0.0,-9.859350204460497,186,130.24000549316406,0.24473010911753337,-177.12819327543912,0,218.14999389648438,0.0,0.0
2026-09-10,2026-09-10T11:30:00-04:00,open_before_orders,74760.48634604648,98989.7762325211,24229.28988647461,24229.28988647461,0.2447655789175788,0.2447655789175788,240.61114235687256,481222.2847137451,-0.010567347385349035,0,1694.780029296875,0.0,-827.8850887451044,0,366.0802917480469,0.0,-9.859350204460497,186,130.26499938964844,0.2447655789175788,-172.47932852934537,0,218.1436004638672,0.0,0.0
2026-09-10,2026-09-10T11:35:00-04:00,bar_close,74760.48634604648,99014.88521079258,24254.398864746094,24254.398864746094,0.24495709723958126,0.24495709723958126,240.61114235687256,481222.2847137451,-0.0103163755787532,0,1694.6300048828125,0.0,-827.8850887451044,0,365.3301086425781,0.0,-9.859350204460497,186,130.39999389648438,0.24495709723958126,-147.370350257861,0,218.4199981689453,0.0,0.0
2026-09-10,2026-09-10T11:35:00-04:00,open_before_orders,74760.48634604648,99017.67509726719,24257.188751220703,24257.188751220703,0.24497837105741319,0.24497837105741319,240.61114235687256,481222.2847137451,-0.010288489822464775,0,1694.5699462890625,0.0,-827.8850887451044,0,365.44000244140625,0.0,-9.859350204460497,186,130.4149932861328,0.24497837105741319,-144.58046378325162,0,218.4199981689453,0.0,0.0
2026-09-10,2026-09-10T11:40:00-04:00,bar_close,74760.48634604648,99065.10600547031,24304.619659423828,24304.619659423828,0.24533986425131107,0.24533986425131107,240.61114235687256,481222.2847137451,-0.009814403597548926,0,1696.4649658203125,0.0,-827.8850887451044,0,365.9800109863281,0.0,-9.859350204460497,186,130.6699981689453,0.24533986425131107,-97.14955558012662,0,218.5850067138672,0.0,0.0
2026-09-10,2026-09-10T11:40:00-04:00,open_before_orders,74760.48634604648,99052.08748130039,24291.601135253906,24291.601135253906,0.24524067844445793,0.24524067844445793,240.61114235687256,481222.2847137451,-0.009944527670890713,0,1696.5050048828125,0.0,-827.8850887451044,0,365.9800109863281,0.0,-9.859350204460497,186,130.60000610351562,0.24524067844445793,-110.16807975004849,0,218.5850067138672,0.0,0.0
2026-09-10,2026-09-10T11:45:00-04:00,bar_close,74760.48634604648,99080.91725424961,24320.430908203125,24320.430908203125,0.24546029227600852,0.24546029227600852,240.61114235687256,481222.2847137451,-0.009656365399906108,0,1698.1600341796875,0.0,-827.8850887451044,0,366.864990234375,0.0,-9.859350204460497,186,130.7550048828125,0.24546029227600852,-81.33830680082974,0,218.73500061035156,0.0,0.0
2026-09-10,2026-09-10T11:45:00-04:00,open_before_orders,74760.48634604648,99080.91725424961,24320.430908203125,24320.430908203125,0.24546029227600852,0.24546029227600852,240.61114235687256,481222.2847137451,-0.009656365399906108,0,1698.1600341796875,0.0,-827.8850887451044,0,366.8299865722656,0.0,-9.859350204460497,186,130.7550048828125,0.24546029227600852,-81.33830680082974,0,218.73500061035156,0.0,0.0
2026-09-10,2026-09-10T11:50:00-04:00,bar_close,74760.48634604648,99001.86668662266,24241.380340576172,24241.380340576172,0.24485781078561944,0.24485781078561944,240.61114235687256,481222.2847137451,-0.010446499652094987,0,1698.1300048828125,0.0,-827.8850887451044,0,366.9150085449219,0.0,-9.859350204460497,186,130.3300018310547,0.24485781078561944,-160.38887442778287,0,218.86099243164062,0.0,0.0
2026-09-10,2026-09-10T11:50:00-04:00,open_before_orders,74760.48634604648,98998.14589194492,24237.659545898438,24237.659545898438,0.24482942915267827,0.24482942915267827,240.61114235687256,481222.2847137451,-0.010483690116483757,0,1697.9576416015625,0.0,-827.8850887451044,0,366.8699951171875,0.0,-9.859350204460497,186,130.30999755859375,0.24482942915267827,-164.10966910551724,0,218.86000061035156,0.0,0.0
2026-09-10,2026-09-10T11:50:00-04:00,after_fill,74890.7311886063,98998.08073694614,24107.349548339844,24107.349548339844,0.24351330216589712,0.24351330216589712,240.67629735565185,481352.5947113037,-0.010484341360336713,0,1697.9576416015625,0.0,-827.8850887451044,0,366.8699951171875,0.0,-9.859350204460497,185,130.30999755859375,0.24351330216589712,-164.1748241042951,0,218.86000061035156,0.0,0.0
2026-09-10,2026-09-10T11:55:00-04:00,bar_close,74890.7311886063,98981.5612667313,24090.830078125,24090.830078125,0.24338704875755654,0.24338704875755654,240.67629735565185,481352.5947113037,-0.010649458444711879,0,1697.8699951171875,0.0,-827.8850887451044,0,365.8999938964844,0.0,-9.859350204460497,185,130.220703125,0.24338704875755654,-180.69429431913886,0,218.7899932861328,0.0,0.0
2026-09-10,2026-09-10T11:55:00-04:00,open_before_orders,74890.7311886063,98972.51394922641,24081.782760620117,24081.782760620117,0.2433178849329243,0.2433178849329243,240.67629735565185,481352.5947113037,-0.010739889110368384,0,1697.219970703125,0.0,-827.8850887451044,0,365.8999938964844,0.0,-9.859350204460497,185,130.1717987060547,0.2433178849329243,-189.74161182402167,0,218.78500366210938,0.0,0.0
2026-09-10,2026-09-10T11:55:00-04:00,after_fill,75020.837901413,98972.44886332707,23951.610961914062,23951.610961914062,0.2420028122673745,0.2420028122673745,240.74138325500488,481482.76651000977,-0.010740539663551707,0,1697.219970703125,0.0,-827.8850887451044,0,365.8999938964844,0.0,-9.859350204460497,184,130.1717987060547,0.2420028122673745,-189.8066977233757,0,218.78500366210938,0.0,0.0
2026-09-10,2026-09-10T12:00:00-04:00,bar_close,75020.837901413,99030.99891215519,24010.161010742188,24010.161010742188,0.24245096257223706,0.24245096257223706,240.74138325500488,481482.76651000977,-0.010155314276369731,0,1698.469970703125,0.0,-827.8850887451044,0,366.7991943359375,0.0,-9.859350204460497,184,130.49000549316406,0.24245096257223706,-131.2566488952507,0,218.77999877929688,0.0,0.0
2026-09-10,2026-09-10T12:00:00-04:00,open_before_orders,75020.837901413,99018.11756449894,23997.279663085938,23997.279663085938,0.24235241240023034,0.24235241240023034,240.74138325500488,481482.76651000977,-0.010284067229107352,0,1698.3199462890625,0.0,-827.8850887451044,0,366.75,0.0,-9.859350204460497,184,130.4199981689453,0.24235241240023034,-144.1379965515007,0,218.77999877929688,0.0,0.0
2026-09-10,2026-09-10T12:05:00-04:00,bar_close,75020.837901413,98929.79835063175,23908.96044921875,23908.96044921875,0.24167602530108737,0.24167602530108737,240.74138325500488,481482.76651000977,-0.011166844394379427,0,1697.5400390625,0.0,-827.8850887451044,0,366.1700134277344,0.0,-9.859350204460497,184,129.94000244140625,0.24167602530108737,-232.4572104186882,0,218.94500732421875,0.0,0.0
2026-09-10,2026-09-10T12:05:00-04:00,open_before_orders,75020.837901413,98921.51868754582,23900.680786132812,23900.680786132812,0.24161255410590354,0.24161255410590354,240.74138325500488,481482.76651000977,-0.011249602122719193,0,1697.155029296875,0.0,-827.8850887451044,0,366.1471862792969,0.0,-9.859350204460497,184,129.89500427246094,0.24161255410590354,-240.7368735046257,0,218.92999267578125,0.0,0.0
2026-09-10,2026-09-10T12:10:00-04:00,bar_close,75020.837901413,98811.11756449894,23790.279663085938,23790.279663085938,0.24076521194648806,0.24076521194648806,240.74138325500488,481482.76651000977,-0.012353094626544325,0,1692.4200439453125,0.0,-827.8850887451044,0,366.45001220703125,0.0,-9.859350204460497,184,129.2949981689453,0.24076521194648806,-351.1379965515007,0,218.9250030517578,0.0,0.0
2026-09-10,2026-09-10T12:10:00-04:00,open_before_orders,75020.837901413,98816.63733988957,23795.799438476562,23795.799438476562,0.24080762186461135,0.24080762186461135,240.74138325500488,481482.76651000977,-0.012297922807651074,0,1692.81005859375,0.0,-827.8850887451044,0,366.5199890136719,0.0,-9.859350204460497,184,129.3249969482422,0.24080762186461135,-345.6182211608757,0,218.9199981689453,0.0,0.0
2026-09-10,2026-09-10T12:10:00-04:00,after_fill,86007.96632964328,98811.14102751926,12803.174697875977,12803.174697875977,0.12957217743604688,0.12957217743604688,246.23769562530518,492475.39125061035,-0.01235286010658354,0,1692.81005859375,0.0,-827.8850887451044,0,366.5199890136719,0.0,-9.859350204460497,99,129.3249969482422,0.12957217743604688,-351.11453353117577,0,218.9199981689453,0.0,0.0
2026-09-10,2026-09-10T12:15:00-04:00,bar_close,86007.96632964328,98813.1214504929,12805.15512084961,12805.15512084961,0.12958962264202145,0.12958962264202145,246.23769562530518,492475.39125061035,-0.012333065181989511,0,1692.60498046875,0.0,-827.8850887451044,0,366.2900085449219,0.0,-9.859350204460497,99,129.34500122070312,0.12958962264202145,-349.13411055754295,0,218.32000732421875,0.0,0.0
2026-09-10,2026-09-10T12:15:00-04:00,open_before_orders,86007.96632964328,98812.22112090305,12804.254791259766,12804.254791259766,0.12958169187992388,0.12958169187992388,246.23769562530518,492475.39125061035,-0.012342064247632623,0,1692.7349853515625,0.0,-827.8850887451044,0,366.3599853515625,0.0,-9.859350204460497,99,129.33590698242188,0.12958169187992388,-350.0344401473867,0,218.3300018310547,0.0,0.0
2026-09-10,2026-09-10T12:15:00-04:00,after_fill,98805.81899350742,98805.81899350742,0.0,0.0,0.0,0.0,252.63982302093507,505279.6460418701,-0.012406055440789321,0,1692.7349853515625,0.0,-827.8850887451044,0,366.3599853515625,0.0,-9.859350204460497,0,129.33590698242188,0.0,-356.4365675430163,0,218.3300018310547,0.0,0.0
2026-09-10,2026-09-10T12:20:00-04:00,bar_close,98805.81899350742,98805.81899350742,0.0,0.0,0.0,0.0,252.63982302093507,505279.6460418701,-0.012406055440789321,0,1684.816162109375,0.0,-827.8850887451044,0,366.42340087890625,0.0,-9.859350204460497,0,129.1699981689453,0.0,-356.4365675430163,0,218.22000122070312,0.0,0.0
2026-09-10,2026-09-10T12:20:00-04:00,open_before_orders,98805.81899350742,98805.81899350742,0.0,0.0,0.0,0.0,252.63982302093507,505279.6460418701,-0.012406055440789321,0,1684.989990234375,0.0,-827.8850887451044,0,366.360107421875,0.0,-9.859350204460497,0,129.13999938964844,0.0,-356.4365675430163,0,218.22000122070312,0.0,0.0
2026-09-10,2026-09-10T12:25:00-04:00,bar_close,98805.81899350742,98805.81899350742,0.0,0.0,0.0,0.0,252.63982302093507,505279.6460418701,-0.012406055440789321,0,1682.800048828125,0.0,-827.8850887451044,0,366.1499938964844,0.0,-9.859350204460497,0,129.4416961669922,0.0,-356.4365675430163,0,218.22500610351562,0.0,0.0
2026-09-10,2026-09-10T12:25:00-04:00,open_before_orders,98805.81899350742,98805.81899350742,0.0,0.0,0.0,0.0,252.63982302093507,505279.6460418701,-0.012406055440789321,0,1682.5,0.0,-827.8850887451044,0,366.20001220703125,0.0,-9.859350204460497,0,129.48500061035156,0.0,-356.4365675430163,0,218.1999969482422,0.0,0.0
2026-09-10,2026-09-10T12:30:00-04:00,bar_close,98805.81899350742,98805.81899350742,0.0,0.0,0.0,0.0,252.63982302093507,505279.6460418701,-0.012406055440789321,0,1681.760009765625,0.0,-827.8850887451044,0,366.1300964355469,0.0,-9.859350204460497,0,129.3105010986328,0.0,-356.4365675430163,0,217.75,0.0,0.0
2026-09-10,2026-09-10T12:30:00-04:00,open_before_orders,98805.81899350742,98805.81899350742,0.0,0.0,0.0,0.0,252.63982302093507,505279.6460418701,-0.012406055440789321,0,1682.18994140625,0.0,-827.8850887451044,0,366.1000061035156,0.0,-9.859350204460497,0,129.3300018310547,0.0,-356.4365675430163,0,217.75,0.0,0.0
2026-09-10,2026-09-10T12:35:00-04:00,bar_close,98805.81899350742,98805.81899350742,0.0,0.0,0.0,0.0,252.63982302093507,505279.6460418701,-0.012406055440789321,0,1677.97998046875,0.0,-827.8850887451044,0,365.760009765625,0.0,-9.859350204460497,0,129.19000244140625,0.0,-356.4365675430163,0,217.88999938964844,0.0,0.0
2026-09-10,2026-09-10T12:35:00-04:00,open_before_orders,98805.81899350742,98805.81899350742,0.0,0.0,0.0,0.0,252.63982302093507,505279.6460418701,-0.012406055440789321,0,1677.6600341796875,0.0,-827.8850887451044,0,365.7449951171875,0.0,-9.859350204460497,0,129.15499877929688,0.0,-356.4365675430163,0,217.88499450683594,0.0,0.0
2026-09-10,2026-09-10T12:40:00-04:00,bar_close,98805.81899350742,98805.81899350742,0.0,0.0,0.0,0.0,252.63982302093507,505279.6460418701,-0.012406055440789321,0,1680.21875,0.0,-827.8850887451044,0,366.3999938964844,0.0,-9.859350204460497,0,129.6300048828125,0.0,-356.4365675430163,0,217.96299743652344,0.0,0.0
2026-09-10,2026-09-10T12:40:00-04:00,open_before_orders,98805.81899350742,98805.81899350742,0.0,0.0,0.0,0.0,252.63982302093507,505279.6460418701,-0.012406055440789321,0,1680.9998779296875,0.0,-827.8850887451044,0,366.4049987792969,0.0,-9.859350204460497,0,129.63999938964844,0.0,-356.4365675430163,0,217.96270751953125,0.0,0.0
2026-09-10,2026-09-10T12:45:00-04:00,bar_close,98805.81899350742,98805.81899350742,0.0,0.0,0.0,0.0,252.63982302093507,505279.6460418701,-0.012406055440789321,0,1682.9100341796875,0.0,-827.8850887451044,0,366.7799987792969,0.0,-9.859350204460497,0,129.5050048828125,0.0,-356.4365675430163,0,218.42999267578125,0.0,0.0
2026-09-10,2026-09-10T12:45:00-04:00,open_before_orders,98805.81899350742,98805.81899350742,0.0,0.0,0.0,0.0,252.63982302093507,505279.6460418701,-0.012406055440789321,0,1683.989990234375,0.0,-827.8850887451044,0,366.75,0.0,-9.859350204460497,0,129.5500030517578,0.0,-356.4365675430163,0,218.4398956298828,0.0,0.0
2026-09-10,2026-09-10T12:50:00-04:00,bar_close,98805.81899350742,98805.81899350742,0.0,0.0,0.0,0.0,252.63982302093507,505279.6460418701,-0.012406055440789321,0,1682.9649658203125,0.0,-827.8850887451044,0,366.3500061035156,0.0,-9.859350204460497,0,129.47000122070312,0.0,-356.4365675430163,0,218.5399932861328,0.0,0.0
2026-09-10,2026-09-10T12:50:00-04:00,open_before_orders,98805.81899350742,98805.81899350742,0.0,0.0,0.0,0.0,252.63982302093507,505279.6460418701,-0.012406055440789321,0,1683.10498046875,0.0,-827.8850887451044,0,366.3500061035156,0.0,-9.859350204460497,0,129.4600067138672,0.0,-356.4365675430163,0,218.55999755859375,0.0,0.0
2026-09-10,2026-09-10T12:55:00-04:00,bar_close,98805.81899350742,98805.81899350742,0.0,0.0,0.0,0.0,252.63982302093507,505279.6460418701,-0.012406055440789321,0,1691.0799560546875,0.0,-827.8850887451044,0,366.0899963378906,0.0,-9.859350204460497,0,129.41000366210938,0.0,-356.4365675430163,0,218.6898956298828,0.0,0.0
2026-09-10,2026-09-10T12:55:00-04:00,open_before_orders,98805.81899350742,98805.81899350742,0.0,0.0,0.0,0.0,252.63982302093507,505279.6460418701,-0.012406055440789321,0,1691.3599853515625,0.0,-827.8850887451044,0,366.1000061035156,0.0,-9.859350204460497,0,129.44000244140625,0.0,-356.4365675430163,0,218.69000244140625,0.0,0.0
2026-09-10,2026-09-10T13:00:00-04:00,bar_close,98805.81899350742,98805.81899350742,0.0,0.0,0.0,0.0,252.63982302093507,505279.6460418701,-0.012406055440789321,0,1692.9100341796875,0.0,-827.8850887451044,0,365.8500061035156,0.0,-9.859350204460497,0,129.9600067138672,0.0,-356.4365675430163,0,218.75,0.0,0.0
2026-09-10,2026-09-10T13:00:00-04:00,open_before_orders,98805.81899350742,98805.81899350742,0.0,0.0,0.0,0.0,252.63982302093507,505279.6460418701,-0.012406055440789321,0,1692.5550537109375,0.0,-827.8850887451044,0,365.81500244140625,0.0,-9.859350204460497,0,129.97000122070312,0.0,-356.4365675430163,0,218.75999450683594,0.0,0.0
2026-09-10,2026-09-10T13:05:00-04:00,bar_close,98805.81899350742,98805.81899350742,0.0,0.0,0.0,0.0,252.63982302093507,505279.6460418701,-0.012406055440789321,0,1694.4649658203125,0.0,-827.8850887451044,0,366.1758117675781,0.0,-9.859350204460497,0,129.77279663085938,0.0,-356.4365675430163,0,218.7899932861328,0.0,0.0
2026-09-10,2026-09-10T13:05:00-04:00,open_before_orders,98805.81899350742,98805.81899350742,0.0,0.0,0.0,0.0,252.63982302093507,505279.6460418701,-0.012406055440789321,0,1694.43994140625,0.0,-827.8850887451044,0,366.2149963378906,0.0,-9.859350204460497,0,129.80999755859375,0.0,-356.4365675430163,0,218.7899932861328,0.0,0.0
2026-09-10,2026-09-10T13:10:00-04:00,bar_close,98805.81899350742,98805.81899350742,0.0,0.0,0.0,0.0,252.63982302093507,505279.6460418701,-0.012406055440789321,0,1699.1199951171875,0.0,-827.8850887451044,0,365.9849853515625,0.0,-9.859350204460497,0,129.75,0.0,-356.4365675430163,0,218.9149932861328,0.0,0.0
2026-09-10,2026-09-10T13:10:00-04:00,open_before_orders,98805.81899350742,98805.81899350742,0.0,0.0,0.0,0.0,252.63982302093507,505279.6460418701,-0.012406055440789321,0,1698.989990234375,0.0,-827.8850887451044,0,365.9599914550781,0.0,-9.859350204460497,0,129.75,0.0,-356.4365675430163,0,218.91000366210938,0.0,0.0
2026-09-10,2026-09-10T13:15:00-04:00,bar_close,98805.81899350742,98805.81899350742,0.0,0.0,0.0,0.0,252.63982302093507,505279.6460418701,-0.012406055440789321,0,1697.52001953125,0.0,-827.8850887451044,0,366.0400085449219,0.0,-9.859350204460497,0,129.6199951171875,0.0,-356.4365675430163,0,218.74000549316406,0.0,0.0
2026-09-10,2026-09-10T13:15:00-04:00,open_before_orders,98805.81899350742,98805.81899350742,0.0,0.0,0.0,0.0,252.63982302093507,505279.6460418701,-0.012406055440789321,0,1697.6400146484375,0.0,-827.8850887451044,0,366.1199951171875,0.0,-9.859350204460497,0,129.65499877929688,0.0,-356.4365675430163,0,218.75,0.0,0.0
2026-09-10,2026-09-10T13:20:00-04:00,bar_close,98805.81899350742,98805.81899350742,0.0,0.0,0.0,0.0,252.63982302093507,505279.6460418701,-0.012406055440789321,0,1698.9000244140625,0.0,-827.8850887451044,0,366.1700134277344,0.0,-9.859350204460497,0,129.88999938964844,0.0,-356.4365675430163,0,218.7899932861328,0.0,0.0
2026-09-10,2026-09-10T13:20:00-04:00,open_before_orders,98805.81899350742,98805.81899350742,0.0,0.0,0.0,0.0,252.63982302093507,505279.6460418701,-0.012406055440789321,0,1698.93505859375,0.0,-827.8850887451044,0,366.18170166015625,0.0,-9.859350204460497,0,129.89010620117188,0.0,-356.4365675430163,0,218.79519653320312,0.0,0.0
2026-09-10,2026-09-10T13:25:00-04:00,bar_close,98805.81899350742,98805.81899350742,0.0,0.0,0.0,0.0,252.63982302093507,505279.6460418701,-0.012406055440789321,0,1698.0,0.0,-827.8850887451044,0,366.44000244140625,0.0,-9.859350204460497,0,130.27499389648438,0.0,-356.4365675430163,0,218.61000061035156,0.0,0.0
2026-09-10,2026-09-10T13:25:00-04:00,open_before_orders,98805.81899350742,98805.81899350742,0.0,0.0,0.0,0.0,252.63982302093507,505279.6460418701,-0.012406055440789321,0,1697.760009765625,0.0,-827.8850887451044,0,366.44000244140625,0.0,-9.859350204460497,0,130.35800170898438,0.0,-356.4365675430163,0,218.6199951171875,0.0,0.0
2026-09-10,2026-09-10T13:30:00-04:00,bar_close,98805.81899350742,98805.81899350742,0.0,0.0,0.0,0.0,252.63982302093507,505279.6460418701,-0.012406055440789321,0,1701.300048828125,0.0,-827.8850887451044,0,366.8299865722656,0.0,-9.859350204460497,0,130.41409301757812,0.0,-356.4365675430163,0,218.69000244140625,0.0,0.0
2026-09-10,2026-09-10T13:30:00-04:00,open_before_orders,98805.81899350742,98805.81899350742,0.0,0.0,0.0,0.0,252.63982302093507,505279.6460418701,-0.012406055440789321,0,1701.60986328125,0.0,-827.8850887451044,0,366.8599853515625,0.0,-9.859350204460497,0,130.34500122070312,0.0,-356.4365675430163,0,218.68499755859375,0.0,0.0
2026-09-10,2026-09-10T13:35:00-04:00,bar_close,98805.81899350742,98805.81899350742,0.0,0.0,0.0,0.0,252.63982302093507,505279.6460418701,-0.012406055440789321,0,1699.6800537109375,0.0,-827.8850887451044,0,367.2250061035156,0.0,-9.859350204460497,0,130.89999389648438,0.0,-356.4365675430163,0,218.49000549316406,0.0,0.0
2026-09-10,2026-09-10T13:35:00-04:00,open_before_orders,98805.81899350742,98805.81899350742,0.0,0.0,0.0,0.0,252.63982302093507,505279.6460418701,-0.012406055440789321,0,1700.175048828125,0.0,-827.8850887451044,0,367.260009765625,0.0,-9.859350204460497,0,130.9398956298828,0.0,-356.4365675430163,0,218.49000549316406,0.0,0.0
2026-09-10,2026-09-10T13:40:00-04:00,bar_close,98805.81899350742,98805.81899350742,0.0,0.0,0.0,0.0,252.63982302093507,505279.6460418701,-0.012406055440789321,0,1700.050048828125,0.0,-827.8850887451044,0,366.19989013671875,0.0,-9.859350204460497,0,130.27999877929688,0.0,-356.4365675430163,0,218.1649932861328,0.0,0.0
2026-09-10,2026-09-10T13:40:00-04:00,open_before_orders,98805.81899350742,98805.81899350742,0.0,0.0,0.0,0.0,252.63982302093507,505279.6460418701,-0.012406055440789321,0,1699.72998046875,0.0,-827.8850887451044,0,366.1705017089844,0.0,-9.859350204460497,0,130.25,0.0,-356.4365675430163,0,218.16000366210938,0.0,0.0
2026-09-10,2026-09-10T13:45:00-04:00,bar_close,98805.81899350742,98805.81899350742,0.0,0.0,0.0,0.0,252.63982302093507,505279.6460418701,-0.012406055440789321,0,1700.656982421875,0.0,-827.8850887451044,0,367.3818054199219,0.0,-9.859350204460497,0,130.33999633789062,0.0,-356.4365675430163,0,218.36000061035156,0.0,0.0
2026-09-10,2026-09-10T13:45:00-04:00,open_before_orders,98805.81899350742,98805.81899350742,0.0,0.0,0.0,0.0,252.63982302093507,505279.6460418701,-0.012406055440789321,0,1701.0050048828125,0.0,-827.8850887451044,0,367.385009765625,0.0,-9.859350204460497,0,130.33999633789062,0.0,-356.4365675430163,0,218.36720275878906,0.0,0.0
2026-09-10,2026-09-10T13:50:00-04:00,bar_close,98805.81899350742,98805.81899350742,0.0,0.0,0.0,0.0,252.63982302093507,505279.6460418701,-0.012406055440789321,0,1701.0001220703125,0.0,-827.8850887451044,0,366.3900146484375,0.0,-9.859350204460497,0,130.25999450683594,0.0,-356.4365675430163,0,218.35989379882812,0.0,0.0
2026-09-10,2026-09-10T13:50:00-04:00,open_before_orders,98805.81899350742,98805.81899350742,0.0,0.0,0.0,0.0,252.63982302093507,505279.6460418701,-0.012406055440789321,0,1701.989013671875,0.0,-827.8850887451044,0,366.4700012207031,0.0,-9.859350204460497,0,130.21560668945312,0.0,-356.4365675430163,0,218.3699951171875,0.0,0.0
2026-09-10,2026-09-10T13:55:00-04:00,bar_close,98805.81899350742,98805.81899350742,0.0,0.0,0.0,0.0,252.63982302093507,505279.6460418701,-0.012406055440789321,0,1706.699951171875,0.0,-827.8850887451044,0,366.42999267578125,0.0,-9.859350204460497,0,130.19500732421875,0.0,-356.4365675430163,0,218.61000061035156,0.0,0.0
2026-09-10,2026-09-10T13:55:00-04:00,open_before_orders,98805.81899350742,98805.81899350742,0.0,0.0,0.0,0.0,252.63982302093507,505279.6460418701,-0.012406055440789321,0,1707.0,0.0,-827.8850887451044,0,366.44000244140625,0.0,-9.859350204460497,0,130.15370178222656,0.0,-356.4365675430163,0,218.61680603027344,0.0,0.0
2026-09-10,2026-09-10T14:00:00-04:00,bar_close,98805.81899350742,98805.81899350742,0.0,0.0,0.0,0.0,252.63982302093507,505279.6460418701,-0.012406055440789321,0,1709.0899658203125,0.0,-827.8850887451044,0,365.4565124511719,0.0,-9.859350204460497,0,130.0500030517578,0.0,-356.4365675430163,0,218.3708953857422,0.0,0.0
2026-09-10,2026-09-10T14:00:00-04:00,open_before_orders,98805.81899350742,98805.81899350742,0.0,0.0,0.0,0.0,252.63982302093507,505279.6460418701,-0.012406055440789321,0,1708.989990234375,0.0,-827.8850887451044,0,365.4549865722656,0.0,-9.859350204460497,0,130.11000061035156,0.0,-356.4365675430163,0,218.35000610351562,0.0,0.0
2026-09-10,2026-09-10T14:05:00-04:00,bar_close,98805.81899350742,98805.81899350742,0.0,0.0,0.0,0.0,252.63982302093507,505279.6460418701,-0.012406055440789321,0,1707.3900146484375,0.0,-827.8850887451044,0,365.4150085449219,0.0,-9.859350204460497,0,129.67990112304688,0.0,-356.4365675430163,0,218.22000122070312,0.0,0.0
2026-09-10,2026-09-10T14:05:00-04:00,open_before_orders,98805.81899350742,98805.81899350742,0.0,0.0,0.0,0.0,252.63982302093507,505279.6460418701,-0.012406055440789321,0,1707.75,0.0,-827.8850887451044,0,365.4024963378906,0.0,-9.859350204460497,0,129.64999389648438,0.0,-356.4365675430163,0,218.20989990234375,0.0,0.0
2026-09-10,2026-09-10T14:10:00-04:00,bar_close,98805.81899350742,98805.81899350742,0.0,0.0,0.0,0.0,252.63982302093507,505279.6460418701,-0.012406055440789321,0,1707.2900390625,0.0,-827.8850887451044,0,365.510009765625,0.0,-9.859350204460497,0,129.42999267578125,0.0,-356.4365675430163,0,218.19000244140625,0.0,0.0
2026-09-10,2026-09-10T14:10:00-04:00,open_before_orders,98805.81899350742,98805.81899350742,0.0,0.0,0.0,0.0,252.63982302093507,505279.6460418701,-0.012406055440789321,0,1707.2900390625,0.0,-827.8850887451044,0,365.5,0.0,-9.859350204460497,0,129.44000244140625,0.0,-356.4365675430163,0,218.17999267578125,0.0,0.0
2026-09-10,2026-09-10T14:15:00-04:00,bar_close,98805.81899350742,98805.81899350742,0.0,0.0,0.0,0.0,252.63982302093507,505279.6460418701,-0.012406055440789321,0,1711.510009765625,0.0,-827.8850887451044,0,365.6000061035156,0.0,-9.859350204460497,0,129.2899932861328,0.0,-356.4365675430163,0,218.18069458007812,0.0,0.0
2026-09-10,2026-09-10T14:15:00-04:00,open_before_orders,98805.81899350742,98805.81899350742,0.0,0.0,0.0,0.0,252.63982302093507,505279.6460418701,-0.012406055440789321,0,1711.280029296875,0.0,-827.8850887451044,0,365.55999755859375,0.0,-9.859350204460497,0,129.2899932861328,0.0,-356.4365675430163,0,218.17050170898438,0.0,0.0
2026-09-10,2026-09-10T14:20:00-04:00,bar_close,98805.81899350742,98805.81899350742,0.0,0.0,0.0,0.0,252.63982302093507,505279.6460418701,-0.012406055440789321,0,1711.36865234375,0.0,-827.8850887451044,0,365.6499938964844,0.0,-9.859350204460497,0,129.5500030517578,0.0,-356.4365675430163,0,218.16990661621094,0.0,0.0
2026-09-10,2026-09-10T14:20:00-04:00,open_before_orders,98805.81899350742,98805.81899350742,0.0,0.0,0.0,0.0,252.63982302093507,505279.6460418701,-0.012406055440789321,0,1711.9000244140625,0.0,-827.8850887451044,0,365.6499938964844,0.0,-9.859350204460497,0,129.52999877929688,0.0,-356.4365675430163,0,218.1699981689453,0.0,0.0
2026-09-10,2026-09-10T14:25:00-04:00,bar_close,98805.81899350742,98805.81899350742,0.0,0.0,0.0,0.0,252.63982302093507,505279.6460418701,-0.012406055440789321,0,1711.010009765625,0.0,-827.8850887451044,0,365.8900146484375,0.0,-9.859350204460497,0,129.67999267578125,0.0,-356.4365675430163,0,218.1699981689453,0.0,0.0
2026-09-10,2026-09-10T14:25:00-04:00,open_before_orders,98805.81899350742,98805.81899350742,0.0,0.0,0.0,0.0,252.63982302093507,505279.6460418701,-0.012406055440789321,0,1712.0,0.0,-827.8850887451044,0,365.8900146484375,0.0,-9.859350204460497,0,129.6999969482422,0.0,-356.4365675430163,0,218.1750030517578,0.0,0.0
2026-09-10,2026-09-10T14:30:00-04:00,bar_close,98805.81899350742,98805.81899350742,0.0,0.0,0.0,0.0,252.63982302093507,505279.6460418701,-0.012406055440789321,0,1716.4549560546875,0.0,-827.8850887451044,0,365.8500061035156,0.0,-9.859350204460497,0,129.30999755859375,0.0,-356.4365675430163,0,218.03500366210938,0.0,0.0
2026-09-10,2026-09-10T14:30:00-04:00,open_before_orders,98805.81899350742,98805.81899350742,0.0,0.0,0.0,0.0,252.63982302093507,505279.6460418701,-0.012406055440789321,0,1716.31005859375,0.0,-827.8850887451044,0,365.8212890625,0.0,-9.859350204460497,0,129.3300018310547,0.0,-356.4365675430163,0,218.0301055908203,0.0,0.0
2026-09-10,2026-09-10T14:35:00-04:00,bar_close,98805.81899350742,98805.81899350742,0.0,0.0,0.0,0.0,252.63982302093507,505279.6460418701,-0.012406055440789321,0,1720.4150390625,0.0,-827.8850887451044,0,365.5784912109375,0.0,-9.859350204460497,0,129.3699951171875,0.0,-356.4365675430163,0,217.90390014648438,0.0,0.0
2026-09-10,2026-09-10T14:35:00-04:00,open_before_orders,98805.81899350742,98805.81899350742,0.0,0.0,0.0,0.0,252.63982302093507,505279.6460418701,-0.012406055440789321,0,1720.0987548828125,0.0,-827.8850887451044,0,365.63720703125,0.0,-9.859350204460497,0,129.39999389648438,0.0,-356.4365675430163,0,217.89999389648438,0.0,0.0
2026-09-10,2026-09-10T14:40:00-04:00,bar_close,98805.81899350742,98805.81899350742,0.0,0.0,0.0,0.0,252.63982302093507,505279.6460418701,-0.012406055440789321,0,1721.699951171875,0.0,-827.8850887451044,0,366.0299987792969,0.0,-9.859350204460497,0,129.5,0.0,-356.4365675430163,0,218.06500244140625,0.0,0.0
2026-09-10,2026-09-10T14:40:00-04:00,open_before_orders,98805.81899350742,98805.81899350742,0.0,0.0,0.0,0.0,252.63982302093507,505279.6460418701,-0.012406055440789321,0,1721.5,0.0,-827.8850887451044,0,366.0007019042969,0.0,-9.859350204460497,0,129.47000122070312,0.0,-356.4365675430163,0,218.07000732421875,0.0,0.0
2026-09-10,2026-09-10T14:45:00-04:00,bar_close,98805.81899350742,98805.81899350742,0.0,0.0,0.0,0.0,252.63982302093507,505279.6460418701,-0.012406055440789321,0,1719.8499755859375,0.0,-827.8850887451044,0,366.04998779296875,0.0,-9.859350204460497,0,129.7100067138672,0.0,-356.4365675430163,0,217.9127960205078,0.0,0.0
2026-09-10,2026-09-10T14:45:00-04:00,open_before_orders,98805.81899350742,98805.81899350742,0.0,0.0,0.0,0.0,252.63982302093507,505279.6460418701,-0.012406055440789321,0,1720.0,0.0,-827.8850887451044,0,366.0199890136719,0.0,-9.859350204460497,0,129.67999267578125,0.0,-356.4365675430163,0,217.9199981689453,0.0,0.0
2026-09-10,2026-09-10T14:50:00-04:00,bar_close,98805.81899350742,98805.81899350742,0.0,0.0,0.0,0.0,252.63982302093507,505279.6460418701,-0.012406055440789321,0,1713.760009765625,0.0,-827.8850887451044,0,366.0450134277344,0.0,-9.859350204460497,0,129.5800018310547,0.0,-356.4365675430163,0,217.9302978515625,0.0,0.0
2026-09-10,2026-09-10T14:50:00-04:00,open_before_orders,98805.81899350742,98805.81899350742,0.0,0.0,0.0,0.0,252.63982302093507,505279.6460418701,-0.012406055440789321,0,1713.68994140625,0.0,-827.8850887451044,0,365.989990234375,0.0,-9.859350204460497,0,129.52999877929688,0.0,-356.4365675430163,0,217.93499755859375,0.0,0.0
2026-09-10,2026-09-10T14:55:00-04:00,bar_close,98805.81899350742,98805.81899350742,0.0,0.0,0.0,0.0,252.63982302093507,505279.6460418701,-0.012406055440789321,0,1710.6600341796875,0.0,-827.8850887451044,0,366.4649963378906,0.0,-9.859350204460497,0,129.7899932861328,0.0,-356.4365675430163,0,218.17999267578125,0.0,0.0
2026-09-10,2026-09-10T14:55:00-04:00,open_before_orders,98805.81899350742,98805.81899350742,0.0,0.0,0.0,0.0,252.63982302093507,505279.6460418701,-0.012406055440789321,0,1711.280029296875,0.0,-827.8850887451044,0,366.4200134277344,0.0,-9.859350204460497,0,129.77000427246094,0.0,-356.4365675430163,0,218.17999267578125,0.0,0.0
2026-09-10,2026-09-10T15:00:00-04:00,bar_close,98805.81899350742,98805.81899350742,0.0,0.0,0.0,0.0,252.63982302093507,505279.6460418701,-0.012406055440789321,0,1710.31005859375,0.0,-827.8850887451044,0,366.2699890136719,0.0,-9.859350204460497,0,129.9199981689453,0.0,-356.4365675430163,0,218.23080444335938,0.0,0.0
2026-09-10,2026-09-10T15:00:00-04:00,open_before_orders,98805.81899350742,98805.81899350742,0.0,0.0,0.0,0.0,252.63982302093507,505279.6460418701,-0.012406055440789321,0,1709.56005859375,0.0,-827.8850887451044,0,366.2699890136719,0.0,-9.859350204460497,0,129.9499969482422,0.0,-356.4365675430163,0,218.22999572753906,0.0,0.0
2026-09-10,2026-09-10T15:05:00-04:00,bar_close,98805.81899350742,98805.81899350742,0.0,0.0,0.0,0.0,252.63982302093507,505279.6460418701,-0.012406055440789321,0,1707.989990234375,0.0,-827.8850887451044,0,365.5150146484375,0.0,-9.859350204460497,0,129.77940368652344,0.0,-356.4365675430163,0,217.92999267578125,0.0,0.0
2026-09-10,2026-09-10T15:05:00-04:00,open_before_orders,98805.81899350742,98805.81899350742,0.0,0.0,0.0,0.0,252.63982302093507,505279.6460418701,-0.012406055440789321,0,1707.155029296875,0.0,-827.8850887451044,0,365.4599914550781,0.0,-9.859350204460497,0,129.7899932861328,0.0,-356.4365675430163,0,217.93829345703125,0.0,0.0
2026-09-10,2026-09-10T15:10:00-04:00,bar_close,98805.81899350742,98805.81899350742,0.0,0.0,0.0,0.0,252.63982302093507,505279.6460418701,-0.012406055440789321,0,1703.56005859375,0.0,-827.8850887451044,0,365.9750061035156,0.0,-9.859350204460497,0,129.8784942626953,0.0,-356.4365675430163,0,217.96009826660156,0.0,0.0
2026-09-10,2026-09-10T15:10:00-04:00,open_before_orders,98805.81899350742,98805.81899350742,0.0,0.0,0.0,0.0,252.63982302093507,505279.6460418701,-0.012406055440789321,0,1703.0,0.0,-827.8850887451044,0,365.9750061035156,0.0,-9.859350204460497,0,129.8404998779297,0.0,-356.4365675430163,0,217.99240112304688,0.0,0.0
2026-09-10,2026-09-10T15:15:00-04:00,bar_close,98805.81899350742,98805.81899350742,0.0,0.0,0.0,0.0,252.63982302093507,505279.6460418701,-0.012406055440789321,0,1700.800048828125,0.0,-827.8850887451044,0,364.82000732421875,0.0,-9.859350204460497,0,129.66000366210938,0.0,-356.4365675430163,0,217.97000122070312,0.0,0.0
2026-09-10,2026-09-10T15:15:00-04:00,open_before_orders,98805.81899350742,98805.81899350742,0.0,0.0,0.0,0.0,252.63982302093507,505279.6460418701,-0.012406055440789321,0,1700.875,0.0,-827.8850887451044,0,364.82000732421875,0.0,-9.859350204460497,0,129.68499755859375,0.0,-356.4365675430163,0,217.97000122070312,0.0,0.0
2026-09-10,2026-09-10T15:20:00-04:00,bar_close,98805.81899350742,98805.81899350742,0.0,0.0,0.0,0.0,252.63982302093507,505279.6460418701,-0.012406055440789321,0,1702.81005859375,0.0,-827.8850887451044,0,364.06500244140625,0.0,-9.859350204460497,0,129.5850067138672,0.0,-356.4365675430163,0,218.13999938964844,0.0,0.0
2026-09-10,2026-09-10T15:20:00-04:00,open_before_orders,98805.81899350742,98805.81899350742,0.0,0.0,0.0,0.0,252.63982302093507,505279.6460418701,-0.012406055440789321,0,1702.8699951171875,0.0,-827.8850887451044,0,364.010009765625,0.0,-9.859350204460497,0,129.5399932861328,0.0,-356.4365675430163,0,218.1199951171875,0.0,0.0
2026-09-10,2026-09-10T15:25:00-04:00,bar_close,98805.81899350742,98805.81899350742,0.0,0.0,0.0,0.0,252.63982302093507,505279.6460418701,-0.012406055440789321,0,1708.155029296875,0.0,-827.8850887451044,0,364.1400146484375,0.0,-9.859350204460497,0,129.72000122070312,0.0,-356.4365675430163,0,218.22500610351562,0.0,0.0
2026-09-10,2026-09-10T15:25:00-04:00,open_before_orders,98805.81899350742,98805.81899350742,0.0,0.0,0.0,0.0,252.63982302093507,505279.6460418701,-0.012406055440789321,0,1708.0799560546875,0.0,-827.8850887451044,0,364.2099914550781,0.0,-9.859350204460497,0,129.74000549316406,0.0,-356.4365675430163,0,218.22500610351562,0.0,0.0
2026-09-10,2026-09-10T15:30:00-04:00,bar_close,98805.81899350742,98805.81899350742,0.0,0.0,0.0,0.0,252.63982302093507,505279.6460418701,-0.012406055440789321,0,1713.449951171875,0.0,-827.8850887451044,0,363.94500732421875,0.0,-9.859350204460497,0,129.6649932861328,0.0,-356.4365675430163,0,218.3000030517578,0.0,0.0
2026-09-10,2026-09-10T15:30:00-04:00,open_before_orders,98805.81899350742,98805.81899350742,0.0,0.0,0.0,0.0,252.63982302093507,505279.6460418701,-0.012406055440789321,0,1713.260009765625,0.0,-827.8850887451044,0,363.9599914550781,0.0,-9.859350204460497,0,129.67999267578125,0.0,-356.4365675430163,0,218.30990600585938,0.0,0.0
2026-09-10,2026-09-10T15:35:00-04:00,bar_close,98805.81899350742,98805.81899350742,0.0,0.0,0.0,0.0,252.63982302093507,505279.6460418701,-0.012406055440789321,0,1709.0,0.0,-827.8850887451044,0,364.3999938964844,0.0,-9.859350204460497,0,129.42999267578125,0.0,-356.4365675430163,0,218.52499389648438,0.0,0.0
2026-09-10,2026-09-10T15:35:00-04:00,open_before_orders,98805.81899350742,98805.81899350742,0.0,0.0,0.0,0.0,252.63982302093507,505279.6460418701,-0.012406055440789321,0,1708.2010498046875,0.0,-827.8850887451044,0,364.3999938964844,0.0,-9.859350204460497,0,129.42999267578125,0.0,-356.4365675430163,0,218.52630615234375,0.0,0.0
2026-09-10,2026-09-10T15:40:00-04:00,bar_close,98805.81899350742,98805.81899350742,0.0,0.0,0.0,0.0,252.63982302093507,505279.6460418701,-0.012406055440789321,0,1708.56494140625,0.0,-827.8850887451044,0,363.55999755859375,0.0,-9.859350204460497,0,129.3300018310547,0.0,-356.4365675430163,0,218.35000610351562,0.0,0.0
2026-09-10,2026-09-10T15:40:00-04:00,open_before_orders,98805.81899350742,98805.81899350742,0.0,0.0,0.0,0.0,252.63982302093507,505279.6460418701,-0.012406055440789321,0,1708.56005859375,0.0,-827.8850887451044,0,363.57501220703125,0.0,-9.859350204460497,0,129.30050659179688,0.0,-356.4365675430163,0,218.36000061035156,0.0,0.0
2026-09-10,2026-09-10T15:45:00-04:00,bar_close,98805.81899350742,98805.81899350742,0.0,0.0,0.0,0.0,252.63982302093507,505279.6460418701,-0.012406055440789321,0,1708.0999755859375,0.0,-827.8850887451044,0,363.8349914550781,0.0,-9.859350204460497,0,129.22000122070312,0.0,-356.4365675430163,0,218.4600067138672,0.0,0.0
2026-09-10,2026-09-10T15:45:00-04:00,open_before_orders,98805.81899350742,98805.81899350742,0.0,0.0,0.0,0.0,252.63982302093507,505279.6460418701,-0.012406055440789321,0,1708.3599853515625,0.0,-827.8850887451044,0,363.8500061035156,0.0,-9.859350204460497,0,129.2449951171875,0.0,-356.4365675430163,0,218.47000122070312,0.0,0.0
2026-09-10,2026-09-10T15:50:00-04:00,bar_close,98805.81899350742,98805.81899350742,0.0,0.0,0.0,0.0,252.63982302093507,505279.6460418701,-0.012406055440789321,0,1710.2049560546875,0.0,-827.8850887451044,0,363.7499084472656,0.0,-9.859350204460497,0,129.08999633789062,0.0,-356.4365675430163,0,218.77999877929688,0.0,0.0
2026-09-10,2026-09-10T15:50:00-04:00,open_before_orders,98805.81899350742,98805.81899350742,0.0,0.0,0.0,0.0,252.63982302093507,505279.6460418701,-0.012406055440789321,0,1709.25,0.0,-827.8850887451044,0,363.739990234375,0.0,-9.859350204460497,0,129.0399932861328,0.0,-356.4365675430163,0,218.75,0.0,0.0
2026-09-10,2026-09-10T15:55:00-04:00,bar_close,98805.81899350742,98805.81899350742,0.0,0.0,0.0,0.0,252.63982302093507,505279.6460418701,-0.012406055440789321,0,1695.5699462890625,0.0,-827.8850887451044,0,363.17999267578125,0.0,-9.859350204460497,0,128.7100067138672,0.0,-356.4365675430163,0,218.4600067138672,0.0,0.0
2026-09-10,2026-09-10T15:55:00-04:00,open_before_orders,98805.81899350742,98805.81899350742,0.0,0.0,0.0,0.0,252.63982302093507,505279.6460418701,-0.012406055440789321,0,1695.06005859375,0.0,-827.8850887451044,0,363.1499938964844,0.0,-9.859350204460497,0,128.8000030517578,0.0,-356.4365675430163,0,218.44000244140625,0.0,0.0
2026-09-10,2026-09-10T16:00:00-04:00,bar_close,98805.81899350742,98805.81899350742,0.0,0.0,0.0,0.0,252.63982302093507,505279.6460418701,-0.012406055440789321,0,1692.8900146484375,0.0,-827.8850887451044,0,363.6099853515625,0.0,-9.859350204460497,0,128.6300048828125,0.0,-356.4365675430163,0,218.3800048828125,0.0,0.0
2026-09-11,2026-09-11T09:30:00-04:00,open_before_orders,98805.81899350742,98805.81899350742,0.0,0.0,0.0,0.0,252.63982302093507,505279.6460418701,-0.012406055440789321,0,1713.0001220703125,0.0,-827.8850887451044,0,364.1400146484375,0.0,-9.859350204460497,0,130.52999877929688,0.0,-356.4365675430163,0,221.25,0.0,0.0
2026-09-11,2026-09-11T09:35:00-04:00,bar_close,98805.81899350742,98805.81899350742,0.0,0.0,0.0,0.0,252.63982302093507,505279.6460418701,-0.012406055440789321,0,1678.8099365234375,0.0,-827.8850887451044,0,364.4599914550781,0.0,-9.859350204460497,0,130.25999450683594,0.0,-356.4365675430163,0,219.79989624023438,0.0,0.0
2026-09-11,2026-09-11T09:35:00-04:00,open_before_orders,98805.81899350742,98805.81899350742,0.0,0.0,0.0,0.0,252.63982302093507,505279.6460418701,-0.012406055440789321,0,1677.239990234375,0.0,-827.8850887451044,0,364.45001220703125,0.0,-9.859350204460497,0,130.33999633789062,0.0,-356.4365675430163,0,219.77999877929688,0.0,0.0
2026-09-11,2026-09-11T09:35:00-04:00,after_fill,130657.44502805332,98789.8852136002,31867.559814453125,-31867.559814453125,0.32257917645668027,-0.32257917645668027,268.5736029281616,537147.2058563232,-0.012565318373991108,-19,1677.239990234375,-0.32257917645668027,-843.8188686523317,0,364.45001220703125,0.0,-9.859350204460497,0,130.33999633789062,0.0,-356.4365675430163,0,219.77999877929688,0.0,0.0
2026-09-11,2026-09-11T09:40:00-04:00,bar_close,130657.44502805332,99139.29549192051,31518.149536132812,-31518.149536132812,0.3179178284427231,-0.3179178284427231,268.5736029281616,537147.2058563232,-0.009072857317030891,-19,1658.8499755859375,-0.3179178284427231,-494.40859033201923,0,366.7699890136719,0.0,-9.859350204460497,0,130.4250030517578,0.0,-356.4365675430163,0,219.60000610351562,0.0,0.0
2026-09-11,2026-09-11T09:40:00-04:00,open_before_orders,130657.44502805332,99107.18428586582,31550.2607421875,-31550.2607421875,0.31834484018013864,-0.31834484018013864,268.5736029281616,537147.2058563232,-0.0093938185010497,-19,1660.5400390625,-0.31834484018013864,-526.5197963867067,0,366.787109375,0.0,-9.859350204460497,0,130.4499969482422,0.0,-356.4365675430163,0,219.62879943847656,0.0,0.0
2026-09-11,2026-09-11T09:40:00-04:00,after_fill,99091.40915549474,99091.40915549474,0.0,0.0,0.0,0.0,284.34873329925534,568697.4665985107,-0.009551495684314903,0,1660.5400390625,0.0,-542.2949267577969,0,366.787109375,0.0,-9.859350204460497,0,130.4499969482422,0.0,-356.4365675430163,0,219.62879943847656,0.0,0.0
2026-09-11,2026-09-11T09:40:00-04:00,after_fill,71683.21254668431,99077.71190581517,27394.49935913086,27394.49935913086,0.27649507474670487,0.27649507474670487,298.04598297882075,596091.9659576416,-0.009688403823718605,0,1660.5400390625,0.0,-542.2949267577969,0,366.787109375,0.0,-9.859350204460497,210,130.4499969482422,0.27649507474670487,-370.13381722258055,0,219.62879943847656,0.0,0.0
2026-09-11,2026-09-11T09:45:00-04:00,bar_close,71683.21254668431,99272.50728545384,27589.29473876953,27589.29473876953,0.2779147569975008,0.2779147569975008,298.04598297882075,596091.9659576416,-0.0077413652857160065,0,1651.1611328125,0.0,-542.2949267577969,0,367.07501220703125,0.0,-9.859350204460497,210,131.37759399414062,0.2779147569975008,-175.33843758390867,0,220.05999755859375,0.0,0.0
2026-09-11,2026-09-11T09:45:00-04:00,open_before_orders,71683.21254668431,99267.78407988744,27584.571533203125,27584.571533203125,0.27788039985866886,0.27788039985866886,298.04598297882075,596091.9659576416,-0.007788575149100696,0,1650.1700439453125,0.0,-542.2949267577969,0,367.07501220703125,0.0,-9.859350204460497,210,131.3551025390625,0.27788039985866886,-180.06164315031492,0,220.07000732421875,0.0,0.0
2026-09-11,2026-09-11T09:50:00-04:00,bar_close,71683.21254668431,99680.39165435033,27997.179107666016,27997.179107666016,0.28086947335388146,0.28086947335388146,298.04598297882075,596091.9659576416,-0.0036644380671987387,0,1658.7080078125,0.0,-542.2949267577969,0,367.5150146484375,0.0,-9.859350204460497,210,133.3199005126953,0.28086947335388146,232.5459313125757,0,219.80999755859375,0.0,0.0
2026-09-11,2026-09-11T09:50:00-04:00,open_before_orders,71683.21254668431,99644.73369536595,27961.52114868164,27961.52114868164,0.2806121318379519,0.2806121318379519,298.04598297882075,596091.9659576416,-0.004020850115871943,0,1658.93505859375,0.0,-542.2949267577969,0,367.5150146484375,0.0,-9.859350204460497,210,133.1501007080078,0.2806121318379519,196.8879723282007,0,219.77999877929688,0.0,0.0
2026-09-11,2026-09-11T09:50:00-04:00,after_fill,29986.393034317065,99623.89570460515,69637.50267028809,69637.50267028809,0.699004010812529,0.699004010812529,318.88397373962397,637767.947479248,-0.004229132114865308,0,1658.93505859375,0.0,-542.2949267577969,0,367.5150146484375,0.0,-9.859350204460497,523,133.1501007080078,0.699004010812529,176.04998156739748,0,219.77999877929688,0.0,0.0
2026-09-11,2026-09-11T09:55:00-04:00,bar_close,29986.393034317065,99989.94622645574,70003.55319213867,70003.55319213867,0.7001059189850515,0.7001059189850515,318.88397373962397,637767.947479248,-0.0005703468078366303,0,1644.1949462890625,0.0,-542.2949267577969,0,364.9849853515625,0.0,-9.859350204460497,523,133.85000610351562,0.7001059189850515,542.1005034179834,0,221.16000366210938,0.0,0.0
2026-09-11,2026-09-11T09:55:00-04:00,open_before_orders,29986.393034317065,100042.24143824773,70055.84840393066,70055.84840393066,0.7002626830104909,0.7002626830104909,318.88397373962397,637767.947479248,-4.764040226956645e-05,0,1644.215087890625,0.0,-542.2949267577969,0,364.9849853515625,0.0,-9.859350204460497,523,133.9499969482422,0.7002626830104909,594.3957152099756,0,221.16000366210938,0.0,0.0
2026-09-11,2026-09-11T09:55:00-04:00,after_fill,30120.276056266834,100042.17446324925,69921.89840698242,69921.89840698242,0.6989242165329824,0.6989242165329824,318.9509487380981,637901.8974761963,-4.8309837568094594e-05,0,1644.215087890625,0.0,-542.2949267577969,0,364.9849853515625,0.0,-9.859350204460497,522,133.9499969482422,0.6989242165329824,594.3287402114947,0,221.16000366210938,0.0,0.0
2026-09-11,2026-09-11T10:00:00-04:00,bar_close,30120.276056266834,101503.77605626683,71383.5,71383.5,0.7032595512548204,0.7032595512548204,318.9509487380981,637901.8974761963,0.0,0,1629.760009765625,0.0,-542.2949267577969,0,368.3999938964844,0.0,-9.859350204460497,522,136.75,0.7032595512548204,2055.930333229073,0,221.58999633789062,0.0,0.0
2026-09-11,2026-09-11T10:00:00-04:00,open_before_orders,30120.276056266834,101498.55892369847,71378.28286743164,71378.28286743164,0.703244298483984,0.703244298483984,318.9509487380981,637901.8974761963,-5.139840871992707e-05,0,1630.0,0.0,-542.2949267577969,0,368.30999755859375,0.0,-9.859350204460497,522,136.74000549316406,0.703244298483984,2050.7132006607135,0,221.6300048828125,0.0,0.0
2026-09-11,2026-09-11T10:00:00-04:00,after_fill,30530.290962738087,101498.35381369024,70968.06285095215,70968.06285095215,0.6992040775481019,0.6992040775481019,319.1560587463378,638312.1174926758,-5.341912180278907e-05,0,1630.0,0.0,-542.2949267577969,0,368.30999755859375,0.0,-9.859350204460497,519,136.74000549316406,0.6992040775481019,2050.508090652467,0,221.6300048828125,0.0,0.0
2026-09-11,2026-09-11T10:05:00-04:00,bar_close,30530.290962738087,101889.88457540899,71359.5936126709,71359.5936126709,0.7003599416177321,0.7003599416177321,319.1560587463378,638312.1174926758,0.0,0,1619.449951171875,0.0,-542.2949267577969,0,366.6799011230469,0.0,-9.859350204460497,519,137.49440002441406,0.7003599416177321,2442.038852371217,0,221.50999450683594,0.0,0.0
2026-09-11,2026-09-11T10:05:00-04:00,open_before_orders,30530.290962738087,101872.03444723516,71341.74348449707,71341.74348449707,0.7003074383622787,0.7003074383622787,319.1560587463378,638312.1174926758,-0.00017519038566204959,0,1619.5150146484375,0.0,-542.2949267577969,0,366.6799011230469,0.0,-9.859350204460497,519,137.4600067138672,0.7003074383622787,2424.188724197389,0,221.5198974609375,0.0,0.0
2026-09-11,2026-09-11T10:05:00-04:00,after_fill,30667.682239448597,101871.9657172318,71204.2834777832,71204.2834777832,0.6989585699703338,0.6989585699703338,319.22478874969477,638449.5774993896,-0.00017586493744559117,0,1619.5150146484375,0.0,-542.2949267577969,0,366.6799011230469,0.0,-9.859350204460497,518,137.4600067138672,0.6989585699703338,2424.1199941940285,0,221.5198974609375,0.0,0.0
2026-09-11,2026-09-11T10:10:00-04:00,bar_close,30667.682239448597,101131.22160712437,70463.53936767578,70463.53936767578,0.6967535667809223,0.6967535667809223,319.22478874969477,638449.5774993896,-0.007445910567531633,0,1628.1287841796875,0.0,-542.2949267577969,0,366.92498779296875,0.0,-9.859350204460497,518,136.02999877929688,0.6967535667809223,1683.3758840866067,0,221.3800048828125,0.0,0.0
2026-09-11,2026-09-11T10:10:00-04:00,open_before_orders,30667.682239448597,101118.27476874547,70450.59252929688,70450.59252929688,0.69671474014381,0.69671474014381,319.22478874969477,638449.5774993896,-0.007572977532352088,0,1628.8399658203125,0.0,-542.2949267577969,0,366.93499755859375,0.0,-9.859350204460497,518,136.0050048828125,0.69671474014381,1670.4290457077004,0,221.3800048828125,0.0,0.0
2026-09-11,2026-09-11T10:10:00-04:00,after_fill,101083.04947248082,101083.04947248082,0.0,0.0,0.0,0.0,354.4500850143432,708900.1700286865,-0.007918696799887104,0,1628.8399658203125,0.0,-542.2949267577969,0,366.93499755859375,0.0,-9.859350204460497,0,136.0050048828125,0.0,1635.2037494430551,0,221.3800048828125,0.0,0.0
2026-09-11,2026-09-11T10:10:00-04:00,after_fill,30596.304181465195,101047.8237127152,70451.51953125,70451.51953125,0.6972096670933532,0.6972096670933532,389.6758447799682,779351.6895599365,-0.008264420616460488,0,1628.8399658203125,0.0,-542.2949267577969,192,366.93499755859375,0.6972096670933532,-45.0851099700958,0,136.0050048828125,0.0,1635.2037494430551,0,221.3800048828125,0.0,0.0
2026-09-11,2026-09-11T10:15:00-04:00,bar_close,30596.304181465195,100691.6616033402,70095.357421875,70095.357421875,0.696138650467456,0.696138650467456,389.6758447799682,779351.6895599365,-0.011759979678669485,0,1637.4200439453125,0.0,-542.2949267577969,192,365.0799865722656,0.696138650467456,-401.2472193450958,0,136.4499969482422,0.0,1635.2037494430551,0,221.1699981689453,0.0,0.0
2026-09-11,2026-09-11T10:15:00-04:00,open_before_orders,30596.304181465195,100676.3217595902,70080.017578125,70080.017578125,0.696092351739592,0.696092351739592,389.6758447799682,779351.6895599365,-0.01191053283528487,0,1637.1650390625,0.0,-542.2949267577969,192,365.0000915527344,0.696092351739592,-416.5870630950958,0,136.39500427246094,0.0,1635.2037494430551,0,221.1699981689453,0.0,0.0
2026-09-11,2026-09-11T10:20:00-04:00,bar_close,30596.304181465195,100647.4877752152,70051.18359375,70051.18359375,0.6960052867906789,0.6960052867906789,389.6758447799682,779351.6895599365,-0.012193524463895988,0,1645.7099609375,0.0,-542.2949267577969,192,364.84991455078125,0.6960052867906789,-445.4210474700958,0,136.92999267578125,0.0,1635.2037494430551,0,221.2550048828125,0.0,0.0
2026-09-11,2026-09-11T10:20:00-04:00,open_before_orders,30596.304181465195,100637.9018377152,70041.59765625,70041.59765625,0.6959763307585286,0.6959763307585286,389.6758447799682,779351.6895599365,-0.012287605810046731,0,1645.8299560546875,0.0,-542.2949267577969,192,364.79998779296875,0.6959763307585286,-455.0069849700958,0,136.9499969482422,0.0,1635.2037494430551,0,221.27000427246094,0.0,0.0
2026-09-11,2026-09-11T10:20:00-04:00,after_fill,30231.32179367833,100637.7194377213,70406.39764404297,70406.39764404297,0.6996024754675935,0.6996024754675935,389.85824477386467,779716.4895477295,-0.012289395977879924,0,1645.8299560546875,0.0,-542.2949267577969,193,364.79998779296875,0.6996024754675935,-455.18938496398914,0,136.9499969482422,0.0,1635.2037494430551,0,221.27000427246094,0.0,0.0
2026-09-11,2026-09-11T10:25:00-04:00,bar_close,30231.32179367833,100427.35014450841,70196.02835083008,70196.02835083008,0.6989732204406724,0.6989732204406724,389.85824477386467,779716.4895477295,-0.01435406897353142,0,1648.9849853515625,0.0,-542.2949267577969,193,363.7099914550781,0.6989732204406724,-665.5586781768798,0,135.99000549316406,0.0,1635.2037494430551,0,221.4499969482422,0.0,0.0
2026-09-11,2026-09-11T10:25:00-04:00,open_before_orders,30231.32179367833,100427.37370407872,70196.05191040039,70196.05191040039,0.698973291059482,0.698973291059482,389.85824477386467,779716.4895477295,-0.014353837747729026,0,1649.4599609375,0.0,-542.2949267577969,193,363.7101135253906,0.698973291059482,-665.5351186065673,0,136.0,0.0,1635.2037494430551,0,221.4600067138672,0.0,0.0
2026-09-11,2026-09-11T10:30:00-04:00,bar_close,30231.32179367833,100953.27632248693,70721.9545288086,70721.9545288086,0.7005414495205994,0.7005414495205994,389.85824477386467,779716.4895477295,-0.009192357581177424,0,1642.68994140625,0.0,-542.2949267577969,193,366.43499755859375,0.7005414495205994,-139.63250019836414,0,135.8800048828125,0.0,1635.2037494430551,0,221.60000610351562,0.0,0.0
2026-09-11,2026-09-11T10:30:00-04:00,open_before_orders,30231.32179367833,100953.27632248693,70721.9545288086,70721.9545288086,0.7005414495205994,0.7005414495205994,389.85824477386467,779716.4895477295,-0.009192357581177424,0,1642.75,0.0,-542.2949267577969,193,366.43499755859375,0.7005414495205994,-139.63250019836414,0,135.8699951171875,0.0,1635.2037494430551,0,221.58999633789062,0.0,0.0
2026-09-11,2026-09-11T10:30:00-04:00,after_fill,30597.573573738144,100953.09310498815,70355.51953125,70355.51953125,0.6969129658868639,0.6969129658868639,390.04146227264397,780082.9245452881,-0.009194155772426216,0,1642.75,0.0,-542.2949267577969,192,366.43499755859375,0.6969129658868639,-139.81571769714355,0,135.8699951171875,0.0,1635.2037494430551,0,221.58999633789062,0.0,0.0
2026-09-11,2026-09-11T10:35:00-04:00,bar_close,30597.573573738144,100806.21615186315,70208.642578125,70208.642578125,0.6964713611743611,0.6964713611743611,390.04146227264397,780082.9245452881,-0.01063568211959065,0,1639.3699951171875,0.0,-542.2949267577969,192,365.6700134277344,0.6964713611743611,-286.69267082214355,0,135.25,0.0,1635.2037494430551,0,220.15499877929688,0.0,0.0
2026-09-11,2026-09-11T10:35:00-04:00,open_before_orders,30597.573573738144,100785.32162061315,70187.748046875,70187.748046875,0.6964084344651219,0.6964084344651219,390.04146227264397,780082.9245452881,-0.010840751850870411,0,1639.4300537109375,0.0,-542.2949267577969,192,365.5611877441406,0.6964084344651219,-307.58720207214355,0,135.26730346679688,0.0,1635.2037494430551,0,220.1595001220703,0.0,0.0
2026-09-11,2026-09-11T10:35:00-04:00,after_fill,30962.95198088841,100785.13884001927,69822.18685913086,69822.18685913086,0.6927825636075445,0.6927825636075445,390.224242866516,780448.4857330322,-0.01084254575410859,0,1639.4300537109375,0.0,-542.2949267577969,191,365.5611877441406,0.6927825636075445,-307.76998266601004,0,135.26730346679688,0.0,1635.2037494430551,0,220.1595001220703,0.0,0.0
2026-09-11,2026-09-11T10:40:00-04:00,bar_close,30962.95198088841,100515.60081511692,69552.64883422852,69552.64883422852,0.691958743420934,0.691958743420934,390.224242866516,780448.4857330322,-0.013487931270301456,0,1634.2900390625,0.0,-542.2949267577969,191,364.1499938964844,0.691958743420934,-577.3080075683538,0,134.4199981689453,0.0,1635.2037494430551,0,220.10000610351562,0.0,0.0
2026-09-11,2026-09-11T10:40:00-04:00,open_before_orders,30962.95198088841,100511.7829135056,69548.83093261719,69548.83093261719,0.6919470425916804,0.6919470425916804,390.224242866516,780448.4857330322,-0.013525402130409314,0,1633.81494140625,0.0,-542.2949267577969,191,364.1300048828125,0.6919470425916804,-581.1259091796819,0,134.40060424804688,0.0,1635.2037494430551,0,220.10980224609375,0.0,0.0
2026-09-11,2026-09-11T10:40:00-04:00,after_fill,55347.46395287327,100499.58455834203,45152.12060546875,45152.12060546875,0.4492766890917548,0.4492766890917548,402.4225980300902,804845.1960601807,-0.013645123094020106,0,1633.81494140625,0.0,-542.2949267577969,124,364.1300048828125,0.4492766890917548,-593.3242643432604,0,134.40060424804688,0.0,1635.2037494430551,0,220.10980224609375,0.0,0.0
2026-09-11,2026-09-11T10:45:00-04:00,bar_close,55347.46395287327,100580.1838015061,45232.71984863281,45232.71984863281,0.4497180074546204,0.4497180074546204,402.4225980300902,804845.1960601807,-0.012854080455195538,0,1628.5699462890625,0.0,-542.2949267577969,124,364.7799987792969,0.4497180074546204,-512.7250211791979,0,134.2899932861328,0.0,1635.2037494430551,0,219.78810119628906,0.0,0.0
2026-09-11,2026-09-11T10:45:00-04:00,open_before_orders,55347.46395287327,100580.80440697484,45233.34045410156,45233.34045410156,0.44972140281436074,0.44972140281436074,402.4225980300902,804845.1960601807,-0.012847989512298374,0,1629.0,0.0,-542.2949267577969,124,364.7850036621094,0.44972140281436074,-512.1044157104479,0,134.3800048828125,0.0,1635.2037494430551,0,219.77999877929688,0.0,0.0
2026-09-11,2026-09-11T10:45:00-04:00,after_fill,55712.06656403355,100580.622014473,44868.55545043945,44868.55545043945,0.4460954262540066,0.4460954262540066,402.60499053192126,805209.9810638428,-0.012849779606600609,0,1629.0,0.0,-542.2949267577969,123,364.7850036621094,0.4460954262540066,-512.2868082122804,0,134.3800048828125,0.0,1635.2037494430551,0,219.77999877929688,0.0,0.0
2026-09-11,2026-09-11T10:50:00-04:00,bar_close,55712.06656403355,100754.6680654984,45042.601501464844,45042.601501464844,0.44705225441449165,0.44705225441449165,402.60499053192126,805209.9810638428,-0.01114160168736289,0,1629.969970703125,0.0,-542.2949267577969,123,366.20001220703125,0.44705225441449165,-338.2407571868898,0,135.27999877929688,0.0,1635.2037494430551,0,219.989501953125,0.0,0.0
2026-09-11,2026-09-11T10:50:00-04:00,open_before_orders,55712.06656403355,100755.89551300816,45043.82894897461,45043.82894897461,0.4470589906390063,0.4470589906390063,402.60499053192126,805209.9810638428,-0.01112955488296341,0,1629.5,0.0,-542.2949267577969,123,366.2099914550781,0.4470589906390063,-337.0133096771242,0,135.21499633789062,0.0,1635.2037494430551,0,219.97000122070312,0.0,0.0
2026-09-11,2026-09-11T10:50:00-04:00,after_fill,56078.0934504929,100755.71240801243,44677.61895751953,44677.61895751953,0.4434251705411654,0.4434251705411654,402.7880955276488,805576.1910552979,-0.011131351970049108,0,1629.5,0.0,-542.2949267577969,122,366.2099914550781,0.4434251705411654,-337.19641467284964,0,135.21499633789062,0.0,1635.2037494430551,0,219.97000122070312,0.0,0.0
2026-09-11,2026-09-11T10:55:00-04:00,bar_close,56078.0934504929,100605.65479082493,44527.56134033203,44527.56134033203,0.4425950154880645,0.4425950154880645,402.7880955276488,805576.1910552979,-0.012604094998592275,0,1631.864990234375,0.0,-542.2949267577969,122,364.9800109863281,0.4425950154880645,-487.25403186034964,0,136.0500030517578,0.0,1635.2037494430551,0,219.625,0.0,0.0
2026-09-11,2026-09-11T10:55:00-04:00,open_before_orders,56078.0934504929,100605.65479082493,44527.56134033203,44527.56134033203,0.4425950154880645,0.4425950154880645,402.7880955276488,805576.1910552979,-0.012604094998592275,0,1630.469970703125,0.0,-542.2949267577969,122,364.9800109863281,0.4425950154880645,-487.25403186034964,0,136.07000732421875,0.0,1635.2037494430551,0,219.625,0.0,0.0
2026-09-11,2026-09-11T10:55:00-04:00,after_fill,45187.05006426244,100600.21199053197,55413.16192626953,55413.16192626953,0.5508254985733505,0.5508254985733505,408.23089582061755,816461.7916412354,-0.01265751345436572,0,1630.469970703125,0.0,-542.2949267577969,122,364.9800109863281,0.4426189613250791,-487.25403186034964,80,136.07000732421875,0.10820653724827144,1629.760949150088,0,219.625,0.0,0.0
2026-09-11,2026-09-11T11:00:00-04:00,bar_close,45187.05006426244,100600.87031572728,55413.820251464844,55413.820251464844,0.5508284379404799,0.5508284379404799,408.23089582061755,816461.7916412354,-0.01265105231057262,0,1634.6600341796875,0.0,-542.2949267577969,122,364.9100036621094,0.44253116605311843,-495.79492541503714,80,136.18499755859375,0.10829727188736138,1638.960167900088,0,219.47000122070312,0.0,0.0
2026-09-11,2026-09-11T11:00:00-04:00,open_before_orders,45187.05006426244,100592.64857500463,55405.59851074219,55405.59851074219,0.5507917257932647,0.5507917257932647,408.23089582061755,816461.7916412354,-0.012731744724318261,0,1634.9849853515625,0.0,-542.2949267577969,122,364.79998779296875,0.44243390686306067,-509.2168614501934,80,136.25,0.10835781893020405,1644.160363212588,0,219.4499969482422,0.0,0.0
2026-09-11,2026-09-11T11:05:00-04:00,bar_close,45187.05006426244,100602.20863359838,55415.15856933594,55415.15856933594,0.550834413299638,0.550834413299638,408.23089582061755,816461.7916412354,-0.012637917367131712,0,1637.9300537109375,0.0,-542.2949267577969,122,365.17999267578125,0.44285269390761844,-462.8562657470684,80,135.7899932861328,0.10798171939201953,1607.359826103213,0,220.0800018310547,0.0,0.0
2026-09-11,2026-09-11T11:05:00-04:00,open_before_orders,45187.05006426244,100602.01966875463,55414.96960449219,55414.96960449219,0.550833569613744,0.550833569613744,408.23089582061755,816461.7916412354,-0.012639771965795132,0,1637.4849853515625,0.0,-542.2949267577969,122,365.18499755859375,0.44285959515369205,-462.2456700439434,80,135.77999877929688,0.10797397446005189,1606.560265556338,0,220.0800018310547,0.0,0.0
2026-09-11,2026-09-11T11:10:00-04:00,bar_close,45187.05006426244,100671.18141191869,55484.13134765625,55484.13134765625,0.5511421498137634,0.5511421498137634,408.23089582061755,816461.7916412354,-0.011960982864676173,0,1634.6201171875,0.0,-542.2949267577969,122,365.7650146484375,0.443258250884362,-391.4835850830059,80,135.75999450683594,0.10788389892940146,1604.959923759463,0,220.13999938964844,0.0,0.0
2026-09-11,2026-09-11T11:10:00-04:00,open_before_orders,45187.05006426244,100671.449112114,55484.39904785156,55484.39904785156,0.551143343392829,0.551143343392829,408.23089582061755,816461.7916412354,-0.011958355516569652,0,1635.0400390625,0.0,-542.2949267577969,122,365.79998779296875,0.44329945485379985,-387.2168614501934,80,135.7100067138672,0.10784388853902922,1600.960900321963,0,220.14300537109375,0.0,0.0
2026-09-11,2026-09-11T11:10:00-04:00,after_fill,45552.66715206151,100671.2662121201,55118.599060058594,55118.599060058594,0.5475107360219406,0.5475107360219406,408.41379581451406,816827.5916290283,-0.011960150591661334,0,1635.0400390625,0.0,-542.2949267577969,121,365.79998779296875,0.43966665155166607,-387.39976144408865,80,135.7100067138672,0.10784408447027453,1600.960900321963,0,220.14300537109375,0.0,0.0
2026-09-11,2026-09-11T11:10:00-04:00,after_fill,45688.309303772025,100671.19835711675,54982.88905334473,54982.88905334473,0.5461630530939023,0.5461630530939023,408.481650817871,816963.3016357422,-0.011960816555742437,0,1635.0400390625,0.0,-542.2949267577969,121,365.79998779296875,0.43966694789841265,-387.39976144408865,79,135.7100067138672,0.10649610519548962,1600.8930453186058,0,220.14300537109375,0.0,0.0
2026-09-11,2026-09-11T11:15:00-04:00,bar_close,45688.309303772025,100661.94077349859,54973.63146972656,54973.63146972656,0.5461213150402475,0.5461213150402475,408.481650817871,816963.3016357422,-0.012051675267151674,0,1624.6800537109375,0.0,-542.2949267577969,121,365.73980712890625,0.43963504302162837,-394.68162179565115,79,135.68499755859375,0.10648627201861921,1598.9173220520042,0,219.7805938720703,0.0,0.0
2026-09-11,2026-09-11T11:15:00-04:00,open_before_orders,45688.309303772025,100656.67992449956,54968.37062072754,54968.37062072754,0.5460975929462222,0.5460975929462222,408.481650817871,816963.3016357422,-0.012103307958865384,0,1624.6800537109375,0.0,-542.2949267577969,121,365.7257080078125,0.4396410720295802,-396.3876154479949,79,135.63999938964844,0.106456520916642,1595.3624667053246,0,219.7982940673828,0.0,0.0
2026-09-11,2026-09-11T11:20:00-04:00,bar_close,45688.309303772025,100880.26801348882,55191.9587097168,55191.9587097168,0.5471036090262668,0.5471036090262668,408.481650817871,816963.3016357422,-0.009908898867904248,0,1631.7449951171875,0.0,-542.2949267577969,121,367.1099853515625,0.4403270243255061,-228.8900568542449,79,136.35000610351562,0.10677658470076075,1651.4529971008324,0,220.16000366210938,0.0,0.0
2026-09-11,2026-09-11T11:20:00-04:00,open_before_orders,45688.309303772025,100877.15979815679,55188.850494384766,55188.850494384766,0.5470896544352666,0.5470896544352666,408.481650817871,816963.3016357422,-0.009939404499989202,0,1631.421142578125,0.0,-542.2949267577969,121,367.1300048828125,0.4403646046310673,-226.4676935729949,79,136.27999877929688,0.10672504980419928,1645.922418487551,0,220.18739318847656,0.0,0.0
2026-09-11,2026-09-11T11:20:00-04:00,after_fill,68072.04213647466,100865.96233300786,32793.9201965332,32793.9201965332,0.3251237527310198,0.3251237527310198,419.6791159667968,839358.2319335938,-0.010049302211578404,0,1631.421142578125,0.0,-542.2949267577969,60,367.1300048828125,0.2183868550249311,-237.6651587219203,79,136.27999877929688,0.10673689770608867,1645.922418487551,0,220.18739318847656,0.0,0.0
2026-09-11,2026-09-11T11:25:00-04:00,bar_close,68072.04213647466,100756.09172753911,32684.049591064453,32684.049591064453,0.32438782639016456,0.32438782639016456,419.6791159667968,839358.2319335938,-0.011127629132122063,0,1640.385009765625,0.0,-542.2949267577969,60,365.4700012207031,0.21763646939124648,-337.2653784484828,79,136.14999389648438,0.10675135699891809,1635.6520327453636,0,220.16690063476562,0.0,0.0
2026-09-11,2026-09-11T11:25:00-04:00,open_before_orders,68072.04213647466,100760.83274011235,32688.790603637695,32688.790603637695,0.32441961538716485,0.32441961538716485,419.6791159667968,839358.2319335938,-0.01108109838382454,0,1640.7099609375,0.0,-542.2949267577969,60,365.4700012207031,0.21762622913012794,-337.2653784484828,79,136.2100067138672,0.1067933862570369,1640.3930453186058,0,220.14999389648438,0.0,0.0
2026-09-11,2026-09-11T11:25:00-04:00,after_fill,89989.27810968022,100749.86864007573,10760.590530395508,10760.590530395508,0.10680500804261316,0.10680500804261316,430.64321600341793,861286.4320068359,-0.011188705729561654,0,1640.7099609375,0.0,-542.2949267577969,0,365.4700012207031,0.0,-348.2294784851001,79,136.2100067138672,0.10680500804261316,1640.3930453186058,0,220.14999389648438,0.0,0.0
2026-09-11,2026-09-11T11:30:00-04:00,bar_close,89989.27810968022,100760.13782037358,10770.85971069336,10770.85971069336,0.10689603987932919,0.10689603987932919,430.64321600341793,861286.4320068359,-0.011087918685385056,0,1642.0150146484375,0.0,-542.2949267577969,0,366.3299865722656,0.0,-348.2294784851001,79,136.33999633789062,0.10689603987932919,1650.6622256164574,0,220.1800994873047,0.0,0.0
2026-09-11,2026-09-11T11:30:00-04:00,open_before_orders,89989.27810968022,100760.92859185796,10771.650482177734,10771.650482177734,0.10690304895669792,0.10690304895669792,430.64321600341793,861286.4320068359,-0.01108015764524184,0,1642.0150146484375,0.0,-542.2949267577969,0,366.2300109863281,0.0,-348.2294784851001,79,136.35000610351562,0.10690304895669792,1651.4529971008324,0,220.17999267578125,0.0,0.0
2026-09-11,2026-09-11T11:30:00-04:00,after_fill,90125.55994078069,100760.8604168549,10635.300476074219,10635.300476074219,0.10554991722058761,0.10554991722058761,430.7113910064697,861422.7820129395,-0.011080826749965356,0,1642.0150146484375,0.0,-542.2949267577969,0,366.2300109863281,0.0,-348.2294784851001,78,136.35000610351562,0.10554991722058761,1651.3848220977798,0,220.17999267578125,0.0,0.0
2026-09-11,2026-09-11T11:35:00-04:00,bar_close,90125.55994078069,100769.44046446233,10643.88052368164,10643.88052368164,0.1056260754711181,0.1056260754711181,430.7113910064697,861422.7820129395,-0.010996617727223046,0,1639.6400146484375,0.0,-542.2949267577969,0,365.8511047363281,0.0,-348.2294784851001,78,136.4600067138672,0.1056260754711181,1659.9648697052016,0,219.8300018310547,0.0,0.0
2026-09-11,2026-09-11T11:35:00-04:00,open_before_orders,90125.55994078069,100771.78036924748,10646.220428466797,10646.220428466797,0.10564684269204103,0.10564684269204103,430.7113910064697,861422.7820129395,-0.010973652692029434,0,1639.8399658203125,0.0,-542.2949267577969,0,365.95001220703125,0.0,-348.2294784851001,78,136.49000549316406,0.10564684269204103,1662.3047744903579,0,219.8300018310547,0.0,0.0
2026-09-11,2026-09-11T11:40:00-04:00,bar_close,90125.55994078069,100741.3604168549,10615.800476074219,10615.800476074219,0.10537678300300284,0.10537678300300284,430.7113910064697,861422.7820129395,-0.011272209830643698,0,1641.6500244140625,0.0,-542.2949267577969,0,365.8254089355469,0.0,-348.2294784851001,78,136.10000610351562,0.10537678300300284,1631.8848220977798,0,219.75,0.0,0.0
2026-09-11,2026-09-11T11:40:00-04:00,open_before_orders,90125.55994078069,100745.25946470647,10619.699523925781,10619.699523925781,0.10541140675354677,0.10541140675354677,430.7113910064697,861422.7820129395,-0.011233942559385035,0,1641.300048828125,0.0,-542.2949267577969,0,365.8349914550781,0.0,-348.2294784851001,78,136.14999389648438,0.10541140675354677,1635.7838699493423,0,219.75,0.0,0.0
2026-09-11,2026-09-11T11:40:00-04:00,after_fill,90261.64185968023,100745.19138970952,10483.549530029297,10483.549530029297,0.10406004877668161,0.10406004877668161,430.77946600341795,861558.9320068359,-0.011234610682597013,0,1641.300048828125,0.0,-542.2949267577969,0,365.8349914550781,0.0,-348.2294784851001,77,136.14999389648438,0.10406004877668161,1635.7157949523935,0,219.75,0.0,0.0
2026-09-11,2026-09-11T11:45:00-04:00,bar_close,90261.64185968023,100730.9465776978,10469.304718017578,10469.304718017578,0.10393334991587898,0.10393334991587898,430.77946600341795,861558.9320068359,-0.01137441663164751,0,1645.3299560546875,0.0,-542.2949267577969,0,365.5,0.0,-348.2294784851001,77,135.96499633789062,0.10393334991587898,1621.4709829406747,0,219.57000732421875,0.0,0.0
2026-09-11,2026-09-11T11:45:00-04:00,open_before_orders,90261.64185968023,100729.0220476685,10467.380187988281,10467.380187988281,0.10391622965459497,0.10391622965459497,430.77946600341795,861558.9320068359,-0.011393304964256057,0,1644.7099609375,0.0,-542.2949267577969,0,365.45001220703125,0.0,-348.2294784851001,77,135.94000244140625,0.10391622965459497,1619.5464529113779,0,219.57000732421875,0.0,0.0
2026-09-11,2026-09-11T11:50:00-04:00,bar_close,90261.64185968023,100687.44138970952,10425.799530029297,10425.799530029297,0.10354617602880946,0.10354617602880946,430.77946600341795,861558.9320068359,-0.011801399036913574,0,1647.4300537109375,0.0,-542.2949267577969,0,364.3699951171875,0.0,-348.2294784851001,77,135.39999389648438,0.10354617602880946,1577.9657949523935,0,219.72999572753906,0.0,0.0
2026-09-11,2026-09-11T11:50:00-04:00,open_before_orders,90261.64185968023,100683.59232965093,10421.950469970703,10421.950469970703,0.10351190525510758,0.10351190525510758,430.77946600341795,861558.9320068359,-0.011839175702130444,0,1647.280029296875,0.0,-542.2949267577969,0,364.3699951171875,0.0,-348.2294784851001,77,135.35000610351562,0.10351190525510758,1574.1167348937997,0,219.74000549316406,0.0,0.0
2026-09-11,2026-09-11T11:55:00-04:00,bar_close,90261.64185968023,100539.9869066773,10278.34504699707,10278.34504699707,0.1022314142186788,0.1022314142186788,430.77946600341795,861558.9320068359,-0.01324859356114616,0,1638.1700439453125,0.0,-542.2949267577969,0,365.1099853515625,0.0,-348.2294784851001,77,133.48500061035156,0.1022314142186788,1430.511311920167,0,219.59779357910156,0.0,0.0
2026-09-11,2026-09-11T11:55:00-04:00,open_before_orders,90261.64185968023,100539.60153070073,10277.959671020508,10277.959671020508,0.10222797300307615,0.10222797300307615,430.77946600341795,861558.9320068359,-0.013252375840203334,0,1638.1700439453125,0.0,-542.2949267577969,0,365.1199951171875,0.0,-348.2294784851001,77,133.47999572753906,0.10222797300307615,1430.1259359436044,0,219.61000061035156,0.0,0.0
2026-09-11,2026-09-11T11:55:00-04:00,after_fill,100534.46255086522,100534.46255086522,0.0,0.0,0.0,0.0,435.9184458389282,871836.8916778564,-0.013302812444945022,0,1638.1700439453125,0.0,-542.2949267577969,0,365.1199951171875,0.0,-348.2294784851001,0,133.47999572753906,0.0,1424.986956108096,0,219.61000061035156,0.0,0.0
2026-09-11,2026-09-11T12:00:00-04:00,bar_close,100534.46255086522,100534.46255086522,0.0,0.0,0.0,0.0,435.9184458389282,871836.8916778564,-0.013302812444945022,0,1640.5450439453125,0.0,-542.2949267577969,0,365.1199951171875,0.0,-348.2294784851001,0,133.52499389648438,0.0,1424.986956108096,0,219.68499755859375,0.0,0.0
2026-09-11,2026-09-11T12:00:00-04:00,open_before_orders,100534.46255086522,100534.46255086522,0.0,0.0,0.0,0.0,435.9184458389282,871836.8916778564,-0.013302812444945022,0,1640.550048828125,0.0,-542.2949267577969,0,365.17999267578125,0.0,-348.2294784851001,0,133.52000427246094,0.0,1424.986956108096,0,219.67999267578125,0.0,0.0
2026-09-11,2026-09-11T12:05:00-04:00,bar_close,100534.46255086522,100534.46255086522,0.0,0.0,0.0,0.0,435.9184458389282,871836.8916778564,-0.013302812444945022,0,1640.9000244140625,0.0,-542.2949267577969,0,366.360107421875,0.0,-348.2294784851001,0,134.22000122070312,0.0,1424.986956108096,0,219.92999267578125,0.0,0.0
2026-09-11,2026-09-11T12:05:00-04:00,open_before_orders,100534.46255086522,100534.46255086522,0.0,0.0,0.0,0.0,435.9184458389282,871836.8916778564,-0.013302812444945022,0,1641.7899169921875,0.0,-542.2949267577969,0,366.360107421875,0.0,-348.2294784851001,0,134.23500061035156,0.0,1424.986956108096,0,219.94000244140625,0.0,0.0
2026-09-11,2026-09-11T12:10:00-04:00,bar_close,100534.46255086522,100534.46255086522,0.0,0.0,0.0,0.0,435.9184458389282,871836.8916778564,-0.013302812444945022,0,1634.52001953125,0.0,-542.2949267577969,0,365.45001220703125,0.0,-348.2294784851001,0,134.32000732421875,0.0,1424.986956108096,0,219.875,0.0,0.0
2026-09-11,2026-09-11T12:10:00-04:00,open_before_orders,100534.46255086522,100534.46255086522,0.0,0.0,0.0,0.0,435.9184458389282,871836.8916778564,-0.013302812444945022,0,1634.6800537109375,0.0,-542.2949267577969,0,365.4700012207031,0.0,-348.2294784851001,0,134.3699951171875,0.0,1424.986956108096,0,219.87010192871094,0.0,0.0
2026-09-11,2026-09-11T12:15:00-04:00,bar_close,100534.46255086522,100534.46255086522,0.0,0.0,0.0,0.0,435.9184458389282,871836.8916778564,-0.013302812444945022,0,1631.1500244140625,0.0,-542.2949267577969,0,365.07000732421875,0.0,-348.2294784851001,0,133.625,0.0,1424.986956108096,0,219.5800018310547,0.0,0.0
2026-09-11,2026-09-11T12:15:00-04:00,open_before_orders,100534.46255086522,100534.46255086522,0.0,0.0,0.0,0.0,435.9184458389282,871836.8916778564,-0.013302812444945022,0,1631.800048828125,0.0,-542.2949267577969,0,365.0799865722656,0.0,-348.2294784851001,0,133.6280059814453,0.0,1424.986956108096,0,219.5800018310547,0.0,0.0
2026-09-11,2026-09-11T12:20:00-04:00,bar_close,100534.46255086522,100534.46255086522,0.0,0.0,0.0,0.0,435.9184458389282,871836.8916778564,-0.013302812444945022,0,1633.8299560546875,0.0,-542.2949267577969,0,364.7799987792969,0.0,-348.2294784851001,0,133.1300048828125,0.0,1424.986956108096,0,219.25999450683594,0.0,0.0
2026-09-11,2026-09-11T12:20:00-04:00,open_before_orders,100534.46255086522,100534.46255086522,0.0,0.0,0.0,0.0,435.9184458389282,871836.8916778564,-0.013302812444945022,0,1633.4449462890625,0.0,-542.2949267577969,0,364.80499267578125,0.0,-348.2294784851001,0,133.1999969482422,0.0,1424.986956108096,0,219.27499389648438,0.0,0.0
2026-09-11,2026-09-11T12:25:00-04:00,bar_close,100534.46255086522,100534.46255086522,0.0,0.0,0.0,0.0,435.9184458389282,871836.8916778564,-0.013302812444945022,0,1632.68505859375,0.0,-542.2949267577969,0,364.3500061035156,0.0,-348.2294784851001,0,133.1999969482422,0.0,1424.986956108096,0,219.20620727539062,0.0,0.0
2026-09-11,2026-09-11T12:25:00-04:00,open_before_orders,100534.46255086522,100534.46255086522,0.0,0.0,0.0,0.0,435.9184458389282,871836.8916778564,-0.013302812444945022,0,1632.30126953125,0.0,-542.2949267577969,0,364.3450012207031,0.0,-348.2294784851001,0,133.18800354003906,0.0,1424.986956108096,0,219.2100067138672,0.0,0.0
2026-09-11,2026-09-11T12:30:00-04:00,bar_close,100534.46255086522,100534.46255086522,0.0,0.0,0.0,0.0,435.9184458389282,871836.8916778564,-0.013302812444945022,0,1625.5799560546875,0.0,-542.2949267577969,0,365.05999755859375,0.0,-348.2294784851001,0,133.75999450683594,0.0,1424.986956108096,0,219.16000366210938,0.0,0.0
2026-09-11,2026-09-11T12:30:00-04:00,open_before_orders,100534.46255086522,100534.46255086522,0.0,0.0,0.0,0.0,435.9184458389282,871836.8916778564,-0.013302812444945022,0,1625.5400390625,0.0,-542.2949267577969,0,365.0304870605469,0.0,-348.2294784851001,0,133.75999450683594,0.0,1424.986956108096,0,219.16000366210938,0.0,0.0
2026-09-11,2026-09-11T12:35:00-04:00,bar_close,100534.46255086522,100534.46255086522,0.0,0.0,0.0,0.0,435.9184458389282,871836.8916778564,-0.013302812444945022,0,1629.300048828125,0.0,-542.2949267577969,0,365.6777038574219,0.0,-348.2294784851001,0,133.75,0.0,1424.986956108096,0,219.14500427246094,0.0,0.0
2026-09-11,2026-09-11T12:35:00-04:00,open_before_orders,100534.46255086522,100534.46255086522,0.0,0.0,0.0,0.0,435.9184458389282,871836.8916778564,-0.013302812444945022,0,1629.0,0.0,-542.2949267577969,0,365.75,0.0,-348.2294784851001,0,133.6999969482422,0.0,1424.986956108096,0,219.14500427246094,0.0,0.0
2026-09-11,2026-09-11T12:40:00-04:00,bar_close,100534.46255086522,100534.46255086522,0.0,0.0,0.0,0.0,435.9184458389282,871836.8916778564,-0.013302812444945022,0,1629.9200439453125,0.0,-542.2949267577969,0,364.8125915527344,0.0,-348.2294784851001,0,133.16000366210938,0.0,1424.986956108096,0,218.7550048828125,0.0,0.0
2026-09-11,2026-09-11T12:40:00-04:00,open_before_orders,100534.46255086522,100534.46255086522,0.0,0.0,0.0,0.0,435.9184458389282,871836.8916778564,-0.013302812444945022,0,1629.4949951171875,0.0,-542.2949267577969,0,364.8699951171875,0.0,-348.2294784851001,0,133.19000244140625,0.0,1424.986956108096,0,218.75999450683594,0.0,0.0
2026-09-11,2026-09-11T12:45:00-04:00,bar_close,100534.46255086522,100534.46255086522,0.0,0.0,0.0,0.0,435.9184458389282,871836.8916778564,-0.013302812444945022,0,1632.300048828125,0.0,-542.2949267577969,0,365.375,0.0,-348.2294784851001,0,133.96009826660156,0.0,1424.986956108096,0,219.11990356445312,0.0,0.0
2026-09-11,2026-09-11T12:45:00-04:00,open_before_orders,100534.46255086522,100534.46255086522,0.0,0.0,0.0,0.0,435.9184458389282,871836.8916778564,-0.013302812444945022,0,1632.2950439453125,0.0,-542.2949267577969,0,365.3800048828125,0.0,-348.2294784851001,0,133.9600067138672,0.0,1424.986956108096,0,219.11500549316406,0.0,0.0
2026-09-11,2026-09-11T12:50:00-04:00,bar_close,100534.46255086522,100534.46255086522,0.0,0.0,0.0,0.0,435.9184458389282,871836.8916778564,-0.013302812444945022,0,1626.9949951171875,0.0,-542.2949267577969,0,365.239990234375,0.0,-348.2294784851001,0,133.6999969482422,0.0,1424.986956108096,0,218.96969604492188,0.0,0.0
2026-09-11,2026-09-11T12:50:00-04:00,open_before_orders,100534.46255086522,100534.46255086522,0.0,0.0,0.0,0.0,435.9184458389282,871836.8916778564,-0.013302812444945022,0,1626.9949951171875,0.0,-542.2949267577969,0,365.218994140625,0.0,-348.2294784851001,0,133.69000244140625,0.0,1424.986956108096,0,218.96499633789062,0.0,0.0
2026-09-11,2026-09-11T12:55:00-04:00,bar_close,100534.46255086522,100534.46255086522,0.0,0.0,0.0,0.0,435.9184458389282,871836.8916778564,-0.013302812444945022,0,1630.5301513671875,0.0,-542.2949267577969,0,365.58990478515625,0.0,-348.2294784851001,0,133.30999755859375,0.0,1424.986956108096,0,219.02499389648438,0.0,0.0
2026-09-11,2026-09-11T12:55:00-04:00,open_before_orders,100534.46255086522,100534.46255086522,0.0,0.0,0.0,0.0,435.9184458389282,871836.8916778564,-0.013302812444945022,0,1631.030029296875,0.0,-542.2949267577969,0,365.55499267578125,0.0,-348.2294784851001,0,133.3000030517578,0.0,1424.986956108096,0,219.02499389648438,0.0,0.0
2026-09-11,2026-09-11T13:00:00-04:00,bar_close,100534.46255086522,100534.46255086522,0.0,0.0,0.0,0.0,435.9184458389282,871836.8916778564,-0.013302812444945022,0,1632.580810546875,0.0,-542.2949267577969,0,364.82000732421875,0.0,-348.2294784851001,0,133.47999572753906,0.0,1424.986956108096,0,219.10499572753906,0.0,0.0
2026-09-11,2026-09-11T13:00:00-04:00,open_before_orders,100534.46255086522,100534.46255086522,0.0,0.0,0.0,0.0,435.9184458389282,871836.8916778564,-0.013302812444945022,0,1632.239990234375,0.0,-542.2949267577969,0,364.8399963378906,0.0,-348.2294784851001,0,133.53199768066406,0.0,1424.986956108096,0,219.11000061035156,0.0,0.0
2026-09-11,2026-09-11T13:05:00-04:00,bar_close,100534.46255086522,100534.46255086522,0.0,0.0,0.0,0.0,435.9184458389282,871836.8916778564,-0.013302812444945022,0,1633.5400390625,0.0,-542.2949267577969,0,364.7200012207031,0.0,-348.2294784851001,0,133.72999572753906,0.0,1424.986956108096,0,219.05760192871094,0.0,0.0
2026-09-11,2026-09-11T13:05:00-04:00,open_before_orders,100534.46255086522,100534.46255086522,0.0,0.0,0.0,0.0,435.9184458389282,871836.8916778564,-0.013302812444945022,0,1633.4420166015625,0.0,-542.2949267577969,0,364.7449951171875,0.0,-348.2294784851001,0,133.6999969482422,0.0,1424.986956108096,0,219.05499267578125,0.0,0.0
2026-09-11,2026-09-11T13:10:00-04:00,bar_close,100534.46255086522,100534.46255086522,0.0,0.0,0.0,0.0,435.9184458389282,871836.8916778564,-0.013302812444945022,0,1636.5150146484375,0.0,-542.2949267577969,0,365.2799987792969,0.0,-348.2294784851001,0,133.73500061035156,0.0,1424.986956108096,0,219.1199951171875,0.0,0.0
2026-09-11,2026-09-11T13:10:00-04:00,open_before_orders,100534.46255086522,100534.46255086522,0.0,0.0,0.0,0.0,435.9184458389282,871836.8916778564,-0.013302812444945022,0,1636.81005859375,0.0,-542.2949267577969,0,365.2799987792969,0.0,-348.2294784851001,0,133.64500427246094,0.0,1424.986956108096,0,219.1199951171875,0.0,0.0
2026-09-11,2026-09-11T13:15:00-04:00,bar_close,100534.46255086522,100534.46255086522,0.0,0.0,0.0,0.0,435.9184458389282,871836.8916778564,-0.013302812444945022,0,1633.8201904296875,0.0,-542.2949267577969,0,365.364990234375,0.0,-348.2294784851001,0,133.28500366210938,0.0,1424.986956108096,0,218.98500061035156,0.0,0.0
2026-09-11,2026-09-11T13:15:00-04:00,open_before_orders,100534.46255086522,100534.46255086522,0.0,0.0,0.0,0.0,435.9184458389282,871836.8916778564,-0.013302812444945022,0,1634.31005859375,0.0,-542.2949267577969,0,365.375,0.0,-348.2294784851001,0,133.31979370117188,0.0,1424.986956108096,0,218.98500061035156,0.0,0.0
2026-09-11,2026-09-11T13:20:00-04:00,bar_close,100534.46255086522,100534.46255086522,0.0,0.0,0.0,0.0,435.9184458389282,871836.8916778564,-0.013302812444945022,0,1633.4100341796875,0.0,-542.2949267577969,0,365.5450134277344,0.0,-348.2294784851001,0,133.46499633789062,0.0,1424.986956108096,0,219.3179931640625,0.0,0.0
2026-09-11,2026-09-11T13:20:00-04:00,open_before_orders,100534.46255086522,100534.46255086522,0.0,0.0,0.0,0.0,435.9184458389282,871836.8916778564,-0.013302812444945022,0,1634.0150146484375,0.0,-542.2949267577969,0,365.5450134277344,0.0,-348.2294784851001,0,133.46710205078125,0.0,1424.986956108096,0,219.3394012451172,0.0,0.0
2026-09-11,2026-09-11T13:25:00-04:00,bar_close,100534.46255086522,100534.46255086522,0.0,0.0,0.0,0.0,435.9184458389282,871836.8916778564,-0.013302812444945022,0,1636.050048828125,0.0,-542.2949267577969,0,365.2799987792969,0.0,-348.2294784851001,0,133.55999755859375,0.0,1424.986956108096,0,219.32000732421875,0.0,0.0
2026-09-11,2026-09-11T13:25:00-04:00,open_before_orders,100534.46255086522,100534.46255086522,0.0,0.0,0.0,0.0,435.9184458389282,871836.8916778564,-0.013302812444945022,0,1636.050048828125,0.0,-542.2949267577969,0,365.3399963378906,0.0,-348.2294784851001,0,133.58999633789062,0.0,1424.986956108096,0,219.30999755859375,0.0,0.0
2026-09-11,2026-09-11T13:30:00-04:00,bar_close,100534.46255086522,100534.46255086522,0.0,0.0,0.0,0.0,435.9184458389282,871836.8916778564,-0.013302812444945022,0,1631.7349853515625,0.0,-542.2949267577969,0,365.95001220703125,0.0,-348.2294784851001,0,133.6199951171875,0.0,1424.986956108096,0,219.25,0.0,0.0
2026-09-11,2026-09-11T13:30:00-04:00,open_before_orders,100534.46255086522,100534.46255086522,0.0,0.0,0.0,0.0,435.9184458389282,871836.8916778564,-0.013302812444945022,0,1631.8260498046875,0.0,-542.2949267577969,0,366.0,0.0,-348.2294784851001,0,133.58999633789062,0.0,1424.986956108096,0,219.25599670410156,0.0,0.0
2026-09-11,2026-09-11T13:35:00-04:00,bar_close,100534.46255086522,100534.46255086522,0.0,0.0,0.0,0.0,435.9184458389282,871836.8916778564,-0.013302812444945022,0,1631.14501953125,0.0,-542.2949267577969,0,366.1099853515625,0.0,-348.2294784851001,0,133.74130249023438,0.0,1424.986956108096,0,219.2100067138672,0.0,0.0
2026-09-11,2026-09-11T13:35:00-04:00,open_before_orders,100534.46255086522,100534.46255086522,0.0,0.0,0.0,0.0,435.9184458389282,871836.8916778564,-0.013302812444945022,0,1631.155029296875,0.0,-542.2949267577969,0,366.1700134277344,0.0,-348.2294784851001,0,133.77999877929688,0.0,1424.986956108096,0,219.22000122070312,0.0,0.0
2026-09-11,2026-09-11T13:40:00-04:00,bar_close,100534.46255086522,100534.46255086522,0.0,0.0,0.0,0.0,435.9184458389282,871836.8916778564,-0.013302812444945022,0,1634.955078125,0.0,-542.2949267577969,0,366.0899963378906,0.0,-348.2294784851001,0,133.27499389648438,0.0,1424.986956108096,0,219.05999755859375,0.0,0.0
2026-09-11,2026-09-11T13:40:00-04:00,open_before_orders,100534.46255086522,100534.46255086522,0.0,0.0,0.0,0.0,435.9184458389282,871836.8916778564,-0.013302812444945022,0,1634.469970703125,0.0,-542.2949267577969,0,366.06500244140625,0.0,-348.2294784851001,0,133.2613983154297,0.0,1424.986956108096,0,219.07000732421875,0.0,0.0
2026-09-11,2026-09-11T13:45:00-04:00,bar_close,100534.46255086522,100534.46255086522,0.0,0.0,0.0,0.0,435.9184458389282,871836.8916778564,-0.013302812444945022,0,1635.81494140625,0.0,-542.2949267577969,0,365.3699951171875,0.0,-348.2294784851001,0,133.44009399414062,0.0,1424.986956108096,0,219.2899932861328,0.0,0.0
2026-09-11,2026-09-11T13:45:00-04:00,open_before_orders,100534.46255086522,100534.46255086522,0.0,0.0,0.0,0.0,435.9184458389282,871836.8916778564,-0.013302812444945022,0,1635.81494140625,0.0,-542.2949267577969,0,365.3699951171875,0.0,-348.2294784851001,0,133.44000244140625,0.0,1424.986956108096,0,219.3000030517578,0.0,0.0
2026-09-11,2026-09-11T13:50:00-04:00,bar_close,100534.46255086522,100534.46255086522,0.0,0.0,0.0,0.0,435.9184458389282,871836.8916778564,-0.013302812444945022,0,1638.2099609375,0.0,-542.2949267577969,0,365.44000244140625,0.0,-348.2294784851001,0,133.47500610351562,0.0,1424.986956108096,0,219.2801055908203,0.0,0.0
2026-09-11,2026-09-11T13:50:00-04:00,open_before_orders,100534.46255086522,100534.46255086522,0.0,0.0,0.0,0.0,435.9184458389282,871836.8916778564,-0.013302812444945022,0,1638.2423095703125,0.0,-542.2949267577969,0,365.43499755859375,0.0,-348.2294784851001,0,133.5299072265625,0.0,1424.986956108096,0,219.2899932861328,0.0,0.0
2026-09-11,2026-09-11T13:55:00-04:00,bar_close,100534.46255086522,100534.46255086522,0.0,0.0,0.0,0.0,435.9184458389282,871836.8916778564,-0.013302812444945022,0,1635.8499755859375,0.0,-542.2949267577969,0,365.0350036621094,0.0,-348.2294784851001,0,132.88999938964844,0.0,1424.986956108096,0,219.2550048828125,0.0,0.0
2026-09-11,2026-09-11T13:55:00-04:00,open_before_orders,100534.46255086522,100534.46255086522,0.0,0.0,0.0,0.0,435.9184458389282,871836.8916778564,-0.013302812444945022,0,1636.22998046875,0.0,-542.2949267577969,0,365.0,0.0,-348.2294784851001,0,132.8800048828125,0.0,1424.986956108096,0,219.25950622558594,0.0,0.0
2026-09-11,2026-09-11T14:00:00-04:00,bar_close,100534.46255086522,100534.46255086522,0.0,0.0,0.0,0.0,435.9184458389282,871836.8916778564,-0.013302812444945022,0,1633.75,0.0,-542.2949267577969,0,365.1199951171875,0.0,-348.2294784851001,0,132.88999938964844,0.0,1424.986956108096,0,219.14500427246094,0.0,0.0
2026-09-11,2026-09-11T14:00:00-04:00,open_before_orders,100534.46255086522,100534.46255086522,0.0,0.0,0.0,0.0,435.9184458389282,871836.8916778564,-0.013302812444945022,0,1634.239990234375,0.0,-542.2949267577969,0,365.1199951171875,0.0,-348.2294784851001,0,132.860107421875,0.0,1424.986956108096,0,219.13999938964844,0.0,0.0
2026-09-11,2026-09-11T14:05:00-04:00,bar_close,100534.46255086522,100534.46255086522,0.0,0.0,0.0,0.0,435.9184458389282,871836.8916778564,-0.013302812444945022,0,1637.5799560546875,0.0,-542.2949267577969,0,365.05999755859375,0.0,-348.2294784851001,0,131.5,0.0,1424.986956108096,0,219.139892578125,0.0,0.0
2026-09-11,2026-09-11T14:05:00-04:00,open_before_orders,100534.46255086522,100534.46255086522,0.0,0.0,0.0,0.0,435.9184458389282,871836.8916778564,-0.013302812444945022,0,1637.2249755859375,0.0,-542.2949267577969,0,365.07000732421875,0.0,-348.2294784851001,0,131.47999572753906,0.0,1424.986956108096,0,219.1300048828125,0.0,0.0
2026-09-11,2026-09-11T14:10:00-04:00,bar_close,100534.46255086522,100534.46255086522,0.0,0.0,0.0,0.0,435.9184458389282,871836.8916778564,-0.013302812444945022,0,1633.5400390625,0.0,-542.2949267577969,0,364.885009765625,0.0,-348.2294784851001,0,131.0800018310547,0.0,1424.986956108096,0,219.19500732421875,0.0,0.0
2026-09-11,2026-09-11T14:10:00-04:00,open_before_orders,100534.46255086522,100534.46255086522,0.0,0.0,0.0,0.0,435.9184458389282,871836.8916778564,-0.013302812444945022,0,1633.6099853515625,0.0,-542.2949267577969,0,364.9100036621094,0.0,-348.2294784851001,0,131.11000061035156,0.0,1424.986956108096,0,219.1999969482422,0.0,0.0
2026-09-11,2026-09-11T14:15:00-04:00,bar_close,100534.46255086522,100534.46255086522,0.0,0.0,0.0,0.0,435.9184458389282,871836.8916778564,-0.013302812444945022,0,1632.22998046875,0.0,-542.2949267577969,0,365.3500061035156,0.0,-348.2294784851001,0,131.1999969482422,0.0,1424.986956108096,0,219.1999969482422,0.0,0.0
2026-09-11,2026-09-11T14:15:00-04:00,open_before_orders,100534.46255086522,100534.46255086522,0.0,0.0,0.0,0.0,435.9184458389282,871836.8916778564,-0.013302812444945022,0,1632.2850341796875,0.0,-542.2949267577969,0,365.32879638671875,0.0,-348.2294784851001,0,131.2010040283203,0.0,1424.986956108096,0,219.18739318847656,0.0,0.0
2026-09-11,2026-09-11T14:20:00-04:00,bar_close,100534.46255086522,100534.46255086522,0.0,0.0,0.0,0.0,435.9184458389282,871836.8916778564,-0.013302812444945022,0,1634.9599609375,0.0,-542.2949267577969,0,365.489990234375,0.0,-348.2294784851001,0,131.8249969482422,0.0,1424.986956108096,0,219.25999450683594,0.0,0.0
2026-09-11,2026-09-11T14:20:00-04:00,open_before_orders,100534.46255086522,100534.46255086522,0.0,0.0,0.0,0.0,435.9184458389282,871836.8916778564,-0.013302812444945022,0,1634.81494140625,0.0,-542.2949267577969,0,365.5199890136719,0.0,-348.2294784851001,0,131.75,0.0,1424.986956108096,0,219.27999877929688,0.0,0.0
2026-09-11,2026-09-11T14:25:00-04:00,bar_close,100534.46255086522,100534.46255086522,0.0,0.0,0.0,0.0,435.9184458389282,871836.8916778564,-0.013302812444945022,0,1632.4599609375,0.0,-542.2949267577969,0,364.9549865722656,0.0,-348.2294784851001,0,131.2801055908203,0.0,1424.986956108096,0,219.36990356445312,0.0,0.0
2026-09-11,2026-09-11T14:25:00-04:00,open_before_orders,100534.46255086522,100534.46255086522,0.0,0.0,0.0,0.0,435.9184458389282,871836.8916778564,-0.013302812444945022,0,1632.7099609375,0.0,-542.2949267577969,0,364.9200134277344,0.0,-348.2294784851001,0,131.32000732421875,0.0,1424.986956108096,0,219.36500549316406,0.0,0.0
2026-09-11,2026-09-11T14:30:00-04:00,bar_close,100534.46255086522,100534.46255086522,0.0,0.0,0.0,0.0,435.9184458389282,871836.8916778564,-0.013302812444945022,0,1632.35498046875,0.0,-542.2949267577969,0,365.0101013183594,0.0,-348.2294784851001,0,131.6300048828125,0.0,1424.986956108096,0,219.50999450683594,0.0,0.0
2026-09-11,2026-09-11T14:30:00-04:00,open_before_orders,100534.46255086522,100534.46255086522,0.0,0.0,0.0,0.0,435.9184458389282,871836.8916778564,-0.013302812444945022,0,1632.6700439453125,0.0,-542.2949267577969,0,365.06500244140625,0.0,-348.2294784851001,0,131.60000610351562,0.0,1424.986956108096,0,219.5050048828125,0.0,0.0
2026-09-11,2026-09-11T14:35:00-04:00,bar_close,100534.46255086522,100534.46255086522,0.0,0.0,0.0,0.0,435.9184458389282,871836.8916778564,-0.013302812444945022,0,1636.300048828125,0.0,-542.2949267577969,0,364.81500244140625,0.0,-348.2294784851001,0,131.7050018310547,0.0,1424.986956108096,0,219.9149932861328,0.0,0.0
2026-09-11,2026-09-11T14:35:00-04:00,open_before_orders,100534.46255086522,100534.46255086522,0.0,0.0,0.0,0.0,435.9184458389282,871836.8916778564,-0.013302812444945022,0,1636.300048828125,0.0,-542.2949267577969,0,364.79998779296875,0.0,-348.2294784851001,0,131.74000549316406,0.0,1424.986956108096,0,219.9149932861328,0.0,0.0
2026-09-11,2026-09-11T14:40:00-04:00,bar_close,100534.46255086522,100534.46255086522,0.0,0.0,0.0,0.0,435.9184458389282,871836.8916778564,-0.013302812444945022,0,1634.889892578125,0.0,-542.2949267577969,0,364.8399963378906,0.0,-348.2294784851001,0,132.10499572753906,0.0,1424.986956108096,0,219.71499633789062,0.0,0.0
2026-09-11,2026-09-11T14:40:00-04:00,open_before_orders,100534.46255086522,100534.46255086522,0.0,0.0,0.0,0.0,435.9184458389282,871836.8916778564,-0.013302812444945022,0,1634.5150146484375,0.0,-542.2949267577969,0,364.80999755859375,0.0,-348.2294784851001,0,132.13999938964844,0.0,1424.986956108096,0,219.72000122070312,0.0,0.0
2026-09-11,2026-09-11T14:45:00-04:00,bar_close,100534.46255086522,100534.46255086522,0.0,0.0,0.0,0.0,435.9184458389282,871836.8916778564,-0.013302812444945022,0,1636.157958984375,0.0,-542.2949267577969,0,364.6499938964844,0.0,-348.2294784851001,0,131.5399932861328,0.0,1424.986956108096,0,219.64999389648438,0.0,0.0
2026-09-11,2026-09-11T14:45:00-04:00,open_before_orders,100534.46255086522,100534.46255086522,0.0,0.0,0.0,0.0,435.9184458389282,871836.8916778564,-0.013302812444945022,0,1635.969970703125,0.0,-542.2949267577969,0,364.635009765625,0.0,-348.2294784851001,0,131.4949951171875,0.0,1424.986956108096,0,219.65499877929688,0.0,0.0
2026-09-11,2026-09-11T14:50:00-04:00,bar_close,100534.46255086522,100534.46255086522,0.0,0.0,0.0,0.0,435.9184458389282,871836.8916778564,-0.013302812444945022,0,1637.0400390625,0.0,-542.2949267577969,0,364.3247985839844,0.0,-348.2294784851001,0,131.0500030517578,0.0,1424.986956108096,0,219.4600067138672,0.0,0.0
2026-09-11,2026-09-11T14:50:00-04:00,open_before_orders,100534.46255086522,100534.46255086522,0.0,0.0,0.0,0.0,435.9184458389282,871836.8916778564,-0.013302812444945022,0,1637.18505859375,0.0,-542.2949267577969,0,364.30999755859375,0.0,-348.2294784851001,0,131.02499389648438,0.0,1424.986956108096,0,219.44000244140625,0.0,0.0
2026-09-11,2026-09-11T14:55:00-04:00,bar_close,100534.46255086522,100534.46255086522,0.0,0.0,0.0,0.0,435.9184458389282,871836.8916778564,-0.013302812444945022,0,1634.239990234375,0.0,-542.2949267577969,0,364.44000244140625,0.0,-348.2294784851001,0,130.6699981689453,0.0,1424.986956108096,0,219.27999877929688,0.0,0.0
2026-09-11,2026-09-11T14:55:00-04:00,open_before_orders,100534.46255086522,100534.46255086522,0.0,0.0,0.0,0.0,435.9184458389282,871836.8916778564,-0.013302812444945022,0,1634.0,0.0,-542.2949267577969,0,364.44000244140625,0.0,-348.2294784851001,0,130.72000122070312,0.0,1424.986956108096,0,219.27000427246094,0.0,0.0
2026-09-11,2026-09-11T15:00:00-04:00,bar_close,100534.46255086522,100534.46255086522,0.0,0.0,0.0,0.0,435.9184458389282,871836.8916778564,-0.013302812444945022,0,1632.22998046875,0.0,-542.2949267577969,0,365.2250061035156,0.0,-348.2294784851001,0,131.22999572753906,0.0,1424.986956108096,0,219.35000610351562,0.0,0.0
2026-09-11,2026-09-11T15:00:00-04:00,open_before_orders,100534.46255086522,100534.46255086522,0.0,0.0,0.0,0.0,435.9184458389282,871836.8916778564,-0.013302812444945022,0,1632.2099609375,0.0,-542.2949267577969,0,365.2149963378906,0.0,-348.2294784851001,0,131.22000122070312,0.0,1424.986956108096,0,219.33999633789062,0.0,0.0
2026-09-11,2026-09-11T15:05:00-04:00,bar_close,100534.46255086522,100534.46255086522,0.0,0.0,0.0,0.0,435.9184458389282,871836.8916778564,-0.013302812444945022,0,1630.1600341796875,0.0,-542.2949267577969,0,364.9849853515625,0.0,-348.2294784851001,0,131.69500732421875,0.0,1424.986956108096,0,219.22000122070312,0.0,0.0
2026-09-11,2026-09-11T15:05:00-04:00,open_before_orders,100534.46255086522,100534.46255086522,0.0,0.0,0.0,0.0,435.9184458389282,871836.8916778564,-0.013302812444945022,0,1630.0,0.0,-542.2949267577969,0,364.9849853515625,0.0,-348.2294784851001,0,131.75869750976562,0.0,1424.986956108096,0,219.22000122070312,0.0,0.0
2026-09-11,2026-09-11T15:10:00-04:00,bar_close,100534.46255086522,100534.46255086522,0.0,0.0,0.0,0.0,435.9184458389282,871836.8916778564,-0.013302812444945022,0,1631.0,0.0,-542.2949267577969,0,364.3999938964844,0.0,-348.2294784851001,0,131.67999267578125,0.0,1424.986956108096,0,218.85009765625,0.0,0.0
2026-09-11,2026-09-11T15:10:00-04:00,open_before_orders,100534.46255086522,100534.46255086522,0.0,0.0,0.0,0.0,435.9184458389282,871836.8916778564,-0.013302812444945022,0,1631.27001953125,0.0,-542.2949267577969,0,364.364990234375,0.0,-348.2294784851001,0,131.67999267578125,0.0,1424.986956108096,0,218.86500549316406,0.0,0.0
2026-09-11,2026-09-11T15:15:00-04:00,bar_close,100534.46255086522,100534.46255086522,0.0,0.0,0.0,0.0,435.9184458389282,871836.8916778564,-0.013302812444945022,0,1629.2275390625,0.0,-542.2949267577969,0,365.0299987792969,0.0,-348.2294784851001,0,131.22999572753906,0.0,1424.986956108096,0,219.11000061035156,0.0,0.0
2026-09-11,2026-09-11T15:15:00-04:00,open_before_orders,100534.46255086522,100534.46255086522,0.0,0.0,0.0,0.0,435.9184458389282,871836.8916778564,-0.013302812444945022,0,1629.1400146484375,0.0,-542.2949267577969,0,365.04998779296875,0.0,-348.2294784851001,0,131.2449951171875,0.0,1424.986956108096,0,219.10009765625,0.0,0.0
2026-09-11,2026-09-11T15:20:00-04:00,bar_close,100534.46255086522,100534.46255086522,0.0,0.0,0.0,0.0,435.9184458389282,871836.8916778564,-0.013302812444945022,0,1631.1199951171875,0.0,-542.2949267577969,0,364.8599853515625,0.0,-348.2294784851001,0,130.8699951171875,0.0,1424.986956108096,0,218.99020385742188,0.0,0.0
2026-09-11,2026-09-11T15:20:00-04:00,open_before_orders,100534.46255086522,100534.46255086522,0.0,0.0,0.0,0.0,435.9184458389282,871836.8916778564,-0.013302812444945022,0,1631.2349853515625,0.0,-542.2949267577969,0,364.82501220703125,0.0,-348.2294784851001,0,130.86500549316406,0.0,1424.986956108096,0,218.9949951171875,0.0,0.0
2026-09-11,2026-09-11T15:25:00-04:00,bar_close,100534.46255086522,100534.46255086522,0.0,0.0,0.0,0.0,435.9184458389282,871836.8916778564,-0.013302812444945022,0,1631.979248046875,0.0,-542.2949267577969,0,364.4549865722656,0.0,-348.2294784851001,0,131.24000549316406,0.0,1424.986956108096,0,219.0399932861328,0.0,0.0
2026-09-11,2026-09-11T15:25:00-04:00,open_before_orders,100534.46255086522,100534.46255086522,0.0,0.0,0.0,0.0,435.9184458389282,871836.8916778564,-0.013302812444945022,0,1632.5,0.0,-542.2949267577969,0,364.3800048828125,0.0,-348.2294784851001,0,131.2301025390625,0.0,1424.986956108096,0,219.02999877929688,0.0,0.0
2026-09-11,2026-09-11T15:30:00-04:00,bar_close,100534.46255086522,100534.46255086522,0.0,0.0,0.0,0.0,435.9184458389282,871836.8916778564,-0.013302812444945022,0,1633.0,0.0,-542.2949267577969,0,364.110595703125,0.0,-348.2294784851001,0,130.89999389648438,0.0,1424.986956108096,0,218.41000366210938,0.0,0.0
2026-09-11,2026-09-11T15:30:00-04:00,open_before_orders,100534.46255086522,100534.46255086522,0.0,0.0,0.0,0.0,435.9184458389282,871836.8916778564,-0.013302812444945022,0,1632.8199462890625,0.0,-542.2949267577969,0,364.1105041503906,0.0,-348.2294784851001,0,130.83999633789062,0.0,1424.986956108096,0,218.4199981689453,0.0,0.0
2026-09-11,2026-09-11T15:35:00-04:00,bar_close,100534.46255086522,100534.46255086522,0.0,0.0,0.0,0.0,435.9184458389282,871836.8916778564,-0.013302812444945022,0,1634.9599609375,0.0,-542.2949267577969,0,365.05999755859375,0.0,-348.2294784851001,0,130.9199981689453,0.0,1424.986956108096,0,218.47000122070312,0.0,0.0
2026-09-11,2026-09-11T15:35:00-04:00,open_before_orders,100534.46255086522,100534.46255086522,0.0,0.0,0.0,0.0,435.9184458389282,871836.8916778564,-0.013302812444945022,0,1634.47998046875,0.0,-542.2949267577969,0,365.05999755859375,0.0,-348.2294784851001,0,130.91000366210938,0.0,1424.986956108096,0,218.4600067138672,0.0,0.0
2026-09-11,2026-09-11T15:40:00-04:00,bar_close,100534.46255086522,100534.46255086522,0.0,0.0,0.0,0.0,435.9184458389282,871836.8916778564,-0.013302812444945022,0,1632.824951171875,0.0,-542.2949267577969,0,365.0899963378906,0.0,-348.2294784851001,0,131.0399932861328,0.0,1424.986956108096,0,218.4700927734375,0.0,0.0
2026-09-11,2026-09-11T15:40:00-04:00,open_before_orders,100534.46255086522,100534.46255086522,0.0,0.0,0.0,0.0,435.9184458389282,871836.8916778564,-0.013302812444945022,0,1632.824951171875,0.0,-542.2949267577969,0,365.0799865722656,0.0,-348.2294784851001,0,131.02000427246094,0.0,1424.986956108096,0,218.48500061035156,0.0,0.0
2026-09-11,2026-09-11T15:45:00-04:00,bar_close,100534.46255086522,100534.46255086522,0.0,0.0,0.0,0.0,435.9184458389282,871836.8916778564,-0.013302812444945022,0,1634.7099609375,0.0,-542.2949267577969,0,366.07000732421875,0.0,-348.2294784851001,0,131.22500610351562,0.0,1424.986956108096,0,218.7657928466797,0.0,0.0
2026-09-11,2026-09-11T15:45:00-04:00,open_before_orders,100534.46255086522,100534.46255086522,0.0,0.0,0.0,0.0,435.9184458389282,871836.8916778564,-0.013302812444945022,0,1634.5699462890625,0.0,-542.2949267577969,0,366.0589904785156,0.0,-348.2294784851001,0,131.24000549316406,0.0,1424.986956108096,0,218.75999450683594,0.0,0.0
2026-09-11,2026-09-11T15:50:00-04:00,bar_close,100534.46255086522,100534.46255086522,0.0,0.0,0.0,0.0,435.9184458389282,871836.8916778564,-0.013302812444945022,0,1635.2900390625,0.0,-542.2949267577969,0,366.0199890136719,0.0,-348.2294784851001,0,131.63999938964844,0.0,1424.986956108096,0,218.75999450683594,0.0,0.0
2026-09-11,2026-09-11T15:50:00-04:00,open_before_orders,100534.46255086522,100534.46255086522,0.0,0.0,0.0,0.0,435.9184458389282,871836.8916778564,-0.013302812444945022,0,1636.0,0.0,-542.2949267577969,0,366.0199890136719,0.0,-348.2294784851001,0,131.60000610351562,0.0,1424.986956108096,0,218.75,0.0,0.0
2026-09-11,2026-09-11T15:55:00-04:00,bar_close,100534.46255086522,100534.46255086522,0.0,0.0,0.0,0.0,435.9184458389282,871836.8916778564,-0.013302812444945022,0,1635.68994140625,0.0,-542.2949267577969,0,365.7049865722656,0.0,-348.2294784851001,0,130.99000549316406,0.0,1424.986956108096,0,218.72000122070312,0.0,0.0
2026-09-11,2026-09-11T15:55:00-04:00,open_before_orders,100534.46255086522,100534.46255086522,0.0,0.0,0.0,0.0,435.9184458389282,871836.8916778564,-0.013302812444945022,0,1634.2900390625,0.0,-542.2949267577969,0,365.6700134277344,0.0,-348.2294784851001,0,131.02999877929688,0.0,1424.986956108096,0,218.67999267578125,0.0,0.0
2026-09-11,2026-09-11T16:00:00-04:00,bar_close,100534.46255086522,100534.46255086522,0.0,0.0,0.0,0.0,435.9184458389282,871836.8916778564,-0.013302812444945022,0,1633.6700439453125,0.0,-542.2949267577969,0,365.4700012207031,0.0,-348.2294784851001,0,130.97000122070312,0.0,1424.986956108096,0,218.1999969482422,0.0,0.0
