date,hour,symbol,direction,gross_pnl,costs,net_pnl
2026-09-08,9,SNDK,short,536.689453125,0.0,536.689453125
2026-09-08,9,SNDK,short,-13.229248046875,0.0,-13.229248046875
2026-09-08,9,SNDK,short,-669.547607421875,0.0,-669.547607421875
2026-09-08,9,SNDK,short,-29.33251953125,0.0,-29.33251953125
2026-09-08,9,SNDK,short,-119.7279052734375,0.0,-119.7279052734375
2026-09-08,9,SNDK,short,21.0567626953125,0.0,21.0567626953125
2026-09-08,10,SNDK,short,-213.1336669921875,0.0,-213.1336669921875
2026-09-08,10,SNDK,short,-23.7894287109375,0.0,-23.7894287109375
2026-09-08,10,SNDK,short,59.04052734375,0.0,59.04052734375
2026-09-08,10,SNDK,short,5.51953125,0.0,5.51953125
2026-09-08,10,SNDK,short,9.2039794921875,0.0,9.2039794921875
2026-09-08,10,SNDK,short,0.9010009765625,0.0,0.9010009765625
2026-09-08,10,SNDK,short,-1.02001953125,0.0,-1.02001953125
2026-09-08,10,SNDK,short,0.8399658203125,0.0,0.8399658203125
2026-09-09,10,SNDK,short,-699.8529052734375,0.0,-699.8529052734375
2026-09-09,10,SNDK,short,-24.175048828125,0.0,-24.175048828125
2026-09-09,10,SNDK,short,-123.249267578125,0.0,-123.249267578125
2026-09-09,10,SNDK,short,-4.802001953125,0.0,-4.802001953125
2026-09-09,10,SNDK,short,26.2750244140625,0.0,26.2750244140625
2026-09-09,10,SNDK,short,-1.0003662109375,0.0,-1.0003662109375
2026-09-09,10,SNDK,short,-20.76904296875,0.0,-20.76904296875
2026-09-09,10,SNDK,short,3.519287109375,0.0,3.519287109375
2026-09-09,11,SNDK,short,-84.83642578125,0.0,-84.83642578125
2026-09-09,11,SNDK,short,-10.140380859375,0.0,-10.140380859375
2026-09-09,11,SNDK,short,31.78564453125,0.0,31.78564453125
2026-09-09,11,SNDK,short,3.673828125,0.0,3.673828125
2026-09-09,11,SNDK,short,-21.7197265625,0.0,-21.7197265625
2026-09-09,11,SNDK,short,0.439453125,0.0,0.439453125
2026-09-09,11,SNDK,short,48.5172119140625,0.0,48.5172119140625
2026-09-09,11,SNDK,short,2.688232421875,0.0,2.688232421875
2026-09-09,11,SNDK,short,9.210205078125,0.0,9.210205078125
2026-09-09,11,SNDK,short,-2.1005859375,0.0,-2.1005859375
2026-09-09,11,SNDK,short,-6.25,0.0,-6.25
2026-09-09,11,SNDK,short,2.900390625,0.0,2.900390625
2026-09-09,12,SNDK,short,2.19970703125,0.0,2.19970703125
2026-09-09,12,SNDK,short,-1.33984375,0.0,-1.33984375
2026-09-09,12,SNDK,short,-13.6798095703125,0.0,-13.6798095703125
2026-09-09,12,SNDK,short,0.4947509765625,0.0,0.4947509765625
2026-09-09,12,SNDK,short,8.5052490234375,0.0,8.5052490234375
2026-09-09,12,SNDK,short,-0.2552490234375,0.0,-0.2552490234375
2026-09-09,12,SNDK,short,6.585205078125,0.0,6.585205078125
2026-09-09,12,SNDK,short,1.69482421875,0.0,1.69482421875
2026-09-09,12,SNDK,short,-9.4951171875,0.0,-9.4951171875
2026-09-09,12,SNDK,short,-0.5848388671875,0.0,-0.5848388671875
2026-09-09,12,SNDK,short,-9.725830078125,0.0,-9.725830078125
2026-09-09,12,SNDK,short,-0.4742431640625,0.0,-0.4742431640625
2026-09-09,12,SNDK,short,3.93017578125,0.0,3.93017578125
2026-09-09,12,SNDK,short,-0.030029296875,0.0,-0.030029296875
2026-09-09,12,SNDK,short,-24.2449951171875,0.0,-24.2449951171875
2026-09-09,12,SNDK,short,-1.64501953125,0.0,-1.64501953125
2026-09-09,12,SNDK,short,5.18994140625,0.0,5.18994140625
2026-09-09,12,SNDK,short,-1.4849853515625,0.0,-1.4849853515625
2026-09-09,12,SNDK,short,-1.9500732421875,0.0,-1.9500732421875
2026-09-09,12,SNDK,short,-1.664794921875,0.0,-1.664794921875
2026-09-09,12,SNDK,short,-6.6903076171875,0.0,-6.6903076171875
2026-09-09,12,SNDK,short,0.2955322265625,0.0,0.2955322265625
2026-09-09,12,SNDK,short,6.6947021484375,0.0,6.6947021484375
2026-09-09,12,SNDK,short,-0.0150146484375,0.0,-0.0150146484375
2026-09-09,13,SNDK,short,5.2950439453125,0.0,5.2950439453125
2026-09-09,13,SNDK,short,-2.5198974609375,0.0,-2.5198974609375
2026-09-09,13,SNDK,short,12.164794921875,0.0,12.164794921875
2026-09-09,13,SNDK,short,-1.125,0.0,-1.125
2026-09-09,13,SNDK,short,3.150146484375,0.0,3.150146484375
2026-09-09,13,SNDK,short,-0.150146484375,0.0,-0.150146484375
2026-09-09,13,SNDK,short,-7.1400146484375,0.0,-7.1400146484375
2026-09-09,13,SNDK,short,1.409912109375,0.0,1.409912109375
2026-09-09,13,SNDK,short,-1.8299560546875,0.0,-1.8299560546875
2026-09-09,13,SNDK,short,-0.1798095703125,0.0,-0.1798095703125
2026-09-09,13,SNDK,short,1.8599853515625,0.0,1.8599853515625
2026-09-09,13,SNDK,short,-0.81005859375,0.0,-0.81005859375
2026-09-09,13,SNDK,short,2.3250732421875,0.0,2.3250732421875
2026-09-09,13,SNDK,short,7.3648681640625,0.0,7.3648681640625
2026-09-09,13,SNDK,short,0.3599853515625,0.0,0.3599853515625
2026-09-09,13,SNDK,short,7.7698974609375,0.0,7.7698974609375
2026-09-09,13,SNDK,short,-0.6298828125,0.0,-0.6298828125
2026-09-09,13,SNDK,short,-4.89404296875,0.0,-4.89404296875
2026-09-09,13,SNDK,short,-0.205810546875,0.0,-0.205810546875
2026-09-09,13,SNDK,short,-13.9200439453125,0.0,-13.9200439453125
2026-09-09,13,SNDK,short,1.0198974609375,0.0,1.0198974609375
2026-09-09,13,SNDK,short,-5.2950439453125,0.0,-5.2950439453125
2026-09-09,14,SNDK,short,23.0701904296875,0.0,23.0701904296875
2026-09-09,14,SNDK,short,-0.375,0.0,-0.375
2026-09-09,14,SNDK,short,3.81005859375,0.0,3.81005859375
2026-09-09,14,SNDK,short,0.7496337890625,0.0,0.7496337890625
2026-09-09,14,SNDK,short,-0.7349853515625,0.0,-0.7349853515625
2026-09-09,14,SNDK,short,-0.0150146484375,0.0,-0.0150146484375
2026-09-09,14,SNDK,short,-11.1148681640625,0.0,-11.1148681640625
2026-09-09,14,SNDK,short,1.18505859375,0.0,1.18505859375
2026-09-09,14,SNDK,short,-0.81005859375,0.0,-0.81005859375
2026-09-09,14,SNDK,short,0.31787109375,0.0,0.31787109375
2026-09-09,14,SNDK,short,5.4722900390625,0.0,5.4722900390625
2026-09-09,14,SNDK,short,-0.5372314453125,0.0,-0.5372314453125
2026-09-09,14,SNDK,short,10.0770263671875,0.0,10.0770263671875
2026-09-09,14,SNDK,short,1.409912109375,0.0,1.409912109375
2026-09-09,14,SNDK,short,-2.2796630859375,0.0,-2.2796630859375
2026-09-09,14,SNDK,short,-4.1103515625,0.0,-4.1103515625
2026-09-09,14,SNDK,short,1.2301025390625,0.0,1.2301025390625
2026-09-09,14,SNDK,short,-1.289794921875,0.0,-1.289794921875
2026-09-09,14,SNDK,short,-1.2601318359375,0.0,-1.2601318359375
2026-09-09,14,SNDK,short,6.2398681640625,0.0,6.2398681640625
2026-09-09,14,SNDK,short,3.5101318359375,0.0,3.5101318359375
2026-09-09,14,SNDK,short,0.8250732421875,0.0,0.8250732421875
2026-09-09,15,SNDK,short,14.369873046875,0.0,14.369873046875
2026-09-09,15,SNDK,short,-0.489990234375,0.0,-0.489990234375
2026-09-09,15,SNDK,short,24.050048828125,0.0,24.050048828125
2026-09-09,15,SNDK,short,-1.3798828125,0.0,-1.3798828125
2026-09-09,15,SNDK,short,-1.16015625,0.0,-1.16015625
2026-09-09,15,SNDK,short,1.5,0.0,1.5
2026-09-09,15,SNDK,short,0.06005859375,0.0,0.06005859375
2026-09-09,15,SNDK,short,-17.89990234375,0.0,-17.89990234375
2026-09-09,15,SNDK,short,0.159912109375,0.0,0.159912109375
2026-09-09,15,SNDK,short,6.89990234375,0.0,6.89990234375
2026-09-09,15,SNDK,short,0.7001953125,0.0,0.7001953125
2026-09-09,15,SNDK,short,3.139892578125,0.0,3.139892578125
2026-09-09,15,SNDK,short,-11.52001953125,0.0,-11.52001953125
2026-09-09,15,SNDK,short,-0.4541015625,0.0,-0.4541015625
2026-09-09,15,SNDK,short,-1.955810546875,0.0,-1.955810546875
2026-09-09,15,SNDK,short,1.08984375,0.0,1.08984375
2026-09-09,15,SNDK,short,-9.5,0.0,-9.5
2026-09-09,15,SNDK,short,-1.47802734375,0.0,-1.47802734375
2026-09-09,15,SNDK,short,8.658203125,0.0,8.658203125
2026-09-09,15,SNDK,short,-1.840087890625,0.0,-1.840087890625
2026-09-09,15,SNDK,short,-7.800048828125,0.0,-7.800048828125
2026-09-09,15,SNDK,short,-0.699951171875,0.0,-0.699951171875
2026-09-11,10,SNDK,short,226.16064453125,0.0,226.16064453125
2026-09-11,10,SNDK,short,20.904296875,0.0,20.904296875
2026-09-11,10,SNDK,short,83.919921875,0.0,83.919921875
2026-09-11,10,SNDK,short,-6.880859375,0.0,-6.880859375
2026-09-11,10,SNDK,short,-1.93994140625,0.0,-1.93994140625
2026-09-11,10,SNDK,short,0.93994140625,0.0,0.93994140625
2026-09-11,12,SNDK,short,-104.5,0.0,-104.5
2026-09-11,12,SNDK,short,-0.22021484375,0.0,-0.22021484375
2026-09-11,12,SNDK,short,-3.1497802734375,0.0,-3.1497802734375
2026-09-11,12,SNDK,short,-8.009033203125,0.0,-8.009033203125
2026-09-11,12,SNDK,short,65.4290771484375,0.0,65.4290771484375
2026-09-11,12,SNDK,short,-1.4403076171875,0.0,-1.4403076171875
2026-09-11,12,SNDK,short,28.240234375,0.0,28.240234375
2026-09-11,12,SNDK,short,-5.2001953125,0.0,-5.2001953125
2026-09-11,12,SNDK,short,-16.2392578125,0.0,-16.2392578125
2026-09-11,12,SNDK,short,3.080078125,0.0,3.080078125
2026-09-11,12,SNDK,short,5.3192138671875,0.0,5.3192138671875
2026-09-11,12,SNDK,short,2.6865234375,0.0,2.6865234375
2026-09-11,12,SNDK,short,40.327880859375,0.0,40.327880859375
2026-09-11,12,SNDK,short,0.239501953125,0.0,0.239501953125
2026-09-11,12,SNDK,short,-18.800048828125,0.0,-18.800048828125
2026-09-11,12,SNDK,short,1.500244140625,0.0,1.500244140625
2026-09-11,12,SNDK,short,-4.6002197265625,0.0,-4.6002197265625
2026-09-11,12,SNDK,short,2.125244140625,0.0,2.125244140625
2026-09-11,12,SNDK,short,-14.0252685546875,0.0,-14.0252685546875
2026-09-11,12,SNDK,short,0.0250244140625,0.0,0.0250244140625
2026-09-11,12,SNDK,short,26.500244140625,0.0,26.500244140625
2026-09-11,12,SNDK,short,-17.67578125,0.0,-17.67578125
2026-09-11,12,SNDK,short,-2.4993896484375,0.0,-2.4993896484375
2026-09-11,13,SNDK,short,-7.75390625,0.0,-7.75390625
2026-09-11,13,SNDK,short,1.7041015625,0.0,1.7041015625
2026-09-11,13,SNDK,short,-6.500244140625,0.0,-6.500244140625
2026-09-11,13,SNDK,short,0.4901123046875,0.0,0.4901123046875
2026-09-11,13,SNDK,short,-15.364990234375,0.0,-15.364990234375
2026-09-11,13,SNDK,short,-1.4752197265625,0.0,-1.4752197265625
2026-09-11,13,SNDK,short,14.9493408203125,0.0,14.9493408203125
2026-09-11,13,SNDK,short,-2.4493408203125,0.0,-2.4493408203125
2026-09-11,13,SNDK,short,4.5001220703125,0.0,4.5001220703125
2026-09-11,13,SNDK,short,-3.02490234375,0.0,-3.02490234375
2026-09-11,13,SNDK,short,-10.1751708984375,0.0,-10.1751708984375
2026-09-11,13,SNDK,short,21.5753173828125,0.0,21.5753173828125
2026-09-11,13,SNDK,short,-0.455322265625,0.0,-0.455322265625
2026-09-11,13,SNDK,short,3.4051513671875,0.0,3.4051513671875
2026-09-11,13,SNDK,short,-0.050048828125,0.0,-0.050048828125
2026-09-11,13,SNDK,short,-19.000244140625,0.0,-19.000244140625
2026-09-11,13,SNDK,short,2.425537109375,0.0,2.425537109375
2026-09-11,13,SNDK,short,-6.724853515625,0.0,-6.724853515625
2026-09-11,13,SNDK,short,-11.97509765625,0.0,-11.97509765625
2026-09-11,13,SNDK,short,-0.1617431640625,0.0,-0.1617431640625
2026-09-11,13,SNDK,short,11.961669921875,0.0,11.961669921875
2026-09-11,13,SNDK,short,-1.9000244140625,0.0,-1.9000244140625
2026-09-11,14,SNDK,short,12.39990234375,0.0,12.39990234375
2026-09-11,14,SNDK,short,-2.449951171875,0.0,-2.449951171875
2026-09-11,14,SNDK,short,-16.6998291015625,0.0,-16.6998291015625
2026-09-11,14,SNDK,short,1.77490234375,0.0,1.77490234375
2026-09-08,10,TSLA,long,103.1546630859375,0.0,103.1546630859375
2026-09-08,10,TSLA,long,1.7266845703125,0.0,1.7266845703125
2026-09-08,10,TSLA,long,76.24365234375,0.0,76.24365234375
2026-09-08,10,TSLA,long,1.0360107421875,0.0,1.0360107421875
2026-09-08,10,TSLA,long,44.38623046875,0.0,44.38623046875
2026-09-08,10,TSLA,long,84.40216064453125,0.0,84.40216064453125
2026-09-08,10,TSLA,long,-8.16339111328125,0.0,-8.16339111328125
2026-09-08,10,TSLA,long,-23.1590576171875,0.0,-23.1590576171875
2026-09-08,10,TSLA,long,6.732147216796875,0.0,6.732147216796875
2026-09-08,10,TSLA,long,404.37646484375,0.0,404.37646484375
2026-09-08,10,TSLA,long,-0.983612060546875,0.0,-0.983612060546875
2026-09-08,10,TSLA,long,-111.36328125,0.0,-111.36328125
2026-09-08,10,TSLA,long,5.337890625,0.0,5.337890625
2026-09-08,10,TSLA,long,204.62075805664062,0.0,204.62075805664062
2026-09-08,10,TSLA,long,2.373626708984375,0.0,2.373626708984375
2026-09-08,10,TSLA,long,10.5,0.0,10.5
2026-09-08,10,TSLA,long,-4.773834228515625,0.0,-4.773834228515625
2026-09-08,10,TSLA,long,6.685699462890625,0.0,6.685699462890625
2026-09-08,10,TSLA,long,-144.0,0.0,-144.0
2026-09-08,10,TSLA,long,6.720703125,0.0,6.720703125
2026-09-08,10,TSLA,long,93.97390747070312,0.0,93.97390747070312
2026-09-08,10,TSLA,long,4.473907470703125,0.0,4.473907470703125
2026-09-08,11,TSLA,long,132.458251953125,0.0,132.458251953125
2026-09-08,11,TSLA,long,116.59521484375,0.0,116.59521484375
2026-09-08,11,TSLA,long,-4.4326171875,0.0,-4.4326171875
2026-09-08,11,TSLA,long,-148.70095825195312,0.0,-148.70095825195312
2026-09-08,11,TSLA,long,-4.315887451171875,0.0,-4.315887451171875
2026-09-08,11,TSLA,long,-25.62548828125,0.0,-25.62548828125
2026-09-08,11,TSLA,long,-0.880859375,0.0,-0.880859375
2026-09-08,11,TSLA,long,148.75106811523438,0.0,148.75106811523438
2026-09-08,11,TSLA,long,-11.37542724609375,0.0,-11.37542724609375
2026-09-08,11,TSLA,long,198.35723876953125,0.0,198.35723876953125
2026-09-08,11,TSLA,long,74.33377075195312,0.0,74.33377075195312
2026-09-08,11,TSLA,long,-0.6229248046875,0.0,-0.6229248046875
2026-09-08,11,TSLA,long,-81.89346313476562,0.0,-81.89346313476562
2026-09-08,11,TSLA,long,1.2535400390625,0.0,1.2535400390625
2026-09-08,11,TSLA,long,-54.8096923828125,0.0,-54.8096923828125
2026-09-08,11,TSLA,long,-6.930999755859375,0.0,-6.930999755859375
2026-09-08,11,TSLA,long,31.8153076171875,0.0,31.8153076171875
2026-09-08,11,TSLA,long,4.09515380859375,0.0,4.09515380859375
2026-09-08,11,TSLA,long,-2.520538330078125,0.0,-2.520538330078125
2026-09-08,11,TSLA,long,3.143463134765625,0.0,3.143463134765625
2026-09-08,11,TSLA,long,64.1759033203125,0.0,64.1759033203125
2026-09-08,11,TSLA,long,1.551513671875,0.0,1.551513671875
2026-09-08,12,TSLA,long,35.34613037109375,0.0,35.34613037109375
2026-09-08,12,TSLA,long,0.613037109375,0.0,0.613037109375
2026-09-08,12,TSLA,long,-10.9683837890625,0.0,-10.9683837890625
2026-09-08,12,TSLA,long,1.81317138671875,0.0,1.81317138671875
2026-09-08,12,TSLA,long,-21.34478759765625,0.0,-21.34478759765625
2026-09-08,12,TSLA,long,-0.3052978515625,0.0,-0.3052978515625
2026-09-08,12,TSLA,long,19.526031494140625,0.0,19.526031494140625
2026-09-08,12,TSLA,long,0.310882568359375,0.0,0.310882568359375
2026-09-08,12,TSLA,long,-6.111541748046875,0.0,-6.111541748046875
2026-09-08,12,TSLA,long,42.095733642578125,0.0,42.095733642578125
2026-09-08,12,TSLA,long,1.2137451171875,0.0,1.2137451171875
2026-09-08,12,TSLA,long,0.610595703125,0.0,0.610595703125
2026-09-08,12,TSLA,long,-1.829925537109375,0.0,-1.829925537109375
2026-09-08,12,TSLA,short,-47.801513671875,0.0,-47.801513671875
2026-09-08,12,TSLA,short,-3.49639892578125,0.0,-3.49639892578125
2026-09-08,12,TSLA,short,-70.299072265625,0.0,-70.299072265625
2026-09-08,12,TSLA,short,-68.04299926757812,0.0,-68.04299926757812
2026-09-08,12,TSLA,short,1.891845703125,0.0,1.891845703125
2026-09-08,12,TSLA,short,24.44091796875,0.0,24.44091796875
2026-09-08,12,TSLA,short,3.737945556640625,0.0,3.737945556640625
2026-09-08,12,TSLA,short,-5.609771728515625,0.0,-5.609771728515625
2026-09-08,13,TSLA,short,146.94158935546875,0.0,146.94158935546875
2026-09-08,13,TSLA,short,7.4359130859375,0.0,7.4359130859375
2026-09-08,13,TSLA,short,-107.06011962890625,0.0,-107.06011962890625
2026-09-08,13,TSLA,short,1.04443359375,0.0,1.04443359375
2026-09-08,13,TSLA,short,17.67022705078125,0.0,17.67022705078125
2026-09-08,13,TSLA,short,-4.654541015625,0.0,-4.654541015625
2026-09-08,13,TSLA,short,66.90618896484375,0.0,66.90618896484375
2026-09-08,13,TSLA,short,-11.102783203125,0.0,-11.102783203125
2026-09-08,13,TSLA,short,117.180908203125,0.0,117.180908203125
2026-09-08,13,TSLA,short,3.700927734375,0.0,3.700927734375
2026-09-08,13,TSLA,short,74.01580810546875,0.0,74.01580810546875
2026-09-08,13,TSLA,short,-1.851806640625,0.0,-1.851806640625
2026-09-08,13,TSLA,short,-23.915283203125,0.0,-23.915283203125
2026-09-08,13,TSLA,short,-0.9208984375,0.0,-0.9208984375
2026-09-08,13,TSLA,short,-55.81365966796875,0.0,-55.81365966796875
2026-09-08,13,TSLA,short,6.40008544921875,0.0,6.40008544921875
2026-09-08,13,TSLA,short,99.55316162109375,0.0,99.55316162109375
2026-09-08,13,TSLA,short,-3.47369384765625,0.0,-3.47369384765625
2026-09-08,13,TSLA,short,128.09664916992188,0.0,128.09664916992188
2026-09-08,13,TSLA,short,1.831787109375,0.0,1.831787109375
2026-09-08,13,TSLA,short,-7.321563720703125,0.0,-7.321563720703125
2026-09-08,13,TSLA,short,-0.016754150390625,0.0,-0.016754150390625
2026-09-08,13,TSLA,short,26.555328369140625,0.0,26.555328369140625
2026-09-08,14,TSLA,short,123.50601196289062,0.0,123.50601196289062
2026-09-08,14,TSLA,short,-3.133026123046875,0.0,-3.133026123046875
2026-09-08,14,TSLA,short,-70.96499633789062,0.0,-70.96499633789062
2026-09-08,14,TSLA,short,30.246826171875,0.0,30.246826171875
2026-09-08,14,TSLA,short,9.097503662109375,0.0,9.097503662109375
2026-09-08,14,TSLA,short,5.489776611328125,0.0,5.489776611328125
2026-09-08,14,TSLA,short,5.489776611328125,0.0,5.489776611328125
2026-09-08,14,TSLA,short,-82.34664916992188,0.0,-82.34664916992188
2026-09-08,14,TSLA,short,9.14776611328125,0.0,9.14776611328125
2026-09-08,14,TSLA,short,32.921905517578125,0.0,32.921905517578125
2026-09-08,14,TSLA,short,0.016754150390625,0.0,0.016754150390625
2026-09-08,14,TSLA,short,107.05343627929688,0.0,107.05343627929688
2026-09-08,14,TSLA,short,-6.40008544921875,0.0,-6.40008544921875
2026-09-08,14,TSLA,short,51.239776611328125,0.0,51.239776611328125
2026-09-08,14,TSLA,short,-7.321563720703125,0.0,-7.321563720703125
2026-09-08,14,TSLA,short,-95.15798950195312,0.0,-95.15798950195312
2026-09-08,14,TSLA,short,-1.831787109375,0.0,-1.831787109375
2026-09-08,14,TSLA,short,-109.23147583007812,0.0,-109.23147583007812
2026-09-08,14,TSLA,short,1.26214599609375,0.0,1.26214599609375
2026-09-08,14,TSLA,short,93.32620239257812,0.0,93.32620239257812
2026-09-08,14,TSLA,long,203.51953125,0.0,203.51953125
2026-09-08,14,TSLA,long,1.916015625,0.0,1.916015625
2026-09-08,15,TSLA,long,6.720703125,0.0,6.720703125
2026-09-08,15,TSLA,long,-4.798828125,0.0,-4.798828125
2026-09-08,15,TSLA,long,-48.0,0.0,-48.0
2026-09-08,15,TSLA,long,8.642578125,0.0,8.642578125
2026-09-08,15,TSLA,long,61.115570068359375,0.0,61.115570068359375
2026-09-08,15,TSLA,long,-6.685699462890625,0.0,-6.685699462890625
2026-09-08,15,TSLA,long,36.29046630859375,0.0,36.29046630859375
2026-09-08,15,TSLA,long,-99.3004150390625,0.0,-99.3004150390625
2026-09-08,15,TSLA,long,-0.017486572265625,0.0,-0.017486572265625
2026-09-08,15,TSLA,long,17.189300537109375,0.0,17.189300537109375
2026-09-08,15,TSLA,long,5.729766845703125,0.0,5.729766845703125
2026-09-08,15,TSLA,long,262.625,0.0,262.625
2026-09-08,15,TSLA,long,0.9559326171875,0.0,0.9559326171875
2026-09-08,15,TSLA,long,-53.479766845703125,0.0,-53.479766845703125
2026-09-08,15,TSLA,long,5.729766845703125,0.0,5.729766845703125
2026-09-08,15,TSLA,long,-22.9190673828125,0.0,-22.9190673828125
2026-09-08,15,TSLA,long,-3.817901611328125,0.0,-3.817901611328125
2026-09-08,15,TSLA,long,15.277435302734375,0.0,15.277435302734375
2026-09-08,15,TSLA,long,1.911865234375,0.0,1.911865234375
2026-09-08,15,TSLA,long,98.36196899414062,0.0,98.36196899414062
2026-09-08,15,TSLA,long,4.773834228515625,0.0,4.773834228515625
2026-09-08,15,TSLA,long,-68.7572021484375,0.0,-68.7572021484375
2026-09-08,15,TSLA,long,6.70318603515625,0.0,6.70318603515625
2026-09-09,9,TSLA,long,122.60910034179688,0.0,122.60910034179688
2026-09-09,9,TSLA,long,1.0059814453125,0.0,1.0059814453125
2026-09-09,9,TSLA,long,-14.404754638671875,0.0,-14.404754638671875
2026-09-09,9,TSLA,long,1.633697509765625,0.0,1.633697509765625
2026-09-09,9,TSLA,long,-141.531005859375,0.0,-141.531005859375
2026-09-09,9,TSLA,long,5.9337158203125,0.0,5.9337158203125
2026-09-09,10,TSLA,long,-17.354736328125,0.0,-17.354736328125
2026-09-09,10,TSLA,long,-2.79931640625,0.0,-2.79931640625
2026-09-09,10,TSLA,long,7.8408203125,0.0,7.8408203125
2026-09-09,10,TSLA,long,1.679931640625,0.0,1.679931640625
2026-09-09,10,TSLA,long,43.95849609375,0.0,43.95849609375
2026-09-09,10,TSLA,long,-0.278564453125,0.0,-0.278564453125
2026-09-09,10,TSLA,long,-40.150604248046875,0.0,-40.150604248046875
2026-09-09,10,TSLA,long,-2.200469970703125,0.0,-2.200469970703125
2026-09-09,10,TSLA,long,74.39886474609375,0.0,74.39886474609375
2026-09-09,10,TSLA,long,-147.86788940429688,0.0,-147.86788940429688
2026-09-09,10,TSLA,long,10.969696044921875,0.0,10.969696044921875
2026-09-09,10,TSLA,long,73.99887084960938,0.0,73.99887084960938
2026-09-09,10,TSLA,long,233.93109130859375,0.0,233.93109130859375
2026-09-09,10,TSLA,long,-5.961273193359375,0.0,-5.961273193359375
2026-09-09,10,TSLA,long,-151.50091552734375,0.0,-151.50091552734375
2026-09-09,10,TSLA,long,-10.3128662109375,0.0,-10.3128662109375
2026-09-09,10,TSLA,long,6.81158447265625,0.0,6.81158447265625
2026-09-09,10,TSLA,long,-0.70025634765625,0.0,-0.70025634765625
2026-09-09,10,TSLA,long,282.1238708496094,0.0,282.1238708496094
2026-09-09,10,TSLA,long,-1.851806640625,0.0,-1.851806640625
2026-09-09,10,TSLA,long,-15.638427734375,0.0,-15.638427734375
2026-09-09,10,TSLA,long,10.11865234375,0.0,10.11865234375
2026-09-09,11,TSLA,long,-127.3795166015625,0.0,-127.3795166015625
2026-09-09,11,TSLA,long,-83.16064453125,0.0,-83.16064453125
2026-09-09,11,TSLA,long,2.31024169921875,0.0,2.31024169921875
2026-09-09,11,TSLA,long,-62.0401611328125,0.0,-62.0401611328125
2026-09-09,11,TSLA,long,-1.64959716796875,0.0,-1.64959716796875
2026-09-09,11,TSLA,long,-35.64056396484375,0.0,-35.64056396484375
2026-09-09,11,TSLA,long,-2.58013916015625,0.0,-2.58013916015625
2026-09-09,11,TSLA,long,-8.11102294921875,0.0,-8.11102294921875
2026-09-09,11,TSLA,long,-0.1973876953125,0.0,-0.1973876953125
2026-09-09,11,TSLA,long,-61.05120849609375,0.0,-61.05120849609375
2026-09-09,11,TSLA,long,78.5401611328125,0.0,78.5401611328125
2026-09-09,11,TSLA,long,-0.330322265625,0.0,-0.330322265625
2026-09-09,11,TSLA,long,45.5401611328125,0.0,45.5401611328125
2026-09-09,11,TSLA,long,113.4246826171875,0.0,113.4246826171875
2026-09-09,11,TSLA,long,1.17034912109375,0.0,1.17034912109375
2026-09-09,11,TSLA,long,-59.390625,0.0,-59.390625
2026-09-09,11,TSLA,long,-2.009765625,0.0,-2.009765625
2026-09-09,11,TSLA,long,4.812286376953125,0.0,4.812286376953125
2026-09-09,11,TSLA,long,23.625,0.0,23.625
2026-09-09,11,TSLA,long,-0.907470703125,0.0,-0.907470703125
2026-09-09,12,TSLA,long,1.203369140625,0.0,1.203369140625
2026-09-09,12,TSLA,long,-0.310302734375,0.0,-0.310302734375
2026-09-09,12,TSLA,long,2.745819091796875,0.0,2.745819091796875
2026-09-09,12,TSLA,long,1.09088134765625,0.0,1.09088134765625
2026-09-09,12,TSLA,long,-44.096923828125,0.0,-44.096923828125
2026-09-09,12,TSLA,long,-2.135223388671875,0.0,-2.135223388671875
2026-09-09,12,TSLA,long,42.64892578125,0.0,42.64892578125
2026-09-09,12,TSLA,long,-1.549072265625,0.0,-1.549072265625
2026-09-09,12,TSLA,long,-33.03985595703125,0.0,-33.03985595703125
2026-09-09,12,TSLA,long,-30.73992919921875,0.0,-30.73992919921875
2026-09-09,12,TSLA,long,-44.7330322265625,0.0,-44.7330322265625
2026-09-09,12,TSLA,long,1.414215087890625,0.0,1.414215087890625
2026-09-09,12,TSLA,long,25.198974609375,0.0,25.198974609375
2026-09-09,12,TSLA,long,-4.479248046875,0.0,-4.479248046875
2026-09-09,12,TSLA,long,-1.925201416015625,0.0,-1.925201416015625
2026-09-09,12,TSLA,long,1.925201416015625,0.0,1.925201416015625
2026-09-09,12,TSLA,long,11.60980224609375,0.0,11.60980224609375
2026-09-09,12,TSLA,long,1.89019775390625,0.0,1.89019775390625
2026-09-09,12,TSLA,long,42.66461181640625,0.0,42.66461181640625
2026-09-09,12,TSLA,long,-0.2652587890625,0.0,-0.2652587890625
2026-09-09,12,TSLA,long,-57.1209716796875,0.0,-57.1209716796875
2026-09-09,12,TSLA,long,-1.3790283203125,0.0,-1.3790283203125
2026-09-09,13,TSLA,long,-12.801361083984375,0.0,-12.801361083984375
2026-09-09,13,TSLA,long,0.306610107421875,0.0,0.306610107421875
2026-09-09,13,TSLA,long,-18.75,0.0,-18.75
2026-09-09,13,TSLA,long,0.50048828125,0.0,0.50048828125
2026-09-09,13,TSLA,long,1.95892333984375,0.0,1.95892333984375
2026-09-09,13,TSLA,long,-1.71368408203125,0.0,-1.71368408203125
2026-09-09,13,TSLA,long,3.83935546875,0.0,3.83935546875
2026-09-09,13,TSLA,long,-12.643585205078125,0.0,-12.643585205078125
2026-09-09,13,TSLA,long,4.183929443359375,0.0,4.183929443359375
2026-09-09,13,TSLA,long,-12.87994384765625,0.0,-12.87994384765625
2026-09-09,13,TSLA,long,-0.690673828125,0.0,-0.690673828125
2026-09-09,13,TSLA,long,4.950714111328125,0.0,4.950714111328125
2026-09-09,13,TSLA,long,-1.575164794921875,0.0,-1.575164794921875
2026-09-09,13,TSLA,long,42.6800537109375,0.0,42.6800537109375
2026-09-09,13,TSLA,long,0.22021484375,0.0,0.22021484375
2026-09-09,13,TSLA,long,-10.23822021484375,0.0,-10.23822021484375
2026-09-09,13,TSLA,long,-0.082672119140625,0.0,-0.082672119140625
2026-09-09,13,TSLA,long,-0.210205078125,0.0,-0.210205078125
2026-09-09,13,TSLA,long,-7.788848876953125,0.0,-7.788848876953125
2026-09-09,13,TSLA,long,-1.640350341796875,0.0,-1.640350341796875
2026-09-09,13,TSLA,long,9.599609375,0.0,9.599609375
2026-09-09,13,TSLA,long,1.199951171875,0.0,1.199951171875
2026-09-09,14,TSLA,long,1.560333251953125,0.0,1.560333251953125
2026-09-09,14,TSLA,long,0.779571533203125,0.0,0.779571533203125
2026-09-09,14,TSLA,long,-7.60394287109375,0.0,-7.60394287109375
2026-09-09,14,TSLA,long,-1.13531494140625,0.0,-1.13531494140625
2026-09-09,14,TSLA,long,-20.350677490234375,0.0,-20.350677490234375
2026-09-09,14,TSLA,long,4.68017578125,0.0,4.68017578125
2026-09-09,14,TSLA,long,1.0799560546875,0.0,1.0799560546875
2026-09-09,14,TSLA,long,16.800384521484375,0.0,16.800384521484375
2026-09-09,14,TSLA,long,-0.350341796875,0.0,-0.350341796875
2026-09-09,14,TSLA,long,18.46923828125,0.0,18.46923828125
2026-09-09,14,TSLA,long,0.06121826171875,0.0,0.06121826171875
2026-09-09,14,TSLA,long,16.0045166015625,0.0,16.0045166015625
2026-09-09,14,TSLA,long,0.15509033203125,0.0,0.15509033203125
2026-09-09,14,TSLA,long,-6.7099609375,0.0,-6.7099609375
2026-09-09,14,TSLA,long,-8.679962158203125,0.0,-8.679962158203125
2026-09-09,14,TSLA,long,-14.55047607421875,0.0,-14.55047607421875
2026-09-09,14,TSLA,long,-15.94964599609375,0.0,-15.94964599609375
2026-09-09,14,TSLA,long,0.434539794921875,0.0,0.434539794921875
2026-09-09,14,TSLA,long,1.7867431640625,0.0,1.7867431640625
2026-09-09,14,TSLA,long,-0.806640625,0.0,-0.806640625
2026-09-09,15,TSLA,long,18.35980224609375,0.0,18.35980224609375
2026-09-09,15,TSLA,long,-0.91790771484375,0.0,-0.91790771484375
2026-09-09,15,TSLA,long,-1.19573974609375,0.0,-1.19573974609375
2026-09-09,15,TSLA,long,-1.2996826171875,0.0,-1.2996826171875
2026-09-09,15,TSLA,long,0.374603271484375,0.0,0.374603271484375
2026-09-09,15,TSLA,long,13.56005859375,0.0,13.56005859375
2026-09-09,15,TSLA,long,-0.240234375,0.0,-0.240234375
2026-09-09,15,TSLA,long,-3.08837890625,0.0,-3.08837890625
2026-09-09,15,TSLA,long,-0.131256103515625,0.0,-0.131256103515625
2026-09-09,15,TSLA,long,-4.1800537109375,0.0,-4.1800537109375
2026-09-09,15,TSLA,long,-0.88018798828125,0.0,-0.88018798828125
2026-09-09,15,TSLA,long,-4.199615478515625,0.0,-4.199615478515625
2026-09-09,15,TSLA,long,-0.189056396484375,0.0,-0.189056396484375
2026-09-09,15,TSLA,long,3.7799072265625,0.0,3.7799072265625
2026-09-09,15,TSLA,long,-0.30029296875,0.0,-0.30029296875
2026-09-09,15,TSLA,long,1.045440673828125,0.0,1.045440673828125
2026-09-09,15,TSLA,long,0.284698486328125,0.0,0.284698486328125
2026-09-09,15,TSLA,long,-8.18975830078125,0.0,-8.18975830078125
2026-09-09,15,TSLA,long,6.629730224609375,0.0,6.629730224609375
2026-09-09,15,TSLA,long,0.339813232421875,0.0,0.339813232421875
2026-09-09,15,TSLA,long,-17.919921875,0.0,-17.919921875
2026-09-09,15,TSLA,long,-0.15966796875,0.0,-0.15966796875
2026-09-10,9,TSLA,long,177.1407470703125,0.0,177.1407470703125
2026-09-10,9,TSLA,long,-2.58984375,0.0,-2.58984375
2026-09-10,9,TSLA,long,181.43017578125,0.0,181.43017578125
2026-09-10,9,TSLA,long,5.0655517578125,0.0,5.0655517578125
2026-09-10,9,TSLA,long,174.66754150390625,0.0,174.66754150390625
2026-09-10,9,TSLA,long,12.607818603515625,0.0,12.607818603515625
2026-09-10,9,TSLA,long,-10.50360107421875,0.0,-10.50360107421875
2026-09-10,9,TSLA,long,12.41546630859375,0.0,12.41546630859375
2026-09-10,10,TSLA,long,-59.20953369140625,0.0,-59.20953369140625
2026-09-10,10,TSLA,long,13.37139892578125,0.0,13.37139892578125
2026-09-10,10,TSLA,long,420.1965026855469,0.0,420.1965026855469
2026-09-10,10,TSLA,long,5.729766845703125,0.0,5.729766845703125
2026-09-10,10,TSLA,long,-229.19650268554688,0.0,-229.19650268554688
2026-09-10,10,TSLA,long,-7.641632080078125,0.0,-7.641632080078125
2026-09-10,10,TSLA,long,-250.20953369140625,0.0,-250.20953369140625
2026-09-10,10,TSLA,long,2.861968994140625,0.0,2.861968994140625
2026-09-10,10,TSLA,long,-72.200927734375,0.0,-72.200927734375
2026-09-10,10,TSLA,long,233.41799926757812,0.0,233.41799926757812
2026-09-10,10,TSLA,long,-73.3399658203125,0.0,-73.3399658203125
2026-09-10,10,TSLA,long,-10.3214111328125,0.0,-10.3214111328125
2026-09-10,10,TSLA,long,191.5654296875,0.0,191.5654296875
2026-09-10,10,TSLA,long,3.852081298828125,0.0,3.852081298828125
2026-09-10,10,TSLA,long,258.53704833984375,0.0,258.53704833984375
2026-09-10,10,TSLA,long,11.1595458984375,0.0,11.1595458984375
2026-09-10,10,TSLA,long,-25.897064208984375,0.0,-25.897064208984375
2026-09-10,10,TSLA,long,3.697967529296875,0.0,3.697967529296875
2026-09-10,10,TSLA,long,-139.841796875,0.0,-139.841796875
2026-09-10,10,TSLA,long,2.060791015625,0.0,2.060791015625
2026-09-10,10,TSLA,long,-44.963043212890625,0.0,-44.963043212890625
2026-09-10,10,TSLA,long,25.0626220703125,0.0,25.0626220703125
2026-09-10,11,TSLA,long,-27.58978271484375,0.0,-27.58978271484375
2026-09-10,11,TSLA,long,-0.890869140625,0.0,-0.890869140625
2026-09-10,11,TSLA,long,-383.1280517578125,0.0,-383.1280517578125
2026-09-10,11,TSLA,long,3.0963134765625,0.0,3.0963134765625
2026-09-10,11,TSLA,short,-98.3677978515625,0.0,-98.3677978515625
2026-09-10,11,TSLA,short,-77.90069580078125,0.0,-77.90069580078125
2026-09-10,11,TSLA,short,-1.89605712890625,0.0,-1.89605712890625
2026-09-10,11,TSLA,short,102.113525390625,0.0,102.113525390625
2026-09-10,11,TSLA,short,-0.051910400390625,0.0,-0.051910400390625
2026-09-10,11,TSLA,short,0.317230224609375,0.0,0.317230224609375
2026-09-10,11,TSLA,short,9.130462646484375,0.0,9.130462646484375
2026-09-10,11,TSLA,short,-66.15115356445312,0.0,-66.15115356445312
2026-09-10,11,TSLA,short,15.0655517578125,0.0,15.0655517578125
2026-09-10,11,TSLA,short,141.034423828125,0.0,141.034423828125
2026-09-10,11,TSLA,short,-20.6600341796875,0.0,-20.6600341796875
2026-09-10,11,TSLA,short,-101.5216064453125,0.0,-101.5216064453125
2026-09-10,11,TSLA,short,-165.49111938476562,0.0,-165.49111938476562
2026-09-10,11,TSLA,short,6.545684814453125,0.0,6.545684814453125
2026-09-10,11,TSLA,short,-15.8140869140625,0.0,-15.8140869140625
2026-09-10,11,TSLA,short,8.37249755859375,0.0,8.37249755859375
2026-09-10,11,TSLA,short,180.42022705078125,0.0,180.42022705078125
2026-09-10,12,TSLA,short,-167.25128173828125,0.0,-167.25128173828125
2026-09-10,12,TSLA,short,9.150146484375,0.0,9.150146484375
2026-09-10,12,TSLA,short,107.29751586914062,0.0,107.29751586914062
2026-09-10,12,TSLA,short,4.2230224609375,0.0,4.2230224609375
2026-09-10,12,TSLA,short,-56.022796630859375,0.0,-56.022796630859375
2026-09-10,12,TSLA,short,-12.945709228515625,0.0,-12.945709228515625
2026-09-10,12,TSLA,short,42.54638671875,0.0,42.54638671875
2026-09-10,12,TSLA,short,-12.945709228515625,0.0,-12.945709228515625
2026-09-10,12,TSLA,short,-11.73187255859375,0.0,-11.73187255859375
2026-09-10,12,TSLA,short,11.70928955078125,0.0,11.70928955078125
2026-09-10,12,TSLA,short,38.871002197265625,0.0,38.871002197265625
2026-09-10,12,TSLA,short,-9.253387451171875,0.0,-9.253387451171875
2026-09-10,12,TSLA,short,12.934417724609375,0.0,12.934417724609375
2026-09-10,12,TSLA,short,5.56671142578125,0.0,5.56671142578125
2026-09-10,12,TSLA,short,62.899322509765625,0.0,62.899322509765625
2026-09-10,12,TSLA,short,2.7777099609375,0.0,2.7777099609375
2026-09-10,12,TSLA,short,-121.17477416992188,0.0,-121.17477416992188
2026-09-10,12,TSLA,short,-0.9259033203125,0.0,-0.9259033203125
2026-09-10,12,TSLA,short,-69.375,0.0,-69.375
2026-09-10,12,TSLA,short,5.549774169921875,0.0,5.549774169921875
2026-09-10,12,TSLA,short,73.99887084960938,0.0,73.99887084960938
2026-09-10,12,TSLA,short,48.101806640625,0.0,48.101806640625
2026-09-10,12,TSLA,short,-1.851806640625,0.0,-1.851806640625
2026-09-10,13,TSLA,short,46.25,0.0,46.25
2026-09-10,13,TSLA,short,6.475677490234375,0.0,6.475677490234375
2026-09-10,13,TSLA,short,-66.74972534179688,0.0,-66.74972534179688
2026-09-10,13,TSLA,short,-7.2491455078125,0.0,-7.2491455078125
2026-09-10,13,TSLA,short,42.552032470703125,0.0,42.552032470703125
2026-09-10,13,TSLA,short,4.623870849609375,0.0,4.623870849609375
2026-09-10,13,TSLA,short,-14.72314453125,0.0,-14.72314453125
2026-09-10,13,TSLA,short,-14.717529296875,0.0,-14.717529296875
2026-09-10,13,TSLA,short,-9.153350830078125,0.0,-9.153350830078125
2026-09-10,13,TSLA,short,-2.138946533203125,0.0,-2.138946533203125
2026-09-10,13,TSLA,short,-47.0107421875,0.0,-47.0107421875
2026-09-10,13,TSLA,short,-70.58712768554688,0.0,-70.58712768554688
2026-09-10,13,TSLA,short,-5.429779052734375,0.0,-5.429779052734375
2026-09-10,13,TSLA,short,-65.7037353515625,0.0,-65.7037353515625
2026-09-10,13,TSLA,short,-6.3006591796875,0.0,-6.3006591796875
2026-09-10,13,TSLA,short,189.76141357421875,0.0,189.76141357421875
2026-09-10,13,TSLA,short,5.260528564453125,0.0,5.260528564453125
2026-09-10,13,TSLA,short,-215.612060546875,0.0,-215.612060546875
2026-09-10,13,TSLA,short,-0.57037353515625,0.0,-0.57037353515625
2026-09-10,13,TSLA,short,176.1141357421875,0.0,176.1141357421875
2026-09-10,13,TSLA,short,-14.157623291015625,0.0,-14.157623291015625
2026-09-10,13,TSLA,short,7.04150390625,0.0,7.04150390625
2026-09-10,13,TSLA,short,-1.76171875,0.0,-1.76171875
2026-09-10,14,TSLA,short,172.11074829101562,0.0,172.11074829101562
2026-09-10,14,TSLA,short,0.26702880859375,0.0,0.26702880859375
2026-09-10,14,TSLA,short,6.9561767578125,0.0,6.9561767578125
2026-09-10,14,TSLA,short,2.1771240234375,0.0,2.1771240234375
2026-09-10,14,TSLA,short,-18.70733642578125,0.0,-18.70733642578125
2026-09-10,14,TSLA,short,1.74169921875,0.0,1.74169921875
2026-09-10,14,TSLA,short,-17.40106201171875,0.0,-17.40106201171875
2026-09-10,14,TSLA,short,6.96148681640625,0.0,6.96148681640625
2026-09-10,14,TSLA,short,-15.65936279296875,0.0,-15.65936279296875
2026-09-10,14,TSLA,short,-41.76361083984375,0.0,-41.76361083984375
2026-09-10,14,TSLA,short,6.96148681640625,0.0,6.96148681640625
2026-09-10,14,TSLA,short,4.99676513671875,0.0,4.99676513671875
2026-09-10,14,TSLA,short,42.246826171875,0.0,42.246826171875
2026-09-10,14,TSLA,short,-10.216552734375,0.0,-10.216552734375
2026-09-10,14,TSLA,short,-68.34576416015625,0.0,-68.34576416015625
2026-09-10,14,TSLA,short,5.09765625,0.0,5.09765625
2026-09-10,14,TSLA,short,-8.57574462890625,0.0,-8.57574462890625
2026-09-10,14,TSLA,short,5.21978759765625,0.0,5.21978759765625
2026-09-10,14,TSLA,short,-4.354248046875,0.0,-4.354248046875
2026-09-10,14,TSLA,short,9.57403564453125,0.0,9.57403564453125
2026-09-10,14,TSLA,short,-82.65106201171875,0.0,-82.65106201171875
2026-09-10,14,TSLA,short,7.8270263671875,0.0,7.8270263671875
2026-09-10,15,TSLA,short,26.104248046875,0.0,26.104248046875
2026-09-10,15,TSLA,short,131.36553955078125,0.0,131.36553955078125
2026-09-10,15,TSLA,short,9.57403564453125,0.0,9.57403564453125
2026-09-10,15,TSLA,short,-89.612548828125,0.0,-89.612548828125
2026-09-10,15,TSLA,short,200.96978759765625,0.0,200.96978759765625
2026-09-10,15,TSLA,short,131.370849609375,0.0,131.370849609375
2026-09-10,15,TSLA,short,9.5687255859375,0.0,9.5687255859375
2026-09-10,15,TSLA,short,-22.620849609375,0.0,-22.620849609375
2026-09-10,15,TSLA,short,-12.17596435546875,0.0,-12.17596435546875
2026-09-10,15,TSLA,short,46.10723876953125,0.0,46.10723876953125
2026-09-10,15,TSLA,short,-2.60723876953125,0.0,-2.60723876953125
2026-09-10,15,TSLA,short,-76.5604248046875,0.0,-76.5604248046875
2026-09-10,15,TSLA,short,146.15936279296875,0.0,146.15936279296875
2026-09-10,15,TSLA,short,-2.612548828125,0.0,-2.612548828125
2026-09-10,15,TSLA,short,-45.23638916015625,0.0,-45.23638916015625
2026-09-10,15,TSLA,short,-2.612548828125,0.0,-2.612548828125
2026-09-10,15,TSLA,short,17.4169921875,0.0,17.4169921875
2026-09-10,15,TSLA,short,1.72576904296875,0.0,1.72576904296875
2026-09-10,15,TSLA,short,97.4395751953125,0.0,97.4395751953125
2026-09-10,15,TSLA,short,5.21978759765625,0.0,5.21978759765625
2026-09-11,9,TSLA,long,157.7584228515625,0.0,157.7584228515625
2026-09-11,9,TSLA,long,1.1641845703125,0.0,1.1641845703125
2026-09-11,9,TSLA,long,19.577392578125,0.0,19.577392578125
2026-09-11,9,TSLA,long,29.48016357421875,0.0,29.48016357421875
2026-09-11,9,TSLA,long,-174.572021484375,0.0,-174.572021484375
2026-09-11,10,TSLA,long,235.63558959960938,0.0,235.63558959960938
2026-09-11,10,TSLA,long,-6.209747314453125,0.0,-6.209747314453125
2026-09-11,10,TSLA,long,-110.8465576171875,0.0,-110.8465576171875
2026-09-11,10,TSLA,long,16.420806884765625,0.0,16.420806884765625
2026-09-11,10,TSLA,long,0.670654296875,0.0,0.670654296875
2026-09-11,10,TSLA,long,-124.28573608398438,0.0,-124.28573608398438
2026-09-11,10,TSLA,long,-5.35296630859375,0.0,-5.35296630859375
2026-09-11,10,TSLA,long,-10.061859130859375,0.0,-10.061859130859375
2026-09-11,10,TSLA,long,-3.3450927734375,0.0,-3.3450927734375
2026-09-11,10,TSLA,long,-215.81927490234375,0.0,-215.81927490234375
2026-09-11,10,TSLA,long,0.024169921875,0.0,0.024169921875
2026-09-11,10,TSLA,long,539.5270385742188,0.0,539.5270385742188
2026-09-11,10,TSLA,long,-150.70187377929688,0.0,-150.70187377929688
2026-09-11,10,TSLA,long,-21.43865966796875,0.0,-21.43865966796875
2026-09-11,10,TSLA,long,-98.7835693359375,0.0,-98.7835693359375
2026-09-11,10,TSLA,long,-1.39923095703125,0.0,-1.39923095703125
2026-09-11,10,TSLA,long,54.5994873046875,0.0,54.5994873046875
2026-09-11,10,TSLA,long,0.42041015625,0.0,0.42041015625
2026-09-11,10,TSLA,long,118.8607177734375,0.0,118.8607177734375
2026-09-11,10,TSLA,long,0.8382568359375,0.0,0.8382568359375
2026-09-11,10,TSLA,long,-75.02880859375,0.0,-75.02880859375
2026-09-11,11,TSLA,long,-4.27044677734375,0.0,-4.27044677734375
2026-09-11,11,TSLA,long,-6.710968017578125,0.0,-6.710968017578125
2026-09-11,11,TSLA,long,22.80029296875,0.0,22.80029296875
2026-09-11,11,TSLA,long,0.30029296875,0.0,0.30029296875
2026-09-11,11,TSLA,long,34.801025390625,0.0,34.801025390625
2026-09-11,11,TSLA,long,2.098388671875,0.0,2.098388671875
2026-09-11,11,TSLA,long,-3.5506591796875,0.0,-3.5506591796875
2026-09-11,11,TSLA,long,-0.83184814453125,0.0,-0.83184814453125
2026-09-11,11,TSLA,long,80.2880859375,0.0,80.2880859375
2026-09-11,11,TSLA,long,1.1611328125,0.0,1.1611328125
2026-09-11,11,TSLA,long,-94.62020874023438,0.0,-94.62020874023438
2026-09-11,11,TSLA,long,48.1591796875,0.0,48.1591796875
2026-09-11,11,TSLA,long,-5.5986328125,0.0,-5.5986328125
2026-09-11,11,TSLA,long,-20.83984375,0.0,-20.83984375
2026-09-11,11,TSLA,long,5.439910888671875,0.0,5.439910888671875
2026-09-11,11,TSLA,long,-6.72857666015625,0.0,-6.72857666015625
2026-09-11,11,TSLA,long,0.5174560546875,0.0,0.5174560546875
2026-09-11,11,TSLA,long,-17.754547119140625,0.0,-17.754547119140625
2026-09-11,11,TSLA,long,-2.64935302734375,0.0,-2.64935302734375
2026-09-11,11,TSLA,long,-56.160888671875,0.0,-56.160888671875
2026-09-11,11,TSLA,long,37.739501953125,0.0,37.739501953125
2026-09-11,11,TSLA,long,0.510498046875,0.0,0.510498046875
2026-09-11,12,TSLA,long,-22.799072265625,0.0,-22.799072265625
2026-09-11,12,TSLA,long,1.8995361328125,0.0,1.8995361328125
2026-09-11,12,TSLA,long,-34.123992919921875,0.0,-34.123992919921875
2026-09-11,12,TSLA,long,-0.3753662109375,0.0,-0.3753662109375
2026-09-11,12,TSLA,long,53.624725341796875,0.0,53.624725341796875
2026-09-11,12,TSLA,long,-2.213287353515625,0.0,-2.213287353515625
2026-09-11,12,TSLA,long,48.541259765625,0.0,48.541259765625
2026-09-11,12,TSLA,long,5.422210693359375,0.0,5.422210693359375
2026-09-11,12,TSLA,long,-70.30563354492188,0.0,-70.30563354492188
2026-09-11,12,TSLA,long,4.305267333984375,0.0,4.305267333984375
2026-09-11,12,TSLA,long,37.8753662109375,0.0,37.8753662109375
2026-09-11,12,TSLA,long,0.3753662109375,0.0,0.3753662109375
2026-09-11,12,TSLA,long,-10.5010986328125,0.0,-10.5010986328125
2026-09-11,12,TSLA,long,-1.57470703125,0.0,-1.57470703125
2026-09-11,12,TSLA,long,27.81829833984375,0.0,27.81829833984375
2026-09-11,12,TSLA,long,-2.618408203125,0.0,-2.618408203125
2026-09-11,13,TSLA,long,-55.1239013671875,0.0,-55.1239013671875
2026-09-11,13,TSLA,long,1.499176025390625,0.0,1.499176025390625
2026-09-11,13,TSLA,long,-8.9996337890625,0.0,-8.9996337890625
2026-09-11,13,TSLA,long,1.874542236328125,0.0,1.874542236328125
2026-09-11,13,TSLA,long,40.125274658203125,0.0,40.125274658203125
2026-09-11,13,TSLA,long,6.374359130859375,0.0,6.374359130859375
2026-09-11,13,TSLA,long,0.750732421875,0.0,0.750732421875
2026-09-11,13,TSLA,long,12.751007080078125,0.0,12.751007080078125
2026-09-11,13,TSLA,long,-19.8760986328125,0.0,-19.8760986328125
2026-09-11,13,TSLA,long,4.49981689453125,0.0,4.49981689453125
2026-09-11,13,TSLA,long,45.751190185546875,0.0,45.751190185546875
2026-09-11,13,TSLA,long,3.74908447265625,0.0,3.74908447265625
2026-09-11,13,TSLA,long,8.2489013671875,0.0,8.2489013671875
2026-09-11,13,TSLA,long,4.502105712890625,0.0,4.502105712890625
2026-09-11,13,TSLA,long,-6.00128173828125,0.0,-6.00128173828125
2026-09-11,13,TSLA,long,-1.874542236328125,0.0,-1.874542236328125
2026-09-11,13,TSLA,long,-52.12554931640625,0.0,-52.12554931640625
2026-09-11,13,TSLA,long,5.25054931640625,0.0,5.25054931640625
2026-09-11,13,TSLA,long,-0.3753662109375,0.0,-0.3753662109375
2026-09-11,13,TSLA,long,-29.999542236328125,0.0,-29.999542236328125
2026-09-11,13,TSLA,long,-2.625274658203125,0.0,-2.625274658203125
2026-09-11,14,TSLA,long,8.9996337890625,0.0,8.9996337890625
2026-09-11,14,TSLA,long,-4.49981689453125,0.0,-4.49981689453125
2026-09-11,14,TSLA,long,0.750732421875,0.0,0.750732421875
2026-09-11,14,TSLA,long,-13.13482666015625,0.0,-13.13482666015625
2026-09-11,14,TSLA,long,1.774566650390625,0.0,1.774566650390625
2026-09-11,14,TSLA,long,31.24017333984375,0.0,31.24017333984375
2026-09-11,14,TSLA,long,-1.505889892578125,0.0,-1.505889892578125
2026-09-11,14,TSLA,long,11.44476318359375,0.0,11.44476318359375
2026-09-11,14,TSLA,long,2.129913330078125,0.0,2.129913330078125
2026-09-11,14,TSLA,long,-40.11517333984375,0.0,-40.11517333984375
2026-09-11,14,TSLA,long,-2.48309326171875,0.0,-2.48309326171875
2026-09-11,14,TSLA,long,6.30615234375,0.0,6.30615234375
2026-09-11,14,TSLA,long,3.84307861328125,0.0,3.84307861328125
2026-09-11,14,TSLA,long,-17.25,0.0,-17.25
2026-09-11,14,TSLA,long,-1.0360107421875,0.0,-1.0360107421875
2026-09-11,14,TSLA,long,2.7205810546875,0.0,2.7205810546875
2026-09-11,14,TSLA,long,-2.0399169921875,0.0,-2.0399169921875
2026-09-11,14,TSLA,long,-10.8802490234375,0.0,-10.8802490234375
2026-09-11,14,TSLA,long,-1.0189208984375,0.0,-1.0189208984375
2026-09-11,14,TSLA,long,-21.0943603515625,0.0,-21.0943603515625
2026-09-11,14,TSLA,long,-1.0064697265625,0.0,-1.0064697265625
2026-09-11,14,TSLA,long,8.84033203125,0.0,8.84033203125
2026-09-11,15,TSLA,long,53.3802490234375,0.0,53.3802490234375
2026-09-11,15,TSLA,long,-0.6806640625,0.0,-0.6806640625
2026-09-11,15,TSLA,long,-15.6407470703125,0.0,-15.6407470703125
2026-09-11,15,TSLA,long,-39.7794189453125,0.0,-39.7794189453125
2026-09-11,15,TSLA,long,-2.3802490234375,0.0,-2.3802490234375
2026-09-11,15,TSLA,long,45.2205810546875,0.0,45.2205810546875
2026-09-11,15,TSLA,long,1.3592529296875,0.0,1.3592529296875
2026-09-11,15,TSLA,long,-12.920166015625,0.0,-12.920166015625
2026-09-11,15,TSLA,long,-2.378173828125,0.0,-2.378173828125
2026-09-11,15,TSLA,long,-25.1617431640625,0.0,-25.1617431640625
2026-09-11,15,TSLA,long,-5.0987548828125,0.0,-5.0987548828125
2026-09-11,15,TSLA,long,-18.31982421875,0.0,-18.31982421875
2026-09-11,15,TSLA,long,-0.0062255859375,0.0,-0.0062255859375
2026-09-11,15,TSLA,long,64.5655517578125,0.0,64.5655517578125
2026-09-11,15,TSLA,long,2.0399169921875,0.0,2.0399169921875
2026-09-11,15,TSLA,long,-0.6806640625,0.0,-0.6806640625
2026-09-11,15,TSLA,long,67.3214111328125,0.0,67.3214111328125
2026-09-11,15,TSLA,long,-0.7491455078125,0.0,-0.7491455078125
2026-09-11,15,TSLA,long,-2.652099609375,0.0,-2.652099609375
2026-09-11,15,TSLA,long,-21.420166015625,0.0,-21.420166015625
2026-09-11,15,TSLA,long,-2.378173828125,0.0,-2.378173828125
2026-09-08,9,MSTR,long,-204.1328125,0.0,-204.1328125
2026-09-08,9,MSTR,long,65.890625,0.0,65.890625
2026-09-08,9,MSTR,long,527.359375,0.0,527.359375
2026-09-08,9,MSTR,long,20.484375,0.0,20.484375
2026-09-08,9,MSTR,long,5.4447784423828125,0.0,5.4447784423828125
2026-09-08,9,MSTR,long,-7.2615509033203125,0.0,-7.2615509033203125
2026-09-08,9,MSTR,long,-22.75,0.0,-22.75
2026-09-08,9,MSTR,long,1.82177734375,0.0,1.82177734375
2026-09-08,10,MSTR,long,-75.54244995117188,0.0,-75.54244995117188
2026-09-08,10,MSTR,long,-16.919403076171875,0.0,-16.919403076171875
2026-09-08,10,MSTR,long,-17.808578491210938,0.0,-17.808578491210938
2026-09-08,10,MSTR,long,5.4790802001953125,0.0,5.4790802001953125
2026-09-08,10,MSTR,long,120.5606689453125,0.0,120.5606689453125
2026-09-08,10,MSTR,long,10.274581909179688,0.0,10.274581909179688
2026-09-08,10,MSTR,long,47.87127685546875,0.0,47.87127685546875
2026-09-08,10,MSTR,long,-3.322265625,0.0,-3.322265625
2026-09-08,10,MSTR,long,-105.29901123046875,0.0,-105.29901123046875
2026-09-08,10,MSTR,long,4.85980224609375,0.0,4.85980224609375
2026-09-08,10,MSTR,long,44.551483154296875,0.0,44.551483154296875
2026-09-08,10,MSTR,long,3.23822021484375,0.0,3.23822021484375
2026-09-08,10,MSTR,long,-88.28970336914062,0.0,-88.28970336914062
2026-09-08,10,MSTR,long,-78.57009887695312,0.0,-78.57009887695312
2026-09-08,10,MSTR,long,4.051483154296875,0.0,4.051483154296875
2026-09-08,10,MSTR,long,88.28970336914062,0.0,88.28970336914062
2026-09-08,10,MSTR,long,5.668121337890625,0.0,5.668121337890625
2026-09-08,10,MSTR,long,-102.958984375,0.0,-102.958984375
2026-09-08,10,MSTR,long,-2.078857421875,0.0,-2.078857421875
2026-09-08,11,MSTR,long,-3.119873046875,0.0,-3.119873046875
2026-09-08,11,MSTR,long,4.928955078125,0.0,4.928955078125
2026-09-08,11,MSTR,long,50.19091796875,0.0,50.19091796875
2026-09-08,11,MSTR,long,1.037841796875,0.0,1.037841796875
2026-09-08,11,MSTR,long,46.80126953125,0.0,46.80126953125
2026-09-08,11,MSTR,long,7.28076171875,0.0,7.28076171875
2026-09-08,11,MSTR,long,4.160888671875,0.0,4.160888671875
2026-09-08,11,MSTR,long,-14.5615234375,0.0,-14.5615234375
2026-09-08,11,MSTR,long,-37.4384765625,0.0,-37.4384765625
2026-09-08,11,MSTR,long,8.318603515625,0.0,8.318603515625
2026-09-08,11,MSTR,long,-91.5205078125,0.0,-91.5205078125
2026-09-08,11,MSTR,long,4.160888671875,0.0,4.160888671875
2026-09-08,11,MSTR,long,-4.90008544921875,0.0,-4.90008544921875
2026-09-08,11,MSTR,long,8.680145263671875,0.0,8.680145263671875
2026-09-08,11,MSTR,long,-0.700042724609375,0.0,-0.700042724609375
2026-09-08,11,MSTR,long,0.280059814453125,0.0,0.280059814453125
2026-09-08,11,MSTR,long,3.289794921875,0.0,3.289794921875
2026-09-08,11,MSTR,long,0.350128173828125,0.0,0.350128173828125
2026-09-08,11,MSTR,long,5.199920654296875,0.0,5.199920654296875
2026-09-08,11,MSTR,long,-0.6500396728515625,0.0,-0.6500396728515625
2026-09-08,11,MSTR,long,2.85882568359375,0.0,2.85882568359375
2026-09-08,11,MSTR,long,0.2612457275390625,0.0,0.2612457275390625
2026-09-08,12,MSTR,long,6.4200439453125,0.0,6.4200439453125
2026-09-08,12,MSTR,long,0.2999267578125,0.0,0.2999267578125
2026-09-08,12,MSTR,long,-0.89996337890625,0.0,-0.89996337890625
2026-09-08,12,MSTR,long,-8.470046997070312,0.0,-8.470046997070312
2026-09-08,12,MSTR,long,-0.60491943359375,0.0,-0.60491943359375
2026-09-08,12,MSTR,long,-6.500091552734375,0.0,-6.500091552734375
2026-09-08,12,MSTR,long,-0.29998779296875,0.0,-0.29998779296875
2026-09-08,12,MSTR,long,-1.349945068359375,0.0,-1.349945068359375
2026-09-08,12,MSTR,long,0.4000244140625,0.0,0.4000244140625
2026-09-08,12,MSTR,long,0.8800048828125,0.0,0.8800048828125
2026-09-08,12,MSTR,long,-1.75,0.0,-1.75
2026-09-08,12,MSTR,long,0.139923095703125,0.0,0.139923095703125
2026-09-08,12,MSTR,long,2.5900726318359375,0.0,2.5900726318359375
2026-09-08,12,MSTR,long,-0.41998291015625,0.0,-0.41998291015625
2026-09-08,12,MSTR,long,4.769989013671875,0.0,4.769989013671875
2026-09-08,12,MSTR,long,0.269989013671875,0.0,0.269989013671875
2026-09-08,12,MSTR,long,-1.100006103515625,0.0,-1.100006103515625
2026-09-08,12,MSTR,long,-0.1199951171875,0.0,-0.1199951171875
2026-09-08,12,MSTR,long,-1.653900146484375,0.0,-1.653900146484375
2026-09-08,12,MSTR,long,0.03387451171875,0.0,0.03387451171875
2026-09-08,13,MSTR,long,-0.75,0.0,-0.75
2026-09-08,13,MSTR,long,0.02001953125,0.0,0.02001953125
2026-09-08,13,MSTR,long,0.910003662109375,0.0,0.910003662109375
2026-09-08,13,MSTR,long,0.019989013671875,0.0,0.019989013671875
2026-09-08,13,MSTR,long,-0.739990234375,0.0,-0.739990234375
2026-09-08,13,MSTR,long,-0.040008544921875,0.0,-0.040008544921875
2026-09-08,13,MSTR,long,0.29998779296875,0.0,0.29998779296875
2026-09-08,13,MSTR,long,-0.1099853515625,0.0,-0.1099853515625
2026-09-08,13,MSTR,long,-0.54998779296875,0.0,-0.54998779296875
2026-09-08,13,MSTR,long,0.019989013671875,0.0,0.019989013671875
2026-09-08,13,MSTR,long,-0.58001708984375,0.0,-0.58001708984375
2026-09-08,13,MSTR,long,-0.019989013671875,0.0,-0.019989013671875
2026-09-08,13,MSTR,long,0.299896240234375,0.0,0.299896240234375
2026-09-08,13,MSTR,long,0.0001068115234375,0.0,0.0001068115234375
2026-09-09,9,MSTR,long,-295.60211181640625,0.0,-295.60211181640625
2026-09-09,9,MSTR,long,28.95172119140625,0.0,28.95172119140625
2026-09-09,9,MSTR,long,-298.19110107421875,0.0,-298.19110107421875
2026-09-09,9,MSTR,long,-54.91912841796875,0.0,-54.91912841796875
2026-09-09,9,MSTR,long,-4.56939697265625,0.0,-4.56939697265625
2026-09-09,9,MSTR,long,-1.83758544921875,0.0,-1.83758544921875
2026-09-09,9,MSTR,long,-386.3990173339844,0.0,-386.3990173339844
2026-09-09,9,MSTR,long,-14.489410400390625,0.0,-14.489410400390625
2026-09-09,10,MSTR,long,5.8954925537109375,0.0,5.8954925537109375
2026-09-09,10,MSTR,long,3.2395782470703125,0.0,3.2395782470703125
2026-09-09,10,MSTR,long,-10.730300903320312,0.0,-10.730300903320312
2026-09-09,10,MSTR,long,2.0271148681640625,0.0,2.0271148681640625
2026-09-09,10,MSTR,long,-11.306884765625,0.0,-11.306884765625
2026-09-09,10,MSTR,long,-2.4651947021484375,0.0,-2.4651947021484375
2026-09-09,10,MSTR,long,4.2051239013671875,0.0,4.2051239013671875
2026-09-09,10,MSTR,long,-0.5801239013671875,0.0,-0.5801239013671875
2026-09-09,10,MSTR,long,-18.2845458984375,0.0,-18.2845458984375
2026-09-09,10,MSTR,long,5.4140625,0.0,5.4140625
2026-09-09,10,MSTR,long,-1.978912353515625,0.0,-1.978912353515625
2026-09-09,10,MSTR,long,-4.96087646484375,0.0,-4.96087646484375
2026-09-09,10,MSTR,long,-122.55207824707031,0.0,-122.55207824707031
2026-09-09,10,MSTR,long,-5.1466827392578125,0.0,-5.1466827392578125
2026-09-09,11,MSTR,short,40.800933837890625,0.0,40.800933837890625
2026-09-09,11,MSTR,short,-15.29937744140625,0.0,-15.29937744140625
2026-09-09,11,MSTR,short,253.54437255859375,0.0,253.54437255859375
2026-09-09,11,MSTR,short,32.27337646484375,0.0,32.27337646484375
2026-09-09,11,MSTR,short,124.47196960449219,0.0,124.47196960449219
2026-09-09,11,MSTR,short,295.0397186279297,0.0,295.0397186279297
2026-09-09,11,MSTR,short,-55.32478332519531,0.0,-55.32478332519531
2026-09-09,11,MSTR,short,32.27337646484375,0.0,32.27337646484375
2026-09-09,11,MSTR,short,507.0957794189453,0.0,507.0957794189453
2026-09-09,11,MSTR,short,-9.214935302734375,0.0,-9.214935302734375
2026-09-09,11,MSTR,short,-4.550018310546875,0.0,-4.550018310546875
2026-09-09,11,MSTR,long,197.0,0.0,197.0
2026-09-09,11,MSTR,long,27.5828857421875,0.0,27.5828857421875
2026-09-09,11,MSTR,long,99.74594116210938,0.0,99.74594116210938
2026-09-09,11,MSTR,long,-8.74786376953125,0.0,-8.74786376953125
2026-09-09,11,MSTR,long,-24.43255615234375,0.0,-24.43255615234375
2026-09-09,11,MSTR,long,-12.210952758789062,0.0,-12.210952758789062
2026-09-09,11,MSTR,long,-99.46627807617188,0.0,-99.46627807617188
2026-09-09,11,MSTR,long,13.957656860351562,0.0,13.957656860351562
2026-09-09,11,MSTR,long,17.40106201171875,0.0,17.40106201171875
2026-09-09,11,MSTR,long,10.4395751953125,0.0,10.4395751953125
2026-09-09,12,MSTR,long,-59.15936279296875,0.0,-59.15936279296875
2026-09-09,12,MSTR,long,-24.35723876953125,0.0,-24.35723876953125
2026-09-09,12,MSTR,long,330.59893798828125,0.0,330.59893798828125
2026-09-09,12,MSTR,long,6.9561767578125,0.0,6.9561767578125
2026-09-09,12,MSTR,long,-241.35894775390625,0.0,-241.35894775390625
2026-09-09,12,MSTR,long,19.394210815429688,0.0,19.394210815429688
2026-09-09,12,MSTR,long,-34.474212646484375,0.0,-34.474212646484375
2026-09-09,12,MSTR,long,-15.086578369140625,0.0,-15.086578369140625
2026-09-09,12,MSTR,long,-129.3013153076172,0.0,-129.3013153076172
2026-09-09,12,MSTR,long,12.929473876953125,0.0,12.929473876953125
2026-09-09,12,MSTR,long,25.85894775390625,0.0,25.85894775390625
2026-09-09,12,MSTR,long,34.48078918457031,0.0,34.48078918457031
2026-09-09,12,MSTR,long,107.75,0.0,107.75
2026-09-09,12,MSTR,long,12.929473876953125,0.0,12.929473876953125
2026-09-09,12,MSTR,long,198.2628936767578,0.0,198.2628936767578
2026-09-09,12,MSTR,long,-189.64105224609375,0.0,-189.64105224609375
2026-09-09,12,MSTR,long,-8.621841430664062,0.0,-8.621841430664062
2026-09-09,12,MSTR,long,-25.85894775390625,0.0,-25.85894775390625
2026-09-09,12,MSTR,long,-12.929473876953125,0.0,-12.929473876953125
2026-09-09,12,MSTR,long,-66.80447387695312,0.0,-66.80447387695312
2026-09-09,12,MSTR,long,10.772369384765625,0.0,10.772369384765625
2026-09-09,12,MSTR,long,-2.1505279541015625,0.0,-2.1505279541015625
2026-09-09,12,MSTR,long,28.009475708007812,0.0,28.009475708007812
2026-09-09,13,MSTR,long,62.49684143066406,0.0,62.49684143066406
2026-09-09,13,MSTR,long,-32.32368469238281,0.0,-32.32368469238281
2026-09-09,13,MSTR,long,-79.73394775390625,0.0,-79.73394775390625
2026-09-09,13,MSTR,long,-10.778945922851562,0.0,-10.778945922851562
2026-09-09,13,MSTR,long,25.865524291992188,0.0,25.865524291992188
2026-09-09,13,MSTR,long,4.3076324462890625,0.0,4.3076324462890625
2026-09-09,13,MSTR,long,202.57052612304688,0.0,202.57052612304688
2026-09-09,13,MSTR,long,25.812911987304688,0.0,25.812911987304688
2026-09-09,13,MSTR,long,4.353668212890625,0.0,4.353668212890625
2026-09-09,13,MSTR,long,-12.883438110351562,0.0,-12.883438110351562
2026-09-09,13,MSTR,long,187.4379119873047,0.0,187.4379119873047
2026-09-09,13,MSTR,long,-4.3076324462890625,0.0,-4.3076324462890625
2026-09-09,13,MSTR,long,62.49684143066406,0.0,62.49684143066406
2026-09-09,13,MSTR,long,17.237106323242188,0.0,17.237106323242188
2026-09-09,13,MSTR,long,-159.4678955078125,0.0,-159.4678955078125
2026-09-09,13,MSTR,long,-21.551315307617188,0.0,-21.551315307617188
2026-09-09,13,MSTR,long,-148.69552612304688,0.0,-148.69552612304688
2026-09-09,13,MSTR,long,-2.1505279541015625,0.0,-2.1505279541015625
2026-09-09,13,MSTR,long,-15.086578369140625,0.0,-15.086578369140625
2026-09-09,13,MSTR,long,6.4647369384765625,0.0,6.4647369384765625
2026-09-09,13,MSTR,long,43.09605407714844,0.0,43.09605407714844
2026-09-09,13,MSTR,long,-3.3606109619140625,0.0,-3.3606109619140625
2026-09-09,13,MSTR,long,63.700347900390625,0.0,63.700347900390625
2026-09-09,13,MSTR,long,-17.191070556640625,0.0,-17.191070556640625
2026-09-09,14,MSTR,long,68.65248107910156,0.0,68.65248107910156
2026-09-09,14,MSTR,long,-4.0511474609375,0.0,-4.0511474609375
2026-09-09,14,MSTR,long,-64.64736938476562,0.0,-64.64736938476562
2026-09-09,14,MSTR,long,-4.3076324462890625,0.0,-4.3076324462890625
2026-09-09,14,MSTR,long,-183.1763153076172,0.0,-183.1763153076172
2026-09-09,14,MSTR,long,5.0442047119140625,0.0,5.0442047119140625
2026-09-09,14,MSTR,long,-191.15365600585938,0.0,-191.15365600585938
2026-09-09,14,MSTR,long,9.397872924804688,0.0,9.397872924804688
2026-09-09,14,MSTR,long,-15.086578369140625,0.0,-15.086578369140625
2026-09-09,14,MSTR,long,12.929473876953125,0.0,12.929473876953125
2026-09-09,14,MSTR,long,51.72447204589844,0.0,51.72447204589844
2026-09-09,14,MSTR,long,-30.17315673828125,0.0,-30.17315673828125
2026-09-09,14,MSTR,long,79.73394775390625,0.0,79.73394775390625
2026-09-09,14,MSTR,long,-28.009475708007812,0.0,-28.009475708007812
2026-09-09,14,MSTR,long,-176.71157836914062,0.0,-176.71157836914062
2026-09-09,14,MSTR,long,-86.19868469238281,0.0,-86.19868469238281
2026-09-09,14,MSTR,long,30.166580200195312,0.0,30.166580200195312
2026-09-09,14,MSTR,long,8.621841430664062,0.0,8.621841430664062
2026-09-09,14,MSTR,long,-118.52894592285156,0.0,-118.52894592285156
2026-09-09,14,MSTR,long,-96.97105407714844,0.0,-96.97105407714844
2026-09-09,15,MSTR,long,23.70184326171875,0.0,23.70184326171875
2026-09-09,15,MSTR,long,-71.11210632324219,0.0,-71.11210632324219
2026-09-09,15,MSTR,long,2.1571044921875,0.0,2.1571044921875
2026-09-09,15,MSTR,long,28.009475708007812,0.0,28.009475708007812
2026-09-09,15,MSTR,long,8.621841430664062,0.0,8.621841430664062
2026-09-09,15,MSTR,long,226.27236938476562,0.0,226.27236938476562
2026-09-09,15,MSTR,long,-19.348175048828125,0.0,-19.348175048828125
2026-09-09,15,MSTR,long,15.560089111328125,0.0,15.560089111328125
2026-09-09,15,MSTR,long,-19.696731567382812,0.0,-19.696731567382812
2026-09-09,15,MSTR,long,335.9624481201172,0.0,335.9624481201172
2026-09-09,15,MSTR,long,1.986114501953125,0.0,1.986114501953125
2026-09-09,15,MSTR,long,-69.86416625976562,0.0,-69.86416625976562
2026-09-09,15,MSTR,long,-20.701080322265625,0.0,-20.701080322265625
2026-09-09,15,MSTR,long,238.68804931640625,0.0,238.68804931640625
2026-09-09,15,MSTR,long,20.756515502929688,0.0,20.756515502929688
2026-09-09,15,MSTR,long,-482.6741180419922,0.0,-482.6741180419922
2026-09-09,15,MSTR,long,15.577285766601562,0.0,15.577285766601562
2026-09-09,15,MSTR,long,-259.5,0.0,-259.5
2026-09-09,15,MSTR,long,-10.382217407226562,0.0,-10.382217407226562
2026-09-09,15,MSTR,long,140.13221740722656,0.0,140.13221740722656
2026-09-09,15,MSTR,long,-15.577285766601562,0.0,-15.577285766601562
2026-09-09,15,MSTR,long,-197.21461486816406,0.0,-197.21461486816406
2026-09-09,15,MSTR,long,-10.382217407226562,0.0,-10.382217407226562
2026-09-10,9,MSTR,long,505.7213134765625,0.0,505.7213134765625
2026-09-10,9,MSTR,long,21.516387939453125,0.0,21.516387939453125
2026-09-10,9,MSTR,long,-258.2377014160156,0.0,-258.2377014160156
2026-09-10,9,MSTR,long,37.6639404296875,0.0,37.6639404296875
2026-09-10,9,MSTR,long,173.759765625,0.0,173.759765625
2026-09-10,9,MSTR,long,-12.4599609375,0.0,-12.4599609375
2026-09-10,9,MSTR,long,-11.5400390625,0.0,-11.5400390625
2026-09-10,9,MSTR,long,9.6005859375,0.0,9.6005859375
2026-09-10,10,MSTR,long,34.87913513183594,0.0,34.87913513183594
2026-09-10,10,MSTR,long,14.1705322265625,0.0,14.1705322265625
2026-09-10,10,MSTR,long,98.09933471679688,0.0,98.09933471679688
2026-09-10,10,MSTR,long,2.1804656982421875,0.0,2.1804656982421875
2026-09-10,10,MSTR,long,-112.85980224609375,0.0,-112.85980224609375
2026-09-10,10,MSTR,long,2.71087646484375,0.0,2.71087646484375
2026-09-10,10,MSTR,long,-27.01153564453125,0.0,-27.01153564453125
2026-09-10,10,MSTR,long,-4.31927490234375,0.0,-4.31927490234375
2026-09-10,10,MSTR,long,-66.96112060546875,0.0,-66.96112060546875
2026-09-10,10,MSTR,long,117.72125244140625,0.0,117.72125244140625
2026-09-10,10,MSTR,long,2.1588134765625,0.0,2.1588134765625
2026-09-10,10,MSTR,long,-30.77874755859375,0.0,-30.77874755859375
2026-09-10,10,MSTR,long,-10.2601318359375,0.0,-10.2601318359375
2026-09-10,10,MSTR,long,18.90032958984375,0.0,18.90032958984375
2026-09-10,10,MSTR,long,7.01861572265625,0.0,7.01861572265625
2026-09-10,10,MSTR,long,35.6517333984375,0.0,35.6517333984375
2026-09-10,10,MSTR,long,1.06951904296875,0.0,1.06951904296875
2026-09-10,10,MSTR,long,4.31927490234375,0.0,4.31927490234375
2026-09-10,10,MSTR,long,55.07940673828125,0.0,55.07940673828125
2026-09-10,10,MSTR,long,4.8614501953125,0.0,4.8614501953125
2026-09-10,10,MSTR,long,33.5394287109375,0.0,33.5394287109375
2026-09-10,10,MSTR,long,14.0394287109375,0.0,14.0394287109375
2026-09-10,11,MSTR,long,-35.87933349609375,0.0,-35.87933349609375
2026-09-10,11,MSTR,long,-4.6798095703125,0.0,-4.6798095703125
2026-09-10,11,MSTR,long,-116.25,0.0,-116.25
2026-09-10,11,MSTR,long,16.274337768554688,0.0,16.274337768554688
2026-09-10,11,MSTR,long,2.309906005859375,0.0,2.309906005859375
2026-09-10,11,MSTR,long,0.770751953125,0.0,0.770751953125
2026-09-10,11,MSTR,long,-10.71112060546875,0.0,-10.71112060546875
2026-09-10,11,MSTR,long,-4.589813232421875,0.0,-4.589813232421875
2026-09-10,11,MSTR,long,-33.660186767578125,0.0,-33.660186767578125
2026-09-10,11,MSTR,long,-2.9672698974609375,0.0,-2.9672698974609375
2026-09-10,11,MSTR,long,-21.513290405273438,0.0,-21.513290405273438
2026-09-10,11,MSTR,long,-8.41387939453125,0.0,-8.41387939453125
2026-09-10,11,MSTR,long,-13.769439697265625,0.0,-13.769439697265625
2026-09-10,11,MSTR,long,3.824066162109375,0.0,3.824066162109375
2026-09-10,11,MSTR,long,20.5191650390625,0.0,20.5191650390625
2026-09-10,11,MSTR,long,2.2799072265625,0.0,2.2799072265625
2026-09-10,11,MSTR,long,38.7607421875,0.0,38.7607421875
2026-09-10,11,MSTR,long,-10.6387939453125,0.0,-10.6387939453125
2026-09-10,11,MSTR,long,23.404815673828125,0.0,23.404815673828125
2026-09-10,11,MSTR,long,-64.17546081542969,0.0,-64.17546081542969
2026-09-10,11,MSTR,long,-3.0206451416015625,0.0,-3.0206451416015625
2026-09-10,11,MSTR,long,-13.48345947265625,0.0,-13.48345947265625
2026-09-10,11,MSTR,long,-7.3845672607421875,0.0,-7.3845672607421875
2026-09-10,12,MSTR,long,47.73101806640625,0.0,47.73101806640625
2026-09-10,12,MSTR,long,-10.5010986328125,0.0,-10.5010986328125
2026-09-10,12,MSTR,long,-71.51936340332031,0.0,-71.51936340332031
2026-09-10,12,MSTR,long,-6.7047271728515625,0.0,-6.7047271728515625
2026-09-10,12,MSTR,long,-88.8009033203125,0.0,-88.8009033203125
2026-09-10,12,MSTR,long,4.4398193359375,0.0,4.4398193359375
2026-09-10,12,MSTR,long,2.9406280517578125,0.0,2.9406280517578125
2026-09-10,12,MSTR,long,-1.33685302734375,0.0,-1.33685302734375
2026-09-10,12,MSTR,long,-24.222686767578125,0.0,-24.222686767578125
2026-09-10,12,MSTR,long,-4.37982177734375,0.0,-4.37982177734375
2026-09-10,12,MSTR,long,43.74603271484375,0.0,43.74603271484375
2026-09-10,12,MSTR,long,6.279144287109375,0.0,6.279144287109375
2026-09-10,12,MSTR,long,-25.1279296875,0.0,-25.1279296875
2026-09-10,12,MSTR,long,2.80810546875,0.0,2.80810546875
2026-09-10,12,MSTR,long,-20.019912719726562,0.0,-20.019912719726562
2026-09-10,12,MSTR,long,-5.005523681640625,0.0,-5.005523681640625
2026-09-10,12,MSTR,long,67.45086669921875,0.0,67.45086669921875
2026-09-10,12,MSTR,long,1.419219970703125,0.0,1.419219970703125
2026-09-10,12,MSTR,long,-19.034225463867188,0.0,-19.034225463867188
2026-09-10,12,MSTR,long,6.3447418212890625,0.0,6.3447418212890625
2026-09-10,12,MSTR,long,-11.20025634765625,0.0,-11.20025634765625
2026-09-10,12,MSTR,long,-1.39923095703125,0.0,-1.39923095703125
2026-09-10,12,MSTR,long,-6.9504241943359375,0.0,-6.9504241943359375
2026-09-10,12,MSTR,long,4.169830322265625,0.0,4.169830322265625
2026-09-10,13,MSTR,long,71.76058959960938,0.0,71.76058959960938
2026-09-10,13,MSTR,long,1.379241943359375,0.0,1.379241943359375
2026-09-10,13,MSTR,long,-27.2142333984375,0.0,-27.2142333984375
2026-09-10,13,MSTR,long,5.13372802734375,0.0,5.13372802734375
2026-09-10,13,MSTR,long,-8.21966552734375,0.0,-8.21966552734375
2026-09-10,13,MSTR,long,-17.6806640625,0.0,-17.6806640625
2026-09-10,13,MSTR,long,4.760498046875,0.0,4.760498046875
2026-09-10,13,MSTR,long,31.725082397460938,0.0,31.725082397460938
2026-09-10,13,MSTR,long,0.0144195556640625,0.0,0.0144195556640625
2026-09-10,13,MSTR,long,51.574951171875,0.0,51.574951171875
2026-09-10,13,MSTR,long,11.123046875,0.0,11.123046875
2026-09-10,13,MSTR,long,7.46014404296875,0.0,7.46014404296875
2026-09-10,13,MSTR,long,-9.189208984375,0.0,-9.189208984375
2026-09-10,13,MSTR,long,73.259033203125,0.0,73.259033203125
2026-09-10,13,MSTR,long,5.26702880859375,0.0,5.26702880859375
2026-09-10,13,MSTR,long,-86.44648742675781,0.0,-86.44648742675781
2026-09-10,13,MSTR,long,-3.929840087890625,0.0,-3.929840087890625
2026-09-10,13,MSTR,long,11.69952392578125,0.0,11.69952392578125
2026-09-10,13,MSTR,long,-10.320236206054688,0.0,-10.320236206054688
2026-09-10,13,MSTR,long,-5.7260284423828125,0.0,-5.7260284423828125
2026-09-10,13,MSTR,long,-2.63671875,0.0,-2.63671875
2026-09-10,13,MSTR,long,-5.287109375,0.0,-5.287109375
2026-09-10,14,MSTR,long,-13.16973876953125,0.0,-13.16973876953125
2026-09-10,14,MSTR,long,7.61968994140625,0.0,7.61968994140625
2026-09-10,14,MSTR,long,-54.192535400390625,0.0,-54.192535400390625
2026-09-10,14,MSTR,long,-3.768310546875,0.0,-3.768310546875
2026-09-10,14,MSTR,long,-27.500152587890625,0.0,-27.500152587890625
2026-09-10,14,MSTR,long,1.251220703125,0.0,1.251220703125
2026-09-10,14,MSTR,long,-18.60113525390625,0.0,-18.60113525390625
2026-09-10,14,MSTR,long,31.981201171875,0.0,31.981201171875
2026-09-10,14,MSTR,long,-2.4605255126953125,0.0,-2.4605255126953125
2026-09-10,14,MSTR,long,18.29925537109375,0.0,18.29925537109375
2026-09-10,14,MSTR,long,2.440521240234375,0.0,2.440521240234375
2026-09-10,14,MSTR,long,-47.18992614746094,0.0,-47.18992614746094
2026-09-10,14,MSTR,long,2.4205169677734375,0.0,2.4205169677734375
2026-09-10,14,MSTR,long,4.7991943359375,0.0,4.7991943359375
2026-09-10,14,MSTR,long,3.599853515625,0.0,3.599853515625
2026-09-10,14,MSTR,long,11.900726318359375,0.0,11.900726318359375
2026-09-10,14,MSTR,long,-3.569854736328125,0.0,-3.569854736328125
2026-09-10,14,MSTR,long,28.320648193359375,0.0,28.320648193359375
2026-09-10,14,MSTR,long,-3.541656494140625,0.0,-3.541656494140625
2026-09-10,14,MSTR,long,-11.698928833007812,0.0,-11.698928833007812
2026-09-10,14,MSTR,long,-5.8503570556640625,0.0,-5.8503570556640625
2026-09-10,14,MSTR,long,30.15936279296875,0.0,30.15936279296875
2026-09-10,14,MSTR,long,-2.3187255859375,0.0,-2.3187255859375
2026-09-10,15,MSTR,long,17.249298095703125,0.0,17.249298095703125
2026-09-10,15,MSTR,long,3.449859619140625,0.0,3.449859619140625
2026-09-10,15,MSTR,long,-19.4476318359375,0.0,-19.4476318359375
2026-09-10,15,MSTR,long,1.20721435546875,0.0,1.20721435546875
2026-09-10,15,MSTR,long,10.0006103515625,0.0,10.0006103515625
2026-09-10,15,MSTR,long,-4.293365478515625,0.0,-4.293365478515625
2026-09-10,15,MSTR,long,-20.215576171875,0.0,-20.215576171875
2026-09-10,15,MSTR,long,2.79931640625,0.0,2.79931640625
2026-09-10,15,MSTR,long,-11.098983764648438,0.0,-11.098983764648438
2026-09-10,15,MSTR,long,-4.996490478515625,0.0,-4.996490478515625
2026-09-10,15,MSTR,long,19.800872802734375,0.0,19.800872802734375
2026-09-10,15,MSTR,long,2.200469970703125,0.0,2.200469970703125
2026-09-10,15,MSTR,long,-8.17633056640625,0.0,-8.17633056640625
2026-09-10,15,MSTR,long,1.6349334716796875,0.0,1.6349334716796875
2026-09-10,15,MSTR,long,-27.0,0.0,-27.0
2026-09-10,15,MSTR,long,-10.699020385742188,0.0,-10.699020385742188
2026-09-10,15,MSTR,long,-3.1559906005859375,0.0,-3.1559906005859375
2026-09-10,15,MSTR,long,-8.5335693359375,0.0,-8.5335693359375
2026-09-10,15,MSTR,long,2.64935302734375,0.0,2.64935302734375
2026-09-10,15,MSTR,long,-16.274871826171875,0.0,-16.274871826171875
2026-09-10,15,MSTR,long,-5.2503204345703125,0.0,-5.2503204345703125
2026-09-10,15,MSTR,long,-34.318603515625,0.0,-34.318603515625
2026-09-10,15,MSTR,long,9.359619140625,0.0,9.359619140625
2026-09-11,9,MSTR,long,45.5635986328125,0.0,45.5635986328125
2026-09-11,9,MSTR,long,13.396728515625,0.0,13.396728515625
2026-09-11,9,MSTR,long,498.11961364746094,0.0,498.11961364746094
2026-09-11,9,MSTR,long,-12.077911376953125,0.0,-12.077911376953125
2026-09-11,9,MSTR,long,1053.1317138671875,0.0,1053.1317138671875
2026-09-11,9,MSTR,long,-91.0126953125,0.0,-91.0126953125
2026-09-11,9,MSTR,long,373.04957580566406,0.0,373.04957580566406
2026-09-11,9,MSTR,long,53.29512023925781,0.0,53.29512023925781
2026-09-11,10,MSTR,long,1489.6016235351562,0.0,1489.6016235351562
2026-09-11,10,MSTR,long,-5.31707763671875,0.0,-5.31707763671875
2026-09-11,10,MSTR,long,399.8291015625,0.0,399.8291015625
2026-09-11,10,MSTR,long,-18.22845458984375,0.0,-18.22845458984375
2026-09-11,10,MSTR,long,-755.044189453125,0.0,-755.044189453125
2026-09-11,10,MSTR,long,-13.19677734375,0.0,-13.19677734375
2026-09-11,10,MSTR,long,234.5108184814453,0.0,234.5108184814453
2026-09-11,10,MSTR,long,-28.98114013671875,0.0,-28.98114013671875
2026-09-11,10,MSTR,long,281.4039001464844,0.0,281.4039001464844
2026-09-11,10,MSTR,long,10.522247314453125,0.0,10.522247314453125
2026-09-11,10,MSTR,long,-180.4783935546875,0.0,-180.4783935546875
2026-09-11,10,MSTR,long,1.87896728515625,0.0,1.87896728515625
2026-09-11,10,MSTR,long,-22.55908203125,0.0,-22.55908203125
2026-09-11,10,MSTR,long,-1.8818359375,0.0,-1.8818359375
2026-09-11,10,MSTR,long,-115.9390869140625,0.0,-115.9390869140625
2026-09-11,10,MSTR,long,3.235748291015625,0.0,3.235748291015625
2026-09-11,10,MSTR,long,108.55087280273438,0.0,108.55087280273438
2026-09-11,10,MSTR,long,2.600555419921875,0.0,2.600555419921875
2026-09-11,11,MSTR,long,15.40869140625,0.0,15.40869140625
2026-09-11,11,MSTR,long,8.7103271484375,0.0,8.7103271484375
2026-09-11,11,MSTR,long,-61.18089294433594,0.0,-61.18089294433594
2026-09-11,11,MSTR,long,-1.3292694091796875,0.0,-1.3292694091796875
2026-09-11,11,MSTR,long,-2.6605682373046875,0.0,-2.6605682373046875
2026-09-11,11,MSTR,long,-6.64837646484375,0.0,-6.64837646484375
2026-09-11,11,MSTR,long,-3.3262176513671875,0.0,-3.3262176513671875
2026-09-11,11,MSTR,long,-5.9847564697265625,0.0,-5.9847564697265625
2026-09-11,11,MSTR,long,94.43089294433594,0.0,94.43089294433594
2026-09-11,11,MSTR,long,-9.31097412109375,0.0,-9.31097412109375
2026-09-11,11,MSTR,long,-17.2906494140625,0.0,-17.2906494140625
2026-09-11,11,MSTR,long,7.9817047119140625,0.0,7.9817047119140625
2026-09-11,11,MSTR,long,17.15863037109375,0.0,17.15863037109375
2026-09-11,11,MSTR,long,1.3212890625,0.0,1.3212890625
2026-09-11,11,MSTR,long,14.410079956054688,0.0,14.410079956054688
2026-09-11,11,MSTR,long,3.929840087890625,0.0,3.929840087890625
2026-09-11,11,MSTR,long,-50.699920654296875,0.0,-50.699920654296875
2026-09-11,11,MSTR,long,6.4984130859375,0.0,6.4984130859375
2026-09-11,11,MSTR,long,-23.86468505859375,0.0,-23.86468505859375
2026-09-11,11,MSTR,long,-3.224212646484375,0.0,-3.224212646484375
2026-09-11,11,MSTR,long,-69.12109375,0.0,-69.12109375
2026-09-11,11,MSTR,long,-6.3984375,0.0,-6.3984375
2026-09-11,11,MSTR,long,-236.85569763183594,0.0,-236.85569763183594
2026-09-11,11,MSTR,long,-0.6356201171875,0.0,-0.6356201171875
2026-09-11,12,MSTR,short,-8.684646606445312,0.0,-8.684646606445312
2026-09-11,12,MSTR,short,0.9629974365234375,0.0,0.9629974365234375
2026-09-11,12,MSTR,short,-377.29835510253906,0.0,-377.29835510253906
2026-09-11,12,MSTR,short,-8.084671020507812,0.0,-8.084671020507812
2026-09-11,12,MSTR,short,-37.65797424316406,0.0,-37.65797424316406
2026-09-11,12,MSTR,short,-22.14459228515625,0.0,-22.14459228515625
2026-09-11,12,MSTR,short,329.287841796875,0.0,329.287841796875
2026-09-11,12,MSTR,short,-1.328643798828125,0.0,-1.328643798828125
2026-09-11,12,MSTR,short,212.14846801757812,0.0,212.14846801757812
2026-09-11,12,MSTR,short,-29.816619873046875,0.0,-29.816619873046875
2026-09-11,12,MSTR,short,5.097198486328125,0.0,5.097198486328125
2026-09-11,12,MSTR,short,-242.524169921875,0.0,-242.524169921875
2026-09-11,12,MSTR,short,4.2276763916015625,0.0,4.2276763916015625
2026-09-11,12,MSTR,short,21.151290893554688,0.0,21.151290893554688
2026-09-11,12,MSTR,short,228.4171600341797,0.0,228.4171600341797
2026-09-11,12,MSTR,short,-12.689483642578125,0.0,-12.689483642578125
2026-09-11,12,MSTR,short,-325.7505340576172,0.0,-325.7505340576172
2026-09-11,12,MSTR,short,0.038726806640625,0.0,0.038726806640625
2026-09-11,12,MSTR,short,109.984130859375,0.0,109.984130859375
2026-09-11,12,MSTR,short,4.2276763916015625,0.0,4.2276763916015625
2026-09-11,12,MSTR,short,160.7420654296875,0.0,160.7420654296875
2026-09-11,12,MSTR,short,4.2276763916015625,0.0,4.2276763916015625
2026-09-11,13,MSTR,short,-76.13690185546875,0.0,-76.13690185546875
2026-09-11,13,MSTR,short,-21.996826171875,0.0,-21.996826171875
2026-09-11,13,MSTR,short,-83.753173828125,0.0,-83.753173828125
2026-09-11,13,MSTR,short,12.689483642578125,0.0,12.689483642578125
2026-09-11,13,MSTR,short,-14.806549072265625,0.0,-14.806549072265625
2026-09-11,13,MSTR,short,38.068450927734375,0.0,38.068450927734375
2026-09-11,13,MSTR,short,152.28025817871094,0.0,152.28025817871094
2026-09-11,13,MSTR,short,-14.7161865234375,0.0,-14.7161865234375
2026-09-11,13,MSTR,short,-61.42071533203125,0.0,-61.42071533203125
2026-09-11,13,MSTR,short,-0.890716552734375,0.0,-0.890716552734375
2026-09-11,13,MSTR,short,-39.2947998046875,0.0,-39.2947998046875
2026-09-11,13,MSTR,short,-12.689483642578125,0.0,-12.689483642578125
2026-09-11,13,MSTR,short,-12.689483642578125,0.0,-12.689483642578125
2026-09-11,13,MSTR,short,12.689483642578125,0.0,12.689483642578125
2026-09-11,13,MSTR,short,-64.00250244140625,0.0,-64.00250244140625
2026-09-11,13,MSTR,short,-16.3685302734375,0.0,-16.3685302734375
2026-09-11,13,MSTR,short,213.6170654296875,0.0,213.6170654296875
2026-09-11,13,MSTR,short,5.7509307861328125,0.0,5.7509307861328125
2026-09-11,13,MSTR,short,-75.58827209472656,0.0,-75.58827209472656
2026-09-11,13,MSTR,short,0.038726806640625,0.0,0.038726806640625
2026-09-11,13,MSTR,short,-14.806549072265625,0.0,-14.806549072265625
2026-09-11,13,MSTR,short,-23.223175048828125,0.0,-23.223175048828125
2026-09-11,13,MSTR,short,270.68101501464844,0.0,270.68101501464844
2026-09-11,13,MSTR,short,4.2276763916015625,0.0,4.2276763916015625
2026-09-11,14,MSTR,short,-4.2276763916015625,0.0,-4.2276763916015625
2026-09-11,14,MSTR,short,12.644302368164062,0.0,12.644302368164062
2026-09-11,14,MSTR,short,575.325439453125,0.0,575.325439453125
2026-09-11,14,MSTR,short,8.461807250976562,0.0,8.461807250976562
2026-09-11,14,MSTR,short,220.796630859375,0.0,220.796630859375
2026-09-11,14,MSTR,short,-16.559326171875,0.0,-16.559326171875
2026-09-11,14,MSTR,short,-47.788055419921875,0.0,-47.788055419921875
2026-09-11,14,MSTR,short,-0.534759521484375,0.0,-0.534759521484375
2026-09-11,14,MSTR,short,-330.71624755859375,0.0,-330.71624755859375
2026-09-11,14,MSTR,short,39.748382568359375,0.0,39.748382568359375
2026-09-11,14,MSTR,short,247.16445922851562,0.0,247.16445922851562
2026-09-11,14,MSTR,short,-20.988311767578125,0.0,-20.988311767578125
2026-09-11,14,MSTR,short,-162.74871826171875,0.0,-162.74871826171875
2026-09-11,14,MSTR,short,15.749359130859375,0.0,15.749359130859375
2026-09-11,14,MSTR,short,-55.01776123046875,0.0,-55.01776123046875
2026-09-11,14,MSTR,short,-18.3419189453125,0.0,-18.3419189453125
2026-09-11,14,MSTR,short,-190.889892578125,0.0,-190.889892578125
2026-09-11,14,MSTR,short,-18.306915283203125,0.0,-18.306915283203125
2026-09-11,14,MSTR,short,313.20318603515625,0.0,313.20318603515625
2026-09-11,14,MSTR,short,23.489044189453125,0.0,23.489044189453125
2026-09-11,14,MSTR,short,232.28585815429688,0.0,232.28585815429688
2026-09-11,14,MSTR,short,13.054779052734375,0.0,13.054779052734375
2026-09-11,14,MSTR,short,185.30776977539062,0.0,185.30776977539062
2026-09-11,14,MSTR,short,-26.101593017578125,0.0,-26.101593017578125
2026-09-11,15,MSTR,short,-266.2171325683594,0.0,-266.2171325683594
2026-09-11,15,MSTR,short,5.217132568359375,0.0,5.217132568359375
2026-09-11,15,MSTR,short,-247.95318603515625,0.0,-247.95318603515625
2026-09-11,15,MSTR,short,-33.24627685546875,0.0,-33.24627685546875
2026-09-11,15,MSTR,short,41.08392333984375,0.0,41.08392333984375
2026-09-11,15,MSTR,short,234.89840698242188,0.0,234.89840698242188
2026-09-11,15,MSTR,short,-7.829681396484375,0.0,-7.829681396484375
2026-09-11,15,MSTR,short,195.75,0.0,195.75
2026-09-11,15,MSTR,short,2.604583740234375,0.0,2.604583740234375
2026-09-11,15,MSTR,short,-195.75,0.0,-195.75
2026-09-11,15,MSTR,short,5.169342041015625,0.0,5.169342041015625
2026-09-11,15,MSTR,short,172.31671142578125,0.0,172.31671142578125
2026-09-11,15,MSTR,short,31.3187255859375,0.0,31.3187255859375
2026-09-11,15,MSTR,short,-41.760955810546875,0.0,-41.760955810546875
2026-09-11,15,MSTR,short,5.217132568359375,0.0,5.217132568359375
2026-09-11,15,MSTR,short,-67.85458374023438,0.0,-67.85458374023438
2026-09-11,15,MSTR,short,10.43426513671875,0.0,10.43426513671875
2026-09-11,15,MSTR,short,-107.01095581054688,0.0,-107.01095581054688
2026-09-11,15,MSTR,short,-7.829681396484375,0.0,-7.829681396484375
2026-09-11,15,MSTR,short,-208.79681396484375,0.0,-208.79681396484375
2026-09-11,15,MSTR,short,20.876495361328125,0.0,20.876495361328125
2026-09-11,15,MSTR,short,318.4203186035156,0.0,318.4203186035156
2026-09-11,15,MSTR,short,-20.876495361328125,0.0,-20.876495361328125
2026-09-08,9,NVDA,short,107.0,0.0,107.0
2026-09-08,9,NVDA,short,-0.695526123046875,0.0,-0.695526123046875
2026-09-08,10,NVDA,short,-12.3890380859375,0.0,-12.3890380859375
2026-09-08,10,NVDA,short,0.1624603271484375,0.0,0.1624603271484375
2026-09-08,10,NVDA,short,8.54278564453125,0.0,8.54278564453125
2026-09-08,10,NVDA,short,-0.23272705078125,0.0,-0.23272705078125
2026-09-08,10,NVDA,short,3.7387847900390625,0.0,3.7387847900390625
2026-09-08,10,NVDA,short,-0.163818359375,0.0,-0.163818359375
2026-09-08,10,NVDA,short,1.750030517578125,0.0,1.750030517578125
2026-09-08,10,NVDA,short,0.099945068359375,0.0,0.099945068359375
2026-09-08,10,NVDA,short,0.5192413330078125,0.0,0.5192413330078125
2026-09-08,10,NVDA,short,-0.1593017578125,0.0,-0.1593017578125
2026-09-08,10,NVDA,short,2.0,0.0,2.0
2026-09-08,10,NVDA,short,-0.0799560546875,0.0,-0.0799560546875
2026-09-08,10,NVDA,short,3.290008544921875,0.0,3.290008544921875
2026-09-08,10,NVDA,short,0.0699615478515625,0.0,0.0699615478515625
2026-09-08,10,NVDA,short,-1.199981689453125,0.0,-1.199981689453125
2026-09-08,10,NVDA,short,1.5,0.0,1.5
2026-09-08,10,NVDA,short,0.06005859375,0.0,0.06005859375
2026-09-08,10,NVDA,short,0.422332763671875,0.0,0.422332763671875
2026-09-08,10,NVDA,short,0.02764892578125,0.0,0.02764892578125
2026-09-08,11,NVDA,short,0.300018310546875,0.0,0.300018310546875
2026-09-08,11,NVDA,short,-0.030029296875,0.0,-0.030029296875
2026-09-08,11,NVDA,short,0.0499725341796875,0.0,0.0499725341796875
2026-09-08,11,NVDA,short,-0.65997314453125,0.0,-0.65997314453125
2026-09-08,11,NVDA,short,-0.02001953125,0.0,-0.02001953125
2026-09-08,11,NVDA,short,-0.48028564453125,0.0,-0.48028564453125
2026-09-08,11,NVDA,short,-0.0287933349609375,0.0,-0.0287933349609375
2026-09-08,11,NVDA,short,0.579376220703125,0.0,0.579376220703125
2026-09-08,11,NVDA,short,0.0900115966796875,0.0,0.0900115966796875
2026-09-08,11,NVDA,short,0.001190185546875,0.0,0.001190185546875
2026-09-08,11,NVDA,long,-43.030853271484375,0.0,-43.030853271484375
2026-09-08,11,NVDA,long,0.496673583984375,0.0,0.496673583984375
2026-09-08,11,NVDA,long,-56.11280822753906,0.0,-56.11280822753906
2026-09-08,11,NVDA,long,-0.1555938720703125,0.0,-0.1555938720703125
2026-09-08,11,NVDA,long,-9.08453369140625,0.0,-9.08453369140625
2026-09-08,11,NVDA,long,1.53680419921875,0.0,1.53680419921875
2026-09-08,11,NVDA,long,76.62820434570312,0.0,76.62820434570312
2026-09-08,11,NVDA,long,1.658294677734375,0.0,1.658294677734375
2026-09-08,11,NVDA,long,-88.03756713867188,0.0,-88.03756713867188
2026-09-08,11,NVDA,long,2.357940673828125,0.0,2.357940673828125
2026-09-08,11,NVDA,long,-85.71231079101562,0.0,-85.71231079101562
2026-09-08,12,NVDA,long,-30.469284057617188,0.0,-30.469284057617188
2026-09-08,12,NVDA,long,3.052978515625,0.0,3.052978515625
2026-09-08,12,NVDA,long,-27.363525390625,0.0,-27.363525390625
2026-09-08,12,NVDA,long,3.04296875,0.0,3.04296875
2026-09-08,12,NVDA,long,-83.32777404785156,0.0,-83.32777404785156
2026-09-08,12,NVDA,long,1.3639068603515625,0.0,1.3639068603515625
2026-09-08,12,NVDA,long,40.077117919921875,0.0,40.077117919921875
2026-09-08,12,NVDA,long,2.354766845703125,0.0,2.354766845703125
2026-09-08,12,NVDA,long,-51.16944885253906,0.0,-51.16944885253906
2026-09-08,12,NVDA,long,24.00054931640625,0.0,24.00054931640625
2026-09-08,12,NVDA,long,-92.68927001953125,0.0,-92.68927001953125
2026-09-08,12,NVDA,long,2.9883575439453125,0.0,2.9883575439453125
2026-09-08,12,NVDA,long,-1.0694122314453125,0.0,-1.0694122314453125
2026-09-08,12,NVDA,long,-1.071044921875,0.0,-1.071044921875
2026-09-08,12,NVDA,long,40.6605224609375,0.0,40.6605224609375
2026-09-08,12,NVDA,long,0.03265380859375,0.0,0.03265380859375
2026-09-08,12,NVDA,long,-21.232025146484375,0.0,-21.232025146484375
2026-09-08,12,NVDA,long,1.059417724609375,0.0,1.059417724609375
2026-09-08,12,NVDA,long,17.849807739257812,0.0,17.849807739257812
2026-09-08,12,NVDA,long,-1.882080078125,0.0,-1.882080078125
2026-09-08,12,NVDA,long,0.8426513671875,0.0,0.8426513671875
2026-09-08,13,NVDA,long,-25.75,0.0,-25.75
2026-09-08,13,NVDA,long,55.105377197265625,0.0,55.105377197265625
2026-09-08,13,NVDA,long,0.2153167724609375,0.0,0.2153167724609375
2026-09-08,13,NVDA,long,-31.64056396484375,0.0,-31.64056396484375
2026-09-08,13,NVDA,long,-1.0200042724609375,0.0,-1.0200042724609375
2026-09-08,13,NVDA,long,11.02044677734375,0.0,11.02044677734375
2026-09-08,13,NVDA,long,-0.0298614501953125,0.0,-0.0298614501953125
2026-09-08,13,NVDA,long,7.03472900390625,0.0,7.03472900390625
2026-09-08,13,NVDA,long,0.5139312744140625,0.0,0.5139312744140625
2026-09-08,13,NVDA,long,-39.8001708984375,0.0,-39.8001708984375
2026-09-08,13,NVDA,long,-0.48870849609375,0.0,-0.48870849609375
2026-09-08,13,NVDA,long,-10.606109619140625,0.0,-10.606109619140625
2026-09-08,13,NVDA,long,2.0204315185546875,0.0,2.0204315185546875
2026-09-08,13,NVDA,long,27.9998779296875,0.0,27.9998779296875
2026-09-08,13,NVDA,long,-0.49896240234375,0.0,-0.49896240234375
2026-09-08,13,NVDA,long,18.548583984375,0.0,18.548583984375
2026-09-08,13,NVDA,long,0.45013427734375,0.0,0.45013427734375
2026-09-08,13,NVDA,long,-23.9990234375,0.0,-23.9990234375
2026-09-08,13,NVDA,long,0.299072265625,0.0,0.299072265625
2026-09-08,13,NVDA,long,10.20050048828125,0.0,10.20050048828125
2026-09-08,13,NVDA,long,-0.99945068359375,0.0,-0.99945068359375
2026-09-08,13,NVDA,long,11.00921630859375,0.0,11.00921630859375
2026-09-08,13,NVDA,long,0.99029541015625,0.0,0.99029541015625
2026-09-08,14,NVDA,long,-34.5001220703125,0.0,-34.5001220703125
2026-09-08,14,NVDA,long,0.12054443359375,0.0,0.12054443359375
2026-09-08,14,NVDA,long,11.87896728515625,0.0,11.87896728515625
2026-09-08,14,NVDA,long,0.50048828125,0.0,0.50048828125
2026-09-08,14,NVDA,long,7.000732421875,0.0,7.000732421875
2026-09-08,14,NVDA,long,0.49896240234375,0.0,0.49896240234375
2026-09-08,14,NVDA,long,-8.00018310546875,0.0,-8.00018310546875
2026-09-08,14,NVDA,long,0.50048828125,0.0,0.50048828125
2026-09-08,14,NVDA,long,7.000732421875,0.0,7.000732421875
2026-09-08,14,NVDA,long,0.99945068359375,0.0,0.99945068359375
2026-09-08,14,NVDA,long,-5.999755859375,0.0,-5.999755859375
2026-09-08,14,NVDA,long,-0.50048828125,0.0,-0.50048828125
2026-09-08,14,NVDA,long,17.50030517578125,0.0,17.50030517578125
2026-09-08,14,NVDA,long,6.500244140625,0.0,6.500244140625
2026-09-08,14,NVDA,long,-4.8004150390625,0.0,-4.8004150390625
2026-09-08,14,NVDA,long,-0.689697265625,0.0,-0.689697265625
2026-09-08,14,NVDA,long,11.9903564453125,0.0,11.9903564453125
2026-09-08,14,NVDA,long,-0.50048828125,0.0,-0.50048828125
2026-09-08,14,NVDA,long,-64.10064697265625,0.0,-64.10064697265625
2026-09-08,14,NVDA,long,1.60064697265625,0.0,1.60064697265625
2026-09-08,14,NVDA,long,32.9073486328125,0.0,32.9073486328125
2026-09-08,14,NVDA,long,-1.2281341552734375,0.0,-1.2281341552734375
2026-09-08,15,NVDA,long,-22.049102783203125,0.0,-22.049102783203125
2026-09-08,15,NVDA,long,0.488983154296875,0.0,0.488983154296875
2026-09-08,15,NVDA,long,-11.6395263671875,0.0,-11.6395263671875
2026-09-08,15,NVDA,long,0.9605865478515625,0.0,0.9605865478515625
2026-09-08,15,NVDA,long,-4.839935302734375,0.0,-4.839935302734375
2026-09-08,15,NVDA,long,-0.970947265625,0.0,-0.970947265625
2026-09-08,15,NVDA,long,3.8408203125,0.0,3.8408203125
2026-09-08,15,NVDA,long,0.47900390625,0.0,0.47900390625
2026-09-08,15,NVDA,long,-18.51409912109375,0.0,-18.51409912109375
2026-09-08,15,NVDA,long,-0.0101470947265625,0.0,-0.0101470947265625
2026-09-08,15,NVDA,long,11.75,0.0,11.75
2026-09-08,15,NVDA,long,0.470458984375,0.0,0.470458984375
2026-09-08,15,NVDA,long,5.57977294921875,0.0,5.57977294921875
2026-09-08,15,NVDA,long,25.2994384765625,0.0,25.2994384765625
2026-09-08,15,NVDA,long,-0.4540557861328125,0.0,-0.4540557861328125
2026-09-08,15,NVDA,long,0.9095001220703125,0.0,0.9095001220703125
2026-09-08,15,NVDA,long,-22.950439453125,0.0,-22.950439453125
2026-09-08,15,NVDA,long,0.450439453125,0.0,0.450439453125
2026-09-08,15,NVDA,long,-11.5704345703125,0.0,-11.5704345703125
2026-09-08,15,NVDA,long,0.890869140625,0.0,0.890869140625
2026-09-08,15,NVDA,long,-44.0,0.0,-44.0
2026-09-08,15,NVDA,long,0.8795166015625,0.0,0.8795166015625
2026-09-09,9,NVDA,short,-96.87890625,0.0,-96.87890625
2026-09-09,9,NVDA,short,2.23876953125,0.0,2.23876953125
2026-09-09,9,NVDA,short,10.83013916015625,0.0,10.83013916015625
2026-09-09,9,NVDA,short,1.709930419921875,0.0,1.709930419921875
2026-09-09,9,NVDA,short,5.0847930908203125,0.0,5.0847930908203125
2026-09-09,10,NVDA,short,-18.201904296875,0.0,-18.201904296875
2026-09-09,10,NVDA,short,-1.29730224609375,0.0,-1.29730224609375
2026-09-09,10,NVDA,short,10.358261108398438,0.0,10.358261108398438
2026-09-09,10,NVDA,short,1.2962646484375,0.0,1.2962646484375
2026-09-09,10,NVDA,short,43.44879150390625,0.0,43.44879150390625
2026-09-09,10,NVDA,short,-6.53973388671875,0.0,-6.53973388671875
2026-09-09,10,NVDA,short,-106.27400207519531,0.0,-106.27400207519531
2026-09-09,10,NVDA,short,1.0894012451171875,0.0,1.0894012451171875
2026-09-09,10,NVDA,short,-4.9048004150390625,0.0,-4.9048004150390625
2026-09-09,10,NVDA,short,51.70013427734375,0.0,51.70013427734375
2026-09-09,10,NVDA,short,-0.550537109375,0.0,-0.550537109375
2026-09-09,10,NVDA,short,-0.550537109375,0.0,-0.550537109375
2026-09-09,10,NVDA,short,-21.799667358398438,0.0,-21.799667358398438
2026-09-09,10,NVDA,short,-0.5438690185546875,0.0,-0.5438690185546875
2026-09-09,10,NVDA,short,42.6588134765625,0.0,42.6588134765625
2026-09-09,11,NVDA,short,-7.4680023193359375,0.0,-7.4680023193359375
2026-09-09,11,NVDA,short,0.53778076171875,0.0,0.53778076171875
2026-09-09,11,NVDA,short,13.6505126953125,0.0,13.6505126953125
2026-09-09,11,NVDA,short,-4.9204254150390625,0.0,-4.9204254150390625
2026-09-09,11,NVDA,short,-0.2045745849609375,0.0,-0.2045745849609375
2026-09-09,11,NVDA,short,-4.9005126953125,0.0,-4.9005126953125
2026-09-09,11,NVDA,short,0.30029296875,0.0,0.30029296875
2026-09-09,12,NVDA,short,-0.8001708984375,0.0,-0.8001708984375
2026-09-09,12,NVDA,short,11.600341796875,0.0,11.600341796875
2026-09-09,12,NVDA,short,7.19970703125,0.0,7.19970703125
2026-09-09,12,NVDA,short,3.1200714111328125,0.0,3.1200714111328125
2026-09-09,12,NVDA,short,0.3897857666015625,0.0,0.3897857666015625
2026-09-09,12,NVDA,short,4.940185546875,0.0,4.940185546875
2026-09-09,12,NVDA,short,0.190185546875,0.0,0.190185546875
2026-09-09,12,NVDA,short,-7.2339019775390625,0.0,-7.2339019775390625
2026-09-09,12,NVDA,short,-0.1665496826171875,0.0,-0.1665496826171875
2026-09-09,12,NVDA,short,3.06024169921875,0.0,3.06024169921875
2026-09-09,12,NVDA,short,-0.7001495361328125,0.0,-0.7001495361328125
2026-09-09,12,NVDA,short,-0.1746368408203125,0.0,-0.1746368408203125
2026-09-09,12,NVDA,short,-9.009979248046875,0.0,-9.009979248046875
2026-09-09,12,NVDA,short,-0.336700439453125,0.0,-0.336700439453125
2026-09-09,12,NVDA,short,-0.0035247802734375,0.0,-0.0035247802734375
2026-09-09,12,NVDA,short,1.2802734375,0.0,1.2802734375
2026-09-09,12,NVDA,short,0.4649810791015625,0.0,0.4649810791015625
2026-09-09,12,NVDA,short,-0.1551513671875,0.0,-0.1551513671875
2026-09-09,13,NVDA,short,1.500091552734375,0.0,1.500091552734375
2026-09-09,13,NVDA,short,0.299835205078125,0.0,0.299835205078125
2026-09-09,13,NVDA,short,-0.7712860107421875,0.0,-0.7712860107421875
2026-09-09,13,NVDA,short,-0.0955810546875,0.0,-0.0955810546875
2026-09-09,13,NVDA,short,-0.39776611328125,0.0,-0.39776611328125
2026-09-09,13,NVDA,short,0.11492919921875,0.0,0.11492919921875
2026-09-09,13,NVDA,short,-8.653793334960938,0.0,-8.653793334960938
2026-09-09,13,NVDA,short,-0.121124267578125,0.0,-0.121124267578125
2026-09-09,13,NVDA,short,4.8099365234375,0.0,4.8099365234375
2026-09-09,13,NVDA,short,-0.130126953125,0.0,-0.130126953125
2026-09-09,13,NVDA,short,-1.8749237060546875,0.0,-1.8749237060546875
2026-09-09,13,NVDA,short,-0.1251220703125,0.0,-0.1251220703125
2026-09-09,13,NVDA,short,1.0799560546875,0.0,1.0799560546875
2026-09-09,13,NVDA,short,0.4600982666015625,0.0,0.4600982666015625
2026-09-09,13,NVDA,short,-0.329986572265625,0.0,-0.329986572265625
2026-09-09,13,NVDA,short,-1.5749359130859375,0.0,-1.5749359130859375
2026-09-09,13,NVDA,short,0.2098846435546875,0.0,0.2098846435546875
2026-09-09,13,NVDA,short,3.00018310546875,0.0,3.00018310546875
2026-09-09,13,NVDA,short,-0.40008544921875,0.0,-0.40008544921875
2026-09-09,13,NVDA,short,-3.0629730224609375,0.0,-3.0629730224609375
2026-09-09,13,NVDA,short,0.0229034423828125,0.0,0.0229034423828125
2026-09-09,14,NVDA,short,2.25,0.0,2.25
2026-09-09,14,NVDA,short,-1.9550933837890625,0.0,-1.9550933837890625
2026-09-09,14,NVDA,short,-0.2549896240234375,0.0,-0.2549896240234375
2026-09-09,14,NVDA,short,4.0,0.0,4.0
2026-09-09,14,NVDA,short,-0.0748443603515625,0.0,-0.0748443603515625
2026-09-09,14,NVDA,short,2.5899658203125,0.0,2.5899658203125
2026-09-09,14,NVDA,short,-0.016876220703125,0.0,-0.016876220703125
2026-09-09,14,NVDA,short,-2.974273681640625,0.0,-2.974273681640625
2026-09-09,14,NVDA,short,-0.36016845703125,0.0,-0.36016845703125
2026-09-09,14,NVDA,short,0.8800201416015625,0.0,0.8800201416015625
2026-09-09,14,NVDA,short,-0.449981689453125,0.0,-0.449981689453125
2026-09-09,14,NVDA,short,-0.049896240234375,0.0,-0.049896240234375
2026-09-09,14,NVDA,short,0.07196044921875,0.0,0.07196044921875
2026-09-09,14,NVDA,short,0.0630340576171875,0.0,0.0630340576171875
2026-09-09,14,NVDA,short,2.0023193359375,0.0,2.0023193359375
2026-09-09,14,NVDA,short,0.07763671875,0.0,0.07763671875
2026-09-09,14,NVDA,short,0.8399658203125,0.0,0.8399658203125
2026-09-09,14,NVDA,short,0.0350341796875,0.0,0.0350341796875
2026-09-09,15,NVDA,short,0.57000732421875,0.0,0.57000732421875
2026-09-09,15,NVDA,short,-0.030029296875,0.0,-0.030029296875
2026-09-09,15,NVDA,short,0.4325103759765625,0.0,0.4325103759765625
2026-09-09,15,NVDA,short,0.0424957275390625,0.0,0.0424957275390625
2026-09-09,15,NVDA,short,-1.55999755859375,0.0,-1.55999755859375
2026-09-09,15,NVDA,short,1.0496978759765625,0.0,1.0496978759765625
2026-09-09,15,NVDA,short,-0.0146942138671875,0.0,-0.0146942138671875
2026-09-09,15,NVDA,short,-1.20001220703125,0.0,-1.20001220703125
2026-09-09,15,NVDA,short,-0.003997802734375,0.0,-0.003997802734375
2026-09-09,15,NVDA,short,0.003997802734375,0.0,0.003997802734375
2026-09-09,15,NVDA,short,0.0900115966796875,0.0,0.0900115966796875
2026-09-09,15,NVDA,short,-0.0050048828125,0.0,-0.0050048828125
2026-09-10,10,NVDA,short,10.730712890625,0.0,10.730712890625
2026-09-10,10,NVDA,short,-1.1267547607421875,0.0,-1.1267547607421875
2026-09-10,10,NVDA,short,-39.20014953613281,0.0,-39.20014953613281
2026-09-10,10,NVDA,short,0.4897308349609375,0.0,0.4897308349609375
2026-09-10,10,NVDA,short,-0.4897308349609375,0.0,-0.4897308349609375
2026-09-10,10,NVDA,short,0.234771728515625,0.0,0.234771728515625
2026-09-10,10,NVDA,short,9.849609375,0.0,9.849609375
2026-09-10,10,NVDA,short,0.48046875,0.0,0.48046875
2026-09-10,10,NVDA,short,-9.86529541015625,0.0,-9.86529541015625
2026-09-10,10,NVDA,short,0.699951171875,0.0,0.699951171875
2026-09-10,10,NVDA,short,-29.688446044921875,0.0,-29.688446044921875
2026-09-10,10,NVDA,short,0.70892333984375,0.0,0.70892333984375
2026-09-10,10,NVDA,short,25.874862670898438,0.0,25.874862670898438
2026-09-10,10,NVDA,short,11.0,0.0,11.0
2026-09-10,10,NVDA,short,-15.050262451171875,0.0,-15.050262451171875
2026-09-10,10,NVDA,short,-0.4297637939453125,0.0,-0.4297637939453125
2026-09-10,10,NVDA,short,0.419769287109375,0.0,0.419769287109375
2026-09-10,10,NVDA,short,0.419769287109375,0.0,0.419769287109375
2026-09-10,10,NVDA,short,11.890350341796875,0.0,11.890350341796875
2026-09-10,10,NVDA,short,0.3321990966796875,0.0,0.3321990966796875
2026-09-10,10,NVDA,short,1.512725830078125,0.0,1.512725830078125
2026-09-10,10,NVDA,short,-0.6149749755859375,0.0,-0.6149749755859375
2026-09-10,11,NVDA,short,-5.8001708984375,0.0,-5.8001708984375
2026-09-10,11,NVDA,short,-0.1995849609375,0.0,-0.1995849609375
2026-09-10,11,NVDA,short,1.7999267578125,0.0,1.7999267578125
2026-09-10,11,NVDA,short,-1.0003662109375,0.0,-1.0003662109375
2026-09-10,11,NVDA,short,-2.9399871826171875,0.0,-2.9399871826171875
2026-09-10,11,NVDA,short,-0.2098846435546875,0.0,-0.2098846435546875
2026-09-10,11,NVDA,short,-1.047821044921875,0.0,-1.047821044921875
2026-09-10,11,NVDA,short,0.2076416015625,0.0,0.2076416015625
2026-09-10,11,NVDA,short,6.61505126953125,0.0,6.61505126953125
2026-09-10,11,NVDA,short,0.126251220703125,0.0,0.126251220703125
2026-09-10,11,NVDA,short,-1.5960845947265625,0.0,-1.5960845947265625
2026-09-10,11,NVDA,short,0.3149871826171875,0.0,0.3149871826171875
2026-09-10,11,NVDA,short,-1.889923095703125,0.0,-1.889923095703125
2026-09-10,11,NVDA,short,0.1342620849609375,0.0,0.1342620849609375
2026-09-10,11,NVDA,short,-5.804351806640625,0.0,-5.804351806640625
2026-09-10,11,NVDA,short,-3.465179443359375,0.0,-3.465179443359375
2026-09-10,11,NVDA,short,-3.149871826171875,0.0,-3.149871826171875
2026-09-10,11,NVDA,short,-2.6458282470703125,0.0,-2.6458282470703125
2026-09-10,11,NVDA,short,0.0208282470703125,0.0,0.0208282470703125
2026-09-10,11,NVDA,short,1.400146484375,0.0,1.400146484375
2026-09-10,11,NVDA,short,0.09979248046875,0.0,0.09979248046875
2026-09-10,12,NVDA,short,0.0950927734375,0.0,0.0950927734375
2026-09-10,12,NVDA,short,-2.97015380859375,0.0,-2.97015380859375
2026-09-10,12,NVDA,short,0.270263671875,0.0,0.270263671875
2026-09-10,12,NVDA,short,0.0848236083984375,0.0,0.0848236083984375
2026-09-10,12,NVDA,short,0.0850830078125,0.0,0.0850830078125
2026-09-10,12,NVDA,short,9.599853515625,0.0,9.599853515625
2026-09-10,12,NVDA,short,-0.159912109375,0.0,-0.159912109375
2026-09-10,12,NVDA,short,1.6500091552734375,0.0,1.6500091552734375
2026-09-10,12,NVDA,short,-0.070068359375,0.0,-0.070068359375
2026-09-10,12,NVDA,short,0.350128173828125,0.0,0.350128173828125
2026-09-10,12,NVDA,short,5.8499603271484375,0.0,5.8499603271484375
2026-09-10,12,NVDA,short,-1.67999267578125,0.0,-1.67999267578125
2026-09-10,12,NVDA,short,0.06005859375,0.0,0.06005859375
2026-09-10,12,NVDA,short,-0.8580322265625,0.0,-0.8580322265625
2026-09-10,12,NVDA,short,0.0031890869140625,0.0,0.0031890869140625
2026-09-10,12,NVDA,short,-4.6728515625,0.0,-4.6728515625
2026-09-10,12,NVDA,short,-0.099029541015625,0.0,-0.099029541015625
2026-09-10,12,NVDA,short,-0.90087890625,0.0,-0.90087890625
2026-09-10,12,NVDA,short,-0.1800384521484375,0.0,-0.1800384521484375
2026-09-10,12,NVDA,short,-1.0391845703125,0.0,-1.0391845703125
2026-09-10,12,NVDA,short,-0.0008544921875,0.0,-0.0008544921875
2026-09-10,13,NVDA,short,-0.41998291015625,0.0,-0.41998291015625
2026-09-10,13,NVDA,short,-0.0699615478515625,0.0,-0.0699615478515625
2026-09-10,13,NVDA,short,-0.17999267578125,0.0,-0.17999267578125
2026-09-10,13,NVDA,short,-0.625,0.0,-0.625
2026-09-10,13,NVDA,short,0.0249481201171875,0.0,0.0249481201171875
2026-09-10,13,NVDA,short,0.67999267578125,0.0,0.67999267578125
2026-09-10,13,NVDA,short,-0.03997802734375,0.0,-0.03997802734375
2026-09-10,13,NVDA,short,-0.15997314453125,0.0,-0.15997314453125
2026-09-10,13,NVDA,short,-0.02081298828125,0.0,-0.02081298828125
2026-09-10,13,NVDA,short,0.74078369140625,0.0,0.74078369140625
2026-09-10,13,NVDA,short,-0.03997802734375,0.0,-0.03997802734375
2026-09-10,13,NVDA,short,-0.280029296875,0.0,-0.280029296875
2026-09-10,13,NVDA,short,0.02001953125,0.0,0.02001953125
2026-09-10,13,NVDA,short,0.77996826171875,0.0,0.77996826171875
2026-09-10,13,NVDA,short,1.300048828125,0.0,1.300048828125
2026-09-10,13,NVDA,short,0.01995849609375,0.0,0.01995849609375
2026-09-10,13,NVDA,short,-0.79998779296875,0.0,-0.79998779296875
2026-09-10,13,NVDA,short,-0.02880859375,0.0,-0.02880859375
2026-09-10,13,NVDA,short,0.02923583984375,0.0,0.02923583984375
2026-09-10,13,NVDA,short,-0.0404052734375,0.0,-0.0404052734375
2026-09-10,13,NVDA,short,-0.96002197265625,0.0,-0.96002197265625
2026-09-10,13,NVDA,short,-0.0272216796875,0.0,-0.0272216796875
2026-09-10,14,NVDA,short,0.983642578125,0.0,0.983642578125
2026-09-10,14,NVDA,short,0.08355712890625,0.0,0.08355712890625
2026-09-10,14,NVDA,short,0.52001953125,0.0,0.52001953125
2026-09-10,14,NVDA,short,0.0404052734375,0.0,0.0404052734375
2026-09-10,14,NVDA,short,0.0596923828125,0.0,0.0596923828125
2026-09-10,14,NVDA,short,0.030029296875,0.0,0.030029296875
2026-09-10,14,NVDA,short,-0.00140380859375,0.0,-0.00140380859375
2026-09-10,14,NVDA,short,0.0203857421875,0.0,0.0203857421875
2026-09-10,14,NVDA,short,0.0005950927734375,0.0,0.0005950927734375
2026-09-10,14,NVDA,short,-9.1552734375e-05,0.0,-9.1552734375e-05
2026-09-11,10,NVDA,long,0.42999267578125,0.0,0.42999267578125
2026-09-11,10,NVDA,long,0.040008544921875,0.0,0.040008544921875
2026-09-11,10,NVDA,long,-0.240020751953125,0.0,-0.240020751953125
2026-09-11,10,NVDA,long,0.019805908203125,0.0,0.019805908203125
2026-09-11,10,NVDA,long,-0.139892578125,0.0,-0.139892578125
2026-09-11,10,NVDA,short,-59.708404541015625,0.0,-59.708404541015625
2026-09-11,10,NVDA,short,5.557708740234375,0.0,5.557708740234375
2026-09-11,10,NVDA,short,90.73532104492188,0.0,90.73532104492188
2026-09-11,11,NVDA,short,40.764678955078125,0.0,40.764678955078125
2026-09-11,11,NVDA,short,5.2611236572265625,0.0,5.2611236572265625
2026-09-11,11,NVDA,short,-165.061279296875,0.0,-165.061279296875
2026-09-11,11,NVDA,short,-15.7193603515625,0.0,-15.7193603515625
2026-09-11,11,NVDA,short,-0.787567138671875,0.0,-0.787567138671875
2026-09-11,11,NVDA,short,94.58940124511719,0.0,94.58940124511719
2026-09-11,11,NVDA,short,-4.6197509765625,0.0,-4.6197509765625
2026-09-11,11,NVDA,short,-94.40620422363281,0.0,-94.40620422363281
2026-09-11,11,NVDA,short,-7.1486663818359375,0.0,-7.1486663818359375
2026-09-11,11,NVDA,short,5.32806396484375,0.0,5.32806396484375
2026-09-11,11,NVDA,short,4.395751953125,0.0,4.395751953125
2026-09-11,11,NVDA,short,-7.7973480224609375,0.0,-7.7973480224609375
2026-09-11,11,NVDA,short,0.0276641845703125,0.0,0.0276641845703125
2026-09-11,11,NVDA,short,90.29763793945312,0.0,90.29763793945312
2026-09-11,11,NVDA,short,20.560470581054688,0.0,20.560470581054688
2026-09-11,11,NVDA,short,46.078125,0.0,46.078125
2026-09-11,11,NVDA,short,-40.79704284667969,0.0,-40.79704284667969
2026-09-11,11,NVDA,short,-2.552490234375,0.0,-2.552490234375
2026-09-11,11,NVDA,short,36.121826171875,0.0,36.121826171875
2026-09-11,11,NVDA,short,-3.1005859375,0.0,-3.1005859375
2026-09-08,9,MSTR,long,0.0,34.97983984375,-34.97983984375
2026-09-08,9,NVDA,short,0.0,12.401834869384766,-12.401834869384766
2026-09-08,9,NVDA,short,0.0,12.34868263244629,-12.34868263244629
2026-09-08,9,SNDK,short,0.0,12.476730102539063,-12.476730102539063
2026-09-08,9,MSTR,long,0.0,10.239280181884766,-10.239280181884766
2026-09-08,9,SNDK,short,0.0,10.47,-10.47
2026-09-08,9,MSTR,long,0.0,12.437867279052734,-12.437867279052734
2026-09-08,9,SNDK,short,0.0,11.517220031738281,-11.517220031738281
2026-09-08,9,MSTR,long,0.0,12.496120666503906,-12.496120666503906
2026-09-08,9,TSLA,long,0.0,12.374459747314454,-12.374459747314454
2026-09-08,10,SNDK,short,0.0,24.036547302246095,-24.036547302246095
2026-09-08,10,SNDK,short,0.0,9.763077392578126,-9.763077392578126
2026-09-08,10,TSLA,long,0.0,22.401840454101563,-22.401840454101563
2026-09-08,10,MSTR,long,0.0,9.553740463256837,-9.553740463256837
2026-09-08,10,NVDA,short,0.0,1.4837029571533202,-1.4837029571533202
2026-09-08,10,MSTR,long,0.0,0.0688949966430664,-0.0688949966430664
2026-09-08,10,NVDA,short,0.0,0.11460124969482421,-0.11460124969482421
2026-09-08,10,SNDK,short,0.0,0.8825900268554687,-0.8825900268554687
2026-09-08,10,NVDA,short,0.0,0.11425499725341796,-0.11425499725341796
2026-09-08,10,NVDA,short,0.0,0.11409249877929688,-0.11409249877929688
2026-09-08,10,MSTR,long,0.0,1.733187484741211,-1.733187484741211
2026-09-08,10,TSLA,long,0.0,0.18197500610351564,-0.18197500610351564
2026-09-08,10,NVDA,short,0.0,0.114,-0.114
2026-09-08,10,NVDA,short,0.0,0.11398000335693359,-0.11398000335693359
2026-09-08,10,TSLA,long,0.0,0.18169889831542968,-0.18169889831542968
2026-09-08,10,TSLA,long,0.0,0.18223515319824218,-0.18223515319824218
2026-09-08,10,NVDA,short,0.0,0.11386000061035156,-0.11386000061035156
2026-09-08,10,TSLA,long,0.0,0.18226249694824218,-0.18226249694824218
2026-09-08,10,NVDA,short,0.0,0.11362000274658203,-0.11362000274658203
2026-09-08,10,TSLA,long,0.0,0.1822675018310547,-0.1822675018310547
2026-09-08,10,TSLA,long,0.0,2.364830047607422,-2.364830047607422
2026-09-08,10,MSTR,long,0.0,3.1781398315429685,-3.1781398315429685
2026-09-08,11,TSLA,long,0.0,0.18255499267578126,-0.18255499267578126
2026-09-08,11,NVDA,short,0.0,0.11352999877929687,-0.11352999877929687
2026-09-08,11,TSLA,long,0.0,0.18287005615234375,-0.18287005615234375
2026-09-08,11,NVDA,short,0.0,0.11352500152587891,-0.11352500152587891
2026-09-08,11,TSLA,long,0.0,0.18243780517578126,-0.18243780517578126
2026-09-08,11,NVDA,short,0.0,0.11361000061035156,-0.11361000061035156
2026-09-08,11,TSLA,long,0.0,0.1823625030517578,-0.1823625030517578
2026-09-08,11,NVDA,short,0.0,0.11369484710693359,-0.11369484710693359
2026-09-08,11,TSLA,long,0.0,0.1827550048828125,-0.1827550048828125
2026-09-08,11,NVDA,short,0.0,0.11355000305175782,-0.11355000305175782
2026-09-08,11,TSLA,long,0.0,20.349074661254882,-20.349074661254882
2026-09-08,11,MSTR,long,0.0,13.345260177612305,-13.345260177612305
2026-09-08,11,NVDA,short,0.0,0.11350440216064453,-0.11350440216064453
2026-09-08,11,NVDA,long,0.0,35.18636466979981,-35.18636466979981
2026-09-08,11,NVDA,long,0.0,0.11343579864501953,-0.11343579864501953
2026-09-08,11,NVDA,long,0.0,0.1133447494506836,-0.1133447494506836
2026-09-08,11,NVDA,long,0.0,0.11333249664306641,-0.11333249664306641
2026-09-08,11,MSTR,long,0.0,0.06904000091552734,-0.06904000091552734
2026-09-08,11,NVDA,long,0.0,0.11345999908447266,-0.11345999908447266
2026-09-08,11,TSLA,long,0.0,0.1830699462890625,-0.1830699462890625
2026-09-08,11,MSTR,long,0.0,0.06933499908447266,-0.06933499908447266
2026-09-08,11,NVDA,long,0.0,0.11317994689941406,-0.11317994689941406
2026-09-08,12,TSLA,long,0.0,0.18388999938964845,-0.18388999938964845
2026-09-08,12,NVDA,long,0.0,0.11313500213623047,-0.11313500213623047
2026-09-08,12,MSTR,long,0.0,0.06957749938964844,-0.06957749938964844
2026-09-08,12,NVDA,long,0.0,0.11309500122070312,-0.11309500122070312
2026-09-08,12,MSTR,long,0.0,0.06916500091552734,-0.06916500091552734
2026-09-08,12,NVDA,long,0.0,0.11295974731445313,-0.11295974731445313
2026-09-08,12,MSTR,long,0.0,0.06882499694824219,-0.06882499694824219
2026-09-08,12,NVDA,long,0.0,0.11302999877929687,-0.11302999877929687
2026-09-08,12,MSTR,long,0.0,0.06875,-0.06875
2026-09-08,12,NVDA,long,0.0,0.11294499969482422,-0.11294499969482422
2026-09-08,12,MSTR,long,0.0,0.06883000183105469,-0.06883000183105469
2026-09-08,12,NVDA,long,0.0,0.11298500061035156,-0.11298500061035156
2026-09-08,12,TSLA,long,0.0,11.22979507446289,-11.22979507446289
2026-09-08,12,NVDA,long,0.0,21.66431982421875,-21.66431982421875
2026-09-08,12,TSLA,short,0.0,34.978050231933594,-34.978050231933594
2026-09-08,12,MSTR,long,0.0,0.06887000274658203,-0.06887000274658203
2026-09-08,12,MSTR,long,0.0,0.06929000091552734,-0.06929000091552734
2026-09-08,12,NVDA,long,0.0,0.11301515197753906,-0.11301515197753906
2026-09-08,12,TSLA,short,0.0,0.1844149932861328,-0.1844149932861328
2026-09-08,12,MSTR,long,0.0,0.06918000030517578,-0.06918000030517578
2026-09-08,12,NVDA,long,0.0,0.11291999816894531,-0.11291999816894531
2026-09-08,12,TSLA,short,0.0,0.18458999633789064,-0.18458999633789064
2026-09-08,12,MSTR,long,0.0,0.06916500091552734,-0.06916500091552734
2026-09-08,12,NVDA,long,0.0,0.11300499725341796,-0.11300499725341796
2026-09-08,12,TSLA,short,0.0,0.18452499389648438,-0.18452499389648438
2026-09-08,12,MSTR,long,0.0,0.0688949966430664,-0.0688949966430664
2026-09-08,12,NVDA,long,0.0,0.113,-0.113
2026-09-08,12,TSLA,short,0.0,0.18452999877929688,-0.18452999877929688
2026-09-08,13,NVDA,long,0.0,0.11307499694824219,-0.11307499694824219
2026-09-08,13,TSLA,short,0.0,0.18389004516601562,-0.18389004516601562
2026-09-08,13,MSTR,long,0.0,0.06851499938964843,-0.06851499938964843
2026-09-08,13,NVDA,long,0.0,0.11287750244140625,-0.11287750244140625
2026-09-08,13,TSLA,short,0.0,0.18369500732421876,-0.18369500732421876
2026-09-08,13,MSTR,long,0.0,0.06866500091552734,-0.06866500091552734
2026-09-08,13,NVDA,long,0.0,0.11283499908447266,-0.11283499908447266
2026-09-08,13,TSLA,short,0.0,0.18376249694824218,-0.18376249694824218
2026-09-08,14,NVDA,long,0.0,0.11279000091552735,-0.11279000091552735
2026-09-08,14,TSLA,short,0.0,33.48442611694336,-33.48442611694336
2026-09-08,14,TSLA,long,0.0,35.131201171875,-35.131201171875
2026-09-08,14,NVDA,long,0.0,0.11294999694824219,-0.11294999694824219
2026-09-08,15,NVDA,long,0.0,0.11283999633789063,-0.11283999633789063
2026-09-08,15,TSLA,long,0.0,0.18341250610351562,-0.18341250610351562
2026-09-08,15,NVDA,long,0.0,0.11275499725341796,-0.11275499725341796
2026-09-08,15,NVDA,long,0.0,0.11277749633789062,-0.11277749633789062
2026-09-08,15,NVDA,long,0.0,0.11268000030517578,-0.11268000030517578
2026-09-08,15,NVDA,long,0.0,0.11274500274658203,-0.11274500274658203
2026-09-08,15,NVDA,long,0.0,0.11277500152587891,-0.11277500152587891
2026-09-08,15,NVDA,long,0.0,0.11291249847412109,-0.11291249847412109
2026-09-08,15,NVDA,long,0.0,0.11291500091552735,-0.11291500091552735
2026-09-08,15,NVDA,long,0.0,0.11279000091552735,-0.11279000091552735
2026-09-08,15,NVDA,long,0.0,0.11273000335693359,-0.11273000335693359
2026-09-08,15,TSLA,long,0.0,35.16263194274902,-35.16263194274902
2026-09-08,15,NVDA,long,0.0,9.898680053710937,-9.898680053710937
2026-09-09,9,MSTR,long,0.0,35.33899411010742,-35.33899411010742
2026-09-09,9,NVDA,short,0.0,12.60364013671875,-12.60364013671875
2026-09-09,9,NVDA,short,0.0,12.650960205078125,-12.650960205078125
2026-09-09,9,TSLA,long,0.0,12.454965286254883,-12.454965286254883
2026-09-09,9,MSTR,long,0.0,12.825620407104493,-12.825620407104493
2026-09-09,9,NVDA,short,0.0,12.812174652099609,-12.812174652099609
2026-09-09,9,TSLA,long,0.0,0.18672219848632812,-0.18672219848632812
2026-09-09,9,NVDA,short,0.0,0.11233249664306641,-0.11233249664306641
2026-09-09,9,TSLA,long,0.0,1.856949462890625,-1.856949462890625
2026-09-09,9,MSTR,long,0.0,20.018493125915526,-20.018493125915526
2026-09-09,9,NVDA,short,0.0,12.691029724121094,-12.691029724121094
2026-09-09,9,SNDK,short,0.0,34.59407354736328,-34.59407354736328
2026-09-09,10,SNDK,short,0.0,23.304058349609374,-23.304058349609374
2026-09-09,10,SNDK,short,0.0,7.2098798828125,-7.2098798828125
2026-09-09,10,NVDA,short,0.0,29.14794952392578,-29.14794952392578
2026-09-09,10,TSLA,long,0.0,0.18599000549316405,-0.18599000549316405
2026-09-09,10,NVDA,short,0.0,0.1121449966430664,-0.1121449966430664
2026-09-09,10,MSTR,long,0.0,1.9764949645996093,-1.9764949645996093
2026-09-09,10,SNDK,short,0.0,4.502162475585937,-4.502162475585937
2026-09-09,10,NVDA,short,0.0,16.706252136230468,-16.706252136230468
2026-09-09,10,TSLA,long,0.0,24.314254440307618,-24.314254440307618
2026-09-09,10,TSLA,long,0.0,0.18580499267578124,-0.18580499267578124
2026-09-09,10,NVDA,short,0.0,0.11192500305175782,-0.11192500305175782
2026-09-09,10,TSLA,long,0.0,6.682859802246094,-6.682859802246094
2026-09-09,10,MSTR,long,0.0,6.821594879150391,-6.821594879150391
2026-09-09,10,NVDA,short,0.0,0.11245999908447266,-0.11245999908447266
2026-09-09,10,MSTR,long,0.0,6.747840362548828,-6.747840362548828
2026-09-09,10,NVDA,short,0.0,0.11223000335693359,-0.11223000335693359
2026-09-09,10,TSLA,long,0.0,6.691590087890625,-6.691590087890625
2026-09-09,10,TSLA,long,0.0,0.18663499450683593,-0.18663499450683593
2026-09-09,10,NVDA,short,0.0,0.11233249664306641,-0.11233249664306641
2026-09-09,10,TSLA,long,0.0,22.021159423828124,-22.021159423828124
2026-09-09,10,NVDA,short,0.0,12.110580230712891,-12.110580230712891
2026-09-09,10,MSTR,short,0.0,34.57544906616211,-34.57544906616211
2026-09-09,11,MSTR,short,0.0,3.320729835510254,-3.320729835510254
2026-09-09,11,MSTR,short,0.0,30.319439025878907,-30.319439025878907
2026-09-09,11,SNDK,short,0.0,34.58607073974609,-34.58607073974609
2026-09-09,11,SNDK,short,0.0,26.64119934082031,-26.64119934082031
2026-09-09,11,MSTR,short,0.0,0.33472499847412107,-0.33472499847412107
2026-09-09,11,MSTR,long,0.0,26.376329879760743,-26.376329879760743
2026-09-09,11,TSLA,long,0.0,0.1846824951171875,-0.1846824951171875
2026-09-09,11,MSTR,long,0.0,2.958120147705078,-2.958120147705078
2026-09-09,11,SNDK,short,0.0,0.8860700073242187,-0.8860700073242187
2026-09-09,11,NVDA,short,0.0,3.700867469787598,-3.700867469787598
2026-09-09,11,TSLA,long,0.0,0.18556399536132812,-0.18556399536132812
2026-09-09,11,MSTR,long,0.0,0.06736000061035156,-0.06736000061035156
2026-09-09,11,SNDK,short,0.0,0.8874000244140625,-0.8874000244140625
2026-09-09,11,NVDA,short,0.0,1.0102725219726563,-1.0102725219726563
2026-09-09,11,TSLA,long,0.0,0.1850843048095703,-0.1850843048095703
2026-09-09,11,SNDK,short,0.0,0.8837424926757812,-0.8837424926757812
2026-09-09,11,NVDA,short,0.0,0.11208999633789063,-0.11208999633789063
2026-09-09,11,MSTR,long,0.0,0.06718499755859375,-0.06718499755859375
2026-09-09,11,SNDK,short,0.0,0.8831500244140625,-0.8831500244140625
2026-09-09,11,NVDA,short,0.0,0.11215249633789062,-0.11215249633789062
2026-09-09,11,TSLA,long,0.0,0.18530279541015626,-0.18530279541015626
2026-09-09,11,SNDK,short,0.0,0.8834849853515625,-0.8834849853515625
2026-09-09,12,TSLA,long,0.0,0.18530999755859376,-0.18530999755859376
2026-09-09,12,SNDK,short,0.0,0.8833775024414062,-0.8833775024414062
2026-09-09,12,MSTR,long,0.0,5.609969696044922,-5.609969696044922
2026-09-09,12,TSLA,long,0.0,0.18496249389648436,-0.18496249389648436
2026-09-09,12,NVDA,short,0.0,0.11198500061035156,-0.11198500061035156
2026-09-09,12,TSLA,long,0.0,0.18530499267578124,-0.18530499267578124
2026-09-09,12,NVDA,short,0.0,0.11194000244140626,-0.11194000244140626
2026-09-09,12,TSLA,long,0.0,0.18502499389648439,-0.18502499389648439
2026-09-09,12,NVDA,short,0.0,0.11187249755859376,-0.11187249755859376
2026-09-09,12,TSLA,long,0.0,0.18475999450683595,-0.18475999450683595
2026-09-09,12,NVDA,short,0.0,0.11197250366210937,-0.11197250366210937
2026-09-09,12,TSLA,long,0.0,0.1843800048828125,-0.1843800048828125
2026-09-09,12,NVDA,short,0.0,0.11193000030517578,-0.11193000030517578
2026-09-09,12,TSLA,long,0.0,0.18456500244140625,-0.18456500244140625
2026-09-09,12,NVDA,short,0.0,0.11194249725341797,-0.11194249725341797
2026-09-09,12,TSLA,long,0.0,0.18456500244140625,-0.18456500244140625
2026-09-09,12,NVDA,short,0.0,0.11207994842529297,-0.11207994842529297
2026-09-09,12,TSLA,long,0.0,0.18469000244140624,-0.18469000244140624
2026-09-09,12,NVDA,short,0.0,0.11208000183105468,-0.11208000183105468
2026-09-09,12,TSLA,long,0.0,0.18508999633789064,-0.18508999633789064
2026-09-09,12,NVDA,short,0.0,0.11205999755859375,-0.11205999755859375
2026-09-09,12,TSLA,long,0.0,0.18452749633789062,-0.18452749633789062
2026-09-09,12,NVDA,short,0.0,0.11205500030517578,-0.11205500030517578
2026-09-09,13,TSLA,long,0.0,0.18440499877929686,-0.18440499877929686
2026-09-09,13,NVDA,short,0.0,0.11202500152587891,-0.11202500152587891
2026-09-09,13,TSLA,long,0.0,0.18422250366210938,-0.18422250366210938
2026-09-09,13,NVDA,short,0.0,0.11203994750976562,-0.11203994750976562
2026-09-09,13,TSLA,long,0.0,0.18422500610351564,-0.18422500610351564
2026-09-09,13,NVDA,short,0.0,0.11204499816894531,-0.11204499816894531
2026-09-09,13,TSLA,long,0.0,0.18426499938964844,-0.18426499938964844
2026-09-09,13,NVDA,short,0.0,0.11220749664306641,-0.11220749664306641
2026-09-09,13,TSLA,long,0.0,0.18417500305175782,-0.18417500305175782
2026-09-09,13,NVDA,short,0.0,0.11211750030517578,-0.11211750030517578
2026-09-09,13,TSLA,long,0.0,0.18402749633789062,-0.18402749633789062
2026-09-09,13,NVDA,short,0.0,0.11215750122070313,-0.11215750122070313
2026-09-09,13,TSLA,long,0.0,0.18406500244140625,-0.18406500244140625
2026-09-09,13,NVDA,short,0.0,0.11213500213623047,-0.11213500213623047
2026-09-09,13,TSLA,long,0.0,0.18455250549316407,-0.18455250549316407
2026-09-09,13,NVDA,short,0.0,0.112125,-0.112125
2026-09-09,13,TSLA,long,0.0,0.1844324951171875,-0.1844324951171875
2026-09-09,13,NVDA,short,0.0,0.11213249969482422,-0.11213249969482422
2026-09-09,13,TSLA,long,0.0,0.18442999267578125,-0.18442999267578125
2026-09-09,13,NVDA,short,0.0,0.11216500091552735,-0.11216500091552735
2026-09-09,13,TSLA,long,0.0,0.18431500244140625,-0.18431500244140625
2026-09-09,13,NVDA,short,0.0,0.1120999984741211,-0.1120999984741211
2026-09-09,13,TSLA,long,0.0,0.18444999694824218,-0.18444999694824218
2026-09-09,13,NVDA,short,0.0,0.11218000030517578,-0.11218000030517578
2026-09-09,14,TSLA,long,0.0,0.18447999572753906,-0.18447999572753906
2026-09-09,14,NVDA,short,0.0,0.11211750030517578,-0.11211750030517578
2026-09-09,14,TSLA,long,0.0,0.18436500549316406,-0.18436500549316406
2026-09-09,14,NVDA,short,0.0,0.11218250274658204,-0.11218250274658204
2026-09-09,14,TSLA,long,0.0,0.18408999633789064,-0.18408999633789064
2026-09-09,14,NVDA,short,0.0,0.11205750274658204,-0.11205750274658204
2026-09-09,14,TSLA,long,0.0,0.1841699981689453,-0.1841699981689453
2026-09-09,14,NVDA,short,0.0,0.11205999755859375,-0.11205999755859375
2026-09-09,14,TSLA,long,0.0,0.18440499877929686,-0.18440499877929686
2026-09-09,14,NVDA,short,0.0,0.11196810150146484,-0.11196810150146484
2026-09-09,14,TSLA,long,0.0,0.18467750549316406,-0.18467750549316406
2026-09-09,14,NVDA,short,0.0,0.11208249664306641,-0.11208249664306641
2026-09-09,14,TSLA,long,0.0,0.18492234802246094,-0.18492234802246094
2026-09-09,14,NVDA,short,0.0,0.11209750366210937,-0.11209750366210937
2026-09-09,14,TSLA,long,0.0,0.1848175048828125,-0.1848175048828125
2026-09-09,14,NVDA,short,0.0,0.11205750274658204,-0.11205750274658204
2026-09-09,14,TSLA,long,0.0,0.18467750549316406,-0.18467750549316406
2026-09-09,14,NVDA,short,0.0,0.11208249664306641,-0.11208249664306641
2026-09-09,14,TSLA,long,0.0,0.18443499755859374,-0.18443499755859374
2026-09-09,14,NVDA,short,0.0,0.11207499694824219,-0.11207499694824219
2026-09-09,14,TSLA,long,0.0,0.18416749572753907,-0.18416749572753907
2026-09-09,14,NVDA,short,0.0,0.11194499969482422,-0.11194499969482422
2026-09-09,14,TSLA,long,0.0,0.18418499755859374,-0.18418499755859374
2026-09-09,14,SNDK,short,0.0,0.8832374877929687,-0.8832374877929687
2026-09-09,14,NVDA,short,0.0,0.11188249969482422,-0.11188249969482422
2026-09-09,15,TSLA,long,0.0,0.18450799560546874,-0.18450799560546874
2026-09-09,15,NVDA,short,0.0,0.1118375015258789,-0.1118375015258789
2026-09-09,15,TSLA,long,0.0,0.1844600067138672,-0.1844600067138672
2026-09-09,15,NVDA,short,0.0,0.11179000091552735,-0.11179000091552735
2026-09-09,15,TSLA,long,0.0,0.18446749877929688,-0.18446749877929688
2026-09-09,15,NVDA,short,0.0,0.11198500061035156,-0.11198500061035156
2026-09-09,15,TSLA,long,0.0,0.1847449951171875,-0.1847449951171875
2026-09-09,15,NVDA,short,0.0,0.1118125,-0.1118125
2026-09-09,15,TSLA,long,0.0,0.18467500305175782,-0.18467500305175782
2026-09-09,15,NVDA,short,0.0,0.11211250305175781,-0.11211250305175781
2026-09-09,15,TSLA,long,0.0,0.18455999755859376,-0.18455999755859376
2026-09-09,15,MSTR,long,0.0,5.919522705078125,-5.919522705078125
2026-09-09,15,TSLA,long,0.0,0.18445550537109376,-0.18445550537109376
2026-09-09,15,NVDA,short,0.0,0.11206999969482422,-0.11206999969482422
2026-09-09,15,TSLA,long,0.0,0.18454249572753906,-0.18454249572753906
2026-09-09,15,TSLA,long,0.0,0.18457749938964843,-0.18457749938964843
2026-09-09,15,TSLA,long,0.0,0.18435000610351562,-0.18435000610351562
2026-09-09,15,TSLA,long,0.0,0.18455499267578124,-0.18455499267578124
2026-09-09,15,TSLA,long,0.0,2.943840087890625,-2.943840087890625
2026-09-09,15,MSTR,long,0.0,34.58615968322754,-34.58615968322754
2026-09-09,15,SNDK,short,0.0,1.76425,-1.76425
2026-09-10,9,TSLA,long,0.0,12.242719543457032,-12.242719543457032
2026-09-10,9,MSTR,long,0.0,34.62029917907715,-34.62029917907715
2026-09-10,9,MSTR,long,0.0,22.363710739135744,-22.363710739135744
2026-09-10,9,TSLA,long,0.0,22.471453994750977,-22.471453994750977
2026-09-10,9,MSTR,long,0.0,5.399150253295899,-5.399150253295899
2026-09-10,9,NVDA,short,0.0,5.331101829528809,-5.331101829528809
2026-09-10,10,MSTR,long,0.0,0.06573500061035156,-0.06573500061035156
2026-09-10,10,NVDA,short,0.0,0.10909760284423828,-0.10909760284423828
2026-09-10,10,TSLA,long,0.0,0.18291749572753907,-0.18291749572753907
2026-09-10,10,NVDA,short,0.0,0.10898999786376953,-0.10898999786376953
2026-09-10,10,TSLA,long,0.0,0.1827274932861328,-0.1827274932861328
2026-09-10,10,NVDA,short,0.0,0.1090875015258789,-0.1090875015258789
2026-09-10,10,TSLA,long,0.0,0.18334500122070313,-0.18334500122070313
2026-09-10,10,NVDA,short,0.0,0.10940249633789062,-0.10940249633789062
2026-09-10,10,TSLA,long,0.0,0.18312249755859375,-0.18312249755859375
2026-09-10,10,NVDA,short,0.0,0.10911499786376953,-0.10911499786376953
2026-09-10,10,TSLA,long,0.0,0.18364500427246094,-0.18364500427246094
2026-09-10,10,NVDA,short,0.0,0.10898999786376953,-0.10898999786376953
2026-09-10,10,TSLA,long,0.0,0.1843699951171875,-0.1843699951171875
2026-09-10,10,NVDA,short,0.0,0.1091699981689453,-0.1091699981689453
2026-09-10,10,TSLA,long,0.0,0.18430999755859376,-0.18430999755859376
2026-09-10,10,NVDA,short,0.0,0.10916000366210937,-0.10916000366210937
2026-09-10,10,TSLA,long,0.0,0.9196779632568359,-0.9196779632568359
2026-09-10,10,MSTR,long,0.0,3.15468017578125,-3.15468017578125
2026-09-10,10,TSLA,long,0.0,0.1838800048828125,-0.1838800048828125
2026-09-10,10,NVDA,short,0.0,0.109,-0.109
2026-09-10,11,MSTR,long,0.0,0.06574500274658203,-0.06574500274658203
2026-09-10,11,TSLA,long,0.0,32.52638467407227,-32.52638467407227
2026-09-10,11,MSTR,long,0.0,0.06542250061035157,-0.06542250061035157
2026-09-10,11,NVDA,short,0.0,2.072235046386719,-2.072235046386719
2026-09-10,11,TSLA,short,0.0,34.901907150268556,-34.901907150268556
2026-09-10,11,MSTR,long,0.0,0.06543250274658204,-0.06543250274658204
2026-09-10,11,TSLA,short,0.0,0.18299000549316408,-0.18299000549316408
2026-09-10,11,TSLA,short,0.0,0.18319999694824218,-0.18319999694824218
2026-09-10,11,MSTR,long,0.0,0.06513249969482422,-0.06513249969482422
2026-09-10,11,TSLA,short,0.0,0.18304014587402342,-0.18304014587402342
2026-09-10,11,MSTR,long,0.0,0.06530000305175782,-0.06530000305175782
2026-09-10,11,TSLA,short,0.0,0.18299000549316408,-0.18299000549316408
2026-09-10,11,TSLA,short,0.0,0.1834149932861328,-0.1834149932861328
2026-09-10,11,NVDA,short,0.0,0.10943000030517579,-0.10943000030517579
2026-09-10,11,MSTR,long,0.0,0.06508589935302735,-0.06508589935302735
2026-09-10,11,NVDA,short,0.0,0.10939250183105469,-0.10939250183105469
2026-09-10,12,MSTR,long,0.0,0.06520999908447266,-0.06520999908447266
2026-09-10,12,TSLA,short,0.0,0.183375,-0.183375
2026-09-10,12,NVDA,short,0.0,0.10938999938964844,-0.10938999938964844
2026-09-10,12,MSTR,long,0.0,0.06494750213623048,-0.06494750213623048
2026-09-10,12,NVDA,short,0.0,0.10946499633789063,-0.10946499633789063
2026-09-10,12,MSTR,long,0.0,0.06466249847412109,-0.06466249847412109
2026-09-10,12,NVDA,short,0.0,0.10945999908447265,-0.10945999908447265
2026-09-10,12,MSTR,long,0.0,0.06466795349121093,-0.06466795349121093
2026-09-10,12,NVDA,short,0.0,0.10916500091552735,-0.10916500091552735
2026-09-10,12,MSTR,long,0.0,0.06456999969482421,-0.06456999969482421
2026-09-10,12,NVDA,short,0.0,0.10911000061035156,-0.10911000061035156
2026-09-10,12,MSTR,long,0.0,0.06474250030517578,-0.06474250030517578
2026-09-10,12,NVDA,short,0.0,0.1090999984741211,-0.1090999984741211
2026-09-10,12,MSTR,long,0.0,0.06466500091552735,-0.06466500091552735
2026-09-10,12,NVDA,short,0.0,0.108875,-0.108875
2026-09-10,12,MSTR,long,0.0,0.06457749938964844,-0.06457749938964844
2026-09-10,12,NVDA,short,0.0,0.10894249725341797,-0.10894249725341797
2026-09-10,12,MSTR,long,0.0,0.06481999969482422,-0.06481999969482422
2026-09-10,12,NVDA,short,0.0,0.10898135375976563,-0.10898135375976563
2026-09-10,12,MSTR,long,0.0,0.06477500152587891,-0.06477500152587891
2026-09-10,12,NVDA,short,0.0,0.1092199478149414,-0.1092199478149414
2026-09-10,12,MSTR,long,0.0,0.06473000335693359,-0.06473000335693359
2026-09-10,12,NVDA,short,0.0,0.10927999877929688,-0.10927999877929688
2026-09-10,12,MSTR,long,0.0,0.06472000122070312,-0.06472000122070312
2026-09-10,12,NVDA,short,0.0,0.10934500122070312,-0.10934500122070312
2026-09-10,13,NVDA,short,0.0,0.10937999725341797,-0.10937999725341797
2026-09-10,13,MSTR,long,0.0,0.06490499877929687,-0.06490499877929687
2026-09-10,13,NVDA,short,0.0,0.1093949966430664,-0.1093949966430664
2026-09-10,13,MSTR,long,0.0,0.064875,-0.064875
2026-09-10,13,TSLA,short,0.0,0.18297999572753906,-0.18297999572753906
2026-09-10,13,NVDA,short,0.0,0.1094550018310547,-0.1094550018310547
2026-09-10,13,MSTR,long,0.0,0.06482749938964844,-0.06482749938964844
2026-09-10,13,TSLA,short,0.0,0.18305999755859376,-0.18305999755859376
2026-09-10,13,MSTR,long,0.0,0.06494505310058593,-0.06494505310058593
2026-09-10,13,TSLA,short,0.0,0.18309085083007812,-0.18309085083007812
2026-09-10,13,MSTR,long,0.0,0.06517900085449219,-0.06517900085449219
2026-09-10,13,TSLA,short,0.0,0.18322000122070312,-0.18322000122070312
2026-09-10,13,MSTR,long,0.0,0.06517250061035157,-0.06517250061035157
2026-09-10,13,TSLA,short,0.0,0.18342999267578125,-0.18342999267578125
2026-09-10,13,MSTR,long,0.0,0.0654699478149414,-0.0654699478149414
2026-09-10,13,TSLA,short,0.0,0.1836300048828125,-0.1836300048828125
2026-09-10,13,MSTR,long,0.0,0.065125,-0.065125
2026-09-10,13,TSLA,short,0.0,0.18308525085449218,-0.18308525085449218
2026-09-10,13,MSTR,long,0.0,0.06516999816894531,-0.06516999816894531
2026-09-10,13,TSLA,short,0.0,0.1836925048828125,-0.1836925048828125
2026-09-10,13,MSTR,long,0.0,0.06510780334472656,-0.06510780334472656
2026-09-10,13,TSLA,short,0.0,0.18323500061035156,-0.18323500061035156
2026-09-10,13,MSTR,long,0.0,0.06507685089111329,-0.06507685089111329
2026-09-10,13,TSLA,short,0.0,0.18322000122070312,-0.18322000122070312
2026-09-10,14,MSTR,long,0.0,0.06505500030517578,-0.06505500030517578
2026-09-10,14,TSLA,short,0.0,0.1827274932861328,-0.1827274932861328
2026-09-10,14,MSTR,long,0.0,0.06482499694824219,-0.06482499694824219
2026-09-10,14,NVDA,short,0.0,0.10910494995117187,-0.10910494995117187
2026-09-10,14,MSTR,long,0.0,0.06472000122070312,-0.06472000122070312
2026-09-10,14,NVDA,short,0.0,0.10908999633789063,-0.10908999633789063
2026-09-10,14,MSTR,long,0.0,0.0646449966430664,-0.0646449966430664
2026-09-10,14,NVDA,short,0.0,0.1090852508544922,-0.1090852508544922
2026-09-10,14,MSTR,long,0.0,0.06476499938964844,-0.06476499938964844
2026-09-10,14,NVDA,short,0.0,0.10908499908447265,-0.10908499908447265
2026-09-10,14,MSTR,long,0.0,0.0648499984741211,-0.0648499984741211
2026-09-10,14,MSTR,long,0.0,0.06466500091552735,-0.06466500091552735
2026-09-10,14,MSTR,long,0.0,0.06469999694824219,-0.06469999694824219
2026-09-10,14,MSTR,long,0.0,0.06473500061035156,-0.06473500061035156
2026-09-10,14,MSTR,long,0.0,0.06483999633789063,-0.06483999633789063
2026-09-10,14,MSTR,long,0.0,0.06476499938964844,-0.06476499938964844
2026-09-10,14,MSTR,long,0.0,0.06488500213623047,-0.06488500213623047
2026-09-10,15,MSTR,long,0.0,0.0649749984741211,-0.0649749984741211
2026-09-10,15,MSTR,long,0.0,0.0648949966430664,-0.0648949966430664
2026-09-10,15,MSTR,long,0.0,0.06492024993896485,-0.06492024993896485
2026-09-10,15,MSTR,long,0.0,0.06484249877929688,-0.06484249877929688
2026-09-10,15,MSTR,long,0.0,0.0647699966430664,-0.0647699966430664
2026-09-10,15,MSTR,long,0.0,0.06487000274658203,-0.06487000274658203
2026-09-10,15,MSTR,long,0.0,0.06483999633789063,-0.06483999633789063
2026-09-10,15,MSTR,long,0.0,0.06471499633789063,-0.06471499633789063
2026-09-10,15,MSTR,long,0.0,0.06465025329589844,-0.06465025329589844
2026-09-10,15,MSTR,long,0.0,0.06462249755859376,-0.06462249755859376
2026-09-10,15,MSTR,long,0.0,0.0645199966430664,-0.0645199966430664
2026-09-10,15,MSTR,long,0.0,6.697600158691406,-6.697600158691406
2026-09-10,15,TSLA,short,0.0,31.59404946899414,-31.59404946899414
2026-09-11,9,TSLA,long,0.0,12.391300415039062,-12.391300415039062
2026-09-11,9,MSTR,long,0.0,34.93111901855469,-34.93111901855469
2026-09-11,9,MSTR,long,0.0,0.0652249984741211,-0.0652249984741211
2026-09-11,9,TSLA,long,0.0,0.18353750610351563,-0.18353750610351563
2026-09-11,9,MSTR,long,0.0,0.06567755126953125,-0.06567755126953125
2026-09-11,9,MSTR,long,0.0,0.19972515106201172,-0.19972515106201172
2026-09-11,9,TSLA,long,0.0,0.3675150146484375,-0.3675150146484375
2026-09-11,9,MSTR,long,0.0,0.0669749984741211,-0.0669749984741211
2026-09-11,9,NVDA,long,0.0,0.11058000183105468,-0.11058000183105468
2026-09-11,10,TSLA,long,0.0,0.18415499877929686,-0.18415499877929686
2026-09-11,10,MSTR,long,0.0,0.13674000549316406,-0.13674000549316406
2026-09-11,10,NVDA,long,0.0,0.11081500244140625,-0.11081500244140625
2026-09-11,10,TSLA,long,0.0,0.18333995056152344,-0.18333995056152344
2026-09-11,10,MSTR,long,0.0,0.13746000671386718,-0.13746000671386718
2026-09-11,10,NVDA,long,0.0,0.11075994873046875,-0.11075994873046875
2026-09-11,10,MSTR,long,0.0,0.06800250244140625,-0.06800250244140625
2026-09-11,10,NVDA,long,0.0,0.11069000244140625,-0.11069000244140625
2026-09-11,10,MSTR,long,0.0,0.06819750213623046,-0.06819750213623046
2026-09-11,10,MSTR,long,0.0,23.14454948425293,-23.14454948425293
2026-09-11,10,TSLA,long,0.0,23.89439920043945,-23.89439920043945
2026-09-11,10,TSLA,long,0.0,0.18321749877929688,-0.18321749877929688
2026-09-11,10,MSTR,long,0.0,0.06793499755859375,-0.06793499755859375
2026-09-11,10,TSLA,long,0.0,23.21313542175293,-23.21313542175293
2026-09-11,10,MSTR,long,0.0,12.647492874145508,-12.647492874145508
2026-09-11,10,SNDK,short,0.0,36.067461181640624,-36.067461181640624
2026-09-11,10,SNDK,short,0.0,22.8734091796875,-22.8734091796875
2026-09-11,10,TSLA,long,0.0,2.5489100341796873,-2.5489100341796873
2026-09-11,10,SNDK,short,0.0,11.403,-11.403
2026-09-11,10,NVDA,short,0.0,31.318649826049803,-31.318649826049803
2026-09-11,10,TSLA,long,0.0,4.211414901733399,-4.211414901733399
2026-09-11,10,SNDK,short,0.0,1.6295,-1.6295
2026-09-11,10,NVDA,short,0.0,2.4196700134277345,-2.4196700134277345
2026-09-11,10,MSTR,long,0.0,8.78897476196289,-8.78897476196289
2026-09-11,10,MSTR,long,0.0,0.2721400146484375,-0.2721400146484375
2026-09-11,11,TSLA,long,0.0,0.18239999389648437,-0.18239999389648437
2026-09-11,11,MSTR,long,0.0,0.068125,-0.068125
2026-09-11,11,NVDA,short,0.0,0.1097249984741211,-0.1097249984741211
2026-09-11,11,TSLA,long,0.0,0.18289999389648437,-0.18289999389648437
2026-09-11,11,NVDA,short,0.0,0.11007150268554687,-0.11007150268554687
2026-09-11,11,TSLA,long,0.0,0.18286285400390626,-0.18286285400390626
2026-09-11,11,TSLA,long,0.0,0.18356500244140625,-0.18356500244140625
2026-09-11,11,NVDA,short,0.0,0.11009369659423827,-0.11009369659423827
2026-09-11,11,TSLA,long,0.0,0.18273500061035156,-0.18273500061035156
2026-09-11,11,MSTR,long,0.0,0.06810500335693359,-0.06810500335693359
2026-09-11,11,NVDA,short,0.0,0.11007499694824219,-0.11007499694824219
2026-09-11,11,TSLA,long,0.0,0.18311500549316406,-0.18311500549316406
2026-09-11,11,MSTR,long,0.0,0.06817500305175782,-0.06817500305175782
2026-09-11,11,NVDA,short,0.0,0.11008999633789063,-0.11008999633789063
2026-09-11,11,TSLA,long,0.0,0.18297500610351564,-0.18297500610351564
2026-09-11,11,MSTR,long,0.0,0.06824500274658203,-0.06824500274658203
2026-09-11,11,NVDA,short,0.0,0.10991500091552735,-0.10991500091552735
2026-09-11,11,TSLA,long,0.0,0.18291749572753907,-0.18291749572753907
2026-09-11,11,MSTR,long,0.0,0.06807499694824219,-0.06807499694824219
2026-09-11,11,NVDA,short,0.0,0.109875,-0.109875
2026-09-11,11,TSLA,long,0.0,0.18272500610351564,-0.18272500610351564
2026-09-11,11,MSTR,long,0.0,0.06797000122070312,-0.06797000122070312
2026-09-11,11,NVDA,short,0.0,0.10978500366210937,-0.10978500366210937
2026-09-11,11,TSLA,long,0.0,0.18218499755859374,-0.18218499755859374
2026-09-11,11,MSTR,long,0.0,0.06767500305175782,-0.06767500305175782
2026-09-11,11,NVDA,short,0.0,0.10987000274658203,-0.10987000274658203
2026-09-11,11,TSLA,long,0.0,9.31055987548828,-9.31055987548828
2026-09-11,11,MSTR,long,0.0,8.47597972869873,-8.47597972869873
2026-09-11,11,NVDA,short,0.0,27.89047007751465,-27.89047007751465
2026-09-11,11,SNDK,short,0.0,36.03974096679688,-36.03974096679688
2026-09-11,11,MSTR,short,0.0,12.880819587707519,-12.880819587707519
2026-09-11,12,SNDK,short,0.0,28.709625854492188,-28.709625854492188
2026-09-11,12,MSTR,short,0.0,23.09896073913574,-23.09896073913574
2026-09-11,12,MSTR,short,0.0,6.443280029296875,-6.443280029296875
2026-09-11,12,SNDK,short,0.0,0.8173400268554688,-0.8173400268554688
2026-09-11,12,MSTR,short,0.0,0.06718499755859375,-0.06718499755859375
2026-09-11,12,MSTR,short,0.0,1.0690240478515625,-1.0690240478515625
2026-09-11,12,TSLA,long,0.0,13.873039489746093,-13.873039489746093
2026-09-11,12,TSLA,long,0.0,0.18240249633789063,-0.18240249633789063
2026-09-11,12,SNDK,short,0.0,0.8167224731445313,-0.8167224731445313
2026-09-11,12,MSTR,short,0.0,0.0665999984741211,-0.0665999984741211
2026-09-11,12,SNDK,short,0.0,0.816150634765625,-0.816150634765625
2026-09-11,12,MSTR,short,0.0,0.06659400177001953,-0.06659400177001953
2026-09-11,12,SNDK,short,0.0,0.81277001953125,-0.81277001953125
2026-09-11,12,MSTR,short,0.0,0.06687999725341796,-0.06687999725341796
2026-09-11,14,TSLA,long,0.0,0.7301400146484375,-0.7301400146484375
2026-09-11,14,SNDK,short,0.0,4.093062438964844,-4.093062438964844
2026-09-11,14,MSTR,short,0.0,8.48045972442627,-8.48045972442627
2026-09-11,14,MSTR,short,0.0,1.3766550064086913,-1.3766550064086913
2026-09-11,14,MSTR,short,0.0,0.06560050201416015,-0.06560050201416015
2026-09-11,14,MSTR,short,0.0,0.2635,-0.2635
2026-09-11,14,TSLA,long,0.0,0.1824600067138672,-0.1824600067138672
2026-09-11,14,MSTR,short,0.0,0.06566000366210938,-0.06566000366210938
2026-09-11,14,TSLA,long,0.0,0.18253250122070314,-0.18253250122070314
2026-09-11,14,MSTR,short,0.0,0.06580000305175782,-0.06580000305175782
2026-09-11,14,TSLA,long,0.0,0.18239999389648437,-0.18239999389648437
2026-09-11,14,MSTR,short,0.0,0.06587000274658203,-0.06587000274658203
2026-09-11,14,MSTR,short,0.0,0.06606999969482422,-0.06606999969482422
2026-09-11,15,TSLA,long,0.0,12.432780456542968,-12.432780456542968
2026-09-11,15,MSTR,short,0.0,34.19882968139648,-34.19882968139648
