date,hour,symbol,direction,gross_pnl,costs,net_pnl
2026-08-31,10,SNDK,long,-6.8599853515625,0.0,-6.8599853515625
2026-08-31,11,SNDK,long,7.4649658203125,0.0,7.4649658203125
2026-08-31,11,SNDK,long,0.135009765625,0.0,0.135009765625
2026-08-31,11,SNDK,long,0.695068359375,0.0,0.695068359375
2026-08-31,11,SNDK,long,-0.3150634765625,0.0,-0.3150634765625
2026-08-31,11,SNDK,long,-13.06005859375,0.0,-13.06005859375
2026-08-31,11,SNDK,long,-1.0,0.0,-1.0
2026-08-31,11,SNDK,long,-15.110107421875,0.0,-15.110107421875
2026-08-31,11,SNDK,long,0.080078125,0.0,0.080078125
2026-08-31,11,SNDK,long,-5.590087890625,0.0,-5.590087890625
2026-08-31,11,SNDK,long,0.580078125,0.0,0.580078125
2026-08-31,11,SNDK,long,-3.39990234375,0.0,-3.39990234375
2026-08-31,11,SNDK,long,-1.300048828125,0.0,-1.300048828125
2026-08-31,11,SNDK,long,-7.110107421875,0.0,-7.110107421875
2026-08-31,11,SNDK,long,0.510009765625,0.0,0.510009765625
2026-08-31,11,SNDK,long,-3.5699462890625,0.0,-3.5699462890625
2026-08-31,11,SNDK,long,-0.1900634765625,0.0,-0.1900634765625
2026-08-31,12,SNDK,long,2.97998046875,0.0,2.97998046875
2026-08-31,12,SNDK,long,0.6201171875,0.0,0.6201171875
2026-08-31,12,SNDK,long,-13.119873046875,0.0,-13.119873046875
2026-08-31,12,SNDK,long,-0.880126953125,0.0,-0.880126953125
2026-08-31,12,SNDK,long,-11.9599609375,0.0,-11.9599609375
2026-08-31,12,SNDK,long,0.75048828125,0.0,0.75048828125
2026-08-31,12,SNDK,long,-19.44091796875,0.0,-19.44091796875
2026-08-31,12,SNDK,long,1.18017578125,0.0,1.18017578125
2026-08-31,12,SNDK,long,11.0,0.0,11.0
2026-08-31,12,SNDK,long,-7.780029296875,0.0,-7.780029296875
2026-08-31,12,SNDK,long,-0.170166015625,0.0,-0.170166015625
2026-08-31,15,SNDK,long,-90.10009765625,0.0,-90.10009765625
2026-08-31,15,SNDK,long,-58.23876953125,0.0,-58.23876953125
2026-08-31,15,SNDK,long,2.168701171875,0.0,2.168701171875
2026-08-31,15,SNDK,long,-31.036865234375,0.0,-31.036865234375
2026-08-31,15,SNDK,long,0.8775634765625,0.0,0.8775634765625
2026-08-31,15,SNDK,long,-91.199951171875,0.0,-91.199951171875
2026-08-31,15,SNDK,long,0.899658203125,0.0,0.899658203125
2026-08-31,15,SNDK,long,40.2603759765625,0.0,40.2603759765625
2026-08-31,15,SNDK,long,2.3377685546875,0.0,2.3377685546875
2026-08-31,15,SNDK,long,19.4420166015625,0.0,19.4420166015625
2026-08-31,15,SNDK,long,-2.3646240234375,0.0,-2.3646240234375
2026-08-31,15,SNDK,long,90.2301025390625,0.0,90.2301025390625
2026-08-31,15,SNDK,long,5.7396240234375,0.0,5.7396240234375
2026-08-31,15,SNDK,long,-19.0,0.0,-19.0
2026-08-31,15,SNDK,long,-0.0400390625,0.0,-0.0400390625
2026-08-31,15,SNDK,long,90.899658203125,0.0,90.899658203125
2026-08-31,15,SNDK,long,-2.999267578125,0.0,-2.999267578125
2026-08-31,15,SNDK,long,28.5699462890625,0.0,28.5699462890625
2026-08-31,15,SNDK,long,-0.2197265625,0.0,-0.2197265625
2026-08-31,15,SNDK,long,32.5595703125,0.0,32.5595703125
2026-08-31,15,SNDK,long,2.7197265625,0.0,2.7197265625
2026-08-31,15,SNDK,long,446.640625,0.0,446.640625
2026-08-31,15,SNDK,long,0.2392578125,0.0,0.2392578125
2026-09-01,9,SNDK,short,26.14990234375,0.0,26.14990234375
2026-09-01,9,SNDK,short,-9.599609375,0.0,-9.599609375
2026-09-01,9,SNDK,short,-30.46435546875,0.0,-30.46435546875
2026-09-01,9,SNDK,short,-2.926025390625,0.0,-2.926025390625
2026-09-01,10,SNDK,short,3.760009765625,0.0,3.760009765625
2026-09-01,10,SNDK,short,-1.1099853515625,0.0,-1.1099853515625
2026-09-01,10,SNDK,short,-23.4898681640625,0.0,-23.4898681640625
2026-09-01,10,SNDK,short,-1.1700439453125,0.0,-1.1700439453125
2026-09-01,10,SNDK,short,58.8798828125,0.0,58.8798828125
2026-09-01,10,SNDK,short,-3.8798828125,0.0,-3.8798828125
2026-09-01,10,SNDK,short,8.3243408203125,0.0,8.3243408203125
2026-09-01,10,SNDK,short,3.9605712890625,0.0,3.9605712890625
2026-09-01,10,SNDK,short,13.619384765625,0.0,13.619384765625
2026-09-01,10,SNDK,short,0.000732421875,0.0,0.000732421875
2026-09-01,10,SNDK,short,-13.2501220703125,0.0,-13.2501220703125
2026-09-01,10,SNDK,short,-0.8251953125,0.0,-0.8251953125
2026-09-01,10,SNDK,short,-7.39990234375,0.0,-7.39990234375
2026-09-01,10,SNDK,short,-37.3248291015625,0.0,-37.3248291015625
2026-09-01,10,SNDK,short,-0.9503173828125,0.0,-0.9503173828125
2026-09-01,10,SNDK,short,-11.315185546875,0.0,-11.315185546875
2026-09-01,10,SNDK,short,-3.2047119140625,0.0,-3.2047119140625
2026-09-01,10,SNDK,short,-14.81982421875,0.0,-14.81982421875
2026-09-01,10,SNDK,short,-2.280029296875,0.0,-2.280029296875
2026-09-01,10,SNDK,short,-90.18017578125,0.0,-90.18017578125
2026-09-01,10,SNDK,short,-4.4549560546875,0.0,-4.4549560546875
2026-09-01,10,SNDK,short,22.2998046875,0.0,22.2998046875
2026-09-01,10,SNDK,short,0.1251220703125,0.0,0.1251220703125
2026-09-01,11,SNDK,short,-77.2196044921875,0.0,-77.2196044921875
2026-09-01,11,SNDK,short,6.479736328125,0.0,6.479736328125
2026-09-01,11,SNDK,short,-10.4649658203125,0.0,-10.4649658203125
2026-09-01,11,SNDK,short,0.0350341796875,0.0,0.0350341796875
2026-09-01,11,SNDK,short,47.8797607421875,0.0,47.8797607421875
2026-09-01,11,SNDK,short,2.9539794921875,0.0,2.9539794921875
2026-09-01,11,SNDK,short,18.1160888671875,0.0,18.1160888671875
2026-09-01,11,SNDK,short,-0.0008544921875,0.0,-0.0008544921875
2026-09-01,11,SNDK,short,24.78076171875,0.0,24.78076171875
2026-09-01,11,SNDK,short,-0.659912109375,0.0,-0.659912109375
2026-09-01,11,SNDK,short,-35.10009765625,0.0,-35.10009765625
2026-09-01,11,SNDK,short,-33.399658203125,0.0,-33.399658203125
2026-09-01,11,SNDK,short,1.25,0.0,1.25
2026-09-01,11,SNDK,short,-14.5001220703125,0.0,-14.5001220703125
2026-09-01,11,SNDK,short,-2.5,0.0,-2.5
2026-09-01,11,SNDK,short,-70.48046875,0.0,-70.48046875
2026-09-01,11,SNDK,short,1.83984375,0.0,1.83984375
2026-09-01,11,SNDK,short,-121.3447265625,0.0,-121.3447265625
2026-09-01,11,SNDK,short,1.89013671875,0.0,1.89013671875
2026-09-01,11,SNDK,short,-42.450439453125,0.0,-42.450439453125
2026-09-01,11,SNDK,short,0.000732421875,0.0,0.000732421875
2026-09-01,11,SNDK,short,22.7850341796875,0.0,22.7850341796875
2026-09-01,11,SNDK,short,0.0341796875,0.0,0.0341796875
2026-09-01,12,SNDK,short,1.720703125,0.0,1.720703125
2026-09-01,12,SNDK,short,-6.5205078125,0.0,-6.5205078125
2026-09-01,12,SNDK,short,56.4554443359375,0.0,56.4554443359375
2026-09-01,12,SNDK,short,4.6544189453125,0.0,4.6544189453125
2026-09-01,12,SNDK,short,-17.6392822265625,0.0,-17.6392822265625
2026-09-01,12,SNDK,short,2.0294189453125,0.0,2.0294189453125
2026-09-01,12,SNDK,short,30.975341796875,0.0,30.975341796875
2026-09-01,12,SNDK,short,16.740234375,0.0,16.740234375
2026-09-01,12,SNDK,short,1.72265625,0.0,1.72265625
2026-09-01,12,SNDK,short,-2.9608154296875,0.0,-2.9608154296875
2026-09-01,12,SNDK,short,4.89990234375,0.0,4.89990234375
2026-09-01,12,SNDK,short,9.64013671875,0.0,9.64013671875
2026-09-01,12,SNDK,short,-2.0400390625,0.0,-2.0400390625
2026-09-01,12,SNDK,short,63.27978515625,0.0,63.27978515625
2026-09-01,12,SNDK,short,-0.02001953125,0.0,-0.02001953125
2026-09-01,12,SNDK,short,-13.06201171875,0.0,-13.06201171875
2026-09-01,12,SNDK,short,-0.35791015625,0.0,-0.35791015625
2026-09-01,12,SNDK,long,-16.9134521484375,0.0,-16.9134521484375
2026-09-01,12,SNDK,long,3.2332763671875,0.0,3.2332763671875
2026-09-01,12,SNDK,long,9.080078125,0.0,9.080078125
2026-09-01,12,SNDK,long,-3.492431640625,0.0,-3.492431640625
2026-09-01,12,SNDK,long,2.59228515625,0.0,2.59228515625
2026-09-01,13,SNDK,long,0.210205078125,0.0,0.210205078125
2026-09-01,13,SNDK,long,0.56982421875,0.0,0.56982421875
2026-09-01,13,SNDK,long,-10.280029296875,0.0,-10.280029296875
2026-09-01,13,SNDK,long,1.01025390625,0.0,1.01025390625
2026-09-01,13,SNDK,long,0.054931640625,0.0,0.054931640625
2026-09-01,13,SNDK,long,0.739990234375,0.0,0.739990234375
2026-09-01,13,SNDK,long,-0.5347900390625,0.0,-0.5347900390625
2026-09-01,13,SNDK,long,0.834716796875,0.0,0.834716796875
2026-09-01,13,SNDK,short,11.679931640625,0.0,11.679931640625
2026-09-01,13,SNDK,short,-0.91748046875,0.0,-0.91748046875
2026-09-01,13,SNDK,short,-1.461181640625,0.0,-1.461181640625
2026-09-01,13,SNDK,short,0.389892578125,0.0,0.389892578125
2026-09-01,14,SNDK,short,-6.0499267578125,0.0,-6.0499267578125
2026-09-01,14,SNDK,short,-0.1800537109375,0.0,-0.1800537109375
2026-09-01,14,SNDK,short,-0.6427001953125,0.0,-0.6427001953125
2026-09-01,14,SNDK,short,10.11669921875,0.0,10.11669921875
2026-09-01,14,SNDK,short,0.853271484375,0.0,0.853271484375
2026-09-01,14,SNDK,short,5.0599365234375,0.0,5.0599365234375
2026-09-01,14,SNDK,short,0.030029296875,0.0,0.030029296875
2026-09-01,14,SNDK,long,28.68017578125,0.0,28.68017578125
2026-09-01,14,SNDK,long,-1.979736328125,0.0,-1.979736328125
2026-09-01,15,SNDK,long,-4.9599609375,0.0,-4.9599609375
2026-09-01,15,SNDK,short,-1.4625244140625,0.0,-1.4625244140625
2026-09-01,15,SNDK,short,-0.3092041015625,0.0,-0.3092041015625
2026-09-01,15,SNDK,short,2.5,0.0,2.5
2026-09-01,15,SNDK,short,0.820068359375,0.0,0.820068359375
2026-09-01,15,SNDK,short,-0.3050537109375,0.0,-0.3050537109375
2026-09-01,15,SNDK,short,-15.06005859375,0.0,-15.06005859375
2026-09-01,15,SNDK,short,-2.76025390625,0.0,-2.76025390625
2026-09-01,15,SNDK,short,27.75,0.0,27.75
2026-09-01,15,SNDK,short,-2.69970703125,0.0,-2.69970703125
2026-09-02,9,SNDK,long,173.9996337890625,0.0,173.9996337890625
2026-09-02,9,SNDK,long,20.0994873046875,0.0,20.0994873046875
2026-09-02,10,SNDK,short,-4.2900390625,0.0,-4.2900390625
2026-09-02,10,SNDK,short,0.1099853515625,0.0,0.1099853515625
2026-09-02,10,SNDK,long,11.14990234375,0.0,11.14990234375
2026-09-02,10,SNDK,long,14.4000244140625,0.0,14.4000244140625
2026-09-02,10,SNDK,long,-2.3004150390625,0.0,-2.3004150390625
2026-09-02,10,SNDK,long,-6.619873046875,0.0,-6.619873046875
2026-09-02,10,SNDK,long,1.499755859375,0.0,1.499755859375
2026-09-02,10,SNDK,long,17.460205078125,0.0,17.460205078125
2026-09-02,10,SNDK,long,0.1201171875,0.0,0.1201171875
2026-09-02,10,SNDK,long,-2.6966552734375,0.0,-2.6966552734375
2026-09-02,10,SNDK,long,-0.533447265625,0.0,-0.533447265625
2026-09-02,10,SNDK,long,-1.43994140625,0.0,-1.43994140625
2026-09-02,10,SNDK,long,-1.659912109375,0.0,-1.659912109375
2026-09-02,10,SNDK,long,2.0399169921875,0.0,2.0399169921875
2026-09-02,10,SNDK,long,0.070068359375,0.0,0.070068359375
2026-09-02,10,SNDK,long,-44.7601318359375,0.0,-44.7601318359375
2026-09-02,10,SNDK,long,-2.43017578125,0.0,-2.43017578125
2026-09-02,11,SNDK,short,-2.0400390625,0.0,-2.0400390625
2026-09-02,11,SNDK,short,0.27978515625,0.0,0.27978515625
2026-09-02,11,SNDK,short,-17.7752685546875,0.0,-17.7752685546875
2026-09-02,11,SNDK,short,-2.9248046875,0.0,-2.9248046875
2026-09-02,11,SNDK,short,8.3880615234375,0.0,8.3880615234375
2026-09-02,11,SNDK,short,2.4114990234375,0.0,2.4114990234375
2026-09-02,11,SNDK,short,-49.149169921875,0.0,-49.149169921875
2026-09-02,11,SNDK,short,-0.675048828125,0.0,-0.675048828125
2026-09-02,11,SNDK,short,17.4249267578125,0.0,17.4249267578125
2026-09-02,11,SNDK,short,4.1497802734375,0.0,4.1497802734375
2026-09-02,11,SNDK,short,-11.35986328125,0.0,-11.35986328125
2026-09-02,11,SNDK,short,-0.16015625,0.0,-0.16015625
2026-09-02,11,SNDK,short,-1.10498046875,0.0,-1.10498046875
2026-09-02,11,SNDK,short,-0.77490234375,0.0,-0.77490234375
2026-09-02,11,SNDK,short,25.1099853515625,0.0,25.1099853515625
2026-09-02,11,SNDK,short,-3.210205078125,0.0,-3.210205078125
2026-09-02,11,SNDK,short,-20.57958984375,0.0,-20.57958984375
2026-09-02,12,SNDK,short,-30.759765625,0.0,-30.759765625
2026-09-02,12,SNDK,short,6.51953125,0.0,6.51953125
2026-09-02,12,SNDK,short,-5.3994140625,0.0,-5.3994140625
2026-09-02,12,SNDK,short,0.0400390625,0.0,0.0400390625
2026-09-02,12,SNDK,short,-10.400390625,0.0,-10.400390625
2026-09-02,12,SNDK,short,5.1201171875,0.0,5.1201171875
2026-09-02,12,SNDK,short,19.5653076171875,0.0,19.5653076171875
2026-09-02,12,SNDK,short,2.9744873046875,0.0,2.9744873046875
2026-09-02,12,SNDK,short,-23.1695556640625,0.0,-23.1695556640625
2026-09-02,12,SNDK,short,-1.820068359375,0.0,-1.820068359375
2026-09-02,12,SNDK,short,-16.080322265625,0.0,-16.080322265625
2026-09-02,12,SNDK,short,-0.419677734375,0.0,-0.419677734375
2026-09-02,12,SNDK,short,25.849609375,0.0,25.849609375
2026-09-02,12,SNDK,short,0.5999755859375,0.0,0.5999755859375
2026-09-02,12,SNDK,short,10.8502197265625,0.0,10.8502197265625
2026-09-02,12,SNDK,short,-1.7999267578125,0.0,-1.7999267578125
2026-09-02,12,SNDK,short,-2.56005859375,0.0,-2.56005859375
2026-09-02,12,SNDK,short,1.63330078125,0.0,1.63330078125
2026-09-02,12,SNDK,short,-3.6998291015625,0.0,-3.6998291015625
2026-09-02,12,SNDK,short,0.0150146484375,0.0,0.0150146484375
2026-09-02,12,SNDK,short,2.679931640625,0.0,2.679931640625
2026-09-02,12,SNDK,short,-0.02001953125,0.0,-0.02001953125
2026-09-02,12,SNDK,short,13.6798095703125,0.0,13.6798095703125
2026-09-02,12,SNDK,short,0.06005859375,0.0,0.06005859375
2026-09-02,13,SNDK,short,0.090087890625,0.0,0.090087890625
2026-09-02,13,SNDK,short,0.5101318359375,0.0,0.5101318359375
2026-09-02,13,SNDK,short,-7.590087890625,0.0,-7.590087890625
2026-09-02,13,SNDK,short,2.18994140625,0.0,2.18994140625
2026-09-02,13,SNDK,short,4.659912109375,0.0,4.659912109375
2026-09-02,13,SNDK,short,-1.639892578125,0.0,-1.639892578125
2026-09-02,13,SNDK,short,-3.1099853515625,0.0,-3.1099853515625
2026-09-02,13,SNDK,short,-0.410400390625,0.0,-0.410400390625
2026-09-02,13,SNDK,short,1.26123046875,0.0,1.26123046875
2026-09-02,13,SNDK,short,-5.280029296875,0.0,-5.280029296875
2026-09-02,13,SNDK,short,0.0150146484375,0.0,0.0150146484375
2026-09-02,13,SNDK,short,5.570068359375,0.0,5.570068359375
2026-09-02,13,SNDK,short,-1.22021484375,0.0,-1.22021484375
2026-09-02,13,SNDK,short,-6.8798828125,0.0,-6.8798828125
2026-09-02,13,SNDK,short,0.37158203125,0.0,0.37158203125
2026-09-02,13,SNDK,short,2.2115478515625,0.0,2.2115478515625
2026-09-02,13,SNDK,short,-1.3802490234375,0.0,-1.3802490234375
2026-09-02,13,SNDK,short,1.6651611328125,0.0,1.6651611328125
2026-09-02,13,SNDK,short,-0.75,0.0,-0.75
2026-09-02,13,SNDK,short,-8.52392578125,0.0,-8.52392578125
2026-09-02,13,SNDK,short,-0.47607421875,0.0,-0.47607421875
2026-09-02,13,SNDK,short,4.3648681640625,0.0,4.3648681640625
2026-09-02,13,SNDK,short,1.2000732421875,0.0,1.2000732421875
2026-09-02,14,SNDK,short,11.7999267578125,0.0,11.7999267578125
2026-09-02,14,SNDK,short,-3.599853515625,0.0,-3.599853515625
2026-09-02,14,SNDK,short,5.64013671875,0.0,5.64013671875
2026-09-02,14,SNDK,short,-1.0400390625,0.0,-1.0400390625
2026-09-02,14,SNDK,short,0.1798095703125,0.0,0.1798095703125
2026-09-02,14,SNDK,short,0.8701171875,0.0,0.8701171875
2026-09-02,14,SNDK,short,6.87158203125,0.0,6.87158203125
2026-09-02,14,SNDK,short,-0.211669921875,0.0,-0.211669921875
2026-09-02,14,SNDK,short,-13.289794921875,0.0,-13.289794921875
2026-09-02,14,SNDK,short,-0.30029296875,0.0,-0.30029296875
2026-09-02,14,SNDK,short,-3.679931640625,0.0,-3.679931640625
2026-09-02,14,SNDK,short,0.260009765625,0.0,0.260009765625
2026-09-02,14,SNDK,short,1.9801025390625,0.0,1.9801025390625
2026-09-02,14,SNDK,short,-2.0701904296875,0.0,-2.0701904296875
2026-09-02,14,SNDK,short,-4.06494140625,0.0,-4.06494140625
2026-09-02,14,SNDK,short,-2.3551025390625,0.0,-2.3551025390625
2026-09-02,14,SNDK,short,-0.31494140625,0.0,-0.31494140625
2026-09-02,14,SNDK,short,-15.2998046875,0.0,-15.2998046875
2026-09-02,14,SNDK,short,0.15966796875,0.0,0.15966796875
2026-09-02,14,SNDK,short,-1.7098388671875,0.0,-1.7098388671875
2026-09-02,14,SNDK,short,0.9898681640625,0.0,0.9898681640625
2026-09-02,14,SNDK,short,5.775146484375,0.0,5.775146484375
2026-09-02,14,SNDK,short,1.125,0.0,1.125
2026-09-02,15,SNDK,short,-7.8599853515625,0.0,-7.8599853515625
2026-09-02,15,SNDK,short,-1.8599853515625,0.0,-1.8599853515625
2026-09-02,15,SNDK,short,31.426025390625,0.0,31.426025390625
2026-09-02,15,SNDK,short,-0.7060546875,0.0,-0.7060546875
2026-09-02,15,SNDK,short,-4.0048828125,0.0,-4.0048828125
2026-09-02,15,SNDK,short,-1.9951171875,0.0,-1.9951171875
2026-09-02,15,SNDK,short,-0.9599609375,0.0,-0.9599609375
2026-09-02,15,SNDK,short,2.9599609375,0.0,2.9599609375
2026-09-02,15,SNDK,short,-1.4449462890625,0.0,-1.4449462890625
2026-09-02,15,SNDK,short,-0.050048828125,0.0,-0.050048828125
2026-09-02,15,SNDK,short,0.0323486328125,0.0,0.0323486328125
2026-09-02,15,SNDK,short,-0.5523681640625,0.0,-0.5523681640625
2026-09-02,15,SNDK,short,-1.22998046875,0.0,-1.22998046875
2026-09-02,15,SNDK,short,-0.6300048828125,0.0,-0.6300048828125
2026-09-03,9,SNDK,short,-7.2802734375,0.0,-7.2802734375
2026-09-03,9,SNDK,short,-4.9697265625,0.0,-4.9697265625
2026-09-03,9,SNDK,short,-34.400390625,0.0,-34.400390625
2026-09-03,9,SNDK,short,-3.11962890625,0.0,-3.11962890625
2026-09-03,9,SNDK,short,-5.4100341796875,0.0,-5.4100341796875
2026-09-03,9,SNDK,short,-0.489990234375,0.0,-0.489990234375
2026-09-03,10,SNDK,short,23.1148681640625,0.0,23.1148681640625
2026-09-03,10,SNDK,short,0.9752197265625,0.0,0.9752197265625
2026-09-03,10,SNDK,short,-4.3502197265625,0.0,-4.3502197265625
2026-09-03,10,SNDK,short,1.2081298828125,0.0,1.2081298828125
2026-09-03,10,SNDK,short,3.6221923828125,0.0,3.6221923828125
2026-09-03,10,SNDK,short,-0.900146484375,0.0,-0.900146484375
2026-09-03,10,SNDK,short,1.5,0.0,1.5
2026-09-03,10,SNDK,short,-1.56005859375,0.0,-1.56005859375
2026-09-03,10,SNDK,short,-12.739990234375,0.0,-12.739990234375
2026-09-03,10,SNDK,short,0.56005859375,0.0,0.56005859375
2026-09-03,11,SNDK,short,-10.880126953125,0.0,-10.880126953125
2026-09-03,11,SNDK,short,-0.77001953125,0.0,-0.77001953125
2026-09-03,11,SNDK,short,-14.14990234375,0.0,-14.14990234375
2026-09-03,11,SNDK,short,-1.030029296875,0.0,-1.030029296875
2026-09-03,11,SNDK,short,3.170166015625,0.0,3.170166015625
2026-09-03,11,SNDK,short,0.8798828125,0.0,0.8798828125
2026-09-03,11,SNDK,short,15.5400390625,0.0,15.5400390625
2026-09-03,11,SNDK,short,-2.6201171875,0.0,-2.6201171875
2026-09-03,11,SNDK,short,-11.9500732421875,0.0,-11.9500732421875
2026-09-03,11,SNDK,short,-1.3995361328125,0.0,-1.3995361328125
2026-09-03,11,SNDK,short,4.79296875,0.0,4.79296875
2026-09-03,11,SNDK,short,2.28662109375,0.0,2.28662109375
2026-09-03,11,SNDK,short,-36.1993408203125,0.0,-36.1993408203125
2026-09-03,11,SNDK,short,-0.450439453125,0.0,-0.450439453125
2026-09-03,11,SNDK,short,6.4599609375,0.0,6.4599609375
2026-09-03,11,SNDK,short,-1.4599609375,0.0,-1.4599609375
2026-09-03,11,SNDK,short,5.3568115234375,0.0,5.3568115234375
2026-09-03,11,SNDK,short,2.27294921875,0.0,2.27294921875
2026-09-03,11,SNDK,short,19.65087890625,0.0,19.65087890625
2026-09-03,11,SNDK,short,6.148681640625,0.0,6.148681640625
2026-09-03,11,SNDK,short,-16.39892578125,0.0,-16.39892578125
2026-09-03,11,SNDK,short,-3.658447265625,0.0,-3.658447265625
2026-09-03,11,SNDK,short,-12.684814453125,0.0,-12.684814453125
2026-09-03,11,SNDK,short,0.75,0.0,0.75
2026-09-03,12,SNDK,short,12.6796875,0.0,12.6796875
2026-09-03,12,SNDK,short,-2.919921875,0.0,-2.919921875
2026-09-03,12,SNDK,short,12.8096923828125,0.0,12.8096923828125
2026-09-03,12,SNDK,short,-4.9346923828125,0.0,-4.9346923828125
2026-09-03,12,SNDK,short,-24.390380859375,0.0,-24.390380859375
2026-09-03,12,SNDK,short,-3.030029296875,0.0,-3.030029296875
2026-09-03,12,SNDK,short,10.0804443359375,0.0,10.0804443359375
2026-09-03,12,SNDK,short,0.070068359375,0.0,0.070068359375
2026-09-03,12,SNDK,short,-5.375,0.0,-5.375
2026-09-03,12,SNDK,short,3.455078125,0.0,3.455078125
2026-09-03,12,SNDK,short,17.919921875,0.0,17.919921875
2026-09-03,12,SNDK,short,4.6396484375,0.0,4.6396484375
2026-09-03,12,SNDK,short,-6.7197265625,0.0,-6.7197265625
2026-09-03,12,SNDK,short,0.439453125,0.0,0.439453125
2026-09-03,12,SNDK,short,1.3603515625,0.0,1.3603515625
2026-09-03,12,SNDK,short,3.0,0.0,3.0
2026-09-03,12,SNDK,short,-126.4794921875,0.0,-126.4794921875
2026-09-03,12,SNDK,short,8.4794921875,0.0,8.4794921875
2026-09-03,12,SNDK,short,16.14013671875,0.0,16.14013671875
2026-09-03,12,SNDK,short,-2.10009765625,0.0,-2.10009765625
2026-09-03,12,SNDK,short,-12.750244140625,0.0,-12.750244140625
2026-09-03,12,SNDK,short,-6.7498779296875,0.0,-6.7498779296875
2026-09-03,12,SNDK,short,-39.425048828125,0.0,-39.425048828125
2026-09-03,13,SNDK,short,-6.73974609375,0.0,-6.73974609375
2026-09-03,13,SNDK,short,-1.2001953125,0.0,-1.2001953125
2026-09-03,13,SNDK,short,-8.81494140625,0.0,-8.81494140625
2026-09-03,13,SNDK,short,0.0050048828125,0.0,0.0050048828125
2026-09-03,13,SNDK,short,14.6099853515625,0.0,14.6099853515625
2026-09-03,13,SNDK,short,-0.469970703125,0.0,-0.469970703125
2026-09-03,13,SNDK,short,0.599609375,0.0,0.599609375
2026-09-03,13,SNDK,short,-1.919921875,0.0,-1.919921875
2026-09-03,13,SNDK,short,9.35986328125,0.0,9.35986328125
2026-09-03,13,SNDK,short,-2.27978515625,0.0,-2.27978515625
2026-09-03,13,SNDK,short,10.1099853515625,0.0,10.1099853515625
2026-09-03,13,SNDK,short,0.465087890625,0.0,0.465087890625
2026-09-03,13,SNDK,short,2.580078125,0.0,2.580078125
2026-09-03,13,SNDK,short,0.6396484375,0.0,0.6396484375
2026-09-03,13,SNDK,short,-9.0,0.0,-9.0
2026-09-03,13,SNDK,short,-2.919921875,0.0,-2.919921875
2026-09-03,13,SNDK,short,-2.1400146484375,0.0,-2.1400146484375
2026-09-03,13,SNDK,short,0.5799560546875,0.0,0.5799560546875
2026-09-03,13,SNDK,short,-26.3995361328125,0.0,-26.3995361328125
2026-09-03,13,SNDK,short,-4.9005126953125,0.0,-4.9005126953125
2026-09-03,13,SNDK,short,2.099609375,0.0,2.099609375
2026-09-03,14,SNDK,short,-14.939453125,0.0,-14.939453125
2026-09-03,14,SNDK,short,-4.66015625,0.0,-4.66015625
2026-09-03,14,SNDK,short,-1.6998291015625,0.0,-1.6998291015625
2026-09-03,14,SNDK,short,15.4998779296875,0.0,15.4998779296875
2026-09-03,14,SNDK,short,-2.719970703125,0.0,-2.719970703125
2026-09-03,14,SNDK,short,2.179931640625,0.0,2.179931640625
2026-09-03,14,SNDK,short,0.820068359375,0.0,0.820068359375
2026-09-03,14,SNDK,short,-0.699951171875,0.0,-0.699951171875
2026-09-03,14,SNDK,short,2.5799560546875,0.0,2.5799560546875
2026-09-03,14,SNDK,short,2.0101318359375,0.0,2.0101318359375
2026-09-03,14,SNDK,short,-8.2650146484375,0.0,-8.2650146484375
2026-09-03,14,SNDK,short,0.0150146484375,0.0,0.0150146484375
2026-09-03,14,SNDK,short,24.6392822265625,0.0,24.6392822265625
2026-09-03,14,SNDK,short,-3.07958984375,0.0,-3.07958984375
2026-09-03,14,SNDK,short,-30.240478515625,0.0,-30.240478515625
2026-09-03,14,SNDK,short,3.710205078125,0.0,3.710205078125
2026-09-03,14,SNDK,short,2.2755126953125,0.0,2.2755126953125
2026-09-03,14,SNDK,short,0.929443359375,0.0,0.929443359375
2026-09-03,14,SNDK,short,-0.509765625,0.0,-0.509765625
2026-09-03,14,SNDK,short,-52.3060302734375,0.0,-52.3060302734375
2026-09-03,14,SNDK,short,0.92626953125,0.0,0.92626953125
2026-09-03,14,SNDK,short,-20.574951171875,0.0,-20.574951171875
2026-09-03,14,SNDK,short,2.550048828125,0.0,2.550048828125
2026-09-03,15,SNDK,long,-10.2100830078125,0.0,-10.2100830078125
2026-09-03,15,SNDK,long,-0.6348876953125,0.0,-0.6348876953125
2026-09-03,15,SNDK,long,-4.879638671875,0.0,-4.879638671875
2026-09-03,15,SNDK,long,-1.730224609375,0.0,-1.730224609375
2026-09-03,15,SNDK,long,-6.7249755859375,0.0,-6.7249755859375
2026-09-03,15,SNDK,long,-0.375,0.0,-0.375
2026-09-03,15,SNDK,long,10.259765625,0.0,10.259765625
2026-09-03,15,SNDK,long,1.0400390625,0.0,1.0400390625
2026-09-03,15,SNDK,long,-12.83984375,0.0,-12.83984375
2026-09-03,15,SNDK,long,0.68017578125,0.0,0.68017578125
2026-09-03,15,SNDK,long,8.7593994140625,0.0,8.7593994140625
2026-09-03,15,SNDK,long,0.0003662109375,0.0,0.0003662109375
2026-09-04,9,SNDK,long,57.89013671875,0.0,57.89013671875
2026-09-04,9,SNDK,long,-6.7547607421875,0.0,-6.7547607421875
2026-09-04,9,SNDK,long,-9.2054443359375,0.0,-9.2054443359375
2026-09-04,9,SNDK,long,-1.60986328125,0.0,-1.60986328125
2026-09-04,9,SNDK,long,-2.0001220703125,0.0,-2.0001220703125
2026-09-04,9,SNDK,long,0.10009765625,0.0,0.10009765625
2026-09-04,10,SNDK,short,-25.780029296875,0.0,-25.780029296875
2026-09-04,10,SNDK,short,-0.5,0.0,-0.5
2026-09-04,10,SNDK,short,6.070068359375,0.0,6.070068359375
2026-09-04,10,SNDK,short,-1.91015625,0.0,-1.91015625
2026-09-04,10,SNDK,short,-0.48046875,0.0,-0.48046875
2026-09-04,10,SNDK,short,14.528564453125,0.0,14.528564453125
2026-09-04,10,SNDK,short,-0.0985107421875,0.0,-0.0985107421875
2026-09-04,10,SNDK,short,16.0799560546875,0.0,16.0799560546875
2026-09-04,10,SNDK,short,-1.1099853515625,0.0,-1.1099853515625
2026-09-08,9,SNDK,short,-128.7591552734375,0.0,-128.7591552734375
2026-09-08,9,SNDK,short,-5.640869140625,0.0,-5.640869140625
2026-09-08,12,SNDK,long,-2.81494140625,0.0,-2.81494140625
2026-09-08,12,SNDK,long,0.02001953125,0.0,0.02001953125
2026-09-08,12,SNDK,long,-0.925048828125,0.0,-0.925048828125
2026-09-08,12,SNDK,long,0.72119140625,0.0,0.72119140625
2026-09-08,12,SNDK,long,-4.59619140625,0.0,-4.59619140625
2026-09-08,12,SNDK,long,-0.22998046875,0.0,-0.22998046875
2026-09-08,12,SNDK,long,-3.13232421875,0.0,-3.13232421875
2026-09-08,12,SNDK,long,0.412353515625,0.0,0.412353515625
2026-09-08,12,SNDK,long,-4.8206787109375,0.0,-4.8206787109375
2026-09-08,12,SNDK,long,-0.12939453125,0.0,-0.12939453125
2026-09-08,12,SNDK,long,-0.949951171875,0.0,-0.949951171875
2026-09-08,12,SNDK,long,-0.2349853515625,0.0,-0.2349853515625
2026-09-08,13,SNDK,long,-2.4615478515625,0.0,-2.4615478515625
2026-09-08,13,SNDK,long,-0.353515625,0.0,-0.353515625
2026-09-08,13,SNDK,long,3.427978515625,0.0,3.427978515625
2026-09-08,13,SNDK,long,-0.347900390625,0.0,-0.347900390625
2026-09-08,13,SNDK,long,1.9349365234375,0.0,1.9349365234375
2026-09-08,13,SNDK,long,-0.302734375,0.0,-0.302734375
2026-09-08,13,SNDK,long,0.0977783203125,0.0,0.0977783203125
2026-09-08,13,SNDK,long,0.0538330078125,0.0,0.0538330078125
2026-09-08,13,SNDK,long,-7.4058837890625,0.0,-7.4058837890625
2026-09-08,13,SNDK,long,0.8543701171875,0.0,0.8543701171875
2026-09-08,13,SNDK,long,10.9801025390625,0.0,10.9801025390625
2026-09-08,13,SNDK,long,-1.650146484375,0.0,-1.650146484375
2026-09-08,13,SNDK,long,-5.300048828125,0.0,-5.300048828125
2026-09-08,13,SNDK,long,-0.0400390625,0.0,-0.0400390625
2026-09-08,13,SNDK,long,5.77001953125,0.0,5.77001953125
2026-09-08,13,SNDK,long,-1.294921875,0.0,-1.294921875
2026-09-08,13,SNDK,long,-0.1619873046875,0.0,-0.1619873046875
2026-09-08,13,SNDK,long,1.761962890625,0.0,1.761962890625
2026-09-08,13,SNDK,long,0.239990234375,0.0,0.239990234375
2026-09-08,13,SNDK,long,1.9599609375,0.0,1.9599609375
2026-09-08,13,SNDK,long,-0.39990234375,0.0,-0.39990234375
2026-09-08,15,SNDK,long,-4.64501953125,0.0,-4.64501953125
2026-09-08,15,SNDK,long,-0.49609375,0.0,-0.49609375
2026-09-08,15,SNDK,long,-4.9288330078125,0.0,-4.9288330078125
2026-09-08,15,SNDK,long,0.43994140625,0.0,0.43994140625
2026-09-09,9,SNDK,long,-7.442626953125,0.0,-7.442626953125
2026-09-09,9,SNDK,long,0.509765625,0.0,0.509765625
2026-09-09,13,SNDK,long,1.7650146484375,0.0,1.7650146484375
2026-09-09,14,SNDK,long,-15.380126953125,0.0,-15.380126953125
2026-09-09,14,SNDK,long,0.25,0.0,0.25
2026-09-09,14,SNDK,long,-2.5400390625,0.0,-2.5400390625
2026-09-09,14,SNDK,long,-0.499755859375,0.0,-0.499755859375
2026-09-09,14,SNDK,long,0.2449951171875,0.0,0.2449951171875
2026-09-09,14,SNDK,long,0.0050048828125,0.0,0.0050048828125
2026-09-09,14,SNDK,long,3.7049560546875,0.0,3.7049560546875
2026-09-09,14,SNDK,long,-0.39501953125,0.0,-0.39501953125
2026-09-09,14,SNDK,long,0.27001953125,0.0,0.27001953125
2026-09-09,14,SNDK,long,-0.10595703125,0.0,-0.10595703125
2026-09-09,14,SNDK,long,-1.8240966796875,0.0,-1.8240966796875
2026-09-09,14,SNDK,long,0.1790771484375,0.0,0.1790771484375
2026-09-09,14,SNDK,long,-3.3590087890625,0.0,-3.3590087890625
2026-09-09,14,SNDK,long,-0.469970703125,0.0,-0.469970703125
2026-09-09,14,SNDK,long,0.7598876953125,0.0,0.7598876953125
2026-09-10,9,SNDK,long,-2.4549560546875,0.0,-2.4549560546875
2026-09-10,9,SNDK,long,0.5150146484375,0.0,0.5150146484375
2026-09-10,10,SNDK,long,-1.5,0.0,-1.5
2026-09-10,10,SNDK,long,-13.965087890625,0.0,-13.965087890625
2026-09-10,10,SNDK,long,-2.3997802734375,0.0,-2.3997802734375
2026-09-10,10,SNDK,long,-0.7650146484375,0.0,-0.7650146484375
2026-09-10,10,SNDK,long,-4.2451171875,0.0,-4.2451171875
2026-09-10,10,SNDK,long,28.989990234375,0.0,28.989990234375
2026-09-10,10,SNDK,long,-1.199951171875,0.0,-1.199951171875
2026-09-10,10,SNDK,long,3.3787841796875,0.0,3.3787841796875
2026-09-10,10,SNDK,long,0.0694580078125,0.0,0.0694580078125
2026-09-10,10,SNDK,long,-4.018310546875,0.0,-4.018310546875
2026-09-10,10,SNDK,long,0.0350341796875,0.0,0.0350341796875
2026-09-10,10,SNDK,long,-3.998291015625,0.0,-3.998291015625
2026-09-10,10,SNDK,long,-0.3900146484375,0.0,-0.3900146484375
2026-09-10,10,SNDK,long,-1.625,0.0,-1.625
2026-09-10,10,SNDK,long,0.22998046875,0.0,0.22998046875
2026-09-10,10,SNDK,long,0.179931640625,0.0,0.179931640625
2026-09-10,10,SNDK,long,0.7950439453125,0.0,0.7950439453125
2026-09-10,11,SNDK,long,4.04345703125,0.0,4.04345703125
2026-09-10,11,SNDK,long,-0.2816162109375,0.0,-0.2816162109375
2026-09-10,11,SNDK,long,7.619873046875,0.0,7.619873046875
2026-09-10,11,SNDK,long,0.280029296875,0.0,0.280029296875
2026-09-10,11,SNDK,long,-15.7099609375,0.0,-15.7099609375
2026-09-10,11,SNDK,long,-0.18994140625,0.0,-0.18994140625
2026-09-10,11,SNDK,long,-0.8450927734375,0.0,-0.8450927734375
2026-09-10,11,SNDK,long,0.3192138671875,0.0,0.3192138671875
2026-09-10,11,SNDK,long,1.01171875,0.0,1.01171875
2026-09-10,11,SNDK,long,-0.97998046875,0.0,-0.97998046875
2026-09-10,11,SNDK,long,-0.300048828125,0.0,-0.300048828125
2026-09-10,11,SNDK,long,-0.1201171875,0.0,-0.1201171875
2026-09-10,11,SNDK,long,1.89501953125,0.0,1.89501953125
2026-09-10,11,SNDK,long,0.0400390625,0.0,0.0400390625
2026-09-10,11,SNDK,long,3.31005859375,0.0,3.31005859375
2026-09-10,11,SNDK,long,-0.06005859375,0.0,-0.06005859375
2026-09-10,11,SNDK,long,-0.3447265625,0.0,-0.3447265625
2026-09-10,11,SNDK,long,-0.262939453125,0.0,-0.262939453125
2026-09-10,11,SNDK,long,-1.9500732421875,0.0,-1.9500732421875
2026-09-10,12,SNDK,long,2.5,0.0,2.5
2026-09-10,12,SNDK,long,-0.300048828125,0.0,-0.300048828125
2026-09-10,12,SNDK,long,-1.559814453125,0.0,-1.559814453125
2026-09-10,12,SNDK,long,-0.77001953125,0.0,-0.77001953125
2026-09-10,12,SNDK,long,-4.7349853515625,0.0,-4.7349853515625
2026-09-10,12,SNDK,long,0.3900146484375,0.0,0.3900146484375
2026-09-10,12,SNDK,long,-0.41015625,0.0,-0.41015625
2026-09-10,12,SNDK,long,0.260009765625,0.0,0.260009765625
2026-09-10,12,SNDK,long,-23.7564697265625,0.0,-23.7564697265625
2026-09-10,12,SNDK,long,0.521484375,0.0,0.521484375
2026-09-10,12,SNDK,long,-4.3798828125,0.0,-4.3798828125
2026-09-10,12,SNDK,long,-0.60009765625,0.0,-0.60009765625
2026-09-10,12,SNDK,long,-1.47998046875,0.0,-1.47998046875
2026-09-10,12,SNDK,long,0.85986328125,0.0,0.85986328125
2026-09-10,12,SNDK,long,-4.2099609375,0.0,-4.2099609375
2026-09-10,12,SNDK,long,-0.3199462890625,0.0,-0.3199462890625
2026-09-10,12,SNDK,long,2.5587158203125,0.0,2.5587158203125
2026-09-10,12,SNDK,long,0.7811279296875,0.0,0.7811279296875
2026-09-10,12,SNDK,long,1.91015625,0.0,1.91015625
2026-09-10,12,SNDK,long,1.0799560546875,0.0,1.0799560546875
2026-09-10,12,SNDK,long,-2.050048828125,0.0,-2.050048828125
2026-09-10,12,SNDK,long,0.280029296875,0.0,0.280029296875
2026-09-10,12,SNDK,long,7.9749755859375,0.0,7.9749755859375
2026-09-10,12,SNDK,long,0.280029296875,0.0,0.280029296875
2026-09-10,13,SNDK,long,1.550048828125,0.0,1.550048828125
2026-09-10,13,SNDK,long,-0.35498046875,0.0,-0.35498046875
2026-09-10,13,SNDK,long,1.909912109375,0.0,1.909912109375
2026-09-10,13,SNDK,long,-0.0250244140625,0.0,-0.0250244140625
2026-09-10,13,SNDK,long,4.6800537109375,0.0,4.6800537109375
2026-09-10,13,SNDK,long,-0.1300048828125,0.0,-0.1300048828125
2026-09-10,13,SNDK,long,-1.469970703125,0.0,-1.469970703125
2026-09-10,13,SNDK,long,0.1199951171875,0.0,0.1199951171875
2026-09-10,13,SNDK,long,2.52001953125,0.0,2.52001953125
2026-09-10,13,SNDK,long,0.070068359375,0.0,0.070068359375
2026-09-10,13,SNDK,long,-1.8701171875,0.0,-1.8701171875
2026-09-10,13,SNDK,long,-0.47998046875,0.0,-0.47998046875
2026-09-10,13,SNDK,long,10.6201171875,0.0,10.6201171875
2026-09-10,13,SNDK,long,0.929443359375,0.0,0.929443359375
2026-09-10,13,SNDK,long,-5.7894287109375,0.0,-5.7894287109375
2026-09-10,13,SNDK,long,1.4849853515625,0.0,1.4849853515625
2026-09-10,13,SNDK,long,-0.375,0.0,-0.375
2026-09-10,13,SNDK,long,-0.960205078125,0.0,-0.960205078125
2026-09-10,13,SNDK,long,2.781005859375,0.0,2.781005859375
2026-09-10,13,SNDK,long,1.0440673828125,0.0,1.0440673828125
2026-09-10,13,SNDK,long,-0.0146484375,0.0,-0.0146484375
2026-09-10,13,SNDK,long,2.9666748046875,0.0,2.9666748046875
2026-09-10,13,SNDK,long,14.1328125,0.0,14.1328125
2026-09-10,13,SNDK,long,0.900146484375,0.0,0.900146484375
2026-09-10,14,SNDK,long,4.179931640625,0.0,4.179931640625
2026-09-10,14,SNDK,long,-0.199951171875,0.0,-0.199951171875
2026-09-10,14,SNDK,long,-3.199951171875,0.0,-3.199951171875
2026-09-10,14,SNDK,long,0.719970703125,0.0,0.719970703125
2026-09-10,15,SNDK,long,-0.969970703125,0.0,-0.969970703125
2026-09-10,15,SNDK,long,-0.75,0.0,-0.75
2026-09-10,15,SNDK,long,-1.570068359375,0.0,-1.570068359375
2026-09-10,15,SNDK,long,-0.8349609375,0.0,-0.8349609375
2026-09-10,15,SNDK,long,-3.594970703125,0.0,-3.594970703125
2026-09-10,15,SNDK,long,-0.56005859375,0.0,-0.56005859375
2026-09-10,15,SNDK,long,-2.199951171875,0.0,-2.199951171875
2026-09-10,15,SNDK,long,0.074951171875,0.0,0.074951171875
2026-09-10,15,SNDK,long,1.93505859375,0.0,1.93505859375
2026-09-10,15,SNDK,long,0.0599365234375,0.0,0.0599365234375
2026-09-11,9,SNDK,long,-165.5101318359375,0.0,-165.5101318359375
2026-09-11,9,SNDK,long,15.2105712890625,0.0,15.2105712890625
2026-09-11,9,SNDK,long,-56.2734375,0.0,-56.2734375
2026-09-11,9,SNDK,long,-5.946533203125,0.0,-5.946533203125
2026-09-11,9,SNDK,long,42.6898193359375,0.0,42.6898193359375
2026-09-11,9,SNDK,long,1.13525390625,0.0,1.13525390625
2026-09-11,9,SNDK,long,-14.7401123046875,0.0,-14.7401123046875
2026-09-11,9,SNDK,long,0.0201416015625,0.0,0.0201416015625
2026-09-11,10,SNDK,long,-14.455078125,0.0,-14.455078125
2026-09-11,10,SNDK,long,0.239990234375,0.0,0.239990234375
2026-09-11,10,SNDK,long,-21.10009765625,0.0,-21.10009765625
2026-09-11,10,SNDK,long,0.130126953125,0.0,0.130126953125
2026-09-11,10,SNDK,long,17.2275390625,0.0,17.2275390625
2026-09-11,10,SNDK,long,1.42236328125,0.0,1.42236328125
2026-09-11,10,SNDK,long,8.580078125,0.0,8.580078125
2026-09-11,10,SNDK,long,-0.2550048828125,0.0,-0.2550048828125
2026-09-11,10,SNDK,long,17.08984375,0.0,17.08984375
2026-09-11,10,SNDK,long,0.239990234375,0.0,0.239990234375
2026-09-11,10,SNDK,long,6.31005859375,0.0,6.31005859375
2026-09-11,10,SNDK,long,0.949951171875,0.0,0.949951171875
2026-09-11,10,SNDK,long,-13.5400390625,0.0,-13.5400390625
2026-09-11,10,SNDK,long,0.1201171875,0.0,0.1201171875
2026-09-11,10,SNDK,long,-3.3800048828125,0.0,-3.3800048828125
2026-09-11,10,SNDK,long,0.06005859375,0.0,0.06005859375
2026-09-11,10,SNDK,long,-10.489990234375,0.0,-10.489990234375
2026-09-11,10,SNDK,long,0.860107421875,0.0,0.860107421875
2026-09-11,10,SNDK,long,1.93994140625,0.0,1.93994140625
2026-09-11,10,SNDK,long,-0.93994140625,0.0,-0.93994140625
2026-09-11,10,SNDK,long,4.72998046875,0.0,4.72998046875
2026-09-11,10,SNDK,long,-2.7900390625,0.0,-2.7900390625
2026-09-11,11,SNDK,long,4.1900634765625,0.0,4.1900634765625
2026-09-11,11,SNDK,long,0.324951171875,0.0,0.324951171875
2026-09-11,11,SNDK,long,8.835205078125,0.0,8.835205078125
2026-09-11,11,SNDK,long,-1.335205078125,0.0,-1.335205078125
2026-09-11,11,SNDK,long,-14.3243408203125,0.0,-14.3243408203125
2026-09-11,11,SNDK,long,2.099609375,0.0,2.099609375
2026-09-11,11,SNDK,long,-31.0799560546875,0.0,-31.0799560546875
2026-09-11,11,SNDK,long,21.19482421875,0.0,21.19482421875
2026-09-11,11,SNDK,long,-0.9715576171875,0.0,-0.9715576171875
2026-09-11,11,SNDK,long,44.8193359375,0.0,44.8193359375
2026-09-11,11,SNDK,long,1.624755859375,0.0,1.624755859375
2026-09-11,11,SNDK,long,6.5252685546875,0.0,6.5252685546875
2026-09-11,11,SNDK,long,-9.5,0.0,-9.5
2026-09-11,11,SNDK,long,0.7998046875,0.0,0.7998046875
2026-09-11,11,SNDK,long,7.240234375,0.0,7.240234375
2026-09-11,11,SNDK,long,-1.39990234375,0.0,-1.39990234375
2026-09-11,11,SNDK,long,16.11962890625,0.0,16.11962890625
2026-09-11,11,SNDK,long,-2.47998046875,0.0,-2.47998046875
2026-09-11,11,SNDK,long,10.88037109375,0.0,10.88037109375
2026-09-11,11,SNDK,long,-0.60009765625,0.0,-0.60009765625
2026-09-11,11,SNDK,long,-54.659912109375,0.0,-54.659912109375
2026-09-11,12,SNDK,long,14.25,0.0,14.25
2026-09-11,12,SNDK,long,0.030029296875,0.0,0.030029296875
2026-09-11,12,SNDK,long,1.7498779296875,0.0,1.7498779296875
2026-09-11,12,SNDK,long,4.449462890625,0.0,4.449462890625
2026-09-11,12,SNDK,long,-36.3494873046875,0.0,-36.3494873046875
2026-09-11,12,SNDK,long,0.8001708984375,0.0,0.8001708984375
2026-09-11,12,SNDK,long,-17.650146484375,0.0,-17.650146484375
2026-09-11,12,SNDK,long,3.2501220703125,0.0,3.2501220703125
2026-09-11,12,SNDK,long,10.1495361328125,0.0,10.1495361328125
2026-09-11,12,SNDK,long,-1.925048828125,0.0,-1.925048828125
2026-09-11,12,SNDK,long,-3.7994384765625,0.0,-3.7994384765625
2026-09-11,12,SNDK,long,-1.9189453125,0.0,-1.9189453125
2026-09-11,12,SNDK,long,-26.88525390625,0.0,-26.88525390625
2026-09-11,12,SNDK,long,-0.15966796875,0.0,-0.15966796875
2026-09-11,12,SNDK,long,11.280029296875,0.0,11.280029296875
2026-09-11,12,SNDK,long,-0.900146484375,0.0,-0.900146484375
2026-09-11,12,SNDK,long,3.68017578125,0.0,3.68017578125
2026-09-11,12,SNDK,long,-1.7001953125,0.0,-1.7001953125
2026-09-11,12,SNDK,long,11.22021484375,0.0,11.22021484375
2026-09-11,12,SNDK,long,-0.02001953125,0.0,-0.02001953125
2026-09-11,12,SNDK,long,-21.2001953125,0.0,-21.2001953125
2026-09-11,12,SNDK,long,10.60546875,0.0,10.60546875
2026-09-11,12,SNDK,long,1.4996337890625,0.0,1.4996337890625
2026-09-11,13,SNDK,long,7.75390625,0.0,7.75390625
2026-09-11,13,SNDK,long,-1.7041015625,0.0,-1.7041015625
2026-09-11,13,SNDK,long,7.80029296875,0.0,7.80029296875
2026-09-11,13,SNDK,long,-0.588134765625,0.0,-0.588134765625
2026-09-11,13,SNDK,long,15.364990234375,0.0,15.364990234375
2026-09-11,13,SNDK,long,1.4752197265625,0.0,1.4752197265625
2026-09-11,13,SNDK,long,-14.9493408203125,0.0,-14.9493408203125
2026-09-11,13,SNDK,long,2.4493408203125,0.0,2.4493408203125
2026-09-11,13,SNDK,long,-3.60009765625,0.0,-3.60009765625
2026-09-11,13,SNDK,long,2.419921875,0.0,2.419921875
2026-09-11,13,SNDK,long,6.1051025390625,0.0,6.1051025390625
2026-09-11,13,SNDK,long,-25.890380859375,0.0,-25.890380859375
2026-09-11,13,SNDK,long,0.54638671875,0.0,0.54638671875
2026-09-11,13,SNDK,long,-4.086181640625,0.0,-4.086181640625
2026-09-11,13,SNDK,long,0.06005859375,0.0,0.06005859375
2026-09-11,13,SNDK,long,15.2001953125,0.0,15.2001953125
2026-09-11,13,SNDK,long,-1.9404296875,0.0,-1.9404296875
2026-09-11,13,SNDK,long,6.724853515625,0.0,6.724853515625
2026-09-11,13,SNDK,long,9.580078125,0.0,9.580078125
2026-09-11,13,SNDK,long,0.12939453125,0.0,0.12939453125
2026-09-11,13,SNDK,long,-11.961669921875,0.0,-11.961669921875
2026-09-11,13,SNDK,long,1.9000244140625,0.0,1.9000244140625
2026-09-11,14,SNDK,long,-9.919921875,0.0,-9.919921875
2026-09-11,14,SNDK,long,1.9599609375,0.0,1.9599609375
2026-09-11,14,SNDK,long,13.35986328125,0.0,13.35986328125
2026-09-11,14,SNDK,long,-1.419921875,0.0,-1.419921875
2026-09-11,14,SNDK,long,-22.109619140625,0.0,-22.109619140625
2026-09-11,14,SNDK,long,0.419677734375,0.0,0.419677734375
2026-09-11,14,SNDK,long,-6.9000244140625,0.0,-6.9000244140625
2026-09-11,14,SNDK,long,0.2752685546875,0.0,0.2752685546875
2026-09-11,14,SNDK,long,10.69970703125,0.0,10.69970703125
2026-09-11,14,SNDK,long,-0.580078125,0.0,-0.580078125
2026-09-11,14,SNDK,long,-11.77490234375,0.0,-11.77490234375
2026-09-11,14,SNDK,long,1.25,0.0,1.25
2026-09-11,14,SNDK,long,-1.77490234375,0.0,-1.77490234375
2026-09-11,14,SNDK,long,1.5753173828125,0.0,1.5753173828125
2026-09-11,14,SNDK,long,18.1500244140625,0.0,18.1500244140625
2026-09-11,14,SNDK,long,-7.05078125,0.0,-7.05078125
2026-09-11,14,SNDK,long,-1.8743896484375,0.0,-1.8743896484375
2026-09-11,14,SNDK,long,6.57177734375,0.0,6.57177734375
2026-09-11,14,SNDK,long,-0.751953125,0.0,-0.751953125
2026-09-11,14,SNDK,long,3.210205078125,0.0,3.210205078125
2026-09-11,14,SNDK,long,0.43505859375,0.0,0.43505859375
2026-09-11,14,SNDK,long,-8.835205078125,0.0,-8.835205078125
2026-09-11,14,SNDK,long,-0.719970703125,0.0,-0.719970703125
2026-09-11,15,SNDK,long,-3.5400390625,0.0,-3.5400390625
2026-09-11,15,SNDK,long,-0.0400390625,0.0,-0.0400390625
2026-09-11,15,SNDK,long,-6.1497802734375,0.0,-6.1497802734375
2026-09-11,15,SNDK,long,-0.4801025390625,0.0,-0.4801025390625
2026-09-11,15,SNDK,long,2.0,0.0,2.0
2026-09-11,15,SNDK,long,0.5400390625,0.0,0.5400390625
2026-09-11,15,SNDK,long,-10.21240234375,0.0,-10.21240234375
2026-09-11,15,SNDK,long,-0.4376220703125,0.0,-0.4376220703125
2026-09-11,15,SNDK,long,7.919921875,0.0,7.919921875
2026-09-11,15,SNDK,long,0.4599609375,0.0,0.4599609375
2026-09-11,15,SNDK,long,2.97705078125,0.0,2.97705078125
2026-09-11,15,SNDK,long,2.0830078125,0.0,2.0830078125
2026-09-11,15,SNDK,long,2.0,0.0,2.0
2026-09-11,15,SNDK,long,-0.72021484375,0.0,-0.72021484375
2026-09-11,15,SNDK,long,12.840087890625,0.0,12.840087890625
2026-09-11,15,SNDK,long,-2.8798828125,0.0,-2.8798828125
2026-09-11,15,SNDK,long,-9.93017578125,0.0,-9.93017578125
2026-09-11,15,SNDK,long,3.77001953125,0.0,3.77001953125
2026-09-11,15,SNDK,long,-0.280029296875,0.0,-0.280029296875
2026-09-11,15,SNDK,long,2.1602783203125,0.0,2.1602783203125
2026-09-11,15,SNDK,long,2.1298828125,0.0,2.1298828125
2026-09-11,15,SNDK,long,-0.93017578125,0.0,-0.93017578125
2026-09-11,15,SNDK,long,-4.19970703125,0.0,-4.19970703125
2026-09-14,10,SNDK,long,4.3648681640625,0.0,4.3648681640625
2026-09-14,10,SNDK,long,0.6199951171875,0.0,0.6199951171875
2026-09-14,10,SNDK,long,7.500244140625,0.0,7.500244140625
2026-09-14,10,SNDK,long,-0.190185546875,0.0,-0.190185546875
2026-09-14,10,SNDK,long,-6.8914794921875,0.0,-6.8914794921875
2026-09-14,10,SNDK,long,-0.7635498046875,0.0,-0.7635498046875
2026-09-14,10,SNDK,long,-5.8948974609375,0.0,-5.8948974609375
2026-09-14,10,SNDK,long,1.469970703125,0.0,1.469970703125
2026-09-14,10,SNDK,long,-9.525146484375,0.0,-9.525146484375
2026-09-14,10,SNDK,long,0.6002197265625,0.0,0.6002197265625
2026-09-14,10,SNDK,long,-8.6201171875,0.0,-8.6201171875
2026-09-14,10,SNDK,long,-0.25,0.0,-0.25
2026-09-14,10,SNDK,long,14.719970703125,0.0,14.719970703125
2026-09-14,10,SNDK,long,-1.309814453125,0.0,-1.309814453125
2026-09-14,10,SNDK,long,-8.090087890625,0.0,-8.090087890625
2026-09-14,10,SNDK,long,-0.94482421875,0.0,-0.94482421875
2026-09-14,10,SNDK,long,-17.3734130859375,0.0,-17.3734130859375
2026-09-14,10,SNDK,long,-0.844482421875,0.0,-0.844482421875
2026-09-14,11,SNDK,long,9.8624267578125,0.0,9.8624267578125
2026-09-14,11,SNDK,long,-0.5247802734375,0.0,-0.5247802734375
2026-09-14,11,SNDK,long,-32.1903076171875,0.0,-32.1903076171875
2026-09-14,11,SNDK,long,-0.4647216796875,0.0,-0.4647216796875
2026-09-14,11,SNDK,long,-2.7001953125,0.0,-2.7001953125
2026-09-14,11,SNDK,long,3.52001953125,0.0,3.52001953125
2026-09-14,11,SNDK,long,-2.5499267578125,0.0,-2.5499267578125
2026-09-14,11,SNDK,long,-0.2001953125,0.0,-0.2001953125
2026-09-14,11,SNDK,long,-2.5,0.0,-2.5
2026-09-14,11,SNDK,long,-7.83984375,0.0,-7.83984375
2026-09-14,11,SNDK,long,0.7197265625,0.0,0.7197265625
2026-09-14,11,SNDK,long,42.72021484375,0.0,42.72021484375
2026-09-14,11,SNDK,long,32.240234375,0.0,32.240234375
2026-09-14,11,SNDK,long,1.8798828125,0.0,1.8798828125
2026-09-14,11,SNDK,long,-26.6201171875,0.0,-26.6201171875
2026-09-14,11,SNDK,long,0.85986328125,0.0,0.85986328125
2026-09-14,11,SNDK,long,0.330322265625,0.0,0.330322265625
2026-09-14,11,SNDK,long,1.4549560546875,0.0,1.4549560546875
2026-09-14,11,SNDK,long,-29.115234375,0.0,-29.115234375
2026-09-14,11,SNDK,long,-0.0450439453125,0.0,-0.0450439453125
2026-09-14,11,SNDK,long,-6.854736328125,0.0,-6.854736328125
2026-09-14,12,SNDK,long,12.646728515625,0.0,12.646728515625
2026-09-14,12,SNDK,long,-0.514892578125,0.0,-0.514892578125
2026-09-14,12,SNDK,long,-11.1719970703125,0.0,-11.1719970703125
2026-09-14,12,SNDK,long,0.81005859375,0.0,0.81005859375
2026-09-14,12,SNDK,long,-7.5400390625,0.0,-7.5400390625
2026-09-14,12,SNDK,long,0.52001953125,0.0,0.52001953125
2026-09-14,12,SNDK,long,24.840087890625,0.0,24.840087890625
2026-09-14,12,SNDK,long,-1.6201171875,0.0,-1.6201171875
2026-09-14,12,SNDK,long,17.719970703125,0.0,17.719970703125
2026-09-14,12,SNDK,long,-0.919921875,0.0,-0.919921875
2026-09-14,12,SNDK,long,2.3798828125,0.0,2.3798828125
2026-09-14,12,SNDK,long,0.14013671875,0.0,0.14013671875
2026-09-14,12,SNDK,long,2.9200439453125,0.0,2.9200439453125
2026-09-14,12,SNDK,long,-0.364990234375,0.0,-0.364990234375
2026-09-14,12,SNDK,long,2.35986328125,0.0,2.35986328125
2026-09-14,12,SNDK,long,0.030029296875,0.0,0.030029296875
2026-09-14,12,SNDK,long,0.7049560546875,0.0,0.7049560546875
2026-09-14,12,SNDK,long,0.1494140625,0.0,0.1494140625
2026-09-14,12,SNDK,long,2.110595703125,0.0,2.110595703125
2026-09-14,12,SNDK,long,0.4849853515625,0.0,0.4849853515625
2026-09-14,13,SNDK,long,4.3900146484375,0.0,4.3900146484375
2026-09-14,13,SNDK,long,-0.3599853515625,0.0,-0.3599853515625
2026-09-14,13,SNDK,long,3.6400146484375,0.0,3.6400146484375
2026-09-14,13,SNDK,long,0.760009765625,0.0,0.760009765625
2026-09-14,14,SNDK,long,-0.776611328125,0.0,-0.776611328125
2026-09-14,14,SNDK,long,0.3216552734375,0.0,0.3216552734375
2026-09-14,14,SNDK,long,1.6700439453125,0.0,1.6700439453125
2026-09-14,14,SNDK,long,-0.6800537109375,0.0,-0.6800537109375
2026-09-14,14,SNDK,long,-1.3179931640625,0.0,-1.3179931640625
2026-09-14,14,SNDK,long,0.248046875,0.0,0.248046875
2026-09-14,14,SNDK,long,-0.080078125,0.0,-0.080078125
2026-09-14,14,SNDK,long,-0.4749755859375,0.0,-0.4749755859375
2026-09-14,14,SNDK,long,2.9312744140625,0.0,2.9312744140625
2026-09-14,14,SNDK,long,-0.2362060546875,0.0,-0.2362060546875
2026-09-14,15,SNDK,long,-2.5723876953125,0.0,-2.5723876953125
2026-09-14,15,SNDK,long,0.267333984375,0.0,0.267333984375
2026-09-14,15,SNDK,long,0.300048828125,0.0,0.300048828125
2026-09-14,15,SNDK,long,-0.06494140625,0.0,-0.06494140625
2026-09-14,15,SNDK,long,-5.580078125,0.0,-5.580078125
2026-09-14,15,SNDK,long,0.169921875,0.0,0.169921875
2026-09-14,15,SNDK,long,-6.639892578125,0.0,-6.639892578125
2026-09-14,15,SNDK,long,3.1199951171875,0.0,3.1199951171875
2026-09-14,15,SNDK,long,0.47998046875,0.0,0.47998046875
2026-09-14,15,SNDK,long,-2.3699951171875,0.0,-2.3699951171875
2026-09-14,15,SNDK,long,0.010009765625,0.0,0.010009765625
2026-09-14,15,SNDK,long,-1.530029296875,0.0,-1.530029296875
2026-09-14,15,SNDK,long,0.6800537109375,0.0,0.6800537109375
2026-09-14,15,SNDK,long,1.02001953125,0.0,1.02001953125
2026-09-14,15,SNDK,long,-0.840087890625,0.0,-0.840087890625
2026-09-14,15,SNDK,long,0.5599365234375,0.0,0.5599365234375
2026-09-14,15,SNDK,long,0.219970703125,0.0,0.219970703125
2026-09-14,15,SNDK,long,4.06005859375,0.0,4.06005859375
2026-09-14,15,SNDK,long,-0.0399169921875,0.0,-0.0399169921875
2026-08-31,9,TSLA,short,-119.0313720703125,0.0,-119.0313720703125
2026-08-31,9,TSLA,short,-13.0213623046875,0.0,-13.0213623046875
2026-08-31,9,TSLA,short,-60.0,0.0,-60.0
2026-08-31,9,TSLA,short,-108.00018310546875,0.0,-108.00018310546875
2026-08-31,9,TSLA,short,-28.41943359375,0.0,-28.41943359375
2026-08-31,9,TSLA,short,-3.045318603515625,0.0,-3.045318603515625
2026-08-31,10,TSLA,long,-4.875,0.0,-4.875
2026-08-31,10,TSLA,long,0.130126953125,0.0,0.130126953125
2026-08-31,10,TSLA,long,17.199737548828125,0.0,17.199737548828125
2026-08-31,10,TSLA,long,-5.5902099609375,0.0,-5.5902099609375
2026-08-31,10,TSLA,long,16.4346923828125,0.0,16.4346923828125
2026-08-31,10,TSLA,long,-1.384429931640625,0.0,-1.384429931640625
2026-08-31,10,TSLA,long,5.455078125,0.0,5.455078125
2026-08-31,10,TSLA,long,24.493103027345512,0.0,24.493103027345512
2026-08-31,10,TSLA,long,1.2402648925763629,0.0,1.2402648925763629
2026-08-31,10,TSLA,long,4.960113525390625,0.0,4.960113525390625
2026-08-31,10,TSLA,long,-1.8599243164044879,0.0,-1.8599243164044879
2026-08-31,10,TSLA,long,52.8955078125,0.0,52.8955078125
2026-08-31,10,TSLA,long,-0.3955078125,0.0,-0.3955078125
2026-08-31,10,TSLA,short,25.04638671875,0.0,25.04638671875
2026-08-31,10,TSLA,short,-0.56640625,0.0,-0.56640625
2026-08-31,11,TSLA,short,-24.96044921875,0.0,-24.96044921875
2026-08-31,11,TSLA,short,1.2802734375,0.0,1.2802734375
2026-08-31,11,TSLA,short,-10.39990234375,0.0,-10.39990234375
2026-08-31,11,TSLA,short,-0.240234375,0.0,-0.240234375
2026-08-31,11,TSLA,short,-0.780029296875,0.0,-0.780029296875
2026-08-31,11,TSLA,short,-0.3299560546875,0.0,-0.3299560546875
2026-08-31,12,TSLA,short,19.799926757811818,0.0,19.799926757811818
2026-08-31,12,TSLA,short,-0.5998535156243179,0.0,-0.5998535156243179
2026-08-31,12,TSLA,short,18.215728759765625,0.0,18.215728759765625
2026-08-31,12,TSLA,short,-0.23095703125,0.0,-0.23095703125
2026-08-31,12,TSLA,short,-12.3199462890625,0.0,-12.3199462890625
2026-08-31,12,TSLA,short,0.16180419921875,0.0,0.16180419921875
2026-08-31,12,TSLA,short,-16.09710693359432,0.0,-16.09710693359432
2026-08-31,12,TSLA,short,3.9600219726567616,0.0,3.9600219726567616
2026-08-31,12,TSLA,short,-0.179901123046875,0.0,-0.179901123046875
2026-08-31,12,TSLA,long,-8.750152587889204,0.0,-8.750152587889204
2026-08-31,12,TSLA,long,0.9880065917954539,0.0,0.9880065917954539
2026-08-31,12,TSLA,long,-15.73974609375,0.0,-15.73974609375
2026-08-31,12,TSLA,long,0.419769287109375,0.0,0.419769287109375
2026-08-31,12,TSLA,long,-6.5997314453125,0.0,-6.5997314453125
2026-08-31,12,TSLA,long,-0.5999755859375,0.0,-0.5999755859375
2026-08-31,12,TSLA,long,-1.055908203125,0.0,-1.055908203125
2026-08-31,12,TSLA,long,-1.143798828125,0.0,-1.143798828125
2026-08-31,12,TSLA,long,5.1995849609375,0.0,5.1995849609375
2026-08-31,12,TSLA,long,1.0003662109386369,0.0,1.0003662109386369
2026-08-31,12,TSLA,long,10.25958251953017,0.0,10.25958251953017
2026-08-31,12,TSLA,long,-0.94976806640517,0.0,-0.94976806640517
2026-08-31,12,TSLA,long,8.100219726561477,0.0,8.100219726561477
2026-08-31,12,TSLA,long,-1.2601318359364768,0.0,-1.2601318359364768
2026-08-31,13,TSLA,long,4.229736328125,0.0,4.229736328125
2026-08-31,13,TSLA,long,-0.4498901367197732,0.0,-0.4498901367197732
2026-08-31,13,TSLA,long,-12.240020751953125,0.0,-12.240020751953125
2026-08-31,13,TSLA,long,0.509979248046875,0.0,0.509979248046875
2026-08-31,13,TSLA,short,4.124908447265625,0.0,4.124908447265625
2026-08-31,13,TSLA,short,0.0732421875,0.0,0.0732421875
2026-08-31,13,TSLA,short,11.2716064453125,0.0,11.2716064453125
2026-08-31,13,TSLA,short,0.3486328125,0.0,0.3486328125
2026-08-31,13,TSLA,short,8.972442626953125,0.0,8.972442626953125
2026-08-31,13,TSLA,short,1.1497192382799426,0.0,1.1497192382799426
2026-08-31,13,TSLA,short,-27.359619140623636,0.0,-27.359619140623636
2026-08-31,13,TSLA,short,-0.1201171875,0.0,-0.1201171875
2026-08-31,13,TSLA,short,-16.43994140625,0.0,-16.43994140625
2026-08-31,13,TSLA,short,-5.22015380859375,0.0,-5.22015380859375
2026-08-31,13,TSLA,short,-0.35980224609375,0.0,-0.35980224609375
2026-08-31,13,TSLA,short,-5.22015380859375,0.0,-5.22015380859375
2026-08-31,13,TSLA,short,0.18017578125,0.0,0.18017578125
2026-08-31,13,TSLA,short,-12.580352783203125,0.0,-12.580352783203125
2026-08-31,14,TSLA,short,-1.24969482421875,0.0,-1.24969482421875
2026-08-31,14,TSLA,short,0.249481201171875,0.0,0.249481201171875
2026-08-31,14,TSLA,short,17.75054931640483,0.0,17.75054931640483
2026-08-31,14,TSLA,short,8.625030517579546,0.0,8.625030517579546
2026-08-31,14,TSLA,short,-0.624847412109375,0.0,-0.624847412109375
2026-08-31,14,TSLA,short,-7.250213623046875,0.0,-7.250213623046875
2026-08-31,14,TSLA,short,-1.122283935548296,0.0,-1.122283935548296
2026-08-31,14,TSLA,short,0.9572753906263642,0.0,0.9572753906263642
2026-08-31,14,TSLA,short,5.877685546875,0.0,5.877685546875
2026-08-31,14,TSLA,short,0.002197265625,0.0,0.002197265625
2026-08-31,14,TSLA,short,-2.297332763671875,0.0,-2.297332763671875
2026-08-31,14,TSLA,short,2.067108154296875,0.0,2.067108154296875
2026-08-31,14,TSLA,short,25.080322265625,0.0,25.080322265625
2026-08-31,14,TSLA,short,14.27984619140625,0.0,14.27984619140625
2026-08-31,14,TSLA,short,0.5248718261706813,0.0,0.5248718261706813
2026-08-31,14,TSLA,short,-5.984436035155056,0.0,-5.984436035155056
2026-08-31,14,TSLA,short,0.629974365234375,0.0,0.629974365234375
2026-08-31,14,TSLA,short,-3.570281982421875,0.0,-3.570281982421875
2026-08-31,14,TSLA,short,1.2017822265625,0.0,1.2017822265625
2026-08-31,14,TSLA,short,0.6982421875,0.0,0.6982421875
2026-08-31,15,TSLA,short,1.4701538085929542,0.0,1.4701538085929542
2026-08-31,15,TSLA,short,0.2798461914070458,0.0,0.2798461914070458
2026-08-31,15,TSLA,short,0.983642578125,0.0,0.983642578125
2026-08-31,15,TSLA,short,0.021331787109375,0.0,0.021331787109375
2026-08-31,15,TSLA,short,1.1400146484375,0.0,1.1400146484375
2026-08-31,15,TSLA,short,-0.12002563476579553,0.0,-0.12002563476579553
2026-08-31,15,TSLA,short,-4.049987792968466,0.0,-4.049987792968466
2026-08-31,15,TSLA,short,-0.099945068359375,0.0,-0.099945068359375
2026-08-31,15,TSLA,short,-0.580078125,0.0,-0.580078125
2026-08-31,15,TSLA,short,0.1400146484375,0.0,0.1400146484375
2026-09-01,9,TSLA,long,16.125030517578125,0.0,16.125030517578125
2026-09-01,9,TSLA,long,0.22491455078125,0.0,0.22491455078125
2026-09-01,9,TSLA,long,2.240234374998181,0.0,2.240234374998181
2026-09-01,9,TSLA,long,1.277343750001819,0.0,1.277343750001819
2026-09-01,10,TSLA,long,12.1519775390625,0.0,12.1519775390625
2026-09-01,10,TSLA,long,1.350494384765625,0.0,1.350494384765625
2026-09-01,10,TSLA,long,-8.83990478515625,0.0,-8.83990478515625
2026-09-01,10,TSLA,long,0.130126953125,0.0,0.130126953125
2026-09-01,10,TSLA,long,21.44989013671875,0.0,21.44989013671875
2026-09-01,10,TSLA,long,0.14923095703125,0.0,0.14923095703125
2026-09-01,10,TSLA,long,-4.3524169921875,0.0,-4.3524169921875
2026-09-01,10,TSLA,long,-1.79718017578125,0.0,-1.79718017578125
2026-09-01,10,TSLA,long,-8.39996337890625,0.0,-8.39996337890625
2026-09-01,10,TSLA,long,0.89996337890625,0.0,0.89996337890625
2026-09-01,10,TSLA,long,-6.375,0.0,-6.375
2026-09-01,10,TSLA,long,-0.765228271484375,0.0,-0.765228271484375
2026-09-01,10,TSLA,long,0.765228271484375,0.0,0.765228271484375
2026-09-01,10,TSLA,long,9.60504150390625,0.0,9.60504150390625
2026-09-01,10,TSLA,long,-5.35504150390625,0.0,-5.35504150390625
2026-09-01,10,TSLA,long,0.765228271484375,0.0,0.765228271484375
2026-09-01,10,TSLA,long,12.89605712890625,0.0,12.89605712890625
2026-09-01,10,TSLA,long,0.10394287109375,0.0,0.10394287109375
2026-09-01,10,TSLA,long,-16.2506103515625,0.0,-16.2506103515625
2026-09-01,10,TSLA,long,-0.99945068359375,0.0,-0.99945068359375
2026-09-01,10,TSLA,long,-12.000274658203125,0.0,-12.000274658203125
2026-09-01,10,TSLA,long,-0.4302978515625,0.0,-0.4302978515625
2026-09-01,11,TSLA,long,-8.70703125,0.0,-8.70703125
2026-09-01,11,TSLA,long,-0.359619140625,0.0,-0.359619140625
2026-09-01,11,TSLA,short,-0.8800048828125,0.0,-0.8800048828125
2026-09-01,11,TSLA,short,-0.05999755859375,0.0,-0.05999755859375
2026-09-01,11,TSLA,short,8.625030517578125,0.0,8.625030517578125
2026-09-01,11,TSLA,short,25.430419921875,0.0,25.430419921875
2026-09-01,11,TSLA,short,1.329345703125,0.0,1.329345703125
2026-09-01,11,TSLA,long,-1.26483154296875,0.0,-1.26483154296875
2026-09-01,11,TSLA,short,-0.6400146484375,0.0,-0.6400146484375
2026-09-01,11,TSLA,short,0.01025390625,0.0,0.01025390625
2026-09-01,12,TSLA,short,-0.219879150390625,0.0,-0.219879150390625
2026-09-01,12,TSLA,short,-0.110107421875,0.0,-0.110107421875
2026-09-01,12,TSLA,short,7.590362548828125,0.0,7.590362548828125
2026-09-01,12,TSLA,short,-0.66064453125,0.0,-0.66064453125
2026-09-01,12,TSLA,short,6.21002197265625,0.0,6.21002197265625
2026-09-01,12,TSLA,short,-0.26971435546875,0.0,-0.26971435546875
2026-09-01,12,TSLA,short,4.759979248046875,0.0,4.759979248046875
2026-09-01,12,TSLA,short,0.475738525390625,0.0,0.475738525390625
2026-09-01,12,TSLA,short,12.672088623046875,0.0,12.672088623046875
2026-09-01,12,TSLA,short,0.54986572265625,0.0,0.54986572265625
2026-09-01,12,TSLA,long,5.1844482421875,0.0,5.1844482421875
2026-09-01,12,TSLA,long,-3.1055908203125,0.0,-3.1055908203125
2026-09-01,12,TSLA,short,-7.8399658203125,0.0,-7.8399658203125
2026-09-01,12,TSLA,short,0.00128173828125,0.0,0.00128173828125
2026-09-01,12,TSLA,short,-6.09722900390625,0.0,-6.09722900390625
2026-09-01,12,TSLA,short,0.914306640625,0.0,0.914306640625
2026-09-01,12,TSLA,short,46.1162109375,0.0,46.1162109375
2026-09-01,12,TSLA,short,-2.385711669921875,0.0,-2.385711669921875
2026-09-01,13,TSLA,short,13.7607421875,0.0,13.7607421875
2026-09-01,13,TSLA,short,1.279296875,0.0,1.279296875
2026-09-01,13,TSLA,short,13.800140380859375,0.0,13.800140380859375
2026-09-01,13,TSLA,short,0.689971923828125,0.0,0.689971923828125
2026-09-01,13,TSLA,long,1.379974365234375,0.0,1.379974365234375
2026-09-01,13,TSLA,long,0.14849853515625,0.0,0.14849853515625
2026-09-01,13,TSLA,long,0.791015625,0.0,0.791015625
2026-09-01,13,TSLA,long,0.07000732421875,0.0,0.07000732421875
2026-09-01,13,TSLA,long,-0.115020751953125,0.0,-0.115020751953125
2026-09-01,13,TSLA,short,0.2142333984375,0.0,0.2142333984375
2026-09-01,13,TSLA,short,1.14971923828125,0.0,1.14971923828125
2026-09-01,13,TSLA,short,0.47607421875,0.0,0.47607421875
2026-09-01,13,TSLA,short,-6.23583984375,0.0,-6.23583984375
2026-09-01,13,TSLA,short,-2.345123291015625,0.0,-2.345123291015625
2026-09-01,13,TSLA,short,12.6851806640625,0.0,12.6851806640625
2026-09-01,13,TSLA,short,1.409942626953125,0.0,1.409942626953125
2026-09-01,13,TSLA,short,-3.599853515625,0.0,-3.599853515625
2026-09-01,13,TSLA,short,-1.1999511718738631,0.0,-1.1999511718738631
2026-09-01,13,TSLA,short,12.995056152342443,0.0,12.995056152342443
2026-09-01,13,TSLA,short,0.574859619140625,0.0,0.574859619140625
2026-09-01,13,TSLA,short,0.780029296875,0.0,0.780029296875
2026-09-01,13,TSLA,short,-0.24005126953125,0.0,-0.24005126953125
2026-09-01,14,TSLA,short,-0.689666748046875,0.0,-0.689666748046875
2026-09-01,14,TSLA,short,-0.000274658203125,0.0,-0.000274658203125
2026-09-01,14,TSLA,short,21.79248046875,0.0,21.79248046875
2026-09-01,14,TSLA,short,-0.3223876953125,0.0,-0.3223876953125
2026-09-01,14,TSLA,short,0.43994140625,0.0,0.43994140625
2026-09-01,14,TSLA,short,21.5596923828125,0.0,21.5596923828125
2026-09-01,14,TSLA,long,-0.7000732421875,0.0,-0.7000732421875
2026-09-01,14,TSLA,long,0.149993896484375,0.0,0.149993896484375
2026-09-01,14,TSLA,short,1.349945068359375,0.0,1.349945068359375
2026-09-01,14,TSLA,short,0.099945068359375,0.0,0.099945068359375
2026-09-01,14,TSLA,short,-0.0799560546875,0.0,-0.0799560546875
2026-09-01,14,TSLA,short,3.570281982421875,0.0,3.570281982421875
2026-09-01,14,TSLA,short,0.83953857421875,0.0,0.83953857421875
2026-09-01,14,TSLA,short,4.830230712891819,0.0,4.830230712891819
2026-09-01,14,TSLA,short,-0.8401794433605687,0.0,-0.8401794433605687
2026-09-01,14,TSLA,short,22.050384521484375,0.0,22.050384521484375
2026-09-01,14,TSLA,short,-0.629974365234375,0.0,-0.629974365234375
2026-09-01,14,TSLA,long,31.26495361328125,0.0,31.26495361328125
2026-09-01,14,TSLA,long,-1.848724365234375,0.0,-1.848724365234375
2026-09-01,14,TSLA,long,-0.2001953125,0.0,-0.2001953125
2026-09-01,15,TSLA,long,3.960205078125,0.0,3.960205078125
2026-09-01,15,TSLA,long,0.199951171875,0.0,0.199951171875
2026-09-01,15,TSLA,short,-0.96002197265625,0.0,-0.96002197265625
2026-09-01,15,TSLA,long,-8.16015625,0.0,-8.16015625
2026-09-01,15,TSLA,long,0.56005859375,0.0,0.56005859375
2026-09-01,15,TSLA,long,59.628936767578125,0.0,59.628936767578125
2026-09-01,15,TSLA,long,-14.52008056640625,0.0,-14.52008056640625
2026-09-01,15,TSLA,long,-1.97991943359375,0.0,-1.97991943359375
2026-09-01,15,TSLA,long,-1.6998291015625,0.0,-1.6998291015625
2026-09-01,15,TSLA,long,0.29998779296875,0.0,0.29998779296875
2026-09-02,9,TSLA,short,17.6199951171875,0.0,17.6199951171875
2026-09-02,9,TSLA,short,0.1112060546875,0.0,0.1112060546875
2026-09-02,9,TSLA,long,-141.71539306641142,0.0,-141.71539306641142
2026-09-02,9,TSLA,long,-5.451446533197952,0.0,-5.451446533197952
2026-09-02,9,TSLA,long,60.97024536132432,0.0,60.97024536132432
2026-09-02,9,TSLA,long,6.7004089355506835,0.0,6.7004089355506835
2026-09-02,9,TSLA,long,29.930450439453125,0.0,29.930450439453125
2026-09-02,10,TSLA,long,-23.60107421875,0.0,-23.60107421875
2026-09-02,10,TSLA,long,-2.799072265625,0.0,-2.799072265625
2026-09-02,10,TSLA,long,-4.612335205078125,0.0,-4.612335205078125
2026-09-02,10,TSLA,long,0.55157470703125,0.0,0.55157470703125
2026-09-02,10,TSLA,long,45.508331298828125,0.0,45.508331298828125
2026-09-02,10,TSLA,long,6.362335205078125,0.0,6.362335205078125
2026-09-02,10,TSLA,long,50.374267578125,0.0,50.374267578125
2026-09-02,10,TSLA,long,-0.6345214843776148,0.0,-0.6345214843776148
2026-09-02,10,TSLA,long,81.84539794922131,0.0,81.84539794922131
2026-09-02,10,TSLA,long,12.5201416015625,0.0,12.5201416015625
2026-09-02,10,TSLA,long,0.256195068359375,0.0,0.256195068359375
2026-09-02,10,TSLA,long,16.1982421875,0.0,16.1982421875
2026-09-02,10,TSLA,long,1.44140625,0.0,1.44140625
2026-09-02,10,TSLA,long,14.038330078125,0.0,14.038330078125
2026-09-02,10,TSLA,long,10.39508056640625,0.0,10.39508056640625
2026-09-02,10,TSLA,long,-0.989959716796875,0.0,-0.989959716796875
2026-09-02,10,TSLA,long,24.090362548828125,0.0,24.090362548828125
2026-09-02,10,TSLA,long,-0.643524169921875,0.0,-0.643524169921875
2026-09-02,10,TSLA,long,-74.596435546875,0.0,-74.596435546875
2026-09-02,10,TSLA,long,-125.9912109375,0.0,-125.9912109375
2026-09-02,10,TSLA,long,2.2412109375,0.0,2.2412109375
2026-09-02,11,TSLA,long,-109.02554321289062,0.0,-109.02554321289062
2026-09-02,11,TSLA,long,-1.779022216796875,0.0,-1.779022216796875
2026-09-02,11,TSLA,long,194.85076904296875,0.0,194.85076904296875
2026-09-02,11,TSLA,long,0.45867919921875,0.0,0.45867919921875
2026-09-02,11,TSLA,long,24.909027099609375,0.0,24.909027099609375
2026-09-02,11,TSLA,long,0.160247802734375,0.0,0.160247802734375
2026-09-02,11,TSLA,long,29.9384765625,0.0,29.9384765625
2026-09-02,11,TSLA,long,4.127685546869998,0.0,4.127685546869998
2026-09-02,11,TSLA,long,41.561309814457616,0.0,41.561309814457616
2026-09-02,11,TSLA,long,0.711212158203125,0.0,0.711212158203125
2026-09-02,11,TSLA,short,-9.8038330078125,0.0,-9.8038330078125
2026-09-02,11,TSLA,short,-0.38037109375,0.0,-0.38037109375
2026-09-02,11,TSLA,short,24.98504638671875,0.0,24.98504638671875
2026-09-02,11,TSLA,short,-0.0950927734375,0.0,-0.0950927734375
2026-09-02,11,TSLA,long,36.8975830078125,0.0,36.8975830078125
2026-09-02,11,TSLA,long,-18.6202392578125,0.0,-18.6202392578125
2026-09-02,11,TSLA,long,0.80029296875,0.0,0.80029296875
2026-09-02,11,TSLA,long,2.022857666015625,0.0,2.022857666015625
2026-09-02,11,TSLA,long,-1.0777587890625,0.0,-1.0777587890625
2026-09-02,11,TSLA,short,13.9427490234375,0.0,13.9427490234375
2026-09-02,11,TSLA,short,-0.202880859375,0.0,-0.202880859375
2026-09-02,11,TSLA,long,8.55010986328125,0.0,8.55010986328125
2026-09-02,11,TSLA,long,-2.4114990234375,0.0,-2.4114990234375
2026-09-02,12,TSLA,long,-4.37750244140625,0.0,-4.37750244140625
2026-09-02,12,TSLA,long,0.17962646484375,0.0,0.17962646484375
2026-09-02,12,TSLA,long,3.06024169921875,0.0,3.06024169921875
2026-09-02,12,TSLA,long,0.17962646484375,0.0,0.17962646484375
2026-09-02,12,TSLA,short,-7.67034912109375,0.0,-7.67034912109375
2026-09-02,12,TSLA,short,-12.0,0.0,-12.0
2026-09-02,12,TSLA,short,-0.479736328125,0.0,-0.479736328125
2026-09-02,12,TSLA,short,1.19970703125,0.0,1.19970703125
2026-09-02,12,TSLA,short,0.06005859375,0.0,0.06005859375
2026-09-02,12,TSLA,short,4.454986572265625,0.0,4.454986572265625
2026-09-02,12,TSLA,short,-0.219879150390625,0.0,-0.219879150390625
2026-09-02,12,TSLA,short,2.650146484375,0.0,2.650146484375
2026-09-02,12,TSLA,short,8.493255615234375,0.0,8.493255615234375
2026-09-02,12,TSLA,short,0.281524658203125,0.0,0.281524658203125
2026-09-02,12,TSLA,long,-2.88006591796875,0.0,-2.88006591796875
2026-09-02,12,TSLA,long,0.17083740234375,0.0,0.17083740234375
2026-09-02,12,TSLA,short,-24.878143310546875,0.0,-24.878143310546875
2026-09-02,12,TSLA,short,0.852386474609375,0.0,0.852386474609375
2026-09-02,12,TSLA,short,-25.04974365234375,0.0,-25.04974365234375
2026-09-02,12,TSLA,short,3.00018310546875,0.0,3.00018310546875
2026-09-02,13,TSLA,short,14.879669189453125,0.0,14.879669189453125
2026-09-02,13,TSLA,short,-1.4124755859375,0.0,-1.4124755859375
2026-09-02,13,TSLA,long,1.171875,0.0,1.171875
2026-09-02,13,TSLA,short,11.48138427734375,0.0,11.48138427734375
2026-09-02,13,TSLA,short,1.136474609375,0.0,1.136474609375
2026-09-02,13,TSLA,long,1.129852294921875,0.0,1.129852294921875
2026-09-02,13,TSLA,long,1.48809814453125,0.0,1.48809814453125
2026-09-02,13,TSLA,short,11.49169921875,0.0,11.49169921875
2026-09-02,13,TSLA,short,0.9002685546875,0.0,0.9002685546875
2026-09-02,13,TSLA,long,4.700012207030682,0.0,4.700012207030682
2026-09-02,13,TSLA,long,3.281341552734375,0.0,3.281341552734375
2026-09-02,13,TSLA,long,-1.29888916015625,0.0,-1.29888916015625
2026-09-02,13,TSLA,long,-0.9241943359375,0.0,-0.9241943359375
2026-09-02,13,TSLA,long,0.06402587890625,0.0,0.06402587890625
2026-09-02,13,TSLA,long,-5.7601318359375,0.0,-5.7601318359375
2026-09-02,13,TSLA,long,-0.2398681640625,0.0,-0.2398681640625
2026-09-02,14,TSLA,long,0.53997802734375,0.0,0.53997802734375
2026-09-02,14,TSLA,long,0.53997802734375,0.0,0.53997802734375
2026-09-02,14,TSLA,short,-2.309906005859375,0.0,-2.309906005859375
2026-09-02,14,TSLA,short,-0.77008056640625,0.0,-0.77008056640625
2026-09-02,14,TSLA,short,0.4390869140625,0.0,0.4390869140625
2026-09-02,14,TSLA,short,3.751953125,0.0,3.751953125
2026-09-02,14,TSLA,short,-0.518798828125,0.0,-0.518798828125
2026-09-02,14,TSLA,short,-9.436431884765625,0.0,-9.436431884765625
2026-09-02,14,TSLA,short,9.60504150390625,0.0,9.60504150390625
2026-09-02,14,TSLA,long,-0.89996337890625,0.0,-0.89996337890625
2026-09-02,14,TSLA,long,0.06005859375,0.0,0.06005859375
2026-09-02,14,TSLA,long,0.0250244140625,0.0,0.0250244140625
2026-09-02,14,TSLA,long,-0.062103271484375,0.0,-0.062103271484375
2026-09-02,14,TSLA,long,4.305145263671875,0.0,4.305145263671875
2026-09-02,14,TSLA,long,0.209991455078125,0.0,0.209991455078125
2026-09-02,14,TSLA,short,-1.364837646484375,0.0,-1.364837646484375
2026-09-02,14,TSLA,short,0.034820556640625,0.0,0.034820556640625
2026-09-02,14,TSLA,short,3.780059814453125,0.0,3.780059814453125
2026-09-02,14,TSLA,short,0.139923095703125,0.0,0.139923095703125
2026-09-02,15,TSLA,long,-3.150054931640625,0.0,-3.150054931640625
2026-09-02,15,TSLA,long,0.089813232421875,0.0,0.089813232421875
2026-09-02,15,TSLA,long,8.02276611328125,0.0,8.02276611328125
2026-09-02,15,TSLA,long,0.257354736328125,0.0,0.257354736328125
2026-09-02,15,TSLA,short,-0.209991455078125,0.0,-0.209991455078125
2026-09-02,15,TSLA,short,0.029998779296875,0.0,0.029998779296875
2026-09-02,15,TSLA,long,0.260009765625,0.0,0.260009765625
2026-09-02,15,TSLA,long,-0.02001953125,0.0,-0.02001953125
2026-09-02,15,TSLA,long,0.25,0.0,0.25
2026-09-02,15,TSLA,long,0.07000732421863631,0.0,0.07000732421863631
2026-09-02,15,TSLA,long,1.2100219726563637,0.0,1.2100219726563637
2026-09-02,15,TSLA,long,-0.06982421875,0.0,-0.06982421875
2026-09-02,15,TSLA,long,0.739898681640625,0.0,0.739898681640625
2026-09-02,15,TSLA,long,0.010009765625,0.0,0.010009765625
2026-09-02,15,TSLA,long,1.410003662109375,0.0,1.410003662109375
2026-09-02,15,TSLA,long,0.01898193359375,0.0,0.01898193359375
2026-09-03,9,TSLA,short,-70.83969116211068,0.0,-70.83969116211068
2026-09-03,9,TSLA,short,74.69970703125,0.0,74.69970703125
2026-09-03,9,TSLA,short,-1.2002563476545447,0.0,-1.2002563476545447
2026-09-03,10,TSLA,long,-88.90835571288886,0.0,-88.90835571288886
2026-09-03,10,TSLA,long,-3.471984863283012,0.0,-3.471984863283012
2026-09-03,10,TSLA,long,36.469482421875,0.0,36.469482421875
2026-09-03,10,TSLA,long,3.549774169921875,0.0,3.549774169921875
2026-09-03,10,TSLA,long,296.0357666015625,0.0,296.0357666015625
2026-09-03,10,TSLA,long,-0.236297607421875,0.0,-0.236297607421875
2026-09-03,10,TSLA,long,99.78927612304688,0.0,99.78927612304688
2026-09-03,10,TSLA,long,-0.26019287109375,0.0,-0.26019287109375
2026-09-03,10,TSLA,long,-19.92333984375,0.0,-19.92333984375
2026-09-03,10,TSLA,long,133.10989379883307,0.0,133.10989379883307
2026-09-03,10,TSLA,long,0.870849609375,0.0,0.870849609375
2026-09-03,10,TSLA,long,29.14425659179193,0.0,29.14425659179193
2026-09-03,10,TSLA,long,5.21978759765625,0.0,5.21978759765625
2026-09-03,10,TSLA,long,-129.629150390625,0.0,-129.629150390625
2026-09-03,10,TSLA,long,3.480743408203125,0.0,3.480743408203125
2026-09-03,10,TSLA,long,85.25033569335938,0.0,85.25033569335938
2026-09-03,10,TSLA,long,-3.462158203125,0.0,-3.462158203125
2026-09-03,10,TSLA,long,25.655548095703125,0.0,25.655548095703125
2026-09-03,10,TSLA,long,0.531005859375,0.0,0.531005859375
2026-09-03,10,TSLA,long,126.0554809570362,0.0,126.0554809570362
2026-09-03,10,TSLA,long,1.3036193847606796,0.0,1.3036193847606796
2026-09-03,10,TSLA,long,52.88916015625,0.0,52.88916015625
2026-09-03,10,TSLA,long,-1.71905517578125,0.0,-1.71905517578125
2026-09-03,11,TSLA,long,-88.09698486328125,0.0,-88.09698486328125
2026-09-03,11,TSLA,long,-0.913330078125,0.0,-0.913330078125
2026-09-03,11,TSLA,long,81.2706298828125,0.0,81.2706298828125
2026-09-03,11,TSLA,long,2.57989501953125,0.0,2.57989501953125
2026-09-03,11,TSLA,long,30.5987548828125,0.0,30.5987548828125
2026-09-03,11,TSLA,long,-19.37921142578125,0.0,-19.37921142578125
2026-09-03,11,TSLA,long,1.13995361328125,0.0,1.13995361328125
2026-09-03,11,TSLA,long,-39.90069580078125,0.0,-39.90069580078125
2026-09-03,11,TSLA,long,1.13995361328125,0.0,1.13995361328125
2026-09-03,11,TSLA,long,16.445617675782557,0.0,16.445617675782557
2026-09-03,11,TSLA,long,-0.3453369140638074,0.0,-0.3453369140638074
2026-09-03,11,TSLA,short,20.584747314451818,0.0,20.584747314451818
2026-09-03,11,TSLA,short,0.5636291503919324,0.0,0.5636291503919324
2026-09-03,12,TSLA,short,-6.43304443359375,0.0,-6.43304443359375
2026-09-03,12,TSLA,short,-0.6998291015632958,0.0,-0.6998291015632958
2026-09-03,12,TSLA,long,-0.3800048828125,0.0,-0.3800048828125
2026-09-03,12,TSLA,long,-0.02001953125,0.0,-0.02001953125
2026-09-03,12,TSLA,long,0.220001220703125,0.0,0.220001220703125
2026-09-03,12,TSLA,long,0.02001953125,0.0,0.02001953125
2026-09-03,12,TSLA,short,37.24047851562341,0.0,37.24047851562341
2026-09-03,12,TSLA,short,1.1193847656265916,0.0,1.1193847656265916
2026-09-03,12,TSLA,short,-23.4898681640625,0.0,-23.4898681640625
2026-09-03,12,TSLA,short,0.270263671875,0.0,0.270263671875
2026-09-03,12,TSLA,short,-13.43994140625,0.0,-13.43994140625
2026-09-03,12,TSLA,short,0.3198242187490905,0.0,0.3198242187490905
2026-09-03,12,TSLA,short,21.68017578125091,0.0,21.68017578125091
2026-09-03,12,TSLA,short,0.8798828125,0.0,0.8798828125
2026-09-03,13,TSLA,short,-8.32489013671875,0.0,-8.32489013671875
2026-09-03,13,TSLA,short,-0.82489013671875,0.0,-0.82489013671875
2026-09-03,13,TSLA,short,-21.199951171877274,0.0,-21.199951171877274
2026-09-03,13,TSLA,short,-2.8002929687477263,0.0,-2.8002929687477263
2026-09-03,13,TSLA,short,-4.730682373046875,0.0,-4.730682373046875
2026-09-03,13,TSLA,short,0.6456298828125,0.0,0.6456298828125
2026-09-03,13,TSLA,short,5.67041015625,0.0,5.67041015625
2026-09-03,13,TSLA,short,-2.7301025390625,0.0,-2.7301025390625
2026-09-03,13,TSLA,short,5.42462158203125,0.0,5.42462158203125
2026-09-03,13,TSLA,short,0.6196594238263629,0.0,0.6196594238263629
2026-09-03,13,TSLA,short,7.595794677736137,0.0,7.595794677736137
2026-09-03,13,TSLA,short,-0.458831787109375,0.0,-0.458831787109375
2026-09-03,13,TSLA,short,-6.00677490234375,0.0,-6.00677490234375
2026-09-03,13,TSLA,short,-0.2993774414079553,0.0,-0.2993774414079553
2026-09-03,13,TSLA,short,-6.150512695310795,0.0,-6.150512695310795
2026-09-03,13,TSLA,short,-1.63787841796875,0.0,-1.63787841796875
2026-09-03,13,TSLA,short,-8.29791259765625,0.0,-8.29791259765625
2026-09-03,13,TSLA,short,6.299285888671875,0.0,6.299285888671875
2026-09-03,13,TSLA,short,-2.69989013671875,0.0,-2.69989013671875
2026-09-03,13,TSLA,short,3.83984375,0.0,3.83984375
2026-09-03,13,TSLA,short,-1.599609375,0.0,-1.599609375
2026-09-03,13,TSLA,short,-2.639556884767501,0.0,-2.639556884767501
2026-09-03,13,TSLA,short,-0.33032226562312417,0.0,-0.33032226562312417
2026-09-03,14,TSLA,short,3.9598388671875,0.0,3.9598388671875
2026-09-03,14,TSLA,short,-0.4404296875,0.0,-0.4404296875
2026-09-03,14,TSLA,short,-13.9990234375,0.0,-13.9990234375
2026-09-03,14,TSLA,short,-2.80029296875,0.0,-2.80029296875
2026-09-03,14,TSLA,short,24.77899169921875,0.0,24.77899169921875
2026-09-03,14,TSLA,short,-8.84423828125,0.0,-8.84423828125
2026-09-03,14,TSLA,short,12.7547607421875,0.0,12.7547607421875
2026-09-03,14,TSLA,short,-1.862060546875,0.0,-1.862060546875
2026-09-03,14,TSLA,short,0.405303955078125,0.0,0.405303955078125
2026-09-03,14,TSLA,short,-1.316802978515625,0.0,-1.316802978515625
2026-09-03,14,TSLA,short,22.386474609375,0.0,22.386474609375
2026-09-03,14,TSLA,short,-0.90087890625,0.0,-0.90087890625
2026-09-03,14,TSLA,short,-7.80029296875,0.0,-7.80029296875
2026-09-03,14,TSLA,short,53.1014404296875,0.0,53.1014404296875
2026-09-03,14,TSLA,short,-0.590576171875,0.0,-0.590576171875
2026-09-03,14,TSLA,short,-12.76007080078125,0.0,-12.76007080078125
2026-09-03,14,TSLA,short,1.73992919921875,0.0,1.73992919921875
2026-09-03,14,TSLA,short,25.36541748046875,0.0,25.36541748046875
2026-09-03,14,TSLA,short,-23.8004150390625,0.0,-23.8004150390625
2026-09-03,14,TSLA,short,29.640380859375,0.0,29.640380859375
2026-09-03,14,TSLA,short,-0.039276123046875,0.0,-0.039276123046875
2026-09-03,15,TSLA,short,3.350372314453125,0.0,3.350372314453125
2026-09-03,15,TSLA,short,-0.393951416015625,0.0,-0.393951416015625
2026-09-03,15,TSLA,short,3.79211425781034,0.0,3.79211425781034
2026-09-03,15,TSLA,short,-0.36413574218533995,0.0,-0.36413574218533995
2026-09-03,15,TSLA,short,4.559814453125,0.0,4.559814453125
2026-09-03,15,TSLA,short,-12.395812988283353,0.0,-12.395812988283353
2026-09-03,15,TSLA,short,0.9259033203125,0.0,0.9259033203125
2026-09-03,15,TSLA,short,-12.001037597653408,0.0,-12.001037597653408
2026-09-03,15,TSLA,short,39.609375,0.0,39.609375
2026-09-03,15,TSLA,short,1.8868408203095441,0.0,1.8868408203095441
2026-09-03,15,TSLA,short,-18.763305664059885,0.0,-18.763305664059885
2026-09-03,15,TSLA,short,2.75567626953125,0.0,2.75567626953125
2026-09-03,15,TSLA,short,19.3192138671875,0.0,19.3192138671875
2026-09-03,15,TSLA,short,1.61016845703125,0.0,1.61016845703125
2026-09-03,15,TSLA,long,2.0247802734375,0.0,2.0247802734375
2026-09-03,15,TSLA,long,-0.089813232421875,0.0,-0.089813232421875
2026-09-03,15,TSLA,long,-11.60009765625,0.0,-11.60009765625
2026-09-03,15,TSLA,long,0.0400390625,0.0,0.0400390625
2026-09-03,15,TSLA,long,-46.4066162109375,0.0,-46.4066162109375
2026-09-03,15,TSLA,long,1.25714111328125,0.0,1.25714111328125
2026-09-03,15,TSLA,long,-84.65100097655761,0.0,-84.65100097655761
2026-09-03,15,TSLA,long,-1.3489990234423885,0.0,-1.3489990234423885
2026-09-04,9,TSLA,long,-17.29022216796875,0.0,-17.29022216796875
2026-09-04,9,TSLA,long,8.189666748046875,0.0,8.189666748046875
2026-09-04,9,TSLA,long,107.38766479492188,0.0,107.38766479492188
2026-09-04,9,TSLA,long,0.2110595703125,0.0,0.2110595703125
2026-09-04,10,TSLA,long,121.72027587890625,0.0,121.72027587890625
2026-09-04,10,TSLA,long,-6.37066650390625,0.0,-6.37066650390625
2026-09-04,10,TSLA,long,-230.22988891601562,0.0,-230.22988891601562
2026-09-04,10,TSLA,long,-1.819000244140625,0.0,-1.819000244140625
2026-09-04,10,TSLA,long,-100.95590209960938,0.0,-100.95590209960938
2026-09-04,10,TSLA,long,0.8553466796875,0.0,0.8553466796875
2026-09-04,10,TSLA,long,-33.6695556640625,0.0,-33.6695556640625
2026-09-04,10,TSLA,long,-186.54888916015625,0.0,-186.54888916015625
2026-09-04,10,TSLA,long,2.729888916015625,0.0,2.729888916015625
2026-09-04,10,TSLA,long,-16.1016845703125,0.0,-16.1016845703125
2026-09-04,10,TSLA,long,4.1328125,0.0,4.1328125
2026-09-04,10,TSLA,long,-13.791015625,0.0,-13.791015625
2026-09-04,10,TSLA,long,2.7598876953125,0.0,2.7598876953125
2026-09-04,10,TSLA,long,71.43533325195312,0.0,71.43533325195312
2026-09-04,10,TSLA,long,1.3635559081979522,0.0,1.3635559081979522
2026-09-04,10,TSLA,long,-28.209777832026077,0.0,-28.209777832026077
2026-09-04,10,TSLA,long,0.136077880859375,0.0,0.136077880859375
2026-09-04,10,TSLA,long,-93.03839111328125,0.0,-93.03839111328125
2026-09-04,10,TSLA,long,0.535980224609375,0.0,0.535980224609375
2026-09-04,10,TSLA,long,88.72555541992188,0.0,88.72555541992188
2026-09-04,10,TSLA,long,-21.59912109375,0.0,-21.59912109375
2026-09-04,10,TSLA,long,-2.69989013671875,0.0,-2.69989013671875
2026-09-04,11,TSLA,long,76.95098876953125,0.0,76.95098876953125
2026-09-04,11,TSLA,long,-3.15032958984375,0.0,-3.15032958984375
2026-09-04,11,TSLA,long,25.409637451171875,0.0,25.409637451171875
2026-09-04,11,TSLA,long,-51.97540283203125,0.0,-51.97540283203125
2026-09-04,11,TSLA,long,-0.824798583984375,0.0,-0.824798583984375
2026-09-04,11,TSLA,long,-18.92010498046875,0.0,-18.92010498046875
2026-09-04,11,TSLA,long,1.7216796875,0.0,1.7216796875
2026-09-04,11,TSLA,long,-15.05157470703125,0.0,-15.05157470703125
2026-09-04,11,TSLA,long,-1.28863525390625,0.0,-1.28863525390625
2026-09-04,11,TSLA,long,-2.371826171875,0.0,-2.371826171875
2026-09-04,11,TSLA,long,-0.828857421875,0.0,-0.828857421875
2026-09-04,11,TSLA,long,5.2802734375,0.0,5.2802734375
2026-09-04,11,TSLA,long,0.16015625,0.0,0.16015625
2026-09-04,11,TSLA,long,8.07409667968625,0.0,8.07409667968625
2026-09-04,11,TSLA,long,0.06579589843875056,0.0,0.06579589843875056
2026-09-04,11,TSLA,long,-12.730255126953125,0.0,-12.730255126953125
2026-09-04,11,TSLA,long,-0.55084228515625,0.0,-0.55084228515625
2026-09-04,11,TSLA,long,-13.559326171875,0.0,-13.559326171875
2026-09-04,11,TSLA,long,0.73919677734375,0.0,0.73919677734375
2026-09-04,11,TSLA,long,-13.5205078125,0.0,-13.5205078125
2026-09-04,11,TSLA,long,-8.579315185546875,0.0,-8.579315185546875
2026-09-04,11,TSLA,long,-0.4954833984375,0.0,-0.4954833984375
2026-09-04,12,TSLA,long,1.24969482421875,0.0,1.24969482421875
2026-09-04,12,TSLA,long,2.3984375,0.0,2.3984375
2026-09-04,12,TSLA,long,-0.158203125,0.0,-0.158203125
2026-09-04,12,TSLA,short,-11.199951171875,0.0,-11.199951171875
2026-09-04,12,TSLA,short,0.999755859375,0.0,0.999755859375
2026-09-04,12,TSLA,short,-19.094512939453125,0.0,-19.094512939453125
2026-09-04,12,TSLA,short,0.8558349609375,0.0,0.8558349609375
2026-09-04,12,TSLA,short,14.759033203125,0.0,14.759033203125
2026-09-04,12,TSLA,short,1.0810546875,0.0,1.0810546875
2026-09-04,12,TSLA,short,44.375,0.0,44.375
2026-09-04,12,TSLA,short,0.708526611328125,0.0,0.708526611328125
2026-09-04,12,TSLA,long,4.949798583984375,0.0,4.949798583984375
2026-09-04,12,TSLA,short,-25.185089111328125,0.0,-25.185089111328125
2026-09-04,12,TSLA,short,11.314910888671875,0.0,11.314910888671875
2026-09-04,12,TSLA,short,4.319824218754093,0.0,4.319824218754093
2026-09-04,12,TSLA,short,2.5202636718709073,0.0,2.5202636718709073
2026-09-04,12,TSLA,short,-1.0810546875,0.0,-1.0810546875
2026-09-04,12,TSLA,short,-43.2401123046875,0.0,-43.2401123046875
2026-09-04,12,TSLA,short,-0.9180908203125,0.0,-0.9180908203125
2026-09-04,13,TSLA,short,50.04888916015625,0.0,50.04888916015625
2026-09-04,13,TSLA,short,-1.474639892578125,0.0,-1.474639892578125
2026-09-04,13,TSLA,long,-0.13262939453125,0.0,-0.13262939453125
2026-09-04,13,TSLA,long,-0.07977294921875,0.0,-0.07977294921875
2026-09-04,13,TSLA,short,1.2412109375,0.0,1.2412109375
2026-09-04,13,TSLA,short,-1.6007080078125,0.0,-1.6007080078125
2026-09-04,13,TSLA,short,-8.94012451171875,0.0,-8.94012451171875
2026-09-04,13,TSLA,short,-35.2001953125,0.0,-35.2001953125
2026-09-04,13,TSLA,short,0.95947265625,0.0,0.95947265625
2026-09-04,13,TSLA,short,23.43994140625,0.0,23.43994140625
2026-09-04,13,TSLA,short,-0.400390625,0.0,-0.400390625
2026-09-04,13,TSLA,short,-0.26861572265625,0.0,-0.26861572265625
2026-09-04,13,TSLA,short,4.053955078125,0.0,4.053955078125
2026-09-04,13,TSLA,short,0.80584716796875,0.0,0.80584716796875
2026-09-04,13,TSLA,short,-4.50616455078125,0.0,-4.50616455078125
2026-09-04,13,TSLA,short,0.2652587890625,0.0,0.2652587890625
2026-09-04,13,TSLA,short,10.74627685546875,0.0,10.74627685546875
2026-09-04,13,TSLA,short,-0.21588134765625,0.0,-0.21588134765625
2026-09-04,13,TSLA,short,-13.0682373046875,0.0,-13.0682373046875
2026-09-04,13,TSLA,short,0.64764404296875,0.0,0.64764404296875
2026-09-04,13,TSLA,short,-21.0,0.0,-21.0
2026-09-04,14,TSLA,short,14.2598876953125,0.0,14.2598876953125
2026-09-04,14,TSLA,short,-2.2882080078125,0.0,-2.2882080078125
2026-09-04,14,TSLA,short,18.850341796875,0.0,18.850341796875
2026-09-04,14,TSLA,short,-85.12960815429688,0.0,-85.12960815429688
2026-09-04,14,TSLA,short,-1.64593505859375,0.0,-1.64593505859375
2026-09-04,14,TSLA,short,-47.2503662109375,0.0,-47.2503662109375
2026-09-04,14,TSLA,short,-10.35882568359375,0.0,-10.35882568359375
2026-09-04,14,TSLA,short,-1.28948974609375,0.0,-1.28948974609375
2026-09-04,14,TSLA,short,30.96771240234375,0.0,30.96771240234375
2026-09-04,14,TSLA,short,1.087188720703125,0.0,1.087188720703125
2026-09-04,14,TSLA,short,32.12017822265625,0.0,32.12017822265625
2026-09-04,14,TSLA,short,-2.189910888671875,0.0,-2.189910888671875
2026-09-04,14,TSLA,short,-21.53387451171875,0.0,-21.53387451171875
2026-09-04,14,TSLA,short,-0.505615234375,0.0,-0.505615234375
2026-09-04,14,TSLA,short,31.7999267578125,0.0,31.7999267578125
2026-09-04,14,TSLA,short,0.30029296875,0.0,0.30029296875
2026-09-04,14,TSLA,short,-8.820068359375,0.0,-8.820068359375
2026-09-04,14,TSLA,short,-0.14013671875,0.0,-0.14013671875
2026-09-04,14,TSLA,short,12.28546142578125,0.0,12.28546142578125
2026-09-04,14,TSLA,short,-0.630615234375,0.0,-0.630615234375
2026-09-04,14,TSLA,short,-25.42022705078125,0.0,-25.42022705078125
2026-09-04,14,TSLA,short,0.62060546875,0.0,0.62060546875
2026-09-04,15,TSLA,short,-58.077484130859375,0.0,-58.077484130859375
2026-09-04,15,TSLA,short,-1.98284912109375,0.0,-1.98284912109375
2026-09-04,15,TSLA,short,44.504241943359375,0.0,44.504241943359375
2026-09-04,15,TSLA,short,-0.3453369140625,0.0,-0.3453369140625
2026-09-04,15,TSLA,short,-16.3193359375,0.0,-16.3193359375
2026-09-04,15,TSLA,short,-0.3203125,0.0,-0.3203125
2026-09-04,15,TSLA,short,-14.30859375,0.0,-14.30859375
2026-09-04,15,TSLA,short,-0.5712890625,0.0,-0.5712890625
2026-09-04,15,TSLA,short,20.43450927734375,0.0,20.43450927734375
2026-09-04,15,TSLA,short,-27.342193603515625,0.0,-27.342193603515625
2026-09-04,15,TSLA,short,1.427886962890625,0.0,1.427886962890625
2026-09-04,15,TSLA,short,-15.92388916015625,0.0,-15.92388916015625
2026-09-04,15,TSLA,short,-1.3663330078125,0.0,-1.3663330078125
2026-09-04,15,TSLA,short,35.101318359375,0.0,35.101318359375
2026-09-04,15,TSLA,short,-0.89263916015625,0.0,-0.89263916015625
2026-09-04,15,TSLA,short,18.2373046875,0.0,18.2373046875
2026-09-04,15,TSLA,short,0.3193359375,0.0,0.3193359375
2026-09-04,15,TSLA,short,5.919921875,0.0,5.919921875
2026-09-04,15,TSLA,short,-0.0029296875,0.0,-0.0029296875
2026-09-04,15,TSLA,short,-12.95703125,0.0,-12.95703125
2026-09-04,15,TSLA,short,-0.6396484375,0.0,-0.6396484375
2026-09-04,15,TSLA,short,-42.764068603515625,0.0,-42.764068603515625
2026-09-04,15,TSLA,short,0.75872802734375,0.0,0.75872802734375
2026-09-08,9,TSLA,short,66.96011352539062,0.0,66.96011352539062
2026-09-08,9,TSLA,short,-0.1551513671875,0.0,-0.1551513671875
2026-09-08,9,TSLA,short,48.28436279296875,0.0,48.28436279296875
2026-09-08,9,TSLA,short,-0.289398193359375,0.0,-0.289398193359375
2026-09-08,9,TSLA,short,-24.654876708984375,0.0,-24.654876708984375
2026-09-08,9,TSLA,short,-0.055816650390625,0.0,-0.055816650390625
2026-09-08,10,TSLA,long,43.09423828125222,0.0,43.09423828125222
2026-09-08,10,TSLA,long,0.5855712890625,0.0,0.5855712890625
2026-09-08,10,TSLA,short,-0.919921875,0.0,-0.919921875
2026-09-08,10,TSLA,long,2.186584472655966,0.0,2.186584472655966
2026-09-08,10,TSLA,long,-0.21148681640596578,0.0,-0.21148681640596578
2026-09-08,10,TSLA,long,-0.5999755859375,0.0,-0.5999755859375
2026-09-08,10,TSLA,long,0.17440795898409078,0.0,0.17440795898409078
2026-09-08,10,TSLA,long,8.380859375,0.0,8.380859375
2026-09-08,10,TSLA,long,-0.020385742187272626,0.0,-0.020385742187272626
2026-09-08,10,TSLA,long,-1.7400512695314205,0.0,-1.7400512695314205
2026-09-08,10,TSLA,long,0.083404541015625,0.0,0.083404541015625
2026-09-08,10,TSLA,long,2.12042236328125,0.0,2.12042236328125
2026-09-08,10,TSLA,long,0.02459716796875,0.0,0.02459716796875
2026-09-08,10,TSLA,long,0.109375,0.0,0.109375
2026-09-08,10,TSLA,long,-0.999755859375,0.0,-0.999755859375
2026-09-08,10,TSLA,long,1.400146484375,0.0,1.400146484375
2026-09-08,10,TSLA,long,-29.25,0.0,-29.25
2026-09-08,10,TSLA,long,1.365142822267842,0.0,1.365142822267842
2026-09-08,10,TSLA,long,19.94976806640409,0.0,19.94976806640409
2026-09-08,10,TSLA,long,0.94976806640625,0.0,0.94976806640625
2026-09-08,11,TSLA,long,28.11962890625,0.0,28.11962890625
2026-09-08,11,TSLA,long,24.236083984375,0.0,24.236083984375
2026-09-08,11,TSLA,long,-0.92138671875,0.0,-0.92138671875
2026-09-08,11,TSLA,long,-26.043670654296875,0.0,-26.043670654296875
2026-09-08,11,TSLA,long,-0.755889892578125,0.0,-0.755889892578125
2026-09-08,11,TSLA,long,-4.513580322265625,0.0,-4.513580322265625
2026-09-08,11,TSLA,long,-0.1551513671875,0.0,-0.1551513671875
2026-09-08,11,TSLA,long,25.500183105470455,0.0,25.500183105470455
2026-09-08,11,TSLA,long,-1.9500732421892053,0.0,-1.9500732421892053
2026-09-08,11,TSLA,long,34.19952392578125,0.0,34.19952392578125
2026-09-08,11,TSLA,long,34.21713256836102,0.0,34.21713256836102
2026-09-08,11,TSLA,long,-0.2867431640625,0.0,-0.2867431640625
2026-09-08,11,TSLA,long,-37.69699096679852,0.0,-37.69699096679852
2026-09-08,11,TSLA,long,0.5770263671875,0.0,0.5770263671875
2026-09-08,11,TSLA,long,-26.9698486328125,0.0,-26.9698486328125
2026-09-08,11,TSLA,long,-3.410491943359375,0.0,-3.410491943359375
2026-09-08,11,TSLA,long,15.655151367189262,0.0,15.655151367189262
2026-09-08,11,TSLA,long,2.015075683591988,0.0,2.015075683591988
2026-09-08,11,TSLA,long,-1.20025634765625,0.0,-1.20025634765625
2026-09-08,11,TSLA,long,1.49688720703125,0.0,1.49688720703125
2026-09-08,11,TSLA,long,30.0177612304704,0.0,30.0177612304704
2026-09-08,11,TSLA,long,0.7257080078125,0.0,0.7257080078125
2026-09-08,12,TSLA,long,15.962768554685908,0.0,15.962768554685908
2026-09-08,12,TSLA,long,0.27685546875,0.0,0.27685546875
2026-09-08,12,TSLA,long,-4.675048828125,0.0,-4.675048828125
2026-09-08,12,TSLA,long,0.7728271484375,0.0,0.7728271484375
2026-09-08,12,TSLA,long,-8.74786376953125,0.0,-8.74786376953125
2026-09-08,12,TSLA,long,-0.1251220703125,0.0,-0.1251220703125
2026-09-08,12,TSLA,long,8.002471923828125,0.0,8.002471923828125
2026-09-08,12,TSLA,long,0.127410888671875,0.0,0.127410888671875
2026-09-08,12,TSLA,long,-2.20416259765625,0.0,-2.20416259765625
2026-09-08,12,TSLA,long,14.491973876953125,0.0,14.491973876953125
2026-09-08,12,TSLA,long,0.4178466796875,0.0,0.4178466796875
2026-09-08,13,TSLA,short,-1.52496337890625,0.0,-1.52496337890625
2026-09-08,13,TSLA,short,0.17486572265625,0.0,0.17486572265625
2026-09-08,13,TSLA,short,2.72003173828125,0.0,2.72003173828125
2026-09-08,13,TSLA,short,-0.09490966796875,0.0,-0.09490966796875
2026-09-08,13,TSLA,short,2.7999267578122726,0.0,2.7999267578122726
2026-09-08,13,TSLA,short,0.040039062500227374,0.0,0.040039062500227374
2026-09-08,13,TSLA,long,0.08001708984375,0.0,0.08001708984375
2026-09-08,13,TSLA,long,0.00018310546875,0.0,0.00018310546875
2026-09-08,13,TSLA,long,-0.145111083984375,0.0,-0.145111083984375
2026-09-08,14,TSLA,short,13.497924804686363,0.0,13.497924804686363
2026-09-08,14,TSLA,short,-0.34240722656136313,0.0,-0.34240722656136313
2026-09-08,14,TSLA,short,2.148681640624261,0.0,2.148681640624261
2026-09-08,14,TSLA,short,0.646270751953864,0.0,0.646270751953864
2026-09-08,14,TSLA,short,0.3599853515618179,0.0,0.3599853515618179
2026-09-08,14,TSLA,short,0.3599853515631821,0.0,0.3599853515631821
2026-09-08,14,TSLA,short,-5.3997802734375,0.0,-5.3997802734375
2026-09-08,14,TSLA,short,0.599853515625,0.0,0.599853515625
2026-09-08,14,TSLA,short,5.217132568359375,0.0,5.217132568359375
2026-09-08,14,TSLA,short,0.002655029296875,0.0,0.002655029296875
2026-09-08,14,TSLA,long,-2.2399902343745453,0.0,-2.2399902343745453
2026-09-08,14,TSLA,long,0.32006835937454525,0.0,0.32006835937454525
2026-09-08,14,TSLA,long,4.159912109375,0.0,4.159912109375
2026-09-08,14,TSLA,long,0.080078125,0.0,0.080078125
2026-09-08,14,TSLA,long,4.178253173828125,0.0,4.178253173828125
2026-09-08,14,TSLA,long,-0.04827880859375,0.0,-0.04827880859375
2026-09-08,14,TSLA,short,2.549896240234091,0.0,2.549896240234091
2026-09-08,14,TSLA,long,21.199951171873863,0.0,21.199951171873863
2026-09-08,14,TSLA,long,0.1995849609375,0.0,0.1995849609375
2026-09-08,15,TSLA,long,0.7000732421886369,0.0,0.7000732421886369
2026-09-08,15,TSLA,long,-0.49987792968863687,0.0,-0.49987792968863687
2026-09-08,15,TSLA,long,-2.25,0.0,-2.25
2026-09-08,15,TSLA,long,0.4051208496098866,0.0,0.4051208496098866
2026-09-08,15,TSLA,long,1.2799072265622726,0.0,1.2799072265622726
2026-09-08,15,TSLA,long,-0.1400146484375,0.0,-0.1400146484375
2026-09-08,15,TSLA,long,0.7600097656252274,0.0,0.7600097656252274
2026-09-08,15,TSLA,long,-2.07958984375,0.0,-2.07958984375
2026-09-08,15,TSLA,long,-0.0003662109377273737,0.0,-0.0003662109377273737
2026-09-08,15,TSLA,long,3.509857177734375,0.0,3.509857177734375
2026-09-08,15,TSLA,long,1.169952392578125,0.0,1.169952392578125
2026-09-08,15,TSLA,long,9.625,0.0,9.625
2026-09-08,15,TSLA,long,0.0350341796875,0.0,0.0350341796875
2026-09-08,15,TSLA,long,-3.3599853515625,0.0,-3.3599853515625
2026-09-08,15,TSLA,long,0.3599853515625,0.0,0.3599853515625
2026-09-08,15,TSLA,long,-3.7198486328125,0.0,-3.7198486328125
2026-09-08,15,TSLA,long,-0.619659423828125,0.0,-0.619659423828125
2026-09-08,15,TSLA,long,2.479583740234375,0.0,2.479583740234375
2026-09-08,15,TSLA,long,0.310302734375,0.0,0.310302734375
2026-09-08,15,TSLA,long,15.44952392578125,0.0,15.44952392578125
2026-09-08,15,TSLA,long,0.74981689453125,0.0,0.74981689453125
2026-09-08,15,TSLA,long,-10.4395751953125,0.0,-10.4395751953125
2026-09-08,15,TSLA,long,1.01776123046875,0.0,1.01776123046875
2026-09-09,9,TSLA,short,43.49975585937614,0.0,43.49975585937614
2026-09-09,9,TSLA,short,-0.8001708984375,0.0,-0.8001708984375
2026-09-09,9,TSLA,short,-53.069610595703125,0.0,-53.069610595703125
2026-09-09,9,TSLA,short,-0.4354248046875,0.0,-0.4354248046875
2026-09-09,9,TSLA,long,-18.274688720703125,0.0,-18.274688720703125
2026-09-09,9,TSLA,long,2.072601318359375,0.0,2.072601318359375
2026-09-09,9,TSLA,long,-182.27478027343267,0.0,-182.27478027343267
2026-09-09,9,TSLA,long,7.641906738276418,0.0,7.641906738276418
2026-09-09,10,TSLA,long,-26.65191650390625,0.0,-26.65191650390625
2026-09-09,10,TSLA,long,-4.2989501953125,0.0,-4.2989501953125
2026-09-09,10,TSLA,long,12.041259765625,0.0,12.041259765625
2026-09-09,10,TSLA,long,2.5798950195361385,0.0,2.5798950195361385
2026-09-09,10,TSLA,long,67.50769042968261,0.0,67.50769042968261
2026-09-09,10,TSLA,long,-0.42779541015625,0.0,-0.42779541015625
2026-09-09,10,TSLA,long,-62.78094482421875,0.0,-62.78094482421875
2026-09-09,10,TSLA,long,-3.44073486328125,0.0,-3.44073486328125
2026-09-09,10,TSLA,long,34.39947509765625,0.0,34.39947509765625
2026-09-09,10,TSLA,long,-67.93930053710938,0.0,-67.93930053710938
2026-09-09,10,TSLA,long,5.040130615234375,0.0,5.040130615234375
2026-09-09,10,TSLA,long,33.999481201171875,0.0,33.999481201171875
2026-09-09,10,TSLA,long,133.45062255859375,0.0,133.45062255859375
2026-09-09,10,TSLA,long,-3.4007263183545433,0.0,-3.4007263183545433
2026-09-09,10,TSLA,long,-85.40991210937977,0.0,-85.40991210937977
2026-09-09,10,TSLA,long,-5.81396484375,0.0,-5.81396484375
2026-09-09,10,TSLA,long,3.88580322265625,0.0,3.88580322265625
2026-09-09,10,TSLA,long,-0.39947509765625,0.0,-0.39947509765625
2026-09-09,10,TSLA,long,128.0994873046875,0.0,128.0994873046875
2026-09-09,10,TSLA,long,-0.8408203125,0.0,-0.8408203125
2026-09-09,10,TSLA,long,-3.484649658203125,0.0,-3.484649658203125
2026-09-09,10,TSLA,long,2.25469970703125,0.0,2.25469970703125
2026-09-09,11,TSLA,long,-57.8997802734375,0.0,-57.8997802734375
2026-09-09,11,TSLA,long,-37.800292968748295,0.0,-37.800292968748295
2026-09-09,11,TSLA,long,1.0501098632795447,0.0,1.0501098632795447
2026-09-09,11,TSLA,long,-47.94012451171875,0.0,-47.94012451171875
2026-09-09,11,TSLA,long,-1.274688720703125,0.0,-1.274688720703125
2026-09-09,11,TSLA,long,-27.540435791015625,0.0,-27.540435791015625
2026-09-09,11,TSLA,long,-1.993743896484375,0.0,-1.993743896484375
2026-09-09,11,TSLA,long,-6.882080078125,0.0,-6.882080078125
2026-09-09,11,TSLA,long,-0.16748046875,0.0,-0.16748046875
2026-09-09,11,TSLA,long,-79.55157470703125,0.0,-79.55157470703125
2026-09-09,11,TSLA,long,102.34020996094239,0.0,102.34020996094239
2026-09-09,11,TSLA,long,-0.430419921875,0.0,-0.430419921875
2026-09-09,11,TSLA,long,59.34020996093261,0.0,59.34020996093261
2026-09-09,11,TSLA,long,129.129638671875,0.0,129.129638671875
2026-09-09,11,TSLA,long,1.3323974609375,0.0,1.3323974609375
2026-09-09,11,TSLA,long,-28.767333984373238,0.0,-28.767333984373238
2026-09-09,11,TSLA,long,-0.9734802246111371,0.0,-0.9734802246111371
2026-09-09,11,TSLA,long,2.29156494140625,0.0,2.29156494140625
2026-09-09,11,TSLA,long,12.0,0.0,12.0
2026-09-09,11,TSLA,long,-0.4609375,0.0,-0.4609375
2026-09-09,12,TSLA,long,0.6016845703125,0.0,0.6016845703125
2026-09-09,12,TSLA,long,-0.1551513671875,0.0,-0.1551513671875
2026-09-09,12,TSLA,long,1.35040283203125,0.0,1.35040283203125
2026-09-09,12,TSLA,long,0.5364990234375,0.0,0.5364990234375
2026-09-09,12,TSLA,long,-21.68701171875,0.0,-21.68701171875
2026-09-09,12,TSLA,long,-1.0501098632795447,0.0,-1.0501098632795447
2026-09-09,12,TSLA,long,36.962402343747044,0.0,36.962402343747044
2026-09-09,12,TSLA,long,-1.342529296875,0.0,-1.342529296875
2026-09-09,12,TSLA,long,-29.119873046872044,0.0,-29.119873046872044
2026-09-09,12,TSLA,long,-27.559936523440456,0.0,-27.559936523440456
2026-09-09,12,TSLA,long,-40.80908203125,0.0,-40.80908203125
2026-09-09,12,TSLA,long,1.2901611328125,0.0,1.2901611328125
2026-09-09,12,TSLA,long,20.69915771484375,0.0,20.69915771484375
2026-09-09,12,TSLA,long,-3.67938232421875,0.0,-3.67938232421875
2026-09-09,12,TSLA,long,-1.085113525390625,0.0,-1.085113525390625
2026-09-09,12,TSLA,long,1.085113525390625,0.0,1.085113525390625
2026-09-09,12,TSLA,long,6.664886474609375,0.0,6.664886474609375
2026-09-09,12,TSLA,long,1.085113525390625,0.0,1.085113525390625
2026-09-09,12,TSLA,long,22.539794921875,0.0,22.539794921875
2026-09-09,12,TSLA,long,-0.14013671874840838,0.0,-0.14013671874840838
2026-09-09,12,TSLA,long,-30.75744628906409,0.0,-30.75744628906409
2026-09-09,12,TSLA,long,-0.7425537109359084,0.0,-0.7425537109359084
2026-09-09,13,TSLA,long,-7.781219482423637,0.0,-7.781219482423637
2026-09-09,13,TSLA,long,0.186370849609375,0.0,0.186370849609375
2026-09-09,13,TSLA,long,-11.25,0.0,-11.25
2026-09-09,13,TSLA,long,0.3002929687517053,0.0,0.3002929687517053
2026-09-09,13,TSLA,long,1.1593627929671015,0.0,1.1593627929671015
2026-09-09,13,TSLA,long,-1.0142211914046015,0.0,-1.0142211914046015
2026-09-09,13,TSLA,long,2.479583740232613,0.0,2.479583740232613
2026-09-09,13,TSLA,long,-8.07037353515625,0.0,-8.07037353515625
2026-09-09,13,TSLA,long,2.67059326171875,0.0,2.67059326171875
2026-09-09,13,TSLA,long,-8.679962158201363,0.0,-8.679962158201363
2026-09-09,13,TSLA,long,-0.4654541015625,0.0,-0.4654541015625
2026-09-09,13,TSLA,long,3.410491943357613,0.0,3.410491943357613
2026-09-09,13,TSLA,long,-1.085113525390625,0.0,-1.085113525390625
2026-09-09,13,TSLA,long,30.070037841796875,0.0,30.070037841796875
2026-09-09,13,TSLA,long,0.1551513671875,0.0,0.1551513671875
2026-09-09,13,TSLA,long,-6.1905517578125,0.0,-6.1905517578125
2026-09-09,13,TSLA,long,-0.04998779296875,0.0,-0.04998779296875
2026-09-09,13,TSLA,long,-0.1551513671875,0.0,-0.1551513671875
2026-09-09,13,TSLA,long,-5.69915771484375,0.0,-5.69915771484375
2026-09-09,13,TSLA,long,-1.20025634765625,0.0,-1.20025634765625
2026-09-09,13,TSLA,long,5.27978515625,0.0,5.27978515625
2026-09-09,13,TSLA,long,0.65997314453125,0.0,0.65997314453125
2026-09-09,14,TSLA,long,0.760162353516705,0.0,0.760162353516705
2026-09-09,14,TSLA,long,0.379791259764545,0.0,0.379791259764545
2026-09-09,14,TSLA,long,-3.801971435546875,0.0,-3.801971435546875
2026-09-09,14,TSLA,long,-0.567657470703125,0.0,-0.567657470703125
2026-09-09,14,TSLA,long,-11.550384521483181,0.0,-11.550384521483181
2026-09-09,14,TSLA,long,3.380126953123522,0.0,3.380126953123522
2026-09-09,14,TSLA,long,0.77996826171875,0.0,0.77996826171875
2026-09-09,14,TSLA,long,12.480285644532728,0.0,12.480285644532728
2026-09-09,14,TSLA,long,-0.26025390625147793,0.0,-0.26025390625147793
2026-09-09,14,TSLA,long,13.580322265626421,0.0,13.580322265626421
2026-09-09,14,TSLA,long,0.045013427732953915,0.0,0.045013427732953915
2026-09-09,14,TSLA,long,11.6396484375,0.0,11.6396484375
2026-09-09,14,TSLA,long,0.11279296875,0.0,0.11279296875
2026-09-09,14,TSLA,long,-5.032470703125,0.0,-5.032470703125
2026-09-09,14,TSLA,long,-8.679962158203125,0.0,-8.679962158203125
2026-09-09,14,TSLA,long,-15.035491943359375,0.0,-15.035491943359375
2026-09-09,14,TSLA,long,-16.499633789060795,0.0,-16.499633789060795
2026-09-09,14,TSLA,long,0.4495239257795447,0.0,0.4495239257795447
2026-09-09,14,TSLA,long,1.978179931640625,0.0,1.978179931640625
2026-09-09,14,TSLA,long,-0.89306640625,0.0,-0.89306640625
2026-09-09,15,TSLA,long,21.079772949220512,0.0,21.079772949220512
2026-09-09,15,TSLA,long,-1.0538940429705121,0.0,-1.0538940429705121
2026-09-09,15,TSLA,long,-1.425689697265625,0.0,-1.425689697265625
2026-09-09,15,TSLA,long,-1.54962158203125,0.0,-1.54962158203125
2026-09-09,15,TSLA,long,0.464508056640625,0.0,0.464508056640625
2026-09-09,15,TSLA,long,17.51507568359375,0.0,17.51507568359375
2026-09-09,15,TSLA,long,-0.310302734375,0.0,-0.310302734375
2026-09-09,15,TSLA,long,-4.16259765625,0.0,-4.16259765625
2026-09-09,15,TSLA,long,-0.176910400390625,0.0,-0.176910400390625
2026-09-09,15,TSLA,long,-5.89007568359375,0.0,-5.89007568359375
2026-09-09,15,TSLA,long,-1.240264892578125,0.0,-1.240264892578125
2026-09-09,15,TSLA,long,-6.199432373046875,0.0,-6.199432373046875
2026-09-09,15,TSLA,long,-0.279083251953125,0.0,-0.279083251953125
2026-09-09,15,TSLA,long,5.858856201171875,0.0,5.858856201171875
2026-09-09,15,TSLA,long,-0.4654541015625,0.0,-0.4654541015625
2026-09-09,15,TSLA,long,1.65069580078125,0.0,1.65069580078125
2026-09-09,15,TSLA,long,0.44952392578125,0.0,0.44952392578125
2026-09-09,15,TSLA,long,-14.104583740232613,0.0,-14.104583740232613
2026-09-09,15,TSLA,long,12.089508056638863,0.0,12.089508056638863
2026-09-09,15,TSLA,long,0.619659423828125,0.0,0.619659423828125
2026-09-09,15,TSLA,long,-34.7198486328125,0.0,-34.7198486328125
2026-09-09,15,TSLA,long,-0.309356689453125,0.0,-0.309356689453125
2026-09-10,9,TSLA,short,-154.7492675781283,0.0,-154.7492675781283
2026-09-10,9,TSLA,short,-4.320617675777953,0.0,-4.320617675777953
2026-09-10,9,TSLA,short,-79.56060791015625,0.0,-79.56060791015625
2026-09-10,9,TSLA,short,-5.742828369140625,0.0,-5.742828369140625
2026-09-10,9,TSLA,short,1.7047729492169879,0.0,1.7047729492169879
2026-09-10,9,TSLA,short,-2.015075683591988,0.0,-2.015075683591988
2026-09-10,10,TSLA,short,93.59857177734375,0.0,93.59857177734375
2026-09-10,10,TSLA,short,3.12066650390625,0.0,3.12066650390625
2026-09-10,10,TSLA,short,17.02996826171801,0.0,17.02996826171801
2026-09-10,10,TSLA,short,-0.19479370117113604,0.0,-0.19479370117113604
2026-09-10,10,TSLA,long,-6.840087890625,0.0,-6.840087890625
2026-09-10,10,TSLA,long,48.16561889648659,0.0,48.16561889648659
2026-09-10,10,TSLA,long,-14.82403564453341,0.0,-14.82403564453341
2026-09-10,10,TSLA,long,-2.08624267578125,0.0,-2.08624267578125
2026-09-10,10,TSLA,long,46.0986328125,0.0,46.0986328125
2026-09-10,10,TSLA,long,0.926971435546875,0.0,0.926971435546875
2026-09-10,10,TSLA,long,80.61907958984705,0.0,80.61907958984705
2026-09-10,10,TSLA,long,3.479858398434203,0.0,3.479858398434203
2026-09-10,10,TSLA,long,-7.979095458984375,0.0,-7.979095458984375
2026-09-10,10,TSLA,long,1.139373779296875,0.0,1.139373779296875
2026-09-10,10,TSLA,long,-43.320556640625,0.0,-43.320556640625
2026-09-10,10,TSLA,long,0.638397216796875,0.0,0.638397216796875
2026-09-10,10,TSLA,long,-14.317840576171875,0.0,-14.317840576171875
2026-09-10,10,TSLA,long,7.9808349609375,0.0,7.9808349609375
2026-09-10,11,TSLA,long,-7.12994384765625,0.0,-7.12994384765625
2026-09-10,11,TSLA,long,-0.230224609375,0.0,-0.230224609375
2026-09-10,11,TSLA,long,-86.09619140625,0.0,-86.09619140625
2026-09-10,11,TSLA,long,0.69580078125,0.0,0.69580078125
2026-09-10,11,TSLA,short,-19.570556640625,0.0,-19.570556640625
2026-09-10,11,TSLA,long,9.430084228515625,0.0,9.430084228515625
2026-09-10,11,TSLA,long,0.229522705078125,0.0,0.229522705078125
2026-09-10,11,TSLA,long,-9.72509765625,0.0,-9.72509765625
2026-09-10,11,TSLA,long,0.00494384765625,0.0,0.00494384765625
2026-09-10,11,TSLA,long,-0.0335693359375,0.0,-0.0335693359375
2026-09-10,11,TSLA,long,-0.9661865234375,0.0,-0.9661865234375
2026-09-10,11,TSLA,long,6.650115966796875,0.0,6.650115966796875
2026-09-10,11,TSLA,long,-1.5145263671875,0.0,-1.5145263671875
2026-09-10,11,TSLA,long,-13.5032958984375,0.0,-13.5032958984375
2026-09-10,11,TSLA,long,1.9780883789072732,0.0,1.9780883789072732
2026-09-10,11,TSLA,long,9.180145263670909,0.0,9.180145263670909
2026-09-10,11,TSLA,long,15.044647216796875,0.0,15.044647216796875
2026-09-10,11,TSLA,long,-0.595062255859375,0.0,-0.595062255859375
2026-09-10,12,TSLA,long,1.2113037109377274,0.0,1.2113037109377274
2026-09-10,12,TSLA,long,0.2799072265622726,0.0,0.2799072265622726
2026-09-10,12,TSLA,long,-0.919921875,0.0,-0.919921875
2026-09-10,12,TSLA,long,0.2799072265625,0.0,0.2799072265625
2026-09-10,12,TSLA,long,0.19024658203142053,0.0,0.19024658203142053
2026-09-10,12,TSLA,long,-0.18988037109392053,0.0,-0.18988037109392053
2026-09-10,12,TSLA,long,-0.42022705078125,0.0,-0.42022705078125
2026-09-10,12,TSLA,long,0.10003662109386369,0.0,0.10003662109386369
2026-09-10,12,TSLA,long,-0.06991577148443184,0.0,-0.06991577148443184
2026-09-10,12,TSLA,long,-0.03009033203125,0.0,-0.03009033203125
2026-09-10,12,TSLA,long,-1.019989013671875,0.0,-1.019989013671875
2026-09-10,12,TSLA,long,-0.0450439453125,0.0,-0.0450439453125
2026-09-10,12,TSLA,long,3.274993896484375,0.0,3.274993896484375
2026-09-10,12,TSLA,long,0.0250244140625,0.0,0.0250244140625
2026-09-10,12,TSLA,long,1.5,0.0,1.5
2026-09-10,12,TSLA,long,-0.1199951171875,0.0,-0.1199951171875
2026-09-10,12,TSLA,long,-1.199981689453125,0.0,-1.199981689453125
2026-09-10,12,TSLA,long,-3.380126953125,0.0,-3.380126953125
2026-09-10,12,TSLA,long,0.130126953125,0.0,0.130126953125
2026-09-10,13,TSLA,long,-4.25,0.0,-4.25
2026-09-10,13,TSLA,long,-0.5950622558584087,0.0,-0.5950622558584087
2026-09-10,13,TSLA,long,5.7729492187490905,0.0,5.7729492187490905
2026-09-10,13,TSLA,long,0.626953125,0.0,0.626953125
2026-09-10,13,TSLA,long,-2.30010986328125,0.0,-2.30010986328125
2026-09-10,13,TSLA,long,-0.24993896484375,0.0,-0.24993896484375
2026-09-10,13,TSLA,long,0.72015380859375,0.0,0.72015380859375
2026-09-10,13,TSLA,long,0.719879150390625,0.0,0.719879150390625
2026-09-10,13,TSLA,long,0.450164794921875,0.0,0.450164794921875
2026-09-10,13,TSLA,long,0.105194091796875,0.0,0.105194091796875
2026-09-10,13,TSLA,long,2.3247070312505116,0.0,2.3247070312505116
2026-09-10,14,TSLA,long,-4.917449951172159,0.0,-4.917449951172159
2026-09-10,14,TSLA,long,-0.00762939453125,0.0,-0.00762939453125
2026-09-10,14,TSLA,long,-0.43975830078125,0.0,-0.43975830078125
2026-09-10,14,TSLA,long,-0.13763427734375,0.0,-0.13763427734375
2026-09-10,14,TSLA,long,3.65545654296875,0.0,3.65545654296875
2026-09-10,14,TSLA,long,-0.34033203125,0.0,-0.34033203125
2026-09-10,14,TSLA,long,3.900238037109375,0.0,3.900238037109375
2026-09-10,14,TSLA,long,-1.560333251953125,0.0,-1.560333251953125
2026-09-10,14,TSLA,long,3.41986083984375,0.0,3.41986083984375
2026-09-10,14,TSLA,long,6.7205810546875,0.0,6.7205810546875
2026-09-10,14,TSLA,long,-1.1202392578125,0.0,-1.1202392578125
2026-09-10,14,TSLA,long,-0.8040771484375,0.0,-0.8040771484375
2026-09-10,14,TSLA,long,-6.5555419921875,0.0,-6.5555419921875
2026-09-10,14,TSLA,long,1.5853271484375,0.0,1.5853271484375
2026-09-10,14,TSLA,long,10.21258544921875,0.0,10.21258544921875
2026-09-10,14,TSLA,long,-0.76171875,0.0,-0.76171875
2026-09-10,14,TSLA,long,1.1335754394544324,0.0,1.1335754394544324
2026-09-10,14,TSLA,long,-0.6899719238294324,0.0,-0.6899719238294324
2026-09-10,14,TSLA,long,0.5755615234375,0.0,0.5755615234375
2026-09-10,14,TSLA,long,-1.265533447265625,0.0,-1.265533447265625
2026-09-10,14,TSLA,long,10.925140380859375,0.0,10.925140380859375
2026-09-10,14,TSLA,long,-1.03460693359375,0.0,-1.03460693359375
2026-09-10,15,TSLA,long,-2.100341796875,0.0,-2.100341796875
2026-09-10,15,TSLA,long,-15.0994873046875,0.0,-15.0994873046875
2026-09-10,15,TSLA,long,-1.1004638671875,0.0,-1.1004638671875
2026-09-10,15,TSLA,long,9.7852783203125,0.0,9.7852783203125
2026-09-10,15,TSLA,long,-18.47998046874909,0.0,-18.47998046874909
2026-09-10,15,TSLA,long,-12.8350830078125,0.0,-12.8350830078125
2026-09-10,15,TSLA,long,-0.9348754882822163,0.0,-0.9348754882822163
2026-09-10,15,TSLA,long,4.8101806640625,0.0,4.8101806640625
2026-09-10,15,TSLA,long,2.589141845703125,0.0,2.589141845703125
2026-09-10,15,TSLA,long,-9.539428710935454,0.0,-9.539428710935454
2026-09-10,15,TSLA,long,0.5394287109354536,0.0,0.5394287109354536
2026-09-10,15,TSLA,long,18.92010498046875,0.0,18.92010498046875
2026-09-10,15,TSLA,long,-26.039886474609375,0.0,-26.039886474609375
2026-09-10,15,TSLA,long,0.46545410156426215,0.0,0.46545410156426215
2026-09-10,15,TSLA,long,8.059356689451363,0.0,8.059356689451363
2026-09-10,15,TSLA,long,0.4654541015625,0.0,0.4654541015625
2026-09-10,15,TSLA,long,-3.10302734375,0.0,-3.10302734375
2026-09-10,15,TSLA,long,-0.307464599609375,0.0,-0.307464599609375
2026-09-10,15,TSLA,long,-17.359924316404488,0.0,-17.359924316404488
2026-09-10,15,TSLA,long,-0.9299621582048871,0.0,-0.9299621582048871
2026-09-11,9,TSLA,short,48.070556640625,0.0,48.070556640625
2026-09-11,10,TSLA,short,-61.47015380859375,0.0,-61.47015380859375
2026-09-11,10,TSLA,short,1.61993408203125,0.0,1.61993408203125
2026-09-11,10,TSLA,long,-27.711639404296875,0.0,-27.711639404296875
2026-09-11,10,TSLA,long,4.166473388672841,0.0,4.166473388672841
2026-09-11,10,TSLA,long,0.17016601562403366,0.0,0.17016601562403366
2026-09-11,10,TSLA,long,-40.81024169921875,0.0,-40.81024169921875
2026-09-11,10,TSLA,long,-1.7576904296875,0.0,-1.7576904296875
2026-09-11,10,TSLA,long,-3.1537170410144313,0.0,-3.1537170410144313
2026-09-11,10,TSLA,long,-1.0484619140625,0.0,-1.0484619140625
2026-09-11,10,TSLA,long,-22.88992309570432,0.0,-22.88992309570432
2026-09-11,10,TSLA,long,0.0025634765625,0.0,0.0025634765625
2026-09-11,10,TSLA,long,62.672332763671875,0.0,62.672332763671875
2026-09-11,10,TSLA,long,-17.594635009765625,0.0,-17.594635009765625
2026-09-11,10,TSLA,long,-2.50299072265625,0.0,-2.50299072265625
2026-09-11,10,TSLA,long,-32.45745849609375,0.0,-32.45745849609375
2026-09-11,10,TSLA,long,-0.459747314453125,0.0,-0.459747314453125
2026-09-11,10,TSLA,long,14.29986572265625,0.0,14.29986572265625
2026-09-11,10,TSLA,long,0.110107421875,0.0,0.110107421875
2026-09-11,10,TSLA,long,29.71517944336057,0.0,29.71517944336057
2026-09-11,10,TSLA,long,0.2095642089831813,0.0,0.2095642089831813
2026-09-11,10,TSLA,long,-25.82958984375,0.0,-25.82958984375
2026-09-11,11,TSLA,long,-1.400146484375,0.0,-1.400146484375
2026-09-11,11,TSLA,long,-2.200317382811363,0.0,-2.200317382811363
2026-09-11,11,TSLA,long,7.2200927734375,0.0,7.2200927734375
2026-09-11,11,TSLA,long,0.09509277343641998,0.0,0.09509277343641998
2026-09-11,11,TSLA,long,1.1600341796875,0.0,1.1600341796875
2026-09-11,11,TSLA,long,0.06994628906261369,0.0,0.06994628906261369
2026-09-11,11,TSLA,long,-0.0601806640625,0.0,-0.0601806640625
2026-09-11,11,TSLA,long,-0.014099121093806843,0.0,-0.014099121093806843
2026-09-11,11,TSLA,long,4.15283203125,0.0,4.15283203125
2026-09-11,11,TSLA,long,0.06005859375,0.0,0.06005859375
2026-09-11,11,TSLA,long,-3.32000732421875,0.0,-3.32000732421875
2026-09-11,11,TSLA,long,0.8599853515625,0.0,0.8599853515625
2026-09-11,11,TSLA,long,-0.0999755859375,0.0,-0.0999755859375
2026-09-11,11,TSLA,long,-1.0800170898438068,0.0,-1.0800170898438068
2026-09-11,12,TSLA,long,8.260803222655852,0.0,8.260803222655852
2026-09-11,12,TSLA,long,-5.460571289062159,0.0,-5.460571289062159
2026-09-11,12,TSLA,long,0.11993408203090894,0.0,0.11993408203090894
2026-09-11,12,TSLA,long,-3.1999511718745453,0.0,-3.1999511718745453
2026-09-11,12,TSLA,long,0.07983398437454525,0.0,0.07983398437454525
2026-09-11,12,TSLA,long,-2.39990234375,0.0,-2.39990234375
2026-09-11,12,TSLA,long,0.19995117187545475,0.0,0.19995117187545475
2026-09-11,12,TSLA,long,4.28997802734375,0.0,4.28997802734375
2026-09-11,12,TSLA,long,-0.17706298828125,0.0,-0.17706298828125
2026-09-11,12,TSLA,long,3.236083984375,0.0,3.236083984375
2026-09-11,12,TSLA,long,0.361480712890625,0.0,0.361480712890625
2026-09-11,12,TSLA,long,-3.7496337890625,0.0,-3.7496337890625
2026-09-11,12,TSLA,long,0.2296142578125,0.0,0.2296142578125
2026-09-11,12,TSLA,long,1.5150146484375,0.0,1.5150146484375
2026-09-11,12,TSLA,long,0.0150146484375,0.0,0.0150146484375
2026-09-11,12,TSLA,long,-0.56005859375,0.0,-0.56005859375
2026-09-11,12,TSLA,long,-0.083984375,0.0,-0.083984375
2026-09-11,12,TSLA,long,2.96728515625,0.0,2.96728515625
2026-09-11,12,TSLA,long,-0.27929687499954525,0.0,-0.27929687499954525
2026-09-11,13,TSLA,long,-0.7349853515625,0.0,-0.7349853515625
2026-09-11,13,TSLA,long,0.019989013671818157,0.0,0.019989013671818157
2026-09-11,13,TSLA,long,-0.1199951171875,0.0,-0.1199951171875
2026-09-11,13,TSLA,long,0.024993896484375,0.0,0.024993896484375
2026-09-11,14,TSLA,long,0.6500244140627842,0.0,0.6500244140627842
2026-09-11,15,TSLA,long,4.655059814453125,0.0,4.655059814453125
2026-09-11,15,TSLA,long,0.1399230957035229,0.0,0.1399230957035229
2026-09-11,15,TSLA,long,-0.5700073242189205,0.0,-0.5700073242189205
2026-09-11,15,TSLA,long,-0.10491943359357947,0.0,-0.10491943359357947
2026-09-11,15,TSLA,long,-0.7400512695313637,0.0,-0.7400512695313637
2026-09-11,15,TSLA,long,-0.14996337890625,0.0,-0.14996337890625
2026-09-14,9,TSLA,short,311.1833190917969,0.0,311.1833190917969
2026-09-14,9,TSLA,short,-2.5498962402392067,0.0,-2.5498962402392067
2026-09-14,9,TSLA,short,-9.6591796875,0.0,-9.6591796875
2026-09-14,9,TSLA,short,7.139282226567275,0.0,7.139282226567275
2026-09-14,9,TSLA,short,86.68545532226562,0.0,86.68545532226562
2026-09-14,9,TSLA,short,-1.608428955078125,0.0,-1.608428955078125
2026-09-14,10,TSLA,short,0.2802734375,0.0,0.2802734375
2026-09-14,10,TSLA,short,1.25994873046875,0.0,1.25994873046875
2026-09-14,10,TSLA,short,27.65008544921875,0.0,27.65008544921875
2026-09-14,10,TSLA,short,18.83001708984375,0.0,18.83001708984375
2026-09-14,10,TSLA,short,-11.0242919921875,0.0,-11.0242919921875
2026-09-14,10,TSLA,short,0.60223388671875,0.0,0.60223388671875
2026-09-14,11,TSLA,long,14.244384765625,0.0,14.244384765625
2026-09-14,11,TSLA,long,-0.769256591796875,0.0,-0.769256591796875
2026-09-14,11,TSLA,long,6.088470458984375,0.0,6.088470458984375
2026-09-14,11,TSLA,long,0.351409912109375,0.0,0.351409912109375
2026-09-14,11,TSLA,long,11.00006103515625,0.0,11.00006103515625
2026-09-14,11,TSLA,long,0.1800537109375,0.0,0.1800537109375
2026-09-14,11,TSLA,long,6.635284423828125,0.0,6.635284423828125
2026-09-14,11,TSLA,long,0.18463134765767109,0.0,0.18463134765767109
2026-09-14,11,TSLA,long,-1.8110961914077848,0.0,-1.8110961914077848
2026-09-14,11,TSLA,long,0.72015380859375,0.0,0.72015380859375
2026-09-14,12,TSLA,long,-13.105316162109375,0.0,-13.105316162109375
2026-09-14,12,TSLA,long,0.5479431152359098,0.0,0.5479431152359098
2026-09-14,12,TSLA,long,24.666809082029317,0.0,24.666809082029317
2026-09-14,12,TSLA,long,0.34033203125,0.0,0.34033203125
2026-09-14,12,TSLA,long,-35.6396484375,0.0,-35.6396484375
2026-09-14,12,TSLA,long,-1.07666015625,0.0,-1.07666015625
2026-09-14,12,TSLA,long,-14.70367431640625,0.0,-14.70367431640625
2026-09-14,12,TSLA,long,0.1324462890625,0.0,0.1324462890625
2026-09-14,12,TSLA,long,45.43121337890625,0.0,45.43121337890625
2026-09-14,12,TSLA,long,-1.36029052734375,0.0,-1.36029052734375
2026-09-14,12,TSLA,long,-4.484466552733068,0.0,-4.484466552733068
2026-09-14,12,TSLA,long,-0.5685424804700574,0.0,-0.5685424804700574
2026-09-14,12,TSLA,long,-6.716552734375,0.0,-6.716552734375
2026-09-14,12,TSLA,long,0.974853515625,0.0,0.974853515625
2026-09-14,12,TSLA,long,-7.545593261717556,0.0,-7.545593261717556
2026-09-14,12,TSLA,long,-4.590087890625,0.0,-4.590087890625
2026-09-14,12,TSLA,long,-8.3594360351575,0.0,-8.3594360351575
2026-09-14,12,TSLA,long,-0.2161865234375,0.0,-0.2161865234375
2026-09-14,12,TSLA,long,26.61578369140625,0.0,26.61578369140625
2026-09-14,12,TSLA,long,-0.110107421875,0.0,-0.110107421875
2026-09-14,12,TSLA,long,-10.440032958984375,0.0,-10.440032958984375
2026-09-14,12,TSLA,long,-0.2699890136713634,0.0,-0.2699890136713634
2026-09-14,13,TSLA,long,4.099548339843238,0.0,4.099548339843238
2026-09-14,13,TSLA,long,0.175506591796875,0.0,0.175506591796875
2026-09-14,13,TSLA,long,-0.52490234375,0.0,-0.52490234375
2026-09-14,13,TSLA,long,-0.10009765625,0.0,-0.10009765625
2026-09-14,13,TSLA,long,-0.47998046875,0.0,-0.47998046875
2026-09-14,13,TSLA,long,0.09997558593772737,0.0,0.09997558593772737
2026-09-14,13,TSLA,long,0.5500793457028408,0.0,0.5500793457028408
2026-09-14,13,TSLA,long,-0.050048828125,0.0,-0.050048828125
2026-09-14,13,TSLA,long,-1.54998779296875,0.0,-1.54998779296875
2026-09-14,13,TSLA,long,2.324981689453125,0.0,2.324981689453125
2026-09-14,13,TSLA,long,0.200042724609375,0.0,0.200042724609375
2026-09-14,13,TSLA,long,0.11859130859375,0.0,0.11859130859375
2026-09-14,13,TSLA,long,-0.0986328125,0.0,-0.0986328125
2026-09-14,13,TSLA,long,-5.694854736328125,0.0,-5.694854736328125
2026-09-14,13,TSLA,long,1.10504150390625,0.0,1.10504150390625
2026-09-14,13,TSLA,long,4.759979248046875,0.0,4.759979248046875
2026-09-14,13,TSLA,long,-0.9348754882802837,0.0,-0.9348754882802837
2026-09-14,13,TSLA,long,-3.6549377441415913,0.0,-3.6549377441415913
2026-09-14,13,TSLA,long,0.509979248046875,0.0,0.509979248046875
2026-09-14,13,TSLA,long,-0.850311279296875,0.0,-0.850311279296875
2026-09-14,13,TSLA,long,-0.25473022460840866,0.0,-0.25473022460840866
2026-09-14,13,TSLA,long,-3.6549377441415913,0.0,-3.6549377441415913
2026-09-14,13,TSLA,long,-0.170166015625,0.0,-0.170166015625
2026-09-14,14,TSLA,long,-1.19012451171875,0.0,-1.19012451171875
2026-09-14,14,TSLA,long,-0.1680908203125,0.0,-0.1680908203125
2026-09-14,14,TSLA,long,-7.31195068359375,0.0,-7.31195068359375
2026-09-14,14,TSLA,long,0.2822265625,0.0,0.2822265625
2026-09-14,14,TSLA,long,-2.1535339355459087,0.0,-2.1535339355459087
2026-09-14,14,TSLA,long,-0.5084228515625,0.0,-0.5084228515625
2026-09-14,14,TSLA,long,-4.31982421875,0.0,-4.31982421875
2026-09-14,14,TSLA,long,-0.090087890625,0.0,-0.090087890625
2026-09-14,14,TSLA,long,-5.865020751954091,0.0,-5.865020751954091
2026-09-14,14,TSLA,long,-0.42489624023340866,0.0,-0.42489624023340866
2026-09-14,14,TSLA,long,0.6498413085922721,0.0,0.6498413085922721
2026-09-14,14,TSLA,long,-0.26025390625,0.0,-0.26025390625
2026-09-14,14,TSLA,long,0.22021484375,0.0,0.22021484375
2026-09-14,14,TSLA,long,-0.49481201171875,0.0,-0.49481201171875
2026-09-14,14,TSLA,long,-4.125,0.0,-4.125
2026-09-14,14,TSLA,long,0.31622314453125,0.0,0.31622314453125
2026-09-14,14,TSLA,long,-3.242156982421875,0.0,-3.242156982421875
2026-09-14,14,TSLA,long,0.419769287109375,0.0,0.419769287109375
2026-09-14,14,TSLA,long,2.5,0.0,2.5
2026-09-14,14,TSLA,long,-0.4998779296875,0.0,-0.4998779296875
2026-09-14,14,TSLA,long,0.509979248046875,0.0,0.509979248046875
2026-09-14,14,TSLA,long,0.6801452636728413,0.0,0.6801452636728413
2026-09-14,14,TSLA,long,-0.8999633789071027,0.0,-0.8999633789071027
2026-09-14,14,TSLA,long,-0.750274658203125,0.0,-0.750274658203125
2026-09-14,15,TSLA,long,0.2802734375,0.0,0.2802734375
2026-09-14,15,TSLA,long,-0.2802734375,0.0,-0.2802734375
2026-09-14,15,TSLA,long,-2.07965087890625,0.0,-2.07965087890625
2026-09-14,15,TSLA,long,0.12973022461011396,0.0,0.12973022461011396
2026-09-14,15,TSLA,long,-6.719970703125682,0.0,-6.719970703125682
2026-09-14,15,TSLA,long,-0.1798095703125,0.0,-0.1798095703125
2026-09-14,15,TSLA,long,-4.454986572265625,0.0,-4.454986572265625
2026-09-14,15,TSLA,long,-0.043975830078125,0.0,-0.043975830078125
2026-09-14,15,TSLA,long,-1.3441162109375,0.0,-1.3441162109375
2026-09-14,15,TSLA,long,0.20977783203125,0.0,0.20977783203125
2026-09-14,15,TSLA,long,-2.77496337890625,0.0,-2.77496337890625
2026-09-14,15,TSLA,long,0.30029296875,0.0,0.30029296875
2026-09-14,15,TSLA,long,14.6197509765625,0.0,14.6197509765625
2026-09-14,15,TSLA,long,-0.254730224609375,0.0,-0.254730224609375
2026-09-14,15,TSLA,long,-0.88037109375,0.0,-0.88037109375
2026-09-14,15,TSLA,long,0.486328125,0.0,0.486328125
2026-09-14,15,TSLA,long,-0.3216552734375,0.0,-0.3216552734375
2026-09-14,15,TSLA,long,-0.7757568359375,0.0,-0.7757568359375
2026-09-14,15,TSLA,long,4.805908203125,0.0,4.805908203125
2026-09-14,15,TSLA,long,-0.62060546875,0.0,-0.62060546875
2026-09-14,15,TSLA,long,-5.549926757814205,0.0,-5.549926757814205
2026-09-14,15,TSLA,long,-0.1501464843732947,0.0,-0.1501464843732947
2026-09-14,15,TSLA,long,-22.20245361328125,0.0,-22.20245361328125
2026-09-14,15,TSLA,long,-0.897216796875,0.0,-0.897216796875
2026-08-31,9,PLTR,long,7.078628540042388,0.0,7.078628540042388
2026-08-31,9,PLTR,long,-18.777557373046875,0.0,-18.777557373046875
2026-08-31,9,PLTR,long,98.64016723632423,0.0,98.64016723632423
2026-08-31,9,PLTR,long,4.109832763675769,0.0,4.109832763675769
2026-08-31,9,PLTR,long,-124.44116210937113,0.0,-124.44116210937113
2026-08-31,9,PLTR,long,-0.6785888671913654,0.0,-0.6785888671913654
2026-08-31,10,PLTR,long,-40.800415039066365,0.0,-40.800415039066365
2026-08-31,10,PLTR,long,-2.7205810546836346,0.0,-2.7205810546836346
2026-08-31,10,PLTR,long,-17.43238830566844,0.0,-17.43238830566844
2026-08-31,10,PLTR,long,-4.127517700188747,0.0,-4.127517700188747
2026-08-31,10,PLTR,short,3.2203369140638074,0.0,3.2203369140638074
2026-08-31,10,PLTR,short,-2.3001403808606824,0.0,-2.3001403808606824
2026-08-31,10,PLTR,short,3.6000823974609375,0.0,3.6000823974609375
2026-08-31,10,PLTR,short,0.701751708984375,0.0,0.701751708984375
2026-08-31,10,PLTR,long,-11.782699584963865,0.0,-11.782699584963865
2026-08-31,10,PLTR,long,-2.57594299316699,0.0,-2.57594299316699
2026-08-31,10,PLTR,long,-12.254501342772215,0.0,-12.254501342772215
2026-08-31,10,PLTR,long,-0.2152099609375,0.0,-0.2152099609375
2026-08-31,10,PLTR,long,70.10975646972656,0.0,70.10975646972656
2026-08-31,10,PLTR,long,-1.995208740232755,0.0,-1.995208740232755
2026-08-31,10,PLTR,long,-56.030273437503865,0.0,-56.030273437503865
2026-08-31,10,PLTR,long,4.3516845703125,0.0,4.3516845703125
2026-08-31,10,PLTR,long,19.179916381832044,0.0,19.179916381832044
2026-08-31,10,PLTR,long,-2.7405853271445437,0.0,-2.7405853271445437
2026-08-31,10,PLTR,long,-14.20672607421875,0.0,-14.20672607421875
2026-08-31,10,PLTR,long,10.096893310546875,0.0,10.096893310546875
2026-08-31,10,PLTR,long,-13.20068359375,0.0,-13.20068359375
2026-08-31,10,PLTR,long,-0.135498046875,0.0,-0.135498046875
2026-08-31,10,PLTR,long,59.77919006347432,0.0,59.77919006347432
2026-08-31,10,PLTR,long,0.3953857421897453,0.0,0.3953857421897453
2026-08-31,11,PLTR,long,-24.5701904296875,0.0,-24.5701904296875
2026-08-31,11,PLTR,long,55.163879394528465,0.0,55.163879394528465
2026-08-31,11,PLTR,long,-4.203460693359375,0.0,-4.203460693359375
2026-08-31,11,PLTR,long,8.259063720709833,0.0,8.259063720709833
2026-08-31,11,PLTR,long,8.1908569335871,0.0,8.1908569335871
2026-08-31,11,PLTR,long,3.5098571777377003,0.0,3.5098571777377003
2026-08-31,11,PLTR,long,-4.569580078125,0.0,-4.569580078125
2026-08-31,11,PLTR,long,1.209228515625,0.0,1.209228515625
2026-08-31,11,PLTR,long,10.080322265625,0.0,10.080322265625
2026-08-31,11,PLTR,long,-2.39501953125,0.0,-2.39501953125
2026-08-31,11,PLTR,long,-1.3211212158206251,0.0,-1.3211212158206251
2026-08-31,11,PLTR,long,-0.11010742187437472,0.0,-0.11010742187437472
2026-08-31,11,PLTR,long,-3.899993896484375,0.0,-3.899993896484375
2026-08-31,11,PLTR,long,3.640380859373522,0.0,3.640380859373522
2026-08-31,11,PLTR,long,1.341735839842272,0.0,1.341735839842272
2026-08-31,11,PLTR,long,2.043304443363354,0.0,2.043304443363354
2026-08-31,11,PLTR,long,0.3503417968730105,0.0,0.3503417968730105
2026-08-31,11,PLTR,long,8.579818725586875,0.0,8.579818725586875
2026-08-31,11,PLTR,long,-0.16465759277531333,0.0,-0.16465759277531333
2026-08-31,11,PLTR,long,7.7550201416025,0.0,7.7550201416025
2026-08-31,11,PLTR,long,-0.6566162109375,0.0,-0.6566162109375
2026-08-31,12,PLTR,long,-14.853424072266563,0.0,-14.853424072266563
2026-08-31,12,PLTR,long,1.3197784423837504,0.0,1.3197784423837504
2026-08-31,12,PLTR,long,-3.409545898439262,0.0,-3.409545898439262
2026-08-31,12,PLTR,long,2.169281005861137,0.0,2.169281005861137
2026-08-31,12,PLTR,long,4.960113525392387,0.0,4.960113525392387
2026-08-31,12,PLTR,long,-2.479583740236137,0.0,-2.479583740236137
2026-08-31,12,PLTR,long,12.809692382813694,0.0,12.809692382813694
2026-08-31,12,PLTR,long,1.0503845214831813,0.0,1.0503845214831813
2026-08-31,12,PLTR,long,-1.52032470703017,0.0,-1.52032470703017
2026-08-31,12,PLTR,long,5.734954833983323,0.0,5.734954833983323
2026-08-31,12,PLTR,long,0.225830078125,0.0,0.225830078125
2026-08-31,12,PLTR,long,79.89044189453125,0.0,79.89044189453125
2026-08-31,12,PLTR,long,-2.9998779296875,0.0,-2.9998779296875
2026-08-31,12,PLTR,short,-29.639587402345228,0.0,-29.639587402345228
2026-08-31,12,PLTR,long,-32.44979858398594,0.0,-32.44979858398594
2026-08-31,12,PLTR,long,-2.1996307373046875,0.0,-2.1996307373046875
2026-08-31,12,PLTR,long,10.359954833982272,0.0,10.359954833982272
2026-08-31,12,PLTR,long,-0.7407226562457936,0.0,-0.7407226562457936
2026-08-31,12,PLTR,long,10.950668334956788,0.0,10.950668334956788
2026-08-31,12,PLTR,long,1.6129150390645748,0.0,1.6129150390645748
2026-08-31,12,PLTR,short,12.0423583984375,0.0,12.0423583984375
2026-08-31,12,PLTR,short,2.3802490234375,0.0,2.3802490234375
2026-08-31,13,PLTR,long,-29.250335693357954,0.0,-29.250335693357954
2026-08-31,13,PLTR,long,-2.249908447265625,0.0,-2.249908447265625
2026-08-31,13,PLTR,long,-1.4699401855496603,0.0,-1.4699401855496603
2026-08-31,13,PLTR,long,1.4654541015638927,0.0,1.4654541015638927
2026-08-31,13,PLTR,long,-16.795166015623636,0.0,-16.795166015623636
2026-08-31,13,PLTR,long,1.4348144531236358,0.0,1.4348144531236358
2026-08-31,13,PLTR,long,-22.554931640625,0.0,-22.554931640625
2026-08-31,13,PLTR,long,-0.7199707031263642,0.0,-0.7199707031263642
2026-08-31,13,PLTR,long,5.375,0.0,5.375
2026-08-31,13,PLTR,long,-1.2899475097644029,0.0,-1.2899475097644029
2026-08-31,13,PLTR,long,-8.25004577636932,0.0,-8.25004577636932
2026-08-31,13,PLTR,long,1.1249542236328125,0.0,1.1249542236328125
2026-08-31,13,PLTR,long,-14.250183105466618,0.0,-14.250183105466618
2026-08-31,13,PLTR,long,-1.874542236328125,0.0,-1.874542236328125
2026-08-31,13,PLTR,long,29.9696044921875,0.0,29.9696044921875
2026-08-31,13,PLTR,long,-3.240692138669573,0.0,-3.240692138669573
2026-08-31,13,PLTR,long,-29.629714965824917,0.0,-29.629714965824917
2026-08-31,13,PLTR,long,3.710357666017927,0.0,3.710357666017927
2026-08-31,13,PLTR,long,51.700286865234375,0.0,51.700286865234375
2026-08-31,13,PLTR,long,-0.94091796875,0.0,-0.94091796875
2026-08-31,13,PLTR,long,9.871032714841078,0.0,9.871032714841078
2026-08-31,13,PLTR,long,0.469024658203125,0.0,0.469024658203125
2026-08-31,13,PLTR,long,30.791305541992188,0.0,30.791305541992188
2026-08-31,13,PLTR,long,0.23391723633019978,0.0,0.23391723633019978
2026-08-31,14,PLTR,long,-17.884643554689575,0.0,-17.884643554689575
2026-08-31,14,PLTR,long,-1.825668334956788,0.0,-1.825668334956788
2026-08-31,14,PLTR,long,60.232574462890625,0.0,60.232574462890625
2026-08-31,14,PLTR,long,0.7229156494119877,0.0,0.7229156494119877
2026-08-31,14,PLTR,long,-20.159912109375,0.0,-20.159912109375
2026-08-31,14,PLTR,long,1.4403076171875,0.0,1.4403076171875
2026-08-31,14,PLTR,long,-4.0816955566384365,0.0,-4.0816955566384365
2026-08-31,14,PLTR,long,0.6156616210915615,0.0,0.6156616210915615
2026-08-31,14,PLTR,long,19.55093383788821,0.0,19.55093383788821
2026-08-31,14,PLTR,long,-1.2749481201147717,0.0,-1.2749481201147717
2026-08-31,14,PLTR,long,10.949554443359375,0.0,10.949554443359375
2026-08-31,14,PLTR,long,1.2263946533203125,0.0,1.2263946533203125
2026-08-31,14,PLTR,long,-11.566360473632812,0.0,-11.566360473632812
2026-08-31,14,PLTR,long,-13.00079345703125,0.0,-13.00079345703125
2026-08-31,14,PLTR,long,0.650634765625,0.0,0.650634765625
2026-08-31,14,PLTR,long,2.5191650390625,0.0,2.5191650390625
2026-08-31,14,PLTR,short,-20.6553955078125,0.0,-20.6553955078125
2026-08-31,14,PLTR,short,-16.199752807617188,0.0,-16.199752807617188
2026-08-31,14,PLTR,short,-0.810791015625,0.0,-0.810791015625
2026-08-31,14,PLTR,long,13.1396484375,0.0,13.1396484375
2026-08-31,14,PLTR,long,-6.539611816404545,0.0,-6.539611816404545
2026-08-31,15,PLTR,long,-1.050170898437898,0.0,-1.050170898437898
2026-08-31,15,PLTR,long,-0.2099914550777271,0.0,-0.2099914550777271
2026-08-31,15,PLTR,long,0.5851745605465055,0.0,0.5851745605465055
2026-08-31,15,PLTR,long,-0.0650634765625,0.0,-0.0650634765625
2026-08-31,15,PLTR,long,1.439941406249659,0.0,1.439941406249659
2026-08-31,15,PLTR,long,0.06005859375034106,0.0,0.06005859375034106
2026-08-31,15,PLTR,long,0.29992675781284106,0.0,0.29992675781284106
2026-08-31,15,PLTR,long,-0.3599853515631821,0.0,-0.3599853515631821
2026-08-31,15,PLTR,long,1.920043945312841,0.0,1.920043945312841
2026-08-31,15,PLTR,long,0.2999267578125,0.0,0.2999267578125
2026-08-31,15,PLTR,long,-2.5799560546875,0.0,-2.5799560546875
2026-08-31,15,PLTR,long,-0.27117919921875,0.0,-0.27117919921875
2026-08-31,15,PLTR,long,-3.131103515625,0.0,-3.131103515625
2026-08-31,15,PLTR,long,-1.52032470703017,0.0,-1.52032470703017
2026-08-31,15,PLTR,long,-4.994796752930739,0.0,-4.994796752930739
2026-08-31,15,PLTR,long,0.5549774169921875,0.0,0.5549774169921875
2026-09-01,9,PLTR,long,-103.54348754882812,0.0,-103.54348754882812
2026-09-01,9,PLTR,long,6.90325927734375,0.0,6.90325927734375
2026-09-01,9,PLTR,long,93.98533630371597,0.0,93.98533630371597
2026-09-01,9,PLTR,long,10.61956787108872,0.0,10.61956787108872
2026-09-01,9,PLTR,long,115.05162048340347,0.0,115.05162048340347
2026-09-01,9,PLTR,long,-334.8836975097656,0.0,-334.8836975097656
2026-09-01,9,PLTR,long,1.236968994140625,0.0,1.236968994140625
2026-09-01,10,PLTR,short,-39.80717468261719,0.0,-39.80717468261719
2026-09-01,10,PLTR,short,13.25555419922378,0.0,13.25555419922378
2026-09-01,10,PLTR,long,74.1948699951192,0.0,74.1948699951192
2026-09-01,10,PLTR,long,-6.03547668457233,0.0,-6.03547668457233
2026-09-01,10,PLTR,long,84.35012817382812,0.0,84.35012817382812
2026-09-01,10,PLTR,long,-2.275085449214771,0.0,-2.275085449214771
2026-09-01,10,PLTR,short,-57.808837890622726,0.0,-57.808837890622726
2026-09-01,10,PLTR,short,-4.791259765622726,0.0,-4.791259765622726
2026-09-01,10,PLTR,short,-24.40216064453125,0.0,-24.40216064453125
2026-09-01,10,PLTR,short,-2.8977966308613645,0.0,-2.8977966308613645
2026-09-01,10,PLTR,long,29.054031372070312,0.0,29.054031372070312
2026-09-01,10,PLTR,long,0.3221740722612765,0.0,0.3221740722612765
2026-09-01,10,PLTR,long,-35.15322875976102,0.0,-35.15322875976102
2026-09-01,10,PLTR,long,-2.4299011230514793,0.0,-2.4299011230514793
2026-09-01,10,PLTR,long,71.2803955078125,0.0,71.2803955078125
2026-09-01,10,PLTR,long,8.098022460946709,0.0,8.098022460946709
2026-09-01,10,PLTR,short,38.27911376953125,0.0,38.27911376953125
2026-09-01,10,PLTR,long,2.6098937988264765,0.0,2.6098937988264765
2026-09-01,10,PLTR,long,3.190460205078125,0.0,3.190460205078125
2026-09-01,10,PLTR,long,-24.300384521484375,0.0,-24.300384521484375
2026-09-01,10,PLTR,short,64.73544311523438,0.0,64.73544311523438
2026-09-01,10,PLTR,short,-7.8523712158203125,0.0,-7.8523712158203125
2026-09-01,11,PLTR,short,139.13818359375,0.0,139.13818359375
2026-09-01,11,PLTR,short,-1.539154052734375,0.0,-1.539154052734375
2026-09-01,11,PLTR,short,55.7734375,0.0,55.7734375
2026-09-01,11,PLTR,short,-0.51025390625,0.0,-0.51025390625
2026-09-01,11,PLTR,short,149.76577758789062,0.0,149.76577758789062
2026-09-01,11,PLTR,short,-0.1415252685546875,0.0,-0.1415252685546875
2026-09-01,11,PLTR,short,-35.599456787109375,0.0,-35.599456787109375
2026-09-01,11,PLTR,short,-1.779022216801934,0.0,-1.779022216801934
2026-09-01,11,PLTR,short,-3.5596618652293444,0.0,-3.5596618652293444
2026-09-01,11,PLTR,short,-7.0626068115234375,0.0,-7.0626068115234375
2026-09-01,11,PLTR,long,76.22891235351844,0.0,76.22891235351844
2026-09-01,11,PLTR,long,-3.72216796875,0.0,-3.72216796875
2026-09-01,11,PLTR,long,8.295867919920994,0.0,8.295867919920994
2026-09-01,11,PLTR,long,-2.1669158935546875,0.0,-2.1669158935546875
2026-09-01,11,PLTR,long,-0.09970092773440342,0.0,-0.09970092773440342
2026-09-01,11,PLTR,long,0.05960083007815342,0.0,0.05960083007815342
2026-09-01,11,PLTR,long,5.7498931884765625,0.0,5.7498931884765625
2026-09-01,11,PLTR,long,8.250045776366477,0.0,8.250045776366477
2026-09-01,11,PLTR,long,0.3749847412109375,0.0,0.3749847412109375
2026-09-01,11,PLTR,long,-13.725128173827699,0.0,-13.725128173827699
2026-09-01,11,PLTR,short,50.820281982421875,0.0,50.820281982421875
2026-09-01,11,PLTR,short,-1.54150390625,0.0,-1.54150390625
2026-09-01,12,PLTR,short,-11.520263671875,0.0,-11.520263671875
2026-09-01,12,PLTR,short,-0.7185058593790927,0.0,-0.7185058593790927
2026-09-01,12,PLTR,long,-7.099349975589973,0.0,-7.099349975589973
2026-09-01,12,PLTR,long,-3.1948699951131516,0.0,-3.1948699951131516
2026-09-01,12,PLTR,long,-0.037811279296875,0.0,-0.037811279296875
2026-09-01,12,PLTR,long,-0.10221862792988645,0.0,-0.10221862792988645
2026-09-01,12,PLTR,long,-6.745086669921875,0.0,-6.745086669921875
2026-09-01,12,PLTR,long,-1.774566650392643,0.0,-1.774566650392643
2026-09-01,12,PLTR,long,-33.15046691894386,0.0,-33.15046691894386
2026-09-01,12,PLTR,long,-0.764968872071762,0.0,-0.764968872071762
2026-09-01,12,PLTR,short,17.324295043943124,0.0,17.324295043943124
2026-09-01,12,PLTR,long,3.4997558593755684,0.0,3.4997558593755684
2026-09-01,12,PLTR,long,-0.6997680664073869,0.0,-0.6997680664073869
2026-09-01,12,PLTR,long,-24.480041503902385,0.0,-24.480041503902385
2026-09-01,12,PLTR,long,2.5198974609375,0.0,2.5198974609375
2026-09-01,12,PLTR,long,0.20988464355409064,0.0,0.20988464355409064
2026-09-01,12,PLTR,long,2.5202178955084094,0.0,2.5202178955084094
2026-09-01,12,PLTR,long,-0.2102050781261937,0.0,-0.2102050781261937
2026-09-01,12,PLTR,short,-5.1300811767583525,0.0,-5.1300811767583525
2026-09-01,12,PLTR,short,0.3800811767583525,0.0,0.3800811767583525
2026-09-01,12,PLTR,short,-53.36016845703125,0.0,-53.36016845703125
2026-09-01,12,PLTR,short,-0.4604492187526148,0.0,-0.4604492187526148
2026-09-01,13,PLTR,long,29.63995361328125,0.0,29.63995361328125
2026-09-01,13,PLTR,long,0.569976806641705,0.0,0.569976806641705
2026-09-01,13,PLTR,long,-34.039932250977614,0.0,-34.039932250977614
2026-09-01,13,PLTR,long,-0.370361328125,0.0,-0.370361328125
2026-09-01,13,PLTR,short,7.038818359375,0.0,7.038818359375
2026-09-01,13,PLTR,short,-5.27978515625,0.0,-5.27978515625
2026-09-01,13,PLTR,short,-28.000640869140625,0.0,-28.000640869140625
2026-09-01,13,PLTR,short,1.7490386962890625,0.0,1.7490386962890625
2026-09-01,13,PLTR,short,42.56097412109375,0.0,42.56097412109375
2026-09-01,13,PLTR,short,1.9949188232384074,0.0,1.9949188232384074
2026-09-01,13,PLTR,short,24.484848022463297,0.0,24.484848022463297
2026-09-01,13,PLTR,short,-1.409942626953125,0.0,-1.409942626953125
2026-09-01,13,PLTR,short,0.23522949218616418,0.0,0.23522949218616418
2026-09-01,13,PLTR,short,-8.740112304686193,0.0,-8.740112304686193
2026-09-01,13,PLTR,short,0.2302246093736926,0.0,0.2302246093736926
2026-09-01,13,PLTR,short,7.539398193362672,0.0,7.539398193362672
2026-09-01,13,PLTR,short,-1.4496459960953985,0.0,-1.4496459960953985
2026-09-01,13,PLTR,short,-15.950531005859375,0.0,-15.950531005859375
2026-09-01,13,PLTR,short,1.160247802734375,0.0,1.160247802734375
2026-09-01,13,PLTR,short,13.339752197265625,0.0,13.339752197265625
2026-09-01,13,PLTR,short,1.160247802734375,0.0,1.160247802734375
2026-09-01,13,PLTR,long,-13.999786376955115,0.0,-13.999786376955115
2026-09-01,13,PLTR,long,-0.700683593746021,0.0,-0.700683593746021
2026-09-01,14,PLTR,long,-9.666275024416024,0.0,-9.666275024416024
2026-09-01,14,PLTR,long,-2.408935546875,0.0,-2.408935546875
2026-09-01,14,PLTR,long,-18.263946533203125,0.0,-18.263946533203125
2026-09-01,14,PLTR,long,-1.7452392578125,0.0,-1.7452392578125
2026-09-01,14,PLTR,long,-16.80145263671875,0.0,-16.80145263671875
2026-09-01,14,PLTR,long,-4.1998291015625,0.0,-4.1998291015625
2026-09-01,14,PLTR,long,0.3997802734375,0.0,0.3997802734375
2026-09-01,14,PLTR,long,-2.052001953125,0.0,-2.052001953125
2026-09-01,14,PLTR,long,3.9649658203125,0.0,3.9649658203125
2026-09-01,14,PLTR,long,-1.1239013671875,0.0,-1.1239013671875
2026-09-01,14,PLTR,short,-0.2699890136716192,0.0,-0.2699890136716192
2026-09-01,14,PLTR,short,0.224945068359375,0.0,0.224945068359375
2026-09-01,14,PLTR,long,-18.24041748046551,0.0,-18.24041748046551
2026-09-01,14,PLTR,long,0.5705566406217599,0.0,0.5705566406217599
2026-09-01,14,PLTR,long,-10.730300903320312,0.0,-10.730300903320312
2026-09-01,14,PLTR,long,-1.4500885009757383,0.0,-1.4500885009757383
2026-09-01,14,PLTR,long,-3.359863281250796,0.0,-3.359863281250796
2026-09-01,14,PLTR,long,0.1401367187507958,0.0,0.1401367187507958
2026-09-01,14,PLTR,long,-26.974746704099203,0.0,-26.974746704099203
2026-09-01,14,PLTR,long,0.8295440673804535,0.0,0.8295440673804535
2026-09-01,14,PLTR,long,31.7999267578125,0.0,31.7999267578125
2026-09-01,14,PLTR,long,0.59967041015625,0.0,0.59967041015625
2026-09-01,14,PLTR,short,7.8100433349609375,0.0,7.8100433349609375
2026-09-01,14,PLTR,short,1.419219970705143,0.0,1.419219970705143
2026-09-01,15,PLTR,short,-2.0999145507832395,0.0,-2.0999145507832395
2026-09-01,15,PLTR,short,-0.699615478515625,0.0,-0.699615478515625
2026-09-01,15,PLTR,short,-11.385589599611336,0.0,-11.385589599611336
2026-09-01,15,PLTR,short,1.0349578857461097,0.0,1.0349578857461097
2026-09-01,15,PLTR,short,0.37536621093536837,0.0,0.37536621093536837
2026-09-01,15,PLTR,short,0.9075164794921875,0.0,0.9075164794921875
2026-09-01,15,PLTR,short,-41.59564208984165,0.0,-41.59564208984165
2026-09-01,15,PLTR,short,7.82061767578125,0.0,7.82061767578125
2026-09-01,15,PLTR,short,0.9194946289036352,0.0,0.9194946289036352
2026-09-01,15,PLTR,short,-23.740234375,0.0,-23.740234375
2026-09-01,15,PLTR,short,-2.609558105471166,0.0,-2.609558105471166
2026-09-01,15,PLTR,long,-17.155044555666137,0.0,-17.155044555666137
2026-09-01,15,PLTR,long,-0.3653564453125,0.0,-0.3653564453125
2026-09-01,15,PLTR,long,-5.669769287110142,0.0,-5.669769287110142
2026-09-01,15,PLTR,long,-0.2702636718734652,0.0,-0.2702636718734652
2026-09-01,15,PLTR,short,0.05999755859375,0.0,0.05999755859375
2026-09-01,15,PLTR,short,0.014999389648465922,0.0,0.014999389648465922
2026-09-02,9,PLTR,long,66.98291015625,0.0,66.98291015625
2026-09-02,9,PLTR,long,-4.619476318359375,0.0,-4.619476318359375
2026-09-02,9,PLTR,long,117.41986083984375,0.0,117.41986083984375
2026-09-02,9,PLTR,long,-3.409423828125,0.0,-3.409423828125
2026-09-02,9,PLTR,long,-0.015289306640625,0.0,-0.015289306640625
2026-09-02,9,PLTR,long,25.048980712890625,0.0,25.048980712890625
2026-09-02,10,PLTR,long,-87.7811279296875,0.0,-87.7811279296875
2026-09-02,10,PLTR,long,3.080657958984375,0.0,3.080657958984375
2026-09-02,10,PLTR,long,-245.21932983398438,0.0,-245.21932983398438
2026-09-02,10,PLTR,long,-13.420013427734375,0.0,-13.420013427734375
2026-09-02,10,PLTR,long,0.65997314453125,0.0,0.65997314453125
2026-09-02,10,PLTR,long,15.070083618164062,0.0,15.070083618164062
2026-09-02,10,PLTR,long,0.6856689453125,0.0,0.6856689453125
2026-09-02,10,PLTR,long,-89.73483276367188,0.0,-89.73483276367188
2026-09-02,10,PLTR,long,-1.371337890625,0.0,-1.371337890625
2026-09-02,10,PLTR,long,-0.259857177734375,0.0,-0.259857177734375
2026-09-02,10,PLTR,long,-1.5599365234375,0.0,-1.5599365234375
2026-09-02,10,PLTR,long,12.320068359375,0.0,12.320068359375
2026-09-02,10,PLTR,long,-0.560546875,0.0,-0.560546875
2026-09-02,10,PLTR,long,-16.8001708984375,0.0,-16.8001708984375
2026-09-02,10,PLTR,long,14.740081787109375,0.0,14.740081787109375
2026-09-02,10,PLTR,long,3.989837646484375,0.0,3.989837646484375
2026-09-02,10,PLTR,long,5.321136474609375,0.0,5.321136474609375
2026-09-02,10,PLTR,long,-45.219512939453125,0.0,-45.219512939453125
2026-09-02,10,PLTR,long,3.989837646484375,0.0,3.989837646484375
2026-09-02,10,PLTR,long,-11.219879150390625,0.0,-11.219879150390625
2026-09-02,10,PLTR,long,-1.97991943359375,0.0,-1.97991943359375
2026-09-02,11,PLTR,long,-10.540176391601562,0.0,-10.540176391601562
2026-09-02,11,PLTR,long,-0.509979248046875,0.0,-0.509979248046875
2026-09-02,11,PLTR,long,-3.679931640625,0.0,-3.679931640625
2026-09-02,11,PLTR,long,-11.399917602539062,0.0,-11.399917602539062
2026-09-02,11,PLTR,long,-0.7500457763671875,0.0,-0.7500457763671875
2026-09-02,11,PLTR,long,-6.577239990234375,0.0,-6.577239990234375
2026-09-02,11,PLTR,long,0.13714599609375,0.0,0.13714599609375
2026-09-02,11,PLTR,long,-2.8209381103515625,0.0,-2.8209381103515625
2026-09-02,11,PLTR,long,-0.16900634765625,0.0,-0.16900634765625
2026-09-02,11,PLTR,long,-9.43084716796875,0.0,-9.43084716796875
2026-09-02,11,PLTR,long,-0.003662109375,0.0,-0.003662109375
2026-09-02,11,PLTR,long,-6.8617401123046875,0.0,-6.8617401123046875
2026-09-02,11,PLTR,long,-0.2200469970703125,0.0,-0.2200469970703125
2026-09-02,11,PLTR,long,-13.4639892578125,0.0,-13.4639892578125
2026-09-02,11,PLTR,long,-0.0659637451171875,0.0,-0.0659637451171875
2026-09-02,11,PLTR,long,0.989959716796875,0.0,0.989959716796875
2026-09-02,11,PLTR,long,0.110107421875,0.0,0.110107421875
2026-09-02,11,PLTR,long,-31.68670654296875,0.0,-31.68670654296875
2026-09-02,11,PLTR,long,2.263336181640625,0.0,2.263336181640625
2026-09-02,11,PLTR,long,-192.64938354492188,0.0,-192.64938354492188
2026-09-02,11,PLTR,long,4.521148681640625,0.0,4.521148681640625
2026-09-02,12,PLTR,long,33.34938049316406,0.0,33.34938049316406
2026-09-02,12,PLTR,long,-1.4492034912109375,0.0,-1.4492034912109375
2026-09-02,12,PLTR,long,-49.299468994140625,0.0,-49.299468994140625
2026-09-02,12,PLTR,long,-5.801239013671875,0.0,-5.801239013671875
2026-09-02,12,PLTR,long,-37.426025390625,0.0,-37.426025390625
2026-09-02,12,PLTR,long,2.867431640625,0.0,2.867431640625
2026-09-02,12,PLTR,long,-35.03648376464844,0.0,-35.03648376464844
2026-09-02,12,PLTR,long,42.18473815917969,0.0,42.18473815917969
2026-09-02,12,PLTR,long,4.5756683349609375,0.0,4.5756683349609375
2026-09-02,12,PLTR,long,67.16702270507812,0.0,67.16702270507812
2026-09-02,12,PLTR,long,-7.100433349609375,0.0,-7.100433349609375
2026-09-02,12,PLTR,long,10.574569702148438,0.0,10.574569702148438
2026-09-02,12,PLTR,long,-4.229827880859375,0.0,-4.229827880859375
2026-09-02,12,PLTR,long,96.20071411132812,0.0,96.20071411132812
2026-09-02,12,PLTR,long,-9.087066650390625,0.0,-9.087066650390625
2026-09-02,12,PLTR,long,58.082366943359375,0.0,58.082366943359375
2026-09-02,12,PLTR,long,-1.84954833984375,0.0,-1.84954833984375
2026-09-02,12,PLTR,long,-30.295623779296875,0.0,-30.295623779296875
2026-09-02,12,PLTR,long,-1.0949554443359375,0.0,-1.0949554443359375
2026-09-02,12,PLTR,long,18.980712890625,0.0,18.980712890625
2026-09-02,12,PLTR,long,-1.4603118896484375,0.0,-1.4603118896484375
2026-09-02,13,PLTR,long,-0.17999267578125,0.0,-0.17999267578125
2026-09-02,13,PLTR,long,0.0299835205078125,0.0,0.0299835205078125
2026-09-02,13,PLTR,long,-14.819686889648438,0.0,-14.819686889648438
2026-09-02,13,PLTR,long,-10.7298583984375,0.0,-10.7298583984375
2026-09-02,13,PLTR,long,4.9999237060546875,0.0,4.9999237060546875
2026-09-02,13,PLTR,long,31.711074829101562,0.0,31.711074829101562
2026-09-02,13,PLTR,long,3.1183319091796875,0.0,3.1183319091796875
2026-09-02,13,PLTR,long,12.390396118164062,0.0,12.390396118164062
2026-09-02,13,PLTR,long,-1.4755401611328125,0.0,-1.4755401611328125
2026-09-02,13,PLTR,long,-6.784423828125,0.0,-6.784423828125
2026-09-02,13,PLTR,long,33.62953186035156,0.0,33.62953186035156
2026-09-02,13,PLTR,long,-0.9434814453125,0.0,-0.9434814453125
2026-09-02,13,PLTR,long,26.4476318359375,0.0,26.4476318359375
2026-09-02,13,PLTR,long,-0.347808837890625,0.0,-0.347808837890625
2026-09-02,13,PLTR,long,15.09210205078125,0.0,15.09210205078125
2026-09-02,13,PLTR,long,-0.440093994140625,0.0,-0.440093994140625
2026-09-02,14,PLTR,long,0.4000244140625,0.0,0.4000244140625
2026-09-02,14,PLTR,long,-0.080078125,0.0,-0.080078125
2026-09-02,14,PLTR,long,-3.719970703125,0.0,-3.719970703125
2026-09-02,14,PLTR,long,0.0400390625,0.0,0.0400390625
2026-09-02,14,PLTR,short,13.4403076171875,0.0,13.4403076171875
2026-09-02,14,PLTR,short,-0.8399658203125,0.0,-0.8399658203125
2026-09-02,14,PLTR,short,14.047088623046875,0.0,14.047088623046875
2026-09-02,14,PLTR,short,-0.35247802734375,0.0,-0.35247802734375
2026-09-02,14,PLTR,short,-7.505584716796875,0.0,-7.505584716796875
2026-09-02,14,PLTR,long,-0.2999267578125,0.0,-0.2999267578125
2026-09-02,14,PLTR,long,-0.4200439453125,0.0,-0.4200439453125
2026-09-02,14,PLTR,long,-1.645172119140625,0.0,-1.645172119140625
2026-09-02,14,PLTR,long,-1.409942626953125,0.0,-1.409942626953125
2026-09-02,14,PLTR,long,-0.0899505615234375,0.0,-0.0899505615234375
2026-09-02,14,PLTR,long,-0.2250823974609375,0.0,-0.2250823974609375
2026-09-02,14,PLTR,long,-11.049896240234375,0.0,-11.049896240234375
2026-09-02,14,PLTR,long,-1.01995849609375,0.0,-1.01995849609375
2026-09-02,14,PLTR,long,-12.069854736328125,0.0,-12.069854736328125
2026-09-02,14,PLTR,long,-0.850311279296875,0.0,-0.850311279296875
2026-09-02,14,PLTR,long,3.135040283203125,0.0,3.135040283203125
2026-09-02,14,PLTR,long,3.410491943359375,0.0,3.410491943359375
2026-09-02,14,PLTR,long,-1.240264892578125,0.0,-1.240264892578125
2026-09-02,15,PLTR,long,-9.29962158203125,0.0,-9.29962158203125
2026-09-02,15,PLTR,long,2.479583740234375,0.0,2.479583740234375
2026-09-02,15,PLTR,long,5.100311279296875,0.0,5.100311279296875
2026-09-02,15,PLTR,long,-1.2754669189453125,0.0,-1.2754669189453125
2026-09-02,15,PLTR,long,29.000091552734375,0.0,29.000091552734375
2026-09-02,15,PLTR,long,0.250244140625,0.0,0.250244140625
2026-09-02,15,PLTR,long,-6.500244140625,0.0,-6.500244140625
2026-09-02,15,PLTR,long,0.8148193359375,0.0,0.8148193359375
2026-09-02,15,PLTR,long,0.1337127685546875,0.0,0.1337127685546875
2026-09-02,15,PLTR,long,-0.029998779296875,0.0,-0.029998779296875
2026-09-02,15,PLTR,short,2.6863861083984375,0.0,2.6863861083984375
2026-09-02,15,PLTR,short,0.28399658203125,0.0,0.28399658203125
2026-09-03,9,PLTR,long,438.1732177734375,0.0,438.1732177734375
2026-09-03,9,PLTR,long,1.9281005859375,0.0,1.9281005859375
2026-09-03,9,PLTR,long,-24.147628784179688,0.0,-24.147628784179688
2026-09-03,9,PLTR,long,19.670989990234375,0.0,19.670989990234375
2026-09-03,9,PLTR,long,128.8802185058543,0.0,128.8802185058543
2026-09-03,9,PLTR,long,9.846420288096112,0.0,9.846420288096112
2026-09-03,9,PLTR,long,419.54504394530744,0.0,419.54504394530744
2026-09-03,9,PLTR,long,-3.02569580078125,0.0,-3.02569580078125
2026-09-03,10,PLTR,long,37.37847900390625,0.0,37.37847900390625
2026-09-03,10,PLTR,long,8.01239013671875,0.0,8.01239013671875
2026-09-03,10,PLTR,long,74.65484619140446,0.0,74.65484619140446
2026-09-03,10,PLTR,long,-1.575576782224772,0.0,-1.575576782224772
2026-09-03,10,PLTR,long,24.255615234375,0.0,24.255615234375
2026-09-03,10,PLTR,long,1.574615478515625,0.0,1.574615478515625
2026-09-03,10,PLTR,long,2.8348846435546875,0.0,2.8348846435546875
2026-09-03,10,PLTR,long,0.3153076171875,0.0,0.3153076171875
2026-09-03,10,PLTR,long,15.882659912109375,0.0,15.882659912109375
2026-09-03,10,PLTR,long,-0.12689208984554057,0.0,-0.12689208984554057
2026-09-03,10,PLTR,long,19.208770751956706,0.0,19.208770751956706
2026-09-03,10,PLTR,long,-2.2042694091832686,0.0,-2.2042694091832686
2026-09-03,10,PLTR,long,-50.84045410156074,0.0,-50.84045410156074
2026-09-03,10,PLTR,long,-2.5897064208984375,0.0,-2.5897064208984375
2026-09-03,10,PLTR,long,-1.1065673828125,0.0,-1.1065673828125
2026-09-03,10,PLTR,long,-32.563568115234375,0.0,-32.563568115234375
2026-09-03,10,PLTR,long,-0.7401580810546875,0.0,-0.7401580810546875
2026-09-03,10,PLTR,long,-1.4397583007802268,0.0,-1.4397583007802268
2026-09-03,10,PLTR,long,0.17962646484272682,0.0,0.17962646484272682
2026-09-03,10,PLTR,long,-18.539978027344773,0.0,-18.539978027344773
2026-09-03,10,PLTR,long,-18.400070190429034,0.0,-18.400070190429034
2026-09-03,10,PLTR,long,1.0672454833984375,0.0,1.0672454833984375
2026-09-03,11,PLTR,long,-8.403106689453125,0.0,-8.403106689453125
2026-09-03,11,PLTR,long,0.260055541991818,0.0,0.260055541991818
2026-09-03,11,PLTR,long,-31.62060546875,0.0,-31.62060546875
2026-09-03,11,PLTR,long,3.7444458007777257,0.0,3.7444458007777257
2026-09-03,11,PLTR,long,78.70169067383159,0.0,78.70169067383159
2026-09-03,11,PLTR,long,0.5733642578159674,0.0,0.5733642578159674
2026-09-03,11,PLTR,long,86.9413757324173,0.0,86.9413757324173
2026-09-03,11,PLTR,long,-0.8057861328125,0.0,-0.8057861328125
2026-09-03,11,PLTR,long,63.899230957036366,0.0,63.899230957036366
2026-09-03,11,PLTR,long,-187.19879150390625,0.0,-187.19879150390625
2026-09-03,11,PLTR,long,2.699890136713634,0.0,2.699890136713634
2026-09-03,11,PLTR,long,19.690109252934775,0.0,19.690109252934775
2026-09-03,11,PLTR,long,1.789016723627725,0.0,1.789016723627725
2026-09-03,11,PLTR,long,-4.943084716796875,0.0,-4.943084716796875
2026-09-03,11,PLTR,long,-3.580780029296875,0.0,-3.580780029296875
2026-09-03,11,PLTR,long,1.3249511718709073,0.0,1.3249511718709073
2026-09-03,11,PLTR,long,-1.3249511718709073,0.0,-1.3249511718709073
2026-09-03,11,PLTR,long,-2.159912109375,0.0,-2.159912109375
2026-09-03,11,PLTR,long,-2.880615234375,0.0,-2.880615234375
2026-09-03,12,PLTR,long,163.01991271972656,0.0,163.01991271972656
2026-09-03,12,PLTR,long,4.289825439453125,0.0,4.289825439453125
2026-09-03,12,PLTR,long,-93.60076904296875,0.0,-93.60076904296875
2026-09-03,12,PLTR,long,1.8017578125,0.0,1.8017578125
2026-09-03,12,PLTR,long,7.15879821776835,0.0,7.15879821776835
2026-09-03,12,PLTR,long,32.057708740234375,0.0,32.057708740234375
2026-09-03,12,PLTR,long,6.214355468755059,0.0,6.214355468755059
2026-09-03,12,PLTR,long,40.41748046875,0.0,40.41748046875
2026-09-03,12,PLTR,long,-84.77984619140625,0.0,-84.77984619140625
2026-09-03,12,PLTR,long,-2.4292144775390625,0.0,-2.4292144775390625
2026-09-03,12,PLTR,long,6.841461181640625,0.0,6.841461181640625
2026-09-03,12,PLTR,long,3.418121337885765,0.0,3.418121337885765
2026-09-03,12,PLTR,long,-44.719238281247044,0.0,-44.719238281247044
2026-09-03,12,PLTR,long,1.0394287109345441,0.0,1.0394287109345441
2026-09-03,12,PLTR,long,-18.000030517576704,0.0,-18.000030517576704
2026-09-03,12,PLTR,long,13.999938964842329,0.0,13.999938964842329
2026-09-03,12,PLTR,long,0.7003784179701711,0.0,0.7003784179701711
2026-09-03,12,PLTR,long,8.710708618159657,0.0,8.710708618159657
2026-09-03,12,PLTR,long,4.619064331059093,0.0,4.619064331059093
2026-09-03,12,PLTR,long,-64.25971984863716,0.0,-64.25971984863716
2026-09-03,12,PLTR,long,4.5898132324262235,0.0,4.5898132324262235
2026-09-03,13,PLTR,long,4.589813232421875,0.0,4.589813232421875
2026-09-03,13,PLTR,long,5.355560302734375,0.0,5.355560302734375
2026-09-03,13,PLTR,long,-1.9949188232384074,0.0,-1.9949188232384074
2026-09-03,13,PLTR,long,1.159362792965453,0.0,1.159362792965453
2026-09-03,13,PLTR,long,4.63922119140625,0.0,4.63922119140625
2026-09-03,13,PLTR,long,47.725982666015625,0.0,47.725982666015625
2026-09-03,13,PLTR,long,-2.8760528564453125,0.0,-2.8760528564453125
2026-09-03,13,PLTR,long,-74.87841796875409,0.0,-74.87841796875409
2026-09-03,13,PLTR,long,1.4545898437540927,0.0,1.4545898437540927
2026-09-03,13,PLTR,long,28.7841796875,0.0,28.7841796875
2026-09-03,13,PLTR,long,-2.129638671875,0.0,-2.129638671875
2026-09-03,13,PLTR,long,-3.5894012451171875,0.0,-3.5894012451171875
2026-09-03,13,PLTR,long,-5.005523681640625,0.0,-5.005523681640625
2026-09-03,13,PLTR,long,-2.1449127197265625,0.0,-2.1449127197265625
2026-09-03,13,PLTR,long,38.340606689453125,0.0,38.340606689453125
2026-09-03,13,PLTR,long,0.708526611328125,0.0,0.708526611328125
2026-09-03,13,PLTR,long,2.0419921875,0.0,2.0419921875
2026-09-03,13,PLTR,long,4.079833984371135,0.0,4.079833984371135
2026-09-03,13,PLTR,long,-23.75030517578125,0.0,-23.75030517578125
2026-09-03,13,PLTR,long,32.239318847659774,0.0,32.239318847659774
2026-09-03,14,PLTR,long,-13.9105224609375,0.0,-13.9105224609375
2026-09-03,14,PLTR,long,16.96038818359375,0.0,16.96038818359375
2026-09-03,14,PLTR,long,3.7103881835967627,0.0,3.7103881835967627
2026-09-03,14,PLTR,long,17.32530212401781,0.0,17.32530212401781
2026-09-03,14,PLTR,long,16.82981872558875,0.0,16.82981872558875
2026-09-03,14,PLTR,long,-16.82981872558875,0.0,-16.82981872558875
2026-09-03,14,PLTR,long,-1.78253173828125,0.0,-1.78253173828125
2026-09-03,14,PLTR,long,-10.971038818359375,0.0,-10.971038818359375
2026-09-03,14,PLTR,long,1.3254852294936939,0.0,1.3254852294936939
2026-09-03,14,PLTR,long,-11.180419921875,0.0,-11.180419921875
2026-09-03,14,PLTR,long,-2.099990844726989,0.0,-2.099990844726989
2026-09-03,14,PLTR,long,-0.14991760253863617,0.0,-0.14991760253863617
2026-09-03,14,PLTR,long,1.1400604248038348,0.0,1.1400604248038348
2026-09-03,14,PLTR,long,0.13481140136846648,0.0,0.13481140136846648
2026-09-03,14,PLTR,long,0.3501281738273292,0.0,0.3501281738273292
2026-09-03,14,PLTR,long,-0.7499694824211645,0.0,-0.7499694824211645
2026-09-03,14,PLTR,long,-0.1251220703125,0.0,-0.1251220703125
2026-09-03,14,PLTR,long,5.625,0.0,5.625
2026-09-03,14,PLTR,long,1.7996978759765625,0.0,1.7996978759765625
2026-09-03,14,PLTR,long,0.66064453125,0.0,0.66064453125
2026-09-03,15,PLTR,long,-9.6800537109375,0.0,-9.6800537109375
2026-09-03,15,PLTR,long,-1.3199462890625,0.0,-1.3199462890625
2026-09-03,15,PLTR,long,33.4390869140625,0.0,33.4390869140625
2026-09-03,15,PLTR,long,5.72021484375,0.0,5.72021484375
2026-09-03,15,PLTR,long,-6.94732666015625,0.0,-6.94732666015625
2026-09-03,15,PLTR,long,1.14874267578125,0.0,1.14874267578125
2026-09-03,15,PLTR,long,2.2587585449250867,0.0,2.2587585449250867
2026-09-03,15,PLTR,long,-2.2587585449250867,0.0,-2.2587585449250867
2026-09-03,15,PLTR,long,28.1988525390625,0.0,28.1988525390625
2026-09-03,15,PLTR,long,5.6397705078125,0.0,5.6397705078125
2026-09-03,15,PLTR,long,3.720794677734375,0.0,3.720794677734375
2026-09-03,15,PLTR,long,1.8603973388698307,0.0,1.8603973388698307
2026-09-03,15,PLTR,long,1.3496704101554826,0.0,1.3496704101554826
2026-09-03,15,PLTR,long,-0.1347198486335799,0.0,-0.1347198486335799
2026-09-03,15,PLTR,long,2.729888916016364,0.0,2.729888916016364
2026-09-03,15,PLTR,long,-5.58990478515625,0.0,-5.58990478515625
2026-09-03,15,PLTR,long,-0.650238037108636,0.0,-0.650238037108636
2026-09-03,15,PLTR,long,-19.36987304687574,0.0,-19.36987304687574
2026-09-03,15,PLTR,long,-0.64984130859375,0.0,-0.64984130859375
2026-09-04,9,PLTR,long,25.619888305664062,0.0,25.619888305664062
2026-09-04,9,PLTR,long,-4.2806854248046875,0.0,-4.2806854248046875
2026-09-04,9,PLTR,short,71.53509521484375,0.0,71.53509521484375
2026-09-04,9,PLTR,long,0.30010986328125,0.0,0.30010986328125
2026-09-04,9,PLTR,long,0.4200439453125,0.0,0.4200439453125
2026-09-04,10,PLTR,short,18.47991943359375,0.0,18.47991943359375
2026-09-04,10,PLTR,short,2.31024169921875,0.0,2.31024169921875
2026-09-04,10,PLTR,short,-8.125,0.0,-8.125
2026-09-04,10,PLTR,short,0.650634765625,0.0,0.650634765625
2026-09-04,10,PLTR,short,42.1080322265625,0.0,42.1080322265625
2026-09-04,10,PLTR,short,-1.1883544921875,0.0,-1.1883544921875
2026-09-04,10,PLTR,short,-5.8047637939453125,0.0,-5.8047637939453125
2026-09-04,10,PLTR,short,0.6449737548828125,0.0,0.6449737548828125
2026-09-04,10,PLTR,short,33.7996826171875,0.0,33.7996826171875
2026-09-04,10,PLTR,short,0.51495361328125,0.0,0.51495361328125
2026-09-04,10,PLTR,short,-56.15533447265625,0.0,-56.15533447265625
2026-09-04,10,PLTR,short,3.63482666015625,0.0,3.63482666015625
2026-09-04,10,PLTR,long,-19.784881591796875,0.0,-19.784881591796875
2026-09-04,10,PLTR,long,0.430419921875,0.0,0.430419921875
2026-09-04,10,PLTR,long,-5.1597900390625,0.0,-5.1597900390625
2026-09-04,10,PLTR,long,-0.2152099609375,0.0,-0.2152099609375
2026-09-04,10,PLTR,short,-17.6798095703125,0.0,-17.6798095703125
2026-09-04,10,PLTR,short,-0.650238037109375,0.0,-0.650238037109375
2026-09-04,10,PLTR,short,7.33502197265625,0.0,7.33502197265625
2026-09-04,10,PLTR,short,3.0999755859375,0.0,3.0999755859375
2026-09-04,10,PLTR,short,-0.09979248046875,0.0,-0.09979248046875
2026-09-04,10,PLTR,short,-11.055572509765625,0.0,-11.055572509765625
2026-09-04,10,PLTR,short,2.009918212890625,0.0,2.009918212890625
2026-09-04,11,PLTR,short,-32.430084228515625,0.0,-32.430084228515625
2026-09-04,11,PLTR,short,-2.86376953125,0.0,-2.86376953125
2026-09-04,11,PLTR,short,-10.24639892578125,0.0,-10.24639892578125
2026-09-04,11,PLTR,short,-0.6896209716796875,0.0,-0.6896209716796875
2026-09-04,11,PLTR,short,-20.1402587890625,0.0,-20.1402587890625
2026-09-04,11,PLTR,short,38.250732421875,0.0,38.250732421875
2026-09-04,11,PLTR,short,-2.2510528564453125,0.0,-2.2510528564453125
2026-09-04,11,PLTR,short,39.270751953125,0.0,39.270751953125
2026-09-04,11,PLTR,short,-8.500518798828125,0.0,-8.500518798828125
2026-09-04,11,PLTR,short,3.400726318359375,0.0,3.400726318359375
2026-09-04,11,PLTR,short,5.5001220703125,0.0,5.5001220703125
2026-09-04,11,PLTR,short,-7.322265625,0.0,-7.322265625
2026-09-04,11,PLTR,short,30.3419189453125,0.0,30.3419189453125
2026-09-04,11,PLTR,short,-4.6016845703125,0.0,-4.6016845703125
2026-09-04,11,PLTR,short,66.79600524902344,0.0,66.79600524902344
2026-09-04,11,PLTR,short,3.6607818603515625,0.0,3.6607818603515625
2026-09-04,11,PLTR,short,-7.900482177734375,0.0,-7.900482177734375
2026-09-04,11,PLTR,short,55.50056457519531,0.0,55.50056457519531
2026-09-04,11,PLTR,short,-1.609039306640625,0.0,-1.609039306640625
2026-09-04,11,PLTR,short,-5.76123046875,0.0,-5.76123046875
2026-09-04,11,PLTR,short,0.9208984375,0.0,0.9208984375
2026-09-04,12,PLTR,short,-7.34527587890625,0.0,-7.34527587890625
2026-09-04,12,PLTR,short,-2.37255859375,0.0,-2.37255859375
2026-09-04,12,PLTR,short,22.147903442382812,0.0,22.147903442382812
2026-09-04,12,PLTR,short,-0.6672821044921875,0.0,-0.6672821044921875
2026-09-04,12,PLTR,short,-29.5791015625,0.0,-29.5791015625
2026-09-04,12,PLTR,short,-2.79931640625,0.0,-2.79931640625
2026-09-04,12,PLTR,short,30.373764038085938,0.0,30.373764038085938
2026-09-04,12,PLTR,short,-2.0249176025390625,0.0,-2.0249176025390625
2026-09-04,12,PLTR,short,33.07525634765625,0.0,33.07525634765625
2026-09-04,12,PLTR,short,-2.098846435546875,0.0,-2.098846435546875
2026-09-04,12,PLTR,short,-18.7208251953125,0.0,-18.7208251953125
2026-09-04,12,PLTR,short,-1.0394287109375,0.0,-1.0394287109375
2026-09-04,12,PLTR,short,33.2791748046875,0.0,33.2791748046875
2026-09-04,12,PLTR,short,-4.5242919921875,0.0,-4.5242919921875
2026-09-04,12,PLTR,short,0.8754119873046875,0.0,0.8754119873046875
2026-09-04,12,PLTR,short,-13.125,0.0,-13.125
2026-09-04,12,PLTR,short,0.44219970703125,0.0,0.44219970703125
2026-09-04,12,PLTR,short,-11.9923095703125,0.0,-11.9923095703125
2026-09-04,12,PLTR,short,0.1158447265625,0.0,0.1158447265625
2026-09-04,12,PLTR,short,15.15185546875,0.0,15.15185546875
2026-09-04,12,PLTR,short,-0.5919189453125,0.0,-0.5919189453125
2026-09-04,12,PLTR,short,-2.31024169921875,0.0,-2.31024169921875
2026-09-04,12,PLTR,short,0.989959716796875,0.0,0.989959716796875
2026-09-04,13,PLTR,short,9.23291015625,0.0,9.23291015625
2026-09-04,13,PLTR,short,1.32733154296875,0.0,1.32733154296875
2026-09-04,13,PLTR,short,16.831405639648438,0.0,16.831405639648438
2026-09-04,13,PLTR,short,0.067047119140625,0.0,0.067047119140625
2026-09-04,13,PLTR,short,4.730682373046875,0.0,4.730682373046875
2026-09-04,13,PLTR,short,-6.9860076904296875,0.0,-6.9860076904296875
2026-09-04,13,PLTR,short,-1.2693023681640625,0.0,-1.2693023681640625
2026-09-04,13,PLTR,short,8.455108642578125,0.0,8.455108642578125
2026-09-04,13,PLTR,short,9.344619750976562,0.0,9.344619750976562
2026-09-04,13,PLTR,short,1.1746978759765625,0.0,1.1746978759765625
2026-09-04,13,PLTR,short,-1.8082427978515625,0.0,-1.8082427978515625
2026-09-04,13,PLTR,short,6.8504180908203125,0.0,6.8504180908203125
2026-09-04,13,PLTR,short,23.1197509765625,0.0,23.1197509765625
2026-09-04,13,PLTR,short,12.869476318359375,0.0,12.869476318359375
2026-09-04,13,PLTR,short,-1.4292144775390625,0.0,-1.4292144775390625
2026-09-04,13,PLTR,short,18.5906982421875,0.0,18.5906982421875
2026-09-04,13,PLTR,short,1.4292144775390625,0.0,1.4292144775390625
2026-09-04,13,PLTR,short,-7.1504364013671875,0.0,-7.1504364013671875
2026-09-04,13,PLTR,short,2.8606109619140625,0.0,2.8606109619140625
2026-09-04,13,PLTR,short,-0.8219451904296875,0.0,-0.8219451904296875
2026-09-04,13,PLTR,short,0.3812103271484375,0.0,0.3812103271484375
2026-09-04,14,PLTR,short,5.95989990234375,0.0,5.95989990234375
2026-09-04,14,PLTR,short,-0.329315185546875,0.0,-0.329315185546875
2026-09-04,14,PLTR,short,-3.04248046875,0.0,-3.04248046875
2026-09-04,14,PLTR,short,-0.3077239990234375,0.0,-0.3077239990234375
2026-09-04,14,PLTR,short,-14.1844482421875,0.0,-14.1844482421875
2026-09-04,14,PLTR,short,0.8646240234375,0.0,0.8646240234375
2026-09-04,14,PLTR,short,-10.5010986328125,0.0,-10.5010986328125
2026-09-04,14,PLTR,short,-23.759033203125,0.0,-23.759033203125
2026-09-04,14,PLTR,short,0.9894561767578125,0.0,0.9894561767578125
2026-09-04,14,PLTR,short,-6.9292144775390625,0.0,-6.9292144775390625
2026-09-04,14,PLTR,short,-7.967193603515625,0.0,-7.967193603515625
2026-09-04,14,PLTR,short,-2.233428955078125,0.0,-2.233428955078125
2026-09-04,14,PLTR,short,58.06840515136719,0.0,58.06840515136719
2026-09-04,14,PLTR,short,-2.4075927734375,0.0,-2.4075927734375
2026-09-04,14,PLTR,short,4.7991943359375,0.0,4.7991943359375
2026-09-04,14,PLTR,short,-14.880340576171875,0.0,-14.880340576171875
2026-09-04,14,PLTR,short,-5.57977294921875,0.0,-5.57977294921875
2026-09-04,14,PLTR,short,3.689849853515625,0.0,3.689849853515625
2026-09-04,14,PLTR,short,2.4605255126953125,0.0,2.4605255126953125
2026-09-04,14,PLTR,short,12.198883056640625,0.0,12.198883056640625
2026-09-04,14,PLTR,short,-1.219329833984375,0.0,-1.219329833984375
2026-09-04,15,PLTR,short,12.999801635742188,0.0,12.999801635742188
2026-09-04,15,PLTR,short,-1.299285888671875,0.0,-1.299285888671875
2026-09-04,15,PLTR,short,21.999664306640625,0.0,21.999664306640625
2026-09-04,15,PLTR,short,-2.200469970703125,0.0,-2.200469970703125
2026-09-04,15,PLTR,short,20.460113525390625,0.0,20.460113525390625
2026-09-04,15,PLTR,short,-3.700927734375,0.0,-3.700927734375
2026-09-04,15,PLTR,short,-18.495697021484375,0.0,-18.495697021484375
2026-09-04,15,PLTR,short,-3.080657958984375,0.0,-3.080657958984375
2026-09-04,15,PLTR,short,11.500701904296875,0.0,11.500701904296875
2026-09-04,15,PLTR,short,-32.63584899902344,0.0,-32.63584899902344
2026-09-04,15,PLTR,short,-0.5338897705078125,0.0,-0.5338897705078125
2026-09-04,15,PLTR,short,-5.940765380859375,0.0,-5.940765380859375
2026-09-04,15,PLTR,short,-0.659637451171875,0.0,-0.659637451171875
2026-09-04,15,PLTR,short,3.300201416015625,0.0,3.300201416015625
2026-09-04,15,PLTR,short,0.00604248046875,0.0,0.00604248046875
2026-09-04,15,PLTR,short,68.43215942382812,0.0,68.43215942382812
2026-09-04,15,PLTR,short,-7.3987579345703125,0.0,-7.3987579345703125
2026-09-04,15,PLTR,short,-7.44158935546875,0.0,-7.44158935546875
2026-09-04,15,PLTR,short,-11.1595458984375,0.0,-11.1595458984375
2026-09-04,15,PLTR,short,-7.438751220703125,0.0,-7.438751220703125
2026-09-04,15,PLTR,short,-36.07635498046875,0.0,-36.07635498046875
2026-09-08,9,PLTR,long,-233.09898376464844,0.0,-233.09898376464844
2026-09-08,9,PLTR,long,1.8489837646484375,0.0,1.8489837646484375
2026-09-08,9,PLTR,long,-44.398193359375,0.0,-44.398193359375
2026-09-08,9,PLTR,long,5.7332611083984375,0.0,5.7332611083984375
2026-09-08,9,PLTR,long,-126.54644775390625,0.0,-126.54644775390625
2026-09-08,9,PLTR,long,5.896759033203125,0.0,5.896759033203125
2026-09-08,9,PLTR,short,-41.298919677734375,0.0,-41.298919677734375
2026-09-08,9,PLTR,short,-1.769927978515625,0.0,-1.769927978515625
2026-09-08,10,PLTR,short,118.6807861328125,0.0,118.6807861328125
2026-09-08,10,PLTR,short,-20.6640625,0.0,-20.6640625
2026-09-08,10,PLTR,short,-5.3954315185546875,0.0,-5.3954315185546875
2026-09-08,10,PLTR,short,-1.651611328125,0.0,-1.651611328125
2026-09-08,10,PLTR,short,22.276611328125,0.0,22.276611328125
2026-09-08,10,PLTR,short,1.6490936279296875,0.0,1.6490936279296875
2026-09-08,10,PLTR,short,-25.38006591796875,0.0,-25.38006591796875
2026-09-08,10,PLTR,short,-0.269439697265625,0.0,-0.269439697265625
2026-09-08,10,PLTR,long,24.61016845703125,0.0,24.61016845703125
2026-09-08,10,PLTR,long,4.13983154296875,0.0,4.13983154296875
2026-09-08,10,PLTR,long,5.8502197265625,0.0,5.8502197265625
2026-09-08,10,PLTR,long,-0.2252197265625,0.0,-0.2252197265625
2026-09-08,10,PLTR,long,-10.334976196289062,0.0,-10.334976196289062
2026-09-08,10,PLTR,long,-0.77996826171875,0.0,-0.77996826171875
2026-09-08,10,PLTR,long,6.3599853515625,0.0,6.3599853515625
2026-09-08,10,PLTR,long,0.65533447265625,0.0,0.65533447265625
2026-09-08,10,PLTR,long,3.029296875,0.0,3.029296875
2026-09-08,10,PLTR,long,-0.1099395751953125,0.0,-0.1099395751953125
2026-09-08,10,PLTR,short,12.00103759765625,0.0,12.00103759765625
2026-09-08,10,PLTR,short,2.19879150390625,0.0,2.19879150390625
2026-09-08,10,PLTR,short,7.2998046875,0.0,7.2998046875
2026-09-08,10,PLTR,short,4.0008544921875,0.0,4.0008544921875
2026-09-08,10,PLTR,short,-12.5994873046875,0.0,-12.5994873046875
2026-09-08,10,PLTR,short,5.039794921875,0.0,5.039794921875
2026-09-08,11,PLTR,short,86.69708251953125,0.0,86.69708251953125
2026-09-08,11,PLTR,short,-5.5778045654296875,0.0,-5.5778045654296875
2026-09-08,11,PLTR,short,16.801025390625,0.0,16.801025390625
2026-09-08,11,PLTR,short,-6.721435546875,0.0,-6.721435546875
2026-09-08,11,PLTR,short,46.25,0.0,46.25
2026-09-08,11,PLTR,short,-6.475677490234375,0.0,-6.475677490234375
2026-09-08,11,PLTR,short,-32.355804443359375,0.0,-32.355804443359375
2026-09-08,11,PLTR,short,4.1637420654296875,0.0,4.1637420654296875
2026-09-08,11,PLTR,short,36.51954650878906,0.0,36.51954650878906
2026-09-08,11,PLTR,short,1.8489837646484375,0.0,1.8489837646484375
2026-09-08,11,PLTR,short,31.449661254882812,0.0,31.449661254882812
2026-09-08,11,PLTR,short,7.401580810546875,0.0,7.401580810546875
2026-09-08,11,PLTR,short,76.25784301757812,0.0,76.25784301757812
2026-09-08,11,PLTR,short,-3.71795654296875,0.0,-3.71795654296875
2026-09-08,11,PLTR,short,-41.626129150390625,0.0,-41.626129150390625
2026-09-08,11,PLTR,short,-15.726242065429688,0.0,-15.726242065429688
2026-09-08,11,PLTR,short,3.7007904052734375,0.0,3.7007904052734375
2026-09-08,11,PLTR,short,-11.0198974609375,0.0,-11.0198974609375
2026-09-08,11,PLTR,short,2.740234375,0.0,2.740234375
2026-09-08,11,PLTR,short,22.25,0.0,22.25
2026-09-08,11,PLTR,short,-1.762725830078125,0.0,-1.762725830078125
2026-09-08,11,PLTR,short,57.418304443359375,0.0,57.418304443359375
2026-09-08,11,PLTR,short,1.87884521484375,0.0,1.87884521484375
2026-09-08,12,PLTR,short,-9.145126342773438,0.0,-9.145126342773438
2026-09-08,12,PLTR,short,1.871826171875,0.0,1.871826171875
2026-09-08,12,PLTR,short,24.496383666992188,0.0,24.496383666992188
2026-09-08,12,PLTR,short,1.683502197265625,0.0,1.683502197265625
2026-09-08,12,PLTR,short,-10.286483764648438,0.0,-10.286483764648438
2026-09-08,12,PLTR,short,-32.74269104003906,0.0,-32.74269104003906
2026-09-08,12,PLTR,short,-1.8518524169921875,0.0,-1.8518524169921875
2026-09-08,12,PLTR,short,54.869659423828125,0.0,54.869659423828125
2026-09-08,12,PLTR,short,-4.64886474609375,0.0,-4.64886474609375
2026-09-08,12,PLTR,short,66.60011291503906,0.0,66.60011291503906
2026-09-08,12,PLTR,short,3.7007904052734375,0.0,3.7007904052734375
2026-09-08,12,PLTR,short,6.57781982421875,0.0,6.57781982421875
2026-09-08,12,PLTR,short,-1.6925048828125,0.0,-1.6925048828125
2026-09-08,12,PLTR,short,-38.726806640625,0.0,-38.726806640625
2026-09-08,12,PLTR,short,-1.87896728515625,0.0,-1.87896728515625
2026-09-08,12,PLTR,short,-72.92988586425781,0.0,-72.92988586425781
2026-09-08,12,PLTR,short,-5.609771728515625,0.0,-5.609771728515625
2026-09-08,12,PLTR,short,-54.577484130859375,0.0,-54.577484130859375
2026-09-08,12,PLTR,short,-10.17364501953125,0.0,-10.17364501953125
2026-09-08,12,PLTR,short,-23.9208984375,0.0,-23.9208984375
2026-09-08,12,PLTR,short,-7.3587646484375,0.0,-7.3587646484375
2026-09-08,12,PLTR,short,-40.700225830078125,0.0,-40.700225830078125
2026-09-08,13,PLTR,short,55.50056457519531,0.0,55.50056457519531
2026-09-08,13,PLTR,short,-1.4424896240234375,0.0,-1.4424896240234375
2026-09-08,13,PLTR,short,1.4150390625,0.0,1.4150390625
2026-09-08,13,PLTR,short,-61.3604736328125,0.0,-61.3604736328125
2026-09-08,13,PLTR,short,-3.720794677734375,0.0,-3.720794677734375
2026-09-08,13,PLTR,short,4.4036865234375,0.0,4.4036865234375
2026-09-08,13,PLTR,short,-0.7028961181640625,0.0,-0.7028961181640625
2026-09-08,13,PLTR,short,46.89643859863281,0.0,46.89643859863281
2026-09-08,13,PLTR,short,-15.44677734375,0.0,-15.44677734375
2026-09-08,13,PLTR,short,-25.49896240234375,0.0,-25.49896240234375
2026-09-08,13,PLTR,short,-5.102386474609375,0.0,-5.102386474609375
2026-09-08,13,PLTR,short,6.475677490234375,0.0,6.475677490234375
2026-09-08,13,PLTR,short,-3.697967529296875,0.0,-3.697967529296875
2026-09-08,13,PLTR,short,-12.02545166015625,0.0,-12.02545166015625
2026-09-08,13,PLTR,short,-1.851806640625,0.0,-1.851806640625
2026-09-08,13,PLTR,short,-3.7177276611328125,0.0,-3.7177276611328125
2026-09-08,13,PLTR,short,0.0197601318359375,0.0,0.0197601318359375
2026-09-08,13,PLTR,short,66.60011291503906,0.0,66.60011291503906
2026-09-08,13,PLTR,short,-8.282470703125,0.0,-8.282470703125
2026-09-08,13,PLTR,short,2.4482421875,0.0,2.4482421875
2026-09-08,13,PLTR,short,10.910400390625,0.0,10.910400390625
2026-09-08,13,PLTR,short,-10.5987548828125,0.0,-10.5987548828125
2026-09-08,14,PLTR,short,13.82080078125,0.0,13.82080078125
2026-09-08,14,PLTR,short,-3.6443328857421875,0.0,-3.6443328857421875
2026-09-08,14,PLTR,short,21.391021728515625,0.0,21.391021728515625
2026-09-08,14,PLTR,short,-0.930908203125,0.0,-0.930908203125
2026-09-08,14,PLTR,short,-0.9259033203125,0.0,-0.9259033203125
2026-09-08,14,PLTR,short,11.326995849609375,0.0,11.326995849609375
2026-09-08,14,PLTR,short,1.694366455078125,0.0,1.694366455078125
2026-09-08,14,PLTR,short,-3.720794677734375,0.0,-3.720794677734375
2026-09-08,14,PLTR,short,1.858978271484375,0.0,1.858978271484375
2026-09-08,14,PLTR,short,9.300567626953125,0.0,9.300567626953125
2026-09-08,14,PLTR,short,51.151702880859375,0.0,51.151702880859375
2026-09-08,14,PLTR,short,0.928070068359375,0.0,0.928070068359375
2026-09-08,14,PLTR,short,47.430908203125,0.0,47.430908203125
2026-09-08,14,PLTR,short,2.789886474609375,0.0,2.789886474609375
2026-09-08,14,PLTR,short,20.570114135742188,0.0,20.570114135742188
2026-09-08,14,PLTR,short,4.673858642578125,0.0,4.673858642578125
2026-09-08,14,PLTR,short,-34.79998779296875,0.0,-34.79998779296875
2026-09-08,14,PLTR,short,-6.340240478515625,0.0,-6.340240478515625
2026-09-08,14,PLTR,short,133.70716857910156,0.0,133.70716857910156
2026-09-08,14,PLTR,short,9.34771728515625,0.0,9.34771728515625
2026-09-08,14,PLTR,short,-94.0,0.0,-94.0
2026-09-08,14,PLTR,short,-0.93804931640625,0.0,-0.93804931640625
2026-09-08,15,PLTR,short,20.384170532226562,0.0,20.384170532226562
2026-09-08,15,PLTR,short,-3.0206451416015625,0.0,-3.0206451416015625
2026-09-08,15,PLTR,short,15.031936645507812,0.0,15.031936645507812
2026-09-08,15,PLTR,short,0.49945068359375,0.0,0.49945068359375
2026-09-08,15,PLTR,short,-5.2359771728515625,0.0,-5.2359771728515625
2026-09-08,15,PLTR,short,0.9359130859375,0.0,0.9359130859375
2026-09-08,15,PLTR,short,-42.99208068847656,0.0,-42.99208068847656
2026-09-08,15,PLTR,short,-0.017120361328125,0.0,-0.017120361328125
2026-09-08,15,PLTR,short,95.36897277832031,0.0,95.36897277832031
2026-09-08,15,PLTR,short,1.8689727783203125,0.0,1.8689727783203125
2026-09-08,15,PLTR,short,-6.4891357421875,0.0,-6.4891357421875
2026-09-08,15,PLTR,short,1.179351806640625,0.0,1.179351806640625
2026-09-08,15,PLTR,short,-38.54034423828125,0.0,-38.54034423828125
2026-09-08,15,PLTR,short,7.07122802734375,0.0,7.07122802734375
2026-09-08,15,PLTR,short,-63.13133239746094,0.0,-63.13133239746094
2026-09-08,15,PLTR,short,-3.7407989501953125,0.0,-3.7407989501953125
2026-09-08,15,PLTR,short,66.38420104980469,0.0,66.38420104980469
2026-09-08,15,PLTR,short,6.545684814453125,0.0,6.545684814453125
2026-09-08,15,PLTR,short,46.80706787109375,0.0,46.80706787109375
2026-09-08,15,PLTR,short,-0.05706787109375,0.0,-0.05706787109375
2026-09-08,15,PLTR,short,-7.5216064453125,0.0,-7.5216064453125
2026-09-08,15,PLTR,short,16.92218017578125,0.0,16.92218017578125
2026-09-08,15,PLTR,short,3.7579345703125,0.0,3.7579345703125
2026-09-09,9,PLTR,short,29.1397705078125,0.0,29.1397705078125
2026-09-09,9,PLTR,short,10.03741455078125,0.0,10.03741455078125
2026-09-09,9,PLTR,short,86.782470703125,0.0,86.782470703125
2026-09-09,9,PLTR,short,-19.7205810546875,0.0,-19.7205810546875
2026-09-09,9,PLTR,short,5.44012451171875,0.0,5.44012451171875
2026-09-09,9,PLTR,short,71.06991577148438,0.0,71.06991577148438
2026-09-09,10,PLTR,short,6.700408935546875,0.0,6.700408935546875
2026-09-09,10,PLTR,short,-2.009918212890625,0.0,-2.009918212890625
2026-09-09,10,PLTR,short,-39.865081787109375,0.0,-39.865081787109375
2026-09-09,10,PLTR,short,28.139877319335938,0.0,28.139877319335938
2026-09-09,10,PLTR,short,0.6696319580078125,0.0,0.6696319580078125
2026-09-09,10,PLTR,short,3.6855316162109375,0.0,3.6855316162109375
2026-09-09,10,PLTR,short,-2.0037841796875,0.0,-2.0037841796875
2026-09-09,10,PLTR,short,17.748825073242188,0.0,17.748825073242188
2026-09-09,10,PLTR,short,-5.44012451171875,0.0,-5.44012451171875
2026-09-09,10,PLTR,short,0.34033203125,0.0,0.34033203125
2026-09-09,10,PLTR,short,-38.500213623046875,0.0,-38.500213623046875
2026-09-09,10,PLTR,short,-65.67413330078125,0.0,-65.67413330078125
2026-09-09,10,PLTR,short,-0.11962890625,0.0,-0.11962890625
2026-09-09,10,PLTR,short,-89.70652770996094,0.0,-89.70652770996094
2026-09-09,10,PLTR,short,37.2901611328125,0.0,37.2901611328125
2026-09-09,10,PLTR,short,0.330322265625,0.0,0.330322265625
2026-09-09,10,PLTR,short,15.179718017578125,0.0,15.179718017578125
2026-09-09,10,PLTR,short,-0.330322265625,0.0,-0.330322265625
2026-09-09,10,PLTR,short,8.150497436523438,0.0,8.150497436523438
2026-09-09,11,PLTR,short,7.4787445068359375,0.0,7.4787445068359375
2026-09-09,11,PLTR,short,-12.152603149414062,0.0,-12.152603149414062
2026-09-09,11,PLTR,short,125.28965759277344,0.0,125.28965759277344
2026-09-09,11,PLTR,short,-5.609771728515625,0.0,-5.609771728515625
2026-09-09,11,PLTR,short,38.87841796875,0.0,38.87841796875
2026-09-09,11,PLTR,short,-5.745849609375,0.0,-5.745849609375
2026-09-09,11,PLTR,short,11.586990356445312,0.0,11.586990356445312
2026-09-09,11,PLTR,short,5.7990264892578125,0.0,5.7990264892578125
2026-09-09,11,PLTR,short,-51.86991882324219,0.0,-51.86991882324219
2026-09-09,11,PLTR,short,7.97967529296875,0.0,7.97967529296875
2026-09-09,11,PLTR,short,-4.01983642578125,0.0,-4.01983642578125
2026-09-09,11,PLTR,short,2.009918212890625,0.0,2.009918212890625
2026-09-09,11,PLTR,short,-31.462188720703125,0.0,-31.462188720703125
2026-09-09,11,PLTR,short,0.3101806640625,0.0,0.3101806640625
2026-09-09,11,PLTR,short,-20.327911376953125,0.0,-20.327911376953125
2026-09-09,11,PLTR,short,-1.74224853515625,0.0,-1.74224853515625
2026-09-09,11,PLTR,short,-30.507568359375,0.0,-30.507568359375
2026-09-09,11,PLTR,short,3.9559326171875,0.0,3.9559326171875
2026-09-09,11,PLTR,short,-3.533477783203125,0.0,-3.533477783203125
2026-09-09,11,PLTR,short,13.76495361328125,0.0,13.76495361328125
2026-09-09,11,PLTR,short,163.5673828125,0.0,163.5673828125
2026-09-09,11,PLTR,short,3.83148193359375,0.0,3.83148193359375
2026-09-09,11,PLTR,short,-69.375,0.0,-69.375
2026-09-09,12,PLTR,short,13.874435424804688,0.0,13.874435424804688
2026-09-09,12,PLTR,short,-28.17877197265625,0.0,-28.17877197265625
2026-09-09,12,PLTR,short,8.4395751953125,0.0,8.4395751953125
2026-09-09,12,PLTR,short,40.4193115234375,0.0,40.4193115234375
2026-09-09,12,PLTR,short,0.94091796875,0.0,0.94091796875
2026-09-09,12,PLTR,short,-22.00982666015625,0.0,-22.00982666015625
2026-09-09,12,PLTR,short,5.679046630859375,0.0,5.679046630859375
2026-09-09,12,PLTR,short,21.301300048828125,0.0,21.301300048828125
2026-09-09,12,PLTR,short,-5.68121337890625,0.0,-5.68121337890625
2026-09-09,12,PLTR,short,-5.6390533447265625,0.0,-5.6390533447265625
2026-09-09,12,PLTR,short,33.84077453613281,0.0,33.84077453613281
2026-09-09,12,PLTR,short,-4.229827880859375,0.0,-4.229827880859375
2026-09-09,12,PLTR,short,-12.320281982421875,0.0,-12.320281982421875
2026-09-09,12,PLTR,short,-4.61981201171875,0.0,-4.61981201171875
2026-09-09,12,PLTR,short,-28.20172119140625,0.0,-28.20172119140625
2026-09-09,12,PLTR,short,-3.76080322265625,0.0,-3.76080322265625
2026-09-09,12,PLTR,short,3.7407989501953125,0.0,3.7407989501953125
2026-09-09,12,PLTR,short,1.871826171875,0.0,1.871826171875
2026-09-09,12,PLTR,short,11.279541015625,0.0,11.279541015625
2026-09-09,12,PLTR,short,-3.76080322265625,0.0,-3.76080322265625
2026-09-09,12,PLTR,short,-52.6397705078125,0.0,-52.6397705078125
2026-09-09,12,PLTR,short,5.6397705078125,0.0,5.6397705078125
2026-09-09,13,PLTR,short,-8.414657592773438,0.0,-8.414657592773438
2026-09-09,13,PLTR,short,8.414657592773438,0.0,8.414657592773438
2026-09-09,13,PLTR,short,9.350570678710938,0.0,9.350570678710938
2026-09-09,13,PLTR,short,3.9462432861328125,0.0,3.9462432861328125
2026-09-09,13,PLTR,short,-6.751129150390625,0.0,-6.751129150390625
2026-09-09,13,PLTR,short,4.673858642578125,0.0,4.673858642578125
2026-09-09,13,PLTR,short,-52.359771728515625,0.0,-52.359771728515625
2026-09-09,13,PLTR,short,2.8048858642578125,0.0,2.8048858642578125
2026-09-09,13,PLTR,short,-3.7407989501953125,0.0,-3.7407989501953125
2026-09-09,13,PLTR,short,45.81694030761719,0.0,45.81694030761719
2026-09-09,13,PLTR,short,-3.7407989501953125,0.0,-3.7407989501953125
2026-09-09,13,PLTR,short,20.570114135742188,0.0,20.570114135742188
2026-09-09,13,PLTR,short,7.4616241455078125,0.0,7.4616241455078125
2026-09-09,13,PLTR,short,-21.916915893554688,0.0,-21.916915893554688
2026-09-09,13,PLTR,short,-2.3740234375,0.0,-2.3740234375
2026-09-09,13,PLTR,short,49.55488586425781,0.0,49.55488586425781
2026-09-09,13,PLTR,short,-1.871826171875,0.0,-1.871826171875
2026-09-09,13,PLTR,short,-62.9783935546875,0.0,-62.9783935546875
2026-09-09,13,PLTR,short,-5.6397705078125,0.0,-5.6397705078125
2026-09-09,13,PLTR,short,48.61897277832031,0.0,48.61897277832031
2026-09-09,13,PLTR,short,1.8689727783203125,0.0,1.8689727783203125
2026-09-09,13,PLTR,short,14.960342407226562,0.0,14.960342407226562
2026-09-09,14,PLTR,short,-5.6397705078125,0.0,-5.6397705078125
2026-09-09,14,PLTR,short,0.94091796875,0.0,0.94091796875
2026-09-09,14,PLTR,short,-24.479263305664062,0.0,-24.479263305664062
2026-09-09,14,PLTR,short,4.845062255859375,0.0,4.845062255859375
2026-09-09,14,PLTR,short,48.61897277832031,0.0,48.61897277832031
2026-09-09,14,PLTR,short,-7.4787445068359375,0.0,-7.4787445068359375
2026-09-09,14,PLTR,short,15.0374755859375,0.0,15.0374755859375
2026-09-09,14,PLTR,short,-1.87896728515625,0.0,-1.87896728515625
2026-09-09,14,PLTR,short,-7.51873779296875,0.0,-7.51873779296875
2026-09-09,14,PLTR,short,7.51873779296875,0.0,7.51873779296875
2026-09-09,14,PLTR,short,7.5216064453125,0.0,7.5216064453125
2026-09-09,14,PLTR,short,-7.5216064453125,0.0,-7.5216064453125
2026-09-09,14,PLTR,short,11.279541015625,0.0,11.279541015625
2026-09-09,14,PLTR,short,-3.7579345703125,0.0,-3.7579345703125
2026-09-09,14,PLTR,short,38.5374755859375,0.0,38.5374755859375
2026-09-09,14,PLTR,short,4.70172119140625,0.0,4.70172119140625
2026-09-09,14,PLTR,short,-11.279541015625,0.0,-11.279541015625
2026-09-09,14,PLTR,short,-28.20172119140625,0.0,-28.20172119140625
2026-09-09,14,PLTR,short,0.94091796875,0.0,0.94091796875
2026-09-09,14,PLTR,short,29.1397705078125,0.0,29.1397705078125
2026-09-09,14,PLTR,short,19.73919677734375,0.0,19.73919677734375
2026-09-09,14,PLTR,short,1.8818359375,0.0,1.8818359375
2026-09-09,15,PLTR,short,-6.5806884765625,0.0,-6.5806884765625
2026-09-09,15,PLTR,short,-3.76080322265625,0.0,-3.76080322265625
2026-09-09,15,PLTR,short,0.94091796875,0.0,0.94091796875
2026-09-09,15,PLTR,short,-2.81988525390625,0.0,-2.81988525390625
2026-09-09,15,PLTR,short,28.1988525390625,0.0,28.1988525390625
2026-09-09,15,PLTR,short,3.74072265625,0.0,3.74072265625
2026-09-09,15,PLTR,short,5.6899566650390625,0.0,5.6899566650390625
2026-09-09,15,PLTR,short,-1.8889617919921875,0.0,-1.8889617919921875
2026-09-09,15,PLTR,short,6.6128082275390625,0.0,6.6128082275390625
2026-09-09,15,PLTR,short,-1.8889617919921875,0.0,-1.8889617919921875
2026-09-09,15,PLTR,short,17.009307861328125,0.0,17.009307861328125
2026-09-09,15,PLTR,short,-54.80873107910156,0.0,-54.80873107910156
2026-09-09,15,PLTR,short,4.70654296875,0.0,4.70654296875
2026-09-09,15,PLTR,short,-22.5418701171875,0.0,-22.5418701171875
2026-09-09,15,PLTR,short,-2.01092529296875,0.0,-2.01092529296875
2026-09-09,15,PLTR,short,26.67559814453125,0.0,26.67559814453125
2026-09-09,15,PLTR,short,9.1739501953125,0.0,9.1739501953125
2026-09-09,15,PLTR,short,11.28240966796875,0.0,11.28240966796875
2026-09-09,15,PLTR,short,5.6397705078125,0.0,5.6397705078125
2026-09-09,15,PLTR,short,-15.120346069335938,0.0,-15.120346069335938
2026-09-09,15,PLTR,short,41.3602294921875,0.0,41.3602294921875
2026-09-09,15,PLTR,short,7.51873779296875,0.0,7.51873779296875
2026-09-10,9,PLTR,short,10.240234375,0.0,10.240234375
2026-09-10,9,PLTR,short,0.6396484375,0.0,0.6396484375
2026-09-10,9,PLTR,short,4.305450439453125,0.0,4.305450439453125
2026-09-10,9,PLTR,short,-4.305450439453125,0.0,-4.305450439453125
2026-09-10,9,PLTR,short,-155.7205810546875,0.0,-155.7205810546875
2026-09-10,9,PLTR,short,-0.40777587890625,0.0,-0.40777587890625
2026-09-10,9,PLTR,long,-168.447265625,0.0,-168.447265625
2026-09-10,9,PLTR,long,-1.8818359375,0.0,-1.8818359375
2026-09-10,10,PLTR,long,67.09419250488281,0.0,67.09419250488281
2026-09-10,10,PLTR,long,-2.8348846435546875,0.0,-2.8348846435546875
2026-09-10,10,PLTR,long,70.96646118164062,0.0,70.96646118164062
2026-09-10,10,PLTR,long,5.9673614501953125,0.0,5.9673614501953125
2026-09-10,10,PLTR,long,-8.177398681640625,0.0,-8.177398681640625
2026-09-10,10,PLTR,long,-0.0116729736328125,0.0,-0.0116729736328125
2026-09-10,10,PLTR,long,7.74993896484375,0.0,7.74993896484375
2026-09-10,10,PLTR,long,-0.2498626708984375,0.0,-0.2498626708984375
2026-09-10,10,PLTR,long,-5.60009765625,0.0,-5.60009765625
2026-09-10,10,PLTR,long,-0.447998046875,0.0,-0.447998046875
2026-09-10,10,PLTR,short,17.701080322265625,0.0,17.701080322265625
2026-09-10,10,PLTR,short,-3.65869140625,0.0,-3.65869140625
2026-09-10,10,PLTR,short,-127.57675170898438,0.0,-127.57675170898438
2026-09-10,10,PLTR,short,-7.91082763671875,0.0,-7.91082763671875
2026-09-10,10,PLTR,short,13.68017578125,0.0,13.68017578125
2026-09-10,10,PLTR,short,0.239501953125,0.0,0.239501953125
2026-09-10,10,PLTR,short,-2.93902587890625,0.0,-2.93902587890625
2026-09-10,10,PLTR,short,-3.3607177734375,0.0,-3.3607177734375
2026-09-10,11,PLTR,short,-6.05975341796875,0.0,-6.05975341796875
2026-09-10,11,PLTR,short,5.0503082275390625,0.0,5.0503082275390625
2026-09-10,11,PLTR,short,65.87918090820312,0.0,65.87918090820312
2026-09-10,11,PLTR,short,-3.65985107421875,0.0,-3.65985107421875
2026-09-10,11,PLTR,short,106.4805908203125,0.0,106.4805908203125
2026-09-10,11,PLTR,short,-18.751144409179688,0.0,-18.751144409179688
2026-09-10,11,PLTR,short,-1.2493133544921875,0.0,-1.2493133544921875
2026-09-10,11,PLTR,short,-44.40045166015625,0.0,-44.40045166015625
2026-09-10,11,PLTR,short,-4.4398193359375,0.0,-4.4398193359375
2026-09-10,11,PLTR,short,-37.12348937988281,0.0,-37.12348937988281
2026-09-10,11,PLTR,short,-0.8258056640625,0.0,-0.8258056640625
2026-09-10,11,PLTR,short,22.99853515625,0.0,22.99853515625
2026-09-10,11,PLTR,short,-0.9578857421875,0.0,-0.9578857421875
2026-09-10,11,PLTR,short,-17.365829467773438,0.0,-17.365829467773438
2026-09-10,11,PLTR,short,-3.0206451416015625,0.0,-3.0206451416015625
2026-09-10,11,PLTR,short,11.279541015625,0.0,11.279541015625
2026-09-10,11,PLTR,short,7.5216064453125,0.0,7.5216064453125
2026-09-10,11,PLTR,short,-13.161376953125,0.0,-13.161376953125
2026-09-10,11,PLTR,short,-3.7579345703125,0.0,-3.7579345703125
2026-09-10,11,PLTR,short,80.838623046875,0.0,80.838623046875
2026-09-10,11,PLTR,short,12.220458984375,0.0,12.220458984375
2026-09-10,11,PLTR,short,15.63800048828125,0.0,15.63800048828125
2026-09-10,11,PLTR,short,1.663055419921875,0.0,1.663055419921875
2026-09-10,12,PLTR,short,28.37884521484375,0.0,28.37884521484375
2026-09-10,12,PLTR,short,10.319580078125,0.0,10.319580078125
2026-09-10,12,PLTR,short,-30.77874755859375,0.0,-30.77874755859375
2026-09-10,12,PLTR,short,-3.4207305908203125,0.0,-3.4207305908203125
2026-09-10,12,PLTR,short,-9.3487548828125,0.0,-9.3487548828125
2026-09-10,12,PLTR,short,-5.95062255859375,0.0,-5.95062255859375
2026-09-10,12,PLTR,short,-41.651763916015625,0.0,-41.651763916015625
2026-09-10,12,PLTR,short,2.549896240234375,0.0,2.549896240234375
2026-09-10,12,PLTR,short,37.920867919921875,0.0,37.920867919921875
2026-09-10,12,PLTR,short,6.32135009765625,0.0,6.32135009765625
2026-09-10,12,PLTR,short,-25.120574951171875,0.0,-25.120574951171875
2026-09-10,12,PLTR,short,-4.5540924072265625,0.0,-4.5540924072265625
2026-09-10,12,PLTR,short,49.38423156738281,0.0,49.38423156738281
2026-09-10,12,PLTR,short,6.195648193359375,0.0,6.195648193359375
2026-09-10,12,PLTR,short,16.717529296875,0.0,16.717529296875
2026-09-10,12,PLTR,short,-3.501953125,0.0,-3.501953125
2026-09-10,12,PLTR,short,21.98388671875,0.0,21.98388671875
2026-09-10,12,PLTR,short,2.41162109375,0.0,2.41162109375
2026-09-10,12,PLTR,short,-24.202011108398438,0.0,-24.202011108398438
2026-09-10,12,PLTR,short,25.516845703125,0.0,25.516845703125
2026-09-10,12,PLTR,short,0.9430389404296875,0.0,0.9430389404296875
2026-09-10,12,PLTR,short,-29.294769287109375,0.0,-29.294769287109375
2026-09-10,12,PLTR,short,-7.5587310791015625,0.0,-7.5587310791015625
2026-09-10,13,PLTR,short,26.459884643554688,0.0,26.459884643554688
2026-09-10,13,PLTR,short,3.7808074951171875,0.0,3.7808074951171875
2026-09-10,13,PLTR,short,53.86280822753906,0.0,53.86280822753906
2026-09-10,13,PLTR,short,-3.777923583984375,0.0,-3.777923583984375
2026-09-10,13,PLTR,short,31.01873779296875,0.0,31.01873779296875
2026-09-10,13,PLTR,short,-7.51873779296875,0.0,-7.51873779296875
2026-09-10,13,PLTR,short,28.048858642578125,0.0,28.048858642578125
2026-09-10,13,PLTR,short,4.377105712890625,0.0,4.377105712890625
2026-09-10,13,PLTR,short,-25.08062744140625,0.0,-25.08062744140625
2026-09-10,13,PLTR,short,-5.6397705078125,0.0,-5.6397705078125
2026-09-10,13,PLTR,short,15.929351806640625,0.0,15.929351806640625
2026-09-10,13,PLTR,short,17.60107421875,0.0,17.60107421875
2026-09-10,13,PLTR,short,2.639892578125,0.0,2.639892578125
2026-09-10,13,PLTR,short,-0.880859375,0.0,-0.880859375
2026-09-10,13,PLTR,short,5.27978515625,0.0,5.27978515625
2026-09-10,13,PLTR,short,49.875640869140625,0.0,49.875640869140625
2026-09-10,13,PLTR,short,2.6248931884765625,0.0,2.6248931884765625
2026-09-10,13,PLTR,short,-38.28021240234375,0.0,-38.28021240234375
2026-09-10,13,PLTR,short,-1.739044189453125,0.0,-1.739044189453125
2026-09-10,13,PLTR,short,12.420120239257812,0.0,12.420120239257812
2026-09-10,13,PLTR,short,8.339035034179688,0.0,8.339035034179688
2026-09-10,13,PLTR,short,-22.35821533203125,0.0,-22.35821533203125
2026-09-10,13,PLTR,short,1.71905517578125,0.0,1.71905517578125
2026-09-10,14,PLTR,short,15.29937744140625,0.0,15.29937744140625
2026-09-10,14,PLTR,short,10.217742919921875,0.0,10.217742919921875
2026-09-10,14,PLTR,short,10.181427001953125,0.0,10.181427001953125
2026-09-10,14,PLTR,short,46.980743408203125,0.0,46.980743408203125
2026-09-10,14,PLTR,short,0.4354248046875,0.0,0.4354248046875
2026-09-10,14,PLTR,short,-24.795318603515625,0.0,-24.795318603515625
2026-09-10,14,PLTR,short,3.480743408203125,0.0,3.480743408203125
2026-09-10,14,PLTR,short,-17.40106201171875,0.0,-17.40106201171875
2026-09-10,14,PLTR,short,3.480743408203125,0.0,3.480743408203125
2026-09-10,14,PLTR,short,-32.1895751953125,0.0,-32.1895751953125
2026-09-10,14,PLTR,short,6.09063720703125,0.0,6.09063720703125
2026-09-10,14,PLTR,short,6.958831787109375,0.0,6.958831787109375
2026-09-10,14,PLTR,short,-38.060211181640625,0.0,-38.060211181640625
2026-09-10,14,PLTR,short,-0.1715850830078125,0.0,-0.1715850830078125
2026-09-10,14,PLTR,short,3.6270751953125,0.0,3.6270751953125
2026-09-10,14,PLTR,short,7.72393798828125,0.0,7.72393798828125
2026-09-10,14,PLTR,short,-52.46136474609375,0.0,-52.46136474609375
2026-09-10,14,PLTR,short,-22.35821533203125,0.0,-22.35821533203125
2026-09-10,14,PLTR,short,-15.4793701171875,0.0,-15.4793701171875
2026-09-10,14,PLTR,short,0.85821533203125,0.0,0.85821533203125
2026-09-10,15,PLTR,short,-9.061935424804688,0.0,-9.061935424804688
2026-09-10,15,PLTR,short,6.497039794921875,0.0,6.497039794921875
2026-09-10,15,PLTR,short,50.906524658203125,0.0,50.906524658203125
2026-09-10,15,PLTR,short,-0.4618377685546875,0.0,-0.4618377685546875
2026-09-10,15,PLTR,short,2.549896240234375,0.0,2.549896240234375
2026-09-10,15,PLTR,short,3.400726318359375,0.0,3.400726318359375
2026-09-10,15,PLTR,short,0.8458251953125,0.0,0.8458251953125
2026-09-10,15,PLTR,short,-4.2265472412109375,0.0,-4.2265472412109375
2026-09-10,15,PLTR,short,10.98541259765625,0.0,10.98541259765625
2026-09-10,15,PLTR,short,2.5348968505859375,0.0,2.5348968505859375
2026-09-10,15,PLTR,short,-20.1591796875,0.0,-20.1591796875
2026-09-10,15,PLTR,short,-1.6790771484375,0.0,-1.6790771484375
2026-09-10,15,PLTR,short,79.64945983886719,0.0,79.64945983886719
2026-09-10,15,PLTR,short,-3.5407562255859375,0.0,-3.5407562255859375
2026-09-10,15,PLTR,short,3.28070068359375,0.0,3.28070068359375
2026-09-10,15,PLTR,short,0.720703125,0.0,0.720703125
2026-09-10,15,PLTR,short,-31.400054931640625,0.0,-31.400054931640625
2026-09-10,15,PLTR,short,7.6387176513671875,0.0,7.6387176513671875
2026-09-10,15,PLTR,short,2.8648834228515625,0.0,2.8648834228515625
2026-09-10,15,PLTR,short,2.8677978515625,0.0,2.8677978515625
2026-09-10,15,PLTR,short,-35.33744812011719,0.0,-35.33744812011719
2026-09-10,15,PLTR,short,0.9559326171875,0.0,0.9559326171875
2026-09-10,15,PLTR,short,-5.729766845703125,0.0,-5.729766845703125
2026-09-11,9,PLTR,long,-22.347610473632812,0.0,-22.347610473632812
2026-09-11,9,PLTR,long,1.155120849609375,0.0,1.155120849609375
2026-09-11,9,PLTR,long,70.94973754882812,0.0,70.94973754882812
2026-09-11,9,PLTR,long,-1.7157745361328125,0.0,-1.7157745361328125
2026-09-11,9,PLTR,long,15.045669555664062,0.0,15.045669555664062
2026-09-11,10,PLTR,long,4.5507049560546875,0.0,4.5507049560546875
2026-09-11,10,PLTR,long,0.1043548583984375,0.0,0.1043548583984375
2026-09-11,10,PLTR,short,2.5850067138671875,0.0,2.5850067138671875
2026-09-11,10,PLTR,short,-0.3069915771484375,0.0,-0.3069915771484375
2026-09-11,10,PLTR,short,0.389984130859375,0.0,0.389984130859375
2026-09-11,10,PLTR,short,0.1949920654296875,0.0,0.1949920654296875
2026-09-11,11,PLTR,short,15.999984741210938,0.0,15.999984741210938
2026-09-11,11,PLTR,short,-0.2498626708984375,0.0,-0.2498626708984375
2026-09-11,11,PLTR,short,-1.540008544921875,0.0,-1.540008544921875
2026-09-11,11,PLTR,short,-14.199783325195312,0.0,-14.199783325195312
2026-09-11,11,PLTR,short,0.7096099853515625,0.0,0.7096099853515625
2026-09-11,11,PLTR,short,11.400985717773438,0.0,11.400985717773438
2026-09-11,11,PLTR,short,0.4740142822265625,0.0,0.4740142822265625
2026-09-11,11,PLTR,short,-14.155197143554688,0.0,-14.155197143554688
2026-09-11,11,PLTR,short,-2.4309539794921875,0.0,-2.4309539794921875
2026-09-11,11,PLTR,short,-76.29757690429688,0.0,-76.29757690429688
2026-09-11,11,PLTR,short,0.4554443359375,0.0,0.4554443359375
2026-09-11,11,PLTR,short,-1.3649444580078125,0.0,-1.3649444580078125
2026-09-11,11,PLTR,short,-21.00067138671875,0.0,-21.00067138671875
2026-09-11,11,PLTR,short,2.9998779296875,0.0,2.9998779296875
2026-09-11,11,PLTR,short,15.11993408203125,0.0,15.11993408203125
2026-09-11,11,PLTR,short,-2.16046142578125,0.0,-2.16046142578125
2026-09-11,11,PLTR,short,-19.25921630859375,0.0,-19.25921630859375
2026-09-11,11,PLTR,short,4.8148040771484375,0.0,4.8148040771484375
2026-09-11,11,PLTR,short,19.250335693359375,0.0,19.250335693359375
2026-09-11,11,PLTR,short,2.200469970703125,0.0,2.200469970703125
2026-09-11,11,PLTR,short,23.849945068359375,0.0,23.849945068359375
2026-09-11,11,PLTR,short,1.349945068359375,0.0,1.349945068359375
2026-09-11,12,PLTR,short,5.87933349609375,0.0,5.87933349609375
2026-09-11,12,PLTR,short,0.42041015625,0.0,0.42041015625
2026-09-11,12,PLTR,short,-53.24432373046875,0.0,-53.24432373046875
2026-09-11,12,PLTR,short,3.25701904296875,0.0,3.25701904296875
2026-09-11,12,PLTR,short,2.726806640625,0.0,2.726806640625
2026-09-11,12,PLTR,short,2.0399169921875,0.0,2.0399169921875
2026-09-11,12,PLTR,short,29.2603759765625,0.0,29.2603759765625
2026-09-11,12,PLTR,short,-1.924530029296875,0.0,-1.924530029296875
2026-09-11,12,PLTR,short,-2.100067138671875,0.0,-2.100067138671875
2026-09-11,12,PLTR,short,20.86578369140625,0.0,20.86578369140625
2026-09-11,12,PLTR,short,19.188705444335938,0.0,19.188705444335938
2026-09-11,12,PLTR,short,-28.99932861328125,0.0,-28.99932861328125
2026-09-11,12,PLTR,short,2.9998779296875,0.0,2.9998779296875
2026-09-11,12,PLTR,short,18.81024169921875,0.0,18.81024169921875
2026-09-11,12,PLTR,short,2.969879150390625,0.0,2.969879150390625
2026-09-11,12,PLTR,short,-2.969879150390625,0.0,-2.969879150390625
2026-09-11,12,PLTR,short,-6.93072509765625,0.0,-6.93072509765625
2026-09-11,12,PLTR,short,-27.029937744140625,0.0,-27.029937744140625
2026-09-11,12,PLTR,short,-1.906585693359375,0.0,-1.906585693359375
2026-09-11,12,PLTR,short,23.915878295898438,0.0,23.915878295898438
2026-09-11,12,PLTR,short,0.1555938720703125,0.0,0.1555938720703125
2026-09-11,13,PLTR,short,-3.089874267578125,0.0,-3.089874267578125
2026-09-11,13,PLTR,short,-12.75,0.0,-12.75
2026-09-11,13,PLTR,short,2.54937744140625,0.0,2.54937744140625
2026-09-11,13,PLTR,short,1.139373779296875,0.0,1.139373779296875
2026-09-11,13,PLTR,short,3.99041748046875,0.0,3.99041748046875
2026-09-11,13,PLTR,short,3.5856170654296875,0.0,3.5856170654296875
2026-09-11,13,PLTR,short,-8.024871826171875,0.0,-8.024871826171875
2026-09-11,13,PLTR,short,-46.20147705078125,0.0,-46.20147705078125
2026-09-11,13,PLTR,short,19.71142578125,0.0,19.71142578125
2026-09-11,13,PLTR,short,15.119384765625,0.0,15.119384765625
2026-09-11,13,PLTR,short,2.520538330078125,0.0,2.520538330078125
2026-09-11,13,PLTR,short,-22.21954345703125,0.0,-22.21954345703125
2026-09-11,13,PLTR,short,3.519744873046875,0.0,3.519744873046875
2026-09-11,13,PLTR,short,26.874542236328125,0.0,26.874542236328125
2026-09-11,13,PLTR,short,-21.8297119140625,0.0,-21.8297119140625
2026-09-11,13,PLTR,short,-2.360504150390625,0.0,-2.360504150390625
2026-09-11,13,PLTR,short,11.135879516601562,0.0,11.135879516601562
2026-09-11,13,PLTR,short,-3.87786865234375,0.0,-3.87786865234375
2026-09-11,13,PLTR,short,6.933685302734375,0.0,6.933685302734375
2026-09-11,13,PLTR,short,-3.809844970703125,0.0,-3.809844970703125
2026-09-11,14,PLTR,short,29.7008056640625,0.0,29.7008056640625
2026-09-11,14,PLTR,short,-7.92169189453125,0.0,-7.92169189453125
2026-09-11,14,PLTR,short,3.30120849609375,0.0,3.30120849609375
2026-09-11,14,PLTR,short,0.66064453125,0.0,0.66064453125
2026-09-11,14,PLTR,short,-60.14007568359375,0.0,-60.14007568359375
2026-09-11,14,PLTR,short,-1.2412109375,0.0,-1.2412109375
2026-09-11,14,PLTR,short,9.240966796875,0.0,9.240966796875
2026-09-11,14,PLTR,short,-1.3212890625,0.0,-1.3212890625
2026-09-11,14,PLTR,short,-1.3092803955078125,0.0,-1.3092803955078125
2026-09-11,14,PLTR,short,1.3092803955078125,0.0,1.3092803955078125
2026-09-11,14,PLTR,short,-1.31927490234375,0.0,-1.31927490234375
2026-09-11,14,PLTR,short,0.66064453125,0.0,0.66064453125
2026-09-11,14,PLTR,short,-5.641204833984375,0.0,-5.641204833984375
2026-09-11,14,PLTR,short,-0.7035369873046875,0.0,-0.7035369873046875
2026-09-11,14,PLTR,short,-35.9556884765625,0.0,-35.9556884765625
2026-09-11,14,PLTR,short,0.7056884765625,0.0,0.7056884765625
2026-09-11,14,PLTR,short,31.63201904296875,0.0,31.63201904296875
2026-09-11,14,PLTR,short,-0.294708251953125,0.0,-0.294708251953125
2026-09-11,14,PLTR,short,5.837860107421875,0.0,5.837860107421875
2026-09-11,14,PLTR,short,3.509857177734375,0.0,3.509857177734375
2026-09-11,14,PLTR,short,1.2693023681640625,0.0,1.2693023681640625
2026-09-11,14,PLTR,short,2.5405426025390625,0.0,2.5405426025390625
2026-09-11,14,PLTR,short,-15.2393798828125,0.0,-15.2393798828125
2026-09-11,14,PLTR,short,-2.5405426025390625,0.0,-2.5405426025390625
2026-09-11,15,PLTR,short,-12.495986938476562,0.0,-12.495986938476562
2026-09-11,15,PLTR,short,-6.6147308349609375,0.0,-6.6147308349609375
2026-09-11,15,PLTR,short,-41.4398193359375,0.0,-41.4398193359375
2026-09-11,15,PLTR,short,1.4814453125,0.0,1.4814453125
2026-09-11,15,PLTR,short,85.55841064453125,0.0,85.55841064453125
2026-09-11,15,PLTR,short,-8.049087524414062,0.0,-8.049087524414062
2026-09-11,15,PLTR,short,2.298736572265625,0.0,2.298736572265625
2026-09-11,15,PLTR,short,-17.219924926757812,0.0,-17.219924926757812
2026-09-11,15,PLTR,short,2.4605255126953125,0.0,2.4605255126953125
2026-09-11,15,PLTR,short,-48.99339294433594,0.0,-48.99339294433594
2026-09-11,15,PLTR,short,2.5194244384765625,0.0,2.5194244384765625
2026-09-11,15,PLTR,short,12.302490234375,0.0,12.302490234375
2026-09-11,15,PLTR,short,0.01611328125,0.0,0.01611328125
2026-09-11,15,PLTR,short,41.33990478515625,0.0,41.33990478515625
2026-09-11,15,PLTR,short,-2.2613525390625,0.0,-2.2613525390625
2026-09-11,15,PLTR,short,-28.954833984375,0.0,-28.954833984375
2026-09-11,15,PLTR,short,-1.54248046875,0.0,-1.54248046875
2026-09-11,15,PLTR,short,-11.162384033203125,0.0,-11.162384033203125
2026-09-11,15,PLTR,short,-7.438751220703125,0.0,-7.438751220703125
2026-09-11,15,PLTR,short,3.720794677734375,0.0,3.720794677734375
2026-09-11,15,PLTR,short,42.779205322265625,0.0,42.779205322265625
2026-09-11,15,PLTR,short,1.858978271484375,0.0,1.858978271484375
2026-09-14,9,PLTR,short,-2.379974365234375,0.0,-2.379974365234375
2026-09-14,9,PLTR,short,0.1400299072265625,0.0,0.1400299072265625
2026-09-14,9,PLTR,short,-125.67138671875,0.0,-125.67138671875
2026-09-14,9,PLTR,short,-7.8089599609375,0.0,-7.8089599609375
2026-09-14,10,PLTR,short,9.16534423828125,0.0,9.16534423828125
2026-09-14,10,PLTR,short,4.229827880859375,0.0,4.229827880859375
2026-09-14,10,PLTR,short,71.90994262695312,0.0,71.90994262695312
2026-09-14,10,PLTR,short,2.34942626953125,0.0,2.34942626953125
2026-09-14,10,PLTR,short,3.8250274658203125,0.0,3.8250274658203125
2026-09-14,10,PLTR,short,0.179901123046875,0.0,0.179901123046875
2026-09-14,10,PLTR,short,-1.8199615478515625,0.0,-1.8199615478515625
2026-09-14,10,PLTR,short,0.1400299072265625,0.0,0.1400299072265625
2026-09-14,10,PLTR,short,-8.683563232421875,0.0,-8.683563232421875
2026-09-14,10,PLTR,short,0.0035247802734375,0.0,0.0035247802734375
2026-09-14,10,PLTR,short,18.776611328125,0.0,18.776611328125
2026-09-14,10,PLTR,short,1.6636962890625,0.0,1.6636962890625
2026-09-14,10,PLTR,short,-16.390228271484375,0.0,-16.390228271484375
2026-09-14,10,PLTR,short,1.3199462890625,0.0,1.3199462890625
2026-09-14,10,PLTR,short,-12.97991943359375,0.0,-12.97991943359375
2026-09-14,10,PLTR,short,-0.109771728515625,0.0,-0.109771728515625
2026-09-14,10,PLTR,short,-6.300201416015625,0.0,-6.300201416015625
2026-09-14,10,PLTR,short,3.147125244140625,0.0,3.147125244140625
2026-09-14,11,PLTR,short,-11.896575927734375,0.0,-11.896575927734375
2026-09-14,11,PLTR,short,1.01995849609375,0.0,1.01995849609375
2026-09-14,11,PLTR,short,1.97991943359375,0.0,1.97991943359375
2026-09-14,11,PLTR,short,0.989959716796875,0.0,0.989959716796875
2026-09-14,11,PLTR,short,-30.0,0.0,-30.0
2026-09-14,11,PLTR,short,-1.500091552734375,0.0,-1.500091552734375
2026-09-14,11,PLTR,short,-17.69989013671875,0.0,-17.69989013671875
2026-09-14,11,PLTR,short,0.299835205078125,0.0,0.299835205078125
2026-09-14,11,PLTR,short,-4.204681396484375,0.0,-4.204681396484375
2026-09-14,11,PLTR,short,0.6998291015625,0.0,0.6998291015625
2026-09-14,11,PLTR,short,19.59991455078125,0.0,19.59991455078125
2026-09-14,11,PLTR,short,0.8399658203125,0.0,0.8399658203125
2026-09-14,11,PLTR,short,7.650146484375,0.0,7.650146484375
2026-09-14,11,PLTR,short,-0.210113525390625,0.0,-0.210113525390625
2026-09-14,12,PLTR,short,-14.534927368164062,0.0,-14.534927368164062
2026-09-14,12,PLTR,short,0.509979248046875,0.0,0.509979248046875
2026-09-14,12,PLTR,short,-10.858566284179688,0.0,-10.858566284179688
2026-09-14,12,PLTR,short,1.3032073974609375,0.0,1.3032073974609375
2026-09-14,12,PLTR,short,9.89556884765625,0.0,9.89556884765625
2026-09-14,12,PLTR,short,-1.9752197265625,0.0,-1.9752197265625
2026-09-14,12,PLTR,short,-0.2152099609375,0.0,-0.2152099609375
2026-09-14,12,PLTR,short,1.55633544921875,0.0,1.55633544921875
2026-09-14,12,PLTR,short,36.27960205078125,0.0,36.27960205078125
2026-09-14,12,PLTR,short,-0.419769287109375,0.0,-0.419769287109375
2026-09-14,12,PLTR,short,11.88006591796875,0.0,11.88006591796875
2026-09-14,12,PLTR,short,-0.72015380859375,0.0,-0.72015380859375
2026-09-14,13,PLTR,short,-21.696624755859375,0.0,-21.696624755859375
2026-09-14,13,PLTR,short,1.7469024658203125,0.0,1.7469024658203125
2026-09-14,13,PLTR,short,1.349945068359375,0.0,1.349945068359375
2026-09-14,13,PLTR,short,0.9001922607421875,0.0,0.9001922607421875
2026-09-14,13,PLTR,short,8.999862670898438,0.0,8.999862670898438
2026-09-14,13,PLTR,short,-1.800384521484375,0.0,-1.800384521484375
2026-09-14,13,PLTR,short,-8.774642944335938,0.0,-8.774642944335938
2026-09-14,13,PLTR,short,0.6749725341796875,0.0,0.6749725341796875
2026-09-14,13,PLTR,short,-12.644729614257812,0.0,-12.644729614257812
2026-09-14,13,PLTR,short,3.1353759765625,0.0,3.1353759765625
2026-09-14,13,PLTR,short,-2.041015625,0.0,-2.041015625
2026-09-14,13,PLTR,short,1.1002349853515625,0.0,1.1002349853515625
2026-09-14,13,PLTR,short,-25.42022705078125,0.0,-25.42022705078125
2026-09-14,13,PLTR,short,14.850234985351562,0.0,14.850234985351562
2026-09-14,13,PLTR,short,-19.440032958984375,0.0,-19.440032958984375
2026-09-14,13,PLTR,short,-0.539703369140625,0.0,-0.539703369140625
2026-09-14,13,PLTR,short,7.82940673828125,0.0,7.82940673828125
2026-09-14,13,PLTR,short,-0.269439697265625,0.0,-0.269439697265625
2026-09-14,13,PLTR,short,3.17987060546875,0.0,3.17987060546875
2026-09-14,13,PLTR,short,-0.270111083984375,0.0,-0.270111083984375
2026-09-14,13,PLTR,short,7.9553375244140625,0.0,7.9553375244140625
2026-09-14,13,PLTR,short,-2.3590240478515625,0.0,-2.3590240478515625
2026-09-14,14,PLTR,short,-6.6516876220703125,0.0,-6.6516876220703125
2026-09-14,14,PLTR,short,-0.5297088623046875,0.0,-0.5297088623046875
2026-09-14,14,PLTR,short,3.640380859375,0.0,3.640380859375
2026-09-14,14,PLTR,short,2.33990478515625,0.0,2.33990478515625
2026-09-14,14,PLTR,short,0.809967041015625,0.0,0.809967041015625
2026-09-14,14,PLTR,short,4.371917724609375,0.0,4.371917724609375
2026-09-14,14,PLTR,short,-1.192047119140625,0.0,-1.192047119140625
2026-09-14,14,PLTR,short,22.359619140625,0.0,22.359619140625
2026-09-14,14,PLTR,short,-2.659698486328125,0.0,-2.659698486328125
2026-09-14,14,PLTR,short,-0.569976806640625,0.0,-0.569976806640625
2026-09-14,14,PLTR,short,-5.3302001953125,0.0,-5.3302001953125
2026-09-14,14,PLTR,short,-1.6397247314453125,0.0,-1.6397247314453125
2026-09-14,14,PLTR,short,3.2037353515625,0.0,3.2037353515625
2026-09-14,14,PLTR,short,2.396240234375,0.0,2.396240234375
2026-09-14,14,PLTR,short,-14.430404663085938,0.0,-14.430404663085938
2026-09-14,14,PLTR,short,-1.5597381591796875,0.0,-1.5597381591796875
2026-09-14,14,PLTR,short,1.33013916015625,0.0,1.33013916015625
2026-09-14,14,PLTR,short,-0.190185546875,0.0,-0.190185546875
2026-09-14,14,PLTR,short,8.599868774414062,0.0,8.599868774414062
2026-09-14,14,PLTR,short,0.8601837158203125,0.0,0.8601837158203125
2026-09-14,15,PLTR,short,12.389923095703125,0.0,12.389923095703125
2026-09-14,15,PLTR,short,1.04974365234375,0.0,1.04974365234375
2026-09-14,15,PLTR,short,0.8201751708984375,0.0,0.8201751708984375
2026-09-14,15,PLTR,short,0.30780029296875,0.0,0.30780029296875
2026-09-14,15,PLTR,short,7.6995849609375,0.0,7.6995849609375
2026-09-14,15,PLTR,short,-1.199951171875,0.0,-1.199951171875
2026-09-14,15,PLTR,short,-1.169952392578125,0.0,-1.169952392578125
2026-09-14,15,PLTR,short,0.1951904296875,0.0,0.1951904296875
2026-09-14,15,PLTR,short,-11.590301513671875,0.0,-11.590301513671875
2026-09-14,15,PLTR,short,-18.239837646484375,0.0,-18.239837646484375
2026-09-14,15,PLTR,short,-9.879791259765625,0.0,-9.879791259765625
2026-09-14,15,PLTR,short,0.216278076171875,0.0,0.216278076171875
2026-09-14,15,PLTR,short,-13.900970458984375,0.0,-13.900970458984375
2026-09-14,15,PLTR,short,-1.07269287109375,0.0,-1.07269287109375
2026-09-14,15,PLTR,short,-1.009979248046875,0.0,-1.009979248046875
2026-09-14,15,PLTR,short,-0.600128173828125,0.0,-0.600128173828125
2026-09-14,15,PLTR,short,1.2000274658203125,0.0,1.2000274658203125
2026-09-14,15,PLTR,short,-2.414794921875,0.0,-2.414794921875
2026-09-14,15,PLTR,short,0.9449615478515625,0.0,0.9449615478515625
2026-09-14,15,PLTR,short,6.1949615478515625,0.0,6.1949615478515625
2026-09-14,15,PLTR,short,0.524871826171875,0.0,0.524871826171875
2026-08-31,9,NVDA,short,17.0101318359375,0.0,17.0101318359375
2026-08-31,9,NVDA,short,-0.7506408691375555,0.0,-0.7506408691375555
2026-08-31,9,NVDA,short,-65.66912841797182,0.0,-65.66912841797182
2026-08-31,9,NVDA,short,-1.350494384765625,0.0,-1.350494384765625
2026-08-31,9,NVDA,short,7.03009033203125,0.0,7.03009033203125
2026-08-31,9,NVDA,short,0.7401580810546875,0.0,0.7401580810546875
2026-08-31,9,NVDA,short,-10.2601318359375,0.0,-10.2601318359375
2026-08-31,9,NVDA,short,0.51470947265625,0.0,0.51470947265625
2026-08-31,10,NVDA,short,-46.27832031249636,0.0,-46.27832031249636
2026-08-31,10,NVDA,short,-1.037109375003638,0.0,-1.037109375003638
2026-08-31,10,NVDA,short,-12.045135498045084,0.0,-12.045135498045084
2026-08-31,10,NVDA,short,0.07498168945133443,0.0,0.07498168945133443
2026-08-31,10,NVDA,short,-19.592330932618978,0.0,-19.592330932618978
2026-08-31,10,NVDA,short,0.06248474121272807,0.0,0.06248474121272807
2026-08-31,10,NVDA,short,-50.2198486328125,0.0,-50.2198486328125
2026-08-31,10,NVDA,short,1.233642578125,0.0,1.233642578125
2026-08-31,10,NVDA,short,15.482025146486137,0.0,15.482025146486137
2026-08-31,10,NVDA,short,-0.5950622558611371,0.0,-0.5950622558611371
2026-08-31,10,NVDA,short,23.179367065429688,0.0,23.179367065429688
2026-08-31,10,NVDA,short,-1.085296630859375,0.0,-1.085296630859375
2026-08-31,10,NVDA,short,-42.68806457519531,0.0,-42.68806457519531
2026-08-31,10,NVDA,short,-21.41912841796875,0.0,-21.41912841796875
2026-08-31,10,NVDA,short,-1.2599487304711374,0.0,-1.2599487304711374
2026-08-31,10,NVDA,short,53.75994873047114,0.0,53.75994873047114
2026-08-31,10,NVDA,short,-20.825881958007812,0.0,-20.825881958007812
2026-08-31,10,NVDA,short,15.225448608398438,0.0,15.225448608398438
2026-08-31,10,NVDA,short,1.051025390625,0.0,1.051025390625
2026-08-31,10,NVDA,short,17.324295043945312,0.0,17.324295043945312
2026-08-31,10,NVDA,short,-0.5255126953125,0.0,-0.5255126953125
2026-08-31,11,NVDA,short,-9.880126953122044,0.0,-9.880126953122044
2026-08-31,11,NVDA,short,-2.599365234377956,0.0,-2.599365234377956
2026-08-31,11,NVDA,short,30.030166625976562,0.0,30.030166625976562
2026-08-31,11,NVDA,short,1.8203887939427261,0.0,1.8203887939427261
2026-08-31,11,NVDA,short,0.7196044921926159,0.0,0.7196044921926159
2026-08-31,11,NVDA,short,2.879791259760509,0.0,2.879791259760509
2026-08-31,11,NVDA,short,9.651184082033865,0.0,9.651184082033865
2026-08-31,11,NVDA,short,-1.3715209960911352,0.0,-1.3715209960911352
2026-08-31,11,NVDA,short,-36.39944458008071,0.0,-36.39944458008071
2026-08-31,11,NVDA,short,-0.9095001220703125,0.0,-0.9095001220703125
2026-08-31,11,NVDA,short,-47.32038879394531,0.0,-47.32038879394531
2026-08-31,11,NVDA,short,-0.910888671875,0.0,-0.910888671875
2026-08-31,11,NVDA,short,-5.999755859372158,0.0,-5.999755859372158
2026-08-31,11,NVDA,short,2.000427246090908,0.0,2.000427246090908
2026-08-31,11,NVDA,short,44.43186950683594,0.0,44.43186950683594
2026-08-31,11,NVDA,short,0.117828369140625,0.0,0.117828369140625
2026-08-31,11,NVDA,short,4.9503021240234375,0.0,4.9503021240234375
2026-08-31,11,NVDA,short,-0.9894561767606262,0.0,-0.9894561767606262
2026-08-31,11,NVDA,short,3.9593353271512512,0.0,3.9593353271512512
2026-08-31,11,NVDA,short,-0.9894561767549988,0.0,-0.9894561767549988
2026-08-31,11,NVDA,short,-25.48095703125557,0.0,-25.48095703125557
2026-08-31,11,NVDA,short,-0.9794616699190897,0.0,-0.9794616699190897
2026-08-31,11,NVDA,short,-5.3892822265625,0.0,-5.3892822265625
2026-08-31,11,NVDA,short,0.488983154296875,0.0,0.488983154296875
2026-08-31,12,NVDA,short,66.66331481933594,0.0,66.66331481933594
2026-08-31,12,NVDA,short,-1.21295166015625,0.0,-1.21295166015625
2026-08-31,12,NVDA,short,21.59967041015625,0.0,21.59967041015625
2026-08-31,12,NVDA,short,1.0810546875,0.0,1.0810546875
2026-08-31,12,NVDA,short,1.0694122314453125,0.0,1.0694122314453125
2026-08-31,12,NVDA,short,-1.0694122314453125,0.0,-1.0694122314453125
2026-08-31,12,NVDA,short,-46.64025878905949,0.0,-46.64025878905949
2026-08-31,12,NVDA,short,1.0594177246063623,0.0,1.0594177246063623
2026-08-31,12,NVDA,short,-5.600341796871817,0.0,-5.600341796871817
2026-08-31,12,NVDA,short,-1.1193847656281832,0.0,-1.1193847656281832
2026-08-31,12,NVDA,short,-19.425338745117188,0.0,-19.425338745117188
2026-08-31,12,NVDA,short,-21.091278076171875,0.0,-21.091278076171875
2026-08-31,12,NVDA,short,-0.351104736328125,0.0,-0.351104736328125
2026-08-31,12,NVDA,short,26.5125732421875,0.0,26.5125732421875
2026-08-31,12,NVDA,short,0.008331298828125,0.0,0.008331298828125
2026-08-31,12,NVDA,short,6.2286376953125,0.0,6.2286376953125
2026-08-31,12,NVDA,short,-1.0394287109404559,0.0,-1.0394287109404559
2026-08-31,12,NVDA,short,10.9195556640625,0.0,10.9195556640625
2026-08-31,12,NVDA,short,-26.5205078125,0.0,-26.5205078125
2026-08-31,12,NVDA,short,10.300628662112302,0.0,10.300628662112302
2026-08-31,13,NVDA,short,-29.869308471679688,0.0,-29.869308471679688
2026-08-31,13,NVDA,short,-1.031005859375,0.0,-1.031005859375
2026-08-31,13,NVDA,short,16.3297119140625,0.0,16.3297119140625
2026-08-31,13,NVDA,short,1.000762939453125,0.0,1.000762939453125
2026-08-31,13,NVDA,short,11.082687377929688,0.0,11.082687377929688
2026-08-31,13,NVDA,short,12.298873901367188,0.0,12.298873901367188
2026-08-31,13,NVDA,short,1.2293243408203125,0.0,1.2293243408203125
2026-08-31,13,NVDA,short,1.2211914062534674,0.0,1.2211914062534674
2026-08-31,13,NVDA,short,3.6598510742152826,0.0,3.6598510742152826
2026-08-31,13,NVDA,short,-0.44543457030997047,0.0,-0.44543457030997047
2026-08-31,13,NVDA,short,35.690734863278806,0.0,35.690734863278806
2026-08-31,13,NVDA,short,0.8595275878881807,0.0,0.8595275878881807
2026-08-31,13,NVDA,short,13.04150390625,0.0,13.04150390625
2026-08-31,13,NVDA,short,0.007965087893097689,0.0,0.007965087893097689
2026-08-31,13,NVDA,short,-12.010955810546875,0.0,-12.010955810546875
2026-08-31,13,NVDA,short,0.18190002441147612,0.0,0.18190002441147612
2026-08-31,13,NVDA,short,-27.58978271484375,0.0,-27.58978271484375
2026-08-31,13,NVDA,short,-0.8908691406199409,0.0,-0.8908691406199409
2026-08-31,13,NVDA,short,-8.000167846682217,0.0,-8.000167846682217
2026-08-31,13,NVDA,short,0.8800048828099705,0.0,0.8800048828099705
2026-08-31,13,NVDA,short,-12.759033203125,0.0,-12.759033203125
2026-08-31,14,NVDA,short,24.35989379883307,0.0,24.35989379883307
2026-08-31,14,NVDA,short,-0.4354248046924454,0.0,-0.4354248046924454
2026-08-31,14,NVDA,short,-1.7403717040990898,0.0,-1.7403717040990898
2026-08-31,14,NVDA,short,-0.5217132568384102,0.0,-0.5217132568384102
2026-08-31,14,NVDA,short,3.131607055669008,0.0,3.131607055669008
2026-08-31,14,NVDA,short,-0.4340972900390625,0.0,-0.4340972900390625
2026-08-31,14,NVDA,short,23.649475097653806,0.0,23.649475097653806
2026-08-31,14,NVDA,short,0.430419921875,0.0,0.430419921875
2026-08-31,14,NVDA,short,-8.730087280273438,0.0,-8.730087280273438
2026-08-31,14,NVDA,short,-0.194549560546875,0.0,-0.194549560546875
2026-08-31,14,NVDA,short,-11.481201171875,0.0,-11.481201171875
2026-08-31,14,NVDA,short,48.600494384765625,0.0,48.600494384765625
2026-08-31,14,NVDA,short,1.6203460693359375,0.0,1.6203460693359375
2026-08-31,14,NVDA,short,52.72430419922145,0.0,52.72430419922145
2026-08-31,14,NVDA,short,32.3368835449192,0.0,32.3368835449192
2026-08-31,14,NVDA,short,-1.777130126953125,0.0,-1.777130126953125
2026-08-31,14,NVDA,short,-6.58929443359375,0.0,-6.58929443359375
2026-08-31,14,NVDA,short,-0.930877685546875,0.0,-0.930877685546875
2026-08-31,14,NVDA,short,13.151336669919203,0.0,13.151336669919203
2026-08-31,14,NVDA,short,-0.7530212402290317,0.0,-0.7530212402290317
2026-08-31,14,NVDA,short,-38.30630493164327,0.0,-38.30630493164327
2026-08-31,14,NVDA,short,0.4555206298828125,0.0,0.4555206298828125
2026-08-31,15,NVDA,short,-13.34039306640625,0.0,-13.34039306640625
2026-08-31,15,NVDA,short,-2.759887695309885,0.0,-2.759887695309885
2026-08-31,15,NVDA,short,-21.839111328130173,0.0,-21.839111328130173
2026-08-31,15,NVDA,short,0.4540557861353989,0.0,0.4540557861353989
2026-08-31,15,NVDA,short,3.325347900390625,0.0,3.325347900390625
2026-08-31,15,NVDA,short,-0.9494781494113624,0.0,-0.9494781494113624
2026-08-31,15,NVDA,short,-12.8259277343777,0.0,-12.8259277343777
2026-08-31,15,NVDA,short,-0.4740142822265625,0.0,-0.4740142822265625
2026-08-31,15,NVDA,short,10.26013183594057,0.0,10.26013183594057
2026-08-31,15,NVDA,short,-66.42059326172182,0.0,-66.42059326172182
2026-08-31,15,NVDA,short,-1.0794067382781805,0.0,-1.0794067382781805
2026-08-31,15,NVDA,short,-36.381240844729604,0.0,-36.381240844729604
2026-08-31,15,NVDA,short,3.7103881835967627,0.0,3.7103881835967627
2026-08-31,15,NVDA,short,0.5463409423828125,0.0,0.5463409423828125
2026-08-31,15,NVDA,short,-0.02082824707329678,0.0,-0.02082824707329678
2026-08-31,15,NVDA,short,-19.046630859375,0.0,-19.046630859375
2026-08-31,15,NVDA,short,0.1457977294921875,0.0,0.1457977294921875
2026-08-31,15,NVDA,short,45.760253906252956,0.0,45.760253906252956
2026-08-31,15,NVDA,short,-1.0394287109404559,0.0,-1.0394287109404559
2026-08-31,15,NVDA,short,-124.79968261718454,0.0,-124.79968261718454
2026-09-01,11,NVDA,long,0.400146484375,0.0,0.400146484375
2026-09-01,11,NVDA,long,-0.1601562500009095,0.0,-0.1601562500009095
2026-09-01,11,NVDA,long,3.8400878906254547,0.0,3.8400878906254547
2026-09-01,11,NVDA,long,0.15991210937454525,0.0,0.15991210937454525
2026-09-01,11,NVDA,long,6.000137329101989,0.0,6.000137329101989
2026-09-01,12,NVDA,long,1.7999267578125,0.0,1.7999267578125
2026-09-01,12,NVDA,long,-5.152587890625,0.0,-5.152587890625
2026-09-01,12,NVDA,long,-0.2474212646484375,0.0,-0.2474212646484375
2026-09-01,12,NVDA,long,-2.5198974609375,0.0,-2.5198974609375
2026-09-01,12,NVDA,long,1.169952392578125,0.0,1.169952392578125
2026-09-01,12,NVDA,long,0.0648651123046875,0.0,0.0648651123046875
2026-09-01,12,NVDA,long,-3.17999267578125,0.0,-3.17999267578125
2026-09-01,12,NVDA,long,0.06005859375,0.0,0.06005859375
2026-09-01,12,NVDA,long,-2.5850067138675,0.0,-2.5850067138675
2026-09-01,12,NVDA,long,0.11010742187531264,0.0,0.11010742187531264
2026-09-01,12,NVDA,long,2.599945068359375,0.0,2.599945068359375
2026-09-01,12,NVDA,long,0.20004272460909078,0.0,0.20004272460909078
2026-09-01,12,NVDA,long,-3.550109863280966,0.0,-3.550109863280966
2026-09-01,12,NVDA,long,1.6500854492184658,0.0,1.6500854492184658
2026-09-01,12,NVDA,long,0.14999389648465922,0.0,0.14999389648465922
2026-09-01,12,NVDA,long,-3.150024414062216,0.0,-3.150024414062216
2026-09-01,12,NVDA,long,-0.09994506835994343,0.0,-0.09994506835994343
2026-09-01,12,NVDA,short,-4.859802246094262,0.0,-4.859802246094262
2026-09-01,12,NVDA,short,0.1799011230463634,0.0,0.1799011230463634
2026-09-01,12,NVDA,short,0.3400726318359375,0.0,0.3400726318359375
2026-09-01,12,NVDA,short,-0.17016601562403366,0.0,-0.17016601562403366
2026-09-01,13,NVDA,short,-5.279785156250455,0.0,-5.279785156250455
2026-09-01,13,NVDA,short,13.438232421874545,0.0,13.438232421874545
2026-09-01,13,NVDA,short,-0.1584472656240905,0.0,-0.1584472656240905
2026-09-01,13,NVDA,short,3.903121948241761,0.0,3.903121948241761
2026-09-01,13,NVDA,short,0.071868896484375,0.0,0.071868896484375
2026-09-01,13,NVDA,short,1.75,0.0,1.75
2026-09-01,13,NVDA,short,-0.139923095703125,0.0,-0.139923095703125
2026-09-01,13,NVDA,short,3.3799285888671875,0.0,3.3799285888671875
2026-09-01,13,NVDA,short,0.130126953125,0.0,0.130126953125
2026-09-01,13,NVDA,short,-2.3401031494140625,0.0,-2.3401031494140625
2026-09-01,13,NVDA,short,0.2640228271484375,0.0,0.2640228271484375
2026-09-01,13,NVDA,short,0.1910247802734375,0.0,0.1910247802734375
2026-09-01,13,NVDA,short,-1.6900634765621305,0.0,-1.6900634765621305
2026-09-01,13,NVDA,short,-0.0648651123046875,0.0,-0.0648651123046875
2026-09-01,13,NVDA,short,2.275039672851193,0.0,2.275039672851193
2026-09-01,13,NVDA,short,0.0648651123046875,0.0,0.0648651123046875
2026-09-01,13,NVDA,short,-0.0648651123046875,0.0,-0.0648651123046875
2026-09-01,13,NVDA,short,3.419860839844091,0.0,3.419860839844091
2026-09-01,13,NVDA,short,-0.14991760253948883,0.0,-0.14991760253948883
2026-09-01,14,NVDA,short,0.449981689453125,0.0,0.449981689453125
2026-09-01,14,NVDA,short,-0.3000640869136362,0.0,-0.3000640869136362
2026-09-01,14,NVDA,short,3.1501007080078125,0.0,3.1501007080078125
2026-09-01,14,NVDA,short,-0.07507324218792633,0.0,-0.07507324218792633
2026-09-01,14,NVDA,short,1.2254333496098013,0.0,1.2254333496098013
2026-09-01,14,NVDA,short,0.0496673583984375,0.0,0.0496673583984375
2026-09-01,14,NVDA,short,3.2249450683589487,0.0,3.2249450683589487
2026-09-01,14,NVDA,short,0.2249908447265625,0.0,0.2249908447265625
2026-09-01,14,NVDA,short,-15.124664306642188,0.0,-15.124664306642188
2026-09-01,14,NVDA,short,2.9696044921890348,0.0,2.9696044921890348
2026-09-01,14,NVDA,short,1.080230712890625,0.0,1.080230712890625
2026-09-01,14,NVDA,short,12.756683349609375,0.0,12.756683349609375
2026-09-01,14,NVDA,short,-0.037200927734375,0.0,-0.037200927734375
2026-09-01,14,NVDA,short,13.5205078125,0.0,13.5205078125
2026-09-01,14,NVDA,short,0.25946044921875,0.0,0.25946044921875
2026-09-01,14,NVDA,short,18.98028564453125,0.0,18.98028564453125
2026-09-01,14,NVDA,short,16.06512451171875,0.0,16.06512451171875
2026-09-01,14,NVDA,short,-10.250091552734375,0.0,-10.250091552734375
2026-09-01,14,NVDA,short,-0.495147705078125,0.0,-0.495147705078125
2026-09-01,14,NVDA,short,-1.2525482177734375,0.0,-1.2525482177734375
2026-09-01,14,NVDA,short,0.4141387939429535,0.0,0.4141387939429535
2026-09-01,15,NVDA,short,-47.309341430659344,0.0,-47.309341430659344
2026-09-01,15,NVDA,short,-0.830810546877359,0.0,-0.830810546877359
2026-09-01,15,NVDA,short,-4.0989990234375,0.0,-4.0989990234375
2026-09-01,15,NVDA,short,-0.410400390625,0.0,-0.410400390625
2026-09-01,15,NVDA,short,-26.649749755859375,0.0,-26.649749755859375
2026-09-01,15,NVDA,short,0.409149169921875,0.0,0.409149169921875
2026-09-01,15,NVDA,short,-10.757995605464089,0.0,-10.757995605464089
2026-09-01,15,NVDA,short,0.5079956054640888,0.0,0.5079956054640888
2026-09-01,15,NVDA,short,-4.016876220703125,0.0,-4.016876220703125
2026-09-01,15,NVDA,short,1.1828155517601147,0.0,1.1828155517601147
2026-09-01,15,NVDA,short,15.599365234375,0.0,15.599365234375
2026-09-01,15,NVDA,short,0.8007812499954525,0.0,0.8007812499954525
2026-09-01,15,NVDA,short,4.73980712890625,0.0,4.73980712890625
2026-09-01,15,NVDA,short,-0.7907714843705094,0.0,-0.7907714843705094
2026-09-01,15,NVDA,short,22.910675048828125,0.0,22.910675048828125
2026-09-01,15,NVDA,short,0.5291900634743172,0.0,0.5291900634743172
2026-09-01,15,NVDA,short,11.790985107423523,0.0,11.790985107423523
2026-09-01,15,NVDA,short,-15.674652099610995,0.0,-15.674652099610995
2026-09-01,15,NVDA,short,-12.540069580078125,0.0,-12.540069580078125
2026-09-01,15,NVDA,short,0.8549652099609375,0.0,0.8549652099609375
2026-09-01,15,NVDA,short,38.08044433593591,0.0,38.08044433593591
2026-09-01,15,NVDA,short,-0.5605468749968168,0.0,-0.5605468749968168
2026-09-02,9,NVDA,short,-1.6403503417945444,0.0,-1.6403503417945444
2026-09-02,11,NVDA,short,-10.198898315428693,0.0,-10.198898315428693
2026-09-02,11,NVDA,short,-1.7009735107431823,0.0,-1.7009735107431823
2026-09-02,11,NVDA,short,-51.799774169921875,0.0,-51.799774169921875
2026-09-02,11,NVDA,short,0.3664093017567609,0.0,0.3664093017567609
2026-09-02,11,NVDA,short,-22.61650085448997,0.0,-22.61650085448997
2026-09-02,11,NVDA,short,-0.1945953369162794,0.0,-0.1945953369162794
2026-09-02,11,NVDA,short,-5.58013916015625,0.0,-5.58013916015625
2026-09-02,11,NVDA,short,0.11883544921909106,0.0,0.11883544921909106
2026-09-02,12,NVDA,short,0.7151031494140625,0.0,0.7151031494140625
2026-09-02,12,NVDA,short,0.0882720947265625,0.0,0.0882720947265625
2026-09-02,12,NVDA,short,-4.4707336425784945,0.0,-4.4707336425784945
2026-09-02,12,NVDA,short,-0.036300659178948536,0.0,-0.036300659178948536
2026-09-02,12,NVDA,short,10.876708984375,0.0,10.876708984375
2026-09-02,12,NVDA,short,25.97517395019392,0.0,25.97517395019392
2026-09-02,12,NVDA,short,0.48973083496233016,0.0,0.48973083496233016
2026-09-02,12,NVDA,short,6.719970703125,0.0,6.719970703125
2026-09-02,12,NVDA,short,-0.23950195312772848,0.0,-0.23950195312772848
2026-09-02,12,NVDA,short,8.699340820314205,0.0,8.699340820314205
2026-09-02,13,NVDA,short,6.089416503907927,0.0,6.089416503907927
2026-09-02,13,NVDA,short,-0.7787322998063644,0.0,-0.7787322998063644
2026-09-02,13,NVDA,short,22.039398193361023,0.0,22.039398193361023
2026-09-02,13,NVDA,short,0.5221557617171015,0.0,0.5221557617171015
2026-09-02,13,NVDA,short,51.886444091796875,0.0,51.886444091796875
2026-09-02,13,NVDA,short,-0.075531005859375,0.0,-0.075531005859375
2026-09-02,13,NVDA,short,-31.610931396484375,0.0,-31.610931396484375
2026-09-02,13,NVDA,short,1.6349334716796875,0.0,1.6349334716796875
2026-09-02,13,NVDA,short,43.72998046875,0.0,43.72998046875
2026-09-02,13,NVDA,short,-2.15057373046875,0.0,-2.15057373046875
2026-09-02,13,NVDA,short,-22.889068603515625,0.0,-22.889068603515625
2026-09-02,13,NVDA,short,1.656555175778152,0.0,1.656555175778152
2026-09-02,13,NVDA,short,-53.17932128905943,0.0,-53.17932128905943
2026-09-02,13,NVDA,short,-1.37109375,0.0,-1.37109375
2026-09-02,13,NVDA,short,47.122711181643666,0.0,47.122711181643666
2026-09-02,13,NVDA,short,2.086578369140625,0.0,2.086578369140625
2026-09-02,13,NVDA,short,1.0497131347626123,0.0,1.0497131347626123
2026-09-02,13,NVDA,short,0.00970458984375,0.0,0.00970458984375
2026-09-02,13,NVDA,short,-20.140258789065513,0.0,-20.140258789065513
2026-09-02,13,NVDA,short,1.0610351562560254,0.0,1.0610351562560254
2026-09-02,13,NVDA,short,12.188964843743975,0.0,12.188964843743975
2026-09-02,13,NVDA,short,0.530517578125,0.0,0.530517578125
2026-09-02,13,NVDA,short,26.25,0.0,26.25
2026-09-02,13,NVDA,short,0.27236938477159356,0.0,0.27236938477159356
2026-09-02,14,NVDA,short,19.490478515622044,0.0,19.490478515622044
2026-09-02,14,NVDA,short,-1.0394287109375,0.0,-1.0394287109375
2026-09-02,14,NVDA,short,-15.450942993164062,0.0,-15.450942993164062
2026-09-02,14,NVDA,short,24.989501953125,0.0,24.989501953125
2026-09-02,14,NVDA,short,1.529937744140625,0.0,1.529937744140625
2026-09-02,14,NVDA,short,-13.634445190429688,0.0,-13.634445190429688
2026-09-02,14,NVDA,short,-7.5746917724609375,0.0,-7.5746917724609375
2026-09-02,14,NVDA,short,1.0001983642578125,0.0,1.0001983642578125
2026-09-02,14,NVDA,short,-46.189727783203125,0.0,-46.189727783203125
2026-09-02,14,NVDA,short,1.10107421875,0.0,1.10107421875
2026-09-02,14,NVDA,short,24.198455810546875,0.0,24.198455810546875
2026-09-02,14,NVDA,short,0.2215576171906264,0.0,0.2215576171906264
2026-09-02,14,NVDA,short,-21.75642395019841,0.0,-21.75642395019841
2026-09-02,14,NVDA,short,0.828277587887527,0.0,0.828277587887527
2026-09-02,14,NVDA,short,31.960937500007276,0.0,31.960937500007276
2026-09-02,14,NVDA,short,-0.345703125003638,0.0,-0.345703125003638
2026-09-02,14,NVDA,short,23.423828125,0.0,23.423828125
2026-09-02,14,NVDA,short,-0.01171875,0.0,-0.01171875
2026-09-02,14,NVDA,short,-7.608062744140625,0.0,-7.608062744140625
2026-09-02,14,NVDA,short,-1.2693023681640625,0.0,-1.2693023681640625
2026-09-02,14,NVDA,short,53.87060546875,0.0,53.87060546875
2026-09-02,14,NVDA,short,-0.11108398437181677,0.0,-0.11108398437181677
2026-09-02,15,NVDA,short,-21.645812988284405,0.0,-21.645812988284405
2026-09-02,15,NVDA,short,0.5555419921875,0.0,0.5555419921875
2026-09-02,15,NVDA,short,4.7592010498046875,0.0,4.7592010498046875
2026-09-02,15,NVDA,short,2.3805084228515625,0.0,2.3805084228515625
2026-09-02,15,NVDA,short,-7.780670166015625,0.0,-7.780670166015625
2026-09-02,15,NVDA,short,2.3015899658242063,0.0,2.3015899658242063
2026-09-02,15,NVDA,short,-15.07008361817185,0.0,-15.07008361817185
2026-09-02,15,NVDA,short,0.7400207519570188,0.0,0.7400207519570188
2026-09-02,15,NVDA,short,21.02587890625,0.0,21.02587890625
2026-09-02,15,NVDA,short,-1.66015625,0.0,-1.66015625
2026-09-02,15,NVDA,short,5.739990234371135,0.0,5.739990234371135
2026-09-02,15,NVDA,short,-1.9050292968672693,0.0,-1.9050292968672693
2026-09-02,15,NVDA,short,19.5836181640625,0.0,19.5836181640625
2026-09-02,15,NVDA,short,37.79983520507045,0.0,37.79983520507045
2026-09-02,15,NVDA,short,-2.67852783203125,0.0,-2.67852783203125
2026-09-02,15,NVDA,short,-0.6706542968711915,0.0,-0.6706542968711915
2026-09-02,15,NVDA,short,-39.52975463866807,0.0,-39.52975463866807
2026-09-02,15,NVDA,short,8.039672851558691,0.0,8.039672851558691
2026-09-02,15,NVDA,short,-35.24491882324219,0.0,-35.24491882324219
2026-09-02,15,NVDA,short,0.6656494140587199,0.0,0.6656494140587199
2026-09-03,10,NVDA,short,0.32400512695306816,0.0,0.32400512695306816
2026-09-03,10,NVDA,short,-0.003997802734375,0.0,-0.003997802734375
2026-09-03,10,NVDA,short,0.3999938964844034,0.0,0.3999938964844034
2026-09-03,10,NVDA,short,0.02500915527340908,0.0,0.02500915527340908
2026-09-03,11,NVDA,long,10.9798583984375,0.0,10.9798583984375
2026-09-03,11,NVDA,long,0.1949920654296875,0.0,0.1949920654296875
2026-09-03,11,NVDA,long,-3.60003662109375,0.0,-3.60003662109375
2026-09-03,11,NVDA,long,0.02398681640659106,0.0,0.02398681640659106
2026-09-03,12,NVDA,long,2.283020019531534,0.0,2.283020019531534
2026-09-03,12,NVDA,long,-0.0830078125,0.0,-0.0830078125
2026-09-03,12,NVDA,long,2.050018310546591,0.0,2.050018310546591
2026-09-03,12,NVDA,long,-2.3849945068359375,0.0,-2.3849945068359375
2026-09-03,12,NVDA,long,0.045043945312244205,0.0,0.045043945312244205
2026-09-03,12,NVDA,long,-2.610076904296619,0.0,-2.610076904296619
2026-09-03,12,NVDA,long,-0.1349945068361933,0.0,-0.1349945068361933
2026-09-03,13,NVDA,long,2.4792480468752274,0.0,2.4792480468752274
2026-09-03,13,NVDA,long,0.080810546875,0.0,0.080810546875
2026-09-03,13,NVDA,long,0.3149871826171875,0.0,0.3149871826171875
2026-09-03,13,NVDA,long,-0.1022186279296875,0.0,-0.1022186279296875
2026-09-03,13,NVDA,long,-0.75238037109375,0.0,-0.75238037109375
2026-09-03,13,NVDA,long,-0.030029296875,0.0,-0.030029296875
2026-09-03,14,NVDA,long,0.29998779296880684,0.0,0.29998779296880684
2026-09-03,14,NVDA,long,0.149993896484375,0.0,0.149993896484375
2026-09-03,14,NVDA,long,-11.8800201416025,0.0,-11.8800201416025
2026-09-03,14,NVDA,long,-0.16516113281156208,0.0,-0.16516113281156208
2026-09-03,14,NVDA,long,-2.39990234375,0.0,-2.39990234375
2026-09-03,14,NVDA,long,-0.3203125,0.0,-0.3203125
2026-09-03,14,NVDA,long,-5.269943237303806,0.0,-5.269943237303806
2026-09-03,14,NVDA,long,0.11778259277255643,0.0,0.11778259277255643
2026-09-03,14,NVDA,long,11.042236328125,0.0,11.042236328125
2026-09-03,14,NVDA,long,0.310302734375,0.0,0.310302734375
2026-09-03,14,NVDA,long,4.049835205078125,0.0,4.049835205078125
2026-09-03,14,NVDA,long,0.15014648437414735,0.0,0.15014648437414735
2026-09-03,14,NVDA,long,-12.905212402342926,0.0,-12.905212402342926
2026-09-03,14,NVDA,long,8.930023193358295,0.0,8.930023193358295
2026-09-03,14,NVDA,long,0.950347900391705,0.0,0.950347900391705
2026-09-03,14,NVDA,long,-12.210067749023438,0.0,-12.210067749023438
2026-09-03,14,NVDA,long,0.1846160888682391,0.0,0.1846160888682391
2026-09-03,15,NVDA,long,-2.589706420899489,0.0,-2.589706420899489
2026-09-03,15,NVDA,long,0.1959075927723859,0.0,0.1959075927723859
2026-09-03,15,NVDA,long,-0.1959075927723859,0.0,-0.1959075927723859
2026-09-03,15,NVDA,long,0.3697967529296875,0.0,0.3697967529296875
2026-09-03,15,NVDA,long,-3.5150451660166766,0.0,-3.5150451660166766
2026-09-03,15,NVDA,long,0.1851806640646032,0.0,0.1851806640646032
2026-09-03,15,NVDA,long,-0.3737487792979266,0.0,-0.3737487792979266
2026-09-03,15,NVDA,long,-0.3664093017567609,0.0,-0.3664093017567609
2026-09-03,15,NVDA,long,6.615051269530653,0.0,6.615051269530653
2026-09-03,15,NVDA,long,-0.0567169189453125,0.0,-0.0567169189453125
2026-09-03,15,NVDA,long,-3.55133056640625,0.0,-3.55133056640625
2026-09-03,15,NVDA,long,1.4938659667963634,0.0,1.4938659667963634
2026-09-03,15,NVDA,long,0.2161560058598866,0.0,0.2161560058598866
2026-09-03,15,NVDA,long,-3.3983917236328125,0.0,-3.3983917236328125
2026-09-03,15,NVDA,long,0.08326721191357933,0.0,0.08326721191357933
2026-09-03,15,NVDA,long,-3.359863281249204,0.0,-3.359863281249204
2026-09-03,15,NVDA,long,-0.070068359375,0.0,-0.070068359375
2026-09-03,15,NVDA,long,-2.030059814453125,0.0,-2.030059814453125
2026-09-03,15,NVDA,long,-0.5599365234379547,0.0,-0.5599365234379547
2026-09-03,15,NVDA,long,0.03991699218795475,0.0,0.03991699218795475
2026-09-04,9,NVDA,long,-4.199890136719432,0.0,-4.199890136719432
2026-09-04,9,NVDA,long,-0.719970703125,0.0,-0.719970703125
2026-09-04,9,NVDA,long,19.649047851561107,0.0,19.649047851561107
2026-09-04,9,NVDA,long,0.22056579589983016,0.0,0.22056579589983016
2026-09-04,10,NVDA,short,2.660034179687699,0.0,2.660034179687699
2026-09-04,10,NVDA,short,0.03503417968730105,0.0,0.03503417968730105
2026-09-04,11,NVDA,short,-4.80804443359375,0.0,-4.80804443359375
2026-09-04,11,NVDA,short,-0.19195556640625,0.0,-0.19195556640625
2026-09-04,11,NVDA,short,-1.7001342773443184,0.0,-1.7001342773443184
2026-09-04,12,NVDA,short,-2.159912109375,0.0,-2.159912109375
2026-09-04,12,NVDA,short,0.3599853515625,0.0,0.3599853515625
2026-09-04,12,NVDA,short,4.560058593749318,0.0,4.560058593749318
2026-09-04,12,NVDA,short,0.23986816406318212,0.0,0.23986816406318212
2026-09-04,12,NVDA,short,-2.8721923828125,0.0,-2.8721923828125
2026-09-04,12,NVDA,short,-0.00778198242170447,0.0,-0.00778198242170447
2026-09-04,12,NVDA,short,-15.264739990234375,0.0,-15.264739990234375
2026-09-04,12,NVDA,short,0.35534667968548206,0.0,0.35534667968548206
2026-09-04,13,NVDA,short,0.2392578125,0.0,0.2392578125
2026-09-04,13,NVDA,short,0.0008544921875,0.0,0.0008544921875
2026-09-04,13,NVDA,short,6.215881347656932,0.0,6.215881347656932
2026-09-04,13,NVDA,short,0.20397949218681788,0.0,0.20397949218681788
2026-09-04,14,NVDA,short,1.0803222656243179,0.0,1.0803222656243179
2026-09-04,14,NVDA,short,0.107666015625,0.0,0.107666015625
2026-09-04,14,NVDA,short,0.813079833984375,0.0,0.813079833984375
2026-09-04,14,NVDA,short,0.08999633789045447,0.0,0.08999633789045447
2026-09-04,14,NVDA,short,-0.9900512695310795,0.0,-0.9900512695310795
2026-09-04,14,NVDA,short,0.03002929687517053,0.0,0.03002929687517053
2026-09-04,14,NVDA,short,-0.0449981689453125,0.0,-0.0449981689453125
2026-09-04,15,NVDA,short,-0.08999633789059658,0.0,-0.08999633789059658
2026-09-04,15,NVDA,short,0.0049896240234375,0.0,0.0049896240234375
2026-09-08,9,NVDA,long,-69.24078369140906,0.0,-69.24078369140906
2026-09-08,9,NVDA,long,2.4743957519559387,0.0,2.4743957519559387
2026-09-08,10,NVDA,long,-4.84123229980608,0.0,-4.84123229980608
2026-09-08,10,NVDA,long,0.43141174316545516,0.0,0.43141174316545516
2026-09-08,10,NVDA,long,-98.95393371582031,0.0,-98.95393371582031
2026-09-08,10,NVDA,long,2.695755004886763,0.0,2.695755004886763
2026-09-08,10,NVDA,long,-47.24464416504301,0.0,-47.24464416504301
2026-09-08,10,NVDA,long,2.0700683593710494,0.0,2.0700683593710494
2026-09-08,10,NVDA,long,-18.025314331048833,0.0,-18.025314331048833
2026-09-08,10,NVDA,long,-1.02943420410449,0.0,-1.02943420410449
2026-09-08,10,NVDA,long,-5.192413330078125,0.0,-5.192413330078125
2026-09-08,10,NVDA,long,1.593017578125,0.0,1.593017578125
2026-09-08,10,NVDA,long,-12.25,0.0,-12.25
2026-09-08,10,NVDA,long,0.4897308349609375,0.0,0.4897308349609375
2026-09-08,10,NVDA,long,-22.56005859375,0.0,-22.56005859375
2026-09-08,10,NVDA,long,-0.47973632812363576,0.0,-0.47973632812363576
2026-09-08,10,NVDA,long,9.599853515623636,0.0,9.599853515623636
2026-09-08,10,NVDA,long,-12.0,0.0,-12.0
2026-09-08,10,NVDA,long,-0.48046875,0.0,-0.48046875
2026-09-08,11,NVDA,long,-0.09001159667963066,0.0,-0.09001159667963066
2026-09-08,11,NVDA,long,-0.0011901855469318434,0.0,-0.0011901855469318434
2026-09-08,11,NVDA,long,-0.13880920410153408,0.0,-0.13880920410153408
2026-09-08,11,NVDA,long,0.0016021728515340783,0.0,0.0016021728515340783
2026-09-08,11,NVDA,long,-0.8631134033203125,0.0,-0.8631134033203125
2026-09-08,11,NVDA,long,0.0231170654296875,0.0,0.0231170654296875
2026-09-08,11,NVDA,long,-0.5602111816407387,0.0,-0.5602111816407387
2026-09-08,12,NVDA,long,-0.2996978759763067,0.0,-0.2996978759763067
2026-09-08,12,NVDA,long,0.03002929687482947,0.0,0.03002929687482947
2026-09-08,12,NVDA,long,-0.18002319335931816,0.0,-0.18002319335931816
2026-09-08,12,NVDA,long,0.02001953125,0.0,0.02001953125
2026-09-08,12,NVDA,long,-0.2750091552734375,0.0,-0.2750091552734375
2026-09-08,12,NVDA,long,0.0045013427734375,0.0,0.0045013427734375
2026-09-08,12,NVDA,long,1.1943511962890625,0.0,1.1943511962890625
2026-09-08,12,NVDA,long,0.0701751708981817,0.0,0.0701751708981817
2026-09-08,12,NVDA,long,-1.3599853515622726,0.0,-1.3599853515622726
2026-09-08,12,NVDA,long,0.800018310546875,0.0,0.800018310546875
2026-09-08,12,NVDA,long,-2.789978027344006,0.0,-2.789978027344006
2026-09-08,12,NVDA,long,0.0899505615236933,0.0,0.0899505615236933
2026-09-08,12,NVDA,long,-0.4197692871105687,0.0,-0.4197692871105687
2026-09-08,12,NVDA,long,-0.4204101562476126,0.0,-0.4204101562476126
2026-09-08,12,NVDA,long,15.580200195311335,0.0,15.580200195311335
2026-09-08,12,NVDA,long,0.01251220702891942,0.0,0.01251220702891942
2026-09-08,12,NVDA,long,-8.612991333005368,0.0,-8.612991333005368
2026-09-08,12,NVDA,long,0.42976379394653463,0.0,0.42976379394653463
2026-09-08,12,NVDA,long,7.139923095703125,0.0,7.139923095703125
2026-09-08,12,NVDA,long,-0.7600708007824437,0.0,-0.7600708007824437
2026-09-08,12,NVDA,long,0.340301513671875,0.0,0.340301513671875
2026-09-08,13,NVDA,long,-8.75,0.0,-8.75
2026-09-08,13,NVDA,long,18.190124511717784,0.0,18.190124511717784
2026-09-08,13,NVDA,long,0.071075439453125,0.0,0.071075439453125
2026-09-08,13,NVDA,long,-12.901977539061306,0.0,-12.901977539061306
2026-09-08,13,NVDA,long,-0.415924072265625,0.0,-0.415924072265625
2026-09-08,13,NVDA,long,4.493774414061306,0.0,4.493774414061306
2026-09-08,13,NVDA,long,-0.012176513670681288,0.0,-0.012176513670681288
2026-09-08,13,NVDA,long,1.4342651367181531,0.0,1.4342651367181531
2026-09-08,13,NVDA,long,0.10478210449338121,0.0,0.10478210449338121
2026-09-08,13,NVDA,long,-8.19415283203304,0.0,-8.19415283203304
2026-09-08,13,NVDA,long,-0.10061645507693129,0.0,-0.10061645507693129
2026-09-08,13,NVDA,long,-2.730285644530511,0.0,-2.730285644530511
2026-09-08,13,NVDA,long,0.520111083983636,0.0,0.520111083983636
2026-09-08,13,NVDA,long,7.27996826171875,0.0,7.27996826171875
2026-09-08,13,NVDA,long,-0.129730224609375,0.0,-0.129730224609375
2026-09-08,13,NVDA,long,4.8226318359375,0.0,4.8226318359375
2026-09-08,13,NVDA,long,0.11703491211011396,0.0,0.11703491211011396
2026-09-08,13,NVDA,long,-8.159667968751933,0.0,-8.159667968751933
2026-09-08,13,NVDA,long,0.10168457031346634,0.0,0.10168457031346634
2026-09-08,13,NVDA,long,3.9781951904296875,0.0,3.9781951904296875
2026-09-08,13,NVDA,long,-0.38978576660045405,0.0,-0.38978576660045405
2026-09-08,13,NVDA,long,4.183502197264545,0.0,4.183502197264545
2026-09-08,13,NVDA,long,0.376312255860455,0.0,0.376312255860455
2026-09-08,14,NVDA,long,-3.450012207031534,0.0,-3.450012207031534
2026-09-08,14,NVDA,long,0.012054443359659217,0.0,0.012054443359659217
2026-09-08,14,NVDA,long,5.939483642578125,0.0,5.939483642578125
2026-09-08,14,NVDA,long,0.2502441406235789,0.0,0.2502441406235789
2026-09-08,14,NVDA,long,1.75018310546875,0.0,1.75018310546875
2026-09-08,14,NVDA,long,0.12474060058664804,0.0,0.12474060058664804
2026-09-08,14,NVDA,long,-1.9200439453125,0.0,-1.9200439453125
2026-09-08,14,NVDA,long,0.12011718749931788,0.0,0.12011718749931788
2026-09-08,14,NVDA,long,2.17022705078125,0.0,2.17022705078125
2026-09-08,14,NVDA,long,0.3098297119140625,0.0,0.3098297119140625
2026-09-08,14,NVDA,long,-0.11999511718755684,0.0,-0.11999511718755684
2026-09-08,14,NVDA,long,-0.010009765624943157,0.0,-0.010009765624943157
2026-09-08,14,NVDA,long,8.750152587890625,0.0,8.750152587890625
2026-09-08,14,NVDA,long,2.340087890623977,0.0,2.340087890623977
2026-09-08,14,NVDA,long,-1.488128662108494,0.0,-1.488128662108494
2026-09-08,14,NVDA,long,-0.21380615234286893,0.0,-0.21380615234286893
2026-09-08,14,NVDA,long,3.717010498045994,0.0,3.717010498045994
2026-09-08,14,NVDA,long,-0.1551513671875,0.0,-0.1551513671875
2026-09-08,14,NVDA,long,-19.8712005615252,0.0,-19.8712005615252
2026-09-08,14,NVDA,long,0.49620056152519965,0.0,0.49620056152519965
2026-09-08,14,NVDA,long,5.983154296875,0.0,5.983154296875
2026-09-08,14,NVDA,long,-0.2232971191401134,0.0,-0.2232971191401134
2026-09-08,15,NVDA,long,-9.449615478516819,0.0,-9.449615478516819
2026-09-08,15,NVDA,long,0.209564208984375,0.0,0.209564208984375
2026-09-08,15,NVDA,long,-5.999755859376421,0.0,-5.999755859376421
2026-09-08,15,NVDA,long,0.4951477050795461,0.0,0.4951477050795461
2026-09-08,15,NVDA,long,-2.145538330079347,0.0,-2.145538330079347
2026-09-08,15,NVDA,long,-0.43041992187255573,0.0,-0.43041992187255573
2026-09-08,15,NVDA,long,1.7603759765612494,0.0,1.7603759765612494
2026-09-08,15,NVDA,long,0.21954345703125,0.0,0.21954345703125
2026-09-08,15,NVDA,long,-6.04144287109375,0.0,-6.04144287109375
2026-09-08,15,NVDA,long,-0.003311157225681427,0.0,-0.003311157225681427
2026-09-08,15,NVDA,long,3.875,0.0,3.875
2026-09-08,15,NVDA,long,0.1551513671875,0.0,0.1551513671875
2026-09-08,15,NVDA,long,1.7999267578116473,0.0,1.7999267578116473
2026-09-08,15,NVDA,long,6.599853515625,0.0,6.599853515625
2026-09-10,9,NVDA,short,-34.777923583984375,0.0,-34.777923583984375
2026-09-10,9,NVDA,short,1.1963195800822746,0.0,1.1963195800822746
2026-09-10,10,NVDA,short,10.07373046875,0.0,10.07373046875
2026-09-10,10,NVDA,short,-1.0577697753919324,0.0,-1.0577697753919324
2026-09-10,10,NVDA,short,-52.000198364255965,0.0,-52.000198364255965
2026-09-10,10,NVDA,short,0.6496429443359375,0.0,0.6496429443359375
2026-09-10,10,NVDA,short,26.881225585933777,0.0,26.881225585933777
2026-09-10,10,NVDA,short,1.3112792968824465,0.0,1.3112792968824465
2026-09-10,10,NVDA,short,-27.286987304691195,0.0,-27.286987304691195
2026-09-10,10,NVDA,short,1.93603515625,0.0,1.93603515625
2026-09-10,10,NVDA,short,-69.70330810547182,0.0,-69.70330810547182
2026-09-10,10,NVDA,short,1.6644287109405695,0.0,1.6644287109405695
2026-09-10,10,NVDA,short,12.64993286132875,0.0,12.64993286132875
2026-09-10,10,NVDA,short,5.25,0.0,5.25
2026-09-10,10,NVDA,short,-3.8500671386721876,0.0,-3.8500671386721876
2026-09-10,10,NVDA,short,-0.10993957519562514,0.0,-0.10993957519562514
2026-09-10,10,NVDA,short,0.5397033691421598,0.0,0.5397033691421598
2026-09-10,10,NVDA,short,0.539703369140625,0.0,0.539703369140625
2026-09-10,10,NVDA,short,15.370452880859375,0.0,15.370452880859375
2026-09-10,10,NVDA,short,0.4294281005859375,0.0,0.4294281005859375
2026-09-10,10,NVDA,short,0.9961853027336076,0.0,0.9961853027336076
2026-09-10,10,NVDA,short,-0.4049835205070451,0.0,-0.4049835205070451
2026-09-10,11,NVDA,short,-4.6401367187490905,0.0,-4.6401367187490905
2026-09-10,11,NVDA,short,-0.159667968751819,0.0,-0.159667968751819
2026-09-10,11,NVDA,short,1.3949432373064496,0.0,1.3949432373064496
2026-09-10,11,NVDA,short,-0.7752838134774436,0.0,-0.7752838134774436
2026-09-10,11,NVDA,short,-4.199981689452272,0.0,-4.199981689452272
2026-09-10,11,NVDA,short,-0.29983520507897765,0.0,-0.29983520507897765
2026-09-10,11,NVDA,short,-2.045745849609375,0.0,-2.045745849609375
2026-09-10,11,NVDA,short,0.4053955078125,0.0,0.4053955078125
2026-09-10,11,NVDA,short,11.340087890625,0.0,11.340087890625
2026-09-10,11,NVDA,short,0.2164306640625,0.0,0.2164306640625
2026-09-10,11,NVDA,short,-1.52008056640625,0.0,-1.52008056640625
2026-09-10,11,NVDA,short,0.29998779296931843,0.0,0.29998779296931843
2026-09-10,11,NVDA,short,-2.4299011230484098,0.0,-2.4299011230484098
2026-09-10,11,NVDA,short,0.1726226806648299,0.0,0.1726226806648299
2026-09-10,11,NVDA,short,-7.18634033203125,0.0,-7.18634033203125
2026-09-10,11,NVDA,short,-0.99005126953125,0.0,-0.99005126953125
2026-09-10,11,NVDA,short,-0.8999633789064205,0.0,-0.8999633789064205
2026-09-10,11,NVDA,short,-3.9057464599609375,0.0,-3.9057464599609375
2026-09-10,11,NVDA,short,0.0307464599609375,0.0,0.0307464599609375
2026-09-10,11,NVDA,short,2.800292968751137,0.0,2.800292968751137
2026-09-10,11,NVDA,short,0.19958496093863687,0.0,0.19958496093863687
2026-09-10,12,NVDA,short,0.20019531249886313,0.0,0.20019531249886313
2026-09-10,12,NVDA,short,-7.095367431640625,0.0,-7.095367431640625
2026-09-10,12,NVDA,short,0.6456298828125,0.0,0.6456298828125
2026-09-10,12,NVDA,short,0.2145538330078125,0.0,0.2145538330078125
2026-09-10,12,NVDA,short,0.2152099609375,0.0,0.2152099609375
2026-09-10,12,NVDA,short,25.799606323242188,0.0,25.799606323242188
2026-09-10,12,NVDA,short,-0.4297637939453125,0.0,-0.4297637939453125
2026-09-10,12,NVDA,short,4.620025634765625,0.0,4.620025634765625
2026-09-10,12,NVDA,short,-0.2102050781238063,0.0,-0.2102050781238063
2026-09-10,12,NVDA,short,1.0503845214831813,0.0,1.0503845214831813
2026-09-10,12,NVDA,short,18.449874877929688,0.0,18.449874877929688
2026-09-10,12,NVDA,short,-5.5999755859375,0.0,-5.5999755859375
2026-09-10,12,NVDA,short,0.20019531249886313,0.0,0.20019531249886313
2026-09-10,12,NVDA,short,-2.96411132812392,0.0,-2.96411132812392
2026-09-10,12,NVDA,short,0.011016845703125,0.0,0.011016845703125
2026-09-10,12,NVDA,short,-17.7568359375,0.0,-17.7568359375
2026-09-10,12,NVDA,short,-0.376312255859375,0.0,-0.376312255859375
2026-09-10,12,NVDA,short,-2.30224609375,0.0,-2.30224609375
2026-09-10,12,NVDA,short,-0.4600982666009088,0.0,-0.4600982666009088
2026-09-10,12,NVDA,short,-1.818572998047273,0.0,-1.818572998047273
2026-09-10,12,NVDA,short,-0.001495361328125,0.0,-0.001495361328125
2026-09-10,13,NVDA,short,-0.8399658203125,0.0,-0.8399658203125
2026-09-10,13,NVDA,short,-0.1399230957035229,0.0,-0.1399230957035229
2026-09-10,13,NVDA,short,-0.4199829101558521,0.0,-0.4199829101558521
2026-09-10,13,NVDA,short,-2.875,0.0,-2.875
2026-09-10,13,NVDA,short,0.1147613525397162,0.0,0.1147613525397162
2026-09-10,13,NVDA,short,3.7399597167956244,0.0,3.7399597167956244
2026-09-10,13,NVDA,short,-0.21987915038999972,0.0,-0.21987915038999972
2026-09-10,13,NVDA,short,-0.879852294921875,0.0,-0.879852294921875
2026-09-10,13,NVDA,short,-0.114471435546875,0.0,-0.114471435546875
2026-09-10,13,NVDA,short,5.741073608397556,0.0,5.741073608397556
2026-09-10,13,NVDA,short,-0.3098297119131814,0.0,-0.3098297119131814
2026-09-10,13,NVDA,short,-2.3802490234375,0.0,-2.3802490234375
2026-09-10,13,NVDA,short,0.17016601562596634,0.0,0.17016601562596634
2026-09-10,13,NVDA,short,7.604690551755596,0.0,7.604690551755596
2026-09-10,13,NVDA,short,12.35046386718858,0.0,12.35046386718858
2026-09-10,13,NVDA,short,0.18960571289170502,0.0,0.18960571289170502
2026-09-10,13,NVDA,short,-5.599914550782842,0.0,-5.599914550782842
2026-09-10,13,NVDA,short,-0.20166015624840838,0.0,-0.20166015624840838
2026-09-10,13,NVDA,short,0.25581359863380726,0.0,0.25581359863380726
2026-09-10,13,NVDA,short,-0.3535461425801145,0.0,-0.3535461425801145
2026-09-10,13,NVDA,short,-8.400192260743182,0.0,-8.400192260743182
2026-09-10,13,NVDA,short,-0.23818969726463024,0.0,-0.23818969726463024
2026-09-10,14,NVDA,short,8.3609619140625,0.0,8.3609619140625
2026-09-10,14,NVDA,short,0.7102355957040913,0.0,0.7102355957040913
2026-09-10,14,NVDA,short,4.420166015624034,0.0,4.420166015624034
2026-09-10,14,NVDA,short,0.34344482421971634,0.0,0.34344482421971634
2026-09-10,14,NVDA,short,-0.0850830078125,0.0,-0.0850830078125
2026-09-10,14,NVDA,short,2.3799896240239207,0.0,2.3799896240239207
2026-09-10,14,NVDA,short,0.08326721191357933,0.0,0.08326721191357933
2026-09-10,14,NVDA,short,2.0192871093745453,0.0,2.0192871093745453
2026-09-10,14,NVDA,short,0.0625,0.0,0.0625
2026-09-10,14,NVDA,short,-3.3001708984369316,0.0,-3.3001708984369316
2026-09-10,14,NVDA,short,-0.10009765625,0.0,-0.10009765625
2026-09-10,14,NVDA,short,4.40191650390625,0.0,4.40191650390625
2026-09-10,14,NVDA,short,-0.20166015625,0.0,-0.20166015625
2026-09-10,14,NVDA,short,-0.2780914306640625,0.0,-0.2780914306640625
2026-09-10,14,NVDA,short,-0.1268920898429826,0.0,-0.1268920898429826
2026-09-10,14,NVDA,short,-6.614868164063267,0.0,-6.614868164063267
2026-09-10,15,NVDA,short,-1.321105957030511,0.0,-1.321105957030511
2026-09-10,15,NVDA,short,0.021026611328125,0.0,0.021026611328125
2026-09-10,15,NVDA,short,7.200073242186818,0.0,7.200073242186818
2026-09-10,15,NVDA,short,-0.19921875,0.0,-0.19921875
2026-09-10,15,NVDA,short,-0.4142913818364775,0.0,-0.4142913818364775
2026-09-10,15,NVDA,short,-0.6137542724603975,0.0,-0.6137542724603975
2026-09-10,15,NVDA,short,0.69439697265625,0.0,0.69439697265625
2026-09-10,15,NVDA,short,-5.2699432373046875,0.0,-5.2699432373046875
2026-09-10,15,NVDA,short,0.6201324462890625,0.0,0.6201324462890625
2026-09-10,15,NVDA,short,-0.31503295898428973,0.0,-0.31503295898428973
2026-09-11,9,NVDA,short,22.139099121097246,0.0,22.139099121097246
2026-09-11,9,NVDA,short,-3.5415802001988084,0.0,-3.5415802001988084
2026-09-11,9,NVDA,short,-52.60617065429341,0.0,-52.60617065429341
2026-09-11,9,NVDA,short,-1.2211914062534674,0.0,-1.2211914062534674
2026-09-11,9,NVDA,short,31.721191406253467,0.0,31.721191406253467
2026-09-11,9,NVDA,short,3.6598510742152826,0.0,3.6598510742152826
2026-09-11,9,NVDA,short,-166.98059082030906,0.0,-166.98059082030906
2026-09-11,10,NVDA,short,-61.05895996094557,0.0,-61.05895996094557
2026-09-11,10,NVDA,short,-5.681213378902214,0.0,-5.681213378902214
2026-09-11,10,NVDA,short,16.921463012691305,0.0,16.921463012691305
2026-09-11,10,NVDA,short,-1.396316528316305,0.0,-1.396316528316305
2026-09-11,10,NVDA,short,19.724853515625,0.0,19.724853515625
2026-09-11,10,NVDA,short,29.40093994140625,0.0,29.40093994140625
2026-09-11,10,NVDA,short,-11.815933227539062,0.0,-11.815933227539062
2026-09-11,10,NVDA,short,-2.084915161128862,0.0,-2.084915161128862
2026-09-11,10,NVDA,short,-24.838989257816422,0.0,-24.838989257816422
2026-09-11,10,NVDA,short,-1.38134765625,0.0,-1.38134765625
2026-09-11,10,NVDA,short,-19.319915771480453,0.0,-19.319915771480453
2026-09-11,10,NVDA,short,1.3813476562421556,0.0,1.3813476562421556
2026-09-11,10,NVDA,short,198.02966308594142,0.0,198.02966308594142
2026-09-11,10,NVDA,short,-0.621185302734375,0.0,-0.621185302734375
2026-09-11,10,NVDA,short,8.210174560550797,0.0,8.210174560550797
2026-09-11,10,NVDA,short,-1.35186767578125,0.0,-1.35186767578125
2026-09-11,10,NVDA,short,44.07304382324219,0.0,44.07304382324219
2026-09-11,10,NVDA,short,1.1100311279257937,0.0,1.1100311279257937
2026-09-11,10,NVDA,short,-28.492431640625,0.0,-28.492431640625
2026-09-11,10,NVDA,short,2.652099609375,0.0,2.652099609375
2026-09-11,10,NVDA,short,46.23016357421875,0.0,46.23016357421875
2026-09-11,11,NVDA,short,19.52984619140625,0.0,19.52984619140625
2026-09-11,11,NVDA,short,2.520538330078125,0.0,2.520538330078125
2026-09-11,11,NVDA,short,-78.7506103515625,0.0,-78.7506103515625
2026-09-11,11,NVDA,short,-5.759765625,0.0,-5.759765625
2026-09-11,11,NVDA,short,-0.2885742187472715,0.0,-0.2885742187472715
2026-09-11,11,NVDA,short,34.42909240722386,0.0,34.42909240722386
2026-09-11,11,NVDA,short,-1.6815185546875,0.0,-1.6815185546875
2026-09-11,11,NVDA,short,-34.36241149902074,0.0,-34.36241149902074
2026-09-11,11,NVDA,short,-2.6020050048855126,0.0,-2.6020050048855126
2026-09-11,11,NVDA,short,1.577926635744376,0.0,1.577926635744376
2026-09-11,11,NVDA,short,1.301818847651873,0.0,1.301818847651873
2026-09-11,11,NVDA,short,-2.4987640380835785,0.0,-2.4987640380835785
2026-09-11,11,NVDA,short,0.0088653564453125,0.0,0.0088653564453125
2026-09-11,11,NVDA,short,28.699249267578125,0.0,28.699249267578125
2026-09-11,11,NVDA,short,6.560150146484375,0.0,6.560150146484375
2026-09-11,11,NVDA,short,13.679443359375,0.0,13.679443359375
2026-09-11,11,NVDA,short,-11.679153442380738,0.0,-11.679153442380738
2026-09-11,11,NVDA,short,-0.7307128906291496,0.0,-0.7307128906291496
2026-09-11,11,NVDA,short,10.2392578125,0.0,10.2392578125
2026-09-11,11,NVDA,short,-0.87890625,0.0,-0.87890625
2026-09-11,12,NVDA,short,-6.374740600581106,0.0,-6.374740600581106
2026-09-11,12,NVDA,short,0.42541503906008415,0.0,0.42541503906008415
2026-09-11,12,NVDA,short,-21.0,0.0,-21.0
2026-09-11,12,NVDA,short,-0.8408203125,0.0,-0.8408203125
2026-09-11,12,NVDA,short,5.39520263671875,0.0,5.39520263671875
2026-09-11,12,NVDA,short,0.4065399169945465,0.0,0.4065399169945465
2026-09-11,12,NVDA,short,23.78820800781017,0.0,23.78820800781017
2026-09-11,12,NVDA,short,26.24060058593517,0.0,26.24060058593517
2026-09-11,12,NVDA,short,-1.229949951171875,0.0,-1.229949951171875
2026-09-11,12,NVDA,short,4.8150634765625,0.0,4.8150634765625
2026-09-11,12,NVDA,short,-0.2659606933573855,0.0,-0.2659606933573855
2026-09-11,12,NVDA,short,3.4502105712910236,0.0,3.4502105712910236
2026-09-11,12,NVDA,short,1.0349578857421875,0.0,1.0349578857421875
2026-09-11,12,NVDA,short,28.859954833982272,0.0,28.859954833982272
2026-09-11,12,NVDA,short,-0.3692321777364782,0.0,-0.3692321777364782
2026-09-11,12,NVDA,short,-26.273361206052613,0.0,-26.273361206052613
2026-09-11,12,NVDA,short,0.3575592040994877,0.0,0.3575592040994877
2026-09-11,12,NVDA,short,10.462280273439546,0.0,10.462280273439546
2026-09-11,12,NVDA,short,0.33837890624795364,0.0,0.33837890624795364
2026-09-11,12,NVDA,short,-4.25982666015625,0.0,-4.25982666015625
2026-09-11,13,NVDA,short,-5.680130004878777,0.0,-5.680130004878777
2026-09-11,13,NVDA,short,-0.3553466796915359,0.0,-0.3553466796915359
2026-09-11,13,NVDA,short,3.5107116699256835,0.0,3.5107116699256835
2026-09-11,13,NVDA,short,0.17481994628715825,0.0,0.17481994628715825
2026-09-11,13,NVDA,short,-4.2901611328125,0.0,-4.2901611328125
2026-09-11,13,NVDA,short,8.77464294433409,0.0,8.77464294433409
2026-09-11,13,NVDA,short,-24.308456420896363,0.0,-24.308456420896363
2026-09-11,13,NVDA,short,-1.5627899169921875,0.0,-1.5627899169921875
2026-09-11,13,NVDA,short,1.0278778076171875,0.0,1.0278778076171875
2026-09-11,13,NVDA,short,0.5305175781265064,0.0,0.5305175781265064
2026-09-11,13,NVDA,short,3.1798706054672436,0.0,3.1798706054672436
2026-09-11,13,NVDA,short,-0.31782531738431885,0.0,-0.31782531738431885
2026-09-11,13,NVDA,short,2.9893493652362224,0.0,2.9893493652362224
2026-09-11,13,NVDA,short,-0.6496429443359375,0.0,-0.6496429443359375
2026-09-11,13,NVDA,short,10.240234375001819,0.0,10.240234375001819
2026-09-11,13,NVDA,short,-0.640625000001819,0.0,-0.640625000001819
2026-09-11,13,NVDA,short,-13.859115600585938,0.0,-13.859115600585938
2026-09-11,13,NVDA,short,-0.630615234375,0.0,-0.630615234375
2026-09-11,13,NVDA,short,1.1142578125,0.0,1.1142578125
2026-09-11,13,NVDA,short,-0.5537109375,0.0,-0.5537109375
2026-09-11,13,NVDA,short,1.9593505859375,0.0,1.9593505859375
2026-09-11,13,NVDA,short,-0.2520751953140916,0.0,-0.2520751953140916
2026-09-11,14,NVDA,short,6.297607421878126,0.0,6.297607421878126
2026-09-11,14,NVDA,short,0.2752685546859368,0.0,0.2752685546859368
2026-09-11,14,NVDA,short,0.0065155029296875,0.0,0.0065155029296875
2026-09-11,14,NVDA,short,0.6031494140625,0.0,0.6031494140625
2026-09-11,14,NVDA,short,-3.44512939453125,0.0,-3.44512939453125
2026-09-11,14,NVDA,short,-0.2644500732421875,0.0,-0.2644500732421875
2026-09-11,14,NVDA,short,0.6553955078125,0.0,0.6553955078125
2026-09-11,14,NVDA,short,-3.7026672363295745,0.0,-3.7026672363295745
2026-09-11,14,NVDA,short,-1.020217895506363,0.0,-1.020217895506363
2026-09-11,14,NVDA,short,-4.40533447265625,0.0,-4.40533447265625
2026-09-11,14,NVDA,short,0.24000549316266984,0.0,0.24000549316266984
2026-09-11,14,NVDA,short,-7.104461669921875,0.0,-7.104461669921875
2026-09-11,14,NVDA,short,0.24449157714983016,0.0,0.24449157714983016
2026-09-11,14,NVDA,short,-20.089431762695312,0.0,-20.089431762695312
2026-09-11,14,NVDA,short,4.599929809569659,0.0,4.599929809569659
2026-09-11,14,NVDA,short,-0.1151123046868463,0.0,-0.1151123046868463
2026-09-11,14,NVDA,short,4.690490722654346,0.0,4.690490722654346
2026-09-11,14,NVDA,short,-0.33532714843559575,0.0,-0.33532714843559575
2026-09-11,14,NVDA,short,12.869476318359375,0.0,12.869476318359375
2026-09-11,14,NVDA,short,1.320281982421875,0.0,1.320281982421875
2026-09-11,14,NVDA,short,10.56024169921875,0.0,10.56024169921875
2026-09-11,14,NVDA,short,0.6596374511737508,0.0,0.6596374511737508
2026-09-11,15,NVDA,short,-4.640106201171875,0.0,-4.640106201171875
2026-09-11,15,NVDA,short,0.5805664062467031,0.0,0.5805664062467031
2026-09-11,15,NVDA,short,6.359741210939006,0.0,6.359741210939006
2026-09-11,15,NVDA,short,10.3572998046875,0.0,10.3572998046875
2026-09-11,15,NVDA,short,-0.4174194335945458,0.0,-0.4174194335945458
2026-09-11,15,NVDA,short,-13.7197265625,0.0,-13.7197265625
2026-09-11,15,NVDA,short,0.5545654296890916,0.0,0.5545654296890916
2026-09-11,15,NVDA,short,6.154052734375,0.0,6.154052734375
2026-09-11,15,NVDA,short,-0.268310546875,0.0,-0.268310546875
2026-09-11,15,NVDA,short,-1.3049468994140625,0.0,-1.3049468994140625
2026-09-11,15,NVDA,short,0.2898406982421875,0.0,0.2898406982421875
2026-09-11,15,NVDA,short,17.979858398438324,0.0,17.979858398438324
2026-09-11,15,NVDA,short,-0.28984069824301173,0.0,-0.28984069824301173
2026-09-11,15,NVDA,short,-1.4500885009765625,0.0,-1.4500885009765625
2026-09-11,15,NVDA,short,0.2898406982421875,0.0,0.2898406982421875
2026-09-11,15,NVDA,short,-0.302581787109375,0.0,-0.302581787109375
2026-09-11,15,NVDA,short,-0.44723510742272765,0.0,-0.44723510742272765
2026-09-11,15,NVDA,short,-8.1429748535148,0.0,-8.1429748535148
2026-09-11,15,NVDA,short,0.16815185546792577,0.0,0.16815185546792577
2026-09-11,15,NVDA,short,0.23986816406318212,0.0,0.23986816406318212
2026-09-11,15,NVDA,short,0.719970703125,0.0,0.719970703125
2026-09-11,15,NVDA,short,0.960205078125,0.0,0.960205078125
2026-09-14,9,NVDA,short,21.19967651367338,0.0,21.19967651367338
2026-09-14,9,NVDA,short,-31.269805908206138,0.0,-31.269805908206138
2026-09-14,9,NVDA,short,-75.3998413085908,0.0,-75.3998413085908
2026-09-14,9,NVDA,short,56.51451110839591,0.0,56.51451110839591
2026-09-14,9,NVDA,short,0.4454345703125,0.0,0.4454345703125
2026-09-14,10,NVDA,short,-10.5595703125,0.0,-10.5595703125
2026-09-14,10,NVDA,short,5.337707519534746,0.0,5.337707519534746
2026-09-14,10,NVDA,short,-2.879058837890625,0.0,-2.879058837890625
2026-09-14,10,NVDA,short,-58.49960327148807,0.0,-58.49960327148807
2026-09-14,10,NVDA,short,-25.999603271484375,0.0,-25.999603271484375
2026-09-14,10,NVDA,short,-0.650634765625,0.0,-0.650634765625
2026-09-14,10,NVDA,short,111.74072265625,0.0,111.74072265625
2026-09-14,10,NVDA,short,-2.96063232421875,0.0,-2.96063232421875
2026-09-14,10,NVDA,short,68.54100036621517,0.0,68.54100036621517
2026-09-14,10,NVDA,short,-0.7457275390709697,0.0,-0.7457275390709697
2026-09-14,10,NVDA,short,-32.560180664058294,0.0,-32.560180664058294
2026-09-14,10,NVDA,short,0.74072265625,0.0,0.74072265625
2026-09-14,10,NVDA,short,-70.96710205078125,0.0,-70.96710205078125
2026-09-14,10,NVDA,short,0.66619873046875,0.0,0.66619873046875
2026-09-14,10,NVDA,short,66.83876037597656,0.0,66.83876037597656
2026-09-14,10,NVDA,short,2.686157226566337,0.0,2.686157226566337
2026-09-14,10,NVDA,short,-16.390090942382812,0.0,-16.390090942382812
2026-09-14,10,NVDA,short,-1.4891815185589223,0.0,-1.4891815185589223
2026-09-14,10,NVDA,short,-44.6708984375,0.0,-44.6708984375
2026-09-14,10,NVDA,short,1.459625244140625,0.0,1.459625244140625
2026-09-14,10,NVDA,short,28.31036376953125,0.0,28.31036376953125
2026-09-14,10,NVDA,short,0.7457275390625,0.0,0.7457275390625
2026-09-14,11,NVDA,short,21.605636596683922,0.0,21.605636596683922
2026-09-14,11,NVDA,short,2.97836303710514,0.0,2.97836303710514
2026-09-14,11,NVDA,short,17.881546020503578,0.0,17.881546020503578
2026-09-14,11,NVDA,short,-1.4164276123004527,0.0,-1.4164276123004527
2026-09-14,11,NVDA,short,-75.5537109375042,0.0,-75.5537109375042
2026-09-14,11,NVDA,short,-2.9606323242145436,0.0,-2.9606323242145436
2026-09-14,11,NVDA,short,18.33992004394159,0.0,18.33992004394159
2026-09-14,11,NVDA,short,1.3112792968824465,0.0,1.3112792968824465
2026-09-14,11,NVDA,short,-54.6748352050858,0.0,-54.6748352050858
2026-09-14,11,NVDA,short,-0.6756591796836631,0.0,-0.6756591796836631
2026-09-14,11,NVDA,short,-16.199340820316337,0.0,-16.199340820316337
2026-09-14,11,NVDA,short,-26.80163574218369,0.0,-26.80163574218369
2026-09-14,11,NVDA,short,1.34130859375,0.0,1.34130859375
2026-09-14,11,NVDA,short,-58.52032470703125,0.0,-58.52032470703125
2026-09-14,11,NVDA,short,1.3292694091796875,0.0,1.3292694091796875
2026-09-14,11,NVDA,short,-22.609756469726562,0.0,-22.609756469726562
2026-09-14,11,NVDA,short,-0.9964447021484375,0.0,-0.9964447021484375
2026-09-14,11,NVDA,short,37.684936523445,0.0,37.684936523445
2026-09-14,11,NVDA,short,0.26385498046499833,0.0,0.26385498046499833
2026-09-14,11,NVDA,short,-17.503051757820003,0.0,-17.503051757820003
2026-09-14,11,NVDA,short,-0.31622314452749833,0.0,-0.31622314452749833
2026-09-14,12,NVDA,short,-35.99198913574219,0.0,-35.99198913574219
2026-09-14,12,NVDA,short,1.0677642822265625,0.0,1.0677642822265625
2026-09-14,12,NVDA,short,17.536788940429688,0.0,17.536788940429688
2026-09-14,12,NVDA,short,-0.3267059326171875,0.0,-0.3267059326171875
2026-09-14,12,NVDA,short,27.01580810546875,0.0,27.01580810546875
2026-09-14,12,NVDA,short,2.32049560546875,0.0,2.32049560546875
2026-09-14,12,NVDA,short,10.45196533203125,0.0,10.45196533203125
2026-09-14,12,NVDA,short,-1.1717529296875,0.0,-1.1717529296875
2026-09-14,12,NVDA,short,-47.24967956543267,0.0,-47.24967956543267
2026-09-14,12,NVDA,short,1.0494232177764218,0.0,1.0494232177764218
2026-09-14,12,NVDA,short,18.89923095703125,0.0,18.89923095703125
2026-09-14,12,NVDA,short,2.1004486083984375,0.0,2.1004486083984375
2026-09-14,12,NVDA,short,18.151107788085938,0.0,18.151107788085938
2026-09-14,12,NVDA,short,2.418670654300314,0.0,2.418670654300314
2026-09-14,12,NVDA,short,11.352996826168294,0.0,11.352996826168294
2026-09-14,12,NVDA,short,1.247772216796875,0.0,1.247772216796875
2026-09-14,12,NVDA,short,-13.229461669925456,0.0,-13.229461669925456
2026-09-14,12,NVDA,short,-12.325973510742188,0.0,-12.325973510742188
2026-09-14,12,NVDA,short,0.7257080078207423,0.0,0.7257080078207423
2026-09-14,12,NVDA,short,-59.93981933594591,0.0,-59.93981933594591
2026-09-14,12,NVDA,short,-1.3030395507770436,0.0,-1.3030395507770436
2026-09-14,12,NVDA,short,34.36788940430105,0.0,34.36788940430105
2026-09-14,12,NVDA,short,0.735717773433322,0.0,0.735717773433322
2026-09-14,13,NVDA,short,-11.024551391597385,0.0,-11.024551391597385
2026-09-14,13,NVDA,short,-0.7200164794880095,0.0,-0.7200164794880095
2026-09-14,13,NVDA,short,-3.6898040771609715,0.0,-3.6898040771609715
2026-09-14,13,NVDA,short,-0.529357910152072,0.0,-0.529357910152072
2026-09-14,13,NVDA,short,-3.1469879150348845,0.0,-3.1469879150348845
2026-09-14,13,NVDA,short,-2.2049102783244905,0.0,-2.2049102783244905
2026-09-14,13,NVDA,short,15.28857421875,0.0,15.28857421875
2026-09-14,13,NVDA,short,0.1457977294921875,0.0,0.1457977294921875
2026-09-14,13,NVDA,short,3.651336669921875,0.0,3.651336669921875
2026-09-14,13,NVDA,short,-43.800445556640625,0.0,-43.800445556640625
2026-09-14,13,NVDA,short,-0.7307128906208504,0.0,-0.7307128906208504
2026-09-14,13,NVDA,short,-33.349380493168184,0.0,-33.349380493168184
2026-09-14,13,NVDA,short,-1.4492034912150586,0.0,-1.4492034912150586
2026-09-14,13,NVDA,short,21.249771118167615,0.0,21.249771118167615
2026-09-14,13,NVDA,short,-6.20037841796875,0.0,-6.20037841796875
2026-09-14,13,NVDA,short,1.23931884765625,0.0,1.23931884765625
2026-09-14,13,NVDA,short,10.282104492191081,0.0,10.282104492191081
2026-09-14,13,NVDA,short,1.0593566894495439,0.0,1.0593566894495439
2026-09-14,13,NVDA,short,-25.830230712890625,0.0,-25.830230712890625
2026-09-14,13,NVDA,short,5.7147674560546875,0.0,5.7147674560546875
2026-09-14,14,NVDA,short,15.227752685550485,0.0,15.227752685550485
2026-09-14,14,NVDA,short,-1.257675170902047,0.0,-1.257675170902047
2026-09-14,14,NVDA,short,17.639923095703125,0.0,17.639923095703125
2026-09-14,14,NVDA,short,-0.8074951171875,0.0,-0.8074951171875
2026-09-14,14,NVDA,short,-30.673980712890625,0.0,-30.673980712890625
2026-09-14,14,NVDA,short,-1.0242462158203125,0.0,-1.0242462158203125
2026-09-14,14,NVDA,short,9.9183349609375,0.0,9.9183349609375
2026-09-14,14,NVDA,short,27.06015014648088,0.0,27.06015014648088
2026-09-14,14,NVDA,short,1.2312011718819917,0.0,1.2312011718819917
2026-09-14,14,NVDA,short,6.1003723144496576,0.0,6.1003723144496576
2026-09-14,14,NVDA,short,-0.6105957031215326,0.0,-0.6105957031215326
2026-09-14,14,NVDA,short,10.889556884762186,0.0,10.889556884762186
2026-09-14,14,NVDA,short,-1.8149261474643765,0.0,-1.8149261474643765
2026-09-14,14,NVDA,short,-21.441238403320312,0.0,-21.441238403320312
2026-09-14,14,NVDA,short,0.871459960940939,0.0,0.871459960940939
2026-09-14,14,NVDA,short,-16.1993408203125,0.0,-16.1993408203125
2026-09-14,14,NVDA,short,1.7849273681606803,0.0,1.7849273681606803
2026-09-14,14,NVDA,short,7.7996826171875,0.0,7.7996826171875
2026-09-14,14,NVDA,short,-1.9499206542894854,0.0,-1.9499206542894854
2026-09-14,14,NVDA,short,1.9499206542894854,0.0,1.9499206542894854
2026-09-14,15,NVDA,short,-27.73452758788696,0.0,-27.73452758788696
2026-09-14,15,NVDA,short,-1.9368896484375,0.0,-1.9368896484375
2026-09-14,15,NVDA,short,-1.279296875,0.0,-1.279296875
2026-09-14,15,NVDA,short,-1.279296875003638,0.0,-1.279296875003638
2026-09-14,15,NVDA,short,23.864685058597416,0.0,23.864685058597416
2026-09-14,15,NVDA,short,-1.9349212646484375,0.0,-1.9349212646484375
2026-09-14,15,NVDA,short,18.059921264648438,0.0,18.059921264648438
2026-09-14,15,NVDA,short,1.289291381839604,0.0,1.289291381839604
2026-09-14,15,NVDA,short,-1.279296875003638,0.0,-1.279296875003638
2026-09-14,15,NVDA,short,1.279296875003638,0.0,1.279296875003638
2026-09-14,15,NVDA,short,3.839843749992724,0.0,3.839843749992724
2026-09-14,15,NVDA,short,17.281250000007276,0.0,17.281250000007276
2026-09-14,15,NVDA,short,0.638671875,0.0,0.638671875
2026-09-14,15,NVDA,short,37.200378417965226,0.0,37.200378417965226
2026-09-14,15,NVDA,short,0.8060302734375,0.0,0.8060302734375
2026-09-14,15,NVDA,short,-6.949905395504317,0.0,-6.949905395504317
2026-09-14,15,NVDA,short,1.2312011718680083,0.0,1.2312011718680083
2026-09-14,15,NVDA,short,-28.061340332027783,0.0,-28.061340332027783
2026-09-14,15,NVDA,short,-0.608734130859375,0.0,-0.608734130859375
2026-09-14,15,NVDA,short,0.6037445068359375,0.0,0.6037445068359375
2026-09-14,15,NVDA,short,1.211181640628439,0.0,1.211181640628439
2026-09-14,15,NVDA,short,41.139556884762186,0.0,41.139556884762186
2026-09-14,15,NVDA,short,1.2093353271484375,0.0,1.2093353271484375
2026-08-31,9,TSLA,short,0.0,16.38660397338867,-16.38660397338867
2026-08-31,9,NVDA,short,0.0,5.862779983520507,-5.862779983520507
2026-08-31,9,TSLA,short,0.0,11.14533023071289,-11.14533023071289
2026-08-31,9,PLTR,long,0.0,10.865204750061036,-10.865204750061036
2026-08-31,9,NVDA,short,0.0,1.8536800155639648,-1.8536800155639648
2026-08-31,9,PLTR,long,0.0,1.856300048828125,-1.856300048828125
2026-08-31,9,PLTR,long,0.0,0.0931900024414062,-0.0931900024414062
2026-08-31,9,TSLA,short,0.0,0.1797100067138672,-0.1797100067138672
2026-08-31,9,NVDA,short,0.0,0.1089349975585937,-0.1089349975585937
2026-08-31,9,TSLA,short,0.0,5.227322570800781,-5.227322570800781
2026-08-31,9,TSLA,long,0.0,2.3432825317382813,-2.3432825317382813
2026-08-31,9,NVDA,short,0.0,3.053969818115234,-3.053969818115234
2026-08-31,10,PLTR,long,0.0,5.461629981994629,-5.461629981994629
2026-08-31,10,NVDA,short,0.0,0.1094400024414062,-0.1094400024414062
2026-08-31,10,TSLA,long,0.0,5.402100219726562,-5.402100219726562
2026-08-31,10,PLTR,long,0.0,7.117110023498535,-7.117110023498535
2026-08-31,10,PLTR,short,0.0,4.251780014038086,-4.251780014038086
2026-08-31,10,TSLA,long,0.0,0.1803800048828125,-0.1803800048828125
2026-08-31,10,PLTR,short,0.0,0.0924199981689453,-0.0924199981689453
2026-08-31,10,NVDA,short,0.0,0.1096900024414062,-0.1096900024414062
2026-08-31,10,SNDK,long,0.0,0.7591425170898437,-0.7591425170898437
2026-08-31,10,SNDK,long,0.0,0.7557125244140624,-0.7557125244140624
2026-08-31,10,TSLA,long,0.0,1.9848944091796876,-1.9848944091796876
2026-08-31,10,PLTR,short,0.0,4.156749000549317,-4.156749000549317
2026-08-31,10,PLTR,long,0.0,9.514336601257323,-9.514336601257323
2026-08-31,10,PLTR,long,0.0,5.538149871826172,-5.538149871826172
2026-08-31,10,NVDA,short,0.0,0.1099649963378906,-0.1099649963378906
2026-08-31,10,TSLA,long,0.0,0.1809100036621093,-0.1809100036621093
2026-08-31,10,PLTR,long,0.0,1.2902050170898438,-1.2902050170898438
2026-08-31,10,NVDA,short,0.0,2.6348135375976565,-2.6348135375976565
2026-08-31,10,TSLA,long,0.0,5.453550109863281,-5.453550109863281
2026-08-31,10,NVDA,short,0.0,0.1100350036621093,-0.1100350036621093
2026-08-31,10,PLTR,long,0.0,7.32764478302002,-7.32764478302002
2026-08-31,10,PLTR,long,0.0,0.0925650024414062,-0.0925650024414062
2026-08-31,10,NVDA,short,0.0,0.1098499984741211,-0.1098499984741211
2026-08-31,10,PLTR,long,0.0,5.278770034790039,-5.278770034790039
2026-08-31,10,NVDA,short,0.0,2.199450073242188,-2.199450073242188
2026-08-31,10,PLTR,long,0.0,0.0925266494750976,-0.0925266494750976
2026-08-31,10,TSLA,short,0.0,2.9108798828125,-2.9108798828125
2026-08-31,10,PLTR,long,0.0,0.0929075012207031,-0.0929075012207031
2026-08-31,10,NVDA,short,0.0,0.1098150024414062,-0.1098150024414062
2026-08-31,11,NVDA,short,0.0,1.428375,-1.428375
2026-08-31,11,PLTR,long,0.0,1.855,-1.855
2026-08-31,11,TSLA,short,0.0,1.822375030517578,-1.822375030517578
2026-08-31,11,NVDA,short,0.0,0.1096999969482421,-0.1096999969482421
2026-08-31,11,PLTR,long,0.0,1.8602000427246093,-1.8602000427246093
2026-08-31,11,PLTR,long,0.0,0.0930449981689453,-0.0930449981689453
2026-08-31,11,TSLA,short,0.0,1.093980010986328,-1.093980010986328
2026-08-31,11,SNDK,long,0.0,0.7635,-0.7635
2026-08-31,11,NVDA,short,0.0,0.2193600006103515,-0.2193600006103515
2026-08-31,11,PLTR,long,0.0,6.423555084228516,-6.423555084228516
2026-08-31,11,NVDA,short,0.0,0.1096350021362304,-0.1096350021362304
2026-08-31,11,SNDK,long,0.0,0.767489990234375,-0.767489990234375
2026-08-31,11,PLTR,long,0.0,3.446181953430176,-3.446181953430176
2026-08-31,11,SNDK,long,0.0,1.5390400390625,-1.5390400390625
2026-08-31,11,NVDA,short,0.0,0.9909450302124024,-0.9909450302124024
2026-08-31,11,PLTR,long,0.0,0.0930749969482421,-0.0930749969482421
2026-08-31,11,NVDA,short,0.0,0.110125,-0.110125
2026-08-31,11,PLTR,long,0.0,3.9009598846435543,-3.9009598846435543
2026-08-31,11,PLTR,long,0.0,1.6727022399902345,-1.6727022399902345
2026-08-31,11,PLTR,long,0.0,3.438964988708496,-3.438964988708496
2026-08-31,11,NVDA,short,0.0,0.1098649978637695,-0.1098649978637695
2026-08-31,11,SNDK,long,0.0,0.7581699829101562,-0.7581699829101562
2026-08-31,11,SNDK,long,0.0,2.2688699340820317,-2.2688699340820317
2026-08-31,11,TSLA,short,0.0,2.202539978027344,-2.202539978027344
2026-08-31,11,NVDA,short,0.0,2.310525032043457,-2.310525032043457
2026-08-31,12,SNDK,long,0.0,1.51347998046875,-1.51347998046875
2026-08-31,12,TSLA,short,0.0,0.1827449951171875,-0.1827449951171875
2026-08-31,12,NVDA,short,0.0,1.20725,-1.20725
2026-08-31,12,PLTR,long,0.0,2.696274955749512,-2.696274955749512
2026-08-31,12,NVDA,short,0.0,0.1096449966430664,-0.1096449966430664
2026-08-31,12,PLTR,long,0.0,1.8597000122070315,-1.8597000122070315
2026-08-31,12,TSLA,short,0.0,0.1824801483154297,-0.1824801483154297
2026-08-31,12,NVDA,short,0.0,0.1096449966430664,-0.1096449966430664
2026-08-31,12,SNDK,long,0.0,1.500875244140625,-1.500875244140625
2026-08-31,12,PLTR,long,0.0,0.3726000061035156,-0.3726000061035156
2026-08-31,12,TSLA,short,0.0,0.1832850036621093,-0.1832850036621093
2026-08-31,12,NVDA,short,0.0,0.6591600036621094,-0.6591600036621094
2026-08-31,12,SNDK,long,0.0,1.49906005859375,-1.49906005859375
2026-08-31,12,PLTR,long,0.0,0.0931299972534179,-0.0931299972534179
2026-08-31,12,TSLA,short,0.0,1.6476749725341795,-1.6476749725341795
2026-08-31,12,NVDA,short,0.0,0.1098899993896484,-0.1098899993896484
2026-08-31,12,TSLA,long,0.0,4.576874923706055,-4.576874923706055
2026-08-31,12,SNDK,long,0.0,1.4950849609375,-1.4950849609375
2026-08-31,12,TSLA,long,0.0,0.7316790161132812,-0.7316790161132812
2026-08-31,12,NVDA,short,0.0,3.6292575302124015,-3.6292575302124015
2026-08-31,12,PLTR,long,0.0,5.872264549255371,-5.872264549255371
2026-08-31,12,TSLA,long,0.0,0.1825549926757812,-0.1825549926757812
2026-08-31,12,PLTR,long,0.0,9.359500122070312,-9.359500122070312
2026-08-31,12,PLTR,short,0.0,4.866940063476562,-4.866940063476562
2026-08-31,12,PLTR,short,0.0,4.881759857177735,-4.881759857177735
2026-08-31,12,PLTR,long,0.0,5.163399848937988,-5.163399848937988
2026-08-31,12,NVDA,short,0.0,2.858568603515625,-2.858568603515625
2026-08-31,12,PLTR,long,0.0,1.7777350463867188,-1.7777350463867188
2026-08-31,12,TSLA,long,0.0,0.1824750061035156,-0.1824750061035156
2026-08-31,12,PLTR,long,0.0,0.0936299972534179,-0.0936299972534179
2026-08-31,12,TSLA,long,0.0,0.1827200012207031,-0.1827200012207031
2026-08-31,12,PLTR,long,0.0,6.841271591186524,-6.841271591186524
2026-08-31,12,NVDA,short,0.0,0.109995002746582,-0.109995002746582
2026-08-31,12,PLTR,short,0.0,6.372691345214844,-6.372691345214844
2026-08-31,12,PLTR,short,0.0,6.365480041503906,-6.365480041503906
2026-08-31,12,PLTR,long,0.0,4.680500030517578,-4.680500030517578
2026-08-31,13,TSLA,long,0.0,0.1830149993896484,-0.1830149993896484
2026-08-31,13,PLTR,long,0.0,0.0932949981689453,-0.0932949981689453
2026-08-31,13,NVDA,short,0.0,0.1100950012207031,-0.1100950012207031
2026-08-31,13,TSLA,long,0.0,3.1053899688720703,-3.1053899688720703
2026-08-31,13,PLTR,long,0.0,0.0932949523925781,-0.0932949523925781
2026-08-31,13,NVDA,short,0.0,2.310211006164551,-2.310211006164551
2026-08-31,13,PLTR,long,0.0,0.4644625091552734,-0.4644625091552734
2026-08-31,13,NVDA,short,0.0,0.1099100036621093,-0.1099100036621093
2026-08-31,13,TSLA,short,0.0,2.7505499267578126,-2.7505499267578126
2026-08-31,13,TSLA,short,0.0,0.1832300567626953,-0.1832300567626953
2026-08-31,13,NVDA,short,0.0,3.6263699798583984,-3.6263699798583984
2026-08-31,13,PLTR,long,0.0,2.974080078125,-2.974080078125
2026-08-31,13,NVDA,short,0.0,0.329677505493164,-0.329677505493164
2026-08-31,13,TSLA,short,0.0,1.6453354339599608,-1.6453354339599608
2026-08-31,13,TSLA,short,0.0,0.1825950012207031,-0.1825950012207031
2026-08-31,13,PLTR,long,0.0,0.5567100219726563,-0.5567100219726563
2026-08-31,13,NVDA,short,0.0,0.1096800003051757,-0.1096800003051757
2026-08-31,13,NVDA,short,0.0,0.4384200134277344,-0.4384200134277344
2026-08-31,13,TSLA,short,0.0,1.1010599670410155,-1.1010599670410155
2026-08-31,13,NVDA,short,0.0,0.2193399963378906,-0.2193399963378906
2026-08-31,13,PLTR,long,0.0,1.2062700119018557,-1.2062700119018557
2026-08-31,13,PLTR,long,0.0,1.95541495513916,-1.95541495513916
2026-08-31,13,TSLA,short,0.0,0.1838049926757812,-0.1838049926757812
2026-08-31,13,NVDA,short,0.0,0.109870002746582,-0.109870002746582
2026-08-31,13,NVDA,short,0.0,0.1099424972534179,-0.1099424972534179
2026-08-31,13,TSLA,short,0.0,1.4734000244140626,-1.4734000244140626
2026-08-31,14,PLTR,long,0.0,0.0936100006103515,-0.0936100006103515
2026-08-31,14,NVDA,short,0.0,0.1098024978637695,-0.1098024978637695
2026-08-31,14,PLTR,long,0.0,0.4674000167846679,-0.4674000167846679
2026-08-31,14,TSLA,short,0.0,0.1838474426269531,-0.1838474426269531
2026-08-31,14,NVDA,short,0.0,0.1096624984741211,-0.1096624984741211
2026-08-31,14,PLTR,long,0.0,0.7476599731445313,-0.7476599731445313
2026-08-31,14,PLTR,long,0.0,1.122780029296875,-1.122780029296875
2026-08-31,14,NVDA,short,0.0,0.3291449890136719,-0.3291449890136719
2026-08-31,14,PLTR,long,0.0,2.0602647857666017,-2.0602647857666017
2026-08-31,14,TSLA,short,0.0,0.1837050018310546,-0.1837050018310546
2026-08-31,14,NVDA,short,0.0,0.1097850036621093,-0.1097850036621093
2026-08-31,14,TSLA,short,0.0,0.1837100067138672,-0.1837100067138672
2026-08-31,14,PLTR,long,0.0,1.309490051269531,-1.309490051269531
2026-08-31,14,NVDA,short,0.0,1.5326499786376953,-1.5326499786376953
2026-08-31,14,TSLA,short,0.0,0.1831399993896484,-0.1831399993896484
2026-08-31,14,NVDA,short,0.0,0.1091975021362304,-0.1091975021362304
2026-08-31,14,PLTR,long,0.0,0.6540800170898438,-0.6540800170898438
2026-08-31,14,PLTR,long,0.0,6.728939758300781,-6.728939758300781
2026-08-31,14,PLTR,short,0.0,7.570057228088379,-7.570057228088379
2026-08-31,14,TSLA,short,0.0,0.183,-0.183
2026-08-31,14,PLTR,short,0.0,7.588890197753906,-7.588890197753906
2026-08-31,14,NVDA,short,0.0,0.1090090026855468,-0.1090090026855468
2026-08-31,14,PLTR,long,0.0,5.621400146484375,-5.621400146484375
2026-08-31,14,PLTR,long,0.0,4.312270126342773,-4.312270126342773
2026-08-31,14,TSLA,short,0.0,1.0977149963378907,-1.0977149963378907
2026-08-31,14,NVDA,short,0.0,0.1092125015258789,-0.1092125015258789
2026-08-31,14,SNDK,long,0.0,7.406099853515625,-7.406099853515625
2026-08-31,15,PLTR,long,0.0,0.0936999969482421,-0.0936999969482421
2026-08-31,15,TSLA,short,0.0,2.5604599914550783,-2.5604599914550783
2026-08-31,15,NVDA,short,0.0,0.1093000030517578,-0.1093000030517578
2026-08-31,15,SNDK,long,0.0,2.944419921875,-2.944419921875
2026-08-31,15,SNDK,long,0.0,0.7341024780273437,-0.7341024780273437
2026-08-31,15,PLTR,long,0.0,0.0937200012207031,-0.0937200012207031
2026-08-31,15,NVDA,short,0.0,0.4376700134277344,-0.4376700134277344
2026-08-31,15,SNDK,long,0.0,2.1988275146484373,-2.1988275146484373
2026-08-31,15,TSLA,short,0.0,0.5495474853515625,-0.5495474853515625
2026-08-31,15,SNDK,long,0.0,0.728427490234375,-0.728427490234375
2026-08-31,15,NVDA,short,0.0,1.4231749801635742,-1.4231749801635742
2026-08-31,15,TSLA,short,0.0,0.3656900024414062,-0.3656900024414062
2026-08-31,15,SNDK,long,0.0,2.92456005859375,-2.92456005859375
2026-08-31,15,TSLA,short,0.0,0.1832599945068359,-0.1832599945068359
2026-08-31,15,NVDA,short,0.0,0.1097399978637695,-0.1097399978637695
2026-08-31,15,PLTR,long,0.0,2.437596206665039,-2.437596206665039
2026-08-31,15,PLTR,long,0.0,0.0936924972534179,-0.0936924972534179
2026-08-31,15,TSLA,short,0.0,0.733260009765625,-0.733260009765625
2026-08-31,15,NVDA,short,0.0,0.1099100036621093,-0.1099100036621093
2026-08-31,15,SNDK,long,0.0,0.7379949951171875,-0.7379949951171875
2026-08-31,15,PLTR,long,0.0,3.464402488708496,-3.464402488708496
2026-08-31,15,NVDA,short,0.0,0.1098925018310546,-0.1098925018310546
2026-08-31,15,SNDK,long,0.0,1.4736099853515623,-1.4736099853515623
2026-08-31,15,SNDK,long,0.0,0.7412000122070312,-0.7412000122070312
2026-08-31,15,SNDK,long,0.0,0.7427750244140625,-0.7427750244140625
2026-08-31,15,NVDA,short,0.0,0.1099800033569336,-0.1099800033569336
2026-08-31,15,SNDK,long,0.0,6.18327978515625,-6.18327978515625
2026-08-31,15,NVDA,short,0.0,11.477959777832032,-11.477959777832032
2026-09-01,9,PLTR,long,0.0,16.233997283935548,-16.233997283935548
2026-09-01,9,SNDK,short,0.0,3.852250061035156,-3.852250061035156
2026-09-01,9,SNDK,short,0.0,0.7687949829101562,-0.7687949829101562
2026-09-01,9,TSLA,long,0.0,0.8874250030517579,-0.8874250030517579
2026-09-01,9,SNDK,short,0.0,4.629465087890625,-4.629465087890625
2026-09-01,9,TSLA,long,0.0,4.836239868164062,-4.836239868164062
2026-09-01,9,TSLA,long,0.0,0.8958747863769532,-0.8958747863769532
2026-09-01,9,PLTR,long,0.0,16.128682067871093,-16.128682067871093
2026-09-01,9,SNDK,short,0.0,0.771385009765625,-0.771385009765625
2026-09-01,9,PLTR,short,0.0,16.128682067871093,-16.128682067871093
2026-09-01,10,TSLA,long,0.0,0.1794250030517578,-0.1794250030517578
2026-09-01,10,PLTR,short,0.0,16.141957878112795,-16.141957878112795
2026-09-01,10,SNDK,short,0.0,6.16047998046875,-6.16047998046875
2026-09-01,10,PLTR,long,0.0,6.475022651672363,-6.475022651672363
2026-09-01,10,PLTR,long,0.0,0.0916774978637695,-0.0916774978637695
2026-09-01,10,SNDK,short,0.0,0.7714299926757813,-0.7714299926757813
2026-09-01,10,TSLA,long,0.0,0.717030029296875,-0.717030029296875
2026-09-01,10,PLTR,long,0.0,6.458462371826172,-6.458462371826172
2026-09-01,10,SNDK,short,0.0,0.7679924926757813,-0.7679924926757813
2026-09-01,10,PLTR,short,0.0,7.381099853515625,-7.381099853515625
2026-09-01,10,SNDK,short,0.0,2.301929992675781,-2.301929992675781
2026-09-01,10,PLTR,short,0.0,0.9265499877929688,-0.9265499877929688
2026-09-01,10,TSLA,long,0.0,2.332069992065429,-2.332069992065429
2026-09-01,10,SNDK,short,0.0,0.7661749877929688,-0.7661749877929688
2026-09-01,10,PLTR,short,0.0,6.499499893188476,-6.499499893188476
2026-09-01,10,PLTR,long,0.0,14.206049766540527,-14.206049766540527
2026-09-01,10,PLTR,long,0.0,0.8365139923095704,-0.8365139923095704
2026-09-01,10,PLTR,long,0.0,15.078149505615237,-15.078149505615237
2026-09-01,10,SNDK,short,0.0,1.544300048828125,-1.544300048828125
2026-09-01,10,PLTR,short,0.0,12.285899597167967,-12.285899597167967
2026-09-01,10,PLTR,short,0.0,12.266760040283204,-12.266760040283204
2026-09-01,10,SNDK,short,0.0,2.3237100219726563,-2.3237100219726563
2026-09-01,10,TSLA,long,0.0,1.6141500549316403,-1.6141500549316403
2026-09-01,10,PLTR,long,0.0,5.389940017700195,-5.389940017700195
2026-09-01,10,TSLA,long,0.0,0.1796000061035156,-0.1796000061035156
2026-09-01,10,SNDK,short,0.0,2.3279849853515624,-2.3279849853515624
2026-09-01,10,PLTR,long,0.0,2.975360107421875,-2.975360107421875
2026-09-01,10,PLTR,long,0.0,8.356050109863281,-8.356050109863281
2026-09-01,10,SNDK,short,0.0,3.125010009765625,-3.125010009765625
2026-09-01,10,PLTR,short,0.0,11.234245147705078,-11.234245147705078
2026-09-01,10,TSLA,long,0.0,0.1790063934326171,-0.1790063934326171
2026-09-01,10,PLTR,short,0.0,1.0187094192504882,-1.0187094192504882
2026-09-01,10,SNDK,short,0.0,3.1160400390625,-3.1160400390625
2026-09-01,11,TSLA,long,0.0,4.2916201171875,-4.2916201171875
2026-09-01,11,SNDK,short,0.0,1.5658800048828123,-1.5658800048828123
2026-09-01,11,PLTR,short,0.0,6.070976806640625,-6.070976806640625
2026-09-01,11,PLTR,short,0.0,0.0918274993896484,-0.0918274993896484
2026-09-01,11,PLTR,short,0.0,0.2742000045776367,-0.2742000045776367
2026-09-01,11,SNDK,short,0.0,0.7787600708007812,-0.7787600708007812
2026-09-01,11,PLTR,short,0.0,0.0915049972534179,-0.0915049972534179
2026-09-01,11,SNDK,short,0.0,0.77675,-0.77675
2026-09-01,11,PLTR,short,0.0,16.201695648193358,-16.201695648193358
2026-09-01,11,PLTR,long,0.0,9.061965362548827,-9.061965362548827
2026-09-01,11,PLTR,long,0.0,6.249281555175782,-6.249281555175782
2026-09-01,11,PLTR,long,0.0,2.7600016021728515,-2.7600016021728515
2026-09-01,11,TSLA,short,0.0,0.359489990234375,-0.359489990234375
2026-09-01,11,SNDK,short,0.0,2.3555249633789064,-2.3555249633789064
2026-09-01,11,TSLA,short,0.0,4.139539901733398,-4.139539901733398
2026-09-01,11,PLTR,long,0.0,2.207520080566406,-2.207520080566406
2026-09-01,11,SNDK,short,0.0,0.7894650268554687,-0.7894650268554687
2026-09-01,11,TSLA,short,0.0,0.1798074951171875,-0.1798074951171875
2026-09-01,11,NVDA,long,0.0,1.755719970703125,-1.755719970703125
2026-09-01,11,PLTR,long,0.0,0.9226750183105468,-0.9226750183105468
2026-09-01,11,SNDK,short,0.0,0.7979974975585937,-0.7979974975585937
2026-09-01,11,TSLA,short,0.0,4.302,-4.302
2026-09-01,11,TSLA,long,0.0,4.12275,-4.12275
2026-09-01,11,TSLA,long,0.0,4.122117584228516,-4.122117584228516
2026-09-01,11,PLTR,long,0.0,1.3771499633789062,-1.3771499633789062
2026-09-01,11,NVDA,long,0.0,0.1098649978637695,-0.1098649978637695
2026-09-01,11,SNDK,short,0.0,0.8015349731445313,-0.8015349731445313
2026-09-01,11,TSLA,short,0.0,0.3584450073242187,-0.3584450073242187
2026-09-01,11,PLTR,short,0.0,14.138739624023437,-14.138739624023437
2026-09-01,11,TSLA,short,0.0,0.3587598876953125,-0.3587598876953125
2026-09-01,11,PLTR,short,0.0,0.9165000152587892,-0.9165000152587892
2026-09-01,11,SNDK,short,0.0,0.799905029296875,-0.799905029296875
2026-09-01,12,SNDK,short,0.0,0.8002050170898437,-0.8002050170898437
2026-09-01,12,PLTR,short,0.0,13.203719604492187,-13.203719604492187
2026-09-01,12,TSLA,short,0.0,1.973125,-1.973125
2026-09-01,12,PLTR,long,0.0,6.510167304992676,-6.510167304992676
2026-09-01,12,PLTR,long,0.0,5.86368017578125,-5.86368017578125
2026-09-01,12,NVDA,long,0.0,0.1099449996948242,-0.1099449996948242
2026-09-01,12,TSLA,short,0.0,3.9465799865722655,-3.9465799865722655
2026-09-01,12,NVDA,long,0.0,0.1098550033569336,-0.1098550033569336
2026-09-01,12,TSLA,short,0.0,2.6892750549316404,-2.6892750549316404
2026-09-01,12,PLTR,long,0.0,5.8630400390625,-5.8630400390625
2026-09-01,12,PLTR,long,0.0,1.831000061035156,-1.831000061035156
2026-09-01,12,NVDA,long,0.0,0.1099024963378906,-0.1099024963378906
2026-09-01,12,SNDK,short,0.0,0.7947424926757812,-0.7947424926757812
2026-09-01,12,TSLA,short,0.0,0.1791199951171875,-0.1791199951171875
2026-09-01,12,PLTR,long,0.0,4.652092437744141,-4.652092437744141
2026-09-01,12,NVDA,long,0.0,0.1097724990844726,-0.1097724990844726
2026-09-01,12,SNDK,short,0.0,0.7932039184570312,-0.7932039184570312
2026-09-01,12,TSLA,short,0.0,1.0737960205078123,-1.0737960205078123
2026-09-01,12,PLTR,short,0.0,7.023747406005859,-7.023747406005859
2026-09-01,12,NVDA,long,0.0,0.1096600036621093,-0.1096600036621093
2026-09-01,12,SNDK,short,0.0,0.793010009765625,-0.793010009765625
2026-09-01,12,TSLA,short,0.0,1.9620150604248048,-1.9620150604248048
2026-09-01,12,PLTR,short,0.0,7.015085258483887,-7.015085258483887
2026-09-01,12,TSLA,long,0.0,9.274980285644531,-9.274980285644531
2026-09-01,12,PLTR,long,0.0,1.822100067138672,-1.822100067138672
2026-09-01,12,TSLA,long,0.0,9.276019714355469,-9.276019714355469
2026-09-01,12,TSLA,short,0.0,2.497389923095703,-2.497389923095703
2026-09-01,12,PLTR,long,0.0,4.376400146484375,-4.376400146484375
2026-09-01,12,PLTR,long,0.0,4.276765129089355,-4.276765129089355
2026-09-01,12,SNDK,short,0.0,3.143320068359375,-3.143320068359375
2026-09-01,12,SNDK,long,0.0,2.357490051269531,-2.357490051269531
2026-09-01,12,TSLA,short,0.0,6.97515202331543,-6.97515202331543
2026-09-01,12,SNDK,long,0.0,0.7835499877929688,-0.7835499877929688
2026-09-01,12,PLTR,long,0.0,1.91341495513916,-1.91341495513916
2026-09-01,12,NVDA,long,0.0,1.0955000305175782,-1.0955000305175782
2026-09-01,12,TSLA,short,0.0,9.4571875,-9.4571875
2026-09-01,12,PLTR,short,0.0,1.731184959411621,-1.731184959411621
2026-09-01,12,NVDA,short,0.0,1.9719000549316408,-1.9719000549316408
2026-09-01,12,NVDA,short,0.0,0.1096800003051757,-0.1096800003051757
2026-09-01,12,PLTR,short,0.0,6.660519844055176,-6.660519844055176
2026-09-01,12,PLTR,short,0.0,8.420990112304688,-8.420990112304688
2026-09-01,12,NVDA,short,0.0,0.1096750030517578,-0.1096750030517578
2026-09-01,12,TSLA,short,0.0,5.71616015625,-5.71616015625
2026-09-01,12,PLTR,long,0.0,3.4782350463867187,-3.4782350463867187
2026-09-01,13,PLTR,long,0.0,0.0919300003051757,-0.0919300003051757
2026-09-01,13,TSLA,short,0.0,1.6055550384521484,-1.6055550384521484
2026-09-01,13,SNDK,long,0.0,0.7834725341796875,-0.7834725341796875
2026-09-01,13,PLTR,long,0.0,3.384204864501953,-3.384204864501953
2026-09-01,13,TSLA,short,0.0,4.095840042114258,-4.095840042114258
2026-09-01,13,NVDA,short,0.0,0.1094250030517578,-0.1094250030517578
2026-09-01,13,TSLA,long,0.0,0.5342400054931641,-0.5342400054931641
2026-09-01,13,PLTR,short,0.0,16.09783935546875,-16.09783935546875
2026-09-01,13,SNDK,long,0.0,0.7838699951171875,-0.7838699951171875
2026-09-01,13,TSLA,long,0.0,0.1783347473144531,-0.1783347473144531
2026-09-01,13,PLTR,short,0.0,0.0914599990844726,-0.0914599990844726
2026-09-01,13,NVDA,short,0.0,0.1092925033569335,-0.1092925033569335
2026-09-01,13,TSLA,long,0.0,0.1785500030517578,-0.1785500030517578
2026-09-01,13,PLTR,short,0.0,3.8444701538085937,-3.8444701538085937
2026-09-01,13,NVDA,short,0.0,0.1092350006103515,-0.1092350006103515
2026-09-01,13,TSLA,long,0.0,0.1784924926757812,-0.1784924926757812
2026-09-01,13,PLTR,short,0.0,4.568375015258789,-4.568375015258789
2026-09-01,13,TSLA,short,0.0,6.961207214355468,-6.961207214355468
2026-09-01,13,PLTR,short,0.0,3.2839200439453125,-3.2839200439453125
2026-09-01,13,TSLA,short,0.0,1.606275054931641,-1.606275054931641
2026-09-01,13,TSLA,short,0.0,0.1785350036621093,-0.1785350036621093
2026-09-01,13,PLTR,short,0.0,0.0912324981689453,-0.0912324981689453
2026-09-01,13,SNDK,long,0.0,0.781739990234375,-0.781739990234375
2026-09-01,13,SNDK,long,0.0,0.7818899536132813,-0.7818899536132813
2026-09-01,13,PLTR,short,0.0,1.0958999633789062,-1.0958999633789062
2026-09-01,13,TSLA,short,0.0,4.817070098876953,-4.817070098876953
2026-09-01,13,NVDA,short,0.0,0.1091524963378906,-0.1091524963378906
2026-09-01,13,SNDK,short,0.0,1.5616199951171874,-1.5616199951171874
2026-09-01,13,TSLA,short,0.0,0.5355899963378906,-0.5355899963378906
2026-09-01,13,SNDK,short,0.0,0.778119384765625,-0.778119384765625
2026-09-01,13,TSLA,short,0.0,3.564700012207031,-3.564700012207031
2026-09-01,13,PLTR,short,0.0,5.293950088500977,-5.293950088500977
2026-09-01,13,PLTR,long,0.0,6.389250106811524,-6.389250106811524
2026-09-01,13,NVDA,short,0.0,0.3270300064086914,-0.3270300064086914
2026-09-01,13,PLTR,long,0.0,0.0911699981689453,-0.0911699981689453
2026-09-01,14,PLTR,long,0.0,1.0019074630737306,-1.0019074630737306
2026-09-01,14,SNDK,short,0.0,0.78177001953125,-0.78177001953125
2026-09-01,14,TSLA,short,0.0,6.239099807739258,-6.239099807739258
2026-09-01,14,TSLA,short,0.0,5.339324798583984,-5.339324798583984
2026-09-01,14,SNDK,short,0.0,3.888591003417969,-3.888591003417969
2026-09-01,14,PLTR,long,0.0,7.454620300292968,-7.454620300292968
2026-09-01,14,PLTR,long,0.0,9.083499908447266,-9.083499908447266
2026-09-01,14,SNDK,short,0.0,2.333347412109375,-2.333347412109375
2026-09-01,14,TSLA,short,0.0,3.558999938964844,-3.558999938964844
2026-09-01,14,SNDK,short,0.0,0.7750399780273437,-0.7750399780273437
2026-09-01,14,TSLA,short,0.0,4.971820068359375,-4.971820068359375
2026-09-01,14,TSLA,long,0.0,0.8878250122070312,-0.8878250122070312
2026-09-01,14,PLTR,long,0.0,6.175375549316406,-6.175375549316406
2026-09-01,14,NVDA,short,0.0,4.35,-4.35
2026-09-01,14,TSLA,long,0.0,0.8875499725341797,-0.8875499725341797
2026-09-01,14,PLTR,long,0.0,9.809369934082032,-9.809369934082032
2026-09-01,14,SNDK,short,0.0,0.7724949951171876,-0.7724949951171876
2026-09-01,14,NVDA,short,0.0,0.1088874969482422,-0.1088874969482422
2026-09-01,14,TSLA,short,0.0,0.8875499725341797,-0.8875499725341797
2026-09-01,14,PLTR,short,0.0,0.817447494506836,-0.817447494506836
2026-09-01,14,TSLA,short,0.0,0.177365005493164,-0.177365005493164
2026-09-01,14,PLTR,short,0.0,0.8174700164794921,-0.8174700164794921
2026-09-01,14,NVDA,short,0.0,0.108849998474121,-0.108849998474121
2026-09-01,14,PLTR,long,0.0,5.177310104370117,-5.177310104370117
2026-09-01,14,PLTR,long,0.0,2.5389000854492187,-2.5389000854492187
2026-09-01,14,NVDA,short,0.0,0.1087300033569336,-0.1087300033569336
2026-09-01,14,TSLA,short,0.0,3.015375,-3.015375
2026-09-01,14,PLTR,long,0.0,0.0904649963378906,-0.0904649963378906
2026-09-01,14,NVDA,short,0.0,0.1084150009155273,-0.1084150009155273
2026-09-01,14,PLTR,long,0.0,4.972412567138672,-4.972412567138672
2026-09-01,14,PLTR,long,0.0,2.07575,-2.07575
2026-09-01,14,TSLA,short,0.0,3.709964859008789,-3.709964859008789
2026-09-01,14,NVDA,short,0.0,0.1082574996948242,-0.1082574996948242
2026-09-01,14,TSLA,long,0.0,9.36324464416504,-9.36324464416504
2026-09-01,14,TSLA,long,0.0,7.962412719726562,-7.962412719726562
2026-09-01,14,PLTR,long,0.0,5.431199798583984,-5.431199798583984
2026-09-01,14,SNDK,long,0.0,4.602659912109375,-4.602659912109375
2026-09-01,14,PLTR,short,0.0,6.4269197616577145,-6.4269197616577145
2026-09-01,14,NVDA,short,0.0,3.5760434188842773,-3.5760434188842773
2026-09-01,14,SNDK,long,0.0,1.5386700439453125,-1.5386700439453125
2026-09-01,14,PLTR,short,0.0,0.0904550018310546,-0.0904550018310546
2026-09-01,15,SNDK,long,0.0,3.074860107421875,-3.074860107421875
2026-09-01,15,TSLA,long,0.0,1.41752001953125,-1.41752001953125
2026-09-01,15,PLTR,short,0.0,0.090474998474121,-0.090474998474121
2026-09-01,15,NVDA,short,0.0,0.1086600036621093,-0.1086600036621093
2026-09-01,15,TSLA,short,0.0,0.1773399963378906,-0.1773399963378906
2026-09-01,15,PLTR,short,0.0,0.5433000183105469,-0.5433000183105469
2026-09-01,15,TSLA,short,0.0,0.1778200073242187,-0.1778200073242187
2026-09-01,15,PLTR,short,0.0,0.0905414505004882,-0.0905414505004882
2026-09-01,15,NVDA,short,0.0,0.1089100036621093,-0.1089100036621093
2026-09-01,15,PLTR,short,0.0,1.6348050384521484,-1.6348050384521484
2026-09-01,15,PLTR,short,0.0,0.6354250106811523,-0.6354250106811523
2026-09-01,15,NVDA,short,0.0,0.1089274978637695,-0.1089274978637695
2026-09-01,15,PLTR,short,0.0,7.729050025939942,-7.729050025939942
2026-09-01,15,NVDA,short,0.0,0.1088249969482421,-0.1088249969482421
2026-09-01,15,SNDK,short,0.0,0.7689341430664063,-0.7689341430664063
2026-09-01,15,PLTR,long,0.0,6.637890022277832,-6.637890022277832
2026-09-01,15,PLTR,long,0.0,4.177259887695312,-4.177259887695312
2026-09-01,15,PLTR,long,0.0,2.4488999176025392,-2.4488999176025392
2026-09-01,15,NVDA,short,0.0,2.28168463897705,-2.28168463897705
2026-09-01,15,TSLA,long,0.0,2.847080078125,-2.847080078125
2026-09-01,15,SNDK,short,0.0,0.7683125,-0.7683125
2026-09-01,15,NVDA,short,0.0,0.1085500030517578,-0.1085500030517578
2026-09-01,15,TSLA,long,0.0,9.062955093383788,-9.062955093383788
2026-09-01,15,PLTR,short,0.0,0.0907774963378906,-0.0907774963378906
2026-09-01,15,TSLA,long,0.0,0.1781499938964843,-0.1781499938964843
2026-09-01,15,PLTR,short,0.0,0.0907399978637695,-0.0907399978637695
2026-09-01,15,SNDK,short,0.0,3.077169921875,-3.077169921875
2026-09-01,15,TSLA,long,0.0,9.969399658203123,-9.969399658203123
2026-09-01,15,SNDK,short,0.0,0.77152001953125,-0.77152001953125
2026-09-01,15,NVDA,short,0.0,0.1087900009155273,-0.1087900009155273
2026-09-01,15,TSLA,long,0.0,1.7795500183105468,-1.7795500183105468
2026-09-01,15,SNDK,short,0.0,2.302034912109375,-2.302034912109375
2026-09-01,15,NVDA,short,0.0,6.073480102539063,-6.073480102539063
2026-09-02,9,SNDK,long,0.0,11.652525329589844,-11.652525329589844
2026-09-02,9,TSLA,short,0.0,0.7134000244140625,-0.7134000244140625
2026-09-02,9,NVDA,short,0.0,9.014260025024416,-9.014260025024416
2026-09-02,9,SNDK,long,0.0,11.74957489013672,-11.74957489013672
2026-09-02,9,TSLA,short,0.0,0.704534423828125,-0.704534423828125
2026-09-02,9,NVDA,short,0.0,9.015080200195312,-9.015080200195312
2026-09-02,9,TSLA,long,0.0,16.028158142089843,-16.028158142089843
2026-09-02,9,PLTR,long,0.0,5.7543785247802735,-5.7543785247802735
2026-09-02,9,TSLA,long,0.0,4.207799926757812,-4.207799926757812
2026-09-02,9,PLTR,long,0.0,4.20768017578125,-4.20768017578125
2026-09-02,9,TSLA,long,0.0,4.571580047607422,-4.571580047607422
2026-09-02,9,PLTR,long,0.0,4.672482620239258,-4.672482620239258
2026-09-02,9,TSLA,long,0.0,0.1761950073242187,-0.1761950073242187
2026-09-02,9,PLTR,long,0.0,1.1470550079345705,-1.1470550079345705
2026-09-02,9,SNDK,short,0.0,0.75975,-0.75975
2026-09-02,10,TSLA,long,0.0,5.803545181274414,-5.803545181274414
2026-09-02,10,SNDK,short,0.0,0.7618400268554687,-0.7618400268554687
2026-09-02,10,SNDK,long,0.0,3.809200134277344,-3.809200134277344
2026-09-02,10,PLTR,long,0.0,2.550839973449707,-2.550839973449707
2026-09-02,10,PLTR,long,0.0,14.053690147399902,-14.053690147399902
2026-09-02,10,TSLA,long,0.0,14.7482958984375,-14.7482958984375
2026-09-02,10,SNDK,long,0.0,2.2924949340820318,-2.2924949340820318
2026-09-02,10,TSLA,long,0.0,7.913697967529297,-7.913697967529297
2026-09-02,10,PLTR,long,0.0,10.005,-10.005
2026-09-02,10,TSLA,long,0.0,0.1764006042480468,-0.1764006042480468
2026-09-02,10,SNDK,long,0.0,0.767280029296875,-0.767280029296875
2026-09-02,10,PLTR,long,0.0,9.62647483062744,-9.62647483062744
2026-09-02,10,TSLA,long,0.0,4.964679931640625,-4.964679931640625
2026-09-02,10,SNDK,long,0.0,0.7656649780273438,-0.7656649780273438
2026-09-02,10,TSLA,long,0.0,0.1773975067138672,-0.1773975067138672
2026-09-02,10,PLTR,long,0.0,2.600700073242188,-2.600700073242188
2026-09-02,10,TSLA,long,0.0,6.927082214355469,-6.927082214355469
2026-09-02,10,SNDK,long,0.0,1.5423599853515626,-1.5423599853515626
2026-09-02,10,PLTR,long,0.0,6.75830973815918,-6.75830973815918
2026-09-02,10,SNDK,long,0.0,0.770405029296875,-0.770405029296875
2026-09-02,10,PLTR,long,0.0,0.0866999969482421,-0.0866999969482421
2026-09-02,10,SNDK,long,0.0,1.5429200439453126,-1.5429200439453126
2026-09-02,10,SNDK,long,0.0,2.290784912109375,-2.290784912109375
2026-09-02,10,PLTR,long,0.0,5.800860122680664,-5.800860122680664
2026-09-02,10,TSLA,long,0.0,10.088145034790038,-10.088145034790038
2026-09-02,10,TSLA,long,0.0,0.1762975006103515,-0.1762975006103515
2026-09-02,10,PLTR,long,0.0,4.237520164489746,-4.237520164489746
2026-09-02,10,NVDA,short,0.0,3.914925117492676,-3.914925117492676
2026-09-02,11,PLTR,long,0.0,0.0861549987792968,-0.0861549987792968
2026-09-02,11,TSLA,long,0.0,0.1756750030517578,-0.1756750030517578
2026-09-02,11,NVDA,short,0.0,0.2240500030517578,-0.2240500030517578
2026-09-02,11,TSLA,long,0.0,0.1767600555419922,-0.1767600555419922
2026-09-02,11,PLTR,long,0.0,0.0860400009155273,-0.0860400009155273
2026-09-02,11,NVDA,short,0.0,0.2254400939941406,-0.2254400939941406
2026-09-02,11,TSLA,long,0.0,0.176900894165039,-0.176900894165039
2026-09-02,11,PLTR,long,0.0,0.0856350021362304,-0.0856350021362304
2026-09-02,11,NVDA,short,0.0,3.051337417602539,-3.051337417602539
2026-09-02,11,SNDK,short,0.0,3.0678798828125,-3.0678798828125
2026-09-02,11,TSLA,long,0.0,1.593850067138672,-1.593850067138672
2026-09-02,11,PLTR,long,0.0,0.0854049987792968,-0.0854049987792968
2026-09-02,11,NVDA,short,0.0,1.358880615234375,-1.358880615234375
2026-09-02,11,SNDK,short,0.0,0.7671900024414062,-0.7671900024414062
2026-09-02,11,TSLA,long,0.0,14.011597961425782,-14.011597961425782
2026-09-02,11,PLTR,long,0.0,0.0852900009155273,-0.0852900009155273
2026-09-02,11,TSLA,short,0.0,3.369877990722656,-3.369877990722656
2026-09-02,11,PLTR,long,0.0,0.0848968963623046,-0.0848968963623046
2026-09-02,11,TSLA,short,0.0,3.362525115966797,-3.362525115966797
2026-09-02,11,TSLA,long,0.0,15.927750549316409,-15.927750549316409
2026-09-02,11,TSLA,long,0.0,8.150279663085938,-8.150279663085938
2026-09-02,11,SNDK,short,0.0,0.7710050048828125,-0.7710050048828125
2026-09-02,11,TSLA,long,0.0,3.008617385864258,-3.008617385864258
2026-09-02,11,PLTR,long,0.0,12.769520324707033,-12.769520324707033
2026-09-02,11,TSLA,long,0.0,4.778864868164063,-4.778864868164063
2026-09-02,11,PLTR,long,0.0,0.0839197463989257,-0.0839197463989257
2026-09-02,11,SNDK,short,0.0,0.7726799926757812,-0.7726799926757812
2026-09-02,11,TSLA,short,0.0,2.12393994140625,-2.12393994140625
2026-09-02,11,PLTR,long,0.0,13.500934799194336,-13.500934799194336
2026-09-02,11,TSLA,short,0.0,2.1170700073242186,-2.1170700073242186
2026-09-02,11,SNDK,short,0.0,3.0761201171875,-3.0761201171875
2026-09-02,11,TSLA,long,0.0,15.87802505493164,-15.87802505493164
2026-09-02,11,TSLA,long,0.0,12.70487548828125,-12.70487548828125
2026-09-02,11,SNDK,short,0.0,0.7705,-0.7705
2026-09-02,11,PLTR,long,0.0,12.105325088500976,-12.105325088500976
2026-09-02,12,TSLA,long,0.0,3.1757398681640625,-3.1757398681640625
2026-09-02,12,PLTR,long,0.0,0.0834049987792968,-0.0834049987792968
2026-09-02,12,TSLA,short,0.0,2.2935899047851565,-2.2935899047851565
2026-09-02,12,PLTR,long,0.0,0.0832850036621093,-0.0832850036621093
2026-09-02,12,SNDK,short,0.0,0.7726799926757812,-0.7726799926757812
2026-09-02,12,TSLA,short,0.0,0.1767250061035156,-0.1767250061035156
2026-09-02,12,PLTR,long,0.0,0.0833259963989257,-0.0833259963989257
2026-09-02,12,SNDK,short,0.0,0.77285498046875,-0.77285498046875
2026-09-02,12,TSLA,short,0.0,0.1771925048828125,-0.1771925048828125
2026-09-02,12,PLTR,long,0.0,0.083537498474121,-0.083537498474121
2026-09-02,12,SNDK,short,0.0,0.77422998046875,-0.77422998046875
2026-09-02,12,TSLA,short,0.0,0.177,-0.177
2026-09-02,12,NVDA,short,0.0,1.4761175079345703,-1.4761175079345703
2026-09-02,12,PLTR,long,0.0,0.9191599731445312,-0.9191599731445312
2026-09-02,12,TSLA,short,0.0,0.1768674926757812,-0.1768674926757812
2026-09-02,12,PLTR,long,0.0,4.698122802734375,-4.698122802734375
2026-09-02,12,SNDK,short,0.0,0.7706799926757812,-0.7706799926757812
2026-09-02,12,TSLA,short,0.0,1.5874200439453126,-1.5874200439453126
2026-09-02,12,TSLA,long,0.0,3.174840087890625,-3.174840087890625
2026-09-02,12,NVDA,short,0.0,0.3410698471069336,-0.3410698471069336
2026-09-02,12,TSLA,long,0.0,3.1734854736328124,-3.1734854736328124
2026-09-02,12,PLTR,long,0.0,0.0842750015258789,-0.0842750015258789
2026-09-02,12,SNDK,short,0.0,0.7707958374023437,-0.7707958374023437
2026-09-02,12,NVDA,short,0.0,3.7405517120361327,-3.7405517120361327
2026-09-02,12,SNDK,short,0.0,0.7714099731445313,-0.7714099731445313
2026-09-02,12,NVDA,short,0.0,0.1130800018310546,-0.1130800018310546
2026-09-02,12,TSLA,short,0.0,5.467934829711914,-5.467934829711914
2026-09-02,12,PLTR,long,0.0,6.145140022277832,-6.145140022277832
2026-09-02,12,TSLA,short,0.0,0.1767725067138671,-0.1767725067138671
2026-09-02,12,SNDK,short,0.0,0.7707449951171875,-0.7707449951171875
2026-09-02,12,NVDA,short,0.0,1.3561499633789065,-1.3561499633789065
2026-09-02,12,TSLA,short,0.0,0.1771399993896484,-0.1771399993896484
2026-09-02,12,NVDA,short,0.0,0.1129400024414062,-0.1129400024414062
2026-09-02,13,TSLA,short,0.0,5.130326385498047,-5.130326385498047
2026-09-02,13,NVDA,short,0.0,0.1128949966430664,-0.1128949966430664
2026-09-02,13,TSLA,long,0.0,0.8845390319824219,-0.8845390319824219
2026-09-02,13,PLTR,long,0.0,0.2525700073242187,-0.2525700073242187
2026-09-02,13,TSLA,long,0.0,0.8851249694824219,-0.8851249694824219
2026-09-02,13,SNDK,short,0.0,0.7692550048828125,-0.7692550048828125
2026-09-02,13,TSLA,short,0.0,2.478349914550781,-2.478349914550781
2026-09-02,13,PLTR,long,0.0,4.544910049438476,-4.544910049438476
2026-09-02,13,NVDA,short,0.0,5.860426025390625,-5.860426025390625
2026-09-02,13,PLTR,long,0.0,4.789995208740234,-4.789995208740234
2026-09-02,13,SNDK,short,0.0,0.7685,-0.7685
2026-09-02,13,TSLA,short,0.0,2.472040985107422,-2.472040985107422
2026-09-02,13,NVDA,short,0.0,0.1124649963378906,-0.1124649963378906
2026-09-02,13,TSLA,long,0.0,7.592697311401367,-7.592697311401367
2026-09-02,13,TSLA,long,0.0,7.594006286621093,-7.594006286621093
2026-09-02,13,NVDA,short,0.0,0.1126025009155273,-0.1126025009155273
2026-09-02,13,SNDK,short,0.0,1.5405203857421874,-1.5405203857421874
2026-09-02,13,TSLA,short,0.0,3.532095947265625,-3.532095947265625
2026-09-02,13,PLTR,long,0.0,2.43875503540039,-2.43875503540039
2026-09-02,13,PLTR,long,0.0,0.3356400146484375,-0.3356400146484375
2026-09-02,13,TSLA,short,0.0,3.5258999633789063,-3.5258999633789063
2026-09-02,13,TSLA,long,0.0,1.7629499816894532,-1.7629499816894532
2026-09-02,13,NVDA,short,0.0,0.1124100036621093,-0.1124100036621093
2026-09-02,13,TSLA,long,0.0,1.7652999877929687,-1.7652999877929687
2026-09-02,13,SNDK,short,0.0,0.770927490234375,-0.770927490234375
2026-09-02,13,NVDA,short,0.0,0.1125074005126953,-0.1125074005126953
2026-09-02,13,PLTR,long,0.0,4.704560119628907,-4.704560119628907
2026-09-02,13,PLTR,long,0.0,1.852949966430664,-1.852949966430664
2026-09-02,13,NVDA,short,0.0,0.1127599487304687,-0.1127599487304687
2026-09-02,13,SNDK,short,0.0,1.5396800537109374,-1.5396800537109374
2026-09-02,13,SNDK,short,0.0,0.770653564453125,-0.770653564453125
2026-09-02,13,NVDA,short,0.0,0.1125299987792968,-0.1125299987792968
2026-09-02,13,TSLA,long,0.0,2.2943544006347656,-2.2943544006347656
2026-09-02,13,TSLA,long,0.0,1.942215530395508,-1.942215530395508
2026-09-02,13,PLTR,long,0.0,0.0845370025634765,-0.0845370025634765
2026-09-02,13,SNDK,short,0.0,0.7703624877929688,-0.7703624877929688
2026-09-02,13,PLTR,long,0.0,3.0514320373535155,-3.0514320373535155
2026-09-02,13,SNDK,short,0.0,0.7714874877929687,-0.7714874877929687
2026-09-02,13,NVDA,short,0.0,0.1125550003051757,-0.1125550003051757
2026-09-02,13,TSLA,long,0.0,1.7635000610351563,-1.7635000610351563
2026-09-02,13,PLTR,long,0.0,1.1913300170898438,-1.1913300170898438
2026-09-02,13,NVDA,short,0.0,0.1124287033081054,-0.1124287033081054
2026-09-02,13,SNDK,short,0.0,1.5411199951171874,-1.5411199951171874
2026-09-02,13,TSLA,long,0.0,1.0566000366210937,-1.0566000366210937
2026-09-02,14,TSLA,long,0.0,3.170340087890625,-3.170340087890625
2026-09-02,14,SNDK,short,0.0,0.769739990234375,-0.769739990234375
2026-09-02,14,NVDA,short,0.0,0.1123399963378906,-0.1123399963378906
2026-09-02,14,TSLA,short,0.0,1.9374300537109372,-1.9374300537109372
2026-09-02,14,PLTR,long,0.0,0.6790800170898438,-0.6790800170898438
2026-09-02,14,SNDK,short,0.0,0.7691649780273437,-0.7691649780273437
2026-09-02,14,NVDA,short,0.0,0.1124150009155273,-0.1124150009155273
2026-09-02,14,PLTR,short,0.0,4.753560119628906,-4.753560119628906
2026-09-02,14,PLTR,short,0.0,0.0847724990844726,-0.0847724990844726
2026-09-02,14,NVDA,short,0.0,0.1122850036621093,-0.1122850036621093
2026-09-02,14,TSLA,short,0.0,1.0575002746582032,-1.0575002746582032
2026-09-02,14,PLTR,short,0.0,0.0846480026245117,-0.0846480026245117
2026-09-02,14,SNDK,short,0.0,0.77014501953125,-0.77014501953125
2026-09-02,14,PLTR,short,0.0,4.574744934082031,-4.574744934082031
2026-09-02,14,PLTR,long,0.0,1.0166099853515624,-1.0166099853515624
2026-09-02,14,NVDA,short,0.0,1.0114654312133788,-1.0114654312133788
2026-09-02,14,TSLA,short,0.0,2.994549896240234,-2.994549896240234
2026-09-02,14,SNDK,short,0.0,0.771,-0.771
2026-09-02,14,TSLA,long,0.0,1.0568999633789062,-1.0568999633789062
2026-09-02,14,PLTR,long,0.0,2.9640625,-2.9640625
2026-09-02,14,TSLA,long,0.0,0.1760800018310546,-0.1760800018310546
2026-09-02,14,PLTR,long,0.0,3.2168899536132813,-3.2168899536132813
2026-09-02,14,NVDA,short,0.0,0.1124789962768554,-0.1124789962768554
2026-09-02,14,TSLA,long,0.0,0.8803814697265625,-0.8803814697265625
2026-09-02,14,PLTR,long,0.0,2.115937423706055,-2.115937423706055
2026-09-02,14,NVDA,short,0.0,2.138924942016601,-2.138924942016601
2026-09-02,14,SNDK,short,0.0,0.7721375122070312,-0.7721375122070312
2026-09-02,14,TSLA,long,0.0,1.2316324615478516,-1.2316324615478516
2026-09-02,14,TSLA,long,0.0,1.2338900299072266,-1.2338900299072266
2026-09-02,14,PLTR,long,0.0,0.0842699966430664,-0.0842699966430664
2026-09-02,14,SNDK,short,0.0,0.774030029296875,-0.774030029296875
2026-09-02,14,NVDA,short,0.0,0.1123600463867187,-0.1123600463867187
2026-09-02,14,TSLA,short,0.0,1.2338900299072266,-1.2338900299072266
2026-09-02,14,NVDA,short,0.0,1.685924949645996,-1.685924949645996
2026-09-02,14,PLTR,long,0.0,2.445207420349121,-2.445207420349121
2026-09-02,14,TSLA,short,0.0,1.2325950469970703,-1.2325950469970703
2026-09-02,14,NVDA,short,0.0,0.1121549987792968,-0.1121549987792968
2026-09-02,14,TSLA,long,0.0,1.5847650604248047,-1.5847650604248047
2026-09-02,15,PLTR,long,0.0,0.9270799865722656,-0.9270799865722656
2026-09-02,15,NVDA,short,0.0,0.898,-0.898
2026-09-02,15,TSLA,long,0.0,1.587375,-1.587375
2026-09-02,15,PLTR,long,0.0,0.0843174972534179,-0.0843174972534179
2026-09-02,15,SNDK,short,0.0,0.7705,-0.7705
2026-09-02,15,TSLA,short,0.0,0.1764750061035156,-0.1764750061035156
2026-09-02,15,NVDA,short,0.0,2.0199600219726563,-2.0199600219726563
2026-09-02,15,PLTR,long,0.0,4.143104171752929,-4.143104171752929
2026-09-02,15,SNDK,short,0.0,0.77,-0.77
2026-09-02,15,TSLA,short,0.0,0.1765650024414062,-0.1765650024414062
2026-09-02,15,PLTR,long,0.0,0.0846050033569335,-0.0846050033569335
2026-09-02,15,SNDK,short,0.0,0.7707474975585937,-0.7707474975585937
2026-09-02,15,NVDA,short,0.0,0.1122922973632812,-0.1122922973632812
2026-09-02,15,PLTR,short,0.0,2.7919651107788086,-2.7919651107788086
2026-09-02,15,PLTR,short,0.0,2.7904799194335936,-2.7904799194335936
2026-09-02,15,SNDK,short,0.0,0.770094970703125,-0.770094970703125
2026-09-02,15,TSLA,long,0.0,0.3527799987792969,-0.3527799987792969
2026-09-02,15,SNDK,short,0.0,0.7712849731445313,-0.7712849731445313
2026-09-02,15,NVDA,short,0.0,0.1121350021362304,-0.1121350021362304
2026-09-02,15,TSLA,long,0.0,0.1768150482177734,-0.1768150482177734
2026-09-02,15,NVDA,short,0.0,0.111995002746582,-0.111995002746582
2026-09-02,15,TSLA,long,0.0,0.1779044952392578,-0.1779044952392578
2026-09-02,15,NVDA,short,0.0,0.112125,-0.112125
2026-09-02,15,NVDA,short,0.0,14.92991463470459,-14.92991463470459
2026-09-03,9,SNDK,short,0.0,5.30760986328125,-5.30760986328125
2026-09-03,9,PLTR,long,0.0,15.967799835205078,-15.967799835205078
2026-09-03,9,PLTR,long,0.0,0.089932502746582,-0.089932502746582
2026-09-03,9,SNDK,short,0.0,2.27731494140625,-2.27731494140625
2026-09-03,9,SNDK,short,0.0,2.2913849487304687,-2.2913849487304687
2026-09-03,9,TSLA,short,0.0,4.30502507019043,-4.30502507019043
2026-09-03,9,PLTR,long,0.0,0.090307502746582,-0.090307502746582
2026-09-03,9,SNDK,short,0.0,0.7667449951171875,-0.7667449951171875
2026-09-03,9,TSLA,short,0.0,1.3210049743652343,-1.3210049743652343
2026-09-03,9,TSLA,short,0.0,5.6247001647949215,-5.6247001647949215
2026-09-03,9,TSLA,long,0.0,5.812190170288086,-5.812190170288086
2026-09-03,10,PLTR,long,0.0,10.534575386047363,-10.534575386047363
2026-09-03,10,TSLA,long,0.0,10.416,-10.416
2026-09-03,10,PLTR,long,0.0,0.0926750030517578,-0.0926750030517578
2026-09-03,10,PLTR,long,0.0,2.306624984741211,-2.306624984741211
2026-09-03,10,SNDK,short,0.0,2.286585021972656,-2.286585021972656
2026-09-03,10,PLTR,long,0.0,0.0917649993896484,-0.0917649993896484
2026-09-03,10,NVDA,short,0.0,0.2264100036621093,-0.2264100036621093
2026-09-03,10,TSLA,long,0.0,0.1899824981689453,-0.1899824981689453
2026-09-03,10,PLTR,long,0.0,1.189369972229004,-1.189369972229004
2026-09-03,10,SNDK,short,0.0,0.758260009765625,-0.758260009765625
2026-09-03,10,NVDA,short,0.0,0.113125,-0.113125
2026-09-03,10,PLTR,long,0.0,0.9111319732666016,-0.9111319732666016
2026-09-03,10,NVDA,short,0.0,0.112912498474121,-0.112912498474121
2026-09-03,11,PLTR,long,0.0,1.1804000396728516,-1.1804000396728516
2026-09-03,11,TSLA,long,0.0,0.19025,-0.19025
2026-09-03,11,TSLA,long,0.0,8.950209655761718,-8.950209655761718
2026-09-03,11,SNDK,short,0.0,1.534,-1.534
2026-09-03,11,PLTR,long,0.0,11.312520416259764,-11.312520416259764
2026-09-03,11,PLTR,long,0.0,0.1822351989746093,-0.1822351989746093
2026-09-03,11,SNDK,short,0.0,0.765385009765625,-0.765385009765625
2026-09-03,11,TSLA,long,0.0,2.8451998901367186,-2.8451998901367186
2026-09-03,11,SNDK,short,0.0,0.766719970703125,-0.766719970703125
2026-09-03,11,PLTR,long,0.0,3.566257392883301,-3.566257392883301
2026-09-03,11,TSLA,long,0.0,4.370689971923828,-4.370689971923828
2026-09-03,11,SNDK,short,0.0,0.7658350219726563,-0.7658350219726563
2026-09-03,11,PLTR,long,0.0,1.7424899826049804,-1.7424899826049804
2026-09-03,11,NVDA,long,0.0,1.475307586669922,-1.475307586669922
2026-09-03,11,NVDA,long,0.0,0.1139150009155273,-0.1139150009155273
2026-09-03,11,PLTR,long,0.0,0.091375,-0.091375
2026-09-03,11,NVDA,long,0.0,1.3651919860839845,-1.3651919860839845
2026-09-03,11,SNDK,short,0.0,1.538,-1.538
2026-09-03,11,PLTR,long,0.0,2.19443994140625,-2.19443994140625
2026-09-03,11,SNDK,short,0.0,2.3053650512695314,-2.3053650512695314
2026-09-03,11,PLTR,long,0.0,1.0054825134277343,-1.0054825134277343
2026-09-03,11,SNDK,short,0.0,3.072671630859375,-3.072671630859375
2026-09-03,11,TSLA,short,0.0,4.406914901733399,-4.406914901733399
2026-09-03,11,PLTR,long,0.0,0.0913899993896484,-0.0913899993896484
2026-09-03,11,TSLA,short,0.0,1.720307235717773,-1.720307235717773
2026-09-03,11,SNDK,short,0.0,1.538324951171875,-1.538324951171875
2026-09-03,12,SNDK,short,0.0,0.768552490234375,-0.768552490234375
2026-09-03,12,TSLA,short,0.0,2.6795999145507814,-2.6795999145507814
2026-09-03,12,PLTR,long,0.0,3.4030749435424803,-3.4030749435424803
2026-09-03,12,PLTR,long,0.0,0.0917200012207031,-0.0917200012207031
2026-09-03,12,SNDK,short,0.0,0.767989990234375,-0.767989990234375
2026-09-03,12,PLTR,long,0.0,0.0917399978637695,-0.0917399978637695
2026-09-03,12,SNDK,short,0.0,0.7702750244140625,-0.7702750244140625
2026-09-03,12,PLTR,long,0.0,0.5510850219726563,-0.5510850219726563
2026-09-03,12,SNDK,short,0.0,0.7695499877929688,-0.7695499877929688
2026-09-03,12,PLTR,long,0.0,0.0919649963378906,-0.0919649963378906
2026-09-03,12,TSLA,long,0.0,0.1912100067138671,-0.1912100067138671
2026-09-03,12,PLTR,long,0.0,6.146579856872559,-6.146579856872559
2026-09-03,12,TSLA,long,0.0,0.1911300048828125,-0.1911300048828125
2026-09-03,12,PLTR,long,0.0,4.942619934082031,-4.942619934082031
2026-09-03,12,TSLA,short,0.0,5.35164013671875,-5.35164013671875
2026-09-03,12,NVDA,long,0.0,1.1368499755859376,-1.1368499755859376
2026-09-03,12,SNDK,short,0.0,3.10302001953125,-3.10302001953125
2026-09-03,12,TSLA,short,0.0,0.1904450073242187,-0.1904450073242187
2026-09-03,12,NVDA,long,0.0,0.1138974990844726,-0.1138974990844726
2026-09-03,12,TSLA,short,0.0,2.099625,-2.099625
2026-09-03,12,SNDK,short,0.0,0.774,-0.774
2026-09-03,12,PLTR,long,0.0,9.607185173034669,-9.607185173034669
2026-09-03,12,PLTR,long,0.0,0.1830800018310547,-0.1830800018310547
2026-09-03,12,NVDA,long,0.0,0.1136149978637695,-0.1136149978637695
2026-09-03,12,SNDK,short,0.0,0.7798925170898438,-0.7798925170898438
2026-09-03,12,TSLA,short,0.0,0.1905800018310547,-0.1905800018310547
2026-09-03,13,PLTR,long,0.0,1.827550048828125,-1.827550048828125
2026-09-03,13,NVDA,long,0.0,0.1137750015258789,-0.1137750015258789
2026-09-03,13,SNDK,short,0.0,2.342655029296875,-2.342655029296875
2026-09-03,13,TSLA,short,0.0,4.772124862670898,-4.772124862670898
2026-09-03,13,PLTR,long,0.0,1.5532900466918946,-1.5532900466918946
2026-09-03,13,NVDA,long,0.0,0.1137901992797851,-0.1137901992797851
2026-09-03,13,TSLA,short,0.0,0.5735549926757812,-0.5735549926757812
2026-09-03,13,PLTR,long,0.0,0.0913949966430664,-0.0913949966430664
2026-09-03,13,NVDA,long,0.0,0.6823499908447266,-0.6823499908447266
2026-09-03,13,TSLA,short,0.0,0.1912324981689453,-0.1912324981689453
2026-09-03,13,SNDK,short,0.0,2.334659912109375,-2.334659912109375
2026-09-03,13,TSLA,short,0.0,2.103172439575195,-2.103172439575195
2026-09-03,13,PLTR,long,0.0,2.656109893798828,-2.656109893798828
2026-09-03,13,SNDK,short,0.0,0.7775,-0.7775
2026-09-03,13,PLTR,long,0.0,0.0914349975585937,-0.0914349975585937
2026-09-03,13,TSLA,short,0.0,0.1909848937988281,-0.1909848937988281
2026-09-03,13,SNDK,short,0.0,0.7757374877929688,-0.7757374877929688
2026-09-03,13,PLTR,long,0.0,0.0913899993896484,-0.0913899993896484
2026-09-03,13,SNDK,short,0.0,3.107300048828125,-3.107300048828125
2026-09-03,13,TSLA,short,0.0,3.059516845703125,-3.059516845703125
2026-09-03,13,PLTR,long,0.0,0.5491649780273438,-0.5491649780273438
2026-09-03,13,TSLA,short,0.0,0.1913099975585937,-0.1913099975585937
2026-09-03,13,SNDK,short,0.0,0.7762999877929687,-0.7762999877929687
2026-09-03,13,PLTR,long,0.0,1.007050033569336,-1.007050033569336
2026-09-03,13,TSLA,short,0.0,2.4865100555419923,-2.4865100555419923
2026-09-03,13,SNDK,short,0.0,3.108320068359375,-3.108320068359375
2026-09-03,13,PLTR,long,0.0,0.0914550018310546,-0.0914550018310546
2026-09-03,13,TSLA,short,0.0,0.1912350006103515,-0.1912350006103515
2026-09-03,13,PLTR,long,0.0,1.5569449844360352,-1.5569449844360352
2026-09-03,13,SNDK,short,0.0,0.7800000610351563,-0.7800000610351563
2026-09-03,13,TSLA,short,0.0,2.1040799865722657,-2.1040799865722657
2026-09-03,14,PLTR,long,0.0,0.0915199966430664,-0.0915199966430664
2026-09-03,14,TSLA,short,0.0,0.7649600219726562,-0.7649600219726562
2026-09-03,14,SNDK,short,0.0,0.7824500122070313,-0.7824500122070313
2026-09-03,14,NVDA,long,0.0,0.2300200042724609,-0.2300200042724609
2026-09-03,14,PLTR,long,0.0,0.6413225021362304,-0.6413225021362304
2026-09-03,14,NVDA,long,0.0,0.2302449951171875,-0.2302449951171875
2026-09-03,14,SNDK,short,0.0,2.343210021972656,-2.343210021972656
2026-09-03,14,TSLA,short,0.0,3.6375499420166015,-3.6375499420166015
2026-09-03,14,TSLA,short,0.0,0.191314956665039,-0.191314956665039
2026-09-03,14,PLTR,long,0.0,4.218015960693359,-4.218015960693359
2026-09-03,14,TSLA,short,0.0,0.1912210540771484,-0.1912210540771484
2026-09-03,14,SNDK,short,0.0,0.7811749877929688,-0.7811749877929688
2026-09-03,14,NVDA,long,0.0,3.7971450805664064,-3.7971450805664064
2026-09-03,14,PLTR,long,0.0,0.916050033569336,-0.916050033569336
2026-09-03,14,NVDA,long,0.0,0.1148824996948242,-0.1148824996948242
2026-09-03,14,TSLA,short,0.0,0.5736871490478516,-0.5736871490478516
2026-09-03,14,PLTR,long,0.0,2.5612999572753905,-2.5612999572753905
2026-09-03,14,NVDA,long,0.0,0.1148399963378906,-0.1148399963378906
2026-09-03,14,SNDK,short,0.0,3.127139892578125,-3.127139892578125
2026-09-03,14,TSLA,short,0.0,0.191115005493164,-0.191115005493164
2026-09-03,14,PLTR,long,0.0,0.0914424972534179,-0.0914424972534179
2026-09-03,14,NVDA,long,0.0,0.1149400024414062,-0.1149400024414062
2026-09-03,14,TSLA,short,0.0,0.1906699981689453,-0.1906699981689453
2026-09-03,14,NVDA,long,0.0,0.1150100021362304,-0.1150100021362304
2026-09-03,14,SNDK,short,0.0,0.7819774780273437,-0.7819774780273437
2026-09-03,14,TSLA,short,0.0,0.1907649993896484,-0.1907649993896484
2026-09-03,14,PLTR,long,0.0,1.0060050201416015,-1.0060050201416015
2026-09-03,14,TSLA,short,0.0,4.382477401733398,-4.382477401733398
2026-09-03,14,SNDK,short,0.0,0.7819425048828125,-0.7819425048828125
2026-09-03,14,PLTR,long,0.0,1.82875,-1.82875
2026-09-03,14,NVDA,long,0.0,1.0330874862670898,-1.0330874862670898
2026-09-03,14,NVDA,long,0.0,0.1149175033569336,-0.1149175033569336
2026-09-03,14,SNDK,short,0.0,1.5712249755859375,-1.5712249755859375
2026-09-03,14,TSLA,short,0.0,0.9544625091552734,-0.9544625091552734
2026-09-03,14,PLTR,long,0.0,1.9219199295043945,-1.9219199295043945
2026-09-03,14,SNDK,short,0.0,3.937074890136719,-3.937074890136719
2026-09-03,14,SNDK,long,0.0,0.7874149780273437,-0.7874149780273437
2026-09-03,14,PLTR,long,0.0,2.013550033569336,-2.013550033569336
2026-09-03,15,SNDK,long,0.0,0.7819924926757813,-0.7819924926757813
2026-09-03,15,TSLA,short,0.0,0.19047509765625,-0.19047509765625
2026-09-03,15,PLTR,long,0.0,2.567179931640625,-2.567179931640625
2026-09-03,15,PLTR,long,0.0,0.2749800109863281,-0.2749800109863281
2026-09-03,15,TSLA,short,0.0,0.1903699951171875,-0.1903699951171875
2026-09-03,15,PLTR,long,0.0,1.7415400695800782,-1.7415400695800782
2026-09-03,15,NVDA,long,0.0,1.834719970703125,-1.834719970703125
2026-09-03,15,SNDK,long,0.0,1.5479649658203125,-1.5479649658203125
2026-09-03,15,TSLA,short,0.0,2.476824920654297,-2.476824920654297
2026-09-03,15,SNDK,long,0.0,0.7723300170898437,-0.7723300170898437
2026-09-03,15,PLTR,long,0.0,0.0918399963378906,-0.0918399963378906
2026-09-03,15,NVDA,long,0.0,0.3444784469604492,-0.3444784469604492
2026-09-03,15,TSLA,short,0.0,0.3812900085449219,-0.3812900085449219
2026-09-03,15,PLTR,long,0.0,6.063420181274414,-6.063420181274414
2026-09-03,15,TSLA,short,0.0,1.1414760131835937,-1.1414760131835937
2026-09-03,15,SNDK,long,0.0,0.768780029296875,-0.768780029296875
2026-09-03,15,PLTR,long,0.0,0.0918925018310546,-0.0918925018310546
2026-09-03,15,NVDA,long,0.0,0.1147750015258789,-0.1147750015258789
2026-09-03,15,SNDK,long,0.0,1.5432099609375,-1.5432099609375
2026-09-03,15,SNDK,long,0.0,0.7700850219726563,-0.7700850219726563
2026-09-03,15,NVDA,long,0.0,0.3440324935913086,-0.3440324935913086
2026-09-03,15,TSLA,short,0.0,8.748855224609375,-8.748855224609375
2026-09-03,15,TSLA,long,0.0,1.7117325439453126,-1.7117325439453126
2026-09-03,15,SNDK,long,0.0,2.3146349487304687,-2.3146349487304687
2026-09-03,15,TSLA,long,0.0,0.1903000030517578,-0.1903000030517578
2026-09-03,15,PLTR,long,0.0,2.3774400634765627,-2.3774400634765627
2026-09-03,15,NVDA,long,0.0,0.6868949890136719,-0.6868949890136719
2026-09-03,15,TSLA,long,0.0,14.78704495239258,-14.78704495239258
2026-09-03,15,NVDA,long,0.0,0.9155999755859376,-0.9155999755859376
2026-09-03,15,TSLA,long,0.0,16.238090209960937,-16.238090209960937
2026-09-04,9,SNDK,long,0.0,5.716269897460937,-5.716269897460937
2026-09-04,9,PLTR,long,0.0,16.275104553222658,-16.275104553222658
2026-09-04,9,PLTR,long,0.0,16.285774154663088,-16.285774154663088
2026-09-04,9,PLTR,short,0.0,7.475437316894531,-7.475437316894531
2026-09-04,9,NVDA,long,0.0,1.3995599670410157,-1.3995599670410157
2026-09-04,9,SNDK,long,0.0,1.63897998046875,-1.63897998046875
2026-09-04,9,NVDA,long,0.0,1.3971000366210935,-1.3971000366210935
2026-09-04,9,PLTR,short,0.0,7.439669769287109,-7.439669769287109
2026-09-04,9,TSLA,long,0.0,16.25260055541992,-16.25260055541992
2026-09-04,9,PLTR,long,0.0,1.0628099670410156,-1.0628099670410156
2026-09-04,9,SNDK,long,0.0,4.096499938964843,-4.096499938964843
2026-09-04,9,PLTR,long,0.0,1.0631700439453124,-1.0631700439453124
2026-09-04,9,NVDA,long,0.0,5.735437812805176,-5.735437812805176
2026-09-04,9,NVDA,long,0.0,5.745372619628906,-5.745372619628906
2026-09-04,9,PLTR,short,0.0,5.848920181274414,-5.848920181274414
2026-09-04,10,PLTR,short,0.0,0.0884625015258789,-0.0884625015258789
2026-09-04,10,PLTR,short,0.0,0.0885199966430664,-0.0885199966430664
2026-09-04,10,PLTR,short,0.0,2.028829978942871,-2.028829978942871
2026-09-04,10,SNDK,short,0.0,1.6531199951171875,-1.6531199951171875
2026-09-04,10,SNDK,short,0.0,0.8331300048828125,-0.8331300048828125
2026-09-04,10,PLTR,short,0.0,0.7944299697875976,-0.7944299697875976
2026-09-04,10,TSLA,long,0.0,0.1767550048828125,-0.1767550048828125
2026-09-04,10,SNDK,short,0.0,0.831290283203125,-0.831290283203125
2026-09-04,10,PLTR,short,0.0,4.5991427612304685,-4.5991427612304685
2026-09-04,10,PLTR,long,0.0,3.8031372833251953,-3.8031372833251953
2026-09-04,10,TSLA,long,0.0,0.1766300048828125,-0.1766300048828125
2026-09-04,10,PLTR,long,0.0,3.7907725524902345,-3.7907725524902345
2026-09-04,10,PLTR,short,0.0,2.292095031738281,-2.292095031738281
2026-09-04,10,PLTR,short,0.0,1.504670036315918,-1.504670036315918
2026-09-04,10,SNDK,short,0.0,0.84289501953125,-0.84289501953125
2026-09-04,10,SNDK,short,0.0,1.6713599853515626,-1.6713599853515626
2026-09-04,10,PLTR,short,0.0,0.9691275100708008,-0.9691275100708008
2026-09-04,10,NVDA,short,0.0,0.8170400085449219,-0.8170400085449219
2026-09-04,10,TSLA,long,0.0,0.176854995727539,-0.176854995727539
2026-09-04,10,SNDK,short,0.0,2.4995549926757814,-2.4995549926757814
2026-09-04,10,NVDA,short,0.0,0.8156924743652344,-0.8156924743652344
2026-09-04,10,PLTR,short,0.0,4.13729232788086,-4.13729232788086
2026-09-04,10,PLTR,short,0.0,0.1761900024414062,-0.1761900024414062
2026-09-04,11,TSLA,long,0.0,10.096410278320311,-10.096410278320311
2026-09-04,11,PLTR,short,0.0,3.271910011291504,-3.271910011291504
2026-09-04,11,PLTR,short,0.0,2.744275047302246,-2.744275047302246
2026-09-04,11,TSLA,long,0.0,9.365894805908203,-9.365894805908203
2026-09-04,11,PLTR,short,0.0,0.1765700073242187,-0.1765700073242187
2026-09-04,11,TSLA,long,0.0,8.119920196533203,-8.119920196533203
2026-09-04,11,PLTR,short,0.0,8.18678988647461,-8.18678988647461
2026-09-04,11,TSLA,long,0.0,1.4118399658203125,-1.4118399658203125
2026-09-04,11,PLTR,short,0.0,1.2326299743652345,-1.2326299743652345
2026-09-04,11,TSLA,long,0.0,1.7656500244140625,-1.7656500244140625
2026-09-04,11,TSLA,long,0.0,0.53025,-0.53025
2026-09-04,11,PLTR,short,0.0,0.0879800033569336,-0.0879800033569336
2026-09-04,11,NVDA,short,0.0,2.3152999877929688,-2.3152999877929688
2026-09-04,11,PLTR,short,0.0,2.1946874618530274,-2.1946874618530274
2026-09-04,11,TSLA,long,0.0,2.4696069641113283,-2.4696069641113283
2026-09-04,11,TSLA,long,0.0,0.1762062530517578,-0.1762062530517578
2026-09-04,11,NVDA,short,0.0,2.3186500549316404,-2.3186500549316404
2026-09-04,11,PLTR,short,0.0,2.3709375,-2.3709375
2026-09-04,11,PLTR,short,0.0,0.0876668472290039,-0.0876668472290039
2026-09-04,11,TSLA,long,0.0,0.1759949951171875,-0.1759949951171875
2026-09-04,11,PLTR,short,0.0,6.225280021667481,-6.225280021667481
2026-09-04,11,TSLA,long,0.0,2.98957746887207,-2.98957746887207
2026-09-04,11,NVDA,short,0.0,2.7714600219726564,-2.7714600219726564
2026-09-04,12,TSLA,long,0.0,5.979579833984375,-5.979579833984375
2026-09-04,12,TSLA,long,0.0,2.8150400390625,-2.8150400390625
2026-09-04,12,PLTR,short,0.0,0.0876279525756836,-0.0876279525756836
2026-09-04,12,NVDA,short,0.0,2.0774700164794924,-2.0774700164794924
2026-09-04,12,TSLA,short,0.0,7.03760009765625,-7.03760009765625
2026-09-04,12,NVDA,short,0.0,0.6939299926757813,-0.6939299926757813
2026-09-04,12,TSLA,short,0.0,2.9931475830078127,-2.9931475830078127
2026-09-04,12,PLTR,short,0.0,2.018767478942871,-2.018767478942871
2026-09-04,12,PLTR,short,0.0,2.630025100708008,-2.630025100708008
2026-09-04,12,TSLA,short,0.0,2.643412399291992,-2.643412399291992
2026-09-04,12,TSLA,short,0.0,0.1761174926757812,-0.1761174926757812
2026-09-04,12,PLTR,short,0.0,0.0875199966430664,-0.0875199966430664
2026-09-04,12,TSLA,short,0.0,12.481800216674804,-12.481800216674804
2026-09-04,12,TSLA,long,0.0,2.637000045776367,-2.637000045776367
2026-09-04,12,NVDA,short,0.0,8.198370086669922,-8.198370086669922
2026-09-04,12,TSLA,long,0.0,2.6394749450683594,-2.6394749450683594
2026-09-04,12,PLTR,short,0.0,0.0874767532348632,-0.0874767532348632
2026-09-04,12,NVDA,short,0.0,8.205824783325195,-8.205824783325195
2026-09-04,12,TSLA,short,0.0,12.845444732666015,-12.845444732666015
2026-09-04,12,PLTR,short,0.0,0.1749450073242187,-0.1749450073242187
2026-09-04,12,TSLA,short,0.0,0.1760599975585937,-0.1760599975585937
2026-09-04,12,PLTR,short,0.0,0.0875328979492187,-0.0875328979492187
2026-09-04,12,PLTR,short,0.0,3.325759872436524,-3.325759872436524
2026-09-04,12,TSLA,short,0.0,3.520400085449219,-3.520400085449219
2026-09-04,12,TSLA,short,0.0,0.1762599945068359,-0.1762599945068359
2026-09-04,13,TSLA,short,0.0,16.01537237548828,-16.01537237548828
2026-09-04,13,TSLA,long,0.0,0.3519862060546875,-0.3519862060546875
2026-09-04,13,PLTR,short,0.0,9.007349685668943,-9.007349685668943
2026-09-04,13,NVDA,short,0.0,0.926280029296875,-0.926280029296875
2026-09-04,13,TSLA,long,0.0,0.3518800048828125,-0.3518800048828125
2026-09-04,13,PLTR,short,0.0,7.254200126647949,-7.254200126647949
2026-09-04,13,TSLA,short,0.0,10.908280151367189,-10.908280151367189
2026-09-04,13,NVDA,short,0.0,0.4630799865722656,-0.4630799865722656
2026-09-04,13,NVDA,short,0.0,1.386030029296875,-1.386030029296875
2026-09-04,13,PLTR,short,0.0,3.582272399902344,-3.582272399902344
2026-09-04,13,PLTR,short,0.0,3.321389953613281,-3.321389953613281
2026-09-04,13,TSLA,short,0.0,3.168269989013672,-3.168269989013672
2026-09-04,13,TSLA,short,0.0,4.578210174560547,-4.578210174560547
2026-09-04,13,PLTR,short,0.0,4.1903232421875,-4.1903232421875
2026-09-04,13,PLTR,short,0.0,0.0872799987792968,-0.0872799987792968
2026-09-04,13,TSLA,short,0.0,0.176042495727539,-0.176042495727539
2026-09-04,13,PLTR,short,0.0,0.6103649978637695,-0.6103649978637695
2026-09-04,13,TSLA,short,0.0,0.1760825042724609,-0.1760825042724609
2026-09-04,13,PLTR,short,0.0,5.225999908447266,-5.225999908447266
2026-09-04,13,TSLA,short,0.0,5.283000183105469,-5.283000183105469
2026-09-04,13,PLTR,short,0.0,1.4807451095581057,-1.4807451095581057
2026-09-04,13,TSLA,short,0.0,1.409800048828125,-1.409800048828125
2026-09-04,14,PLTR,short,0.0,0.0870599975585937,-0.0870599975585937
2026-09-04,14,TSLA,short,0.0,0.5281724853515625,-0.5281724853515625
2026-09-04,14,PLTR,short,0.0,0.4354249954223633,-0.4354249954223633
2026-09-04,14,TSLA,short,0.0,2.4716299743652344,-2.4716299743652344
2026-09-04,14,PLTR,short,0.0,2.4409699401855467,-2.4409699401855467
2026-09-04,14,TSLA,short,0.0,0.1768600006103515,-0.1768600006103515
2026-09-04,14,PLTR,short,0.0,0.0872300033569336,-0.0872300033569336
2026-09-04,14,TSLA,short,0.0,0.1769387054443359,-0.1769387054443359
2026-09-04,14,TSLA,short,0.0,0.3534500122070312,-0.3534500122070312
2026-09-04,14,PLTR,short,0.0,0.2621399917602539,-0.2621399917602539
2026-09-04,14,TSLA,short,0.0,6.178200149536133,-6.178200149536133
2026-09-04,14,PLTR,short,0.0,1.6611700057983398,-1.6611700057983398
2026-09-04,14,NVDA,short,0.0,2.764200073242188,-2.764200073242188
2026-09-04,14,PLTR,short,0.0,0.0871999969482421,-0.0871999969482421
2026-09-04,14,NVDA,short,0.0,2.072704559326172,-2.072704559326172
2026-09-04,14,TSLA,short,0.0,3.8898199462890624,-3.8898199462890624
2026-09-04,14,TSLA,short,0.0,5.64935986328125,-5.64935986328125
2026-09-04,14,PLTR,short,0.0,5.753880020141602,-5.753880020141602
2026-09-04,14,PLTR,short,0.0,5.495805038452149,-5.495805038452149
2026-09-04,14,NVDA,short,0.0,0.6909299926757813,-0.6909299926757813
2026-09-04,14,TSLA,short,0.0,6.184587478637695,-6.184587478637695
2026-09-04,14,TSLA,short,0.0,0.1766100006103515,-0.1766100006103515
2026-09-04,14,PLTR,short,0.0,0.0872099990844726,-0.0872099990844726
2026-09-04,14,NVDA,short,0.0,0.1152350006103515,-0.1152350006103515
2026-09-04,14,PLTR,short,0.0,4.968405052185059,-4.968405052185059
2026-09-04,14,TSLA,short,0.0,5.127489929199219,-5.127489929199219
2026-09-04,15,TSLA,short,0.0,3.897079986572266,-3.897079986572266
2026-09-04,15,NVDA,short,0.0,0.1153000030517578,-0.1153000030517578
2026-09-04,15,PLTR,short,0.0,3.9183748626708974,-3.9183748626708974
2026-09-04,15,TSLA,short,0.0,6.542340270996093,-6.542340270996093
2026-09-04,15,PLTR,short,0.0,6.610860046386719,-6.610860046386719
2026-09-04,15,PLTR,short,0.0,2.782078369140625,-2.782078369140625
2026-09-04,15,TSLA,short,0.0,2.833280029296875,-2.833280029296875
2026-09-04,15,PLTR,short,0.0,3.393390083312988,-3.393390083312988
2026-09-04,15,TSLA,short,0.0,3.36746501159668,-3.36746501159668
2026-09-04,15,PLTR,short,0.0,0.6956799926757813,-0.6956799926757813
2026-09-04,15,TSLA,short,0.0,0.7083300170898438,-0.7083300170898438
2026-09-04,15,PLTR,short,0.0,3.57171491241455,-3.57171491241455
2026-09-04,15,TSLA,short,0.0,3.5452999877929687,-3.5452999877929687
2026-09-04,15,TSLA,short,0.0,0.1773600006103515,-0.1773600006103515
2026-09-04,15,TSLA,short,0.0,10.27585723876953,-10.27585723876953
2026-09-04,15,PLTR,short,0.0,10.369654479980468,-10.369654479980468
2026-09-04,15,PLTR,short,0.0,0.086974998474121,-0.086974998474121
2026-09-04,15,TSLA,short,0.0,0.177,-0.177
2026-09-04,15,PLTR,short,0.0,0.0870449981689453,-0.0870449981689453
2026-09-04,15,TSLA,short,0.0,5.508002670288086,-5.508002670288086
2026-09-04,15,PLTR,short,0.0,16.121362838745117,-16.121362838745117
2026-09-08,9,TSLA,short,0.0,5.6030948486328125,-5.6030948486328125
2026-09-08,9,PLTR,long,0.0,16.12644966125488,-16.12644966125488
2026-09-08,9,TSLA,short,0.0,0.3593349914550781,-0.3593349914550781
2026-09-08,9,PLTR,long,0.0,4.667786911010742,-4.667786911010742
2026-09-08,9,SNDK,short,0.0,4.3625,-4.3625
2026-09-08,9,TSLA,short,0.0,0.3576799926757812,-0.3576799926757812
2026-09-08,9,PLTR,long,0.0,11.2633804397583,-11.2633804397583
2026-09-08,9,SNDK,short,0.0,4.429700012207031,-4.429700012207031
2026-09-08,9,TSLA,short,0.0,5.556395233154297,-5.556395233154297
2026-09-08,9,PLTR,short,0.0,10.145640396118164,-10.145640396118164
2026-09-08,9,NVDA,long,0.0,11.40204810333252,-11.40204810333252
2026-09-08,9,NVDA,long,0.0,5.741749954223633,-5.741749954223633
2026-09-08,9,PLTR,short,0.0,5.686724899291992,-5.686724899291992
2026-09-08,10,NVDA,long,0.0,5.62471004486084,-5.62471004486084
2026-09-08,10,PLTR,short,0.0,1.6320268249511718,-1.6320268249511718
2026-09-08,10,TSLA,long,0.0,7.023900238037109,-7.023900238037109
2026-09-08,10,TSLA,long,0.0,7.0457401428222655,-7.0457401428222655
2026-09-08,10,TSLA,short,0.0,0.7226400146484375,-0.7226400146484375
2026-09-08,10,TSLA,short,0.0,0.7230999755859375,-0.7230999755859375
2026-09-08,10,PLTR,short,0.0,9.528795135498047,-9.528795135498047
2026-09-08,10,TSLA,long,0.0,0.903874969482422,-0.903874969482422
2026-09-08,10,NVDA,long,0.0,15.929573707580566,-15.929573707580566
2026-09-08,10,PLTR,short,0.0,4.648454818725586,-4.648454818725586
2026-09-08,10,PLTR,long,0.0,3.959794845581055,-3.959794845581055
2026-09-08,10,TSLA,long,0.0,0.180929946899414,-0.180929946899414
2026-09-08,10,PLTR,long,0.0,0.0863949966430664,-0.0863949966430664
2026-09-08,10,NVDA,long,0.0,4.107329956054688,-4.107329956054688
2026-09-08,10,TSLA,long,0.0,0.1819750061035156,-0.1819750061035156
2026-09-08,10,PLTR,long,0.0,2.766639892578125,-2.766639892578125
2026-09-08,10,NVDA,long,0.0,1.482,-1.482
2026-09-08,10,TSLA,long,0.0,0.1816988983154296,-0.1816988983154296
2026-09-08,10,PLTR,long,0.0,0.0860299987792968,-0.0860299987792968
2026-09-08,10,NVDA,long,0.0,4.673180137634278,-4.673180137634278
2026-09-08,10,PLTR,long,0.0,0.0863223037719726,-0.0863223037719726
2026-09-08,10,NVDA,long,0.0,0.1138600006103515,-0.1138600006103515
2026-09-08,10,PLTR,long,0.0,0.9510050201416016,-0.9510050201416016
2026-09-08,10,TSLA,long,0.0,6.925974884033203,-6.925974884033203
2026-09-08,10,PLTR,short,0.0,8.645500183105469,-8.645500183105469
2026-09-08,10,TSLA,long,0.0,0.1822675018310547,-0.1822675018310547
2026-09-08,10,TSLA,long,0.0,0.1819100036621093,-0.1819100036621093
2026-09-08,10,NVDA,long,0.0,5.45231982421875,-5.45231982421875
2026-09-08,10,PLTR,short,0.0,5.870269958496094,-5.870269958496094
2026-09-08,10,PLTR,short,0.0,0.086349998474121,-0.086349998474121
2026-09-08,11,TSLA,long,0.0,0.1825549926757812,-0.1825549926757812
2026-09-08,11,PLTR,short,0.0,0.0861100006103515,-0.0861100006103515
2026-09-08,11,TSLA,long,0.0,1.0972203369140625,-1.0972203369140625
2026-09-08,11,PLTR,short,0.0,1.4633600311279298,-1.4633600311279298
2026-09-08,11,TSLA,long,0.0,0.1823625030517578,-0.1823625030517578
2026-09-08,11,NVDA,long,0.0,0.1135500030517578,-0.1135500030517578
2026-09-08,11,TSLA,long,0.0,0.1833249969482422,-0.1833249969482422
2026-09-08,11,PLTR,short,0.0,0.0858399963378906,-0.0858399963378906
2026-09-08,11,NVDA,long,0.0,0.1134357986450195,-0.1134357986450195
2026-09-08,11,PLTR,short,0.0,0.0856449966430664,-0.0856449966430664
2026-09-08,11,TSLA,long,0.0,0.3665400085449218,-0.3665400085449218
2026-09-08,11,PLTR,short,0.0,0.0857900009155273,-0.0857900009155273
2026-09-08,11,TSLA,long,0.0,0.1830650024414062,-0.1830650024414062
2026-09-08,11,PLTR,short,0.0,0.514875,-0.514875
2026-09-08,11,NVDA,long,0.0,0.3403799972534179,-0.3403799972534179
2026-09-08,11,TSLA,long,0.0,0.1830699462890625,-0.1830699462890625
2026-09-08,11,NVDA,long,0.0,0.1133199996948242,-0.1133199996948242
2026-09-08,11,PLTR,short,0.0,0.6860396118164063,-0.6860396118164063
2026-09-08,11,TSLA,long,0.0,0.1836000061035156,-0.1836000061035156
2026-09-08,11,PLTR,short,0.0,0.0855955505371093,-0.0855955505371093
2026-09-08,11,NVDA,long,0.0,0.113179946899414,-0.113179946899414
2026-09-08,12,TSLA,long,0.0,0.3677799987792969,-0.3677799987792969
2026-09-08,12,NVDA,long,0.0,0.1131350021362304,-0.1131350021362304
2026-09-08,12,TSLA,long,0.0,0.183814956665039,-0.183814956665039
2026-09-08,12,NVDA,long,0.0,0.1130950012207031,-0.1130950012207031
2026-09-08,12,NVDA,long,0.0,0.903677978515625,-0.903677978515625
2026-09-08,12,TSLA,long,0.0,0.5514002838134766,-0.5514002838134766
2026-09-08,12,NVDA,long,0.0,0.1130299987792968,-0.1130299987792968
2026-09-08,12,PLTR,short,0.0,0.0856650009155273,-0.0856650009155273
2026-09-08,12,TSLA,long,0.0,0.18375,-0.18375
2026-09-08,12,PLTR,short,0.0,0.0855299987792968,-0.0855299987792968
2026-09-08,12,NVDA,long,0.0,0.2258899993896484,-0.2258899993896484
2026-09-08,12,TSLA,long,0.0,3.866204910278321,-3.866204910278321
2026-09-08,12,NVDA,long,0.0,0.1129850006103515,-0.1129850006103515
2026-09-08,12,SNDK,long,0.0,0.8992224731445313,-0.8992224731445313
2026-09-08,12,PLTR,short,0.0,0.2560199890136719,-0.2560199890136719
2026-09-08,12,NVDA,long,0.0,3.723554969787598,-3.723554969787598
2026-09-08,12,NVDA,long,0.0,0.1128249969482421,-0.1128249969482421
2026-09-08,12,PLTR,short,0.0,0.0854349975585937,-0.0854349975585937
2026-09-08,12,PLTR,short,0.0,0.1712899932861328,-0.1712899932861328
2026-09-08,12,NVDA,long,0.0,0.2260303039550781,-0.2260303039550781
2026-09-08,12,NVDA,long,0.0,0.1129199981689453,-0.1129199981689453
2026-09-08,12,PLTR,short,0.0,0.0858199996948242,-0.0858199996948242
2026-09-08,12,PLTR,short,0.0,0.0859049987792968,-0.0859049987792968
2026-09-08,12,NVDA,long,0.0,0.791,-0.791
2026-09-08,13,NVDA,long,0.0,0.112875,-0.112875
2026-09-08,13,PLTR,short,0.0,0.085868896484375,-0.085868896484375
2026-09-08,13,PLTR,short,0.0,0.1717301025390625,-0.1717301025390625
2026-09-08,13,NVDA,long,0.0,0.9051483764648436,-0.9051483764648436
2026-09-08,13,PLTR,short,0.0,0.0860400009155273,-0.0860400009155273
2026-09-08,13,NVDA,long,0.0,2.3738054122924805,-2.3738054122924805
2026-09-08,13,SNDK,long,0.0,1.7838138427734376,-1.7838138427734376
2026-09-08,13,PLTR,short,0.0,1.2891749954223632,-1.2891749954223632
2026-09-08,13,SNDK,long,0.0,0.8923699951171875,-0.8923699951171875
2026-09-08,13,PLTR,short,0.0,1.2905250549316407,-1.2905250549316407
2026-09-08,13,NVDA,long,0.0,0.5643875122070312,-0.5643875122070312
2026-09-08,13,TSLA,short,0.0,0.9188124847412108,-0.9188124847412108
2026-09-08,13,SNDK,long,0.0,0.8924774780273438,-0.8924774780273438
2026-09-08,13,TSLA,short,0.0,0.1836349945068359,-0.1836349945068359
2026-09-08,13,NVDA,long,0.0,0.9045399780273438,-0.9045399780273438
2026-09-08,13,TSLA,short,0.0,0.7331199951171875,-0.7331199951171875
2026-09-08,13,PLTR,short,0.0,0.0858949966430664,-0.0858949966430664
2026-09-08,13,TSLA,long,0.0,0.3665599975585937,-0.3665599975585937
2026-09-08,13,NVDA,long,0.0,0.564744987487793,-0.564744987487793
2026-09-08,13,SNDK,long,0.0,0.893530029296875,-0.893530029296875
2026-09-08,13,TSLA,long,0.0,0.183300048828125,-0.183300048828125
2026-09-08,13,NVDA,long,0.0,0.112995002746582,-0.112995002746582
2026-09-08,13,TSLA,long,0.0,0.1832274932861328,-0.1832274932861328
2026-09-08,13,NVDA,long,0.0,3.1655400085449217,-3.1655400085449217
2026-09-08,13,TSLA,short,0.0,3.664549865722656,-3.664549865722656
2026-09-08,13,PLTR,short,0.0,0.0859100036621093,-0.0859100036621093
2026-09-08,14,TSLA,short,0.0,3.6579721069335935,-3.6579721069335935
2026-09-08,14,PLTR,short,0.0,0.0858824996948242,-0.0858824996948242
2026-09-08,14,NVDA,long,0.0,4.515324096679688,-4.515324096679688
2026-09-08,14,NVDA,long,0.0,2.8236249923706054,-2.8236249923706054
2026-09-08,14,PLTR,short,0.0,0.0858274993896484,-0.0858274993896484
2026-09-08,14,TSLA,short,0.0,2.38020248413086,-2.38020248413086
2026-09-08,14,NVDA,long,0.0,0.1129824981689453,-0.1129824981689453
2026-09-08,14,TSLA,short,0.0,0.1829850006103515,-0.1829850006103515
2026-09-08,14,PLTR,short,0.0,0.0858300018310546,-0.0858300018310546
2026-09-08,14,NVDA,long,0.0,0.7906149978637695,-0.7906149978637695
2026-09-08,14,NVDA,long,0.0,3.2765650177001957,-3.2765650177001957
2026-09-08,14,TSLA,short,0.0,3.113634979248047,-3.113634979248047
2026-09-08,14,TSLA,short,0.0,5.308885070800781,-5.308885070800781
2026-09-08,14,NVDA,long,0.0,5.421719970703125,-5.421719970703125
2026-09-08,14,NVDA,long,0.0,1.582560012817383,-1.582560012817383
2026-09-08,14,TSLA,long,0.0,1.4623199462890626,-1.4623199462890626
2026-09-08,14,NVDA,long,0.0,0.5653625106811524,-0.5653625106811524
2026-09-08,14,PLTR,short,0.0,0.0855,-0.0855
2026-09-08,14,TSLA,long,0.0,0.1829349975585937,-0.1829349975585937
2026-09-08,14,TSLA,long,0.0,1.282609970092773,-1.282609970092773
2026-09-08,14,TSLA,short,0.0,0.9161499786376952,-0.9161499786376952
2026-09-08,14,NVDA,long,0.0,1.4662700119018557,-1.4662700119018557
2026-09-08,14,TSLA,short,0.0,0.914875030517578,-0.914875030517578
2026-09-08,14,TSLA,long,0.0,3.659500122070313,-3.659500122070313
2026-09-08,14,PLTR,short,0.0,0.0851600036621093,-0.0851600036621093
2026-09-08,14,PLTR,short,0.0,3.1602624435424804,-3.1602624435424804
2026-09-08,14,NVDA,long,0.0,2.7107999267578125,-2.7107999267578125
2026-09-08,15,TSLA,long,0.0,2.0186649932861327,-2.0186649932861327
2026-09-08,15,PLTR,short,0.0,1.3656800537109377,-1.3656800537109377
2026-09-08,15,NVDA,long,0.0,0.902719970703125,-0.902719970703125
2026-09-08,15,TSLA,long,0.0,0.917062530517578,-0.917062530517578
2026-09-08,15,NVDA,long,0.0,0.7894946517944336,-0.7894946517944336
2026-09-08,15,PLTR,short,0.0,1.7061700439453125,-1.7061700439453125
2026-09-08,15,NVDA,long,0.0,0.1127549972534179,-0.1127549972534179
2026-09-08,15,NVDA,long,0.0,1.466107452392578,-1.466107452392578
2026-09-08,15,SNDK,long,0.0,0.8902999877929687,-0.8902999877929687
2026-09-08,15,PLTR,short,0.0,5.877075210571289,-5.877075210571289
2026-09-08,15,TSLA,long,0.0,6.418649978637696,-6.418649978637696
2026-09-08,15,SNDK,long,0.0,0.8854849853515625,-0.8854849853515625
2026-09-08,15,TSLA,long,0.0,5.87039990234375,-5.87039990234375
2026-09-08,15,NVDA,long,0.0,0.112745002746582,-0.112745002746582
2026-09-08,15,PLTR,short,0.0,5.963825149536133,-5.963825149536133
2026-09-08,15,NVDA,long,0.0,0.6766500091552734,-0.6766500091552734
2026-09-08,15,PLTR,short,0.0,0.0852811965942382,-0.0852811965942382
2026-09-08,15,TSLA,long,0.0,0.9206999969482422,-0.9206999969482422
2026-09-08,15,NVDA,long,0.0,2.709899963378906,-2.709899963378906
2026-09-08,15,TSLA,long,0.0,3.49628498840332,-3.49628498840332
2026-09-08,15,TSLA,long,0.0,0.183990005493164,-0.183990005493164
2026-09-08,15,PLTR,short,0.0,0.0851399993896484,-0.0851399993896484
2026-09-08,15,TSLA,long,0.0,0.1842599945068359,-0.1842599945068359
2026-09-08,15,TSLA,long,0.0,5.338828933715821,-5.338828933715821
2026-09-08,15,PLTR,short,0.0,15.999740631103515,-15.999740631103515
2026-09-09,9,SNDK,long,0.0,1.7353564453125,-1.7353564453125
2026-09-09,9,TSLA,short,0.0,3.739249877929688,-3.739249877929688
2026-09-09,9,PLTR,short,0.0,16.030759368896483,-16.030759368896483
2026-09-09,9,SNDK,long,0.0,1.7318900146484375,-1.7318900146484375
2026-09-09,9,TSLA,short,0.0,1.6730550384521483,-1.6730550384521483
2026-09-09,9,TSLA,short,0.0,5.417707641601562,-5.417707641601562
2026-09-09,9,PLTR,short,0.0,10.19219970703125,-10.19219970703125
2026-09-09,9,TSLA,long,0.0,15.879487915039062,-15.879487915039062
2026-09-09,9,PLTR,short,0.0,0.0850400009155273,-0.0850400009155273
2026-09-09,9,PLTR,short,0.0,0.1690500030517578,-0.1690500030517578
2026-09-09,9,TSLA,long,0.0,0.1856949462890625,-0.1856949462890625
2026-09-09,10,TSLA,long,0.0,0.1858049926757812,-0.1858049926757812
2026-09-09,10,PLTR,short,0.0,0.0844274978637695,-0.0844274978637695
2026-09-09,10,PLTR,short,0.0,0.1689299926757812,-0.1689299926757812
2026-09-09,10,TSLA,long,0.0,0.1863999938964843,-0.1863999938964843
2026-09-09,10,PLTR,short,0.0,0.0852099533081054,-0.0852099533081054
2026-09-09,10,PLTR,short,0.0,0.2575800018310547,-0.2575800018310547
2026-09-09,10,TSLA,long,0.0,0.1858569946289062,-0.1858569946289062
2026-09-09,10,TSLA,long,0.0,0.1858775024414062,-0.1858775024414062
2026-09-09,10,TSLA,long,0.0,8.025304763793946,-8.025304763793946
2026-09-09,10,PLTR,short,0.0,8.289862648010255,-8.289862648010255
2026-09-09,10,TSLA,long,0.0,2.0528199462890626,-2.0528199462890626
2026-09-09,10,PLTR,short,0.0,2.0505,-2.0505
2026-09-09,11,PLTR,short,0.0,3.6605898818969727,-3.6605898818969727
2026-09-09,11,TSLA,long,0.0,3.88589241027832,-3.88589241027832
2026-09-09,11,PLTR,short,0.0,0.0850149536132812,-0.0850149536132812
2026-09-09,11,PLTR,short,0.0,1.0194600219726562,-1.0194600219726562
2026-09-09,11,TSLA,long,0.0,0.9213522338867188,-0.9213522338867188
2026-09-09,11,PLTR,short,0.0,5.617920181274414,-5.617920181274414
2026-09-09,11,TSLA,long,0.0,5.526225128173828,-5.526225128173828
2026-09-09,11,PLTR,short,0.0,0.0851350021362304,-0.0851350021362304
2026-09-09,11,TSLA,long,0.0,2.21618994140625,-2.21618994140625
2026-09-09,11,PLTR,short,0.0,2.2239932098388677,-2.2239932098388677
2026-09-09,11,TSLA,long,0.0,7.979251800537109,-7.979251800537109
2026-09-09,11,PLTR,short,0.0,8.05415525817871,-8.05415525817871
2026-09-09,11,TSLA,long,0.0,0.1850843048095703,-0.1850843048095703
2026-09-09,11,PLTR,short,0.0,0.0852050018310546,-0.0852050018310546
2026-09-09,11,TSLA,long,0.0,0.3702449951171875,-0.3702449951171875
2026-09-09,11,TSLA,long,0.0,0.1853027954101562,-0.1853027954101562
2026-09-09,12,TSLA,long,0.0,0.1853099975585937,-0.1853099975585937
2026-09-09,12,PLTR,short,0.0,0.2560650100708008,-0.2560650100708008
2026-09-09,12,PLTR,short,0.0,3.923685028076172,-3.923685028076172
2026-09-09,12,TSLA,long,0.0,4.0691748657226565,-4.0691748657226565
2026-09-09,12,PLTR,short,0.0,0.0853000030517578,-0.0853000030517578
2026-09-09,12,TSLA,long,0.0,1.106280029296875,-1.106280029296875
2026-09-09,12,PLTR,short,0.0,1.107794952392578,-1.107794952392578
2026-09-09,12,TSLA,long,0.0,2.7684750366210937,-2.7684750366210937
2026-09-09,12,PLTR,short,0.0,2.8991798858642577,-2.8991798858642577
2026-09-09,12,PLTR,short,0.0,0.0853550033569335,-0.0853550033569335
2026-09-09,12,TSLA,long,0.0,0.5540700073242187,-0.5540700073242187
2026-09-09,12,PLTR,short,0.0,0.0853399963378906,-0.0853399963378906
2026-09-09,12,PLTR,short,0.0,0.0854449996948242,-0.0854449996948242
2026-09-09,12,TSLA,long,0.0,0.5535824890136719,-0.5535824890136719
2026-09-09,13,TSLA,long,0.0,0.1844049987792968,-0.1844049987792968
2026-09-09,13,TSLA,long,0.0,0.1842225036621093,-0.1842225036621093
2026-09-09,13,TSLA,long,0.0,0.3684500122070313,-0.3684500122070313
2026-09-09,13,TSLA,long,0.0,0.1842649993896484,-0.1842649993896484
2026-09-09,13,TSLA,long,0.0,0.1841750030517578,-0.1841750030517578
2026-09-09,13,TSLA,long,0.0,0.9227625274658204,-0.9227625274658204
2026-09-09,13,TSLA,long,0.0,0.9221624755859374,-0.9221624755859374
2026-09-09,13,PLTR,short,0.0,0.085307502746582,-0.085307502746582
2026-09-09,13,TSLA,long,0.0,0.1844299926757812,-0.1844299926757812
2026-09-09,13,PLTR,short,0.0,0.0854899978637695,-0.0854899978637695
2026-09-09,13,TSLA,long,0.0,1.47452001953125,-1.47452001953125
2026-09-09,13,SNDK,long,0.0,0.88825,-0.88825
2026-09-09,13,TSLA,long,0.0,0.5533499908447266,-0.5533499908447266
2026-09-09,13,SNDK,long,0.0,0.8891325073242188,-0.8891325073242188
2026-09-09,13,PLTR,short,0.0,0.0853150024414062,-0.0853150024414062
2026-09-09,14,PLTR,short,0.0,0.0853274993896484,-0.0853274993896484
2026-09-09,14,SNDK,long,0.0,0.8845900268554687,-0.8845900268554687
2026-09-09,14,TSLA,long,0.0,0.3687300109863281,-0.3687300109863281
2026-09-09,14,TSLA,long,0.0,0.9204499816894532,-0.9204499816894532
2026-09-09,14,PLTR,short,0.0,0.0852699966430664,-0.0852699966430664
2026-09-09,14,TSLA,long,0.0,0.1844049987792968,-0.1844049987792968
2026-09-09,14,TSLA,long,0.0,0.184677505493164,-0.184677505493164
2026-09-09,14,SNDK,long,0.0,0.884094970703125,-0.884094970703125
2026-09-09,14,TSLA,long,0.0,1.2937225341796874,-1.2937225341796874
2026-09-09,14,TSLA,long,0.0,0.1844349975585937,-0.1844349975585937
2026-09-09,14,TSLA,long,0.0,0.184167495727539,-0.184167495727539
2026-09-09,15,PLTR,short,0.0,0.0850150527954101,-0.0850150527954101
2026-09-09,15,PLTR,short,0.0,0.0850800476074218,-0.0850800476074218
2026-09-09,15,TSLA,long,0.0,0.184542495727539,-0.184542495727539
2026-09-09,15,TSLA,long,0.0,0.1845774993896484,-0.1845774993896484
2026-09-09,15,PLTR,short,0.0,0.0850049972534179,-0.0850049972534179
2026-09-09,15,PLTR,short,0.0,0.0850449981689453,-0.0850449981689453
2026-09-09,15,TSLA,long,0.0,5.703690170288086,-5.703690170288086
2026-09-09,15,PLTR,short,0.0,15.96402017211914,-15.96402017211914
2026-09-10,9,PLTR,short,0.0,5.3148798828125,-5.3148798828125
2026-09-10,9,NVDA,short,0.0,15.971669509887697,-15.971669509887697
2026-09-10,9,NVDA,short,0.0,15.988460311889648,-15.988460311889648
2026-09-10,9,SNDK,long,0.0,0.8534849853515625,-0.8534849853515625
2026-09-10,9,TSLA,short,0.0,10.51676043701172,-10.51676043701172
2026-09-10,9,PLTR,short,0.0,4.894639945983887,-4.894639945983887
2026-09-10,9,SNDK,long,0.0,0.8525150146484375,-0.8525150146484375
2026-09-10,9,PLTR,short,0.0,4.562799949645996,-4.562799949645996
2026-09-10,9,TSLA,short,0.0,5.298147689819336,-5.298147689819336
2026-09-10,9,TSLA,short,0.0,10.25835986328125,-10.25835986328125
2026-09-10,9,PLTR,short,0.0,5.719344116210937,-5.719344116210937
2026-09-10,9,PLTR,long,0.0,15.812304321289062,-15.812304321289062
2026-09-10,9,TSLA,short,0.0,5.678890075683594,-5.678890075683594
2026-09-10,9,PLTR,long,0.0,0.0836549987792968,-0.0836549987792968
2026-09-10,9,NVDA,short,0.0,5.00470783996582,-5.00470783996582
2026-09-10,10,PLTR,long,0.0,1.5088499450683597,-1.5088499450683597
2026-09-10,10,NVDA,short,0.0,2.0652999420166016,-2.0652999420166016
2026-09-10,10,PLTR,long,0.0,13.616091842651366,-13.616091842651366
2026-09-10,10,NVDA,short,0.0,7.091175079345703,-7.091175079345703
2026-09-10,10,SNDK,long,0.0,2.547,-2.547
2026-09-10,10,TSLA,short,0.0,14.366429809570311,-14.366429809570311
2026-09-10,10,TSLA,short,0.0,11.931725158691409,-11.931725158691409
2026-09-10,10,PLTR,long,0.0,1.33752001953125,-1.33752001953125
2026-09-10,10,NVDA,short,0.0,14.291785972595214,-14.291785972595214
2026-09-10,10,PLTR,long,0.0,0.7537050247192383,-0.7537050247192383
2026-09-10,10,TSLA,short,0.0,2.377927444458008,-2.377927444458008
2026-09-10,10,NVDA,short,0.0,0.1089899978637695,-0.1089899978637695
2026-09-10,10,TSLA,long,0.0,3.292514923095703,-3.292514923095703
2026-09-10,10,SNDK,long,0.0,0.8451875,-0.8451875
2026-09-10,10,PLTR,long,0.0,1.33689599609375,-1.33689599609375
2026-09-10,10,NVDA,short,0.0,2.399925033569336,-2.399925033569336
2026-09-10,10,TSLA,long,0.0,3.837277359008789,-3.837277359008789
2026-09-10,10,SNDK,long,0.0,0.852135009765625,-0.852135009765625
2026-09-10,10,TSLA,long,0.0,0.1833450012207031,-0.1833450012207031
2026-09-10,10,NVDA,short,0.0,9.408614685058591,-9.408614685058591
2026-09-10,10,NVDA,short,0.0,0.1091149978637695,-0.1091149978637695
2026-09-10,10,TSLA,long,0.0,1.2818574829101563,-1.2818574829101563
2026-09-10,10,PLTR,short,0.0,9.893710144042968,-9.893710144042968
2026-09-10,10,SNDK,long,0.0,0.8518674926757812,-0.8518674926757812
2026-09-10,10,PLTR,short,0.0,0.4189274978637695,-0.4189274978637695
2026-09-10,10,NVDA,short,0.0,1.0898999786376953,-1.0898999786376953
2026-09-10,10,TSLA,long,0.0,2.387385055541992,-2.387385055541992
2026-09-10,10,TSLA,long,0.0,0.1843699951171875,-0.1843699951171875
2026-09-10,10,PLTR,short,0.0,9.535505241394045,-9.535505241394045
2026-09-10,10,SNDK,long,0.0,0.8504041748046876,-0.8504041748046876
2026-09-10,10,NVDA,short,0.0,4.694309921264648,-4.694309921264648
2026-09-10,10,NVDA,short,0.0,0.1091600036621093,-0.1091600036621093
2026-09-10,10,PLTR,short,0.0,4.044359985351562,-4.044359985351562
2026-09-10,10,NVDA,short,0.0,2.834284652709961,-2.834284652709961
2026-09-10,10,PLTR,short,0.0,3.028050109863281,-3.028050109863281
2026-09-10,10,SNDK,long,0.0,0.848,-0.848
2026-09-10,10,TSLA,long,0.0,2.0226800537109373,-2.0226800537109373
2026-09-10,10,PLTR,short,0.0,1.4305500259399415,-1.4305500259399415
2026-09-10,10,NVDA,short,0.0,0.545,-0.545
2026-09-10,11,TSLA,long,0.0,1.1028000183105469,-1.1028000183105469
2026-09-10,11,NVDA,short,0.0,0.1090749969482421,-0.1090749969482421
2026-09-10,11,PLTR,short,0.0,1.7672549743652344,-1.7672549743652344
2026-09-10,11,TSLA,long,0.0,7.309299926757813,-7.309299926757813
2026-09-10,11,PLTR,short,0.0,0.0839000015258789,-0.0839000015258789
2026-09-10,11,NVDA,short,0.0,0.1090650024414062,-0.1090650024414062
2026-09-10,11,SNDK,long,0.0,0.8477640991210937,-0.8477640991210937
2026-09-10,11,TSLA,short,0.0,6.943834930419922,-6.943834930419922
2026-09-10,11,TSLA,short,0.0,6.953620208740235,-6.953620208740235
2026-09-10,11,SNDK,long,0.0,0.84964501953125,-0.84964501953125
2026-09-10,11,TSLA,long,0.0,4.208770126342773,-4.208770126342773
2026-09-10,11,PLTR,short,0.0,0.3338399963378906,-0.3338399963378906
2026-09-10,11,NVDA,short,0.0,1.200539993286133,-1.200539993286133
2026-09-10,11,TSLA,long,0.0,0.9159999847412108,-0.9159999847412108
2026-09-10,11,NVDA,short,0.0,0.5458000183105469,-0.5458000183105469
2026-09-10,11,PLTR,short,0.0,1.9214200210571288,-1.9214200210571288
2026-09-10,11,SNDK,long,0.0,0.84764501953125,-0.84764501953125
2026-09-10,11,NVDA,short,0.0,1.743991943359375,-1.743991943359375
2026-09-10,11,TSLA,long,0.0,0.3658599853515625,-0.3658599853515625
2026-09-10,11,PLTR,short,0.0,1.4229850311279295,-1.4229850311279295
2026-09-10,11,TSLA,long,0.0,0.1829049987792968,-0.1829049987792968
2026-09-10,11,PLTR,short,0.0,1.089659996032715,-1.089659996032715
2026-09-10,11,SNDK,long,0.0,0.847382080078125,-0.847382080078125
2026-09-10,11,NVDA,short,0.0,0.7632099914550782,-0.7632099914550782
2026-09-10,11,TSLA,long,0.0,0.1830401458740234,-0.1830401458740234
2026-09-10,11,PLTR,short,0.0,0.0837474975585937,-0.0837474975585937
2026-09-10,11,NVDA,short,0.0,0.1090718002319336,-0.1090718002319336
2026-09-10,11,SNDK,long,0.0,0.8472849731445312,-0.8472849731445312
2026-09-10,11,TSLA,long,0.0,0.1827200012207031,-0.1827200012207031
2026-09-10,11,NVDA,short,0.0,2.1841999816894533,-2.1841999816894533
2026-09-10,11,PLTR,short,0.0,3.101155090332031,-3.101155090332031
2026-09-10,11,SNDK,long,0.0,0.8482525024414063,-0.8482525024414063
2026-09-10,11,TSLA,long,0.0,3.118054885864258,-3.118054885864258
2026-09-10,11,NVDA,short,0.0,2.7341875076293944,-2.7341875076293944
2026-09-10,11,PLTR,short,0.0,1.2534375,-1.2534375
2026-09-10,11,SNDK,long,0.0,0.8489788208007812,-0.8489788208007812
2026-09-10,11,NVDA,short,0.0,0.984870002746582,-0.984870002746582
2026-09-10,11,SNDK,long,0.0,0.8486099853515625,-0.8486099853515625
2026-09-10,11,PLTR,short,0.0,0.0835124969482421,-0.0835124969482421
2026-09-10,12,PLTR,short,0.0,0.0834000015258789,-0.0834000015258789
2026-09-10,12,NVDA,short,0.0,0.3281699981689453,-0.3281699981689453
2026-09-10,12,SNDK,long,0.0,0.8485775146484374,-0.8485775146484374
2026-09-10,12,PLTR,short,0.0,0.0835,-0.0835
2026-09-10,12,TSLA,long,0.0,0.7322943725585938,-0.7322943725585938
2026-09-10,12,SNDK,long,0.0,0.846405029296875,-0.846405029296875
2026-09-10,12,TSLA,long,0.0,0.1831799926757812,-0.1831799926757812
2026-09-10,12,PLTR,short,0.0,1.0039200439453124,-1.0039200439453124
2026-09-10,12,NVDA,short,0.0,0.1091650009155273,-0.1091650009155273
2026-09-10,12,SNDK,long,0.0,0.8463674926757813,-0.8463674926757813
2026-09-10,12,SNDK,long,0.0,0.8424949951171875,-0.8424949951171875
2026-09-10,12,TSLA,long,0.0,0.1831800537109375,-0.1831800537109375
2026-09-10,12,PLTR,short,0.0,0.0835199966430664,-0.0835199966430664
2026-09-10,12,TSLA,long,0.0,0.1831000061035156,-0.1831000061035156
2026-09-10,12,NVDA,short,0.0,0.1090999984741211,-0.1090999984741211
2026-09-10,12,PLTR,short,0.0,1.6722900390625,-1.6722900390625
2026-09-10,12,SNDK,long,0.0,0.841094970703125,-0.841094970703125
2026-09-10,12,PLTR,short,0.0,0.0834574966430664,-0.0834574966430664
2026-09-10,12,NVDA,short,0.0,0.108875,-0.108875
2026-09-10,12,TSLA,long,0.0,0.3661000061035156,-0.3661000061035156
2026-09-10,12,NVDA,short,0.0,0.2178849945068359,-0.2178849945068359
2026-09-10,12,TSLA,long,0.0,0.3657449951171875,-0.3657449951171875
2026-09-10,12,TSLA,long,0.0,0.1832024993896484,-0.1832024993896484
2026-09-10,12,PLTR,short,0.0,0.4167532348632812,-0.4167532348632812
2026-09-10,12,TSLA,long,0.0,0.183375,-0.183375
2026-09-10,12,NVDA,short,0.0,1.638299217224121,-1.638299217224121
2026-09-10,12,SNDK,long,0.0,0.8419949951171875,-0.8419949951171875
2026-09-10,12,PLTR,short,0.0,0.6673400268554688,-0.6673400268554688
2026-09-10,12,SNDK,long,0.0,0.841552490234375,-0.841552490234375
2026-09-10,12,NVDA,short,0.0,0.983519989013672,-0.983519989013672
2026-09-10,12,TSLA,long,0.0,1.8317500305175785,-1.8317500305175785
2026-09-10,12,TSLA,long,0.0,0.7322000122070312,-0.7322000122070312
2026-09-10,13,TSLA,long,0.0,0.1829075012207031,-0.1829075012207031
2026-09-10,13,TSLA,long,0.0,1.0986449890136718,-1.0986449890136718
2026-09-10,13,PLTR,short,0.0,0.0832324981689453,-0.0832324981689453
2026-09-10,13,NVDA,short,0.0,0.9845549697875976,-0.9845549697875976
2026-09-10,13,TSLA,long,0.0,0.182979995727539,-0.182979995727539
2026-09-10,13,PLTR,short,0.0,0.0831699981689453,-0.0831699981689453
2026-09-10,13,NVDA,short,0.0,0.1094550018310547,-0.1094550018310547
2026-09-10,13,SNDK,long,0.0,0.8488200073242187,-0.8488200073242187
2026-09-10,13,PLTR,short,0.0,0.0830832977294921,-0.0830832977294921
2026-09-10,13,PLTR,short,0.0,0.9148150100708008,-0.9148150100708008
2026-09-10,13,NVDA,short,0.0,0.984578384399414,-0.984578384399414
2026-09-10,13,TSLA,long,0.0,1.6489800109863282,-1.6489800109863282
2026-09-10,13,PLTR,short,0.0,0.083120002746582,-0.083120002746582
2026-09-10,13,SNDK,long,0.0,0.8488800048828125,-0.8488800048828125
2026-09-10,13,NVDA,short,0.0,0.3279299926757812,-0.3279299926757812
2026-09-10,13,NVDA,short,0.0,0.5467124938964844,-0.5467124938964844
2026-09-10,13,PLTR,short,0.0,0.0830500030517578,-0.0830500030517578
2026-09-10,13,NVDA,short,0.0,0.109245002746582,-0.109245002746582
2026-09-10,13,PLTR,short,0.0,0.0829000015258789,-0.0829000015258789
2026-09-10,13,NVDA,short,0.0,1.0908000183105468,-1.0908000183105468
2026-09-10,13,PLTR,short,0.0,0.0830149993896484,-0.0830149993896484
2026-09-10,13,NVDA,short,0.0,0.7642852096557617,-0.7642852096557617
2026-09-10,13,PLTR,short,0.0,0.0829550018310546,-0.0829550018310546
2026-09-10,13,SNDK,long,0.0,0.8535,-0.8535
2026-09-10,13,PLTR,short,0.0,0.1660299987792968,-0.1660299987792968
2026-09-10,13,NVDA,short,0.0,0.1093084030151367,-0.1093084030151367
2026-09-10,13,TSLA,long,0.0,0.9161000061035156,-0.9161000061035156
2026-09-10,14,TSLA,long,0.0,1.0963649597167968,-1.0963649597167968
2026-09-10,14,SNDK,long,0.0,1.70775,-1.70775
2026-09-10,14,NVDA,short,0.0,3.709568298339844,-3.709568298339844
2026-09-10,14,TSLA,long,0.0,4.202128707885742,-4.202128707885742
2026-09-10,14,PLTR,short,0.0,0.3316400146484375,-0.3316400146484375
2026-09-10,14,TSLA,long,0.0,0.91375,-0.91375
2026-09-10,14,TSLA,long,0.0,0.1827799987792968,-0.1827799987792968
2026-09-10,14,TSLA,long,0.0,1.828249969482422,-1.828249969482422
2026-09-10,14,NVDA,short,0.0,1.8544449844360351,-1.8544449844360351
2026-09-10,14,TSLA,long,0.0,0.18291064453125,-0.18291064453125
2026-09-10,14,PLTR,short,0.0,0.0829300003051757,-0.0829300003051757
2026-09-10,14,NVDA,short,0.0,0.1090150527954101,-0.1090150527954101
2026-09-10,14,TSLA,long,0.0,0.182818603515625,-0.182818603515625
2026-09-10,14,PLTR,short,0.0,0.0830404968261718,-0.0830404968261718
2026-09-10,14,NVDA,short,0.0,0.4357999877929687,-0.4357999877929687
2026-09-10,14,TSLA,long,0.0,0.5490010528564453,-0.5490010528564453
2026-09-10,14,NVDA,short,0.0,0.872280029296875,-0.872280029296875
2026-09-10,14,NVDA,short,0.0,0.1089599990844726,-0.1089599990844726
2026-09-10,14,TSLA,long,0.0,1.648890060424805,-1.648890060424805
2026-09-10,14,PLTR,short,0.0,0.0832675018310546,-0.0832675018310546
2026-09-10,14,NVDA,short,0.0,0.1090899963378906,-0.1090899963378906
2026-09-10,14,SNDK,long,0.0,0.8556400146484375,-0.8556400146484375
2026-09-10,15,NVDA,short,0.0,0.218229995727539,-0.218229995727539
2026-09-10,15,TSLA,long,0.0,1.0988099670410156,-1.0988099670410156
2026-09-10,15,TSLA,long,0.0,0.182729995727539,-0.182729995727539
2026-09-10,15,PLTR,short,0.0,0.0831275024414062,-0.0831275024414062
2026-09-10,15,NVDA,short,0.0,0.5448457336425782,-0.5448457336425782
2026-09-10,15,TSLA,long,0.0,0.5489625091552734,-0.5489625091552734
2026-09-10,15,PLTR,short,0.0,0.0831100006103515,-0.0831100006103515
2026-09-10,15,NVDA,short,0.0,1.3079544067382811,-1.3079544067382811
2026-09-10,15,TSLA,long,0.0,0.1824100036621093,-0.1824100036621093
2026-09-10,15,SNDK,long,0.0,0.8514349975585938,-0.8514349975585938
2026-09-10,15,PLTR,short,0.0,0.0830800018310546,-0.0830800018310546
2026-09-10,15,NVDA,short,0.0,3.053679931640625,-3.053679931640625
2026-09-10,15,TSLA,long,0.0,3.64010009765625,-3.64010009765625
2026-09-10,15,TSLA,long,0.0,0.182104995727539,-0.182104995727539
2026-09-10,15,NVDA,short,0.0,0.3273375091552734,-0.3273375091552734
2026-09-10,15,PLTR,short,0.0,0.7483049697875976,-0.7483049697875976
2026-09-10,15,PLTR,short,0.0,1.0780900039672852,-1.0780900039672852
2026-09-10,15,TSLA,long,0.0,1.2738599700927735,-1.2738599700927735
2026-09-10,15,TSLA,long,0.0,2.186399963378906,-2.186399963378906
2026-09-10,15,PLTR,short,0.0,2.2387806243896486,-2.2387806243896486
2026-09-10,15,TSLA,long,0.0,5.628824905395508,-5.628824905395508
2026-09-10,15,PLTR,short,0.0,15.866369941711426,-15.866369941711426
2026-09-11,9,SNDK,long,0.0,7.547579956054688,-7.547579956054688
2026-09-11,9,NVDA,short,0.0,13.516469924926758,-13.516469924926758
2026-09-11,9,SNDK,long,0.0,2.49081005859375,-2.49081005859375
2026-09-11,9,NVDA,short,0.0,0.1098143997192382,-0.1098143997192382
2026-09-11,9,PLTR,long,0.0,2.7481113052368165,-2.7481113052368165
2026-09-11,9,SNDK,long,0.0,0.8250850219726562,-0.8250850219726562
2026-09-11,9,PLTR,long,0.0,0.8295500183105469,-0.8295500183105469
2026-09-11,9,SNDK,long,0.0,3.3178701171875,-3.3178701171875
2026-09-11,9,NVDA,short,0.0,0.1098899993896484,-0.1098899993896484
2026-09-11,9,TSLA,short,0.0,3.491392639160156,-3.491392639160156
2026-09-11,9,PLTR,long,0.0,3.021659912109375,-3.021659912109375
2026-09-11,9,TSLA,short,0.0,0.1824924926757812,-0.1824924926757812
2026-09-11,9,NVDA,short,0.0,2.3221800384521485,-2.3221800384521485
2026-09-11,10,PLTR,long,0.0,0.5898725128173828,-0.5898725128173828
2026-09-11,10,TSLA,short,0.0,3.314789978027344,-3.314789978027344
2026-09-11,10,NVDA,short,0.0,0.1108150024414062,-0.1108150024414062
2026-09-11,10,SNDK,long,0.0,0.815,-0.815
2026-09-11,10,TSLA,long,0.0,3.130634979248047,-3.130634979248047
2026-09-11,10,PLTR,short,0.0,0.9265574798583984,-0.9265574798583984
2026-09-11,10,SNDK,long,0.0,0.8144199829101563,-0.8144199829101563
2026-09-11,10,PLTR,short,0.0,0.925418472290039,-0.925418472290039
2026-09-11,10,NVDA,short,0.0,0.1106900024414062,-0.1106900024414062
2026-09-11,10,TSLA,long,0.0,0.9173374938964844,-0.9173374938964844
2026-09-11,10,TSLA,long,0.0,0.1825000457763672,-0.1825000457763672
2026-09-11,10,NVDA,short,0.0,0.1105849990844726,-0.1105849990844726
2026-09-11,10,SNDK,long,0.0,0.81858251953125,-0.81858251953125
2026-09-11,10,NVDA,short,0.0,0.1106350021362304,-0.1106350021362304
2026-09-11,10,TSLA,long,0.0,0.3637101135253906,-0.3637101135253906
2026-09-11,10,SNDK,long,0.0,0.821375,-0.821375
2026-09-11,10,SNDK,long,0.0,0.8197150268554687,-0.8197150268554687
2026-09-11,10,TSLA,long,0.0,0.1820650024414062,-0.1820650024414062
2026-09-11,10,NVDA,short,0.0,0.1100549011230468,-0.1100549011230468
2026-09-11,10,SNDK,long,0.0,1.63381494140625,-1.63381494140625
2026-09-11,10,TSLA,long,0.0,0.1823925018310546,-0.1823925018310546
2026-09-11,10,NVDA,short,0.0,0.1098899993896484,-0.1098899993896484
2026-09-11,10,NVDA,short,0.0,0.2199700012207031,-0.2199700012207031
2026-09-11,10,PLTR,short,0.0,1.0801375198364258,-1.0801375198364258
2026-09-11,10,SNDK,long,0.0,0.8152349853515625,-0.8152349853515625
2026-09-11,10,TSLA,long,0.0,0.182490005493164,-0.182490005493164
2026-09-11,10,NVDA,short,0.0,0.8785,-0.8785
2026-09-11,10,PLTR,short,0.0,0.996780029296875,-0.996780029296875
2026-09-11,11,TSLA,long,0.0,0.1823999938964843,-0.1823999938964843
2026-09-11,11,PLTR,short,0.0,0.91025,-0.91025
2026-09-11,11,NVDA,short,0.0,0.1097249984741211,-0.1097249984741211
2026-09-11,11,SNDK,long,0.0,1.6349849853515626,-1.6349849853515626
2026-09-11,11,TSLA,long,0.0,3.104072479248047,-3.104072479248047
2026-09-11,11,NVDA,short,0.0,3.191160026550293,-3.191160026550293
2026-09-11,11,SNDK,long,0.0,1.6374849853515625,-1.6374849853515625
2026-09-11,11,PLTR,short,0.0,4.719885017395019,-4.719885017395019
2026-09-11,11,SNDK,long,0.0,1.6350400390625,-1.6350400390625
2026-09-11,11,TSLA,long,0.0,0.1828999938964843,-0.1828999938964843
2026-09-11,11,NVDA,short,0.0,0.1100715026855468,-0.1100715026855468
2026-09-11,11,PLTR,short,0.0,1.9896000366210935,-1.9896000366210935
2026-09-11,11,TSLA,long,0.0,0.3657257080078125,-0.3657257080078125
2026-09-11,11,TSLA,long,0.0,0.1835650024414062,-0.1835650024414062
2026-09-11,11,PLTR,short,0.0,0.1658495941162109,-0.1658495941162109
2026-09-11,11,NVDA,short,0.0,1.981686538696289,-1.981686538696289
2026-09-11,11,SNDK,long,0.0,1.631421142578125,-1.631421142578125
2026-09-11,11,TSLA,long,0.0,0.1827350006103515,-0.1827350006103515
2026-09-11,11,PLTR,short,0.0,0.1666699981689453,-0.1666699981689453
2026-09-11,11,NVDA,short,0.0,0.6604499816894531,-0.6604499816894531
2026-09-11,11,SNDK,long,0.0,0.8210075073242188,-0.8210075073242188
2026-09-11,11,TSLA,long,0.0,0.183115005493164,-0.183115005493164
2026-09-11,11,NVDA,short,0.0,0.1100899963378906,-0.1100899963378906
2026-09-11,11,PLTR,short,0.0,0.7500599670410156,-0.7500599670410156
2026-09-11,11,PLTR,short,0.0,0.6674400024414062,-0.6674400024414062
2026-09-11,11,PLTR,short,0.0,0.083370002746582,-0.083370002746582
2026-09-11,11,NVDA,short,0.0,0.65925,-0.65925
2026-09-11,11,NVDA,short,0.0,0.3293550109863281,-0.3293550109863281
2026-09-11,11,TSLA,long,0.0,0.1827250061035156,-0.1827250061035156
2026-09-11,11,PLTR,short,0.0,0.2503125,-0.2503125
2026-09-11,11,TSLA,long,0.0,0.1821849975585937,-0.1821849975585937
2026-09-11,11,PLTR,short,0.0,1.6667999267578124,-1.6667999267578124
2026-09-11,11,NVDA,short,0.0,0.109870002746582,-0.109870002746582
2026-09-11,11,SNDK,long,0.0,1.647280029296875,-1.647280029296875
2026-09-11,11,PLTR,short,0.0,0.4991999816894531,-0.4991999816894531
2026-09-11,11,NVDA,short,0.0,1.4274650039672852,-1.4274650039672852
2026-09-11,12,SNDK,long,0.0,0.8202750244140625,-0.8202750244140625
2026-09-11,12,PLTR,short,0.0,1.3305999755859377,-1.3305999755859377
2026-09-11,12,NVDA,short,0.0,0.1098399963378906,-0.1098399963378906
2026-09-11,12,TSLA,long,0.0,1.2781299743652343,-1.2781299743652343
2026-09-11,12,TSLA,long,0.0,0.1831800537109375,-0.1831800537109375
2026-09-11,12,NVDA,short,0.0,0.1099700012207031,-0.1099700012207031
2026-09-11,12,NVDA,short,0.0,0.1099350509643554,-0.1099350509643554
2026-09-11,12,TSLA,long,0.0,0.3654700012207031,-0.3654700012207031
2026-09-11,12,PLTR,short,0.0,0.7514550247192383,-0.7514550247192383
2026-09-11,12,PLTR,short,0.0,5.582272315979004,-5.582272315979004
2026-09-11,12,TSLA,long,0.0,1.459219970703125,-1.459219970703125
2026-09-11,12,NVDA,short,0.0,1.3156499633789065,-1.3156499633789065
2026-09-11,12,PLTR,short,0.0,8.091982559204101,-8.091982559204101
2026-09-11,12,SNDK,long,0.0,0.816150634765625,-0.816150634765625
2026-09-11,12,PLTR,short,0.0,0.4999499816894531,-0.4999499816894531
2026-09-11,12,NVDA,short,0.0,0.1096050033569336,-0.1096050033569336
2026-09-11,12,TSLA,long,0.0,1.0930350036621097,-1.0930350036621097
2026-09-11,12,SNDK,long,0.0,0.81277001953125,-0.81277001953125
2026-09-11,12,TSLA,long,0.0,0.1825152435302734,-0.1825152435302734
2026-09-11,12,PLTR,short,0.0,0.0832300033569335,-0.0832300033569335
2026-09-11,12,TSLA,long,0.0,0.182875,-0.182875
2026-09-11,12,PLTR,short,0.0,0.0833600006103515,-0.0833600006103515
2026-09-11,12,SNDK,long,0.0,0.8145,-0.8145
2026-09-11,12,NVDA,short,0.0,0.5478625106811523,-0.5478625106811523
2026-09-11,12,TSLA,long,0.0,0.1824349975585937,-0.1824349975585937
2026-09-11,12,NVDA,short,0.0,0.1093799972534179,-0.1093799972534179
2026-09-11,12,NVDA,short,0.0,0.109557502746582,-0.109557502746582
2026-09-11,12,TSLA,long,0.0,0.1826900024414062,-0.1826900024414062
2026-09-11,12,PLTR,short,0.0,0.2499000091552734,-0.2499000091552734
2026-09-11,12,SNDK,long,0.0,0.8134974975585938,-0.8134974975585938
2026-09-11,12,NVDA,short,0.0,0.1094824981689453,-0.1094824981689453
2026-09-11,12,TSLA,long,0.0,0.73043798828125,-0.73043798828125
2026-09-11,12,PLTR,short,0.0,0.0834418487548828,-0.0834418487548828
2026-09-11,12,TSLA,long,0.0,1.2794424743652344,-1.2794424743652344
2026-09-11,12,SNDK,long,0.0,1.631030029296875,-1.631030029296875
2026-09-11,13,PLTR,short,0.0,0.0833399963378906,-0.0833399963378906
2026-09-11,13,NVDA,short,0.0,0.4382200012207031,-0.4382200012207031
2026-09-11,13,SNDK,long,0.0,0.8161199951171875,-0.8161199951171875
2026-09-11,13,SNDK,long,0.0,0.8167210083007812,-0.8167210083007812
2026-09-11,13,TSLA,long,0.0,0.1823724975585937,-0.1823724975585937
2026-09-11,13,NVDA,short,0.0,0.1095274963378906,-0.1095274963378906
2026-09-11,13,PLTR,short,0.0,1.0006799926757812,-1.0006799926757812
2026-09-11,13,PLTR,short,0.0,0.2501025009155273,-0.2501025009155273
2026-09-11,13,NVDA,short,0.0,0.1095599975585937,-0.1095599975585937
2026-09-11,13,SNDK,long,0.0,0.817155029296875,-0.817155029296875
2026-09-11,13,PLTR,short,0.0,0.0833874969482421,-0.0833874969482421
2026-09-11,13,NVDA,short,0.0,0.8759400024414062,-0.8759400024414062
2026-09-11,13,SNDK,long,0.0,0.8170075073242188,-0.8170075073242188
2026-09-11,13,NVDA,short,0.0,2.193394012451172,-2.193394012451172
2026-09-11,13,PLTR,short,0.0,3.0095101318359374,-3.0095101318359374
2026-09-11,13,PLTR,short,0.0,1.6705999755859375,-1.6705999755859375
2026-09-11,13,SNDK,long,0.0,2.4540750732421874,-2.4540750732421874
2026-09-11,13,PLTR,short,0.0,1.3353599853515623,-1.3353599853515623
2026-09-11,13,NVDA,short,0.0,1.3155359802246094,-1.3155359802246094
2026-09-11,13,SNDK,long,0.0,1.631155029296875,-1.631155029296875
2026-09-11,13,NVDA,short,0.0,0.1096100006103515,-0.1096100006103515
2026-09-11,13,PLTR,short,0.0,1.2531749725341796,-1.2531749725341796
2026-09-11,13,PLTR,short,0.0,0.5840625,-0.5840625
2026-09-11,13,NVDA,short,0.0,0.1095350036621093,-0.1095350036621093
2026-09-11,13,SNDK,long,0.0,0.8172349853515625,-0.8172349853515625
2026-09-11,13,SNDK,long,0.0,0.817907470703125,-0.817907470703125
2026-09-11,13,NVDA,short,0.0,0.7675500106811524,-0.7675500106811524
2026-09-11,13,PLTR,short,0.0,1.0860200119018557,-1.0860200119018557
2026-09-11,13,PLTR,short,0.0,0.3340491943359375,-0.3340491943359375
2026-09-11,13,SNDK,long,0.0,0.8191211547851562,-0.8191211547851562
2026-09-11,13,SNDK,long,0.0,0.818114990234375,-0.818114990234375
2026-09-11,13,NVDA,short,0.0,0.1096297531127929,-0.1096297531127929
2026-09-11,13,PLTR,short,0.0,0.4175,-0.4175
2026-09-11,14,NVDA,short,0.0,0.6574199981689454,-0.6574199981689454
2026-09-11,14,PLTR,short,0.0,0.667219970703125,-0.667219970703125
2026-09-11,14,NVDA,short,0.0,0.87652001953125,-0.87652001953125
2026-09-11,14,SNDK,long,0.0,1.6372249755859376,-1.6372249755859376
2026-09-11,14,SNDK,long,0.0,0.8168049926757812,-0.8168049926757812
2026-09-11,14,NVDA,short,0.0,0.1095999984741211,-0.1095999984741211
2026-09-11,14,PLTR,short,0.0,0.6692000122070313,-0.6692000122070313
2026-09-11,14,SNDK,long,0.0,0.8161425170898438,-0.8161425170898438
2026-09-11,14,PLTR,short,0.0,0.083620002746582,-0.083620002746582
2026-09-11,14,NVDA,short,0.0,0.1095936965942382,-0.1095936965942382
2026-09-11,14,NVDA,short,0.0,0.2192799987792968,-0.2192799987792968
2026-09-11,14,SNDK,long,0.0,0.817407470703125,-0.817407470703125
2026-09-11,14,PLTR,short,0.0,0.083620002746582,-0.083620002746582
2026-09-11,14,PLTR,short,0.0,0.7526024780273437,-0.7526024780273437
2026-09-11,14,NVDA,short,0.0,2.8588949127197267,-2.8588949127197267
2026-09-11,14,PLTR,short,0.0,2.7644098892211915,-2.7644098892211915
2026-09-11,14,SNDK,long,0.0,0.8172575073242188,-0.8172575073242188
2026-09-11,14,PLTR,short,0.0,4.769756973266602,-4.769756973266602
2026-09-11,14,NVDA,short,0.0,4.833840026855468,-4.833840026855468
2026-09-11,14,SNDK,long,0.0,0.8179849853515625,-0.8179849853515625
2026-09-11,14,NVDA,short,0.0,0.1098274993896484,-0.1098274993896484
2026-09-11,14,PLTR,short,0.0,0.8363999938964843,-0.8363999938964843
2026-09-11,14,TSLA,long,0.0,0.9107749938964844,-0.9107749938964844
2026-09-11,14,SNDK,long,0.0,0.817,-0.817
2026-09-11,14,TSLA,long,0.0,0.9111000061035156,-0.9111000061035156
2026-09-11,14,NVDA,short,0.0,0.8770800170898437,-0.8770800170898437
2026-09-11,14,PLTR,short,0.0,1.6738999938964845,-1.6738999938964845
2026-09-11,15,NVDA,short,0.0,0.5483499908447266,-0.5483499908447266
2026-09-11,15,SNDK,long,0.0,0.81610498046875,-0.81610498046875
2026-09-11,15,PLTR,short,0.0,0.0837600021362304,-0.0837600021362304
2026-09-11,15,SNDK,long,0.0,0.815,-0.815
2026-09-11,15,NVDA,short,0.0,2.740250015258789,-2.740250015258789
2026-09-11,15,PLTR,short,0.0,3.188009872436524,-3.188009872436524
2026-09-11,15,PLTR,short,0.0,5.940215065002441,-5.940215065002441
2026-09-11,15,SNDK,long,0.0,2.446905029296875,-2.446905029296875
2026-09-11,15,TSLA,long,0.0,1.2752774658203123,-1.2752774658203123
2026-09-11,15,NVDA,short,0.0,3.064110076904297,-3.064110076904297
2026-09-11,15,SNDK,long,0.0,0.8145700073242188,-0.8145700073242188
2026-09-11,15,TSLA,long,0.0,0.7300999755859375,-0.7300999755859375
2026-09-11,15,PLTR,short,0.0,0.66952001953125,-0.66952001953125
2026-09-11,15,TSLA,long,0.0,0.1824125061035156,-0.1824125061035156
2026-09-11,15,NVDA,short,0.0,2.956432434082031,-2.956432434082031
2026-09-11,15,PLTR,short,0.0,3.8525,-3.8525
2026-09-11,15,TSLA,long,0.0,0.3643800048828125,-0.3643800048828125
2026-09-11,15,PLTR,short,0.0,0.5872124786376953,-0.5872124786376953
2026-09-11,15,PLTR,short,0.0,1.6770500183105468,-1.6770500183105468
2026-09-11,15,SNDK,long,0.0,1.6328199462890625,-1.6328199462890625
2026-09-11,15,NVDA,short,0.0,0.1092300033569336,-0.1092300033569336
2026-09-11,15,SNDK,long,0.0,3.26564990234375,-3.26564990234375
2026-09-11,15,NVDA,short,0.0,0.1092425003051757,-0.1092425003051757
2026-09-11,15,PLTR,short,0.0,2.514749908447265,-2.514749908447265
2026-09-11,15,NVDA,short,0.0,0.5468999862670898,-0.5468999862670898
2026-09-11,15,SNDK,long,0.0,0.8172849731445313,-0.8172849731445313
2026-09-11,15,SNDK,long,0.0,2.45143505859375,-2.45143505859375
2026-09-11,15,PLTR,short,0.0,15.576570510864258,-15.576570510864258
2026-09-11,15,NVDA,short,0.0,2.624159912109375,-2.624159912109375
2026-09-14,9,TSLA,short,0.0,15.52656723022461,-15.52656723022461
2026-09-14,9,NVDA,short,0.0,5.556254951477051,-5.556254951477051
2026-09-14,9,TSLA,short,0.0,0.1808500061035156,-0.1808500061035156
2026-09-14,9,TSLA,short,0.0,0.180865005493164,-0.180865005493164
2026-09-14,9,NVDA,short,0.0,0.1049300003051757,-0.1049300003051757
2026-09-14,9,PLTR,short,0.0,0.5851650085449219,-0.5851650085449219
2026-09-14,9,TSLA,short,0.0,14.969256942749023,-14.969256942749023
2026-09-14,9,PLTR,short,0.0,11.306924629211426,-11.306924629211426
2026-09-14,9,NVDA,short,0.0,3.909234954833984,-3.909234954833984
2026-09-14,9,PLTR,short,0.0,0.0842249984741211,-0.0842249984741211
2026-09-14,9,NVDA,short,0.0,0.1053349990844726,-0.1053349990844726
2026-09-14,10,PLTR,short,0.0,3.956342399597168,-3.956342399597168
2026-09-14,10,NVDA,short,0.0,3.688824882507325,-3.688824882507325
2026-09-14,10,PLTR,short,0.0,7.875555114746094,-7.875555114746094
2026-09-14,10,NVDA,short,0.0,0.7376950149536132,-0.7376950149536132
2026-09-14,10,SNDK,long,0.0,0.7766025390625,-0.7766025390625
2026-09-14,10,TSLA,short,0.0,2.5264400939941405,-2.5264400939941405
2026-09-14,10,NVDA,short,0.0,1.9028250274658205,-1.9028250274658205
2026-09-14,10,PLTR,short,0.0,0.7535924835205078,-0.7535924835205078
2026-09-14,10,NVDA,short,0.0,0.1053450012207031,-0.1053450012207031
2026-09-14,10,TSLA,short,0.0,0.1787449951171875,-0.1787449951171875
2026-09-14,10,PLTR,short,0.0,0.1670200042724609,-0.1670200042724609
2026-09-14,10,NVDA,short,0.0,0.1051175003051757,-0.1051175003051757
2026-09-14,10,SNDK,long,0.0,1.557844970703125,-1.557844970703125
2026-09-14,10,TSLA,short,0.0,2.328895965576172,-2.328895965576172
2026-09-14,10,SNDK,long,0.0,0.776697509765625,-0.776697509765625
2026-09-14,10,NVDA,short,0.0,1.3710125198364258,-1.3710125198364258
2026-09-14,10,PLTR,short,0.0,4.12825,-4.12825
2026-09-14,10,PLTR,short,0.0,2.858294906616211,-2.858294906616211
2026-09-14,10,NVDA,short,0.0,1.4728700256347655,-1.4728700256347655
2026-09-14,10,SNDK,long,0.0,0.77783251953125,-0.77783251953125
2026-09-14,10,SNDK,long,0.0,1.546630126953125,-1.546630126953125
2026-09-14,10,PLTR,short,0.0,0.6776599731445313,-0.6776599731445313
2026-09-14,10,PLTR,short,0.0,0.3390401916503906,-0.3390401916503906
2026-09-14,11,PLTR,short,0.0,0.0849199981689453,-0.0849199981689453
2026-09-14,11,PLTR,short,0.0,0.254625,-0.254625
2026-09-14,11,NVDA,short,0.0,0.1051747512817382,-0.1051747512817382
2026-09-14,11,SNDK,long,0.0,0.7663925170898438,-0.7663925170898438
2026-09-14,11,SNDK,long,0.0,0.7664949951171875,-0.7664949951171875
2026-09-14,11,NVDA,short,0.0,1.7924800415039062,-1.7924800415039062
2026-09-14,11,PLTR,short,0.0,0.0856900024414062,-0.0856900024414062
2026-09-14,11,SNDK,long,0.0,1.5321400146484374,-1.5321400146484374
2026-09-14,11,NVDA,short,0.0,0.4214599914550781,-0.4214599914550781
2026-09-14,11,SNDK,long,0.0,0.7657999877929688,-0.7657999877929688
2026-09-14,11,PLTR,short,0.0,0.0857624969482421,-0.0857624969482421
2026-09-14,11,NVDA,short,0.0,0.1056299972534179,-0.1056299972534179
2026-09-14,11,PLTR,short,0.0,2.3907800598144533,-2.3907800598144533
2026-09-14,11,NVDA,short,0.0,0.105724998474121,-0.105724998474121
2026-09-14,11,TSLA,long,0.0,1.2604024658203126,-1.2604024658203126
2026-09-14,11,PLTR,short,0.0,2.5773001098632813,-2.5773001098632813
2026-09-14,11,SNDK,long,0.0,0.7712949829101563,-0.7712949829101563
2026-09-14,11,PLTR,short,0.0,2.573580093383789,-2.573580093383789
2026-09-14,11,TSLA,long,0.0,3.266639923095703,-3.266639923095703
2026-09-14,11,NVDA,short,0.0,0.1060287475585937,-0.1060287475585937
2026-09-14,11,TSLA,long,0.0,0.3636799926757812,-0.3636799926757812
2026-09-14,11,NVDA,short,0.0,0.5297624969482422,-0.5297624969482422
2026-09-14,12,NVDA,short,0.0,1.0608999633789062,-1.0608999633789062
2026-09-14,12,TSLA,long,0.0,1.2711107482910156,-1.2711107482910156
2026-09-14,12,SNDK,long,0.0,0.765885009765625,-0.765885009765625
2026-09-14,12,NVDA,short,0.0,0.1060164489746093,-0.1060164489746093
2026-09-14,12,TSLA,long,0.0,0.3639100036621093,-0.3639100036621093
2026-09-14,12,TSLA,long,0.0,0.1814450531005859,-0.1814450531005859
2026-09-14,12,SNDK,long,0.0,0.7641300048828125,-0.7641300048828125
2026-09-14,12,SNDK,long,0.0,0.768,-0.768
2026-09-14,12,TSLA,long,0.0,0.1812368927001953,-0.1812368927001953
2026-09-14,12,NVDA,short,0.0,1.164349983215332,-1.164349983215332
2026-09-14,12,PLTR,short,0.0,1.4666324844360352,-1.4666324844360352
2026-09-14,12,TSLA,long,0.0,2.0007349395751954,-2.0007349395751954
2026-09-14,12,PLTR,short,0.0,2.773919921875,-2.773919921875
2026-09-14,12,SNDK,long,0.0,1.5456600341796876,-1.5456600341796876
2026-09-14,12,TSLA,long,0.0,0.181775146484375,-0.181775146484375
2026-09-14,12,PLTR,short,0.0,0.4339125061035156,-0.4339125061035156
2026-09-14,12,NVDA,short,0.0,1.69552001953125,-1.69552001953125
2026-09-14,12,TSLA,long,0.0,0.1816446533203125,-0.1816446533203125
2026-09-14,12,PLTR,short,0.0,0.0866924972534179,-0.0866924972534179
2026-09-14,12,NVDA,short,0.0,0.5294250106811523,-0.5294250106811523
2026-09-14,12,TSLA,long,0.0,0.5443949890136719,-0.5443949890136719
2026-09-14,12,PLTR,short,0.0,0.0866769027709961,-0.0866769027709961
2026-09-14,12,SNDK,long,0.0,0.7716849975585938,-0.7716849975585938
2026-09-14,12,PLTR,short,0.0,3.6225,-3.6225
2026-09-14,12,SNDK,long,0.0,0.7729625244140625,-0.7729625244140625
2026-09-14,12,TSLA,long,0.0,0.7253499755859375,-0.7253499755859375
2026-09-14,12,NVDA,short,0.0,2.0118624420166014,-2.0118624420166014
2026-09-14,12,SNDK,long,0.0,0.7735599975585937,-0.7735599975585937
2026-09-14,12,NVDA,short,0.0,0.3177824935913086,-0.3177824935913086
2026-09-14,12,TSLA,long,0.0,2.3626849365234377,-2.3626849365234377
2026-09-14,12,NVDA,short,0.0,0.1061343994140625,-0.1061343994140625
2026-09-14,12,PLTR,short,0.0,3.104460021972656,-3.104460021972656
2026-09-14,12,PLTR,short,0.0,0.0860800018310546,-0.0860800018310546
2026-09-14,13,TSLA,long,0.0,0.7255499877929688,-0.7255499877929688
2026-09-14,13,PLTR,short,0.0,0.8636499786376953,-0.8636499786376953
2026-09-14,13,SNDK,long,0.0,0.7795,-0.7795
2026-09-14,13,TSLA,long,0.0,0.1813249969482422,-0.1813249969482422
2026-09-14,13,TSLA,long,0.0,0.1812774963378906,-0.1812774963378906
2026-09-14,13,NVDA,short,0.0,0.1060350036621093,-0.1060350036621093
2026-09-14,13,PLTR,short,0.0,0.8634999847412109,-0.8634999847412109
2026-09-14,13,TSLA,long,0.0,0.5442750091552735,-0.5442750091552735
2026-09-14,13,NVDA,short,0.0,0.1061750030517578,-0.1061750030517578
2026-09-14,13,PLTR,short,0.0,0.6051149978637695,-0.6051149978637695
2026-09-14,13,PLTR,short,0.0,0.6065500106811523,-0.6065500106811523
2026-09-14,13,NVDA,short,0.0,2.1258999633789064,-2.1258999633789064
2026-09-14,13,TSLA,long,0.0,2.721449890136719,-2.721449890136719
2026-09-14,13,PLTR,short,0.0,0.0865149993896484,-0.0865149993896484
2026-09-14,13,NVDA,short,0.0,0.1062099990844726,-0.1062099990844726
2026-09-14,13,NVDA,short,0.0,0.2124600067138672,-0.2124600067138672
2026-09-14,13,PLTR,short,0.0,0.0866299972534179,-0.0866299972534179
2026-09-14,13,NVDA,short,0.0,0.1062874984741211,-0.1062874984741211
2026-09-14,14,PLTR,short,0.0,0.0866175003051757,-0.0866175003051757
2026-09-14,14,NVDA,short,0.0,0.1062099990844726,-0.1062099990844726
2026-09-14,14,NVDA,short,0.0,0.1061432037353515,-0.1061432037353515
2026-09-14,14,PLTR,short,0.0,0.1731199951171875,-0.1731199951171875
2026-09-14,14,PLTR,short,0.0,0.0865524978637695,-0.0865524978637695
2026-09-14,14,NVDA,short,0.0,0.1062699966430664,-0.1062699966430664
2026-09-14,14,TSLA,long,0.0,0.1808450012207031,-0.1808450012207031
2026-09-14,14,TSLA,long,0.0,0.1807225036621093,-0.1807225036621093
2026-09-14,14,PLTR,short,0.0,0.0865224990844726,-0.0865224990844726
2026-09-14,14,NVDA,short,0.0,0.1062300033569336,-0.1062300033569336
2026-09-14,14,PLTR,short,0.0,1.2083050384521483,-1.2083050384521483
2026-09-14,14,NVDA,short,0.0,0.1061149978637695,-0.1061149978637695
2026-09-14,14,TSLA,long,0.0,1.6248375549316407,-1.6248375549316407
2026-09-14,14,TSLA,long,0.0,0.7221799926757813,-0.7221799926757813
2026-09-14,14,PLTR,short,0.0,0.086349998474121,-0.086349998474121
2026-09-14,14,NVDA,short,0.0,0.1060924987792968,-0.1060924987792968
2026-09-14,14,SNDK,long,0.0,0.78254248046875,-0.78254248046875
2026-09-14,14,PLTR,short,0.0,0.3453999938964843,-0.3453999938964843
2026-09-14,14,TSLA,long,0.0,0.1804521942138671,-0.1804521942138671
2026-09-14,14,PLTR,short,0.0,0.0864349975585937,-0.0864349975585937
2026-09-14,14,NVDA,short,0.0,0.1061399993896484,-0.1061399993896484
2026-09-14,14,TSLA,long,0.0,0.1803849945068359,-0.1803849945068359
2026-09-14,14,PLTR,short,0.0,0.0863649978637695,-0.0863649978637695
2026-09-14,14,NVDA,short,0.0,0.1062074966430664,-0.1062074966430664
2026-09-14,14,SNDK,long,0.0,0.7819974975585937,-0.7819974975585937
2026-09-14,14,TSLA,long,0.0,0.5413049926757812,-0.5413049926757812
2026-09-14,14,PLTR,short,0.0,0.0865699996948242,-0.0865699996948242
2026-09-14,14,NVDA,short,0.0,1.168199966430664,-1.168199966430664
2026-09-14,14,TSLA,long,0.0,0.3609400024414062,-0.3609400024414062
2026-09-14,14,SNDK,long,0.0,0.7819649658203125,-0.7819649658203125
2026-09-14,14,PLTR,short,0.0,0.4327750015258789,-0.4327750015258789
2026-09-14,14,TSLA,long,0.0,0.1804149932861328,-0.1804149932861328
2026-09-14,14,PLTR,short,0.0,0.0864449996948242,-0.0864449996948242
2026-09-14,14,NVDA,short,0.0,0.1061699981689453,-0.1061699981689453
2026-09-14,15,TSLA,long,0.0,0.1804149932861328,-0.1804149932861328
2026-09-14,15,PLTR,short,0.0,0.0862850036621093,-0.0862850036621093
2026-09-14,15,NVDA,short,0.0,0.1062850036621093,-0.1062850036621093
2026-09-14,15,TSLA,long,0.0,0.1803399963378906,-0.1803399963378906
2026-09-14,15,PLTR,short,0.0,0.0862712478637695,-0.0862712478637695
2026-09-14,15,SNDK,long,0.0,0.7822775268554687,-0.7822775268554687
2026-09-14,15,NVDA,short,0.0,0.1062949981689453,-0.1062949981689453
2026-09-14,15,TSLA,long,0.0,0.180052505493164,-0.180052505493164
2026-09-14,15,PLTR,short,0.0,0.0861900024414062,-0.0861900024414062
2026-09-14,15,SNDK,long,0.0,0.7792650146484374,-0.7792650146484374
2026-09-14,15,PLTR,short,0.0,0.0862024993896484,-0.0862024993896484
2026-09-14,15,NVDA,short,0.0,0.1061350021362304,-0.1061350021362304
2026-09-14,15,TSLA,long,0.0,0.5395440216064453,-0.5395440216064453
2026-09-14,15,TSLA,long,0.0,0.1798074951171875,-0.1798074951171875
2026-09-14,15,TSLA,long,0.0,0.3594500122070312,-0.3594500122070312
2026-09-14,15,TSLA,long,0.0,0.1801475067138672,-0.1801475067138672
2026-09-14,15,PLTR,short,0.0,0.0867221527099609,-0.0867221527099609
2026-09-14,15,NVDA,short,0.0,0.4242000122070312,-0.4242000122070312
2026-09-14,15,SNDK,long,0.0,0.7794600219726563,-0.7794600219726563
2026-09-14,15,SNDK,long,0.0,0.7795050048828125,-0.7795050048828125
2026-09-14,15,PLTR,short,0.0,2.346961486816406,-2.346961486816406
2026-09-14,15,NVDA,short,0.0,0.1058967514038086,-0.1058967514038086
2026-09-14,15,TSLA,long,0.0,2.7020278930664063,-2.7020278930664063
2026-09-14,15,NVDA,short,0.0,0.1059199981689453,-0.1059199981689453
2026-09-14,15,PLTR,short,0.0,0.4348749923706054,-0.4348749923706054
2026-09-14,15,SNDK,long,0.0,0.781905029296875,-0.781905029296875
2026-09-14,15,TSLA,long,0.0,0.1801849975585937,-0.1801849975585937
2026-09-14,15,NVDA,short,0.0,0.1060374984741211,-0.1060374984741211
2026-09-14,15,PLTR,short,0.0,0.5217300109863281,-0.5217300109863281
2026-09-14,15,TSLA,long,0.0,5.39115005493164,-5.39115005493164
2026-09-14,15,PLTR,short,0.0,1.8234300384521485,-1.8234300384521485
2026-09-14,15,NVDA,short,0.0,12.808455406188964,-12.808455406188964
