date,fill_time,signal_data_cutoff,symbol,quantity,side,reference_price,fill_price,slippage_cost,commission_cost,cost,notional,shares_after,cash_after,equity_after,gross_exposure_after,net_exposure_after,reason
2026-08-31,2026-08-31T09:35:00-04:00,2026-08-31T09:35:00-04:00,SNDK,46,buy,1516.385009765625,1517.1432022705078,34.87685522460937,0.0,34.87685522460937,69753.71044921875,46,30211.412695556646,99965.1231447754,0.6977804683759286,0.6977804683759286,policy_rebalance
2026-08-31,2026-08-31T09:35:00-04:00,2026-08-31T09:35:00-04:00,TSLA,-50,sell,352.40008544921875,352.22388540649416,8.81000213623047,0.0,8.81000213623047,17620.004272460938,-50,47822.60696588135,99956.31314263916,0.8741190223472537,0.5215649170889509,policy_rebalance
2026-08-31,2026-08-31T09:35:00-04:00,2026-08-31T09:35:00-04:00,NVDA,-33,sell,217.13999938964844,217.03142938995362,3.582809989929199,0.0,3.582809989929199,7165.619979858398,-33,54984.64413574982,99952.73033264923,0.9458404426462889,0.44989352514176134,policy_rebalance
2026-08-31,2026-08-31T09:40:00-04:00,2026-08-31T09:40:00-04:00,SNDK,-18,sell,1511.5,1510.7442500000002,13.6035,0.0,13.6035,27207.0,28,82178.04063574981,99653.3566452713,0.6740232968727178,0.17536103747841708,policy_rebalance
2026-08-31,2026-08-31T09:40:00-04:00,2026-08-31T09:40:00-04:00,TSLA,50,buy,353.82000732421875,353.99691732788085,8.845500183105468,0.0,8.845500183105468,17691.000366210938,0,64478.194769355774,99644.5111450882,0.49654198766879587,0.35291774701496825,policy_rebalance
2026-08-31,2026-08-31T09:40:00-04:00,2026-08-31T09:40:00-04:00,NVDA,-205,sell,216.83889770507812,216.7304782562256,22.225987014770507,0.0,22.225987014770507,44451.974029541016,-238,108907.94281188202,99622.28515807343,0.9428578907296477,-0.09320863940306914,policy_rebalance
2026-08-31,2026-08-31T09:45:00-04:00,2026-08-31T09:45:00-04:00,NVDA,17,buy,218.0800018310547,218.1890418319702,1.8536800155639648,0.0,1.8536800155639648,3707.3600311279297,-221,105198.72910073852,99854.24937966919,0.9117977617765202,-0.05352280703396382,policy_rebalance
2026-08-31,2026-08-31T09:45:00-04:00,2026-08-31T09:45:00-04:00,SNDK,2,buy,1530.4000244140625,1531.1652244262696,1.5304000244140625,0.0,1.5304000244140625,3060.800048828125,30,102136.39865188597,99852.71897964476,0.9424648832674156,-0.022870480599599344,policy_rebalance
2026-08-31,2026-08-31T09:50:00-04:00,2026-08-31T09:50:00-04:00,SNDK,-29,sell,1523.625,1522.8631875,22.0925625,0.0,22.0925625,44185.125,1,146299.431089386,99673.78716848756,0.4983546359779817,-0.4677824054390842,policy_rebalance
2026-08-31,2026-08-31T09:50:00-04:00,2026-08-31T09:50:00-04:00,NVDA,117,buy,217.8699951171875,217.97893011474608,12.745394714355468,0.0,12.745394714355468,25490.789428710938,-104,120795.8962659607,99661.0417737732,0.242643505042622,-0.2120673646996669,policy_rebalance
2026-08-31,2026-08-31T09:50:00-04:00,2026-08-31T09:50:00-04:00,TSLA,-194,sell,359.4200134277344,359.24030342102054,34.86374130249023,0.0,34.86374130249023,69727.48260498047,-194,190488.5151296387,99626.17803247072,0.9426195900695943,-0.9120327497412739,policy_rebalance
2026-08-31,2026-08-31T09:55:00-04:00,2026-08-31T09:55:00-04:00,TSLA,2,buy,360.5050048828125,360.68525738525386,0.3605050048828125,0.0,0.3605050048828125,721.010009765625,-192,189767.1446148682,99389.62569396975,0.9400344167802901,-0.9093254782866327,policy_rebalance
2026-08-31,2026-08-31T09:55:00-04:00,2026-08-31T09:55:00-04:00,NVDA,104,buy,218.1407012939453,218.24977164459227,11.343316467285156,0.0,11.343316467285156,22686.632934570312,0,167069.1683638306,99378.28237750247,0.7118560936678744,-0.6811436499696655,policy_rebalance
2026-08-31,2026-08-31T09:55:00-04:00,2026-08-31T09:55:00-04:00,SNDK,15,buy,1526.074951171875,1526.8379886474609,11.445562133789062,0.0,11.445562133789062,22891.124267578125,16,144166.59853411868,99366.83681536868,0.9423079485787553,-0.4508522476366179,policy_rebalance
2026-08-31,2026-08-31T10:00:00-04:00,2026-08-31T10:00:00-04:00,TSLA,192,buy,360.1400146484375,360.3200846557617,34.57344140625,0.0,34.57344140625,69146.8828125,0,74985.14228021243,99465.62274896243,0.2461200140528489,0.2461200140528489,policy_rebalance
2026-08-31,2026-08-31T10:00:00-04:00,2026-08-31T10:00:00-04:00,SNDK,13,buy,1530.030029296875,1530.7950443115233,9.945195190429688,0.0,9.945195190429688,19890.390380859375,29,55084.80670416263,99455.677553772,0.4461371330522553,0.4461371330522553,policy_rebalance
2026-08-31,2026-08-31T10:00:00-04:00,2026-08-31T10:00:00-04:00,NVDA,-226,sell,218.8800048828125,218.7705648803711,24.733440551757813,0.0,24.733440551757813,49466.881103515625,-226,104526.9543671265,99430.94411322025,0.9437479729275589,-0.05125175366034455,policy_rebalance
2026-08-31,2026-08-31T10:05:00-04:00,2026-08-31T10:05:00-04:00,SNDK,-10,sell,1525.2950439453125,1524.5323964233398,7.626475219726562,0.0,7.626475219726562,15252.950439453125,19,119772.27833135989,99243.06251104739,0.7908908240462359,-0.2068579435265539,policy_rebalance
2026-08-31,2026-08-31T10:05:00-04:00,2026-08-31T10:05:00-04:00,NVDA,-66,sell,219.07000732421875,218.96047232055665,7.229310241699219,0.0,7.229310241699219,14458.620483398438,-292,134223.66950451664,99235.8332008057,0.9366480330300502,-0.35257260583394656,policy_rebalance
2026-08-31,2026-08-31T10:10:00-04:00,2026-08-31T10:10:00-04:00,SNDK,-6,sell,1518.2850341796875,1517.5258916625978,4.5548551025390625,0.0,4.5548551025390625,9109.710205078125,13,143328.82485449224,99007.56887304693,0.8463662710228345,-0.44765522965498245,policy_rebalance
2026-08-31,2026-08-31T10:10:00-04:00,2026-08-31T10:10:00-04:00,TSLA,13,buy,360.760009765625,360.9403897705078,2.3449400634765625,0.0,2.3449400634765625,4689.880126953125,13,138636.59978747563,99005.22393298344,0.8937563441800483,-0.4002958054144561,policy_rebalance
2026-08-31,2026-08-31T10:10:00-04:00,2026-08-31T10:10:00-04:00,NVDA,-23,sell,219.3800048828125,219.2703148803711,2.522870056152344,0.0,2.522870056152344,5045.7401123046875,-315,143679.81702972416,99002.70106292728,0.944744800951691,-0.45127168740981694,policy_rebalance
2026-08-31,2026-08-31T10:15:00-04:00,2026-08-31T10:15:00-04:00,NVDA,2,buy,220.17010498046875,220.28019003295898,0.22017010498046874,0.0,0.22017010498046874,440.3402099609375,-313,143239.25664965823,98666.10802905276,0.9451405245427237,-0.4517574424591742,policy_rebalance
2026-08-31,2026-08-31T10:25:00-04:00,2026-08-31T10:25:00-04:00,NVDA,-2,sell,219.5677947998047,219.4580109024048,0.21956779479980468,0.0,0.21956779479980468,439.1355895996094,-315,143678.17267146305,98868.12803950504,0.9458828436050878,-0.4532304345243911,policy_rebalance
2026-08-31,2026-08-31T10:30:00-04:00,2026-08-31T10:30:00-04:00,NVDA,1,buy,220.07000732421875,220.18004232788084,0.11003500366210937,0.0,0.11003500366210937,220.07000732421875,-314,143457.99262913517,98762.07972630314,0.9468011604850146,-0.4525614793319125,policy_rebalance
2026-08-31,2026-08-31T10:35:00-04:00,2026-08-31T10:35:00-04:00,NVDA,1,buy,220.33999633789062,220.45016633605957,0.11016999816894531,0.0,0.11016999816894531,220.33999633789062,-313,143237.54246279912,98768.12833926396,0.9462913305691268,-0.45024052668877934,policy_rebalance
2026-08-31,2026-08-31T10:40:00-04:00,2026-08-31T10:40:00-04:00,SNDK,-4,sell,1523.4000244140625,1522.6383244018555,3.046800048828125,0.0,3.046800048828125,6093.60009765625,9,149328.09576040655,98994.32682424932,0.8808426901902277,-0.508451045134312,policy_rebalance
2026-08-31,2026-08-31T10:40:00-04:00,2026-08-31T10:40:00-04:00,NVDA,56,buy,219.6999969482422,219.8098469467163,6.151599914550781,0.0,6.151599914550781,12303.199829101562,-257,137018.74433139042,98988.17522433476,0.7566078388111245,-0.3841930515525497,policy_rebalance
2026-08-31,2026-08-31T10:40:00-04:00,2026-08-31T10:40:00-04:00,TSLA,49,buy,363.2099914550781,363.39159645080565,8.898644790649413,0.0,8.898644790649413,17797.289581298828,62,119212.55610530094,98979.27657954411,0.9364841016103795,-0.20441935145380136,policy_rebalance
2026-08-31,2026-08-31T10:45:00-04:00,2026-08-31T10:45:00-04:00,TSLA,-50,sell,365.05499267578125,364.8724651794434,9.126374816894531,0.0,9.126374816894531,18252.749633789062,12,137456.17936427312,99091.14243800359,0.7537171840067004,-0.3871691856845089,policy_rebalance
2026-08-31,2026-08-31T10:45:00-04:00,2026-08-31T10:45:00-04:00,SNDK,4,buy,1531.1300048828125,1531.8955698852537,3.062260009765625,0.0,3.062260009765625,6124.52001953125,13,131328.59708473212,99088.08017799383,0.8155493245277071,-0.3253723035992222,policy_rebalance
2026-08-31,2026-08-31T10:45:00-04:00,2026-08-31T10:45:00-04:00,NVDA,-58,sell,219.94500732421875,219.83503482055664,6.378405212402344,0.0,6.378405212402344,12756.810424804688,-315,144079.0291043244,99081.70177278144,0.9443522427308445,-0.45414366655442434,policy_rebalance
2026-08-31,2026-08-31T10:50:00-04:00,2026-08-31T10:50:00-04:00,TSLA,-12,sell,363.8599853515625,363.67805535888675,2.183159912109375,0.0,2.183159912109375,4366.31982421875,0,148443.16576863104,98985.37269306951,0.899222786892979,-0.49964749063398056,policy_rebalance
2026-08-31,2026-08-31T10:50:00-04:00,2026-08-31T10:50:00-04:00,SNDK,3,buy,1521.2349853515625,1521.9956028442382,2.2818524780273437,0.0,2.2818524780273437,4563.7049560546875,16,143877.17896009833,98983.0908405915,0.9453494213618119,-0.45355310425501927,policy_rebalance
2026-08-31,2026-08-31T10:55:00-04:00,2026-08-31T10:55:00-04:00,NVDA,4,buy,219.6300048828125,219.7398198852539,0.439260009765625,0.0,0.439260009765625,878.52001953125,-311,142998.21968055732,99124.24909950263,0.9355520298869029,-0.44261591870434486,policy_rebalance
2026-08-31,2026-08-31T11:05:00-04:00,2026-08-31T11:05:00-04:00,NVDA,1,buy,219.39999389648438,219.5096938934326,0.10969999694824219,0.0,0.10969999694824219,219.39999389648438,-310,142778.7099866639,99148.71187875373,0.9319132478584408,-0.4400460407520382,policy_rebalance
2026-08-31,2026-08-31T11:05:00-04:00,2026-08-31T11:05:00-04:00,SNDK,1,buy,1524.0,1524.762,0.762,0.0,0.762,1524.0,17,141253.9479866639,99147.94987875374,0.9472913784174629,-0.4246784543644203,policy_rebalance
2026-08-31,2026-08-31T11:10:00-04:00,2026-08-31T11:10:00-04:00,SNDK,-6,sell,1527.0,1526.2365,4.581,0.0,4.581,9162.0,11,150411.3669866639,99206.76679745491,0.8547662919237928,-0.5161401973088252,policy_rebalance
2026-08-31,2026-08-31T11:10:00-04:00,2026-08-31T11:10:00-04:00,NVDA,1,buy,219.36000061035156,219.46968061065672,0.10968000030517579,0.0,0.10968000030517579,219.36000061035156,-309,150191.89730605323,99206.6571174546,0.8525560949852589,-0.5139296259951107,policy_rebalance
2026-08-31,2026-08-31T11:10:00-04:00,2026-08-31T11:10:00-04:00,TSLA,24,buy,364.6600036621094,364.8423336639404,4.375920043945312,0.0,4.375920043945312,8751.840087890625,24,141435.68129811867,99202.28119741066,0.9408158678403995,-0.42573013030480966,policy_rebalance
2026-08-31,2026-08-31T11:15:00-04:00,2026-08-31T11:15:00-04:00,NVDA,71,buy,219.27000427246094,219.37963927459717,7.784085151672364,0.0,7.784085151672364,15568.170303344727,-238,125859.72690962227,99309.62568281563,0.7836342174467689,-0.2673467052590132,policy_rebalance
2026-08-31,2026-08-31T11:15:00-04:00,2026-08-31T11:15:00-04:00,TSLA,44,buy,364.81500244140625,364.9974099426269,8.025930053710937,0.0,8.025930053710937,16051.860107421875,68,109799.84087214668,99301.59975276192,0.9453451016703854,-0.10572076527994478,policy_rebalance
2026-08-31,2026-08-31T11:20:00-04:00,2026-08-31T11:20:00-04:00,NVDA,-1,sell,219.67999267578125,219.57015267944337,0.10983999633789063,0.0,0.10983999633789063,219.67999267578125,-239,110019.41102482613,99197.21247746285,0.9494706111127722,-0.10909780907222605,policy_rebalance
2026-08-31,2026-08-31T11:25:00-04:00,2026-08-31T11:25:00-04:00,TSLA,-1,sell,363.8599853515625,363.67805535888675,0.18192999267578125,0.0,0.18192999267578125,363.8599853515625,67,110383.08908018502,99060.95692381295,0.948287337110055,-0.1142945970639052,policy_rebalance
2026-08-31,2026-08-31T11:25:00-04:00,2026-08-31T11:25:00-04:00,NVDA,1,buy,220.2100067138672,220.3201117172241,0.1101050033569336,0.0,0.1101050033569336,220.2100067138672,-238,110162.76896846779,99060.84681880959,0.946065413892136,-0.11207174687255127,policy_rebalance
2026-08-31,2026-08-31T11:30:00-04:00,2026-08-31T11:30:00-04:00,SNDK,-1,sell,1532.010009765625,1531.2440047607422,0.7660050048828125,0.0,0.7660050048828125,1532.010009765625,10,111694.01297322853,98988.64282552345,0.9307495003713596,-0.12835179658033555,policy_rebalance
2026-08-31,2026-08-31T11:30:00-04:00,2026-08-31T11:30:00-04:00,NVDA,-3,sell,220.25,220.13987500000002,0.330375,0.0,0.330375,660.75,-241,112354.43259822852,98988.31245052344,0.9374276372139955,-0.13502725540841765,policy_rebalance
2026-08-31,2026-08-31T11:35:00-04:00,2026-08-31T11:35:00-04:00,TSLA,-1,sell,363.114990234375,362.93343273925785,0.1815574951171875,0.0,0.1815574951171875,363.114990234375,66,112717.36603096778,98956.10460213477,0.9315477848763826,-0.13906430011732837,policy_rebalance
2026-08-31,2026-08-31T11:35:00-04:00,2026-08-31T11:35:00-04:00,NVDA,35,buy,219.8000030517578,219.90990305328367,3.846500053405762,0.0,3.846500053405762,7693.000106811523,-206,105020.51942410285,98952.25810208137,0.8538394328317565,-0.061325142431427185,policy_rebalance
2026-08-31,2026-08-31T11:35:00-04:00,2026-08-31T11:35:00-04:00,SNDK,5,buy,1524.4949951171875,1525.257242614746,3.811237487792969,0.0,3.811237487792969,7622.4749755859375,15,97394.23321102912,98948.44686459357,0.9309071322457388,0.01570730721717465,policy_rebalance
2026-08-31,2026-08-31T11:40:00-04:00,2026-08-31T11:40:00-04:00,NVDA,-6,sell,219.75999450683594,219.65011450958252,0.6592799835205078,0.0,0.6592799835205078,1318.5599670410156,-212,98712.13389808661,98989.40507728583,0.9440960755055797,0.0028010187452156086,policy_rebalance
2026-08-31,2026-08-31T11:45:00-04:00,2026-08-31T11:45:00-04:00,TSLA,-66,sell,364.9100036621094,364.72754866027833,12.04203012084961,0.0,12.04203012084961,24084.06024169922,0,122784.15210966498,98995.99323515326,0.7008097706456375,-0.24029415835048762,policy_rebalance
2026-08-31,2026-08-31T11:45:00-04:00,2026-08-31T11:45:00-04:00,SNDK,6,buy,1519.6400146484375,1520.3998346557617,4.558920043945313,0.0,4.558920043945313,9117.840087890625,21,113661.75310173041,98991.43431510932,0.7929494096629585,-0.1481978606343107,policy_rebalance
2026-08-31,2026-08-31T11:45:00-04:00,2026-08-31T11:45:00-04:00,NVDA,-64,sell,219.72999572753906,219.6201307296753,7.03135986328125,0.0,7.03135986328125,14062.7197265625,-276,127717.44146842964,98984.40295524604,0.9350757934082434,-0.29027844443507633,policy_rebalance
2026-08-31,2026-08-31T11:50:00-04:00,2026-08-31T11:50:00-04:00,NVDA,-6,sell,220.0,219.89000000000001,0.66,0.0,0.66,1320.0,-282,129036.78146842963,98839.9207506562,0.9498504103323381,-0.3055127977485045,policy_rebalance
2026-08-31,2026-08-31T11:55:00-04:00,2026-08-31T11:55:00-04:00,NVDA,2,buy,220.0500030517578,220.16002805328367,0.22005000305175781,0.0,0.22005000305175781,440.1000061035156,-280,128596.46141232307,98746.63963497932,0.9456340010841543,-0.3022869627532111,policy_rebalance
2026-08-31,2026-08-31T12:00:00-04:00,2026-08-31T12:00:00-04:00,NVDA,3,buy,219.5,219.60975,0.32925,0.0,0.32925,658.5,-277,127937.63216232308,98919.21175216683,0.9359615584261435,-0.2933547477395927,policy_rebalance
2026-08-31,2026-08-31T12:05:00-04:00,2026-08-31T12:05:00-04:00,NVDA,2,buy,219.2899932861328,219.39963828277587,0.2192899932861328,0.0,0.2192899932861328,438.5799865722656,-275,127498.83288575753,98830.16432191475,0.9302911552798377,-0.2900801466894429,policy_rebalance
2026-08-31,2026-08-31T12:05:00-04:00,2026-08-31T12:05:00-04:00,SNDK,1,buy,1506.47998046875,1507.2332204589843,0.753239990234375,0.0,0.753239990234375,1506.47998046875,22,125991.59966529853,98829.41108192451,0.9455414810327667,-0.2748391221400476,policy_rebalance
2026-08-31,2026-08-31T12:10:00-04:00,2026-08-31T12:10:00-04:00,NVDA,24,buy,219.2899932861328,219.39963828277587,2.631479919433594,0.0,2.631479919433594,5262.9598388671875,-251,120726.00834651191,98703.47540278632,0.8921777407184103,-0.22311811062231257,policy_rebalance
2026-08-31,2026-08-31T12:10:00-04:00,2026-08-31T12:10:00-04:00,SNDK,3,buy,1500.875244140625,1501.6256817626952,2.2513128662109376,0.0,2.2513128662109376,4502.625732421875,25,116221.13130122382,98701.22408992011,0.9378168332948572,-0.1775044572430276,policy_rebalance
2026-08-31,2026-08-31T12:20:00-04:00,2026-08-31T12:20:00-04:00,TSLA,2,buy,366.1499938964844,366.3330688934326,0.3661499938964844,0.0,0.3661499938964844,732.2999877929688,2,115488.46516343697,98532.48692247017,0.9476425904048358,-0.17208515455728352,policy_rebalance
2026-08-31,2026-08-31T12:25:00-04:00,2026-08-31T12:25:00-04:00,SNDK,-1,sell,1495.0849609375,1494.3374184570314,0.74754248046875,0.0,0.74754248046875,1495.0849609375,24,116982.802581894,98387.81520091255,0.9332702769210018,-0.18899685233389527,policy_rebalance
2026-08-31,2026-08-31T12:30:00-04:00,2026-08-31T12:30:00-04:00,SNDK,-7,sell,1496.25,1495.5018750000002,5.236875,0.0,5.236875,10473.75,17,127451.31570689399,98340.07972972114,0.828189036885277,-0.29602615797325427,policy_rebalance
2026-08-31,2026-08-31T12:30:00-04:00,2026-08-31T12:30:00-04:00,TSLA,28,buy,365.1099853515625,365.29254034423826,5.111539794921875,0.0,5.111539794921875,10223.07958984375,30,117223.12457725532,98334.96818992622,0.932193879713011,-0.19207975285910622,policy_rebalance
2026-08-31,2026-08-31T12:35:00-04:00,2026-08-31T12:35:00-04:00,SNDK,-1,sell,1500.0999755859375,1499.3499255981446,0.7500499877929687,0.0,0.7500499877929687,1500.0999755859375,16,118722.47450285347,98474.21107511909,0.9153306399959434,-0.20561996086760614,policy_rebalance
2026-08-31,2026-08-31T12:35:00-04:00,2026-08-31T12:35:00-04:00,NVDA,38,buy,219.889892578125,219.99983752441406,4.177907958984375,0.0,4.177907958984375,8355.81591796875,-213,110362.48067692573,98470.0331671601,0.83051304136038,-0.12077225047317008,policy_rebalance
2026-08-31,2026-08-31T12:35:00-04:00,2026-08-31T12:35:00-04:00,TSLA,27,buy,364.75,364.932375,4.924125,0.0,4.924125,9848.25,57,100509.30655192572,98465.1090421601,0.9305722363977945,-0.020760628101171907,policy_rebalance
2026-08-31,2026-08-31T12:40:00-04:00,2026-08-31T12:40:00-04:00,SNDK,-8,sell,1502.06005859375,1501.3090285644532,6.008240234375,0.0,6.008240234375,12016.48046875,8,112519.77878044135,98494.82086418159,0.8084372338062557,-0.14239284658022106,policy_rebalance
2026-08-31,2026-08-31T12:40:00-04:00,2026-08-31T12:40:00-04:00,TSLA,34,buy,364.6400146484375,364.8223346557617,6.198880249023437,0.0,6.198880249023437,12397.760498046875,91,100115.81940214545,98488.62198393256,0.9343682464837554,-0.0165216792095878,policy_rebalance
2026-08-31,2026-08-31T12:45:00-04:00,2026-08-31T12:45:00-04:00,NVDA,-3,sell,219.73500061035156,219.6251331100464,0.32960250091552734,0.0,0.32960250091552734,659.2050018310547,-216,100774.69480147559,98545.585975792,0.9406449869886554,-0.022620077841245784,policy_rebalance
2026-08-31,2026-08-31T12:50:00-04:00,2026-08-31T12:50:00-04:00,SNDK,-5,sell,1502.400146484375,1501.6489464111328,3.7560003662109374,0.0,3.7560003662109374,7512.000732421875,3,108282.93953353126,98527.33900862891,0.8655473973642563,-0.09901414798229717,policy_rebalance
2026-08-31,2026-08-31T12:50:00-04:00,2026-08-31T12:50:00-04:00,NVDA,-35,sell,219.99000549316406,219.8800104904175,3.8498250961303713,0.0,3.8498250961303713,7699.650192260742,-251,115978.73990069587,98523.48918353279,0.9437316198495527,-0.17716841802716582,policy_rebalance
2026-08-31,2026-08-31T12:55:00-04:00,2026-08-31T12:55:00-04:00,TSLA,-45,sell,365.82000732421875,365.6370973205567,8.230950164794923,0.0,8.230950164794923,16461.900329589844,46,132432.40928012092,98574.48977023322,0.7763353415482229,-0.34347547310472465,policy_rebalance
2026-08-31,2026-08-31T12:55:00-04:00,2026-08-31T12:55:00-04:00,NVDA,1,buy,219.88999938964844,219.99994438934326,0.10994499969482421,0.0,0.10994499969482421,219.88999938964844,-250,132212.4093357316,98574.37982523354,0.7741055061123778,-0.3412451548783391,policy_rebalance
2026-08-31,2026-08-31T12:55:00-04:00,2026-08-31T12:55:00-04:00,SNDK,11,buy,1502.25,1503.001125,8.262375,0.0,8.262375,16524.75,14,115679.3969607316,98566.11745023355,0.9418218205784284,-0.17362233547586586,policy_rebalance
2026-08-31,2026-08-31T13:00:00-04:00,2026-08-31T13:00:00-04:00,SNDK,-5,sell,1505.8199462890625,1505.0670363159181,3.7645498657226564,0.0,3.7645498657226564,7529.0997314453125,9,123204.73214231119,98546.99099240884,0.8669697492578143,-0.2502130293536994,policy_rebalance
2026-08-31,2026-08-31T13:00:00-04:00,2026-08-31T13:00:00-04:00,TSLA,-17,sell,366.0299987792969,365.84698377990725,3.1112549896240234,0.0,3.1112549896240234,6222.509979248047,29,129424.13086656961,98543.87973741922,0.8038525609365996,-0.31336548968270933,policy_rebalance
2026-08-31,2026-08-31T13:00:00-04:00,2026-08-31T13:00:00-04:00,NVDA,-63,sell,220.19000244140625,220.07990744018556,6.935985076904297,0.0,6.935985076904297,13871.970153808594,-313,143289.1650353013,98536.94375234231,0.9446885269683288,-0.4541669304807841,policy_rebalance
2026-08-31,2026-08-31T13:05:00-04:00,2026-08-31T13:05:00-04:00,SNDK,-1,sell,1505.0301513671875,1504.277636291504,0.7525150756835938,0.0,0.7525150756835938,1505.0301513671875,8,144793.4426715928,98562.25378304301,0.9283613917700884,-0.4690557197516477,policy_rebalance
2026-08-31,2026-08-31T13:10:00-04:00,2026-08-31T13:10:00-04:00,SNDK,-5,sell,1505.18994140625,1504.437346435547,3.762974853515625,0.0,3.762974853515625,7525.94970703125,3,152315.62940377055,98598.70127266704,0.85152488014779,-0.5448036073269721,policy_rebalance
2026-08-31,2026-08-31T13:10:00-04:00,2026-08-31T13:10:00-04:00,TSLA,-1,sell,365.7099914550781,365.52713645935063,0.18285499572753905,0.0,0.18285499572753905,365.7099914550781,28,152681.15654022992,98598.51841767132,0.8478173773197226,-0.5485136997034799,policy_rebalance
2026-08-31,2026-08-31T13:15:00-04:00,2026-08-31T13:15:00-04:00,SNDK,-1,sell,1504.25244140625,1503.500315185547,0.752126220703125,0.0,0.752126220703125,1504.25244140625,2,154184.65685541547,98658.21917231,0.8319721112997018,-0.5628161358368594,policy_rebalance
2026-08-31,2026-08-31T13:15:00-04:00,2026-08-31T13:15:00-04:00,TSLA,-28,sell,366.739990234375,366.5566202392578,5.13435986328125,0.0,5.13435986328125,10268.7197265625,0,164448.2422221147,98653.08481244673,0.7279262205719964,-0.6669346177542622,policy_rebalance
2026-08-31,2026-08-31T13:15:00-04:00,2026-08-31T13:15:00-04:00,NVDA,1,buy,219.82000732421875,219.92991732788084,0.10991000366210937,0.0,0.10991000366210937,219.82000732421875,-312,164228.3123047868,98652.97490244306,0.7256988168756766,-0.6647071461067499,policy_rebalance
2026-08-31,2026-08-31T13:15:00-04:00,2026-08-31T13:15:00-04:00,TSLA,-55,sell,366.739990234375,366.5566202392578,10.085349731445312,0.0,10.085349731445312,20170.699462890625,-55,184388.926417946,98642.88955271163,0.9302550548443141,-0.8692571482247021,policy_rebalance
2026-08-31,2026-08-31T13:20:00-04:00,2026-08-31T13:20:00-04:00,NVDA,26,buy,219.77999877929688,219.8898887786865,2.8571399841308596,0.0,2.8571399841308596,5714.279968261719,-286,178671.78930970017,98661.2435028154,0.871813722682418,-0.8109622681230607,policy_rebalance
2026-08-31,2026-08-31T13:20:00-04:00,2026-08-31T13:20:00-04:00,SNDK,4,buy,1500.9200439453125,1501.6705039672852,3.001840087890625,0.0,3.001840087890625,6003.68017578125,6,172665.107293831,98658.2416627275,0.932693555121519,-0.750133636925164,policy_rebalance
2026-08-31,2026-08-31T13:20:00-04:00,2026-08-31T13:20:00-04:00,TSLA,-3,sell,366.4601135253906,366.27688346862794,0.549690170288086,0.0,0.549690170288086,1099.3803405761719,-58,173763.93794423688,98657.6919725572,0.943842133717512,-0.7612811983537116,policy_rebalance
2026-08-31,2026-08-31T13:25:00-04:00,2026-08-31T13:25:00-04:00,TSLA,1,buy,365.6300964355469,365.81291148376465,0.18281504821777345,0.0,0.18281504821777345,365.6300964355469,-57,173398.12503275313,98710.69848856368,0.9392236906816207,-0.7566295010347082,policy_rebalance
2026-08-31,2026-08-31T13:25:00-04:00,2026-08-31T13:25:00-04:00,NVDA,1,buy,219.78500366210938,219.89489616394042,0.10989250183105469,0.0,0.10989250183105469,219.78500366210938,-285,173178.23013658918,98710.58859606183,0.9369981767509935,-0.7544037838256625,policy_rebalance
2026-08-31,2026-08-31T13:30:00-04:00,2026-08-31T13:30:00-04:00,TSLA,34,buy,365.19000244140625,365.37259744262695,6.2082300415039064,0.0,6.2082300415039064,12416.460083007812,-23,160755.56182353987,98829.11185710921,0.8085420276700213,-0.6266012999890783,policy_rebalance
2026-08-31,2026-08-31T13:30:00-04:00,2026-08-31T13:30:00-04:00,SNDK,9,buy,1498.4200439453125,1499.1692539672852,6.742890197753907,0.0,6.742890197753907,13485.780395507812,15,147263.0385378343,98822.36896691145,0.9450620529098321,-0.4901791980633673,policy_rebalance
2026-08-31,2026-08-31T13:35:00-04:00,2026-08-31T13:35:00-04:00,SNDK,-6,sell,1498.5899658203125,1497.8406708374025,4.495769897460938,0.0,4.495769897460938,8991.539794921875,9,156250.08256285873,98836.8355383226,0.8538098771543686,-0.580889166592904,policy_rebalance
2026-08-31,2026-08-31T13:35:00-04:00,2026-08-31T13:35:00-04:00,TSLA,1,buy,366.3349914550781,366.5181589508056,0.18316749572753907,0.0,0.18316749572753907,366.3349914550781,-22,155883.56440390792,98836.65237082687,0.8501049904301181,-0.5771837740825722,policy_rebalance
2026-08-31,2026-08-31T13:35:00-04:00,2026-08-31T13:35:00-04:00,NVDA,32,buy,219.2100067138672,219.31961171722412,3.507360107421875,0.0,3.507360107421875,7014.72021484375,-253,148865.33682895676,98833.14501071945,0.779159776759616,-0.5062288750682862,policy_rebalance
2026-08-31,2026-08-31T13:40:00-04:00,2026-08-31T13:40:00-04:00,SNDK,-7,sell,1501.75,1500.999125,5.256125,0.0,5.256125,10512.25,2,159372.33070395677,98808.37187216966,0.6737380403141474,-0.6129435966229653,policy_rebalance
2026-08-31,2026-08-31T13:40:00-04:00,2026-08-31T13:40:00-04:00,TSLA,-41,sell,367.0199890136719,366.83647901916504,7.5239097747802735,0.0,7.5239097747802735,15047.819549560547,-63,174412.62634374254,98800.84796239488,0.8260939057164066,-0.7652948323897651,policy_rebalance
2026-08-31,2026-08-31T13:45:00-04:00,2026-08-31T13:45:00-04:00,SNDK,-1,sell,1500.486572265625,1499.7363289794923,0.7502432861328125,0.0,0.7502432861328125,1500.486572265625,1,175912.36267272203,98697.07916442124,0.8127520827561505,-0.7823461865539754,policy_rebalance
2026-08-31,2026-08-31T13:50:00-04:00,2026-08-31T13:50:00-04:00,SNDK,4,buy,1500.75,1501.5003749999998,3.0015,0.0,3.0015,6003.0,5,169906.361172722,98656.46070580307,0.8743208488305845,-0.7222020733075818,policy_rebalance
2026-08-31,2026-08-31T13:55:00-04:00,2026-08-31T13:55:00-04:00,SNDK,-1,sell,1501.5,1500.74925,0.75075,0.0,0.75075,1501.5,4,171407.110422722,98576.15642797103,0.86068433857781,-0.7388293136380103,policy_rebalance
2026-08-31,2026-08-31T14:00:00-04:00,2026-08-31T14:00:00-04:00,SNDK,-1,sell,1501.5999755859375,1500.8491755981447,0.7507999877929687,0.0,0.7507999877929687,1501.5999755859375,3,172907.95959832016,98642.85844780746,0.8442040540429946,-0.752868502789858,policy_rebalance
2026-08-31,2026-08-31T14:00:00-04:00,2026-08-31T14:00:00-04:00,NVDA,51,buy,219.61000061035156,219.71980561065672,5.600055015563965,0.0,5.600055015563965,11200.11003112793,-202,161702.24951217667,98637.2583927919,0.7307035104918059,-0.6393627737325002,policy_rebalance
2026-08-31,2026-08-31T14:00:00-04:00,2026-08-31T14:00:00-04:00,TSLA,-33,sell,368.3900146484375,368.2058196411133,6.078435241699219,0.0,6.078435241699219,12156.870483398438,-96,173853.0415603334,98631.1799575502,0.8540043979251911,-0.762658032025551,policy_rebalance
2026-08-31,2026-08-31T14:05:00-04:00,2026-08-31T14:05:00-04:00,TSLA,11,buy,367.67999267578125,367.86383267211914,2.022239959716797,0.0,2.022239959716797,4044.4799194335938,-85,169806.5394009401,98695.2243679811,0.8118653042855044,-0.7205142446185984,policy_rebalance
2026-08-31,2026-08-31T14:05:00-04:00,2026-08-31T14:05:00-04:00,NVDA,1,buy,219.63600158691406,219.7458195877075,0.10981800079345704,0.0,0.10981800079345704,219.63600158691406,-201,169586.7935813524,98695.11454998032,0.8096408087249758,-0.7182896474117948,policy_rebalance
2026-08-31,2026-08-31T14:10:00-04:00,2026-08-31T14:10:00-04:00,SNDK,-3,sell,1502.5400390625,1501.7887690429689,2.25381005859375,0.0,2.25381005859375,4507.6201171875,0,174092.1598884813,98725.95699236315,0.7633879193690474,-0.7633879193690474,policy_rebalance
2026-08-31,2026-08-31T14:10:00-04:00,2026-08-31T14:10:00-04:00,TSLA,85,buy,367.3599853515625,367.54366534423826,15.612799377441407,0.0,15.612799377441407,31225.598754882812,0,142850.94833422106,98710.3441929857,0.44717303441812895,-0.44717303441812895,policy_rebalance
2026-08-31,2026-08-31T14:10:00-04:00,2026-08-31T14:10:00-04:00,NVDA,1,buy,219.60499572753906,219.71479822540283,0.10980249786376953,0.0,0.10980249786376953,219.60499572753906,-200,142631.23353599565,98710.23439048784,0.4449487879013712,-0.4449487879013712,policy_rebalance
2026-08-31,2026-08-31T14:10:00-04:00,2026-08-31T14:10:00-04:00,TSLA,69,buy,367.3599853515625,367.54366534423826,12.673919494628906,0.0,12.673919494628906,25347.838989257812,69,117270.72062724321,98697.56047099321,0.7018292833602857,-0.1881825656846764,policy_rebalance
2026-08-31,2026-08-31T14:15:00-04:00,2026-08-31T14:15:00-04:00,TSLA,-1,sell,367.69488525390625,367.5110378112793,0.18384744262695313,0.0,0.18384744262695313,367.69488525390625,68,117638.23166505448,98776.48447267167,0.6972130254946229,-0.19095382158089724,policy_rebalance
2026-08-31,2026-08-31T14:20:00-04:00,2026-08-31T14:20:00-04:00,SNDK,-5,sell,1506.6099853515625,1505.8566803588867,3.7665249633789064,0.0,3.7665249633789064,7533.0499267578125,-5,125167.51506684892,98749.00652192705,0.7738770350255363,-0.26753189196952265,policy_rebalance
2026-08-31,2026-08-31T14:20:00-04:00,2026-08-31T14:20:00-04:00,TSLA,43,buy,367.6549987792969,367.8388262786865,7.904582473754883,0.0,7.904582473754883,15809.164947509766,111,109350.4455368654,98741.10193945329,0.9340462230507559,-0.10744607249691841,policy_rebalance
2026-08-31,2026-08-31T14:25:00-04:00,2026-08-31T14:25:00-04:00,TSLA,-23,sell,367.4100036621094,367.22629866027836,4.225215042114258,0.0,4.225215042114258,8450.430084228516,88,117796.6504060518,98675.32923905962,0.8491026324172406,-0.19378016080055002,policy_rebalance
2026-08-31,2026-08-31T14:25:00-04:00,2026-08-31T14:25:00-04:00,SNDK,-6,sell,1507.8800048828125,1507.1260648803711,4.5236400146484375,0.0,4.5236400146484375,9047.280029296875,-11,126839.40679533403,98670.80559904496,0.9408331195556676,-0.28548060416932186,policy_rebalance
2026-08-31,2026-08-31T14:30:00-04:00,2026-08-31T14:30:00-04:00,NVDA,37,buy,218.9499969482422,219.0594719467163,4.050574943542481,0.0,4.050574943542481,8101.149887084961,-163,118734.20633330553,98808.35817351549,0.8561195842817394,-0.20166156515624553,policy_rebalance
2026-08-31,2026-08-31T14:30:00-04:00,2026-08-31T14:30:00-04:00,SNDK,-6,sell,1506.3599853515625,1505.6068053588867,4.5190799560546875,0.0,4.5190799560546875,9038.159912109375,-17,127767.84716545885,98803.83909355944,0.9476345382340914,-0.29314658557419804,policy_rebalance
2026-08-31,2026-08-31T14:35:00-04:00,2026-08-31T14:35:00-04:00,TSLA,-1,sell,366.2799987792969,366.0968587799072,0.18313999938964845,0.0,0.18313999938964845,366.2799987792969,87,128133.94402423876,98758.60938373583,0.942784178605842,-0.2974458107886302,policy_rebalance
2026-08-31,2026-08-31T14:35:00-04:00,2026-08-31T14:35:00-04:00,SNDK,7,buy,1508.429931640625,1509.1841466064452,5.279504760742188,0.0,5.279504760742188,10559.009521484375,-10,117569.65499799365,98753.3298789751,0.8359115080755486,-0.19053863947755964,policy_rebalance
2026-08-31,2026-08-31T14:35:00-04:00,2026-08-31T14:35:00-04:00,NVDA,126,buy,218.39500427246094,218.50420177459716,13.75888526916504,0.0,13.75888526916504,27517.770538330078,-37,90038.1255743944,98739.57099370593,0.5573375883088864,0.08812520990055941,policy_rebalance
2026-08-31,2026-08-31T14:40:00-04:00,2026-08-31T14:40:00-04:00,SNDK,1,buy,1508.7999267578125,1509.5543267211913,0.7543999633789062,0.0,0.7543999633789062,1508.7999267578125,-9,88528.57124767322,98685.8116498949,0.5416463707207974,0.10292503281278427,policy_rebalance
2026-08-31,2026-08-31T14:40:00-04:00,2026-08-31T14:40:00-04:00,NVDA,1,buy,218.0699005126953,218.17893546295164,0.10903495025634766,0.0,0.10903495025634766,218.0699005126953,-36,88310.39231221026,98685.70261494463,0.5394372275891095,0.10513488811258839,policy_rebalance
2026-08-31,2026-08-31T14:45:00-04:00,2026-08-31T14:45:00-04:00,NVDA,1,buy,218.14990234375,218.25897729492186,0.109074951171875,0.0,0.109074951171875,218.14990234375,-35,88092.13333491533,98740.89514521806,0.5368156301937121,0.10784550610607306,policy_rebalance
2026-08-31,2026-08-31T14:45:00-04:00,2026-08-31T14:45:00-04:00,SNDK,-1,sell,1504.800048828125,1504.0476488037111,0.7524000244140625,0.0,0.7524000244140625,1504.800048828125,-10,89596.18098371904,98740.14274519365,0.552059723498354,0.09260632512018227,policy_rebalance
2026-08-31,2026-08-31T14:45:00-04:00,2026-08-31T14:45:00-04:00,TSLA,42,buy,365.8299865722656,366.0129015655517,7.682429718017578,0.0,7.682429718017578,15364.859436035156,129,74223.63911796587,98732.46031547563,0.7077238338320057,0.24823468511974453,policy_rebalance
2026-08-31,2026-08-31T14:50:00-04:00,2026-08-31T14:50:00-04:00,SNDK,1,buy,1501.5999755859375,1502.3507755737303,0.7507999877929687,0.0,0.7507999877929687,1501.5999755859375,-9,72721.28834239213,98790.25837413041,0.6919612428725308,0.2638819906008546,policy_rebalance
2026-08-31,2026-08-31T14:55:00-04:00,2026-08-31T14:55:00-04:00,TSLA,-83,sell,365.9049987792969,365.72204627990726,15.185057449340821,0.0,15.185057449340821,30370.11489868164,46,103076.21818362444,98931.99328433245,0.3821563028486434,-0.04188963308746252,policy_rebalance
2026-08-31,2026-08-31T14:55:00-04:00,2026-08-31T14:55:00-04:00,SNDK,9,buy,1481.219970703125,1481.9605806884765,6.665489868164062,0.0,6.665489868164062,13330.979736328125,0,89738.57295742816,98925.32779446429,0.24742404798004466,0.09286554860978899,policy_rebalance
2026-08-31,2026-08-31T14:55:00-04:00,2026-08-31T14:55:00-04:00,SNDK,46,buy,1481.219970703125,1481.9605806884765,34.06805932617188,0.0,34.06805932617188,68136.11865234375,46,21568.386245758244,98891.25973513813,0.9365096971264057,0.7818979523213158,policy_rebalance
2026-08-31,2026-08-31T15:05:00-04:00,2026-08-31T15:05:00-04:00,TSLA,-1,sell,365.7401123046875,365.5572422485352,0.18287005615234375,0.0,0.18287005615234375,365.7401123046875,45,21933.94348800678,98270.45128524798,0.9326807506069816,0.776800216126621,policy_rebalance
2026-08-31,2026-08-31T15:10:00-04:00,2026-08-31T15:10:00-04:00,TSLA,-1,sell,366.364990234375,366.1818077392578,0.1831824951171875,0.0,0.1831824951171875,366.364990234375,44,22300.125295746035,98192.5454007265,0.9288802888432628,0.7728939075289412,policy_rebalance
2026-08-31,2026-08-31T15:10:00-04:00,2026-08-31T15:10:00-04:00,NVDA,1,buy,218.80999755859375,218.91940255737305,0.10940499877929688,0.0,0.10940499877929688,218.80999755859375,-34,22081.20589318866,98192.43599572772,0.9266529444333407,0.7751231480381097,policy_rebalance
2026-08-31,2026-08-31T15:15:00-04:00,2026-08-31T15:15:00-04:00,TSLA,-1,sell,366.0299987792969,365.84698377990725,0.18301499938964844,0.0,0.18301499938964844,366.0299987792969,43,22447.052876968566,97757.3720298006,0.9226815029133153,0.770379947712529,policy_rebalance
2026-08-31,2026-08-31T15:15:00-04:00,2026-08-31T15:15:00-04:00,NVDA,1,buy,218.9499969482422,219.0594719467163,0.1094749984741211,0.0,0.1094749984741211,218.9499969482422,-33,22227.99340502185,97757.26255480212,0.9204428049314703,0.7726205416957029,policy_rebalance
2026-08-31,2026-08-31T15:20:00-04:00,2026-08-31T15:20:00-04:00,TSLA,-7,sell,365.69000244140625,365.50715744018555,1.2799150085449218,0.0,1.2799150085449218,2559.8300170898438,36,24786.54350710315,97922.63553285999,0.8943848505219708,0.7468762623450274,policy_rebalance
2026-08-31,2026-08-31T15:20:00-04:00,2026-08-31T15:20:00-04:00,NVDA,1,buy,218.85499572753906,218.9644232254028,0.10942749786376953,0.0,0.10942749786376953,218.85499572753906,-32,24567.579083877747,97922.52610536212,0.8921508688822832,0.749112078078504,policy_rebalance
2026-08-31,2026-08-31T15:25:00-04:00,2026-08-31T15:25:00-04:00,NVDA,-25,sell,219.47999572753906,219.3702557296753,2.7434999465942385,0.0,2.7434999465942385,5486.999893188477,-57,30051.83547711963,98001.07667279834,0.9486626460138,0.6933519865556644,policy_rebalance
2026-08-31,2026-08-31T15:30:00-04:00,2026-08-31T15:30:00-04:00,SNDK,-17,sell,1475.989990234375,1475.251995239258,12.545914916992187,0.0,12.545914916992187,25091.829833984375,29,55131.119396187016,98603.76887128467,0.6950254649953495,0.4408822296827818,policy_rebalance
2026-08-31,2026-08-31T15:30:00-04:00,2026-08-31T15:30:00-04:00,TSLA,38,buy,366.6300048828125,366.81331988525386,6.965970092773437,0.0,6.965970092773437,13931.940185546875,74,41192.21324054737,98596.8029011919,0.8363767188094959,0.5822155280042106,policy_rebalance
2026-08-31,2026-08-31T15:30:00-04:00,2026-08-31T15:30:00-04:00,NVDA,-44,sell,219.82000732421875,219.71009732055666,4.8360401611328125,0.0,4.8360401611328125,9672.080322265625,-101,50859.457522651865,98591.96686103077,0.9345198574620243,0.4841419728004792,policy_rebalance
2026-08-31,2026-08-31T15:35:00-04:00,2026-08-31T15:35:00-04:00,TSLA,-74,sell,367.4100036621094,367.22629866027836,13.594170135498047,0.0,13.594170135498047,27188.340270996094,0,78034.20362351247,98570.60782883473,0.6587458104937606,0.20834206725176324,policy_rebalance
2026-08-31,2026-08-31T15:35:00-04:00,2026-08-31T15:35:00-04:00,SNDK,3,buy,1473.6099853515625,1474.3467903442381,2.2104149780273437,0.0,2.2104149780273437,4420.8299560546875,32,73611.16325247976,98568.39741385671,0.7036109617358283,0.25319711810459516,policy_rebalance
2026-08-31,2026-08-31T15:35:00-04:00,2026-08-31T15:35:00-04:00,NVDA,-108,sell,219.78500366210938,219.67511116027833,11.868390197753905,0.0,11.868390197753905,23736.780395507812,-209,97336.07525778982,98556.52902365896,0.9445400139272764,0.012383286809706589,policy_rebalance
2026-08-31,2026-08-31T15:40:00-04:00,2026-08-31T15:40:00-04:00,SNDK,-7,sell,1482.4000244140625,1481.6588244018556,5.188400085449219,0.0,5.188400085449219,10376.800170898438,25,107707.68702860281,98833.66789408133,0.8397342942302632,-0.08978741074379278,policy_rebalance
2026-08-31,2026-08-31T15:40:00-04:00,2026-08-31T15:40:00-04:00,NVDA,-44,sell,219.77999877929688,219.67010877990725,4.835159973144531,0.0,4.835159973144531,9670.319946289062,-253,117373.17181491874,98828.83273410819,0.9376245548788416,-0.187640980549702,policy_rebalance
2026-08-31,2026-08-31T15:45:00-04:00,2026-08-31T15:45:00-04:00,NVDA,1,buy,219.9600067138672,220.0699867172241,0.1099800033569336,0.0,0.1099800033569336,219.9600067138672,-252,117153.10182820151,98861.93135701011,0.9363429546840811,-0.18501732891640918,policy_rebalance
2026-08-31,2026-08-31T15:50:00-04:00,2026-08-31T15:50:00-04:00,NVDA,1,buy,219.52999877929688,219.6397637786865,0.10976499938964844,0.0,0.10976499938964844,219.52999877929688,-251,116933.46206442283,99080.43139425681,0.9320814152449697,-0.1801872521035558,policy_rebalance
2026-08-31,2026-08-31T15:55:00-04:00,,SNDK,-25,sell,1545.8199462890625,1545.0470363159181,19.32274932861328,0.0,19.32274932861328,38645.49865722656,0,155559.63797232078,100156.40904470847,0.5531670859213917,-0.5531670859213917,scheduled_1555_liquidation
2026-08-31,2026-08-31T15:55:00-04:00,,NVDA,251,buy,220.72999572753906,220.84036072540283,27.701614463806152,0.0,27.701614463806152,55403.228927612305,0,100128.70743024467,100128.70743024467,0.0,0.0,scheduled_1555_liquidation
2026-09-01,2026-09-01T09:35:00-04:00,2026-09-01T09:35:00-04:00,SNDK,42,buy,1543.22998046875,1544.0015954589842,32.40782958984375,0.0,32.40782958984375,64815.6591796875,42,35280.640420967335,100096.29960065483,0.6475330200844255,0.6475330200844255,policy_rebalance
2026-09-01,2026-09-01T09:35:00-04:00,2026-09-01T09:35:00-04:00,TSLA,-12,sell,356.0799865722656,355.9019465789795,2.1364799194335937,0.0,2.1364799194335937,4272.9598388671875,-12,39551.46377991509,100094.16312073541,0.690236242199445,0.6048574407659776,policy_rebalance
2026-09-01,2026-09-01T09:35:00-04:00,2026-09-01T09:35:00-04:00,NVDA,-119,sell,215.6300048828125,215.52218988037112,12.829985290527343,0.0,12.829985290527343,25659.970581054688,-119,65198.60437567925,100081.33313544487,0.9467159022690231,0.3485438059918442,policy_rebalance
2026-09-01,2026-09-01T09:40:00-04:00,2026-09-01T09:40:00-04:00,SNDK,-24,sell,1540.9000244140625,1540.1295744018555,18.49080029296875,0.0,18.49080029296875,36981.6005859375,18,102161.71416132379,99905.20640985895,0.5778368385881663,-0.022586488057564982,policy_rebalance
2026-09-01,2026-09-01T09:40:00-04:00,2026-09-01T09:40:00-04:00,NVDA,-165,sell,216.30780029296875,216.19964639282227,17.84539352416992,0.0,17.84539352416992,35690.787048339844,-284,137834.65581613948,99887.36101633479,0.9352504133474285,-0.379900864470722,policy_rebalance
2026-09-01,2026-09-01T09:45:00-04:00,2026-09-01T09:45:00-04:00,SNDK,-17,sell,1537.5899658203125,1536.8211708374024,13.069514709472656,0.0,13.069514709472656,26139.029418945312,1,163960.61572037532,99999.64428482845,0.6703638982579657,-0.6396119895523547,policy_rebalance
2026-09-01,2026-09-01T09:45:00-04:00,2026-09-01T09:45:00-04:00,TSLA,-18,sell,354.9700012207031,354.7925162200928,3.194730010986328,0.0,3.194730010986328,6389.460021972656,-30,170346.881012337,99996.44955481746,0.7342821841780359,-0.7035292929970863,policy_rebalance
2026-09-01,2026-09-01T09:50:00-04:00,2026-09-01T09:50:00-04:00,NVDA,26,buy,216.35499572753906,216.4631732254028,2.8126149444580077,0.0,2.8126149444580077,5625.229888916016,-258,164718.8385084765,99695.20493303705,0.6831817405840237,-0.6522242831951077,policy_rebalance
2026-09-01,2026-09-01T09:50:00-04:00,2026-09-01T09:50:00-04:00,SNDK,9,buy,1543.155029296875,1543.9266068115232,6.944197631835937,0.0,6.944197631835937,13888.395263671875,10,150823.49904717278,99688.2607354052,0.8225475927937683,-0.5129514542087544,policy_rebalance
2026-09-01,2026-09-01T09:50:00-04:00,2026-09-01T09:50:00-04:00,TSLA,-34,sell,358.239990234375,358.06087023925784,6.090079833984375,0.0,6.090079833984375,12180.15966796875,-64,162997.56863530754,99682.17065557122,0.9447877985230272,-0.6351727451693253,policy_rebalance
2026-09-01,2026-09-01T09:55:00-04:00,2026-09-01T09:55:00-04:00,TSLA,38,buy,358.34991455078125,358.52908950805664,6.808648376464844,0.0,6.808648376464844,13617.296752929688,-26,149373.4632340014,99541.92517858147,0.8105824586101777,-0.5006085422400713,policy_rebalance
2026-09-01,2026-09-01T09:55:00-04:00,2026-09-01T09:55:00-04:00,NVDA,-63,sell,216.8300018310547,216.72158683013916,6.830145057678223,0.0,6.830145057678223,13660.290115356445,-321,163026.92320430017,99535.0950335238,0.9478790222647083,-0.6378838353386017,policy_rebalance
2026-09-01,2026-09-01T10:00:00-04:00,2026-09-01T10:00:00-04:00,SNDK,-10,sell,1540.1199951171875,1539.349935119629,7.700599975585938,0.0,7.700599975585938,15401.199951171875,0,178420.42255549645,99442.95200495934,0.7941987738517498,-0.7941987738517498,policy_rebalance
2026-09-01,2026-09-01T10:00:00-04:00,2026-09-01T10:00:00-04:00,TSLA,8,buy,358.8500061035156,359.02943110656736,1.4354000244140626,0.0,1.4354000244140626,2870.800048828125,-18,175548.18710664392,99441.51660493494,0.7653410074593742,-0.7653410074593742,policy_rebalance
2026-09-01,2026-09-01T10:00:00-04:00,2026-09-01T10:00:00-04:00,NVDA,1,buy,216.97000122070312,217.07848622131345,0.10848500061035156,0.0,0.10848500061035156,216.97000122070312,-320,175331.1086204226,99441.40811993432,0.7631599545428722,-0.7631599545428722,policy_rebalance
2026-09-01,2026-09-01T10:00:00-04:00,2026-09-01T10:00:00-04:00,SNDK,-2,sell,1540.1199951171875,1539.349935119629,1.5401199951171876,0.0,1.5401199951171876,3080.239990234375,-2,178409.80849066185,99439.86799993919,0.794147680191721,-0.794147680191721,policy_rebalance
2026-09-01,2026-09-01T10:05:00-04:00,2026-09-01T10:05:00-04:00,SNDK,2,buy,1542.8599853515625,1543.6314153442381,1.5428599853515625,0.0,1.5428599853515625,3085.719970703125,0,175322.54565997337,99400.4765681765,0.7637998499908969,-0.7637998499908969,policy_rebalance
2026-09-01,2026-09-01T10:05:00-04:00,2026-09-01T10:05:00-04:00,TSLA,2,buy,358.5150146484375,358.6942721557617,0.3585150146484375,0.0,0.3585150146484375,717.030029296875,-16,174605.15711566186,99400.11805316186,0.7565890316375512,-0.7565890316375512,policy_rebalance
2026-09-01,2026-09-01T10:05:00-04:00,2026-09-01T10:05:00-04:00,SNDK,8,buy,1542.8599853515625,1543.6314153442381,6.17143994140625,0.0,6.17143994140625,12342.8798828125,8,162256.10579290794,99393.94661322044,0.8808174132172724,-0.6324546043463594,policy_rebalance
2026-09-01,2026-09-01T10:10:00-04:00,2026-09-01T10:10:00-04:00,TSLA,1,buy,359.2349853515625,359.4146028442383,0.17961749267578125,0.0,0.17961749267578125,359.2349853515625,-15,161896.6911900637,99100.04531604025,0.8816585841208128,-0.6336691943354664,policy_rebalance
2026-09-01,2026-09-01T10:10:00-04:00,2026-09-01T10:10:00-04:00,NVDA,2,buy,217.8000030517578,217.90890305328367,0.2178000030517578,0.0,0.2178000030517578,435.6000061035156,-318,161460.87338395714,99099.82751603721,0.8772649540633765,-0.6292750192509478,policy_rebalance
2026-09-01,2026-09-01T10:10:00-04:00,2026-09-01T10:10:00-04:00,SNDK,4,buy,1535.9849853515625,1536.752977844238,3.071969970703125,0.0,3.071969970703125,6143.93994140625,12,155313.86147258017,99096.7555460665,0.9392915546229089,-0.5672951209828496,policy_rebalance
2026-09-01,2026-09-01T10:15:00-04:00,2026-09-01T10:15:00-04:00,TSLA,15,buy,359.0299987792969,359.2095137786865,2.6927249908447264,0.0,2.6927249908447264,5385.449981689453,0,149925.7187658999,99057.60743777489,0.8853332265876446,-0.5135204922052945,policy_rebalance
2026-09-01,2026-09-01T10:15:00-04:00,2026-09-01T10:15:00-04:00,NVDA,1,buy,217.872802734375,217.98173913574217,0.1089364013671875,0.0,0.1089364013671875,217.872802734375,-317,149707.73702676414,99057.49850137351,0.8831347422627488,-0.5113215989871611,policy_rebalance
2026-09-01,2026-09-01T10:15:00-04:00,2026-09-01T10:15:00-04:00,SNDK,4,buy,1534.6199951171875,1535.387305114746,3.069239990234375,0.0,3.069239990234375,6138.47998046875,16,143566.18780630516,99054.42926138328,0.9451328838777108,-0.44936666514391743,policy_rebalance
2026-09-01,2026-09-01T10:20:00-04:00,2026-09-01T10:20:00-04:00,NVDA,29,buy,217.83999633789062,217.94891633605957,3.1586799468994142,0.0,3.1586799468994142,6317.359893798828,-288,137245.66923255942,99025.34989662192,0.8811432491354829,-0.38596500164693004,policy_rebalance
2026-09-01,2026-09-01T10:20:00-04:00,2026-09-01T10:20:00-04:00,SNDK,4,buy,1532.3499755859375,1533.1161505737305,3.064699951171875,0.0,3.064699951171875,6129.39990234375,20,131113.2046302645,99022.28519667074,0.9430697167971536,-0.3240777504766441,policy_rebalance
2026-09-01,2026-09-01T10:25:00-04:00,2026-09-01T10:25:00-04:00,NVDA,-3,sell,217.7449951171875,217.6361226196289,0.3266174926757813,0.0,0.3266174926757813,653.2349853515625,-291,131766.11299812337,99105.6202002718,0.9491600392617651,-0.32955237787576036,policy_rebalance
2026-09-01,2026-09-01T10:30:00-04:00,2026-09-01T10:30:00-04:00,SNDK,-1,sell,1536.64501953125,1535.8766970214845,0.768322509765625,0.0,0.768322509765625,1536.64501953125,19,133301.98969514485,99173.73488862629,0.9329160150377352,-0.34412594065197943,policy_rebalance
2026-09-01,2026-09-01T10:35:00-04:00,2026-09-01T10:35:00-04:00,SNDK,-8,sell,1544.300048828125,1543.527898803711,6.1772001953125,0.0,6.1772001953125,12354.400390625,11,145650.21288557452,99228.58411665363,0.8102124056171701,-0.46782516532078494,policy_rebalance
2026-09-01,2026-09-01T10:35:00-04:00,2026-09-01T10:35:00-04:00,TSLA,15,buy,358.9700012207031,359.14948622131345,2.6922750091552734,0.0,2.6922750091552734,5384.550018310547,15,140262.97059225483,99225.89184164448,0.864499963359851,-0.4135722842995637,policy_rebalance
2026-09-01,2026-09-01T10:40:00-04:00,2026-09-01T10:40:00-04:00,TSLA,-15,sell,358.70001220703125,358.52066220092775,2.6902500915527345,0.0,2.6902500915527345,5380.500183105469,0,145640.78052526875,99323.22846228047,0.8094645495316992,-0.4663315196261274,policy_rebalance
2026-09-01,2026-09-01T10:40:00-04:00,2026-09-01T10:40:00-04:00,TSLA,-21,sell,358.70001220703125,358.52066220092775,3.766350128173828,0.0,3.766350128173828,7532.700256347656,-21,153169.71443148825,99319.46211215231,0.8853383895928556,-0.5421923475434031,policy_rebalance
2026-09-01,2026-09-01T10:40:00-04:00,2026-09-01T10:40:00-04:00,NVDA,-28,sell,217.72540283203125,217.61654013061525,3.0481556396484377,0.0,3.0481556396484377,6096.311279296875,-319,159262.97755514548,99316.41395651267,0.9467482783064438,-0.6035917046388868,policy_rebalance
2026-09-01,2026-09-01T10:45:00-04:00,2026-09-01T10:45:00-04:00,SNDK,-6,sell,1551.989990234375,1551.2139952392579,4.655969970703125,0.0,4.655969970703125,9311.93994140625,5,168570.26152658102,99235.44161080953,0.8550848209141457,-0.6986900928772506,policy_rebalance
2026-09-01,2026-09-01T10:45:00-04:00,2026-09-01T10:45:00-04:00,NVDA,1,buy,218.02999877929688,218.13901377868652,0.10901499938964844,0.0,0.10901499938964844,218.02999877929688,-318,168352.12251280234,99235.33259581015,0.8528886597686418,-0.6964937599242792,policy_rebalance
2026-09-01,2026-09-01T10:45:00-04:00,2026-09-01T10:45:00-04:00,TSLA,-25,sell,359.20001220703125,359.02041220092775,4.490000152587891,0.0,4.490000152587891,8980.000305175781,-46,177327.63281782554,99230.84259565757,0.9434233114998105,-0.7870213350943123,policy_rebalance
2026-09-01,2026-09-01T10:50:00-04:00,2026-09-01T10:50:00-04:00,SNDK,-5,sell,1562.5050048828125,1561.7237523803713,3.9062625122070314,0.0,3.9062625122070314,7812.5250244140625,0,185136.2515797274,99397.11287733482,0.8625918421614777,-0.8625918421614777,policy_rebalance
2026-09-01,2026-09-01T10:50:00-04:00,2026-09-01T10:50:00-04:00,TSLA,-24,sell,358.510009765625,358.3307547607422,4.3021201171875,0.0,4.3021201171875,8604.240234375,-70,193736.18969398522,99392.81075721764,0.9491972127362001,-0.9491972127362001,policy_rebalance
2026-09-01,2026-09-01T10:55:00-04:00,2026-09-01T10:55:00-04:00,NVDA,79,buy,217.77000427246094,217.87888927459716,8.601915168762208,0.0,8.601915168762208,17203.830337524414,-239,176523.75744129205,99415.83133960748,0.7756101323367861,-0.7756101323367861,policy_rebalance
2026-09-01,2026-09-01T10:55:00-04:00,2026-09-01T10:55:00-04:00,TSLA,-47,sell,358.0127868652344,357.8337804718018,8.413300491333008,0.0,8.413300491333008,16826.600982666016,-117,193341.94512346672,99407.41803911614,0.9449448435265464,-0.9449448435265464,policy_rebalance
2026-09-01,2026-09-01T11:00:00-04:00,2026-09-01T11:00:00-04:00,TSLA,1,buy,357.635009765625,357.8138272705078,0.1788175048828125,0.0,0.1788175048828125,357.635009765625,-116,192984.13129619622,99385.7156010058,0.9417692988291287,-0.9417692988291287,policy_rebalance
2026-09-01,2026-09-01T11:00:00-04:00,2026-09-01T11:00:00-04:00,NVDA,-2,sell,218.0449981689453,217.93597566986085,0.21804499816894532,0.0,0.21804499816894532,436.0899963378906,-241,193420.00324753593,99385.49755600761,0.9461592284984658,-0.9461592284984658,policy_rebalance
2026-09-01,2026-09-01T11:05:00-04:00,2026-09-01T11:05:00-04:00,TSLA,4,buy,358.114990234375,358.29404772949215,0.71622998046875,0.0,0.71622998046875,1432.4599609375,-112,191986.82705661797,99221.85682651543,0.934924755462877,-0.934924755462877,policy_rebalance
2026-09-01,2026-09-01T11:10:00-04:00,2026-09-01T11:10:00-04:00,NVDA,1,buy,217.83999633789062,217.94891633605957,0.1089199981689453,0.0,0.1089199981689453,217.83999633789062,-240,191768.87814028191,99352.07833559441,0.9301949325359785,-0.9301949325359785,policy_rebalance
2026-09-01,2026-09-01T11:10:00-04:00,2026-09-01T11:10:00-04:00,TSLA,-4,sell,358.3500061035156,358.1708311004639,0.7167000122070313,0.0,0.7167000122070313,1433.4000244140625,-116,193201.56146468376,99351.3616355822,0.9446292258513906,-0.9446292258513906,policy_rebalance
2026-09-01,2026-09-01T11:15:00-04:00,2026-09-01T11:15:00-04:00,NVDA,1,buy,217.97500610351562,218.08399360656736,0.1089875030517578,0.0,0.1089875030517578,217.97500610351562,-239,192983.4774710772,99239.85433264947,0.944616694258755,-0.944616694258755,policy_rebalance
2026-09-01,2026-09-01T11:20:00-04:00,2026-09-01T11:20:00-04:00,TSLA,8,buy,358.5675048828125,358.7467886352539,1.43427001953125,0.0,1.43427001953125,2868.5400390625,-108,190113.50316199518,99247.97175940729,0.9155404366636353,-0.9155404366636353,policy_rebalance
2026-09-01,2026-09-01T11:20:00-04:00,2026-09-01T11:20:00-04:00,SNDK,2,buy,1553.5,1554.27675,1.5535,0.0,1.5535,3107.0,2,187004.94966199517,99246.41825940728,0.9468606832436546,-0.8842488519153134,policy_rebalance
2026-09-01,2026-09-01T11:25:00-04:00,2026-09-01T11:25:00-04:00,TSLA,4,buy,359.07000732421875,359.2495423278808,0.7181400146484375,0.0,0.7181400146484375,1436.280029296875,-104,185567.95149268364,99114.65237464165,0.9352338627571374,-0.8722554843986009,policy_rebalance
2026-09-01,2026-09-01T11:30:00-04:00,2026-09-01T11:30:00-04:00,TSLA,12,buy,359.489990234375,359.6697352294922,2.15693994140625,0.0,2.15693994140625,4313.8798828125,-92,181251.91466992974,99019.53474134087,0.8937648511928157,-0.8304662321772823,policy_rebalance
2026-09-01,2026-09-01T11:30:00-04:00,2026-09-01T11:30:00-04:00,NVDA,-25,sell,218.8000030517578,218.69060305023194,2.7350000381469726,0.0,2.7350000381469726,5470.000076293945,-264,186719.17974618555,99016.79974130273,0.9490326899584967,-0.885732322535361,policy_rebalance
2026-09-01,2026-09-01T11:40:00-04:00,2026-09-01T11:40:00-04:00,SNDK,-1,sell,1578.9300537109375,1578.140588684082,0.7894650268554687,0.0,0.7894650268554687,1578.9300537109375,1,188297.32033486964,98852.91225381495,0.9367682355246224,-0.9048231968259774,policy_rebalance
2026-09-01,2026-09-01T11:45:00-04:00,2026-09-01T11:45:00-04:00,TSLA,21,buy,358.5,358.67924999999997,3.76425,0.0,3.76425,7528.5,-71,180765.05608486963,98964.83220791651,0.8588122868599044,-0.8265585062085283,policy_rebalance
2026-09-01,2026-09-01T11:45:00-04:00,2026-09-01T11:45:00-04:00,SNDK,5,buy,1595.9949951171875,1596.792992614746,3.989987487792969,0.0,3.989987487792969,7979.9749755859375,6,172781.0911217959,98960.84222042872,0.9394846159017528,-0.7459541293811696,policy_rebalance
2026-09-01,2026-09-01T11:50:00-04:00,2026-09-01T11:50:00-04:00,TSLA,-2,sell,358.44500732421875,358.26578482055663,0.35844500732421875,0.0,0.35844500732421875,716.8900146484375,-73,173497.62269143702,98940.83796243311,0.9479768517837417,-0.7535491538621535,policy_rebalance
2026-09-01,2026-09-01T11:55:00-04:00,2026-09-01T11:55:00-04:00,SNDK,-4,sell,1599.81005859375,1599.0101535644533,3.1996201171875,0.0,3.1996201171875,6399.240234375,2,179893.66330569482,98789.490332062,0.8857562976980831,-0.8209797692144845,policy_rebalance
2026-09-01,2026-09-01T11:55:00-04:00,2026-09-01T11:55:00-04:00,TSLA,-13,sell,358.7598876953125,358.58050775146484,2.3319392700195314,0.0,2.3319392700195314,4663.8785400390625,-86,184555.20990646386,98787.15839279199,0.9329885913063359,-0.8682105337279339,policy_rebalance
2026-09-01,2026-09-01T12:00:00-04:00,2026-09-01T12:00:00-04:00,TSLA,-4,sell,358.75,358.570625,0.7175,0.0,0.7175,1435.0,-90,185989.49240646386,98756.81247482324,0.9481302375188569,-0.8833079738562791,policy_rebalance
2026-09-01,2026-09-01T12:05:00-04:00,2026-09-01T12:05:00-04:00,SNDK,-2,sell,1591.6800537109375,1590.8842136840822,1.5916800537109375,0.0,1.5916800537109375,3183.360107421875,0,189171.26083383203,98830.10110482812,0.914105709890754,-0.914105709890754,policy_rebalance
2026-09-01,2026-09-01T12:05:00-04:00,2026-09-01T12:05:00-04:00,NVDA,26,buy,219.88999938964844,219.99994438934326,2.8585699920654295,0.0,2.8585699920654295,5717.139984130859,-238,183451.2622797091,98827.24253483606,0.8562823121877913,-0.8562823121877913,policy_rebalance
2026-09-01,2026-09-01T12:05:00-04:00,2026-09-01T12:05:00-04:00,TSLA,-25,sell,358.7799987792969,358.60060877990725,4.484749984741211,0.0,4.484749984741211,8969.499969482422,-115,192416.27749920677,98822.7577848513,0.9470846777836286,-0.9470846777836286,policy_rebalance
2026-09-01,2026-09-01T12:10:00-04:00,2026-09-01T12:10:00-04:00,TSLA,1,buy,358.57000732421875,358.7492923278808,0.17928500366210937,0.0,0.17928500366210937,358.57000732421875,-114,192057.5282068789,98889.56577401757,0.9421414858446113,-0.9421414858446113,policy_rebalance
2026-09-01,2026-09-01T12:10:00-04:00,2026-09-01T12:10:00-04:00,NVDA,-1,sell,219.7100067138672,219.60015171051026,0.1098550033569336,0.0,0.1098550033569336,219.7100067138672,-239,192277.1283585894,98889.4559190142,0.9443643063023351,-0.9443643063023351,policy_rebalance
2026-09-01,2026-09-01T12:15:00-04:00,2026-09-01T12:15:00-04:00,TSLA,1,buy,358.239990234375,358.41911022949216,0.1791199951171875,0.0,0.1791199951171875,358.239990234375,-113,191918.7092483599,98904.1971023638,0.9404506064563468,-0.9404506064563468,policy_rebalance
2026-09-01,2026-09-01T12:15:00-04:00,2026-09-01T12:15:00-04:00,NVDA,-2,sell,219.80499267578125,219.69509017944338,0.21980499267578124,0.0,0.21980499267578124,439.6099853515625,-241,192358.0994287188,98903.97729737114,0.944897512567795,-0.944897512567795,policy_rebalance
2026-09-01,2026-09-01T12:20:00-04:00,2026-09-01T12:20:00-04:00,NVDA,-3,sell,219.5449981689453,219.43522566986084,0.32931749725341797,0.0,0.32931749725341797,658.6349945068359,-244,193016.40510572837,99001.10878004477,0.9496388220717974,-0.9496388220717974,policy_rebalance
2026-09-01,2026-09-01T12:25:00-04:00,2026-09-01T12:25:00-04:00,NVDA,28,buy,219.32000732421875,219.42966732788085,3.0704801025390625,0.0,3.0704801025390625,6140.960205078125,-216,186872.3744205477,99188.76159706138,0.884007536858733,-0.884007536858733,policy_rebalance
2026-09-01,2026-09-01T12:25:00-04:00,2026-09-01T12:25:00-04:00,SNDK,4,buy,1586.02001953125,1586.8130295410156,3.1720400390625,0.0,3.1720400390625,6344.080078125,4,180525.12230238365,99185.58955702232,0.9479975198166696,-0.820074096535957,policy_rebalance
2026-09-01,2026-09-01T12:35:00-04:00,2026-09-01T12:35:00-04:00,TSLA,1,buy,357.32989501953125,357.508559967041,0.17866494750976564,0.0,0.17866494750976564,357.32989501953125,-112,180167.6137424166,99062.96676976036,0.9453692984988552,-0.818718130672965,policy_rebalance
2026-09-01,2026-09-01T12:35:00-04:00,2026-09-01T12:35:00-04:00,NVDA,89,buy,219.2449951171875,219.35461761474608,9.756402282714843,0.0,9.756402282714843,19512.804565429688,-127,160645.0527747042,99053.21036747764,0.7484692577036962,-0.621805615171148,policy_rebalance
2026-09-01,2026-09-01T12:35:00-04:00,2026-09-01T12:35:00-04:00,SNDK,12,buy,1568.3050537109375,1569.089206237793,9.409830322265625,0.0,9.409830322265625,18819.66064453125,16,141815.9822998507,99043.80053715539,0.9385538819925734,-0.43185117625458763,policy_rebalance
2026-09-01,2026-09-01T12:40:00-04:00,2026-09-01T12:40:00-04:00,NVDA,14,buy,219.4250030517578,219.5347155532837,1.5359750213623047,0.0,1.5359750213623047,3071.9500427246094,-113,138742.49628210472,99031.61986303734,0.908841010954831,-0.4009918900043067,policy_rebalance
2026-09-01,2026-09-01T12:40:00-04:00,2026-09-01T12:40:00-04:00,SNDK,2,buy,1571.6600341796875,1572.4458641967772,1.5716600341796876,0.0,1.5716600341796876,3143.320068359375,18,135597.60455371116,99030.04820300316,0.9405965085489275,-0.36925718016159736,policy_rebalance
2026-09-01,2026-09-01T12:45:00-04:00,2026-09-01T12:45:00-04:00,NVDA,70,buy,219.10000610351562,219.20955610656736,7.668500213623047,0.0,7.668500213623047,15337.000427246094,-43,120252.93562625145,99069.43492434715,0.7832799276815842,-0.2138247857987759,policy_rebalance
2026-09-01,2026-09-01T12:45:00-04:00,2026-09-01T12:45:00-04:00,SNDK,10,buy,1567.0999755859375,1567.8835255737304,7.835499877929688,0.0,7.835499877929688,15670.999755859375,28,104574.10037051415,99061.59942446923,0.9415363785840385,-0.05564720313493422,policy_rebalance
2026-09-01,2026-09-01T12:50:00-04:00,2026-09-01T12:50:00-04:00,TSLA,69,buy,356.7900085449219,356.9684035491943,12.309255294799804,0.0,12.309255294799804,24618.51058959961,-43,79943.28052561975,99174.75054209924,0.6935270361445078,0.19391498250671999,policy_rebalance
2026-09-01,2026-09-01T12:50:00-04:00,2026-09-01T12:50:00-04:00,NVDA,-115,sell,219.36000061035156,219.2503206100464,12.613200035095215,0.0,12.613200035095215,25226.40007019043,-158,105157.06739577508,99162.13734206415,0.9480107366962347,-0.06045583742342264,policy_rebalance
2026-09-01,2026-09-01T12:55:00-04:00,2026-09-01T12:55:00-04:00,SNDK,-3,sell,1571.18994140625,1570.404346435547,2.356784912109375,0.0,2.356784912109375,4713.56982421875,25,109868.28043508173,99128.54758596064,0.900842714778975,-0.10834147287195943,policy_rebalance
2026-09-01,2026-09-01T12:55:00-04:00,2026-09-01T12:55:00-04:00,TSLA,-11,sell,357.260009765625,357.0813797607422,1.9649300537109375,0.0,1.9649300537109375,3929.860107421875,-54,113796.1756124499,99126.58265590692,0.9405054378851824,-0.14798848667531275,policy_rebalance
2026-09-01,2026-09-01T13:00:00-04:00,2026-09-01T13:00:00-04:00,SNDK,-6,sell,1571.5799560546875,1570.7941660766603,4.714739868164062,0.0,4.714739868164062,9429.479736328125,19,123220.94060890985,99104.86046974969,0.8459334695781952,-0.24333902519868073,policy_rebalance
2026-09-01,2026-09-01T13:00:00-04:00,2026-09-01T13:00:00-04:00,NVDA,-44,sell,219.67999267578125,219.57015267944337,4.832959838867188,0.0,4.832959838867188,9665.919677734375,-202,132882.02732680534,99100.02750991081,0.9435117274576104,-0.34088789545003967,policy_rebalance
2026-09-01,2026-09-01T13:05:00-04:00,2026-09-01T13:05:00-04:00,TSLA,11,buy,356.1600036621094,356.33808366394044,1.9588800201416015,0.0,1.9588800201416015,3917.760040283203,-43,128962.308406502,99211.68331494926,0.9000405466938998,-0.299870177558714,policy_rebalance
2026-09-01,2026-09-01T13:05:00-04:00,2026-09-01T13:05:00-04:00,SNDK,3,buy,1566.945068359375,1567.7285408935545,2.3504176025390624,0.0,2.3504176025390624,4700.835205078125,22,124259.12278382134,99209.33289734673,0.9474448637966896,-0.2524942881371249,policy_rebalance
2026-09-01,2026-09-01T13:10:00-04:00,2026-09-01T13:10:00-04:00,TSLA,1,buy,356.66949462890625,356.84782937622066,0.17833474731445312,0.0,0.17833474731445312,356.66949462890625,-42,123902.27495444512,99258.26460898614,0.9432420593347285,-0.24828169666818747,policy_rebalance
2026-09-01,2026-09-01T13:10:00-04:00,2026-09-01T13:10:00-04:00,NVDA,1,buy,218.5850067138672,218.6942992172241,0.10929250335693359,0.0,0.10929250335693359,218.5850067138672,-201,123683.5806552279,99258.15531648278,0.9410409110589893,-0.24607978317615417,policy_rebalance
2026-09-01,2026-09-01T13:15:00-04:00,2026-09-01T13:15:00-04:00,TSLA,1,buy,357.1000061035156,357.27855610656735,0.1785500030517578,0.0,0.1785500030517578,357.1000061035156,-41,123326.30209912133,99199.21085156273,0.9373063449343718,-0.243218580475013,policy_rebalance
2026-09-01,2026-09-01T13:15:00-04:00,2026-09-01T13:15:00-04:00,NVDA,1,buy,218.47000122070312,218.57923622131347,0.10923500061035156,0.0,0.10923500061035156,218.47000122070312,-200,123107.72286290002,99199.10161656213,0.9351050385616024,-0.24101650979413855,policy_rebalance
2026-09-01,2026-09-01T13:20:00-04:00,2026-09-01T13:20:00-04:00,TSLA,1,buy,356.9849853515625,357.1634778442383,0.17849249267578124,0.0,0.17849249267578124,356.9849853515625,-40,122750.55938505578,99253.68401884484,0.9303626676837345,-0.2367355488966001,policy_rebalance
2026-09-01,2026-09-01T13:20:00-04:00,2026-09-01T13:20:00-04:00,NVDA,20,buy,218.1999969482422,218.3090969467163,2.1819999694824217,0.0,2.1819999694824217,4363.999938964844,-180,118384.37744612145,99251.50201887536,0.8864140140218202,-0.19277164615209008,policy_rebalance
2026-09-01,2026-09-01T13:20:00-04:00,2026-09-01T13:20:00-04:00,SNDK,3,buy,1564.66015625,1565.442486328125,2.346990234375,0.0,2.346990234375,4693.98046875,25,113688.04998713707,99249.15502864098,0.933729891647472,-0.14548128852411255,policy_rebalance
2026-09-01,2026-09-01T13:25:00-04:00,2026-09-01T13:25:00-04:00,SNDK,-1,sell,1563.199951171875,1562.4183511962892,0.7815999755859375,0.0,0.7815999755859375,1563.199951171875,24,115250.46833833336,99180.86579927086,0.9185562100223393,-0.1620232129409445,policy_rebalance
2026-09-01,2026-09-01T13:25:00-04:00,2026-09-01T13:25:00-04:00,TSLA,-4,sell,356.95001220703125,356.77153720092775,0.7139000244140625,0.0,0.7139000244140625,1427.800048828125,-44,116677.55448713707,99180.15189924644,0.9329588478362036,-0.17642040522044783,policy_rebalance
2026-09-01,2026-09-01T13:30:00-04:00,2026-09-01T13:30:00-04:00,TSLA,-4,sell,357.07000732421875,356.89147232055666,0.7141400146484375,0.0,0.7141400146484375,1428.280029296875,-48,118105.12037641929,99187.17933638023,0.947350058054068,-0.19072970082031834,policy_rebalance
2026-09-01,2026-09-01T13:35:00-04:00,2026-09-01T13:35:00-04:00,SNDK,-13,sell,1563.7799072265625,1562.9980172729493,10.164569396972656,0.0,10.164569396972656,20329.138793945312,11,138424.09460096763,99157.51897840903,0.7429566042045094,-0.39600199790304014,policy_rebalance
2026-09-01,2026-09-01T13:40:00-04:00,2026-09-01T13:40:00-04:00,NVDA,26,buy,218.3000030517578,218.4091530532837,2.8379000396728515,0.0,2.8379000396728515,5675.800079345703,-154,132745.45662158224,99184.52092211935,0.6848869693784473,-0.3383686828090369,policy_rebalance
2026-09-01,2026-09-01T13:40:00-04:00,2026-09-01T13:40:00-04:00,SNDK,9,buy,1562.2386474609375,1563.0197667846678,7.030073913574219,0.0,7.030073913574219,14060.147827148438,20,118678.27872052023,99177.49084820578,0.8267030459183596,-0.1966251384818861,policy_rebalance
2026-09-01,2026-09-01T13:45:00-04:00,2026-09-01T13:45:00-04:00,SNDK,-8,sell,1561.6199951171875,1560.839185119629,6.24647998046875,0.0,6.24647998046875,12492.9599609375,12,131164.99220147726,99146.5833880007,0.7009549529742044,-0.3229401127033856,policy_rebalance
2026-09-01,2026-09-01T13:45:00-04:00,2026-09-01T13:45:00-04:00,NVDA,1,buy,218.30499267578125,218.41414517211913,0.10915249633789062,0.0,0.10915249633789062,218.30499267578125,-153,130946.57805630514,99146.47423550436,0.6987538814446764,-0.32073862500914996,policy_rebalance
2026-09-01,2026-09-01T13:45:00-04:00,2026-09-01T13:45:00-04:00,TSLA,-26,sell,357.05999755859375,356.8814675598145,4.6417799682617185,0.0,4.6417799682617185,9283.559936523438,-74,140225.4962128603,99141.83245553609,0.7924257772355687,-0.41439282228064267,policy_rebalance
2026-09-01,2026-09-01T13:50:00-04:00,2026-09-01T13:50:00-04:00,NVDA,58,buy,218.02000427246094,218.12901427459715,6.322580123901367,0.0,6.322580123901367,12645.160247802734,-95,127574.01338493367,99158.19812309285,0.6632386123934089,-0.28657050853794297,policy_rebalance
2026-09-01,2026-09-01T13:50:00-04:00,2026-09-01T13:50:00-04:00,TSLA,-79,sell,356.4700012207031,356.29176622009277,14.080565048217773,0.0,14.080565048217773,28161.130096435547,-153,155721.062916321,99144.11755804464,0.9473751760616187,-0.5706535773557416,policy_rebalance
2026-09-01,2026-09-01T13:55:00-04:00,2026-09-01T13:55:00-04:00,SNDK,-1,sell,1557.31005859375,1556.5314035644533,0.778655029296875,0.0,0.778655029296875,1557.31005859375,11,157277.59431988545,99182.78377301045,0.931165957665621,-0.5857348255099462,policy_rebalance
2026-09-01,2026-09-01T13:55:00-04:00,2026-09-01T13:55:00-04:00,NVDA,1,buy,218.02999877929688,218.13901377868652,0.10901499938964844,0.0,0.10901499938964844,218.02999877929688,-94,157059.45530610677,99182.67475801107,0.9289687141626131,-0.5835372023320126,policy_rebalance
2026-09-01,2026-09-01T14:00:00-04:00,2026-09-01T14:00:00-04:00,SNDK,-1,sell,1563.5400390625,1562.7582690429688,0.78177001953125,0.0,0.78177001953125,1563.5400390625,10,158622.21357514974,99216.17524507162,0.9139320165018389,-0.5987535619402846,policy_rebalance
2026-09-01,2026-09-01T14:00:00-04:00,2026-09-01T14:00:00-04:00,TSLA,1,buy,356.5199890136719,356.69824900817866,0.17825999450683594,0.0,0.17825999450683594,356.5199890136719,-152,158265.51532614155,99215.9969850771,0.9103402865154837,-0.5951612656772071,policy_rebalance
2026-09-01,2026-09-01T14:00:00-04:00,2026-09-01T14:00:00-04:00,NVDA,1,buy,218.02000427246094,218.12901427459715,0.10901000213623047,0.0,0.10901000213623047,218.02000427246094,-93,158047.38631186695,99215.88797507496,0.9081438563617705,-0.5929644892315196,policy_rebalance
2026-09-01,2026-09-01T14:10:00-04:00,2026-09-01T14:10:00-04:00,TSLA,6,buy,355.8999938964844,356.0779438934326,1.067699981689453,0.0,1.067699981689453,2135.3999633789062,-146,155910.91864850637,99256.27935102102,0.884235624178749,-0.5707914871272329,policy_rebalance
2026-09-01,2026-09-01T14:10:00-04:00,2026-09-01T14:10:00-04:00,SNDK,4,buy,1555.56494140625,1556.342723876953,3.1111298828125,0.0,3.1111298828125,6222.259765625,14,149685.54775299857,99253.16822113821,0.9469541333111665,-0.508118586396113,policy_rebalance
2026-09-01,2026-09-01T14:15:00-04:00,2026-09-01T14:15:00-04:00,TSLA,1,buy,355.1300048828125,355.3075698852539,0.17756500244140624,0.0,0.17756500244140624,355.1300048828125,-145,149330.24018311332,99310.00885987113,0.9407155549104305,-0.5036776443532692,policy_rebalance
2026-09-01,2026-09-01T14:15:00-04:00,2026-09-01T14:15:00-04:00,NVDA,93,buy,217.5,217.60875,10.11375,0.0,10.11375,20227.5,0,129092.62643311331,99299.89510987113,0.7371102458042509,-0.30002782269082756,policy_rebalance
2026-09-01,2026-09-01T14:15:00-04:00,2026-09-01T14:15:00-04:00,NVDA,72,buy,217.5,217.60875,7.83,0.0,7.83,15660.0,72,113424.79643311331,99292.06510987112,0.8948849033852949,-0.1423349520186098,policy_rebalance
2026-09-01,2026-09-01T14:20:00-04:00,2026-09-01T14:20:00-04:00,NVDA,-36,sell,217.77499389648438,217.66610639953615,3.919949890136719,0.0,3.919949890136719,7839.8997802734375,36,121260.7762634966,99252.63750006887,0.815571858737567,-0.2217385786187542,policy_rebalance
2026-09-01,2026-09-01T14:20:00-04:00,2026-09-01T14:20:00-04:00,TSLA,28,buy,355.0199890136719,355.1974990081787,4.970279846191406,0.0,4.970279846191406,9940.559692382812,-117,111315.2462912676,99247.66722022268,0.7154535753530126,-0.1215905563227791,policy_rebalance
2026-09-01,2026-09-01T14:20:00-04:00,2026-09-01T14:20:00-04:00,SNDK,14,buy,1544.989990234375,1545.762485229492,10.814929931640625,0.0,10.814929931640625,21629.85986328125,28,89674.5714980547,99236.85229029103,0.9334935166066206,0.09635816303669545,policy_rebalance
2026-09-01,2026-09-01T14:30:00-04:00,2026-09-01T14:30:00-04:00,SNDK,-3,sell,1543.8958740234375,1543.1239260864259,2.3158438110351565,0.0,2.3158438110351565,4631.6876220703125,25,94303.94327631398,99224.15036859913,0.886192592888277,0.049586789849119475,policy_rebalance
2026-09-01,2026-09-01T14:30:00-04:00,2026-09-01T14:30:00-04:00,NVDA,-1,sell,217.4600067138672,217.35127671051026,0.1087300033569336,0.0,0.1087300033569336,217.4600067138672,35,94521.29455302449,99224.04163859578,0.8840019579635078,0.0473952381691942,policy_rebalance
2026-09-01,2026-09-01T14:30:00-04:00,2026-09-01T14:30:00-04:00,TSLA,15,buy,354.75,354.927375,2.660625,0.0,2.660625,5321.25,-102,89197.38392802449,99221.38101359578,0.8303955885705866,0.10102658301236257,policy_rebalance
2026-09-01,2026-09-01T14:35:00-04:00,2026-09-01T14:35:00-04:00,SNDK,-5,sell,1542.8299560546875,1542.0585410766603,3.857074890136719,0.0,3.857074890136719,7714.1497802734375,20,96907.67663340778,99203.02013926716,0.7522100148187554,0.023137838975436774,policy_rebalance
2026-09-01,2026-09-01T14:35:00-04:00,2026-09-01T14:35:00-04:00,TSLA,1,buy,354.5400085449219,354.7172785491943,0.17727000427246092,0.0,0.17727000427246092,354.5400085449219,-101,96552.95935485858,99202.84286926288,0.7486374693752801,0.026711769922728088,policy_rebalance
2026-09-01,2026-09-01T14:40:00-04:00,2026-09-01T14:40:00-04:00,TSLA,61,buy,354.3500061035156,354.52718110656735,10.807675186157226,0.0,10.807675186157226,21615.350372314453,-40,74926.80130735798,99163.85063902302,0.5302844683932936,0.24441416075998224,policy_rebalance
2026-09-01,2026-09-01T14:40:00-04:00,2026-09-01T14:40:00-04:00,NVDA,190,buy,216.8300018310547,216.93841683197022,20.598850173950197,0.0,20.598850173950197,41197.70034790039,225,33708.50210928364,99143.25178884907,0.9459317550687267,0.6600020525746471,policy_rebalance
2026-09-01,2026-09-01T14:45:00-04:00,2026-09-01T14:45:00-04:00,NVDA,-11,sell,216.51499938964844,216.40674188995362,1.1908324966430663,0.0,1.1908324966430663,2381.664993286133,214,36088.97627007313,98849.78648125476,0.9208639935122642,0.6349109335009357,policy_rebalance
2026-09-01,2026-09-01T14:45:00-04:00,2026-09-01T14:45:00-04:00,SNDK,1,buy,1527.989990234375,1528.7539852294922,0.7639949951171875,0.0,0.7639949951171875,1527.989990234375,21,34560.222284843636,98849.02248625965,0.9363289266726209,0.6503736565564153,policy_rebalance
2026-09-01,2026-09-01T14:50:00-04:00,2026-09-01T14:50:00-04:00,NVDA,-9,sell,216.7299041748047,216.6215392227173,0.9752845687866211,0.0,0.9752845687866211,1950.5691375732422,205,36509.816137848095,99002.66548782369,0.9171838928154263,0.6312239073771359,policy_rebalance
2026-09-01,2026-09-01T14:50:00-04:00,2026-09-01T14:50:00-04:00,SNDK,1,buy,1534.219970703125,1534.9870806884765,0.7671099853515625,0.0,0.7671099853515625,1534.219970703125,22,34974.829057159615,99001.89837783833,0.9326878738175655,0.6467256726363061,policy_rebalance
2026-09-01,2026-09-01T14:55:00-04:00,2026-09-01T14:55:00-04:00,SNDK,-6,sell,1538.6700439453125,1537.9007089233398,4.616010131835938,0.0,4.616010131835938,9232.020263671875,16,44202.23331069965,99098.25572586078,0.8396194325908091,0.5539554860281503,policy_rebalance
2026-09-01,2026-09-01T14:55:00-04:00,2026-09-01T14:55:00-04:00,TSLA,40,buy,353.8599853515625,354.03691534423825,7.07719970703125,0.0,7.07719970703125,14154.3994140625,0,30040.756696930122,99091.17852615376,0.6968372246274044,0.6968372246274044,policy_rebalance
2026-09-01,2026-09-01T14:55:00-04:00,2026-09-01T14:55:00-04:00,TSLA,43,buy,353.8599853515625,354.03691534423825,7.607989685058594,0.0,7.607989685058594,15215.979370117188,43,14817.169337127878,99083.5705364687,0.8504578583825431,0.8504578583825431,policy_rebalance
2026-09-01,2026-09-01T15:00:00-04:00,2026-09-01T15:00:00-04:00,SNDK,-1,sell,1537.4300537109375,1536.661338684082,0.7687150268554688,0.0,0.7687150268554688,1537.4300537109375,15,16353.83067581196,99204.2231929018,0.8351498540136536,0.8351498540136536,policy_rebalance
2026-09-01,2026-09-01T15:00:00-04:00,2026-09-01T15:00:00-04:00,TSLA,-1,sell,354.3800048828125,354.20281488037114,0.17719000244140626,0.0,0.17719000244140626,354.3800048828125,42,16708.03349069233,99204.04600289935,0.8315791123055202,0.8315791123055202,policy_rebalance
2026-09-01,2026-09-01T15:05:00-04:00,2026-09-01T15:05:00-04:00,SNDK,-1,sell,1537.9100341796875,1537.1410791625976,0.7689550170898437,0.0,0.7689550170898437,1537.9100341796875,14,18245.174569854928,99234.34974075336,0.8161405338220096,0.8161405338220096,policy_rebalance
2026-09-01,2026-09-01T15:05:00-04:00,2026-09-01T15:05:00-04:00,NVDA,-1,sell,217.375,217.2663125,0.1086875,0.0,0.1086875,217.375,204,18462.440882354927,99234.24105325337,0.8139509035752368,0.8139509035752368,policy_rebalance
2026-09-01,2026-09-01T15:10:00-04:00,2026-09-01T15:10:00-04:00,TSLA,-1,sell,355.6400146484375,355.4621946411133,0.17782000732421874,0.0,0.17782000732421874,355.6400146484375,41,18817.90307699604,99344.56530844135,0.8105794411745534,0.8105794411745534,policy_rebalance
2026-09-01,2026-09-01T15:10:00-04:00,2026-09-01T15:10:00-04:00,NVDA,-124,sell,217.69500732421875,217.58615982055665,13.497090454101562,0.0,13.497090454101562,26994.180908203125,80,45798.586894745065,99331.06821798725,0.5389298865261606,0.5389298865261606,policy_rebalance
2026-09-01,2026-09-01T15:15:00-04:00,2026-09-01T15:15:00-04:00,SNDK,-7,sell,1542.18505859375,1541.4139660644532,5.397647705078125,0.0,5.397647705078125,10795.29541015625,7,56588.48465719624,99405.79105368062,0.4307325151043,0.4307325151043,policy_rebalance
2026-09-01,2026-09-01T15:15:00-04:00,2026-09-01T15:15:00-04:00,NVDA,-80,sell,217.82000732421875,217.71109732055666,8.71280029296875,0.0,8.71280029296875,17425.6005859375,0,74005.37244284077,99397.07825338765,0.25545726551254516,0.25545726551254516,policy_rebalance
2026-09-01,2026-09-01T15:15:00-04:00,2026-09-01T15:15:00-04:00,NVDA,-135,sell,217.82000732421875,217.71109732055666,14.702850494384766,0.0,14.702850494384766,29405.70098876953,-135,103396.37058111592,99382.37540289326,0.5513795235540437,-0.04038940669258544,policy_rebalance
2026-09-01,2026-09-01T15:20:00-04:00,2026-09-01T15:20:00-04:00,SNDK,-4,sell,1539.1600341796875,1538.3904541625977,3.078320068359375,0.0,3.078320068359375,6156.64013671875,3,109549.9323977663,99365.28757659931,0.4894687592764786,-0.10249700946435436,policy_rebalance
2026-09-01,2026-09-01T15:20:00-04:00,2026-09-01T15:20:00-04:00,TSLA,-1,sell,356.29998779296875,356.1218377990723,0.17814999389648437,0.0,0.17814999389648437,356.29998779296875,40,109906.05423556537,99365.10942660541,0.4858838712711008,-0.10608295879496692,policy_rebalance
2026-09-01,2026-09-01T15:25:00-04:00,2026-09-01T15:25:00-04:00,NVDA,1,buy,217.64999389648438,217.75881889343262,0.10882499694824219,0.0,0.10882499694824219,217.64999389648438,-134,109688.29541667194,99384.80158122272,0.4832399296944667,-0.10367273135851297,policy_rebalance
2026-09-01,2026-09-01T15:25:00-04:00,2026-09-01T15:25:00-04:00,SNDK,4,buy,1537.8682861328125,1538.637220275879,3.075736572265625,0.0,3.075736572265625,6151.47314453125,7,103533.74653556843,99381.72584465046,0.5451523125894292,-0.04177851265541757,policy_rebalance
2026-09-01,2026-09-01T15:30:00-04:00,2026-09-01T15:30:00-04:00,NVDA,-68,sell,217.60000610351562,217.49120610046387,7.398400207519531,0.0,7.398400207519531,14796.800415039062,-202,118323.14855039997,99410.22722471638,0.6940682369045211,-0.1902512634130794,policy_rebalance
2026-09-01,2026-09-01T15:35:00-04:00,2026-09-01T15:35:00-04:00,TSLA,-40,sell,355.885009765625,355.70706726074224,7.1177001953125,0.0,7.1177001953125,14235.400390625,0,132551.43124082967,99416.14495542928,0.5497622797080074,-0.33329884497387985,policy_rebalance
2026-09-01,2026-09-01T15:35:00-04:00,2026-09-01T15:35:00-04:00,NVDA,1,buy,217.3032989501953,217.4119505996704,0.10865164947509766,0.0,0.10865164947509766,217.3032989501953,-201,132334.01929023,99416.03630377981,0.5475770832905212,-0.33111341198380334,policy_rebalance
2026-09-01,2026-09-01T15:35:00-04:00,2026-09-01T15:35:00-04:00,TSLA,-6,sell,355.885009765625,355.70706726074224,1.067655029296875,0.0,1.067655029296875,2135.31005859375,-6,134468.26169379445,99414.96864875051,0.5690617219827802,-0.35259572599065053,policy_rebalance
2026-09-01,2026-09-01T15:40:00-04:00,2026-09-01T15:40:00-04:00,SNDK,-1,sell,1536.625,1535.8566875000001,0.7683125,0.0,0.7683125,1536.625,6,136004.11838129445,99454.30713251515,0.5529103045834939,-0.3675035531651687,policy_rebalance
2026-09-01,2026-09-01T15:40:00-04:00,2026-09-01T15:40:00-04:00,NVDA,1,buy,217.10000610351562,217.20855610656736,0.10855000305175781,0.0,0.10855000305175781,217.10000610351562,-200,135786.90982518787,99454.1985825121,0.5507279936224518,-0.36532103984058933,policy_rebalance
2026-09-01,2026-09-01T15:45:00-04:00,2026-09-01T15:45:00-04:00,SNDK,-6,sell,1538.5849609375,1537.8156684570313,4.6157548828125,0.0,4.6157548828125,9231.509765625,0,145013.80383593007,99401.00390917226,0.4588766524776404,-0.4588766524776404,policy_rebalance
2026-09-01,2026-09-01T15:45:00-04:00,2026-09-01T15:45:00-04:00,TSLA,1,buy,356.29998779296875,356.4781377868652,0.17814999389648437,0.0,0.17814999389648437,356.29998779296875,-5,144657.3256981432,99400.82575917835,0.4552929977524458,-0.4552929977524458,policy_rebalance
2026-09-01,2026-09-01T15:45:00-04:00,2026-09-01T15:45:00-04:00,NVDA,1,buy,217.375,217.4836875,0.1086875,0.0,0.1086875,217.375,-199,144439.8420106432,99400.71707167834,0.4531066401310456,-0.4531066401310456,policy_rebalance
2026-09-01,2026-09-01T15:45:00-04:00,2026-09-01T15:45:00-04:00,SNDK,-3,sell,1538.5849609375,1537.8156684570313,2.30787744140625,0.0,2.30787744140625,4615.7548828125,-3,149053.28901601429,99398.40919423694,0.4995540695701225,-0.4995540695701225,policy_rebalance
2026-09-01,2026-09-01T15:50:00-04:00,2026-09-01T15:50:00-04:00,SNDK,1,buy,1543.0400390625,1543.8115590820312,0.77152001953125,0.0,0.77152001953125,1543.0400390625,-2,147509.47745693225,99344.72707546252,0.4848244270164802,-0.4848244270164802,policy_rebalance
2026-09-01,2026-09-01T15:50:00-04:00,2026-09-01T15:50:00-04:00,TSLA,1,buy,356.04998779296875,356.22801278686524,0.17802499389648438,0.0,0.17802499389648438,356.04998779296875,-4,147153.2494441454,99344.54905046863,0.48124130463755155,-0.48124130463755155,policy_rebalance
2026-09-01,2026-09-01T15:55:00-04:00,,SNDK,2,buy,1534.68994140625,1535.457286376953,1.53468994140625,0.0,1.53468994140625,3069.3798828125,0,144082.33487139147,99493.60412798327,0.4481567547402508,-0.4481567547402508,scheduled_1555_liquidation
2026-09-01,2026-09-01T15:55:00-04:00,,TSLA,4,buy,355.9100036621094,356.0879586639404,0.7118200073242188,0.0,0.7118200073242188,1423.6400146484375,0,142657.9830367357,99492.89230797594,0.43385099907583446,-0.43385099907583446,scheduled_1555_liquidation
2026-09-01,2026-09-01T15:55:00-04:00,,NVDA,199,buy,216.91000366210938,217.0184586639404,21.582545364379882,0.0,21.582545364379882,43165.090728759766,0,99471.30976261156,99471.30976261156,0.0,0.0,scheduled_1555_liquidation
2026-09-02,2026-09-02T09:35:00-04:00,2026-09-02T09:35:00-04:00,SNDK,44,buy,1553.6700439453125,1554.446878967285,34.180740966796876,0.0,34.180740966796876,68361.48193359375,44,31075.647088051017,99437.12902164477,0.687484469897691,0.687484469897691,policy_rebalance
2026-09-02,2026-09-02T09:35:00-04:00,2026-09-02T09:35:00-04:00,TSLA,-69,sell,356.70001220703125,356.5216622009278,12.306150421142577,0.0,12.306150421142577,24612.300842285156,-69,55675.64177991504,99424.82287122363,0.9351164034388052,0.44002272096549894,policy_rebalance
2026-09-02,2026-09-02T09:40:00-04:00,2026-09-02T09:40:00-04:00,SNDK,-1,sell,1566.6099853515625,1565.8266803588867,0.7833049926757812,0.0,0.7833049926757812,1566.6099853515625,43,57241.46846027392,100299.2602083208,0.9139715168565373,0.4292932137147988,policy_rebalance
2026-09-02,2026-09-02T09:40:00-04:00,2026-09-02T09:40:00-04:00,TSLA,-8,sell,352.2672119140625,352.09107830810547,1.40906884765625,0.0,1.40906884765625,2818.1376953125,-77,60058.197086738764,100297.85113947315,0.942082044769881,0.40120155711788413,policy_rebalance
2026-09-02,2026-09-02T09:45:00-04:00,2026-09-02T09:45:00-04:00,TSLA,77,buy,350.6499938964844,350.8253188934326,13.500024765014649,0.0,13.500024765014649,27000.049530029297,0,33044.64753194446,101113.21711202258,0.6731916115839284,0.6731916115839284,policy_rebalance
2026-09-02,2026-09-02T09:45:00-04:00,2026-09-02T09:45:00-04:00,SNDK,1,buy,1582.989990234375,1583.781485229492,0.7914949951171875,0.0,0.7914949951171875,1582.989990234375,44,31460.866046714968,101112.42561702747,0.6888526226650336,0.6888526226650336,policy_rebalance
2026-09-02,2026-09-02T09:45:00-04:00,2026-09-02T09:45:00-04:00,TSLA,72,buy,350.6499938964844,350.8253188934326,12.623399780273438,0.0,12.623399780273438,25246.799560546875,72,6201.443086387819,101099.8022172472,0.9386601857730451,0.9386601857730451,policy_rebalance
2026-09-02,2026-09-02T09:50:00-04:00,2026-09-02T09:50:00-04:00,SNDK,-41,sell,1554.81005859375,1554.0326535644533,31.873606201171874,0.0,31.873606201171874,63747.21240234375,3,69916.7818825304,99900.73232198352,0.30013744386591495,0.30013744386591495,policy_rebalance
2026-09-02,2026-09-02T09:50:00-04:00,2026-09-02T09:50:00-04:00,TSLA,126,buy,351.6600036621094,351.83583366394043,22.15458023071289,0.0,22.15458023071289,44309.16046142578,198,25585.4668408739,99878.57774175282,0.7438342894005961,0.7438342894005961,policy_rebalance
2026-09-02,2026-09-02T09:50:00-04:00,2026-09-02T09:50:00-04:00,NVDA,-87,sell,219.9499969482422,219.84002194976807,9.567824867248536,0.0,9.567824867248536,19135.64973449707,-87,44711.54875050372,99869.00991688555,0.935513035656713,0.5522980673612944,policy_rebalance
2026-09-02,2026-09-02T10:00:00-04:00,2026-09-02T10:00:00-04:00,TSLA,-39,sell,351.7300109863281,351.55414598083496,6.858735214233398,0.0,6.858735214233398,13717.470428466797,159,58422.160443756286,99651.25176760883,0.8004227852358203,0.4137338025617643,policy_rebalance
2026-09-02,2026-09-02T10:00:00-04:00,2026-09-02T10:00:00-04:00,NVDA,87,buy,221.4600067138672,221.57073671722412,9.633510292053222,0.0,9.633510292053222,19267.020584106445,0,39145.50634935779,99641.61825731678,0.6071369871947729,0.6071369871947729,policy_rebalance
2026-09-02,2026-09-02T10:00:00-04:00,2026-09-02T10:00:00-04:00,SNDK,22,buy,1523.6800537109375,1524.441893737793,16.76048059082031,0.0,16.76048059082031,33520.961181640625,25,5607.784687126346,99624.85777672596,0.9437109892824719,0.9437109892824719,policy_rebalance
2026-09-02,2026-09-02T10:05:00-04:00,2026-09-02T10:05:00-04:00,TSLA,-18,sell,351.14990234375,350.9743273925781,3.16034912109375,0.0,3.16034912109375,6320.6982421875,141,11925.322580192753,99585.20966515368,0.8802500630335511,0.8802500630335511,policy_rebalance
2026-09-02,2026-09-02T10:05:00-04:00,2026-09-02T10:05:00-04:00,SNDK,4,buy,1525.9100341796875,1526.6729891967773,3.051820068359375,0.0,3.051820068359375,6103.64013671875,29,5818.630623405644,99582.15784508533,0.9415695467007517,0.9415695467007517,policy_rebalance
2026-09-02,2026-09-02T10:10:00-04:00,2026-09-02T10:10:00-04:00,SNDK,-4,sell,1528.3299560546875,1527.5657910766602,3.056659912109375,0.0,3.056659912109375,6113.31982421875,25,11928.893787712284,99729.64995226306,0.8803876901861963,0.8803876901861963,policy_rebalance
2026-09-02,2026-09-02T10:10:00-04:00,2026-09-02T10:10:00-04:00,TSLA,17,buy,351.71990966796875,351.89576962280273,2.989619232177734,0.0,2.989619232177734,5979.238464355469,158,5946.665704124638,99726.66033303089,0.9403703514760634,0.9403703514760634,policy_rebalance
2026-09-02,2026-09-02T10:15:00-04:00,2026-09-02T10:15:00-04:00,SNDK,-9,sell,1525.7698974609375,1525.0070125122072,6.865964538574219,0.0,6.865964538574219,13731.929077148438,16,19671.728816734503,99826.63811849232,0.8029410867930408,0.8029410867930408,policy_rebalance
2026-09-02,2026-09-02T10:15:00-04:00,2026-09-02T10:15:00-04:00,TSLA,37,buy,352.80120849609375,352.9776091003418,6.526822357177735,0.0,6.526822357177735,13053.644714355469,195,6611.557280021856,99820.11129613513,0.9337652784176185,0.9337652784176185,policy_rebalance
2026-09-02,2026-09-02T10:20:00-04:00,2026-09-02T10:20:00-04:00,SNDK,-11,sell,1534.56005859375,1533.792778564453,8.440080322265626,0.0,8.440080322265626,16880.16064453125,5,23483.27784423084,100306.97718505116,0.765885898436479,0.765885898436479,policy_rebalance
2026-09-02,2026-09-02T10:20:00-04:00,2026-09-02T10:20:00-04:00,TSLA,2,buy,354.6199951171875,354.79730511474605,0.3546199951171875,0.0,0.3546199951171875,709.239990234375,197,22773.68323400135,100306.62256505604,0.7729593255995537,0.7729593255995537,policy_rebalance
2026-09-02,2026-09-02T10:25:00-04:00,2026-09-02T10:25:00-04:00,SNDK,-1,sell,1531.3299560546875,1530.5642910766603,0.7656649780273438,0.0,0.7656649780273438,1531.3299560546875,4,24304.24752507801,100324.18499456043,0.7577428859611889,0.7577428859611889,policy_rebalance
2026-09-02,2026-09-02T10:25:00-04:00,2026-09-02T10:25:00-04:00,NVDA,-66,sell,223.19009399414062,223.07849894714357,7.365273101806641,0.0,7.365273101806641,14730.546203613281,-66,39027.428455589485,100316.81972145863,0.9046387627226923,0.6109582763493331,policy_rebalance
2026-09-02,2026-09-02T10:30:00-04:00,2026-09-02T10:30:00-04:00,TSLA,-1,sell,355.0400085449219,354.86248854064945,0.17752000427246092,0.0,0.17752000427246092,355.0400085449219,196,39382.29094413013,100397.32079032154,0.9007203444368265,0.607735638420277,policy_rebalance
2026-09-02,2026-09-02T10:30:00-04:00,2026-09-02T10:30:00-04:00,NVDA,1,buy,222.83999633789062,222.95141633605957,0.11141999816894531,0.0,0.11141999816894531,222.83999633789062,-65,39159.33952779407,100397.20937032337,0.8985017604794061,0.6099558964497547,policy_rebalance
2026-09-02,2026-09-02T10:30:00-04:00,2026-09-02T10:30:00-04:00,SNDK,2,buy,1533.656982421875,1534.4238109130858,1.533656982421875,0.0,1.533656982421875,3067.31396484375,6,36090.4919059679,100395.67571334096,0.9290677379135781,0.6405174660209786,policy_rebalance
2026-09-02,2026-09-02T10:35:00-04:00,2026-09-02T10:35:00-04:00,SNDK,-6,sell,1542.3599853515625,1541.5888053588867,4.627079956054687,0.0,4.627079956054687,9254.159912109375,0,45340.024738121225,100448.32551937122,0.8376825899435781,0.5486233891536847,policy_rebalance
2026-09-02,2026-09-02T10:35:00-04:00,2026-09-02T10:35:00-04:00,TSLA,-126,sell,355.2349853515625,355.0573678588867,22.37980407714844,0.0,22.37980407714844,44759.608154296875,70,90077.25308834095,100425.94571529407,0.3921716150318286,0.10304799773846791,policy_rebalance
2026-09-02,2026-09-02T10:35:00-04:00,2026-09-02T10:35:00-04:00,NVDA,65,buy,223.35009765625,223.46177270507812,7.258878173828125,0.0,7.258878173828125,14517.75634765625,0,75552.23786251087,100418.68683712024,0.24762770513961127,0.24762770513961127,policy_rebalance
2026-09-02,2026-09-02T10:35:00-04:00,2026-09-02T10:35:00-04:00,NVDA,314,buy,223.35009765625,223.46177270507812,35.06596533203125,0.0,35.06596533203125,70131.9306640625,314,5385.241233116336,100383.62087178821,0.9463533872722676,0.9463533872722676,policy_rebalance
2026-09-02,2026-09-02T10:40:00-04:00,2026-09-02T10:40:00-04:00,TSLA,-70,sell,355.5199890136719,355.3422290191651,12.443199615478516,0.0,12.443199615478516,24886.39923095703,0,30259.197264457893,100527.68841436024,0.6989963885399019,0.6989963885399019,policy_rebalance
2026-09-02,2026-09-02T10:40:00-04:00,2026-09-02T10:40:00-04:00,TSLA,-4,sell,355.5199890136719,355.3422290191651,0.7110399780273438,0.0,0.7110399780273438,1422.0799560546875,-4,31680.56618053455,100526.9773743822,0.7131475846425509,0.6848550806163216,policy_rebalance
2026-09-02,2026-09-02T10:45:00-04:00,2026-09-02T10:45:00-04:00,SNDK,12,buy,1542.9200439453125,1543.6915039672851,9.257520263671875,0.0,9.257520263671875,18515.04052734375,12,13156.268132927129,100601.225896599,0.8975517042965285,0.8692235803721762,policy_rebalance
2026-09-02,2026-09-02T10:45:00-04:00,2026-09-02T10:45:00-04:00,TSLA,-14,sell,356.2304992675781,356.05238401794435,2.493613494873047,0.0,2.493613494873047,4987.226989746094,-18,18141.00150917835,100598.73228310412,0.9471493982589829,0.8196696807458161,policy_rebalance
2026-09-02,2026-09-02T10:50:00-04:00,2026-09-02T10:50:00-04:00,NVDA,-1,sell,223.72000122070312,223.6081412200928,0.11186000061035156,0.0,0.11186000061035156,223.72000122070312,313,18364.60965039844,100343.78930738087,0.9439757094558953,0.8169830960425208,policy_rebalance
2026-09-02,2026-09-02T10:50:00-04:00,2026-09-02T10:50:00-04:00,TSLA,-1,sell,353.9700012207031,353.7930162200928,0.17698500061035155,0.0,0.17698500061035155,353.9700012207031,-19,18718.402666618535,100343.61232238026,0.9475049532469645,0.8134569582119413,policy_rebalance
2026-09-02,2026-09-02T10:55:00-04:00,2026-09-02T10:55:00-04:00,TSLA,19,buy,352.5950012207031,352.7712987213135,3.3496525115966795,0.0,3.3496525115966795,6699.305023193359,0,12015.747990913578,100329.732045479,0.880237415709763,0.880237415709763,policy_rebalance
2026-09-02,2026-09-02T10:55:00-04:00,2026-09-02T10:55:00-04:00,SNDK,4,buy,1524.39599609375,1525.1581940917968,3.0487919921875,0.0,3.0487919921875,6097.583984375,16,5915.115214546391,100326.68325348682,0.9410414555457677,0.9410414555457677,policy_rebalance
2026-09-02,2026-09-02T11:00:00-04:00,2026-09-02T11:00:00-04:00,TSLA,2,buy,351.3500061035156,351.5256811065674,0.35135000610351563,0.0,0.35135000610351563,702.7000122070312,2,5212.063852333256,100443.13552286549,0.9481093075678949,0.9481093075678949,policy_rebalance
2026-09-02,2026-09-02T11:05:00-04:00,2026-09-02T11:05:00-04:00,SNDK,-16,sell,1526.06005859375,1525.2970285644533,12.20848046875,0.0,12.20848046875,24416.9609375,0,29616.81630936451,100886.6059516985,0.7064346051690532,0.7064346051690532,policy_rebalance
2026-09-02,2026-09-02T11:05:00-04:00,2026-09-02T11:05:00-04:00,SNDK,-3,sell,1526.06005859375,1525.2970285644533,2.289090087890625,0.0,2.289090087890625,4578.18017578125,-3,34192.70739505787,100884.3168616106,0.7518311287388771,0.661070139950869,policy_rebalance
2026-09-02,2026-09-02T11:05:00-04:00,2026-09-02T11:05:00-04:00,TSLA,52,buy,353.5201110839844,353.69687113952637,9.191522888183593,0.0,9.191522888183593,18383.045776367188,54,15800.470095802499,100875.12533872243,0.9341353012258458,0.843366042493161,policy_rebalance
2026-09-02,2026-09-02T11:10:00-04:00,2026-09-02T11:10:00-04:00,TSLA,-13,sell,353.8017883300781,353.6248874359131,2.299711624145508,0.0,2.299711624145508,4599.423248291016,41,20397.59363246937,101047.47021938342,0.8892208388816786,0.79813850274347,policy_rebalance
2026-09-02,2026-09-02T11:10:00-04:00,2026-09-02T11:10:00-04:00,NVDA,-1,sell,226.02499389648438,225.91198139953613,0.11301249694824218,0.0,0.11301249694824218,226.02499389648438,312,20623.505613868903,101047.35720688649,0.886985010978069,0.7959025729723548,policy_rebalance
2026-09-02,2026-09-02T11:10:00-04:00,2026-09-02T11:10:00-04:00,SNDK,-3,sell,1533.93994140625,1533.172971435547,2.300909912109375,0.0,2.300909912109375,4601.81982421875,-6,25223.024528175545,101045.05629697438,0.9325474646550854,0.7503784405439456,policy_rebalance
2026-09-02,2026-09-02T11:15:00-04:00,2026-09-02T11:15:00-04:00,SNDK,-1,sell,1534.3800048828125,1533.6128148803712,0.7671900024414062,0.0,0.7671900024414062,1534.3800048828125,-7,26756.637343055918,101199.51435721607,0.9478721087921863,0.7356050815756902,policy_rebalance
2026-09-02,2026-09-02T11:20:00-04:00,2026-09-02T11:20:00-04:00,TSLA,-1,sell,354.7239990234375,354.5466370239258,0.17736199951171874,0.0,0.17736199951171874,354.7239990234375,40,27111.183980079844,101211.61012754079,0.9449479787978773,0.7321336559519608,policy_rebalance
2026-09-02,2026-09-02T11:20:00-04:00,2026-09-02T11:20:00-04:00,SNDK,1,buy,1538.52001953125,1539.2892795410155,0.769260009765625,0.0,0.769260009765625,1538.52001953125,-6,25571.89470053883,101210.84086753102,0.9297540223436218,0.7473403591814004,policy_rebalance
2026-09-02,2026-09-02T11:25:00-04:00,2026-09-02T11:25:00-04:00,SNDK,1,buy,1536.360107421875,1537.128287475586,0.7681800537109374,0.0,0.7681800537109374,1536.360107421875,-5,24034.766413063244,101250.08550486012,0.9143589331741525,0.7626197914478843,policy_rebalance
2026-09-02,2026-09-02T11:30:00-04:00,2026-09-02T11:30:00-04:00,SNDK,1,buy,1546.324951171875,1547.0981136474609,0.7731624755859375,0.0,0.7731624755859375,1546.324951171875,-4,22487.66829941578,101072.21126816579,0.8999025690335588,0.7775088917392805,policy_rebalance
2026-09-02,2026-09-02T11:35:00-04:00,2026-09-02T11:35:00-04:00,SNDK,3,buy,1542.010009765625,1542.7810147705077,2.3130150146484376,0.0,2.3130150146484376,4626.030029296875,-1,17859.32525510426,101011.51275510425,0.8537265225262515,0.8231951510477523,policy_rebalance
2026-09-02,2026-09-02T11:40:00-04:00,2026-09-02T11:40:00-04:00,NVDA,-1,sell,226.2550048828125,226.1418773803711,0.11312750244140625,0.0,0.11312750244140625,226.2550048828125,311,18085.46713248463,101064.0830992815,0.8516219942503553,0.8210495105890571,policy_rebalance
2026-09-02,2026-09-02T11:40:00-04:00,2026-09-02T11:40:00-04:00,SNDK,1,buy,1544.8900146484375,1545.6624596557617,0.7724450073242187,0.0,0.7724450073242187,1544.8900146484375,0,16539.80467282887,101063.31065427419,0.8363421446838446,0.8363421446838446,policy_rebalance
2026-09-02,2026-09-02T11:40:00-04:00,2026-09-02T11:40:00-04:00,TSLA,27,buy,353.9549865722656,354.13196406555176,4.778392318725586,0.0,4.778392318725586,9556.784637451172,67,6978.241643058971,101058.53226195545,0.9309485158069528,0.9309485158069528,policy_rebalance
2026-09-02,2026-09-02T11:45:00-04:00,2026-09-02T11:45:00-04:00,SNDK,-1,sell,1545.3599853515625,1544.5873053588869,0.7726799926757812,0.0,0.7726799926757812,1545.3599853515625,-1,8522.828948417859,101301.12792913074,0.9463766190094648,0.9158663963309437,policy_rebalance
2026-09-02,2026-09-02T11:45:00-04:00,2026-09-02T11:45:00-04:00,NVDA,1,buy,227.02999877929688,227.1435137786865,0.11351499938964844,0.0,0.11351499938964844,227.02999877929688,312,8295.685434639172,101301.01441413136,0.9486188218939497,0.9181085650265518,policy_rebalance
2026-09-02,2026-09-02T11:50:00-04:00,2026-09-02T11:50:00-04:00,TSLA,-10,sell,352.8450012207031,352.6685787200928,1.7642250061035156,0.0,1.7642250061035156,3528.4500122070312,57,11822.3712218401,101374.510046303,0.9137233699017856,0.8833792516832859,policy_rebalance
2026-09-02,2026-09-02T11:50:00-04:00,2026-09-02T11:50:00-04:00,NVDA,-1,sell,227.4936981201172,227.37995127105714,0.1137468490600586,0.0,0.1137468490600586,227.4936981201172,311,12049.751173111157,101374.39629945393,0.9114803009093531,0.881136148643323,policy_rebalance
2026-09-02,2026-09-02T11:50:00-04:00,2026-09-02T11:50:00-04:00,SNDK,-2,sell,1538.06005859375,1537.2910285644532,1.53806005859375,0.0,1.53806005859375,3076.1201171875,-3,15124.333230240063,101372.85823939534,0.9418387428244942,0.8508049048540838,policy_rebalance
2026-09-02,2026-09-02T11:55:00-04:00,2026-09-02T11:55:00-04:00,TSLA,-3,sell,352.9132080078125,352.7367514038086,0.5293698120117187,0.0,0.5293698120117187,1058.7396240234375,54,16182.54348445149,101353.80576777668,0.9315610949987947,0.8403361041860711,policy_rebalance
2026-09-02,2026-09-02T12:00:00-04:00,2026-09-02T12:00:00-04:00,TSLA,-8,sell,352.67999267578125,352.5036526794434,1.410719970703125,0.0,1.410719970703125,2821.43994140625,46,19002.572705887036,101377.36417927571,0.9039391819964423,0.8125560586455681,policy_rebalance
2026-09-02,2026-09-02T12:00:00-04:00,2026-09-02T12:00:00-04:00,SNDK,-2,sell,1544.030029296875,1543.2580142822267,1.544030029296875,0.0,1.544030029296875,3088.06005859375,-5,22089.08873445149,101375.82014924641,0.9344144547319634,0.7821069294242776,policy_rebalance
2026-09-02,2026-09-02T12:05:00-04:00,2026-09-02T12:05:00-04:00,SNDK,1,buy,1544.699951171875,1545.472301147461,0.7723499755859375,0.0,0.7723499755859375,1544.699951171875,-4,20543.61643330403,101358.67063252279,0.9192371331150588,0.7973176216193167,policy_rebalance
2026-09-02,2026-09-02T12:10:00-04:00,2026-09-02T12:10:00-04:00,NVDA,-1,sell,227.477294921875,227.36355627441407,0.1137386474609375,0.0,0.1137386474609375,227.477294921875,310,20770.97998957844,101366.20203547688,0.9170522330132956,0.7950896889447544,policy_rebalance
2026-09-02,2026-09-02T12:10:00-04:00,2026-09-02T12:10:00-04:00,SNDK,-2,sell,1545.3599853515625,1544.5873053588869,1.5453599853515625,0.0,1.5453599853515625,3090.719970703125,-6,23860.154600296217,101364.65667549153,0.947557314843027,0.7646107096610406,policy_rebalance
2026-09-02,2026-09-02T12:15:00-04:00,2026-09-02T12:15:00-04:00,TSLA,-46,sell,354.489990234375,354.3127452392578,8.153269775390624,0.0,8.153269775390624,16306.53955078125,0,40158.54088130208,101412.10155024739,0.7864864214968238,0.6040064226318747,policy_rebalance
2026-09-02,2026-09-02T12:15:00-04:00,2026-09-02T12:15:00-04:00,NVDA,-1,sell,227.44000244140625,227.32628244018557,0.11372000122070312,0.0,0.11372000122070312,227.44000244140625,309,40385.86716374226,101411.98783024616,0.7842445705276351,0.6017643670357367,policy_rebalance
2026-09-02,2026-09-02T12:15:00-04:00,2026-09-02T12:15:00-04:00,SNDK,-6,sell,1542.1400146484375,1541.3689446411133,4.626420043945313,0.0,4.626420043945313,9252.840087890625,-12,49634.08083158894,101407.36141020223,0.8755246137510041,0.5105475564952877,policy_rebalance
2026-09-02,2026-09-02T12:15:00-04:00,2026-09-02T12:15:00-04:00,TSLA,-14,sell,354.489990234375,354.3127452392578,2.481429931640625,0.0,2.481429931640625,4962.85986328125,-14,54594.459264938545,101404.87998027058,0.9244870741102068,0.46161901403995065,policy_rebalance
2026-09-02,2026-09-02T12:20:00-04:00,2026-09-02T12:20:00-04:00,NVDA,-1,sell,227.3000030517578,227.18635305023196,0.11365000152587891,0.0,0.11365000152587891,227.3000030517578,308,54821.645617988775,101320.13688996143,0.9229982654827595,0.4589264552857076,policy_rebalance
2026-09-02,2026-09-02T12:25:00-04:00,2026-09-02T12:25:00-04:00,NVDA,-1,sell,227.09500122070312,226.9814537200928,0.11354750061035156,0.0,0.11354750061035156,227.09500122070312,307,55048.62707170887,101229.27291521474,0.9212323888181316,0.45619853342406963,policy_rebalance
2026-09-02,2026-09-02T12:30:00-04:00,2026-09-02T12:30:00-04:00,NVDA,-1,sell,227.033203125,226.91968652343752,0.1135166015625,0.0,0.1135166015625,227.033203125,306,55275.54675823231,101277.3765922167,0.9177023892783019,0.45421624633116414,policy_rebalance
2026-09-02,2026-09-02T12:35:00-04:00,2026-09-02T12:35:00-04:00,SNDK,8,buy,1541.3599853515625,1542.1306653442382,6.16543994140625,0.0,6.16543994140625,12330.8798828125,-4,42938.50143547841,101412.67016716786,0.7955843067236404,0.5765962836330124,policy_rebalance
2026-09-02,2026-09-02T12:35:00-04:00,2026-09-02T12:35:00-04:00,NVDA,6,buy,227.37989807128906,227.4935880203247,0.6821396942138672,0.0,0.6821396942138672,1364.2793884277344,312,41573.53990735646,101411.98802747365,0.809042499533091,0.5900530034368943,policy_rebalance
2026-09-02,2026-09-02T12:40:00-04:00,2026-09-02T12:40:00-04:00,NVDA,-1,sell,226.70010375976562,226.58675370788575,0.11335005187988281,0.0,0.11335005187988281,226.70010375976562,311,41800.12666106435,101200.95927214834,0.8063819998784272,0.586959185350645,policy_rebalance
2026-09-02,2026-09-02T12:40:00-04:00,2026-09-02T12:40:00-04:00,SNDK,4,buy,1541.5916748046875,1542.3624706420896,3.083183349609375,0.0,3.083183349609375,6166.36669921875,0,35630.676778495996,101197.87608879873,0.7454728117225943,0.6479108242624487,policy_rebalance
2026-09-02,2026-09-02T12:40:00-04:00,2026-09-02T12:40:00-04:00,TSLA,14,buy,352.6094970703125,352.78580181884763,2.4682664794921876,0.0,2.4682664794921876,4936.532958984375,0,30691.675553032128,101195.40782231923,0.6967088110665937,0.6967088110665937,policy_rebalance
2026-09-02,2026-09-02T12:40:00-04:00,2026-09-02T12:40:00-04:00,SNDK,1,buy,1541.5916748046875,1542.3624706420896,0.7707958374023437,0.0,0.7707958374023437,1541.5916748046875,1,29149.31308239004,101194.63702648184,0.7119480444921019,0.7119480444921019,policy_rebalance
2026-09-02,2026-09-02T12:40:00-04:00,2026-09-02T12:40:00-04:00,TSLA,63,buy,352.6094970703125,352.78580181884763,11.107199157714843,0.0,11.107199157714843,22214.398315429688,63,6923.80756780264,101183.52982732412,0.9315717925672435,0.9315717925672435,policy_rebalance
2026-09-02,2026-09-02T12:45:00-04:00,2026-09-02T12:45:00-04:00,TSLA,-1,sell,352.7699890136719,352.59360401916507,0.17638499450683592,0.0,0.17638499450683592,352.7699890136719,62,7276.401171821805,101026.72157587454,0.9279754795729268,0.9279754795729268,policy_rebalance
2026-09-02,2026-09-02T12:45:00-04:00,2026-09-02T12:45:00-04:00,NVDA,-302,sell,226.16000366210938,226.04692366027834,34.15016055297851,0.0,34.15016055297851,68300.32110595703,9,75542.57211722586,100992.57141532157,0.251998725663051,0.251998725663051,policy_rebalance
2026-09-02,2026-09-02T12:50:00-04:00,2026-09-02T12:50:00-04:00,NVDA,-9,sell,226.02499389648438,225.91198139953613,1.0171124725341796,0.0,1.0171124725341796,2034.2249450683594,0,77575.77994982169,101037.0607725756,0.23220470432688975,0.23220470432688975,policy_rebalance
2026-09-02,2026-09-02T12:50:00-04:00,2026-09-02T12:50:00-04:00,NVDA,-312,sell,226.02499389648438,225.91198139953613,35.25989904785156,0.0,35.25989904785156,70519.79809570312,-312,148060.31814647696,101001.80087352774,0.9304891408435192,-0.46591760608184474,policy_rebalance
2026-09-02,2026-09-02T12:55:00-04:00,2026-09-02T12:55:00-04:00,TSLA,-3,sell,354.2799987792969,354.10285877990725,0.5314199981689454,0.0,0.5314199981689454,1062.8399963378906,59,149122.62672281667,101087.49516153737,0.91914426544173,-0.47518371569618345,policy_rebalance
2026-09-02,2026-09-02T12:55:00-04:00,2026-09-02T12:55:00-04:00,SNDK,1,buy,1536.9100341796875,1537.6784891967773,0.7684550170898438,0.0,0.7684550170898438,1536.9100341796875,2,147584.94823361989,101086.72670652028,0.9343551284827896,-0.45998345224982334,policy_rebalance
2026-09-02,2026-09-02T12:55:00-04:00,2026-09-02T12:55:00-04:00,NVDA,-1,sell,225.8800048828125,225.7670648803711,0.11294000244140626,0.0,0.11294000244140626,225.8800048828125,-313,147810.71529850026,101086.61376651784,0.9365906918529828,-0.46221848562364737,policy_rebalance
2026-09-02,2026-09-02T13:00:00-04:00,2026-09-02T13:00:00-04:00,NVDA,53,buy,225.7899932861328,225.90288828277588,5.983434822082519,0.0,5.983434822082519,11966.869644165039,-260,135837.86221951313,101081.00504177876,0.8177000149226078,-0.3438515195151521,policy_rebalance
2026-09-02,2026-09-02T13:00:00-04:00,2026-09-02T13:00:00-04:00,SNDK,8,buy,1536.7099609375,1537.4783159179688,6.14683984375,0.0,6.14683984375,12293.6796875,10,123538.03569216939,101074.85820193501,0.9393791958516641,-0.22224297802481935,policy_rebalance
2026-09-02,2026-09-02T13:05:00-04:00,2026-09-02T13:05:00-04:00,TSLA,3,buy,354.04998779296875,354.2270127868652,0.5310749816894531,0.0,0.5310749816894531,1062.1499633789062,62,122475.3546538088,101207.29374072286,0.9479599349875998,-0.21014355909536875,policy_rebalance
2026-09-02,2026-09-02T13:10:00-04:00,2026-09-02T13:10:00-04:00,TSLA,-6,sell,353.1487121582031,352.97213780212405,1.0594461364746093,0.0,1.0594461364746093,2118.8922729492188,56,124593.18748062153,101257.71726577778,0.9246517549947388,-0.2304562145480093,policy_rebalance
2026-09-02,2026-09-02T13:10:00-04:00,2026-09-02T13:10:00-04:00,NVDA,-10,sell,224.92999267578125,224.81752767944337,1.1246499633789062,0.0,1.1246499633789062,2249.2999267578125,-270,126841.36275741596,101256.5926158144,0.9468758865617412,-0.25267263573320853,policy_rebalance
2026-09-02,2026-09-02T13:20:00-04:00,2026-09-02T13:20:00-04:00,TSLA,-1,sell,352.5899963378906,352.4137013397217,0.1762949981689453,0.0,0.1762949981689453,352.5899963378906,55,127193.77645875569,101285.82403565999,0.9428254392081687,-0.25579050839310163,policy_rebalance
2026-09-02,2026-09-02T13:20:00-04:00,2026-09-02T13:20:00-04:00,NVDA,167,buy,224.82000732421875,224.93241732788084,18.772470611572267,0.0,18.772470611572267,37544.94122314453,-103,89630.06276499959,101267.05156504842,0.5722484205202127,0.11491387001204299,policy_rebalance
2026-09-02,2026-09-02T13:25:00-04:00,2026-09-02T13:25:00-04:00,SNDK,-10,sell,1541.85498046875,1541.0840529785157,7.70927490234375,0.0,7.70927490234375,15418.5498046875,0,105040.90329478474,101282.67865489217,0.4205538887500629,-0.037106291912936566,policy_rebalance
2026-09-02,2026-09-02T13:25:00-04:00,2026-09-02T13:25:00-04:00,NVDA,16,buy,225.01480102539062,225.1273084259033,1.800118408203125,0.0,1.800118408203125,3600.23681640625,-87,101438.86635997028,101280.87853648396,0.385014309891524,-0.0015598978382619073,policy_rebalance
2026-09-02,2026-09-02T13:25:00-04:00,2026-09-02T13:25:00-04:00,SNDK,-1,sell,1541.85498046875,1541.0840529785157,0.770927490234375,0.0,0.770927490234375,1541.85498046875,-1,102979.9504129488,101280.10760899373,0.4002409109980125,-0.01678358015295129,policy_rebalance
2026-09-02,2026-09-02T13:25:00-04:00,2026-09-02T13:25:00-04:00,TSLA,3,buy,353.05999755859375,353.23652755737305,0.5295899963378906,0.0,0.5295899963378906,1059.1799926757812,58,101920.24083027669,101279.57801899739,0.41070098574338376,-0.006325686024867968,policy_rebalance
2026-09-02,2026-09-02T13:30:00-04:00,2026-09-02T13:30:00-04:00,NVDA,1,buy,225.5198974609375,225.63265740966796,0.11275994873046875,0.0,0.11275994873046875,225.5198974609375,-86,101694.60817286701,101273.57509181232,0.4092651943221403,-0.00415738341095383,policy_rebalance
2026-09-02,2026-09-02T13:35:00-04:00,2026-09-02T13:35:00-04:00,SNDK,1,buy,1541.30712890625,1542.0777824707031,0.770653564453125,0.0,0.770653564453125,1541.30712890625,0,100152.5303903963,101302.69109596271,0.393478987126662,0.011353703372765034,policy_rebalance
2026-09-02,2026-09-02T13:35:00-04:00,2026-09-02T13:35:00-04:00,NVDA,86,buy,225.05999755859375,225.17252755737303,9.677579895019532,0.0,9.677579895019532,19355.159790039062,0,80787.69302046223,101293.0135160677,0.20243568419803004,0.20243568419803004,policy_rebalance
2026-09-02,2026-09-02T13:35:00-04:00,2026-09-02T13:35:00-04:00,NVDA,169,buy,225.05999755859375,225.17252755737303,19.01756979370117,0.0,19.01756979370117,38035.139587402344,169,42733.53586326619,101273.995946274,0.5780403896975055,0.5780403896975055,policy_rebalance
2026-09-02,2026-09-02T13:40:00-04:00,2026-09-02T13:40:00-04:00,TSLA,-19,sell,352.97760009765625,352.80111129760746,3.3532872009277344,0.0,3.3532872009277344,6706.574401855469,39,49436.756977920726,101236.33389747639,0.5116698217461519,0.5116698217461519,policy_rebalance
2026-09-02,2026-09-02T13:40:00-04:00,2026-09-02T13:40:00-04:00,NVDA,-1,sell,225.0500030517578,224.93747805023196,0.11252500152587891,0.0,0.11252500152587891,225.0500030517578,168,49661.69445597096,101236.22137247486,0.5094473718724405,0.5094473718724405,policy_rebalance
2026-09-02,2026-09-02T13:45:00-04:00,2026-09-02T13:45:00-04:00,SNDK,-4,sell,1540.7249755859375,1539.9546130981446,3.081449951171875,0.0,3.081449951171875,6162.89990234375,-4,55821.51290836354,101269.32604923268,0.5704946917240237,0.4487816292840185,policy_rebalance
2026-09-02,2026-09-02T13:50:00-04:00,2026-09-02T13:50:00-04:00,NVDA,-1,sell,225.11000061035156,224.9974456100464,0.11255500030517578,0.0,0.11255500030517578,225.11000061035156,167,56046.51035397359,101223.28102963277,0.5682543570535689,0.4463081043819735,policy_rebalance
2026-09-02,2026-09-02T13:50:00-04:00,2026-09-02T13:50:00-04:00,TSLA,65,buy,352.70001220703125,352.87636221313477,11.462750396728516,0.0,11.462750396728516,22925.50079345703,104,33109.54681011983,101211.81827923603,0.7948288316672552,0.6728687679656836,policy_rebalance
2026-09-02,2026-09-02T13:55:00-04:00,2026-09-02T13:55:00-04:00,TSLA,-1,sell,352.20001220703125,352.0239122009278,0.17610000610351562,0.0,0.17610000610351562,352.20001220703125,103,33461.57072232076,101124.87890408345,0.791024612435606,0.6691064445767206,policy_rebalance
2026-09-02,2026-09-02T14:00:00-04:00,2026-09-02T14:00:00-04:00,SNDK,1,buy,1539.47998046875,1540.2497204589843,0.769739990234375,0.0,0.769739990234375,1539.47998046875,-3,31921.321001861772,101107.22084317036,0.7756397522365331,0.6842824801665192,policy_rebalance
2026-09-02,2026-09-02T14:00:00-04:00,2026-09-02T14:00:00-04:00,TSLA,16,buy,352.260009765625,352.4361397705078,2.818080078125,0.0,2.818080078125,5636.16015625,119,26282.34276553365,101104.40276309225,0.8314073134612934,0.7400474949926916,policy_rebalance
2026-09-02,2026-09-02T14:05:00-04:00,2026-09-02T14:05:00-04:00,SNDK,1,buy,1538.3299560546875,1539.0991210327147,0.7691649780273437,0.0,0.7691649780273437,1538.3299560546875,-2,24743.243644500933,101157.12418344137,0.8162272408360417,0.7553979134516439,policy_rebalance
2026-09-02,2026-09-02T14:05:00-04:00,2026-09-02T14:05:00-04:00,NVDA,56,buy,224.8300018310547,224.9424168319702,6.2952400512695315,0.0,6.2952400512695315,12590.480102539062,223,12146.468301910601,101150.8289433901,0.9407503770330349,0.8799172638643578,policy_rebalance
2026-09-02,2026-09-02T14:10:00-04:00,2026-09-02T14:10:00-04:00,TSLA,-1,sell,352.5000915527344,352.32384150695805,0.1762500457763672,0.0,0.1762500457763672,352.5000915527344,118,12498.792143417559,101096.95461900349,0.937219946481459,0.8763682626195733,policy_rebalance
2026-09-02,2026-09-02T14:10:00-04:00,2026-09-02T14:10:00-04:00,NVDA,-1,sell,224.57000732421875,224.45772232055666,0.11228500366210938,0.0,0.11228500366210938,224.57000732421875,222,12723.249865738115,101096.84233399984,0.9349996518966139,0.8741479004487248,policy_rebalance
2026-09-02,2026-09-02T14:15:00-04:00,2026-09-02T14:15:00-04:00,TSLA,-10,sell,352.3099060058594,352.13375105285644,1.761549530029297,0.0,1.761549530029297,3523.0990600585938,108,16244.58737626668,101107.04761186238,0.9000905715694243,0.8393327887623852,policy_rebalance
2026-09-02,2026-09-02T14:15:00-04:00,2026-09-02T14:15:00-04:00,SNDK,-3,sell,1535.760009765625,1534.9921297607423,2.3036400146484377,0.0,2.3036400146484377,4607.280029296875,-5,20849.563765548904,101104.74397184773,0.9456804552175923,0.7937825373322306,policy_rebalance
2026-09-02,2026-09-02T14:20:00-04:00,2026-09-02T14:20:00-04:00,TSLA,-23,sell,352.864990234375,352.6885577392578,4.057947387695313,0.0,4.057947387695313,8115.894775390625,85,28961.400593551836,101152.43584135457,0.8659597261286747,0.7136855840132776,policy_rebalance
2026-09-02,2026-09-02T14:20:00-04:00,2026-09-02T14:20:00-04:00,SNDK,-5,sell,1540.2900390625,1539.5198940429689,3.85072509765625,0.0,3.85072509765625,7701.4501953125,-10,36659.00006376668,101148.58511625692,0.9421326627971197,0.637572784417775,policy_rebalance
2026-09-02,2026-09-02T14:25:00-04:00,2026-09-02T14:25:00-04:00,SNDK,1,buy,1542.0,1542.771,0.771,0.0,0.771,1542.0,-9,35116.22906376668,101173.68640019247,0.9272515480492298,0.6529114405808595,policy_rebalance
2026-09-02,2026-09-02T14:25:00-04:00,2026-09-02T14:25:00-04:00,NVDA,3,buy,225.17999267578125,225.29258267211912,0.3377699890136719,0.0,0.3377699890136719,675.5399780273438,225,34440.351315750326,101173.34863020346,0.9339316983548488,0.6595906749945332,policy_rebalance
2026-09-02,2026-09-02T14:30:00-04:00,2026-09-02T14:30:00-04:00,TSLA,-10,sell,352.1600036621094,351.9839236602783,1.7608000183105468,0.0,1.7608000183105468,3521.6000366210938,75,37960.19055235311,101109.46888792439,0.8990831409042443,0.6245634462343939,policy_rebalance
2026-09-02,2026-09-02T14:30:00-04:00,2026-09-02T14:30:00-04:00,SNDK,-3,sell,1542.030029296875,1541.2590142822266,2.3130450439453125,0.0,2.3130450439453125,4626.090087890625,-12,42583.96759519979,101107.15584288046,0.944858038527573,0.5788234053247936,policy_rebalance
2026-09-02,2026-09-02T14:35:00-04:00,2026-09-02T14:35:00-04:00,TSLA,-12,sell,352.152587890625,351.9765115966797,2.11291552734375,0.0,2.11291552734375,4225.8310546875,63,46807.68573435995,101131.42728099081,0.9034281848623656,0.5371598424661196,policy_rebalance
2026-09-02,2026-09-02T14:35:00-04:00,2026-09-02T14:35:00-04:00,SNDK,-2,sell,1543.385009765625,1542.6133172607422,1.543385009765625,0.0,1.543385009765625,3086.77001953125,-14,49892.91236888143,101129.88389598104,0.9339648001345197,0.5066452126040243,policy_rebalance
2026-09-02,2026-09-02T14:40:00-04:00,2026-09-02T14:40:00-04:00,NVDA,7,buy,224.9029998779297,225.01545137786863,0.7871604995727539,0.0,0.7871604995727539,1574.3209991455078,232,48317.80420923635,101044.83414698049,0.9497440560072972,0.5218181650043292,policy_rebalance
2026-09-02,2026-09-02T14:45:00-04:00,2026-09-02T14:45:00-04:00,TSLA,-28,sell,352.5400085449219,352.3637385406494,4.9355601196289065,0.0,4.9355601196289065,9871.120239257812,35,58183.98888837453,100985.1098905718,0.8530644046055064,0.42383596005962537,policy_rebalance
2026-09-02,2026-09-02T14:45:00-04:00,2026-09-02T14:45:00-04:00,NVDA,-1,sell,224.7200927734375,224.6077327270508,0.11236004638671875,0.0,0.11236004638671875,224.7200927734375,231,58408.596621101584,100984.9975305254,0.8508400718044934,0.4216111496814562,policy_rebalance
2026-09-02,2026-09-02T14:45:00-04:00,2026-09-02T14:45:00-04:00,SNDK,-6,sell,1548.06005859375,1547.2860285644533,4.64418017578125,0.0,4.64418017578125,9288.3603515625,-20,67692.3127924883,100980.35335034963,0.9428610590347244,0.32964868366393046,policy_rebalance
2026-09-02,2026-09-02T14:50:00-04:00,2026-09-02T14:50:00-04:00,TSLA,-1,sell,352.7300109863281,352.553645980835,0.17636500549316406,0.0,0.17636500549316406,352.7300109863281,34,68044.86643846914,100998.17428453847,0.9394754951894221,0.32627627261094033,policy_rebalance
2026-09-02,2026-09-02T14:50:00-04:00,2026-09-02T14:50:00-04:00,NVDA,-1,sell,224.7899932861328,224.67759828948977,0.1123949966430664,0.0,0.1123949966430664,224.7899932861328,230,68269.54403675863,100998.06188954183,0.9372508544711998,0.32405094949819213,policy_rebalance
2026-09-02,2026-09-02T14:55:00-04:00,2026-09-02T14:55:00-04:00,SNDK,6,buy,1546.0,1546.773,4.638,0.0,4.638,9276.0,-14,58988.90603675863,100909.98593177815,0.844406815720166,0.41543044038635546,policy_rebalance
2026-09-02,2026-09-02T14:55:00-04:00,2026-09-02T14:55:00-04:00,NVDA,46,buy,224.30999755859375,224.42215255737304,5.159129943847656,0.0,5.159129943847656,10318.259887695312,276,48665.487019119464,100904.82680183431,0.9467073361150479,0.5177090277882049,policy_rebalance
2026-09-02,2026-09-02T15:00:00-04:00,2026-09-02T15:00:00-04:00,SNDK,8,buy,1549.239990234375,1550.014610229492,6.1969599609375,0.0,6.1969599609375,12393.919921875,-6,36265.37013728353,100894.1497393343,0.82482145595028,0.6405602284079192,policy_rebalance
2026-09-02,2026-09-02T15:00:00-04:00,2026-09-02T15:00:00-04:00,TSLA,7,buy,351.8299865722656,352.0059015655517,1.2314049530029296,0.0,1.2314049530029296,2462.8099060058594,41,33801.328826324665,100892.9183343813,0.8492416594284508,0.6649781829652341,policy_rebalance
2026-09-02,2026-09-02T15:00:00-04:00,2026-09-02T15:00:00-04:00,NVDA,38,buy,224.5,224.61225,4.2655,0.0,4.2655,8531.0,314,25266.063326324664,100888.6528343813,0.9338361326474433,0.7495648656563846,policy_rebalance
2026-09-02,2026-09-02T15:05:00-04:00,2026-09-02T15:05:00-04:00,SNDK,-1,sell,1539.0,1538.2305000000001,0.7695,0.0,0.7695,1539.0,-7,26804.293826324665,100974.48593447896,0.9479245298684986,0.7345438941504726,policy_rebalance
2026-09-02,2026-09-02T15:25:00-04:00,2026-09-02T15:25:00-04:00,TSLA,-1,sell,352.7799987792969,352.60360877990723,0.17638999938964844,0.0,0.17638999938964844,352.7799987792969,40,27156.897435104573,100961.61850444051,0.9445904459706038,0.7310176100840722,policy_rebalance
2026-09-02,2026-09-02T15:25:00-04:00,2026-09-02T15:25:00-04:00,SNDK,1,buy,1540.18994140625,1540.960036376953,0.770094970703125,0.0,0.770094970703125,1540.18994140625,-6,25615.93739872762,100960.8484094698,0.9293423320600434,0.7462785049622768,policy_rebalance
2026-09-02,2026-09-02T15:30:00-04:00,2026-09-02T15:30:00-04:00,TSLA,5,buy,352.8999938964844,353.0764438934326,0.882249984741211,0.0,0.882249984741211,1764.4999694824219,45,23850.555179260456,100952.79159893819,0.9468857119938539,0.7637454616013678,policy_rebalance
2026-09-02,2026-09-02T15:40:00-04:00,2026-09-02T15:40:00-04:00,NVDA,-9,sell,223.99000549316406,223.8780104904175,1.0079550247192384,0.0,1.0079550247192384,2015.9100494384766,305,25865.457273674212,100834.16343517324,0.9271848219243338,0.7434851800966917,policy_rebalance
2026-09-02,2026-09-02T15:40:00-04:00,2026-09-02T15:40:00-04:00,SNDK,-1,sell,1543.5999755859375,1542.8281755981445,0.7717999877929688,0.0,0.7717999877929688,1543.5999755859375,-7,27408.285449272356,100833.39163518544,0.9425003394505865,0.7281824502300255,policy_rebalance
2026-09-02,2026-09-02T15:55:00-04:00,,TSLA,-45,sell,356.2200012207031,356.0418912200928,8.01495002746582,0.0,8.01495002746582,16029.90005493164,0,43430.17055417653,101007.8391180193,0.785814534578706,0.5700316833485373,scheduled_1555_liquidation
2026-09-02,2026-09-02T15:55:00-04:00,,NVDA,-305,sell,224.50999450683594,224.39773950958252,34.23777416229248,0.0,34.23777416229248,68475.54832458496,0,111871.4811045992,100973.60134385701,0.10792800906080774,-0.10792800906080774,scheduled_1555_liquidation
2026-09-02,2026-09-02T15:55:00-04:00,,SNDK,7,buy,1556.8399658203125,1557.6183858032225,5.448939880371094,0.0,5.448939880371094,10897.879760742188,0,100968.15240397664,100968.15240397664,0.0,0.0,scheduled_1555_liquidation
2026-09-03,2026-09-03T09:35:00-04:00,2026-09-03T09:35:00-04:00,SNDK,-33,sell,1516.4599609375,1515.7017309570313,25.02158935546875,0.0,25.02158935546875,50043.1787109375,-33,150986.30952555867,100943.13081462117,0.4957561580177278,-0.4957561580177278,policy_rebalance
2026-09-03,2026-09-03T09:35:00-04:00,2026-09-03T09:35:00-04:00,TSLA,119,buy,370.81988525390625,371.00529519653315,22.063783172607423,0.0,22.063783172607423,44127.566345214844,119,106836.67939717122,100921.06703144856,0.9331128556816317,-0.058616228897770774,policy_rebalance
2026-09-03,2026-09-03T09:40:00-04:00,2026-09-03T09:40:00-04:00,SNDK,22,buy,1518.2099609375,1518.9690659179687,16.7003095703125,0.0,16.7003095703125,33400.619140625,-11,73419.3599469759,100979.91066719075,0.6036960169409881,0.2729310269549437,policy_rebalance
2026-09-03,2026-09-03T09:40:00-04:00,2026-09-03T09:40:00-04:00,TSLA,71,buy,371.94000244140625,372.12597244262696,13.203870086669921,0.0,13.203870086669921,26407.740173339844,190,46998.415903549394,100966.70679710408,0.8653239548532605,0.5345157092427085,policy_rebalance
2026-09-03,2026-09-03T09:40:00-04:00,2026-09-03T09:40:00-04:00,NVDA,33,buy,227.55999755859375,227.67377755737303,3.754739959716797,0.0,3.754739959716797,7509.479919433594,33,39485.18124415608,100962.95205714437,0.9397347048639458,0.6089141567313946,policy_rebalance
2026-09-03,2026-09-03T09:45:00-04:00,2026-09-03T09:45:00-04:00,TSLA,-1,sell,374.3500061035156,374.1628311004639,0.1871750030517578,0.0,0.1871750030517578,374.3500061035156,189,39859.344075256544,101322.43582635518,0.9382923952013463,0.6066089040381256,policy_rebalance
2026-09-03,2026-09-03T09:45:00-04:00,2026-09-03T09:45:00-04:00,NVDA,4,buy,227.7100067138672,227.8238617172241,0.45542001342773436,0.0,0.45542001342773436,910.8400268554688,37,38948.048628387645,101321.98040634175,0.9472861726653886,0.6156011906578378,policy_rebalance
2026-09-03,2026-09-03T09:50:00-04:00,2026-09-03T09:50:00-04:00,TSLA,-167,sell,377.42999267578125,377.2412776794434,31.515404388427733,0.0,31.515404388427733,63030.80877685547,22,101947.3420008547,101848.19667614767,0.3302722636062832,-0.0009734617591933328,policy_rebalance
2026-09-03,2026-09-03T09:50:00-04:00,2026-09-03T09:50:00-04:00,NVDA,274,buy,228.80499267578125,228.91939517211912,31.34628399658203,0.0,31.34628399658203,62692.56799316406,311,39223.427723694054,101816.85039215109,0.9461125745158508,0.614764868755774,policy_rebalance
2026-09-03,2026-09-03T09:55:00-04:00,2026-09-03T09:55:00-04:00,NVDA,-211,sell,228.04490661621094,227.93088416290286,24.058737648010254,0.0,24.058737648010254,48117.47529602051,100,87316.84428206657,101352.13480941032,0.47431473811278246,0.13848046273259756,policy_rebalance
2026-09-03,2026-09-03T09:55:00-04:00,2026-09-03T09:55:00-04:00,SNDK,-18,sell,1547.1600341796875,1546.3864541625978,13.924440307617187,0.0,13.924440307617187,27848.880615234375,-29,115151.80045699333,101338.2103691027,0.7491911650896811,-0.13631176273567083,policy_rebalance
2026-09-03,2026-09-03T09:55:00-04:00,2026-09-03T09:55:00-04:00,TSLA,51,buy,374.9800109863281,375.16750099182127,9.561990280151367,0.0,9.561990280151367,19123.980560302734,73,96018.25790641044,101328.64837882255,0.9379940813924674,0.052407592101287405,policy_rebalance
2026-09-03,2026-09-03T10:00:00-04:00,2026-09-03T10:00:00-04:00,NVDA,-88,sell,228.17999267578125,228.06590267944338,10.039919677734375,0.0,10.039919677734375,20079.83935546875,12,116088.05734220146,101177.21725431083,0.738300201757394,-0.14737349467135422,policy_rebalance
2026-09-03,2026-09-03T10:00:00-04:00,2026-09-03T10:00:00-04:00,SNDK,15,buy,1545.0,1545.7724999999998,11.5875,0.0,11.5875,23175.0,-14,92901.46984220146,101165.62975431084,0.5093049886333935,0.08168940313206745,policy_rebalance
2026-09-03,2026-09-03T10:00:00-04:00,2026-09-03T10:00:00-04:00,TSLA,117,buy,372.0,372.186,21.762,0.0,21.762,43524.0,190,49355.70784220147,101143.86775431084,0.9397323043151902,0.5120247135289339,policy_rebalance
2026-09-03,2026-09-03T10:05:00-04:00,2026-09-03T10:05:00-04:00,NVDA,-12,sell,228.00999450683594,227.89598950958253,1.3680599670410156,0.0,1.3680599670410156,2736.1199340820312,0,52090.45971631646,101446.67816114068,0.9086406768458845,0.4865237515852954,policy_rebalance
2026-09-03,2026-09-03T10:05:00-04:00,2026-09-03T10:05:00-04:00,SNDK,14,buy,1529.3699951171875,1530.134680114746,10.705589965820312,0.0,10.705589965820312,21411.179931640625,0,30668.574194710014,101435.97257117486,0.6976558372998226,0.6976558372998226,policy_rebalance
2026-09-03,2026-09-03T10:05:00-04:00,2026-09-03T10:05:00-04:00,SNDK,12,buy,1529.3699951171875,1530.134680114746,9.176219970703125,0.0,9.176219970703125,18352.43994140625,12,12306.958033333063,101426.79635120416,0.8786616705242415,0.8786616705242415,policy_rebalance
2026-09-03,2026-09-03T10:05:00-04:00,2026-09-03T10:05:00-04:00,NVDA,-25,sell,228.00999450683594,227.89598950958253,2.8501249313354493,0.0,2.8501249313354493,5700.249862670898,-25,18004.357771072628,101423.94622627282,0.9348885712748952,0.8224841525007752,policy_rebalance
2026-09-03,2026-09-03T10:10:00-04:00,2026-09-03T10:10:00-04:00,SNDK,-8,sell,1523.02001953125,1522.2585095214845,6.092080078125,0.0,6.092080078125,12184.16015625,4,30182.425847244504,101987.90314216638,0.8158367289788998,0.7040587666051765,policy_rebalance
2026-09-03,2026-09-03T10:10:00-04:00,2026-09-03T10:10:00-04:00,TSLA,-1,sell,375.8599853515625,375.6720553588867,0.18792999267578125,0.0,0.18792999267578125,375.8599853515625,189,30558.09790260339,101987.7152121737,0.8121528866222057,0.7003747182782672,policy_rebalance
2026-09-03,2026-09-03T10:10:00-04:00,2026-09-03T10:10:00-04:00,NVDA,25,buy,228.0,228.11399999999998,2.85,0.0,2.85,5700.0,0,24855.24790260339,101984.8652121737,0.7562849364864732,0.7562849364864732,policy_rebalance
2026-09-03,2026-09-03T10:10:00-04:00,2026-09-03T10:10:00-04:00,NVDA,76,buy,228.0,228.11399999999998,8.664,0.0,8.664,17328.0,76,7518.583902603394,101976.2012121737,0.9262711905990685,0.9262711905990685,policy_rebalance
2026-09-03,2026-09-03T10:15:00-04:00,2026-09-03T10:15:00-04:00,TSLA,-189,sell,377.0039978027344,376.815495803833,35.6268777923584,0.0,35.6268777923584,71253.7555847168,0,78736.71260952784,102161.43258023096,0.2292912244775627,0.2292912244775627,policy_rebalance
2026-09-03,2026-09-03T10:15:00-04:00,2026-09-03T10:15:00-04:00,TSLA,-189,sell,377.0039978027344,376.815495803833,35.6268777923584,0.0,35.6268777923584,71253.7555847168,-189,149954.84131645228,102125.8057024386,0.9270769019074593,-0.46833447516068494,policy_rebalance
2026-09-03,2026-09-03T10:20:00-04:00,2026-09-03T10:20:00-04:00,NVDA,-76,sell,228.14999389648438,228.03591889953614,8.669699768066407,0.0,8.669699768066407,17339.399536132812,0,167285.57115281702,102170.97718919397,0.7566371180545417,-0.6373100831075328,policy_rebalance
2026-09-03,2026-09-03T10:20:00-04:00,2026-09-03T10:20:00-04:00,TSLA,185,buy,376.7749938964844,376.9633813934326,34.8516869354248,0.0,34.8516869354248,69703.37387084961,-4,97547.34559503199,102136.12550225855,0.07443967372964731,0.04492807892076433,policy_rebalance
2026-09-03,2026-09-03T10:20:00-04:00,2026-09-03T10:20:00-04:00,SNDK,20,buy,1523.969970703125,1524.7319556884765,15.23969970703125,0.0,15.23969970703125,30479.3994140625,24,67052.70648126246,102120.88580255152,0.37291469784244113,0.3433986989604909,policy_rebalance
2026-09-03,2026-09-03T10:20:00-04:00,2026-09-03T10:20:00-04:00,NVDA,-110,sell,228.14999389648438,228.03591889953614,12.54824966430664,0.0,12.54824966430664,25096.49932861328,-110,92136.65756021143,102108.33755288721,0.6187435827005859,0.09765784295049296,policy_rebalance
2026-09-03,2026-09-03T10:25:00-04:00,2026-09-03T10:25:00-04:00,TSLA,4,buy,378.31500244140625,378.5041599426269,0.7566300048828125,0.0,0.7566300048828125,1513.260009765625,0,90622.64092044093,102171.06108645655,0.6042515423030879,0.11303024597389098,policy_rebalance
2026-09-03,2026-09-03T10:25:00-04:00,2026-09-03T10:25:00-04:00,TSLA,62,buy,378.31500244140625,378.5041599426269,11.727765075683594,0.0,11.727765075683594,23455.530151367188,62,67155.38300399805,102159.33332138087,0.8339184352700907,0.3426407473438049,policy_rebalance
2026-09-03,2026-09-03T10:25:00-04:00,2026-09-03T10:25:00-04:00,NVDA,-51,sell,228.1300048828125,228.0159398803711,5.817315124511719,0.0,5.817315124511719,11634.630249023438,-161,78784.19593789698,102153.51600625635,0.9478595101385924,0.2287666737474619,policy_rebalance
2026-09-03,2026-09-03T10:30:00-04:00,2026-09-03T10:30:00-04:00,SNDK,-6,sell,1524.3900146484375,1523.6278196411133,4.5731700439453125,0.0,4.5731700439453125,9146.340087890625,18,87925.96285574365,102236.01847402978,0.8561368601391824,0.13997078360324844,policy_rebalance
2026-09-03,2026-09-03T10:30:00-04:00,2026-09-03T10:30:00-04:00,TSLA,22,buy,378.7099914550781,378.89934645080564,4.165809906005859,0.0,4.165809906005859,8331.619812011719,84,79590.17723382593,102231.85266412378,0.9376690450523258,0.2214737857161371,policy_rebalance
2026-09-03,2026-09-03T10:35:00-04:00,2026-09-03T10:35:00-04:00,NVDA,92,buy,226.34500122070312,226.45817372131347,10.411870056152344,0.0,10.411870056152344,20823.740112304688,-69,58756.02525146509,102122.5407238772,0.7305157618686867,0.4246517484290578,policy_rebalance
2026-09-03,2026-09-03T10:35:00-04:00,2026-09-03T10:35:00-04:00,TSLA,58,buy,377.260009765625,377.4486397705078,10.940540283203125,0.0,10.940540283203125,21881.08056640625,142,36864.00414477564,102111.600183594,0.9448799747903383,0.6389831901713897,policy_rebalance
2026-09-03,2026-09-03T10:40:00-04:00,2026-09-03T10:40:00-04:00,SNDK,-5,sell,1517.4073486328125,1516.648644958496,3.793518371582031,0.0,3.793518371582031,7587.0367431640625,13,44447.24736956812,102234.27755145289,0.8712771536485115,0.5652412436015061,policy_rebalance
2026-09-03,2026-09-03T10:40:00-04:00,2026-09-03T10:40:00-04:00,NVDA,48,buy,226.72000122070312,226.83336122131345,5.441280029296875,0.0,5.441280029296875,10882.56005859375,-21,33559.24603094507,102228.83627142358,0.7648705897829466,0.6717242682696368,policy_rebalance
2026-09-03,2026-09-03T10:40:00-04:00,2026-09-03T10:40:00-04:00,TSLA,47,buy,378.2001037597656,378.3892038116455,8.887702438354491,0.0,8.887702438354491,17775.404876708984,189,15774.95345179773,102219.94856898523,0.9388307909751253,0.8456763706826591,policy_rebalance
2026-09-03,2026-09-03T10:50:00-04:00,2026-09-03T10:50:00-04:00,TSLA,-3,sell,379.9649963378906,379.7750138397217,0.5699474945068359,0.0,0.5699474945068359,1139.8949890136719,186,16914.278493316895,102551.27806607081,0.9277261226472311,0.8350651614266619,policy_rebalance
2026-09-03,2026-09-03T10:50:00-04:00,2026-09-03T10:50:00-04:00,NVDA,21,buy,226.25,226.363125,2.375625,0.0,2.375625,4751.25,0,12160.652868316894,102548.9024410708,0.8814160602517911,0.8814160602517911,policy_rebalance
2026-09-03,2026-09-03T10:50:00-04:00,2026-09-03T10:50:00-04:00,SNDK,4,buy,1516.52001953125,1517.2782795410155,3.0330400390625,0.0,3.0330400390625,6066.080078125,17,6091.539750152832,102545.86940103174,0.9405969271533472,0.9405969271533472,policy_rebalance
2026-09-03,2026-09-03T10:55:00-04:00,2026-09-03T10:55:00-04:00,TSLA,-168,sell,380.55999755859375,380.3697175598145,31.967039794921874,0.0,31.967039794921874,63934.07958984375,18,69993.65230020166,102728.10200723291,0.31865136284447726,0.31865136284447726,policy_rebalance
2026-09-03,2026-09-03T10:55:00-04:00,2026-09-03T10:55:00-04:00,SNDK,14,buy,1522.6099853515625,1523.371290344238,10.658269897460938,0.0,10.658269897460938,21316.539794921875,31,48666.45423538233,102717.44373733544,0.5262104228388895,0.5262104228388895,policy_rebalance
2026-09-03,2026-09-03T11:00:00-04:00,2026-09-03T11:00:00-04:00,TSLA,29,buy,379.5249938964844,379.7147563934326,5.503112411499023,0.0,5.503112411499023,11006.224822998047,47,37654.72629997278,102873.8878295138,0.6339719719509822,0.6339719719509822,policy_rebalance
2026-09-03,2026-09-03T11:05:00-04:00,2026-09-03T11:05:00-04:00,SNDK,-25,sell,1536.0250244140625,1535.2570119018555,19.20031280517578,0.0,19.20031280517578,38400.62561035156,6,76036.15159751917,103135.80174400355,0.26275696400508164,0.26275696400508164,policy_rebalance
2026-09-03,2026-09-03T11:05:00-04:00,2026-09-03T11:05:00-04:00,TSLA,-1,sell,380.5,380.30975,0.19025,0.0,0.19025,380.5,46,76416.46134751917,103135.61149400355,0.25906813136060053,0.25906813136060053,policy_rebalance
2026-09-03,2026-09-03T11:05:00-04:00,2026-09-03T11:05:00-04:00,NVDA,-42,sell,226.3000030517578,226.18685305023195,4.752300064086914,0.0,4.752300064086914,9504.600128173828,-42,85916.3091756289,103130.85919393945,0.35124065248539027,0.16691948610588295,policy_rebalance
2026-09-03,2026-09-03T11:10:00-04:00,2026-09-03T11:10:00-04:00,SNDK,-5,sell,1534.0,1533.2330000000002,3.835,0.0,3.835,7670.0,1,93582.47417562891,103145.74269979884,0.2767331872460258,0.092716076047883,policy_rebalance
2026-09-03,2026-09-03T11:10:00-04:00,2026-09-03T11:10:00-04:00,TSLA,143,buy,380.8599853515625,381.0504153442383,27.23148895263672,0.0,27.23148895263672,54462.97790527344,189,39092.26478140284,103118.51121084619,0.804965345782809,0.6208996394306842,policy_rebalance
2026-09-03,2026-09-03T11:15:00-04:00,2026-09-03T11:15:00-04:00,TSLA,-1,sell,380.3800048828125,380.1898148803711,0.19019000244140624,0.0,0.19019000244140624,380.3800048828125,188,39472.45459628321,102982.34525180078,0.8018319161170832,0.6167065869419693,policy_rebalance
2026-09-03,2026-09-03T11:15:00-04:00,2026-09-03T11:15:00-04:00,NVDA,1,buy,226.9600067138672,227.0734867172241,0.11348000335693359,0.0,0.11348000335693359,226.9600067138672,-41,39245.38110956599,102982.23177179744,0.7996289242909973,0.6189111419091068,policy_rebalance
2026-09-03,2026-09-03T11:15:00-04:00,2026-09-03T11:15:00-04:00,SNDK,8,buy,1530.77001953125,1531.5354045410156,6.123080078125,0.0,6.123080078125,12246.16015625,9,26993.097873237864,102976.1086917193,0.9185988145289588,0.7378702864559838,policy_rebalance
2026-09-03,2026-09-03T11:20:00-04:00,2026-09-03T11:20:00-04:00,SNDK,-1,sell,1533.43994140625,1532.673221435547,0.766719970703125,0.0,0.766719970703125,1533.43994140625,8,28525.77109467341,102805.14769684627,0.9036027770364691,0.7225258488145871,policy_rebalance
2026-09-03,2026-09-03T11:20:00-04:00,2026-09-03T11:20:00-04:00,TSLA,-9,sell,379.3599853515625,379.17030535888676,1.7071199340820313,0.0,1.7071199340820313,3414.2398681640625,179,31938.30384290339,102803.44057691218,0.8704064434244857,0.6893265082990212,policy_rebalance
2026-09-03,2026-09-03T11:25:00-04:00,2026-09-03T11:25:00-04:00,NVDA,1,buy,226.97039794921875,227.08388314819334,0.11348519897460937,0.0,0.11348519897460937,226.97039794921875,-40,31711.2199597552,102916.50395633723,0.8683050084020745,0.6918742986721661,policy_rebalance
2026-09-03,2026-09-03T11:30:00-04:00,2026-09-03T11:30:00-04:00,SNDK,-8,sell,1539.0,1538.2305000000001,6.156,0.0,6.156,12312.0,0,44017.0639597552,103178.93670145443,0.7500394495448673,0.5733909907686155,policy_rebalance
2026-09-03,2026-09-03T11:30:00-04:00,2026-09-03T11:30:00-04:00,TSLA,-102,sell,381.42498779296875,381.2342752990723,19.452674377441408,0.0,19.452674377441408,38905.34875488281,77,82902.96004026057,103159.48402707698,0.373043007109263,0.19636123792068927,policy_rebalance
2026-09-03,2026-09-03T11:30:00-04:00,2026-09-03T11:30:00-04:00,NVDA,1,buy,227.8300018310547,227.9439168319702,0.11391500091552734,0.0,0.11391500091552734,227.8300018310547,-39,82675.0161234286,103159.37011207607,0.37083489449293855,0.19856997930864176,policy_rebalance
2026-09-03,2026-09-03T11:30:00-04:00,2026-09-03T11:30:00-04:00,SNDK,-1,sell,1539.0,1538.2305000000001,0.7695,0.0,0.7695,1539.0,-1,84213.24662342861,103158.60061207607,0.3857564361609933,0.18365268505231797,policy_rebalance
2026-09-03,2026-09-03T11:35:00-04:00,2026-09-03T11:35:00-04:00,TSLA,-77,sell,381.21258544921875,381.0219791564942,14.676684539794921,0.0,14.676684539794921,29353.369079589844,0,113551.93901847866,103140.19110893276,0.10094753362003571,-0.10094753362003571,policy_rebalance
2026-09-03,2026-09-03T11:35:00-04:00,2026-09-03T11:35:00-04:00,SNDK,-2,sell,1538.0,1537.231,1.538,0.0,1.538,3076.0,-3,116626.40101847866,103138.65310893276,0.13077296923104512,-0.13077296923104512,policy_rebalance
2026-09-03,2026-09-03T11:35:00-04:00,2026-09-03T11:35:00-04:00,TSLA,-80,sell,381.21258544921875,381.0219791564942,15.24850341796875,0.0,15.24850341796875,30497.0068359375,-80,147108.1593509982,103123.4046055148,0.42652543245387764,-0.42652543245387764,policy_rebalance
2026-09-03,2026-09-03T11:35:00-04:00,2026-09-03T11:35:00-04:00,NVDA,-46,sell,227.53199768066406,227.41823168182376,5.233235946655274,0.0,5.233235946655274,10466.471893310547,-85,157569.3980083621,103118.17136956815,0.5280468603699793,-0.5280468603699793,policy_rebalance
2026-09-03,2026-09-03T11:40:00-04:00,2026-09-03T11:40:00-04:00,TSLA,1,buy,381.0,381.1905,0.1905,0.0,0.1905,381.0,-79,157188.2075083621,103151.60240582304,0.5238561868379529,-0.5238561868379529,policy_rebalance
2026-09-03,2026-09-03T11:40:00-04:00,2026-09-03T11:40:00-04:00,SNDK,-1,sell,1536.9100341796875,1536.1415791625977,0.7684550170898438,0.0,0.7684550170898438,1536.9100341796875,-4,158724.3490875247,103150.83395080594,0.5387597269763473,-0.5387597269763473,policy_rebalance
2026-09-03,2026-09-03T11:40:00-04:00,2026-09-03T11:40:00-04:00,NVDA,-91,sell,227.375,227.2613125,10.3455625,0.0,10.3455625,20691.125,-176,179405.1285250247,103140.48838830594,0.7394248498183923,-0.7394248498183923,policy_rebalance
2026-09-03,2026-09-03T11:45:00-04:00,2026-09-03T11:45:00-04:00,TSLA,28,buy,381.0199890136719,381.2104990081787,5.334279846191406,0.0,5.334279846191406,10668.559692382812,-51,168731.23455279568,103142.13576739529,0.6359098374045309,-0.6359098374045309,policy_rebalance
2026-09-03,2026-09-03T11:45:00-04:00,2026-09-03T11:45:00-04:00,NVDA,-141,sell,227.38499450683594,227.27130200958254,16.030642112731933,0.0,16.030642112731933,32061.284225463867,-317,200776.48813614683,103126.10512528257,0.9469026575980336,-0.9469026575980336,policy_rebalance
2026-09-03,2026-09-03T11:55:00-04:00,2026-09-03T11:55:00-04:00,NVDA,1,buy,227.57000732421875,227.68379232788084,0.11378500366210938,0.0,0.11378500366210938,227.57000732421875,-316,200548.80434381895,102986.56688654356,0.9473297383022394,-0.9473297383022394,policy_rebalance
2026-09-03,2026-09-03T12:00:00-04:00,2026-09-03T12:00:00-04:00,TSLA,1,buy,382.79998779296875,382.99138778686523,0.19139999389648438,0.0,0.19139999389648438,382.79998779296875,-50,200165.81295603208,102984.23538034849,0.943654892583956,-0.943654892583956,policy_rebalance
2026-09-03,2026-09-03T12:05:00-04:00,2026-09-03T12:05:00-04:00,TSLA,50,buy,382.875,383.0664375,9.571875,0.0,9.571875,19143.75,0,181012.4910810321,103084.9058149188,0.7559553423468844,-0.7559553423468844,policy_rebalance
2026-09-03,2026-09-03T12:05:00-04:00,2026-09-03T12:05:00-04:00,NVDA,59,buy,227.1634979248047,227.27707967376708,6.701323188781738,0.0,6.701323188781738,13402.646377563477,-257,167603.14338027983,103078.20449173002,0.6259804311368913,-0.6259804311368913,policy_rebalance
2026-09-03,2026-09-03T12:05:00-04:00,2026-09-03T12:05:00-04:00,TSLA,86,buy,382.875,383.0664375,16.463625,0.0,16.463625,32927.25,86,134659.42975527982,103061.74086673002,0.9455709564868114,-0.3065899006053957,policy_rebalance
2026-09-03,2026-09-03T12:10:00-04:00,2026-09-03T12:10:00-04:00,NVDA,87,buy,227.8450927734375,227.9590153198242,9.911261535644531,0.0,9.911261535644531,19822.523071289062,-170,114826.99542245512,102892.86553964262,0.7566861088224259,-0.1159859803711513,policy_rebalance
2026-09-03,2026-09-03T12:10:00-04:00,2026-09-03T12:10:00-04:00,SNDK,-6,sell,1540.550048828125,1539.7797738037111,4.621650146484375,0.0,4.621650146484375,9243.30029296875,-10,124065.67406527739,102888.24388949614,0.8465583535209131,-0.2058294453788734,policy_rebalance
2026-09-03,2026-09-03T12:15:00-04:00,2026-09-03T12:15:00-04:00,SNDK,-6,sell,1539.0999755859375,1538.3304255981445,4.617299926757813,0.0,4.617299926757813,9234.599853515625,-16,133295.65661886625,102886.87890890532,0.9361743442695436,-0.29555544917330484,policy_rebalance
2026-09-03,2026-09-03T12:15:00-04:00,2026-09-03T12:15:00-04:00,TSLA,2,buy,383.2051086425781,383.3967111968994,0.3832051086425781,0.0,0.3832051086425781,766.4102172851562,88,132528.86319647246,102886.49570379668,0.9436269157545705,-0.2881074653180352,policy_rebalance
2026-09-03,2026-09-03T12:20:00-04:00,2026-09-03T12:20:00-04:00,SNDK,3,buy,1539.3399658203125,1540.1096358032225,2.309009948730469,0.0,2.309009948730469,4618.0198974609375,-13,127908.5342890628,102855.62068432647,0.8987762921932333,-0.2435735980012805,policy_rebalance
2026-09-03,2026-09-03T12:20:00-04:00,2026-09-03T12:20:00-04:00,NVDA,1,buy,227.86549377441406,227.97942652130126,0.11393274688720703,0.0,0.11393274688720703,227.86549377441406,-169,127680.5548625415,102855.50675157958,0.8965618935585281,-0.2413584736004489,policy_rebalance
2026-09-03,2026-09-03T12:25:00-04:00,2026-09-03T12:25:00-04:00,SNDK,13,buy,1536.52001953125,1537.2882795410155,9.987380126953125,0.0,9.987380126953125,19974.76025390625,0,107695.80722850829,102985.68331188231,0.6992821134352578,-0.04573571553981747,policy_rebalance
2026-09-03,2026-09-03T12:25:00-04:00,2026-09-03T12:25:00-04:00,SNDK,3,buy,1536.52001953125,1537.2882795410155,2.304780029296875,0.0,2.304780029296875,4609.56005859375,3,103083.94238988524,102983.37853185301,0.7440579968426699,-0.0009765057183584428,policy_rebalance
2026-09-03,2026-09-03T12:25:00-04:00,2026-09-03T12:25:00-04:00,TSLA,35,buy,382.4200134277344,382.6112234344482,6.692350234985351,0.0,6.692350234985351,13384.700469970703,123,89692.54956967956,102976.68618161803,0.8740843208891206,0.12900139929254953,policy_rebalance
2026-09-03,2026-09-03T12:25:00-04:00,2026-09-03T12:25:00-04:00,NVDA,-32,sell,227.00050354003906,226.88700328826906,3.632008056640625,0.0,3.632008056640625,7264.01611328125,-201,96952.93367490417,102973.0541735614,0.9446580341085811,0.05846306635239055,policy_rebalance
2026-09-03,2026-09-03T12:30:00-04:00,2026-09-03T12:30:00-04:00,SNDK,-1,sell,1537.3050537109375,1536.536401184082,0.7686525268554687,0.0,0.7686525268554687,1537.3050537109375,2,98489.47007608826,102919.5090775531,0.9298149531458818,0.04304372456855259,policy_rebalance
2026-09-03,2026-09-03T12:30:00-04:00,2026-09-03T12:30:00-04:00,TSLA,5,buy,382.0199890136719,382.2109990081787,0.9550499725341797,0.0,0.9550499725341797,1910.0999450683594,128,96578.41508104737,102918.55402758057,0.9483829167445708,0.06160345922499207,policy_rebalance
2026-09-03,2026-09-03T12:35:00-04:00,2026-09-03T12:35:00-04:00,SNDK,-1,sell,1536.760009765625,1535.9916297607422,0.7683800048828126,0.0,0.7683800048828126,1536.760009765625,1,98114.4067108081,102879.07895201904,0.9347615789131536,0.046313325213895966,policy_rebalance
2026-09-03,2026-09-03T12:35:00-04:00,2026-09-03T12:35:00-04:00,TSLA,3,buy,382.260009765625,382.4511397705078,0.5733900146484375,0.0,0.5733900146484375,1146.780029296875,131,96967.05329149659,102878.5055620044,0.9459137239213333,0.05746051848454396,policy_rebalance
2026-09-03,2026-09-03T12:40:00-04:00,2026-09-03T12:40:00-04:00,SNDK,-1,sell,1551.510009765625,1550.7342547607423,0.7757550048828125,0.0,0.7757550048828125,1551.510009765625,0,98517.78754625733,102668.79020128663,0.9315604186564455,0.04043100777647302,policy_rebalance
2026-09-03,2026-09-03T12:40:00-04:00,2026-09-03T12:40:00-04:00,NVDA,84,buy,227.58999633789062,227.70379133605957,9.558779846191406,0.0,9.558779846191406,19117.559692382812,-117,79390.66907402832,102659.23142144043,0.7454236743340386,0.22665825591357835,policy_rebalance
2026-09-03,2026-09-03T12:40:00-04:00,2026-09-03T12:40:00-04:00,SNDK,-6,sell,1551.510009765625,1550.7342547607423,4.654530029296875,0.0,4.654530029296875,9309.06005859375,-6,88695.07460259278,102654.57689141114,0.8361408146454867,0.13598519142098103,policy_rebalance
2026-09-03,2026-09-03T12:40:00-04:00,2026-09-03T12:40:00-04:00,TSLA,29,buy,380.8900146484375,381.0804596557617,5.5229052124023434,0.0,5.5229052124023434,11045.810424804688,160,77643.74127257569,102649.05398619873,0.9437933250403115,0.24360003080968515,policy_rebalance
2026-09-03,2026-09-03T12:45:00-04:00,2026-09-03T12:45:00-04:00,TSLA,1,buy,381.75,381.940875,0.190875,0.0,0.190875,381.75,161,77261.80039757569,102783.53561180909,0.9476397577296012,0.24830567524572617,policy_rebalance
2026-09-03,2026-09-03T12:50:00-04:00,2026-09-03T12:50:00-04:00,TSLA,-5,sell,382.57000732421875,382.3787223205567,0.9564250183105468,0.0,0.9564250183105468,1912.8500366210938,156,79173.69400917846,102921.61957680542,0.9289973973464075,0.2307379699743748,policy_rebalance
2026-09-03,2026-09-03T12:50:00-04:00,2026-09-03T12:50:00-04:00,NVDA,1,buy,227.53500366210938,227.6487711639404,0.11376750183105469,0.0,0.11376750183105469,227.53500366210938,-116,78946.04523801453,102921.50580930359,0.9267876617604319,0.23294898751007004,policy_rebalance
2026-09-03,2026-09-03T12:50:00-04:00,2026-09-03T12:50:00-04:00,SNDK,-1,sell,1551.9000244140625,1551.1240744018555,0.7759500122070313,0.0,0.7759500122070313,1551.9000244140625,-7,80497.16931241639,102920.72985929139,0.9418732442998697,0.21787214857037535,policy_rebalance
2026-09-03,2026-09-03T12:55:00-04:00,2026-09-03T12:55:00-04:00,TSLA,-39,sell,381.1600036621094,380.9694236602783,7.432620071411133,0.0,7.432620071411133,14865.240142822266,117,95354.97683516724,102673.52251998169,0.7974100153833287,0.07127977598499323,policy_rebalance
2026-09-03,2026-09-03T12:55:00-04:00,2026-09-03T12:55:00-04:00,SNDK,-3,sell,1559.7850341796875,1559.0051416625977,2.3396775512695314,0.0,2.3396775512695314,4679.3551025390625,-10,100031.99226015504,102671.18284243043,0.8430043160941277,0.02570527103331184,policy_rebalance
2026-09-03,2026-09-03T13:00:00-04:00,2026-09-03T13:00:00-04:00,TSLA,27,buy,381.7699890136719,381.9608740081787,5.15389485168457,0.0,5.15389485168457,10307.78970336914,144,89719.04866193421,102680.42653058656,0.9445654078812592,0.12623026906487766,policy_rebalance
2026-09-03,2026-09-03T13:05:00-04:00,2026-09-03T13:05:00-04:00,TSLA,-26,sell,382.3699951171875,382.1788101196289,4.9708099365234375,0.0,4.9708099365234375,9941.619873046875,118,99655.69772504456,102670.23135541566,0.8495625661477018,0.029361321101299756,policy_rebalance
2026-09-03,2026-09-03T13:05:00-04:00,2026-09-03T13:05:00-04:00,SNDK,-6,sell,1570.5799560546875,1569.7946660766602,4.711739868164062,0.0,4.711739868164062,9423.479736328125,-16,109074.46572150453,102665.5196155475,0.9413897218416944,-0.06242549718694913,policy_rebalance
2026-09-03,2026-09-03T13:10:00-04:00,2026-09-03T13:10:00-04:00,TSLA,-1,sell,382.4649963378906,382.2737638397217,0.1912324981689453,0.0,0.1912324981689453,382.4649963378906,117,109456.73948534425,102917.90534838136,0.9331286228080982,-0.06353446579415571,policy_rebalance
2026-09-03,2026-09-03T13:15:00-04:00,2026-09-03T13:15:00-04:00,NVDA,25,buy,227.25,227.36362499999998,2.840625,0.0,2.840625,5681.25,-91,103772.64886034426,102924.79226244387,0.8776144410063523,-0.00823763234555261,policy_rebalance
2026-09-03,2026-09-03T13:15:00-04:00,2026-09-03T13:15:00-04:00,SNDK,-1,sell,1556.77001953125,1555.9916345214845,0.778385009765625,0.0,0.778385009765625,1556.77001953125,-17,105328.64049486574,102924.0138774341,0.8927465086627027,-0.023363125152650606,policy_rebalance
2026-09-03,2026-09-03T13:15:00-04:00,2026-09-03T13:15:00-04:00,TSLA,13,buy,382.3949890136719,382.5861865081787,2.485567428588867,0.0,2.485567428588867,4971.134857177734,130,100355.02007025942,102921.52831000551,0.9410683118897364,0.02493655391528607,policy_rebalance
2026-09-03,2026-09-03T13:20:00-04:00,2026-09-03T13:20:00-04:00,SNDK,5,buy,1555.0,1555.7775,3.8875,0.0,3.8875,7775.0,-12,92576.13257025942,102929.47270392641,0.8648510548210102,0.10058674023763893,policy_rebalance
2026-09-03,2026-09-03T13:20:00-04:00,2026-09-03T13:20:00-04:00,NVDA,1,buy,227.17210388183594,227.28568993377684,0.11358605194091796,0.0,0.11358605194091796,227.17210388183594,-90,92348.84688032564,102929.35911787447,0.8626449411250631,0.10279391932706052,policy_rebalance
2026-09-03,2026-09-03T13:25:00-04:00,2026-09-03T13:25:00-04:00,TSLA,23,buy,381.96978759765625,382.1607724914551,4.392652557373047,0.0,4.392652557373047,8785.305114746094,153,83559.14911302217,102942.47641404756,0.9471253373748508,0.18829280172999935,policy_rebalance
2026-09-03,2026-09-03T13:30:00-04:00,2026-09-03T13:30:00-04:00,NVDA,32,buy,227.44009399414062,227.55381404113768,3.63904150390625,0.0,3.63904150390625,7278.0830078125,-58,76277.42706370576,102951.39996409639,0.8768516493207531,0.2590928623573161,policy_rebalance
2026-09-03,2026-09-03T13:30:00-04:00,2026-09-03T13:30:00-04:00,TSLA,19,buy,382.17999267578125,382.37108267211914,3.630709930419922,0.0,3.630709930419922,7261.419860839844,172,69012.3764929355,102947.76925416596,0.9474175635456168,0.3296369897772915,policy_rebalance
2026-09-03,2026-09-03T13:35:00-04:00,2026-09-03T13:35:00-04:00,SNDK,4,buy,1553.6500244140625,1554.4268494262694,3.107300048828125,0.0,3.107300048828125,6214.60009765625,-8,62794.66909523042,102917.02065773042,0.8884523883257814,0.38985146777552276,policy_rebalance
2026-09-03,2026-09-03T13:35:00-04:00,2026-09-03T13:35:00-04:00,NVDA,1,buy,228.07000732421875,228.18404232788086,0.11403500366210938,0.0,0.11403500366210938,228.07000732421875,-57,62566.48505290254,102916.90662272676,0.8862373130759145,0.3920679594242078,policy_rebalance
2026-09-03,2026-09-03T13:40:00-04:00,2026-09-03T13:40:00-04:00,TSLA,-1,sell,382.6199951171875,382.42868511962894,0.19130999755859374,0.0,0.19130999755859374,382.6199951171875,171,62948.91373802217,102913.9632375339,0.8831745078243903,0.38833456843236225,policy_rebalance
2026-09-03,2026-09-03T13:40:00-04:00,2026-09-03T13:40:00-04:00,NVDA,1,buy,228.80999755859375,228.92440255737304,0.11440499877929687,0.0,0.11440499877929687,228.80999755859375,-56,62719.9893354648,102913.84883253512,0.8809521737014846,0.390558316038448,policy_rebalance
2026-09-03,2026-09-03T13:40:00-04:00,2026-09-03T13:40:00-04:00,SNDK,-4,sell,1552.5999755859375,1551.8236755981445,3.105199951171875,0.0,3.105199951171875,6210.39990234375,-12,68927.28403785737,102910.74363258394,0.9413261950687085,0.3302226608725681,policy_rebalance
2026-09-03,2026-09-03T13:45:00-04:00,2026-09-03T13:45:00-04:00,TSLA,-113,sell,382.5400085449219,382.34873854064944,21.613510482788087,0.0,21.613510482788087,43227.02096557617,58,112132.69149295076,102799.0517834781,0.5224589115258318,-0.09079499808161423,policy_rebalance
2026-09-03,2026-09-03T13:45:00-04:00,2026-09-03T13:45:00-04:00,SNDK,3,buy,1554.1600341796875,1554.9371141967772,2.331240051269531,0.0,2.331240051269531,4662.4801025390625,-9,107467.88015036043,102796.72054342684,0.47711444819316934,-0.04544074540743978,policy_rebalance
2026-09-03,2026-09-03T13:45:00-04:00,2026-09-03T13:45:00-04:00,NVDA,-208,sell,229.83999633789062,229.72507633972168,23.903359619140623,0.0,23.903359619140623,47806.71923828125,-264,155250.69602902254,102772.8171838077,0.9423943265387622,-0.5106202231603607,policy_rebalance
2026-09-03,2026-09-03T13:50:00-04:00,2026-09-03T13:50:00-04:00,TSLA,-7,sell,382.4700012207031,382.2787662200928,1.338645004272461,0.0,1.338645004272461,2677.290008544922,51,157926.6473925632,102841.33669310031,0.9149749881682319,-0.5356339432250747,policy_rebalance
2026-09-03,2026-09-03T13:50:00-04:00,2026-09-03T13:50:00-04:00,SNDK,1,buy,1559.43994140625,1560.2196613769531,0.779719970703125,0.0,0.779719970703125,1559.43994140625,-8,156366.42773118624,102840.5569731296,0.8998182585373088,-0.5204743374935434,policy_rebalance
2026-09-03,2026-09-03T13:50:00-04:00,2026-09-03T13:50:00-04:00,NVDA,-14,sell,229.3800048828125,229.2653148803711,1.6056600341796874,0.0,1.6056600341796874,3211.320068359375,-278,159576.14213951144,102838.95131309543,0.9310589978637318,-0.5517091539924245,policy_rebalance
2026-09-03,2026-09-03T13:55:00-04:00,2026-09-03T13:55:00-04:00,NVDA,154,buy,229.83999633789062,229.95491633605957,17.69767971801758,0.0,17.69767971801758,35395.359436035156,-124,124163.08502375826,102693.48437678561,0.5890414641693028,-0.20906487667903076,policy_rebalance
2026-09-03,2026-09-03T13:55:00-04:00,2026-09-03T13:55:00-04:00,SNDK,-6,sell,1560.0001220703125,1559.2201220092775,4.680000366210938,0.0,4.680000366210938,9360.000732421875,-14,133518.40575581393,102688.8043764194,0.6802174935674977,-0.30022358879926725,policy_rebalance
2026-09-03,2026-09-03T13:55:00-04:00,2026-09-03T13:55:00-04:00,TSLA,71,buy,382.55999755859375,382.75127755737304,13.580879913330078,0.0,13.580879913330078,27161.759826660156,122,106343.06504924045,102675.22349650608,0.9448480135067101,-0.035722752070358896,policy_rebalance
2026-09-03,2026-09-03T14:00:00-04:00,2026-09-03T14:00:00-04:00,SNDK,3,buy,1564.9000244140625,1565.6824744262694,2.3473500366210938,0.0,2.3473500366210938,4694.7000732421875,-11,101646.01762596164,102572.19816795383,0.900818582315804,0.009029547562933577,policy_rebalance
2026-09-03,2026-09-03T14:00:00-04:00,2026-09-03T14:00:00-04:00,TSLA,10,buy,382.4800109863281,382.6712509918213,1.9124000549316407,0.0,1.9124000549316407,3824.8001098632812,132,97819.30511604343,102570.2857678989,0.9381249309012845,0.04631926894116511,policy_rebalance
2026-09-03,2026-09-03T14:05:00-04:00,2026-09-03T14:05:00-04:00,SNDK,1,buy,1562.1400146484375,1562.9210846557617,0.7810700073242187,0.0,0.7810700073242187,1562.1400146484375,-10,96256.38403138766,102627.40368470797,0.9228975432949059,0.062079127256238174,policy_rebalance
2026-09-03,2026-09-03T14:05:00-04:00,2026-09-03T14:05:00-04:00,NVDA,1,buy,230.2449951171875,230.3601176147461,0.11512249755859374,0.0,0.11512249755859374,230.2449951171875,-123,96026.02391377291,102627.28856221041,0.9206550719983219,0.06432270345363318,policy_rebalance
2026-09-03,2026-09-03T14:05:00-04:00,2026-09-03T14:05:00-04:00,TSLA,3,buy,382.8999938964844,383.0914438934326,0.5743499908447266,0.0,0.5743499908447266,1148.6999816894531,135,94876.74958209261,102626.71421221957,0.93185321634839,0.07551605534306563,policy_rebalance
2026-09-03,2026-09-03T14:10:00-04:00,2026-09-03T14:10:00-04:00,NVDA,-3,sell,230.10000610351562,229.98495610046388,0.34515000915527344,0.0,0.34515000915527344,690.3000183105469,-126,95566.704450394,102605.0416391147,0.9382749411964573,0.0685964069239028,policy_rebalance
2026-09-03,2026-09-03T14:15:00-04:00,2026-09-03T14:15:00-04:00,TSLA,-7,sell,382.4421081542969,382.25088710021976,1.338547378540039,0.0,1.338547378540039,2677.094757080078,128,98242.46066009553,102575.17013275178,0.9122331466157275,0.04223935936005663,policy_rebalance
2026-09-03,2026-09-03T14:15:00-04:00,2026-09-03T14:15:00-04:00,SNDK,-2,sell,1562.3499755859375,1561.5688005981447,1.5623499755859376,0.0,1.5623499755859376,3124.699951171875,-12,101365.59826129182,102573.60778277619,0.942710042633917,0.01177700139048068,policy_rebalance
2026-09-03,2026-09-03T14:25:00-04:00,2026-09-03T14:25:00-04:00,TSLA,-24,sell,382.1000061035156,381.9089561004639,4.585200073242188,0.0,4.585200073242188,9170.400146484375,104,110531.41320770295,102567.29540985139,0.8525224216742316,-0.07764773133607093,policy_rebalance
2026-09-03,2026-09-03T14:25:00-04:00,2026-09-03T14:25:00-04:00,NVDA,1,buy,229.67999267578125,229.79483267211913,0.11483999633789063,0.0,0.11483999633789063,229.67999267578125,-125,110301.61837503083,102567.18056985505,0.8502840634808169,-0.07540850554927866,policy_rebalance
2026-09-03,2026-09-03T14:25:00-04:00,2026-09-03T14:25:00-04:00,SNDK,-6,sell,1563.5699462890625,1562.7881613159182,4.690709838867187,0.0,4.690709838867187,9381.419677734375,-18,119678.34734292634,102562.48986001618,0.9417932314657846,-0.16688223449207373,policy_rebalance
2026-09-03,2026-09-03T14:30:00-04:00,2026-09-03T14:30:00-04:00,TSLA,-45,sell,382.2300109863281,382.038895980835,8.600175247192382,0.0,8.600175247192382,17200.350494384766,59,136870.0976620639,102643.62424287444,0.7728645135119853,-0.33344958025062593,policy_rebalance
2026-09-03,2026-09-03T14:30:00-04:00,2026-09-03T14:30:00-04:00,SNDK,5,buy,1560.489990234375,1561.270235229492,3.9012249755859374,0.0,3.9012249755859374,7802.449951171875,-13,129063.74648591643,102639.72301789885,0.6968760501422145,-0.25744441519400457,policy_rebalance
2026-09-03,2026-09-03T14:30:00-04:00,2026-09-03T14:30:00-04:00,NVDA,-108,sell,229.5137939453125,229.39903704833986,12.393744873046876,0.0,12.393744873046876,24787.48974609375,-233,153838.84248713712,102627.3292730258,0.93848933995219,-0.49900463723332594,policy_rebalance
2026-09-03,2026-09-03T14:40:00-04:00,2026-09-03T14:40:00-04:00,TSLA,2,buy,381.5299987792969,381.7207637786865,0.3815299987792969,0.0,0.3815299987792969,763.0599975585938,61,153075.40095957974,102422.65546092251,0.9490029809548933,-0.4945463019945119,policy_rebalance
2026-09-03,2026-09-03T14:45:00-04:00,2026-09-03T14:45:00-04:00,NVDA,117,buy,229.5749969482422,229.6897844467163,13.430137321472168,0.0,13.430137321472168,26860.274642944336,-116,126201.69617931393,102486.67588512448,0.6850391882199713,-0.23139613114948918,policy_rebalance
2026-09-03,2026-09-03T14:45:00-04:00,2026-09-03T14:45:00-04:00,SNDK,-6,sell,1563.885009765625,1563.1030672607424,4.691655029296875,0.0,4.691655029296875,9383.31005859375,-19,135580.31458287837,102481.98423009517,0.7766311309078838,-0.3229673059263761,policy_rebalance
2026-09-03,2026-09-03T14:45:00-04:00,2026-09-03T14:45:00-04:00,TSLA,43,buy,381.0849914550781,381.27553395080565,8.19332731628418,0.0,8.19332731628418,16386.65463256836,104,119185.46662299373,102473.79090277888,0.9366039169364659,-0.1630824386702928,policy_rebalance
2026-09-03,2026-09-03T14:50:00-04:00,2026-09-03T14:50:00-04:00,NVDA,6,buy,229.8350067138672,229.94992421722412,0.6895050201416015,0.0,0.6895050201416015,1379.0100402832031,-110,117805.76707769038,102376.28218389156,0.9263939228146766,-0.15071347156447715,policy_rebalance
2026-09-03,2026-09-03T14:50:00-04:00,2026-09-03T14:50:00-04:00,SNDK,-1,sell,1571.2249755859375,1570.4393630981447,0.7856124877929688,0.0,0.7856124877929688,1571.2249755859375,-20,119376.20644078853,102375.49657140377,0.9417486982723362,-0.16606229457971217,policy_rebalance
2026-09-03,2026-09-03T14:55:00-04:00,2026-09-03T14:55:00-04:00,SNDK,2,buy,1574.8299560546875,1575.6173710327148,1.5748299560546875,0.0,1.5748299560546875,3149.659912109375,-18,116224.97169872311,102258.63719554928,0.9116075205269423,-0.13657853151774352,policy_rebalance
2026-09-03,2026-09-03T14:55:00-04:00,2026-09-03T14:55:00-04:00,NVDA,1,buy,229.50999450683594,229.62474950408935,0.11475499725341796,0.0,0.11475499725341796,229.50999450683594,-109,115995.34694921902,102258.52244055203,0.9093641340833166,-0.13433427533292291,policy_rebalance
2026-09-03,2026-09-03T14:55:00-04:00,2026-09-03T14:55:00-04:00,TSLA,6,buy,381.0260009765625,381.21651397705074,1.1430780029296874,0.0,1.1430780029296874,2286.156005859375,110,113708.04786535671,102257.3793625491,0.9317311798090686,-0.1119788965274552,policy_rebalance
2026-09-03,2026-09-03T15:00:00-04:00,2026-09-03T15:00:00-04:00,SNDK,6,buy,1563.9849853515625,1564.7669778442382,4.691954956054688,0.0,4.691954956054688,9383.909912109375,-12,104319.44599829128,102446.61025915554,0.8363564054597741,-0.018281090359145085,policy_rebalance
2026-09-03,2026-09-03T15:00:00-04:00,2026-09-03T15:00:00-04:00,TSLA,27,buy,380.9501953125,381.14067041015625,5.14282763671875,0.0,5.14282763671875,10285.6552734375,137,94028.64789721706,102441.46743151882,0.9368035853789058,0.08212318453877723,policy_rebalance
2026-09-03,2026-09-03T15:05:00-04:00,2026-09-03T15:05:00-04:00,SNDK,7,buy,1558.02001953125,1558.7990295410154,5.453070068359375,0.0,5.453070068359375,10906.14013671875,-5,83117.05469042996,102494.72291857937,0.8290960289310136,0.18906015525836203,policy_rebalance
2026-09-03,2026-09-03T15:05:00-04:00,2026-09-03T15:05:00-04:00,TSLA,30,buy,380.8599853515625,381.0504153442383,5.712899780273437,0.0,5.712899780273437,11425.799560546875,167,71685.5422301028,102489.01001879909,0.9406254124324421,0.300553862146255,policy_rebalance
2026-09-03,2026-09-03T15:10:00-04:00,2026-09-03T15:10:00-04:00,SNDK,3,buy,1553.68994140625,1554.466786376953,2.330534912109375,0.0,2.330534912109375,4661.06982421875,-2,67022.14187097194,102498.10029077175,0.8945648559179854,0.34611332619004476,policy_rebalance
2026-09-03,2026-09-03T15:10:00-04:00,2026-09-03T15:10:00-04:00,NVDA,1,buy,229.36000061035156,229.47468061065672,0.11468000030517578,0.0,0.11468000030517578,229.36000061035156,-108,66792.66719036129,102497.98561077144,0.8923281542838383,0.3483514159585387,policy_rebalance
2026-09-03,2026-09-03T15:10:00-04:00,2026-09-03T15:10:00-04:00,TSLA,14,buy,380.739990234375,380.9303602294922,2.665179931640625,0.0,2.665179931640625,5330.35986328125,181,61459.6421471484,102495.32043083981,0.9443572425968878,0.400366359275698,policy_rebalance
2026-09-03,2026-09-03T15:15:00-04:00,2026-09-03T15:15:00-04:00,TSLA,-1,sell,381.04998779296875,380.8594627990723,0.19052499389648436,0.0,0.19052499389648436,381.04998779296875,180,61840.501609947474,102564.84987654904,0.940416209402758,0.3970595025061602,policy_rebalance
2026-09-03,2026-09-03T15:15:00-04:00,2026-09-03T15:15:00-04:00,SNDK,2,buy,1547.9649658203125,1548.7389483032225,1.5479649658203125,0.0,1.5479649658203125,3095.929931640625,0,58743.02371334103,102563.30191158321,0.910244850421328,0.42725104770923183,policy_rebalance
2026-09-03,2026-09-03T15:15:00-04:00,2026-09-03T15:15:00-04:00,NVDA,1,buy,229.33999633789062,229.45466633605955,0.11466999816894531,0.0,0.11466999816894531,229.33999633789062,-107,58513.56904700497,102563.18724158505,0.9080097831937212,0.4294876103140427,policy_rebalance
2026-09-03,2026-09-03T15:15:00-04:00,2026-09-03T15:15:00-04:00,SNDK,2,buy,1547.9649658203125,1548.7389483032225,1.5479649658203125,0.0,1.5479649658203125,3095.929931640625,2,55416.09115039852,102561.63927661921,0.9382095296176235,0.45968013439278543,policy_rebalance
2026-09-03,2026-09-03T15:20:00-04:00,2026-09-03T15:20:00-04:00,TSLA,-1,sell,381.2900085449219,381.09936354064945,0.19064500427246095,0.0,0.19064500427246095,381.2900085449219,179,55797.19051393917,102564.62622866084,0.9351472433317073,0.45598017010715636,policy_rebalance
2026-09-03,2026-09-03T15:20:00-04:00,2026-09-03T15:20:00-04:00,NVDA,-4,sell,229.6522979736328,229.53747182464602,0.45930459594726564,0.0,0.45930459594726564,918.6091918945312,-111,56715.34040123775,102564.16692406489,0.9441078651247132,0.4470257780845829,policy_rebalance
2026-09-03,2026-09-03T15:25:00-04:00,2026-09-03T15:25:00-04:00,NVDA,51,buy,229.4550018310547,229.5697293319702,5.8511025466918944,0.0,5.8511025466918944,11702.205093383789,-60,45007.28420530727,102423.17299925258,0.8294069254649218,0.5605751815008142,policy_rebalance
2026-09-03,2026-09-03T15:25:00-04:00,2026-09-03T15:25:00-04:00,SNDK,7,buy,1537.56005859375,1538.3288386230467,5.381460205078125,0.0,5.381460205078125,10762.92041015625,9,34238.98233494594,102417.7915390475,0.934538891978907,0.6656930224677605,policy_rebalance
2026-09-03,2026-09-03T15:30:00-04:00,2026-09-03T15:30:00-04:00,SNDK,-2,sell,1543.2099609375,1542.4383559570313,1.5432099609375,0.0,1.5432099609375,3086.419921875,7,37323.85904686,102523.68793479945,0.9046282973465863,0.6359489226470635,policy_rebalance
2026-09-03,2026-09-03T15:30:00-04:00,2026-09-03T15:30:00-04:00,TSLA,9,buy,380.8399963378906,381.03041633605955,1.7137799835205079,0.0,1.7137799835205079,3427.5599670410156,188,33894.58529983547,102521.97415481594,0.938075861433982,0.6693919954306373,policy_rebalance
2026-09-03,2026-09-03T15:35:00-04:00,2026-09-03T15:35:00-04:00,SNDK,-2,sell,1540.1700439453125,1539.39995892334,1.5401700439453125,0.0,1.5401700439453125,3080.340087890625,5,36973.385217682146,102425.31752969386,0.9077299835791321,0.6390210339649347,policy_rebalance
2026-09-03,2026-09-03T15:55:00-04:00,,SNDK,-5,sell,1551.260009765625,1550.4843797607423,3.8781500244140625,0.0,3.8781500244140625,7756.300048828125,0,44725.807116485856,102002.44774148586,0.8304922390257878,0.5615222172918971,scheduled_1555_liquidation
2026-09-03,2026-09-03T15:55:00-04:00,,TSLA,-188,sell,377.6300048828125,377.4411898803711,35.49722045898437,0.0,35.49722045898437,70994.44091796875,0,115684.75081399562,101966.95052102687,0.1345318284294475,-0.1345318284294475,scheduled_1555_liquidation
2026-09-03,2026-09-03T15:55:00-04:00,,NVDA,60,buy,228.6300048828125,228.7443198852539,6.858900146484375,0.0,6.858900146484375,13717.80029296875,0,101960.09162088038,101960.09162088038,0.0,0.0,scheduled_1555_liquidation
2026-09-04,2026-09-04T09:35:00-04:00,2026-09-04T09:35:00-04:00,SNDK,43,buy,1633.219970703125,1634.0365806884765,35.11422937011719,0.0,35.11422937011719,70228.45874023438,43,31696.518651275896,101924.97739151027,0.6890210872500422,0.6890210872500422,policy_rebalance
2026-09-04,2026-09-04T09:35:00-04:00,2026-09-04T09:35:00-04:00,NVDA,109,buy,232.47000122070312,232.58623622131347,12.669615066528321,0.0,12.669615066528321,25339.23013305664,109,6344.618903152728,101912.30777644375,0.9377443309686365,0.9377443309686365,policy_rebalance
2026-09-04,2026-09-04T09:40:00-04:00,2026-09-04T09:40:00-04:00,NVDA,-109,sell,233.25999450683594,233.14336450958254,12.712669700622559,0.0,12.712669700622559,25425.339401245117,0,31757.245634697225,102299.82168450192,0.6895669502471053,0.6895669502471053,policy_rebalance
2026-09-04,2026-09-04T09:40:00-04:00,2026-09-04T09:40:00-04:00,NVDA,-109,sell,233.25999450683594,233.14336450958254,12.712669700622559,0.0,12.712669700622559,25425.339401245117,-109,57169.87236624172,102287.10901480129,0.9382210170507695,0.4410842879725045,policy_rebalance
2026-09-04,2026-09-04T09:45:00-04:00,2026-09-04T09:45:00-04:00,SNDK,-5,sell,1638.97998046875,1638.1604904785156,4.097449951171875,0.0,4.097449951171875,8194.89990234375,38,65360.674818634296,102261.26341116359,0.8572345676058398,0.360846202771449,policy_rebalance
2026-09-04,2026-09-04T09:45:00-04:00,2026-09-04T09:45:00-04:00,NVDA,-38,sell,232.85000610351562,232.73358110046388,4.424150115966797,0.0,4.424150115966797,8848.300231933594,-147,74204.55090045193,102256.83926104763,0.9438018117169852,0.27433165901971673,policy_rebalance
2026-09-04,2026-09-04T09:50:00-04:00,2026-09-04T09:50:00-04:00,SNDK,-23,sell,1638.5999755859375,1637.7806755981446,18.84389971923828,0.0,18.84389971923828,37687.79943847656,15,111873.50643920925,102039.87919616725,0.578123249217213,-0.09637043203605983,policy_rebalance
2026-09-04,2026-09-04T09:50:00-04:00,2026-09-04T09:50:00-04:00,NVDA,147,buy,234.09950256347656,234.21655231475827,17.206313438415528,0.0,17.206313438415528,34412.626876831055,0,77443.67324893977,102022.67288272883,0.24091703284466665,0.24091703284466665,policy_rebalance
2026-09-04,2026-09-04T09:50:00-04:00,2026-09-04T09:50:00-04:00,TSLA,199,buy,357.1000061035156,357.27855610656735,35.5314506072998,0.0,35.5314506072998,71062.90121459961,199,6345.24058373287,101987.14143212154,0.9377839157502419,0.9377839157502419,policy_rebalance
2026-09-04,2026-09-04T09:55:00-04:00,2026-09-04T09:55:00-04:00,TSLA,-98,sell,358.28240966796875,358.1032684631348,17.55583807373047,0.0,17.55583807373047,35111.67614746094,101,41439.36089312008,102319.8594893115,0.595001780690982,0.595001780690982,policy_rebalance
2026-09-04,2026-09-04T09:55:00-04:00,2026-09-04T09:55:00-04:00,SNDK,22,buy,1646.2650146484375,1647.0881471557616,18.108915161132813,0.0,18.108915161132813,36217.830322265625,37,5203.421655693324,102301.75057415036,0.9491365335735699,0.9491365335735699,policy_rebalance
2026-09-04,2026-09-04T10:00:00-04:00,2026-09-04T10:00:00-04:00,SNDK,-7,sell,1658.0400390625,1657.211019042969,5.80314013671875,0.0,5.80314013671875,11606.2802734375,30,16803.898788994105,102859.64872795895,0.8366327418302126,0.8366327418302126,policy_rebalance
2026-09-04,2026-09-04T10:00:00-04:00,2026-09-04T10:00:00-04:00,TSLA,-101,sell,359.54998779296875,359.3702127990723,18.157274383544923,0.0,18.157274383544923,36314.548767089844,0,53100.29028170041,102841.4914535754,0.4836686095157334,0.4836686095157334,policy_rebalance
2026-09-04,2026-09-04T10:00:00-04:00,2026-09-04T10:00:00-04:00,TSLA,-14,sell,359.54998779296875,359.3702127990723,2.5168499145507814,0.0,2.5168499145507814,5033.6998291015625,-14,58131.47326088742,102838.97460366086,0.532627840875289,0.43473305247427024,policy_rebalance
2026-09-04,2026-09-04T10:00:00-04:00,2026-09-04T10:00:00-04:00,NVDA,-175,sell,234.55999755859375,234.44271755981447,20.523999786376955,0.0,20.523999786376955,41047.999572753906,-175,99158.94883385496,102818.45060387449,0.9319621139099289,0.035591878194297856,policy_rebalance
2026-09-04,2026-09-04T10:05:00-04:00,2026-09-04T10:05:00-04:00,SNDK,-2,sell,1660.43994140625,1659.609721435547,1.66043994140625,0.0,1.66043994140625,3320.8798828125,28,102478.16827672605,103048.73556798582,0.8967996445382931,0.0055368684352593255,policy_rebalance
2026-09-04,2026-09-04T10:05:00-04:00,2026-09-04T10:05:00-04:00,TSLA,14,buy,357.0,357.1785,2.499,0.0,2.499,4998.0,0,97477.66927672605,103046.23656798582,0.848318893915321,0.0540395018462013,policy_rebalance
2026-09-04,2026-09-04T10:05:00-04:00,2026-09-04T10:05:00-04:00,NVDA,-44,sell,233.85000610351562,233.7330811004639,5.144700134277344,0.0,5.144700134277344,10289.400268554688,-219,107761.92484514647,103041.09186785154,0.9482185012300776,-0.045815051953732304,policy_rebalance
2026-09-04,2026-09-04T10:10:00-04:00,2026-09-04T10:10:00-04:00,SNDK,-1,sell,1653.1199951171875,1652.293435119629,0.8265599975585938,0.0,0.8265599975585938,1653.1199951171875,27,109414.2182802661,102872.53975243407,0.9313482343755705,-0.06359013341728299,policy_rebalance
2026-09-04,2026-09-04T10:10:00-04:00,2026-09-04T10:10:00-04:00,NVDA,-1,sell,233.67999267578125,233.56315267944336,0.11683999633789062,0.0,0.11683999633789062,233.67999267578125,-220,109647.78143294554,102872.42291243773,0.933620843543132,-0.06586175700629524,policy_rebalance
2026-09-04,2026-09-04T10:15:00-04:00,2026-09-04T10:15:00-04:00,SNDK,-1,sell,1666.260009765625,1665.4268797607422,0.8331300048828125,0.0,0.8331300048828125,1666.260009765625,26,111313.20831270628,103114.16802950315,0.919801445363731,-0.07951419712621068,policy_rebalance
2026-09-04,2026-09-04T10:15:00-04:00,2026-09-04T10:15:00-04:00,NVDA,220,buy,234.19000244140625,234.30709744262694,25.76090026855469,0.0,25.76090026855469,51521.800537109375,0,59765.646875328355,103088.4071292346,0.4202486143722794,0.4202486143722794,policy_rebalance
2026-09-04,2026-09-04T10:15:00-04:00,2026-09-04T10:15:00-04:00,TSLA,148,buy,355.5299987792969,355.7077637786865,26.30921990966797,0.0,26.30921990966797,52618.43981933594,148,7120.897836082753,103062.09790932495,0.930906725357485,0.930906725357485,policy_rebalance
2026-09-04,2026-09-04T10:20:00-04:00,2026-09-04T10:20:00-04:00,SNDK,-8,sell,1660.18994140625,1659.359846435547,6.640759765625,0.0,6.640759765625,13281.51953125,18,20395.77660756713,102598.67699819212,0.8012081909406442,0.8012081909406442,policy_rebalance
2026-09-04,2026-09-04T10:20:00-04:00,2026-09-04T10:20:00-04:00,TSLA,41,buy,353.510009765625,353.6867647705078,7.246955200195313,0.0,7.246955200195313,14493.910400390625,189,5894.619251976312,102591.43004299194,0.942542771364956,0.942542771364956,policy_rebalance
2026-09-04,2026-09-04T10:25:00-04:00,2026-09-04T10:25:00-04:00,SNDK,-3,sell,1662.58056640625,1661.749276123047,2.493870849609375,0.0,2.493870849609375,4987.74169921875,15,10879.867080345452,102607.37919582397,0.8939660366962354,0.8939660366962354,policy_rebalance
2026-09-04,2026-09-04T10:25:00-04:00,2026-09-04T10:25:00-04:00,TSLA,14,buy,353.3799133300781,353.55660328674315,2.473659393310547,0.0,2.473659393310547,4947.318786621094,203,5930.0746343310475,102604.90553643066,0.9422047649346987,0.9422047649346987,policy_rebalance
2026-09-04,2026-09-04T10:30:00-04:00,2026-09-04T10:30:00-04:00,TSLA,-1,sell,353.260009765625,353.0833797607422,0.1766300048828125,0.0,0.1766300048828125,353.260009765625,202,6283.1580140917895,102699.25505999023,0.9388198287278561,0.9388198287278561,policy_rebalance
2026-09-04,2026-09-04T10:35:00-04:00,2026-09-04T10:35:00-04:00,TSLA,-58,sell,354.05999755859375,353.88296755981446,10.26773992919922,0.0,10.26773992919922,20535.479858398438,144,26808.370132561027,102955.6599274829,0.7396124685962522,0.7396124685962522,policy_rebalance
2026-09-04,2026-09-04T10:35:00-04:00,2026-09-04T10:35:00-04:00,SNDK,3,buy,1677.510009765625,1678.3487647705076,2.5162650146484373,0.0,2.5162650146484373,5032.530029296875,18,21773.323838249504,102953.14366246825,0.7885122973064979,0.7885122973064979,policy_rebalance
2026-09-04,2026-09-04T10:35:00-04:00,2026-09-04T10:35:00-04:00,NVDA,-64,sell,233.3300018310547,233.21333683013918,7.46656005859375,0.0,7.46656005859375,14933.1201171875,-64,36698.97739537841,102945.67710240965,0.9336277408306689,0.643511233998971,policy_rebalance
2026-09-04,2026-09-04T10:40:00-04:00,2026-09-04T10:40:00-04:00,TSLA,-25,sell,353.7514953613281,353.5746196136475,4.421893692016601,0.0,4.421893692016601,8843.787384033203,119,45538.3428857196,103025.07161496764,0.8482844729253382,0.5579877580099278,policy_rebalance
2026-09-04,2026-09-04T10:40:00-04:00,2026-09-04T10:40:00-04:00,NVDA,-44,sell,233.65499877929688,233.53817127990723,5.140409973144531,0.0,5.140409973144531,10280.819946289062,-108,55814.022422035516,103019.9312049945,0.9481212749494801,0.4582211250852631,policy_rebalance
2026-09-04,2026-09-04T10:45:00-04:00,2026-09-04T10:45:00-04:00,SNDK,-1,sell,1671.3599853515625,1670.5243053588867,0.8356799926757813,0.0,0.8356799926757813,1671.3599853515625,17,57484.5467273944,102661.60947153502,0.9312157072502493,0.4400580019804469,policy_rebalance
2026-09-04,2026-09-04T10:45:00-04:00,2026-09-04T10:45:00-04:00,TSLA,-119,sell,352.7349853515625,352.55861785888675,20.98773162841797,0.0,20.98773162841797,41975.46325683594,0,99439.02225260192,102640.62173990661,0.5224504597266991,0.031192323595014892,policy_rebalance
2026-09-04,2026-09-04T10:45:00-04:00,2026-09-04T10:45:00-04:00,NVDA,-180,sell,233.44000244140625,233.32328244018555,21.00960021972656,0.0,21.00960021972656,42019.200439453125,-288,141437.21309183532,102619.61213968688,0.9320230164572263,-0.3782668842999476,policy_rebalance
2026-09-04,2026-09-04T10:50:00-04:00,2026-09-04T10:50:00-04:00,NVDA,135,buy,233.05499267578125,233.17152017211913,15.731212005615234,0.0,15.731212005615234,31462.42401123047,-153,109959.05786859924,102629.9339061969,0.6234604404487802,-0.07141312172237309,policy_rebalance
2026-09-04,2026-09-04T10:50:00-04:00,2026-09-04T10:50:00-04:00,SNDK,1,buy,1666.3699951171875,1667.203180114746,0.8331849975585938,0.0,0.8331849975585938,1666.3699951171875,18,108291.85468848448,102629.10072119933,0.6397023196164735,-0.05517688382234303,policy_rebalance
2026-09-04,2026-09-04T10:50:00-04:00,2026-09-04T10:50:00-04:00,TSLA,86,buy,353.7099914550781,353.88684645080565,15.20952963256836,0.0,15.20952963256836,30419.05926513672,86,77857.5858937152,102613.89119156676,0.9362390602388164,0.24125686113622538,policy_rebalance
2026-09-04,2026-09-04T10:55:00-04:00,2026-09-04T10:55:00-04:00,TSLA,4,buy,353.44000244140625,353.61672244262695,0.7068800048828126,0.0,0.7068800048828126,1413.760009765625,90,76443.11900394468,102926.47937076597,0.9489628386649898,0.2573036649919973,policy_rebalance
2026-09-04,2026-09-04T11:00:00-04:00,2026-09-04T11:00:00-04:00,TSLA,-90,sell,354.260009765625,354.08287976074223,15.941700439453125,0.0,15.941700439453125,31883.40087890625,0,108310.57818241148,103102.9542810443,0.6387726235755455,-0.05050896880386114,policy_rebalance
2026-09-04,2026-09-04T11:00:00-04:00,2026-09-04T11:00:00-04:00,NVDA,1,buy,232.2449951171875,232.3611176147461,0.11612249755859375,0.0,0.11612249755859375,232.2449951171875,-152,108078.21706479673,103102.83815854673,0.6365207862508762,-0.04825646893055548,policy_rebalance
2026-09-04,2026-09-04T11:00:00-04:00,2026-09-04T11:00:00-04:00,TSLA,-34,sell,354.260009765625,354.08287976074223,6.022420166015625,0.0,6.022420166015625,12044.84033203125,-34,120117.03497666196,103096.81573838071,0.7533883504075157,-0.16508966951483633,policy_rebalance
2026-09-04,2026-09-04T11:05:00-04:00,2026-09-04T11:05:00-04:00,NVDA,-87,sell,232.17999267578125,232.06390267944337,10.099829681396484,0.0,10.099829681396484,20199.65936279297,-239,140306.59450977354,103146.19595020323,0.9497556061470273,-0.36026921029167724,policy_rebalance
2026-09-04,2026-09-04T11:10:00-04:00,2026-09-04T11:10:00-04:00,NVDA,6,buy,232.4499969482422,232.5662219467163,0.6973499908447266,0.0,0.6973499908447266,1394.6999816894531,-233,138911.19717809325,103123.84752294188,0.936423443696661,-0.3470327234172463,policy_rebalance
2026-09-04,2026-09-04T11:15:00-04:00,2026-09-04T11:15:00-04:00,TSLA,34,buy,353.2300109863281,353.4066259918213,6.004910186767578,0.0,6.004910186767578,12009.820373535156,0,126895.37189437133,103142.74845076782,0.8199904125128431,-0.2302888356222264,policy_rebalance
2026-09-04,2026-09-04T11:15:00-04:00,2026-09-04T11:15:00-04:00,NVDA,80,buy,232.46499633789062,232.58122883605955,9.298599853515626,0.0,9.298599853515626,18597.19970703125,-153,108288.87358748657,103133.4498509143,0.6397426367313296,-0.04998789184328407,policy_rebalance
2026-09-04,2026-09-04T11:15:00-04:00,2026-09-04T11:15:00-04:00,SNDK,18,buy,1689.5400390625,1690.384809082031,15.2058603515625,0.0,15.2058603515625,30411.720703125,36,77861.94702401,103118.24399056274,0.934757828641543,0.2449255921082613,policy_rebalance
2026-09-04,2026-09-04T11:20:00-04:00,2026-09-04T11:20:00-04:00,SNDK,-8,sell,1687.8968505859375,1687.0529021606446,6.75158740234375,0.0,6.75158740234375,13503.1748046875,28,91358.37024129517,103054.63252462036,0.8037092493605243,0.11349574489561048,policy_rebalance
2026-09-04,2026-09-04T11:20:00-04:00,2026-09-04T11:20:00-04:00,NVDA,95,buy,232.4499969482422,232.5662219467163,11.041374855041504,0.0,11.041374855041504,22082.749710083008,-58,69264.57915635713,103043.59114976533,0.5894904376063433,0.3278128374263782,policy_rebalance
2026-09-04,2026-09-04T11:20:00-04:00,2026-09-04T11:20:00-04:00,TSLA,100,buy,353.0400085449219,353.2165285491943,17.652000427246094,0.0,17.652000427246094,35304.00085449219,100,33942.92630143769,103025.93914933808,0.9322624310628628,0.6705399962213713,policy_rebalance
2026-09-04,2026-09-04T11:25:00-04:00,2026-09-04T11:25:00-04:00,SNDK,-3,sell,1688.4599609375,1687.6157309570312,2.53268994140625,0.0,2.53268994140625,5065.3798828125,25,39005.773494308785,103049.15169865449,0.8827983213250724,0.621483798252188,policy_rebalance
2026-09-04,2026-09-04T11:25:00-04:00,2026-09-04T11:25:00-04:00,NVDA,23,buy,232.13999938964844,232.25606938934325,2.669609992980957,0.0,2.669609992980957,5339.219985961914,-35,33663.88389835389,103046.4820886615,0.8310074872221705,0.6733136035698009,policy_rebalance
2026-09-04,2026-09-04T11:30:00-04:00,2026-09-04T11:30:00-04:00,TSLA,-100,sell,353.1300048828125,352.9534398803711,17.656500244140624,0.0,17.656500244140624,35313.00048828125,0,68959.22788639099,103122.38874454529,0.4886209618119457,0.3312875242134204,policy_rebalance
2026-09-04,2026-09-04T11:30:00-04:00,2026-09-04T11:30:00-04:00,SNDK,3,buy,1691.0184326171875,1691.863941833496,2.536527648925781,0.0,2.536527648925781,5073.0552978515625,28,63883.6360608905,103119.85221689637,0.5378287000829244,0.3804913924185874,policy_rebalance
2026-09-04,2026-09-04T11:30:00-04:00,2026-09-04T11:30:00-04:00,TSLA,-77,sell,353.1300048828125,352.9534398803711,13.595505187988282,0.0,13.595505187988282,27191.010375976562,-77,91061.05093167907,103106.25671170837,0.8016179529980703,0.1168232284264616,policy_rebalance
2026-09-04,2026-09-04T11:35:00-04:00,2026-09-04T11:35:00-04:00,TSLA,1,buy,353.5,353.67674999999997,0.17675,0.0,0.17675,353.5,-76,90707.37418167907,103019.32422440368,0.7984040914315316,0.11951107363028207,policy_rebalance
2026-09-04,2026-09-04T11:35:00-04:00,2026-09-04T11:35:00-04:00,NVDA,1,buy,231.52999877929688,231.6457637786865,0.11576499938964843,0.0,0.11576499938964843,231.52999877929688,-34,90475.72841790039,103019.2084594043,0.7961575436761065,0.12175865286760366,policy_rebalance
2026-09-04,2026-09-04T11:35:00-04:00,2026-09-04T11:35:00-04:00,SNDK,3,buy,1688.625,1689.4693125,2.5329375,0.0,2.5329375,5065.875,31,85407.32048040039,103016.6755219043,0.84535241034816,0.17093693765879342,policy_rebalance
2026-09-04,2026-09-04T11:40:00-04:00,2026-09-04T11:40:00-04:00,TSLA,16,buy,352.8009948730469,352.9773953704834,2.822407958984375,0.0,2.822407958984375,5644.81591796875,-60,79759.68215447266,103039.10250359375,0.7897640572717595,0.22592801939738524,policy_rebalance
2026-09-04,2026-09-04T11:40:00-04:00,2026-09-04T11:40:00-04:00,SNDK,9,buy,1688.0,1688.8439999999998,7.596,0.0,7.596,15192.0,40,64560.08615447266,103031.50650359376,0.9372723250194402,0.37339471832122734,policy_rebalance
2026-09-04,2026-09-04T11:45:00-04:00,2026-09-04T11:45:00-04:00,SNDK,-13,sell,1687.886474609375,1687.0425313720705,10.971262084960937,0.0,10.971262084960937,21942.524169921875,27,86491.63906230958,103036.41332378419,0.7240265160725587,0.1605721096820781,policy_rebalance
2026-09-04,2026-09-04T11:45:00-04:00,2026-09-04T11:45:00-04:00,TSLA,60,buy,352.4125061035156,352.5887123565674,10.57237518310547,0.0,10.57237518310547,21144.750366210938,0,65336.31632091553,103025.84094860108,0.5188634667674271,0.3658259353251832,policy_rebalance
2026-09-04,2026-09-04T11:45:00-04:00,2026-09-04T11:45:00-04:00,NVDA,1,buy,231.86500549316406,231.98093799591064,0.11593250274658203,0.0,0.11593250274658203,231.86500549316406,-33,65104.33538291962,103025.72501609832,0.5166134961672041,0.3680769014462484,policy_rebalance
2026-09-04,2026-09-04T11:45:00-04:00,2026-09-04T11:45:00-04:00,TSLA,116,buy,352.4125061035156,352.5887123565674,20.439925354003908,0.0,20.439925354003908,40879.85070800781,116,24204.044749557805,103005.28509074432,0.9135874010817259,0.7650213313983373,policy_rebalance
2026-09-04,2026-09-04T11:50:00-04:00,2026-09-04T11:50:00-04:00,SNDK,2,buy,1687.125,1687.9685625,1.687125,0.0,1.687125,3374.25,29,20828.107624557804,102949.05144169647,0.946040614783069,0.7976852886657877,policy_rebalance
2026-09-04,2026-09-04T11:55:00-04:00,2026-09-04T11:55:00-04:00,SNDK,-3,sell,1686.1527099609375,1685.309633605957,2.5292290649414064,0.0,2.5292290649414064,5058.4581298828125,26,25884.036525375675,102901.43149913056,0.8965902976323903,0.7484579548769992,policy_rebalance
2026-09-04,2026-09-04T11:55:00-04:00,2026-09-04T11:55:00-04:00,NVDA,1,buy,230.9550018310547,231.0704793319702,0.11547750091552735,0.0,0.11547750091552735,230.9550018310547,-32,25652.966046043704,102901.31602162964,0.8943468718459251,0.7507032267628968,policy_rebalance
2026-09-04,2026-09-04T12:00:00-04:00,2026-09-04T12:00:00-04:00,SNDK,-11,sell,1699.18994140625,1698.340346435547,9.345544677734376,0.0,9.345544677734376,18691.08935546875,15,44334.70985683472,103231.43788417848,0.7137617130925534,0.570530927733696,policy_rebalance
2026-09-04,2026-09-04T12:00:00-04:00,2026-09-04T12:00:00-04:00,TSLA,-23,sell,351.739990234375,351.5641202392578,4.045009887695312,0.0,4.045009887695312,8090.019775390625,93,52420.68462233765,103227.39287429077,0.6354188200190829,0.492182422100159,policy_rebalance
2026-09-04,2026-09-04T12:05:00-04:00,2026-09-04T12:05:00-04:00,TSLA,-93,sell,351.8800048828125,351.7040648803711,16.36242022705078,0.0,16.36242022705078,32724.840454101562,0,85129.16265621217,103198.9520849231,0.3182484791015299,0.17509663677438495,policy_rebalance
2026-09-04,2026-09-04T12:05:00-04:00,2026-09-04T12:05:00-04:00,NVDA,1,buy,230.8300018310547,230.9454168319702,0.11541500091552734,0.0,0.11541500091552734,230.8300018310547,-31,84898.2172393802,103198.8366699222,0.31601208498479455,0.17733358263597362,policy_rebalance
2026-09-04,2026-09-04T12:05:00-04:00,2026-09-04T12:05:00-04:00,SNDK,2,buy,1697.0899658203125,1697.9385108032225,1.6970899658203125,0.0,1.6970899658203125,3394.179931640625,17,81502.34021777376,103197.13957995638,0.34890753389352064,0.2102267509592516,policy_rebalance
2026-09-04,2026-09-04T12:05:00-04:00,2026-09-04T12:05:00-04:00,TSLA,-27,sell,351.8800048828125,351.7040648803711,4.750380065917969,0.0,4.750380065917969,9500.760131835938,-27,90998.34996954378,103192.38919989046,0.44099201462807347,0.11816800952952085,policy_rebalance
2026-09-04,2026-09-04T12:10:00-04:00,2026-09-04T12:10:00-04:00,SNDK,-6,sell,1699.4150390625,1698.5653315429688,5.0982451171875,0.0,5.0982451171875,10196.490234375,11,101189.74195880159,103205.05220050081,0.3427334211212592,0.01952724405181241,policy_rebalance
2026-09-04,2026-09-04T12:10:00-04:00,2026-09-04T12:10:00-04:00,TSLA,5,buy,352.135009765625,352.3110772705078,0.8803375244140625,0.0,0.8803375244140625,1760.675048828125,-22,99428.18657244905,103204.1718629764,0.32567622957599995,0.03658752570139023,policy_rebalance
2026-09-04,2026-09-04T12:10:00-04:00,2026-09-04T12:10:00-04:00,NVDA,1,buy,231.30999755859375,231.42565255737304,0.11565499877929687,0.0,0.11565499877929687,231.30999755859375,-30,99196.76091989168,103204.05620797761,0.3234353066900952,0.03882885455597215,policy_rebalance
2026-09-04,2026-09-04T12:15:00-04:00,2026-09-04T12:15:00-04:00,NVDA,30,buy,231.1649932861328,231.28057578277586,3.467474899291992,0.0,3.467474899291992,6934.949798583984,0,92258.34364640841,103182.33394181856,0.2561679765791503,0.10587074238473679,policy_rebalance
2026-09-04,2026-09-04T12:15:00-04:00,2026-09-04T12:15:00-04:00,SNDK,2,buy,1698.0,1698.849,1.698,0.0,1.698,3396.0,13,88860.6456464084,103180.63594181856,0.28908534467076985,0.1387856370984659,policy_rebalance
2026-09-04,2026-09-04T12:15:00-04:00,2026-09-04T12:15:00-04:00,NVDA,123,buy,231.1649932861328,231.28057578277586,14.216647087097169,0.0,14.216647087097169,28433.294174194336,123,60413.134825126974,103166.41929473146,0.5647312786182886,0.4144108592880846,policy_rebalance
2026-09-04,2026-09-04T12:20:00-04:00,2026-09-04T12:20:00-04:00,NVDA,172,buy,230.74009704589844,230.85546709442139,19.843648345947265,0.0,19.843648345947265,39687.29669189453,295,20705.994484886498,103077.57299135622,0.9494782911715001,0.7991222155897788,policy_rebalance
2026-09-04,2026-09-04T12:30:00-04:00,2026-09-04T12:30:00-04:00,SNDK,-1,sell,1708.31005859375,1707.4559035644531,0.854155029296875,0.0,0.854155029296875,1708.31005859375,12,22413.45038845095,103359.95945217165,0.9329669753409429,0.7831515172098877,policy_rebalance
2026-09-04,2026-09-04T12:30:00-04:00,2026-09-04T12:30:00-04:00,NVDA,-10,sell,231.14999389648438,231.03441889953615,1.1557499694824218,0.0,1.1557499694824218,2311.4999389648438,285,24723.79457744631,103358.80370220217,0.9106135658619751,0.7607964325063145,policy_rebalance
2026-09-04,2026-09-04T12:35:00-04:00,2026-09-04T12:35:00-04:00,SNDK,-12,sell,1718.400146484375,1717.5409464111328,10.31040087890625,0.0,10.31040087890625,20620.8017578125,0,45334.28593437991,103471.96037285647,0.7116688801929676,0.5618688795397334,policy_rebalance
2026-09-04,2026-09-04T12:35:00-04:00,2026-09-04T12:35:00-04:00,TSLA,1,buy,352.2749938964844,352.4511313934326,0.17613749694824218,0.0,0.17613749694824218,352.2749938964844,-21,44981.83480298647,103471.78423535952,0.7082655403846941,0.5652743872603022,policy_rebalance
2026-09-04,2026-09-04T12:40:00-04:00,2026-09-04T12:40:00-04:00,NVDA,-126,sell,231.47500610351562,231.35926860046388,14.582925384521484,0.0,14.582925384521484,29165.85076904297,159,74133.10264664493,103543.10871964297,0.4268661276878874,0.28403634424990687,policy_rebalance
2026-09-04,2026-09-04T12:40:00-04:00,2026-09-04T12:40:00-04:00,SNDK,-2,sell,1711.9449462890625,1711.088973815918,1.7119449462890626,0.0,1.7119449462890626,3423.889892578125,-2,77555.28059427676,103541.39677469668,0.4599410211176143,0.25097320482323626,policy_rebalance
2026-09-04,2026-09-04T12:40:00-04:00,2026-09-04T12:40:00-04:00,TSLA,-10,sell,352.1199951171875,351.9439351196289,1.7605999755859374,0.0,1.7605999755859374,3521.199951171875,-31,81074.71994547304,103539.63617472109,0.49395707384334636,0.21696924056540962,policy_rebalance
2026-09-04,2026-09-04T12:45:00-04:00,2026-09-04T12:45:00-04:00,SNDK,1,buy,1717.8900146484375,1718.7489596557616,0.8589450073242187,0.0,0.8589450073242187,1717.8900146484375,-1,79355.97098581729,103545.44133799014,0.4775967883383638,0.23361212275115287,policy_rebalance
2026-09-04,2026-09-04T12:45:00-04:00,2026-09-04T12:45:00-04:00,TSLA,1,buy,352.05999755859375,352.236027557373,0.17602999877929687,0.0,0.17602999877929687,352.05999755859375,-30,79003.73495825991,103545.26530799136,0.4741975413988771,0.23701257876672216,policy_rebalance
2026-09-04,2026-09-04T12:55:00-04:00,2026-09-04T12:55:00-04:00,NVDA,-1,sell,231.53500366210938,231.41923616027833,0.11576750183105469,0.0,0.11576750183105469,231.53500366210938,158,79235.15419442019,103515.33510262331,0.47224771286843453,0.23455636678500025,policy_rebalance
2026-09-04,2026-09-04T12:55:00-04:00,2026-09-04T12:55:00-04:00,SNDK,1,buy,1726.75,1727.613375,0.863375,0.0,0.863375,1726.75,0,77507.54081942019,103514.47172762331,0.455570409257463,0.2512395655810805,policy_rebalance
2026-09-04,2026-09-04T12:55:00-04:00,2026-09-04T12:55:00-04:00,TSLA,1,buy,352.5199890136719,352.6962490081787,0.17625999450683594,0.0,0.17625999450683594,352.5199890136719,-29,77154.84457041201,103514.2954676288,0.4521656651244553,0.2546455132417916,policy_rebalance
2026-09-04,2026-09-04T13:00:00-04:00,2026-09-04T13:00:00-04:00,NVDA,-158,sell,231.57000732421875,231.45422232055665,18.29403057861328,0.0,18.29403057861328,36588.06115722656,0,113724.61169705997,103517.01172147403,0.09860794671170388,-0.09860794671170388,policy_rebalance
2026-09-04,2026-09-04T13:00:00-04:00,2026-09-04T13:00:00-04:00,SNDK,9,buy,1734.4300537109375,1735.2972687377928,7.804935241699218,0.0,7.804935241699218,15609.870483398438,9,98106.93627841983,103509.20678623233,0.24942197182809767,0.05219120767652382,policy_rebalance
2026-09-04,2026-09-04T13:00:00-04:00,2026-09-04T13:00:00-04:00,NVDA,-19,sell,231.57000732421875,231.45422232055665,2.199915069580078,0.0,2.199915069580078,4399.830139160156,-19,102504.56650251041,103507.00687116275,0.2919348313854405,0.009684758539101623,policy_rebalance
2026-09-04,2026-09-04T13:05:00-04:00,2026-09-04T13:05:00-04:00,SNDK,-6,sell,1722.780029296875,1721.9186392822266,5.168340087890625,0.0,5.168340087890625,10336.68017578125,3,112836.07833820378,103400.63841205632,0.19121854957157905,-0.0912512734065219,policy_rebalance
2026-09-04,2026-09-04T13:05:00-04:00,2026-09-04T13:05:00-04:00,TSLA,-22,sell,351.8800048828125,351.7040648803711,3.8706800537109376,0.0,3.8706800537109376,7741.360107421875,-51,120573.56776557193,103396.7677320026,0.2660961344619946,-0.166125116000632,policy_rebalance
2026-09-04,2026-09-04T13:05:00-04:00,2026-09-04T13:05:00-04:00,NVDA,-156,sell,231.5399932861328,231.42422328948976,18.06011947631836,0.0,18.06011947631836,36120.23895263672,-175,156675.74659873234,103378.70761252628,0.6155398982205585,-0.515551414958375,policy_rebalance
2026-09-04,2026-09-04T13:10:00-04:00,2026-09-04T13:10:00-04:00,SNDK,-3,sell,1721.0400390625,1720.1795190429689,2.58156005859375,0.0,2.58156005859375,5163.1201171875,0,161836.28515586123,103464.23333701357,0.5641761402581763,-0.5641761402581763,policy_rebalance
2026-09-04,2026-09-04T13:10:00-04:00,2026-09-04T13:10:00-04:00,TSLA,1,buy,351.88580322265625,352.0617461242676,0.1759429016113281,0.0,0.1759429016113281,351.88580322265625,-50,161484.22340973697,103464.05739411197,0.5607760557332142,-0.5607760557332142,policy_rebalance
2026-09-04,2026-09-04T13:10:00-04:00,2026-09-04T13:10:00-04:00,NVDA,175,buy,231.0050048828125,231.1205073852539,20.212937927246095,0.0,20.212937927246095,40425.87585449219,0,121038.13461731753,103443.84445618471,0.17008542416059522,-0.17008542416059522,policy_rebalance
2026-09-04,2026-09-04T13:10:00-04:00,2026-09-04T13:10:00-04:00,NVDA,206,buy,231.0050048828125,231.1205073852539,23.793515502929687,0.0,23.793515502929687,47587.031005859375,206,73427.31009595522,103420.05094068179,0.6302580647961387,0.2900089544717917,policy_rebalance
2026-09-04,2026-09-04T13:15:00-04:00,2026-09-04T13:15:00-04:00,SNDK,3,buy,1717.405029296875,1718.2637318115233,2.5761075439453127,0.0,2.5761075439453127,5152.215087890625,3,68272.51890052065,103400.99543250307,0.6801818117488269,0.33973054500150524,policy_rebalance
2026-09-04,2026-09-04T13:15:00-04:00,2026-09-04T13:15:00-04:00,TSLA,-63,sell,352.0299987792969,351.85398377990725,11.08894496154785,0.0,11.08894496154785,22177.889923095703,-113,90439.3198786548,103389.90648754152,0.8947620660064645,0.12525968006796934,policy_rebalance
2026-09-04,2026-09-04T13:15:00-04:00,2026-09-04T13:15:00-04:00,NVDA,17,buy,230.9600067138672,231.0754867172241,1.9631600570678711,0.0,1.9631600570678711,3926.320114135742,223,86511.03660446199,103387.94332748445,0.932755632266333,0.1632386347948169,policy_rebalance
2026-09-04,2026-09-04T13:20:00-04:00,2026-09-04T13:20:00-04:00,NVDA,7,buy,230.7100067138672,230.8253617172241,0.8074850234985351,0.0,0.8074850234985351,1614.9700469970703,230,84895.25907244142,103284.53620256837,0.9492687918301741,0.17804482458110382,policy_rebalance
2026-09-04,2026-09-04T13:25:00-04:00,2026-09-04T13:25:00-04:00,SNDK,-2,sell,1717.9300537109375,1717.071088684082,1.7179300537109374,0.0,1.7179300537109374,3435.860107421875,1,88329.40124980958,103297.02090923341,0.9153995135753188,0.1448988511737991,policy_rebalance
2026-09-04,2026-09-04T13:25:00-04:00,2026-09-04T13:25:00-04:00,TSLA,50,buy,352.1700134277344,352.3460984344482,8.804250335693359,0.0,8.804250335693359,17608.50067138672,-63,70712.09632808718,103288.21665889773,0.7449982632271179,0.3153904809721999,policy_rebalance
2026-09-04,2026-09-04T13:25:00-04:00,2026-09-04T13:25:00-04:00,NVDA,83,buy,230.6300048828125,230.7453198852539,9.57114520263672,0.0,9.57114520263672,19142.290405273438,313,51560.234777611106,103278.64551369508,0.9304133681268741,0.5007657728162784,policy_rebalance
2026-09-04,2026-09-04T13:30:00-04:00,2026-09-04T13:30:00-04:00,SNDK,-1,sell,1715.5350341796875,1714.6772666625977,0.8577675170898438,0.0,0.8577675170898438,1715.5350341796875,0,53274.912044273704,103309.50953267702,0.9138427466878615,0.4843174429414677,policy_rebalance
2026-09-04,2026-09-04T13:30:00-04:00,2026-09-04T13:30:00-04:00,NVDA,-1,sell,230.74000549316406,230.6246354904175,0.11537000274658203,0.0,0.11537000274658203,230.74000549316406,312,53505.53667976412,103309.39416267427,0.9116102819897354,0.4820844985741317,policy_rebalance
2026-09-04,2026-09-04T13:30:00-04:00,2026-09-04T13:30:00-04:00,TSLA,11,buy,352.17498779296875,352.35107528686524,1.9369624328613282,0.0,1.9369624328613282,3873.9248657226562,-52,49629.6748516086,103307.45720024142,0.8741283884672997,0.5195925231669275,policy_rebalance
2026-09-04,2026-09-04T13:35:00-04:00,2026-09-04T13:35:00-04:00,TSLA,30,buy,352.0849914550781,352.26103395080565,5.281274871826172,0.0,5.281274871826172,10562.549743652344,-22,39061.84383308443,103181.74343025239,0.7715671064911437,0.6214267899098933,policy_rebalance
2026-09-04,2026-09-04T13:35:00-04:00,2026-09-04T13:35:00-04:00,NVDA,1,buy,230.33900451660156,230.45417401885985,0.11516950225830078,0.0,0.11516950225830078,230.33900451660156,313,38831.38965906557,103181.62826075015,0.7738003322058405,0.6236598480406335,policy_rebalance
2026-09-04,2026-09-04T13:40:00-04:00,2026-09-04T13:40:00-04:00,TSLA,1,buy,352.1650085449219,352.3410910491943,0.17608250427246094,0.0,0.17608250427246094,352.1650085449219,-21,38479.04856801638,103241.03953481326,0.7705552141293391,0.6272892181113586,policy_rebalance
2026-09-04,2026-09-04T13:40:00-04:00,2026-09-04T13:40:00-04:00,SNDK,-3,sell,1721.5,1720.6392500000002,2.58225,0.0,2.58225,5164.5,-3,43640.96631801638,103238.45728481325,0.8205994505706918,0.5772799452279677,policy_rebalance
2026-09-04,2026-09-04T13:45:00-04:00,2026-09-04T13:45:00-04:00,SNDK,2,buy,1718.437255859375,1719.2964744873045,1.718437255859375,0.0,1.718437255859375,3436.87451171875,-1,40202.373369041765,103201.50761586794,0.7869918830267797,0.6104478093606805,policy_rebalance
2026-09-04,2026-09-04T13:45:00-04:00,2026-09-04T13:45:00-04:00,TSLA,1,buy,351.9700012207031,352.1459862213135,0.17598500061035155,0.0,0.17598500061035155,351.9700012207031,-20,39850.22738282045,103201.33163086732,0.7835827070317245,0.6138593683523622,policy_rebalance
2026-09-04,2026-09-04T13:50:00-04:00,2026-09-04T13:50:00-04:00,SNDK,1,buy,1716.510009765625,1717.3682647705077,0.8582550048828125,0.0,0.8582550048828125,1716.510009765625,0,38132.85911804994,103188.4107843097,0.7669810161140226,0.6304540516884458,policy_rebalance
2026-09-04,2026-09-04T13:50:00-04:00,2026-09-04T13:50:00-04:00,TSLA,1,buy,352.20001220703125,352.3761122131347,0.17610000610351562,0.0,0.17610000610351562,352.20001220703125,-19,37780.48300583681,103188.2346843036,0.7635691451006019,0.6338683075505336,policy_rebalance
2026-09-04,2026-09-04T13:55:00-04:00,2026-09-04T13:55:00-04:00,TSLA,1,buy,352.45001220703125,352.62623721313474,0.17622500610351563,0.0,0.17622500610351563,352.45001220703125,-18,37427.85676862368,103119.14288617739,0.7600866760842057,0.6370425924705713,policy_rebalance
2026-09-04,2026-09-04T13:55:00-04:00,2026-09-04T13:55:00-04:00,SNDK,9,buy,1719.1287841796875,1719.9883485717774,7.7360795288085935,0.0,7.7360795288085935,15472.159057617188,9,21947.961631477683,103111.40680664858,0.9101965390755634,0.7871432239050541,policy_rebalance
2026-09-04,2026-09-04T14:00:00-04:00,2026-09-04T14:00:00-04:00,TSLA,1,buy,352.31988525390625,352.4960451965332,0.17615994262695311,0.0,0.17615994262695311,352.31988525390625,-17,21595.46558628115,103154.21099338564,0.9067746299929049,0.7906487250659513,policy_rebalance
2026-09-04,2026-09-04T14:00:00-04:00,2026-09-04T14:00:00-04:00,SNDK,1,buy,1719.64501953125,1720.5048420410155,0.859822509765625,0.0,0.859822509765625,1719.64501953125,10,19874.960744240132,103153.35117087587,0.9234529508156524,0.8073260779350075,policy_rebalance
2026-09-04,2026-09-04T14:05:00-04:00,2026-09-04T14:05:00-04:00,SNDK,-3,sell,1718.260009765625,1717.4008797607423,2.5773900146484374,0.0,2.5773900146484374,5154.780029296875,7,25027.16338352236,103065.28995517764,0.8733302577305002,0.7571717559383329,policy_rebalance
2026-09-04,2026-09-04T14:05:00-04:00,2026-09-04T14:05:00-04:00,NVDA,-1,sell,230.02000427246094,229.90499427032472,0.11501000213623047,0.0,0.11501000213623047,230.02000427246094,312,25257.068377792682,103065.1749451755,0.8710994405540877,0.754940809141129,policy_rebalance
2026-09-04,2026-09-04T14:10:00-04:00,2026-09-04T14:10:00-04:00,SNDK,-2,sell,1717.6600341796875,1716.8012041625977,1.7176600341796875,0.0,1.7176600341796875,3435.320068359375,5,28690.670786117877,103145.64292356904,0.8382325182364355,0.721843114523241,policy_rebalance
2026-09-04,2026-09-04T14:10:00-04:00,2026-09-04T14:10:00-04:00,NVDA,-1,sell,230.35000610351562,230.23483110046388,0.11517500305175782,0.0,0.11517500305175782,230.35000610351562,311,28920.90561721834,103145.527748566,0.8360002017444208,0.7196106680677639,policy_rebalance
2026-09-04,2026-09-04T14:10:00-04:00,2026-09-04T14:10:00-04:00,TSLA,-28,sell,353.0899963378906,352.9134513397217,4.943259948730469,0.0,4.943259948730469,9886.519897460938,-45,38802.48225473055,103140.58448861727,0.9318950671149666,0.6237903590801074,policy_rebalance
2026-09-04,2026-09-04T14:15:00-04:00,2026-09-04T14:15:00-04:00,SNDK,-5,sell,1717.0799560546875,1716.2214160766603,4.292699890136719,0.0,4.292699890136719,8585.399780273438,0,47383.58933511385,103067.71795144686,0.8491400650533925,0.5402674059647337,policy_rebalance
2026-09-04,2026-09-04T14:15:00-04:00,2026-09-04T14:15:00-04:00,TSLA,-25,sell,353.7200012207031,353.5431412200928,4.421500015258789,0.0,4.421500015258789,8843.000030517578,-70,56222.16786561617,103063.2964514316,0.9349781355200905,0.4544889422190104,policy_rebalance
2026-09-04,2026-09-04T14:15:00-04:00,2026-09-04T14:15:00-04:00,NVDA,2,buy,230.22999572753906,230.34511072540283,0.23022999572753905,0.0,0.23022999572753905,460.4599914550781,313,55761.47764416536,103063.06622143587,0.939447973924446,0.45895770727062213,policy_rebalance
2026-09-04,2026-09-04T14:20:00-04:00,2026-09-04T14:20:00-04:00,TSLA,-3,sell,353.8774108886719,353.70047218322753,0.5308161163330078,0.0,0.5308161163330078,1061.6322326660156,-73,56822.57906071504,103101.59787480196,0.9499864485395217,0.4488681045494981,policy_rebalance
2026-09-04,2026-09-04T14:25:00-04:00,2026-09-04T14:25:00-04:00,TSLA,1,buy,353.45001220703125,353.62673721313473,0.17672500610351563,0.0,0.17672500610351563,353.45001220703125,-72,56468.95232350191,103094.09325367768,0.9459508261838209,0.4522581212819632,policy_rebalance
2026-09-04,2026-09-04T14:30:00-04:00,2026-09-04T14:30:00-04:00,NVDA,-1,sell,230.35000610351562,230.23483110046388,0.11517500305175782,0.0,0.11517500305175782,230.35000610351562,312,56699.18715460237,103149.50844366488,0.9431754352243487,0.45032033588828346,policy_rebalance
2026-09-04,2026-09-04T14:35:00-04:00,2026-09-04T14:35:00-04:00,NVDA,-1,sell,230.30050659179688,230.18535633850098,0.11515025329589844,0.0,0.11515025329589844,230.30050659179688,311,56929.37251094087,103092.1904125522,0.9417211605455,0.44778190973417015,policy_rebalance
2026-09-04,2026-09-04T14:35:00-04:00,2026-09-04T14:35:00-04:00,TSLA,1,buy,353.6199951171875,353.79680511474606,0.17680999755859375,0.0,0.17680999755859375,353.6199951171875,-71,56575.57570582612,103092.01360255464,0.9382926360938996,0.45121281728050205,policy_rebalance
2026-09-04,2026-09-04T14:45:00-04:00,2026-09-04T14:45:00-04:00,NVDA,-9,sell,230.30999755859375,230.19484255981448,1.0363949890136719,0.0,1.0363949890136719,2072.7899780273438,302,58647.32928886445,103109.19363822968,0.9179140175230099,0.43121144468809186,policy_rebalance
2026-09-04,2026-09-04T14:45:00-04:00,2026-09-04T14:45:00-04:00,SNDK,-1,sell,1719.0,1718.1405000000002,0.8595,0.0,0.8595,1719.0,-1,60365.46978886445,103108.3341382297,0.9345934543645795,0.4145432540114851,policy_rebalance
2026-09-04,2026-09-04T14:50:00-04:00,2026-09-04T14:50:00-04:00,NVDA,-9,sell,230.47000122070312,230.35476622009278,1.0371150054931642,0.0,1.0371150054931642,2074.230010986328,293,62438.66268484529,103167.41299002107,0.9143068307749469,0.3947830921098632,policy_rebalance
2026-09-04,2026-09-04T14:50:00-04:00,2026-09-04T14:50:00-04:00,TSLA,1,buy,353.2200012207031,353.39661122131344,0.17661000061035156,0.0,0.17661000061035156,353.2200012207031,-70,62085.26607362397,103167.23638002045,0.9108846345634457,0.3982075293271352,policy_rebalance
2026-09-04,2026-09-04T14:50:00-04:00,2026-09-04T14:50:00-04:00,SNDK,-2,sell,1720.3399658203125,1719.4797958374024,1.7203399658203125,0.0,1.7203399658203125,3440.679931640625,-3,65524.22566529878,103165.51604005464,0.9442508900237027,0.3648631036764397,policy_rebalance
2026-09-04,2026-09-04T14:55:00-04:00,2026-09-04T14:55:00-04:00,NVDA,-41,sell,230.51499938964844,230.39974188995362,4.725557487487793,0.0,4.725557487487793,9451.114974975586,252,74970.61508278688,103155.53018288454,0.8530288626918922,0.2732273786013081,policy_rebalance
2026-09-04,2026-09-04T14:55:00-04:00,2026-09-04T14:55:00-04:00,SNDK,-5,sell,1717.155029296875,1716.2964517822268,4.292887573242187,0.0,4.292887573242187,8585.775146484375,-8,83552.09734169801,103151.2372953113,0.9362991881742514,0.19000392498931426,policy_rebalance
2026-09-04,2026-09-04T15:00:00-04:00,2026-09-04T15:00:00-04:00,NVDA,-14,sell,230.60000610351562,230.48470610046388,1.6142000427246095,0.0,1.6142000427246095,3228.4000854492188,238,86778.88322710451,103113.64433550295,0.9060958168918672,0.1584151274418126,policy_rebalance
2026-09-04,2026-09-04T15:00:00-04:00,2026-09-04T15:00:00-04:00,SNDK,-2,sell,1718.5550537109375,1717.6957761840822,1.7185550537109375,0.0,1.7185550537109375,3437.110107421875,-10,90214.27477947267,103111.92578044924,0.9394446973141853,0.12508398910557492,policy_rebalance
2026-09-04,2026-09-04T15:05:00-04:00,2026-09-04T15:05:00-04:00,TSLA,-3,sell,353.6400146484375,353.4631946411133,0.5304600219726563,0.0,0.5304600219726563,1060.9200439453125,-73,91274.66436339602,103129.9795489429,0.947229493577288,0.11495508131969173,policy_rebalance
2026-09-04,2026-09-04T15:10:00-04:00,2026-09-04T15:10:00-04:00,SNDK,1,buy,1714.6300048828125,1715.4873198852538,0.8573150024414062,0.0,0.8573150024414062,1714.6300048828125,-9,89559.17704351076,103028.10615117678,0.9321692237000093,0.1307306288625997,policy_rebalance
2026-09-04,2026-09-04T15:15:00-04:00,2026-09-04T15:15:00-04:00,NVDA,8,buy,230.00999450683594,230.12499950408935,0.9200399780273437,0.0,0.9200399780273437,1840.0799560546875,246,87718.17704747805,103046.65556310305,0.949438273829526,0.14875279970865474,policy_rebalance
2026-09-04,2026-09-04T15:25:00-04:00,2026-09-04T15:25:00-04:00,SNDK,2,buy,1711.43994140625,1712.295661376953,1.71143994140625,0.0,1.71143994140625,3422.8798828125,-7,84293.58572472414,103002.97787560304,0.9167786514520796,0.18163933253924258,policy_rebalance
2026-09-04,2026-09-04T15:25:00-04:00,2026-09-04T15:25:00-04:00,NVDA,10,buy,229.9600067138672,230.0749867172241,1.149800033569336,0.0,1.149800033569336,2299.600067138672,256,81992.8358575519,103001.82807556947,0.9391147033673424,0.20396717816118648,policy_rebalance
2026-09-04,2026-09-04T15:30:00-04:00,2026-09-04T15:30:00-04:00,TSLA,35,buy,354.7200012207031,354.8973612213135,6.207600021362305,0.0,6.207600021362305,12415.20004272461,-38,69571.42821480593,102945.12688423952,0.8190746020001789,0.32418920331179824,policy_rebalance
2026-09-04,2026-09-04T15:30:00-04:00,2026-09-04T15:30:00-04:00,NVDA,57,buy,229.8699951171875,229.98493011474608,6.551294860839843,0.0,6.551294860839843,13102.589721679688,313,56462.2871982654,102938.57558937868,0.9464122462784325,0.4514953517183577,policy_rebalance
2026-09-04,2026-09-04T15:40:00-04:00,2026-09-04T15:40:00-04:00,TSLA,9,buy,353.760009765625,353.9368897705078,1.5919200439453125,0.0,1.5919200439453125,3183.840087890625,-29,53276.85519033083,102951.68108754762,0.9162267716158049,0.4825062142984778,policy_rebalance
2026-09-04,2026-09-04T15:40:00-04:00,2026-09-04T15:40:00-04:00,SNDK,-1,sell,1723.8699951171875,1723.008060119629,0.8619349975585937,0.0,0.8619349975585937,1723.8699951171875,-8,54999.863250450464,102950.81915255007,0.9329790397107461,0.4657656568137357,policy_rebalance
2026-09-04,2026-09-04T15:45:00-04:00,2026-09-04T15:45:00-04:00,SNDK,-1,sell,1722.989990234375,1722.128495239258,0.8614949951171875,0.0,0.8614949951171875,1722.989990234375,-9,56721.991745689724,102946.70901558718,0.9494805035232635,0.44901597838254903,policy_rebalance
2026-09-04,2026-09-04T15:55:00-04:00,,NVDA,-313,sell,230.97999572753906,230.8645057296753,36.148369331359866,0.0,36.148369331359866,72296.73866271973,0,128982.58203907809,103117.8621599277,0.25082676596840464,-0.25082676596840464,scheduled_1555_liquidation
2026-09-04,2026-09-04T15:55:00-04:00,,SNDK,9,buy,1728.824951171875,1729.6893636474608,7.779712280273437,0.0,7.779712280273437,15559.424560546875,0,113415.37776625094,103110.08244764742,0.09994459391336316,-0.09994459391336316,scheduled_1555_liquidation
2026-09-04,2026-09-04T15:55:00-04:00,,TSLA,29,buy,355.3550109863281,355.53268849182126,5.152647659301758,0.0,5.152647659301758,10305.295318603516,0,103104.92979998812,103104.92979998812,0.0,0.0,scheduled_1555_liquidation
2026-09-08,2026-09-08T09:35:00-04:00,2026-09-08T09:35:00-04:00,SNDK,14,buy,1772.8199462890625,1773.706356262207,12.409739624023437,0.0,12.409739624023437,24819.479248046875,14,78273.04081231722,103092.5200603641,0.24074956392097355,0.24074956392097355,policy_rebalance
2026-09-08,2026-09-08T09:35:00-04:00,2026-09-08T09:35:00-04:00,NVDA,-311,sell,231.80999755859375,231.69409255981446,36.04645462036133,0.0,36.04645462036133,72092.90924072266,-311,150329.9035984195,103056.47360574373,0.940381376326933,-0.45871383270425675,policy_rebalance
2026-09-08,2026-09-08T09:40:00-04:00,2026-09-08T09:40:00-04:00,NVDA,51,buy,230.81649780273438,230.93190605163574,5.885820693969727,0.0,5.885820693969727,11771.641387939453,-260,138552.37638978608,103493.54716615326,0.8209763020044252,-0.33875376952099023,policy_rebalance
2026-09-08,2026-09-08T09:40:00-04:00,2026-09-08T09:40:00-04:00,SNDK,7,buy,1782.3900146484375,1783.2812096557616,6.238365051269532,0.0,6.238365051269532,12476.730102539062,21,126069.40792219575,103487.308801102,0.9415886920357378,-0.21821128970022344,policy_rebalance
2026-09-08,2026-09-08T09:45:00-04:00,2026-09-08T09:45:00-04:00,SNDK,-16,sell,1745.0,1744.1275,13.96,0.0,13.96,27920.0,5,153975.44792219574,102957.64823957856,0.665009359220164,-0.4955221933964604,policy_rebalance
2026-09-08,2026-09-08T09:45:00-04:00,2026-09-08T09:45:00-04:00,NVDA,260,buy,229.77999877929688,229.89488877868652,29.871399841308595,0.0,29.871399841308595,59742.79968261719,0,94202.77683973726,102927.77683973726,0.08476817694785325,0.08476817694785325,policy_rebalance
2026-09-08,2026-09-08T09:45:00-04:00,2026-09-08T09:45:00-04:00,TSLA,-169,sell,357.67999267578125,357.50115267944335,30.223959381103516,0.0,30.223959381103516,60447.91876220703,-169,154620.47164256318,102897.55288035615,0.6722503774471454,-0.5026642258669428,policy_rebalance
2026-09-08,2026-09-08T09:45:00-04:00,2026-09-08T09:45:00-04:00,NVDA,118,buy,229.77999877929688,229.89488877868652,13.557019927978516,0.0,13.557019927978516,27114.03985595703,118,127492.87476667817,102883.99586042817,0.9358788780792144,-0.2391905436841145,policy_rebalance
2026-09-08,2026-09-08T09:50:00-04:00,2026-09-08T09:50:00-04:00,NVDA,-118,sell,230.3444061279297,230.22923392486572,13.590319961547852,0.0,13.590319961547852,27180.639923095703,0,154659.92436981233,102936.69249725374,0.6746091236925975,-0.5024761396325078,policy_rebalance
2026-09-08,2026-09-08T09:50:00-04:00,2026-09-08T09:50:00-04:00,TSLA,169,buy,358.47711181640625,358.6563503723144,30.29131594848633,0.0,30.29131594848633,60582.631896972656,0,94047.0011568912,102906.40118130526,0.08609182638507745,0.08609182638507745,policy_rebalance
2026-09-08,2026-09-08T09:50:00-04:00,2026-09-08T09:50:00-04:00,SNDK,7,buy,1771.8800048828125,1772.7659448852537,6.201580017089844,0.0,6.201580017089844,12403.160034179688,12,81637.63954269442,102900.19960128817,0.2066328359029497,0.2066328359029497,policy_rebalance
2026-09-08,2026-09-08T09:50:00-04:00,2026-09-08T09:50:00-04:00,TSLA,68,buy,358.47711181640625,358.6563503723144,12.188221801757813,0.0,12.188221801757813,24376.443603515625,68,57249.00771737704,102888.01137948642,0.44357941270511114,0.44357941270511114,policy_rebalance
2026-09-08,2026-09-08T09:50:00-04:00,2026-09-08T09:50:00-04:00,NVDA,-223,sell,230.3444061279297,230.22923392486572,25.68340128326416,0.0,25.68340128326416,51366.80256652832,-223,108590.1268826221,102862.32797820316,0.9430644642729992,-0.055684126706063694,policy_rebalance
2026-09-08,2026-09-08T09:55:00-04:00,2026-09-08T09:55:00-04:00,SNDK,-5,sell,1774.4100341796875,1773.5228291625976,4.436025085449219,0.0,4.436025085449219,8872.050170898438,7,117457.74102843509,103052.44117797122,0.8542012040341918,-0.1397861097301515,policy_rebalance
2026-09-08,2026-09-08T09:55:00-04:00,2026-09-08T09:55:00-04:00,TSLA,-1,sell,358.67999267578125,358.50065267944336,0.17933999633789063,0.0,0.17933999633789063,358.67999267578125,67,117816.24168111454,103052.26183797489,0.8507221265851331,-0.14326691699744046,policy_rebalance
2026-09-08,2026-09-08T09:55:00-04:00,2026-09-08T09:55:00-04:00,NVDA,-41,sell,229.6699981689453,229.55516316986086,4.708234962463379,0.0,4.708234962463379,9416.469924926758,-264,127228.00337107884,103047.55360301243,0.9421408453727579,-0.23465331220982552,policy_rebalance
2026-09-08,2026-09-08T10:00:00-04:00,2026-09-08T10:00:00-04:00,SNDK,-4,sell,1780.4849853515625,1779.5947428588868,3.560969970703125,0.0,3.560969970703125,7121.93994140625,3,134346.38234251438,103212.11763304172,0.8728042629413628,-0.3016531917324552,policy_rebalance
2026-09-08,2026-09-08T10:00:00-04:00,2026-09-08T10:00:00-04:00,NVDA,1,buy,229.5800018310547,229.6947918319702,0.11479000091552734,0.0,0.11479000091552734,229.5800018310547,-263,134116.6875506824,103212.0028430408,0.8705808799402802,-0.2994291735103694,policy_rebalance
2026-09-08,2026-09-08T10:00:00-04:00,2026-09-08T10:00:00-04:00,TSLA,19,buy,360.20001220703125,360.38011221313474,3.421900115966797,0.0,3.421900115966797,6843.800231933594,86,127269.46541863284,103208.58094292483,0.9369201243150667,-0.23312872104126564,policy_rebalance
2026-09-08,2026-09-08T10:05:00-04:00,2026-09-08T10:05:00-04:00,TSLA,-86,sell,361.32000732421875,361.1393473205567,15.536760314941406,0.0,15.536760314941406,31073.520629882812,0,158327.4492882007,103619.85996324953,0.6307499279669363,-0.5279643240625311,policy_rebalance
2026-09-08,2026-09-08T10:05:00-04:00,2026-09-08T10:05:00-04:00,TSLA,-56,sell,361.32000732421875,361.1393473205567,10.116960205078126,0.0,10.116960205078126,20233.92041015625,-56,178551.25273815187,103609.74300304445,0.8261012636176975,-0.723305623226045,policy_rebalance
2026-09-08,2026-09-08T10:05:00-04:00,2026-09-08T10:05:00-04:00,NVDA,-54,sell,228.26199340820312,228.14786241149903,6.1630738220214845,0.0,6.1630738220214845,12326.147644042969,-317,190871.23730837283,103603.57992922244,0.9451245538895133,-0.8423227984859977,policy_rebalance
2026-09-08,2026-09-08T10:10:00-04:00,2026-09-08T10:10:00-04:00,TSLA,25,buy,361.54998779296875,361.7307627868652,4.519374847412109,0.0,4.519374847412109,9038.749694824219,-31,181827.9682387012,103257.72631060061,0.8634728374698606,-0.7609139261091248,policy_rebalance
2026-09-08,2026-09-08T10:10:00-04:00,2026-09-08T10:10:00-04:00,NVDA,2,buy,229.20249938964844,229.31710063934324,0.22920249938964843,0.0,0.22920249938964843,458.4049987792969,-315,181369.33403742252,103257.49710810123,0.8590353186312323,-0.7564761796186603,policy_rebalance
2026-09-08,2026-09-08T10:10:00-04:00,2026-09-08T10:10:00-04:00,SNDK,5,buy,1765.0,1765.8825,4.4125,0.0,4.4125,8825.0,8,172539.92153742252,103253.08460810123,0.9445416308818859,-0.6710389059300321,policy_rebalance
2026-09-08,2026-09-08T10:15:00-04:00,2026-09-08T10:15:00-04:00,TSLA,7,buy,361.94500732421875,362.1259798278808,1.2668075256347657,0.0,1.2668075256347657,2533.6150512695312,-24,170005.03967862736,103459.1516628803,0.9161951103561095,-0.6432092951292081,policy_rebalance
2026-09-08,2026-09-08T10:15:00-04:00,2026-09-08T10:15:00-04:00,SNDK,1,buy,1765.1800537109375,1766.0626437377928,0.8825900268554687,0.0,0.8825900268554687,1765.1800537109375,9,168238.97703488957,103458.26907285344,0.9332646853084452,-0.6261530232679491,policy_rebalance
2026-09-08,2026-09-08T10:20:00-04:00,2026-09-08T10:20:00-04:00,NVDA,73,buy,228.18499755859375,228.29909005737304,8.328752410888672,0.0,8.328752410888672,16657.504821777344,-242,151573.14346070134,103488.16116089665,0.7703860086657247,-0.4646423490416966,policy_rebalance
2026-09-08,2026-09-08T10:20:00-04:00,2026-09-08T10:20:00-04:00,SNDK,10,buy,1757.824951171875,1758.7038636474608,8.789124755859374,0.0,8.789124755859374,17578.24951171875,19,133986.10482422673,103479.37203614079,0.940323457883308,-0.2948097982024019,policy_rebalance
2026-09-08,2026-09-08T10:25:00-04:00,2026-09-08T10:25:00-04:00,SNDK,-1,sell,1768.2900390625,1767.4058940429688,0.88414501953125,0.0,0.88414501953125,1768.2900390625,18,135753.5107182697,103671.93112842596,0.9234902827988574,-0.30945289858739067,policy_rebalance
2026-09-08,2026-09-08T10:25:00-04:00,2026-09-08T10:25:00-04:00,TSLA,24,buy,363.95001220703125,364.1319872131347,4.367400146484375,0.0,4.367400146484375,8734.80029296875,0,127014.34302515448,103667.56372827948,0.8392713938100471,-0.22520814088067773,policy_rebalance
2026-09-08,2026-09-08T10:25:00-04:00,2026-09-08T10:25:00-04:00,NVDA,-42,sell,228.0,227.88600000000002,4.788,0.0,4.788,9576.0,-284,136585.5550251545,103662.77572827949,0.9316866158039542,-0.3175950003805809,policy_rebalance
2026-09-08,2026-09-08T10:30:00-04:00,2026-09-08T10:30:00-04:00,SNDK,-4,sell,1775.0,1774.1125000000002,3.55,0.0,3.55,7100.0,14,143682.0050251545,103791.36311841622,0.8631801261201643,-0.3843348878772003,policy_rebalance
2026-09-08,2026-09-08T10:30:00-04:00,2026-09-08T10:30:00-04:00,NVDA,-34,sell,227.9600067138672,227.84602671051027,3.875320114135742,0.0,3.875320114135742,7750.640228271484,-318,151428.76993331185,103787.48779830209,0.9378903391917559,-0.45902722135056007,policy_rebalance
2026-09-08,2026-09-08T10:35:00-04:00,2026-09-08T10:35:00-04:00,SNDK,-7,sell,1775.2099609375,1774.3223559570313,6.21323486328125,0.0,6.21323486328125,12426.4697265625,7,163849.02642501108,103860.53576338998,0.8168784176891568,-0.5775869556294602,policy_rebalance
2026-09-08,2026-09-08T10:35:00-04:00,2026-09-08T10:35:00-04:00,TSLA,9,buy,364.4703063964844,364.6525415496826,1.6401163787841797,0.0,1.6401163787841797,3280.2327575683594,9,160567.15355106394,103858.8956470112,0.8484748689396484,-0.5460125254632886,policy_rebalance
2026-09-08,2026-09-08T10:35:00-04:00,2026-09-08T10:35:00-04:00,NVDA,-1,sell,227.72000122070312,227.60614122009278,0.11386000061035156,0.0,0.11386000061035156,227.72000122070312,-319,160794.75969228402,103858.78178701058,0.8506683917660283,-0.5482057167013132,policy_rebalance
2026-09-08,2026-09-08T10:40:00-04:00,2026-09-08T10:40:00-04:00,TSLA,-9,sell,364.5249938964844,364.34273139953615,1.6403624725341797,0.0,1.6403624725341797,3280.7249450683594,0,164073.84427487984,103991.77312314644,0.8163823906759498,-0.5777579259138563,policy_rebalance
2026-09-08,2026-09-08T10:40:00-04:00,2026-09-08T10:40:00-04:00,SNDK,7,buy,1772.4986572265625,1773.3849065551756,6.203745300292969,0.0,6.203745300292969,12407.490600585938,14,151660.1499289936,103985.56937784614,0.935750446294346,-0.45847304425400787,policy_rebalance
2026-09-08,2026-09-08T10:40:00-04:00,2026-09-08T10:40:00-04:00,NVDA,-1,sell,227.24000549316406,227.1263854904175,0.11362000274658203,0.0,0.11362000274658203,227.24000549316406,-320,151887.276314484,103985.45575784339,0.9379367744092209,-0.4606588508703776,policy_rebalance
2026-09-08,2026-09-08T10:45:00-04:00,2026-09-08T10:45:00-04:00,SNDK,-10,sell,1784.43994140625,1783.547721435547,8.92219970703125,0.0,8.92219970703125,17844.3994140625,4,169722.75352883947,104079.71251321447,0.7678591592643778,-0.6306996765319719,policy_rebalance
2026-09-08,2026-09-08T10:50:00-04:00,2026-09-08T10:50:00-04:00,SNDK,7,buy,1779.4200439453125,1780.3097539672851,6.227970153808593,0.0,6.227970153808593,12455.940307617188,11,157260.58525106846,104136.6080782169,0.8860593776046903,-0.5101373873532562,policy_rebalance
2026-09-08,2026-09-08T10:50:00-04:00,2026-09-08T10:50:00-04:00,TSLA,-15,sell,363.82000732421875,363.63809732055665,2.7286500549316406,0.0,2.7286500549316406,5457.300109863281,-15,162715.15671087682,104133.87942816198,0.9384891716910531,-0.5625573310473644,policy_rebalance
2026-09-08,2026-09-08T10:55:00-04:00,2026-09-08T10:55:00-04:00,TSLA,15,buy,364.3699951171875,364.5521801147461,2.7327749633789065,0.0,2.7327749633789065,5465.5499267578125,0,157246.87400915564,104180.94053747595,0.8857787549033492,-0.5093631637217828,policy_rebalance
2026-09-08,2026-09-08T10:55:00-04:00,2026-09-08T10:55:00-04:00,TSLA,17,buy,364.3699951171875,364.5521801147461,3.0971449584960937,0.0,3.0971449584960937,6194.2899169921875,17,151049.48694720495,104177.84339251745,0.94526389205337,-0.4499195033063436,policy_rebalance
2026-09-08,2026-09-08T10:55:00-04:00,2026-09-08T10:55:00-04:00,NVDA,-1,sell,227.10499572753906,226.9914432296753,0.11355249786376953,0.0,0.11355249786376953,227.10499572753906,-321,151276.4783904346,104177.72984001957,0.9474448988112688,-0.45209997014469583,policy_rebalance
2026-09-08,2026-09-08T11:00:00-04:00,2026-09-08T11:00:00-04:00,TSLA,-17,sell,365.1099853515625,364.92743035888674,3.1034348754882815,0.0,3.1034348754882815,6206.8697509765625,0,157480.24470653568,104169.71815624271,0.8876091201825252,-0.5117660630542674,policy_rebalance
2026-09-08,2026-09-08T11:00:00-04:00,2026-09-08T11:00:00-04:00,SNDK,3,buy,1779.612060546875,1780.5018665771483,2.6694180908203125,0.0,2.6694180908203125,5338.836181640625,14,152138.73910680425,104167.0487381519,0.9388845056924859,-0.4605265383801008,policy_rebalance
2026-09-08,2026-09-08T11:05:00-04:00,2026-09-08T11:05:00-04:00,SNDK,-5,sell,1775.2099609375,1774.3223559570313,4.43802490234375,0.0,4.43802490234375,8876.0498046875,9,161010.3508865894,104104.18955541265,0.8535673829030034,-0.5466270048707954,policy_rebalance
2026-09-08,2026-09-08T11:05:00-04:00,2026-09-08T11:05:00-04:00,NVDA,1,buy,227.0500030517578,227.16352805328367,0.11352500152587891,0.0,0.11352500152587891,227.0500030517578,-320,160783.18735853612,104104.07603041112,0.8513873231928821,-0.5444466104436465,policy_rebalance
2026-09-08,2026-09-08T11:10:00-04:00,2026-09-08T11:10:00-04:00,TSLA,-9,sell,364.8756103515625,364.69317254638673,1.6419402465820312,0.0,1.6419402465820312,3283.8804931640625,-9,164065.4259114536,104052.98511555517,0.8839354379841806,-0.5767488624113198,policy_rebalance
2026-09-08,2026-09-08T11:15:00-04:00,2026-09-08T11:15:00-04:00,SNDK,-1,sell,1780.9599609375,1780.0694809570314,0.89047998046875,0.0,0.89047998046875,1780.9599609375,8,165845.49539241064,104045.9478765415,0.8678368426035291,-0.5939640012622024,policy_rebalance
2026-09-08,2026-09-08T11:15:00-04:00,2026-09-08T11:15:00-04:00,TSLA,1,buy,364.7250061035156,364.9073686065674,0.1823625030517578,0.0,0.1823625030517578,364.7250061035156,-8,165480.58802380407,104045.76551403844,0.8643329350355131,-0.5904596136733358,policy_rebalance
2026-09-08,2026-09-08T11:20:00-04:00,2026-09-08T11:20:00-04:00,SNDK,-8,sell,1799.0,1798.1005,7.196,0.0,7.196,14392.0,0,179865.39202380407,104269.30999255407,0.7250079820864678,-0.7250079820864678,policy_rebalance
2026-09-08,2026-09-08T11:20:00-04:00,2026-09-08T11:20:00-04:00,TSLA,1,buy,365.510009765625,365.6927647705078,0.1827550048828125,0.0,0.1827550048828125,365.510009765625,-7,179499.69925903357,104269.1272375492,0.72150380476564,-0.72150380476564,policy_rebalance
2026-09-08,2026-09-08T11:20:00-04:00,2026-09-08T11:20:00-04:00,SNDK,-12,sell,1799.0,1798.1005,10.794,0.0,10.794,21588.0,-12,201076.90525903358,104258.3332375492,0.9286410881026308,-0.9286410881026308,policy_rebalance
2026-09-08,2026-09-08T11:20:00-04:00,2026-09-08T11:20:00-04:00,NVDA,-1,sell,227.10000610351562,226.98645610046387,0.11355000305175782,0.0,0.11355000305175782,227.10000610351562,-321,201303.89171513403,104258.21968754614,0.9308203450857525,-0.9308203450857525,policy_rebalance
2026-09-08,2026-09-08T11:25:00-04:00,2026-09-08T11:25:00-04:00,SNDK,9,buy,1790.6142578125,1791.509564941406,8.05776416015625,0.0,8.05776416015625,16115.5283203125,-3,185180.30563066137,104372.0867128147,0.7742320908098231,-0.7742320908098231,policy_rebalance
2026-09-08,2026-09-08T11:25:00-04:00,2026-09-08T11:25:00-04:00,TSLA,-47,sell,366.6499938964844,366.46666889953616,8.616274856567383,0.0,8.616274856567383,17232.549713134766,-54,202404.23906893958,104363.47043795814,0.939416523995957,-0.939416523995957,policy_rebalance
2026-09-08,2026-09-08T11:30:00-04:00,2026-09-08T11:30:00-04:00,SNDK,3,buy,1783.2115478515625,1784.1031536254882,2.674817321777344,0.0,2.674817321777344,5349.6346435546875,0,197051.92960806313,104363.86648245278,0.8881240821141334,-0.8881240821141334,policy_rebalance
2026-09-08,2026-09-08T11:30:00-04:00,2026-09-08T11:30:00-04:00,NVDA,193,buy,226.87159729003906,226.98503308868408,21.893109138488768,0.0,21.893109138488768,43786.21827697754,-128,153243.81822194712,104341.97337331431,0.46866896674142805,-0.46866896674142805,policy_rebalance
2026-09-08,2026-09-08T11:30:00-04:00,2026-09-08T11:30:00-04:00,TSLA,-136,sell,367.82000732421875,367.63609732055664,25.011760498046876,0.0,25.011760498046876,50023.52099609375,-190,203242.32745754282,104316.96161281626,0.9483152530064939,-0.9483152530064939,policy_rebalance
2026-09-08,2026-09-08T11:40:00-04:00,2026-09-08T11:40:00-04:00,NVDA,-4,sell,226.6649932861328,226.55166078948974,0.45332998657226564,0.0,0.45332998657226564,906.6599731445312,-132,204148.53410070078,104772.35545079844,0.9484961774727861,-0.9484961774727861,policy_rebalance
2026-09-08,2026-09-08T11:45:00-04:00,2026-09-08T11:45:00-04:00,TSLA,190,buy,366.1300048828125,366.31306988525387,34.78235046386719,0.0,34.78235046386719,69564.70092773438,0,134549.05082250253,104595.61106420174,0.28637377279544823,-0.28637377279544823,policy_rebalance
2026-09-08,2026-09-08T11:45:00-04:00,2026-09-08T11:45:00-04:00,SNDK,-9,sell,1800.8175048828125,1799.9170961303712,8.103678771972657,0.0,8.103678771972657,16207.357543945312,-9,150748.30468767587,104587.50738542978,0.4413605262828629,-0.4413605262828629,policy_rebalance
2026-09-08,2026-09-08T11:45:00-04:00,2026-09-08T11:45:00-04:00,TSLA,7,buy,366.1300048828125,366.31306988525387,1.2814550170898438,0.0,1.2814550170898438,2562.9100341796875,7,148184.11319847908,104586.22593041268,0.46587116900885694,-0.41686069920024293,policy_rebalance
2026-09-08,2026-09-08T11:45:00-04:00,2026-09-08T11:45:00-04:00,NVDA,-93,sell,226.9199981689453,226.80653816986086,10.551779914855958,0.0,10.551779914855958,21103.559829711914,-225,169277.12124827615,104575.67415049783,0.6677199810889796,-0.6187045660797236,policy_rebalance
2026-09-08,2026-09-08T11:50:00-04:00,2026-09-08T11:50:00-04:00,TSLA,-1,sell,366.139892578125,365.95682263183596,0.1830699462890625,0.0,0.1830699462890625,366.139892578125,6,169643.07807090797,104618.4671242527,0.663537629309235,-0.6215404673194761,policy_rebalance
2026-09-08,2026-09-08T11:50:00-04:00,2026-09-08T11:50:00-04:00,SNDK,-1,sell,1803.050048828125,1802.148523803711,0.9015250244140625,0.0,0.9015250244140625,1803.050048828125,-10,171445.22659471168,104617.56559922828,0.6807780251669923,-0.638780501273453,policy_rebalance
2026-09-08,2026-09-08T11:55:00-04:00,2026-09-08T11:55:00-04:00,TSLA,-6,sell,367.20001220703125,367.01641220092773,1.1016000366210938,0.0,1.1016000366210938,2203.2000732421875,0,173647.32506791726,104666.44906083719,0.659054325679713,-0.659054325679713,policy_rebalance
2026-09-08,2026-09-08T11:55:00-04:00,2026-09-08T11:55:00-04:00,TSLA,-82,sell,367.20001220703125,367.01641220092773,15.055200500488281,0.0,15.055200500488281,30110.401000976562,-82,203742.67086839332,104651.39386033668,0.9468701118333852,-0.9468701118333852,policy_rebalance
2026-09-08,2026-09-08T12:00:00-04:00,2026-09-08T12:00:00-04:00,TSLA,-1,sell,367.7799987792969,367.59610877990724,0.18388999938964845,0.0,0.18388999938964845,367.7799987792969,-83,204110.26697717322,104683.17553125037,0.9497905555629763,-0.9497905555629763,policy_rebalance
2026-09-08,2026-09-08T12:05:00-04:00,2026-09-08T12:05:00-04:00,SNDK,1,buy,1799.699951171875,1800.5998011474608,0.8998499755859375,0.0,0.8998499755859375,1799.699951171875,-9,202309.66717602574,104706.33425976598,0.9321626395029323,-0.9321626395029323,policy_rebalance
2026-09-08,2026-09-08T12:10:00-04:00,2026-09-08T12:10:00-04:00,NVDA,-9,sell,225.91949462890625,225.8065348815918,1.016637725830078,0.0,1.016637725830078,2033.2754516601562,-234,204341.92598996006,104819.75957760654,0.9494599759949764,-0.9494599759949764,policy_rebalance
2026-09-08,2026-09-08T12:15:00-04:00,2026-09-08T12:15:00-04:00,SNDK,1,buy,1798.6600341796875,1799.5593641967773,0.8993300170898437,0.0,0.8993300170898437,1798.6600341796875,-8,202542.36662576327,104744.23121926913,0.933685170706593,-0.933685170706593,policy_rebalance
2026-09-08,2026-09-08T12:20:00-04:00,2026-09-08T12:20:00-04:00,SNDK,6,buy,1796.3299560546875,1797.2281210327149,5.388989868164063,0.0,5.388989868164063,10777.979736328125,-2,191758.99789956698,104805.57813027987,0.8296640438469657,-0.8296640438469657,policy_rebalance
2026-09-08,2026-09-08T12:20:00-04:00,2026-09-08T12:20:00-04:00,TSLA,1,buy,367.5,367.68375,0.18375,0.0,0.18375,367.5,-82,191391.31414956698,104805.39438027987,0.8261589995560292,-0.8261589995560292,policy_rebalance
2026-09-08,2026-09-08T12:20:00-04:00,2026-09-08T12:20:00-04:00,NVDA,1,buy,225.88999938964844,226.00294438934324,0.11294499969482422,0.0,0.11294499969482422,225.88999938964844,-233,191165.31120517766,104805.2814352802,0.824004559571999,-0.824004559571999,policy_rebalance
2026-09-08,2026-09-08T12:25:00-04:00,2026-09-08T12:25:00-04:00,SNDK,-3,sell,1798.4449462890625,1797.545723815918,2.6976674194335937,0.0,2.6976674194335937,5395.3348388671875,-5,196557.9483766254,104721.49406143985,0.8769589771256063,-0.8769589771256063,policy_rebalance
2026-09-08,2026-09-08T12:25:00-04:00,2026-09-08T12:25:00-04:00,TSLA,-6,sell,368.2099914550781,368.0258864593506,1.1046299743652344,0.0,1.1046299743652344,2209.2599487304688,-88,198766.1036953815,104720.38943146548,0.8980649783150823,-0.8980649783150823,policy_rebalance
2026-09-08,2026-09-08T12:30:00-04:00,2026-09-08T12:30:00-04:00,SNDK,1,buy,1795.6500244140625,1796.5478494262695,0.8978250122070313,0.0,0.8978250122070313,1795.6500244140625,-4,196969.5558459552,104805.12596009095,0.8793885703735504,-0.8793885703735504,policy_rebalance
2026-09-08,2026-09-08T12:30:00-04:00,2026-09-08T12:30:00-04:00,NVDA,1,buy,225.6699981689453,225.78283316802978,0.11283499908447266,0.0,0.11283499908447266,225.6699981689453,-232,196743.7730127872,104805.01312509188,0.8772362804626548,-0.8772362804626548,policy_rebalance
2026-09-08,2026-09-08T12:30:00-04:00,2026-09-08T12:30:00-04:00,TSLA,-11,sell,368.19000244140625,368.0059074401856,2.0250450134277345,0.0,2.0250450134277345,4050.0900268554688,-99,200791.83799462923,104802.98808007844,0.915898026125048,-0.915898026125048,policy_rebalance
2026-09-08,2026-09-08T12:35:00-04:00,2026-09-08T12:35:00-04:00,SNDK,1,buy,1795.4461669921875,1796.3438900756835,0.8977230834960938,0.0,0.8977230834960938,1795.4461669921875,-3,198995.49410455354,104780.81786553987,0.8991595805246986,-0.8991595805246986,policy_rebalance
2026-09-08,2026-09-08T12:35:00-04:00,2026-09-08T12:35:00-04:00,TSLA,1,buy,368.4599914550781,368.6442214508056,0.18422999572753906,0.0,0.18422999572753906,368.4599914550781,-98,198626.84988310272,104780.63363554413,0.8956446720295809,-0.8956446720295809,policy_rebalance
2026-09-08,2026-09-08T12:35:00-04:00,2026-09-08T12:35:00-04:00,NVDA,1,buy,225.64999389648438,225.7628188934326,0.11282499694824219,0.0,0.11282499694824219,225.64999389648438,-231,198401.08706420928,104780.52081054717,0.8934920873597939,-0.8934920873597939,policy_rebalance
2026-09-08,2026-09-08T12:40:00-04:00,2026-09-08T12:40:00-04:00,NVDA,139,buy,226.03030395507812,226.14331910705565,15.70910612487793,0.0,15.70910612487793,31418.21224975586,-92,166967.16570832854,104655.17907502776,0.5954027997852743,-0.5954027997852743,policy_rebalance
2026-09-08,2026-09-08T12:40:00-04:00,2026-09-08T12:40:00-04:00,TSLA,-100,sell,368.8299865722656,368.6455715789795,18.441499328613283,0.0,18.441499328613283,36882.99865722656,-198,203831.72286622648,104636.73757569914,0.9479938651447827,-0.9479938651447827,policy_rebalance
2026-09-08,2026-09-08T12:45:00-04:00,2026-09-08T12:45:00-04:00,SNDK,2,buy,1787.9000244140625,1788.7939744262694,1.7879000244140626,0.0,1.7879000244140626,3575.800048828125,-1,200254.13491737394,104591.31668006926,0.914634419699719,-0.914634419699719,policy_rebalance
2026-09-08,2026-09-08T12:50:00-04:00,2026-09-08T12:50:00-04:00,SNDK,1,buy,1782.949951171875,1783.8414261474609,0.8914749755859375,0.0,0.8914749755859375,1782.949951171875,0,198470.29349122648,104605.47641358976,0.8973222081271677,-0.8973222081271677,policy_rebalance
2026-09-08,2026-09-08T12:55:00-04:00,2026-09-08T12:55:00-04:00,NVDA,15,buy,226.0,226.113,1.695,0.0,1.695,3390.0,-77,195078.59849122647,104602.7189746249,0.8649476839942344,-0.8649476839942344,policy_rebalance
2026-09-08,2026-09-08T12:55:00-04:00,2026-09-08T12:55:00-04:00,SNDK,4,buy,1781.7650146484375,1782.6558971557615,3.563530029296875,0.0,3.563530029296875,7127.06005859375,4,187947.97490260343,104599.15544459561,0.9331140309913298,-0.7968402718333253,policy_rebalance
2026-09-08,2026-09-08T13:00:00-04:00,2026-09-08T13:00:00-04:00,TSLA,33,buy,368.2300109863281,368.41412599182127,6.075795181274414,0.0,6.075795181274414,12151.590362548828,-165,175790.30874487333,104765.40673681669,0.813784857740363,-0.6779423114967686,policy_rebalance
2026-09-08,2026-09-08T13:00:00-04:00,2026-09-08T13:00:00-04:00,NVDA,77,buy,225.75,225.86287499999997,8.691375,0.0,8.691375,17382.75,0,158398.86736987333,104756.71536181669,0.6479179056254688,-0.5120640889014447,policy_rebalance
2026-09-08,2026-09-08T13:00:00-04:00,2026-09-08T13:00:00-04:00,NVDA,139,buy,225.75,225.86287499999997,15.689625,0.0,15.689625,31379.25,139,127003.92774487333,104741.0257368167,0.9476038726871471,-0.21255188071192607,policy_rebalance
2026-09-08,2026-09-08T13:05:00-04:00,2026-09-08T13:05:00-04:00,SNDK,-4,sell,1782.030029296875,1781.1390142822268,3.56406005859375,0.0,3.56406005859375,7128.1201171875,0,134128.48380200224,104730.39189831572,0.881366930791344,-0.2807025866209836,policy_rebalance
2026-09-08,2026-09-08T13:05:00-04:00,2026-09-08T13:05:00-04:00,TSLA,21,buy,368.79998779296875,368.9843877868652,3.872399871826172,0.0,3.872399871826172,7744.799743652344,-144,126379.81165847808,104726.5194984439,0.8074469077108716,-0.20676035319168531,policy_rebalance
2026-09-08,2026-09-08T13:05:00-04:00,2026-09-08T13:05:00-04:00,SNDK,-8,sell,1782.030029296875,1781.1390142822268,7.1281201171875,0.0,7.1281201171875,14256.240234375,-8,140628.9237727359,104719.39137832672,0.9436394086909063,-0.34291196617708003,policy_rebalance
2026-09-08,2026-09-08T13:10:00-04:00,2026-09-08T13:10:00-04:00,NVDA,-1,sell,225.97000122070312,225.8570162200928,0.11298500061035156,0.0,0.11298500061035156,225.97000122070312,138,140854.780788956,104672.22152381929,0.9415132130316409,-0.34567489576881666,policy_rebalance
2026-09-08,2026-09-08T13:10:00-04:00,2026-09-08T13:10:00-04:00,SNDK,1,buy,1783.6622314453125,1784.5540625610352,0.8918311157226563,0.0,0.8918311157226563,1783.6622314453125,-7,139070.22672639496,104671.32969270356,0.9244806352866165,-0.32863724130266103,policy_rebalance
2026-09-08,2026-09-08T13:15:00-04:00,2026-09-08T13:15:00-04:00,NVDA,-138,sell,226.0767059326172,225.9636675796509,15.599292709350586,0.0,15.599292709350586,31198.585418701172,0,170253.2128523868,104712.59700766022,0.6259095631056878,-0.6259095631056878,policy_rebalance
2026-09-08,2026-09-08T13:15:00-04:00,2026-09-08T13:15:00-04:00,NVDA,-1,sell,226.0767059326172,225.9636675796509,0.1130383529663086,0.0,0.1130383529663086,226.0767059326172,-1,170479.17651996645,104712.48396930727,0.6280692622088532,-0.6280692622088532,policy_rebalance
2026-09-08,2026-09-08T13:20:00-04:00,2026-09-08T13:20:00-04:00,TSLA,-55,sell,367.78009033203125,367.59620028686527,10.11395248413086,0.0,10.11395248413086,20227.90496826172,-199,190696.96753574404,104811.16953159365,0.8194336384946214,-0.8194336384946214,policy_rebalance
2026-09-08,2026-09-08T13:25:00-04:00,2026-09-08T13:25:00-04:00,NVDA,1,buy,225.7550048828125,225.8678823852539,0.11287750244140625,0.0,0.11287750244140625,225.7550048828125,0,190471.09965335877,104867.30680667909,0.816305819739308,-0.816305819739308,policy_rebalance
2026-09-08,2026-09-08T13:30:00-04:00,2026-09-08T13:30:00-04:00,SNDK,1,buy,1782.0699462890625,1782.960981262207,0.8910349731445313,0.0,0.8910349731445313,1782.0699462890625,-6,188688.13867209657,104858.2452089618,0.7994592442022878,-0.7994592442022878,policy_rebalance
2026-09-08,2026-09-08T13:30:00-04:00,2026-09-08T13:30:00-04:00,TSLA,1,buy,367.5249938964844,367.7087563934326,0.18376249694824218,0.0,0.18376249694824218,367.5249938964844,-198,188320.42991570313,104858.06144646485,0.7959556691962104,-0.7959556691962104,policy_rebalance
2026-09-08,2026-09-08T13:35:00-04:00,2026-09-08T13:35:00-04:00,SNDK,-3,sell,1784.9549560546875,1784.0624785766602,2.6774324340820312,0.0,2.6774324340820312,5354.8648681640625,-9,193672.61735143312,104784.61008824952,0.8482925802588966,-0.8482925802588966,policy_rebalance
2026-09-08,2026-09-08T13:40:00-04:00,2026-09-08T13:40:00-04:00,SNDK,1,buy,1783.498046875,1784.3897958984373,0.8917490234375,0.0,0.8917490234375,1783.498046875,-8,191888.2275555347,104900.78535582765,0.8292353761188932,-0.8292353761188932,policy_rebalance
2026-09-08,2026-09-08T13:40:00-04:00,2026-09-08T13:40:00-04:00,TSLA,1,buy,367.2699890136719,367.4536240081787,0.18363499450683593,0.0,0.18363499450683593,367.2699890136719,-197,191520.77393152652,104900.60172083316,0.8257357039877748,-0.8257357039877748,policy_rebalance
2026-09-08,2026-09-08T13:45:00-04:00,2026-09-08T13:45:00-04:00,TSLA,-3,sell,366.55999755859375,366.3767175598145,0.5498399963378906,0.0,0.5498399963378906,1099.6799926757812,-200,192619.90408420598,105023.90457248723,0.8340577306498848,-0.8340577306498848,policy_rebalance
2026-09-08,2026-09-08T13:50:00-04:00,2026-09-08T13:50:00-04:00,SNDK,-3,sell,1787.06005859375,1786.1665285644533,2.680590087890625,0.0,2.680590087890625,5361.18017578125,-11,197978.40366989933,105000.72349411808,0.8854956145229768,-0.8854956145229768,policy_rebalance
2026-09-08,2026-09-08T13:55:00-04:00,2026-09-08T13:55:00-04:00,TSLA,10,buy,366.4549865722656,366.6382140655517,1.8322749328613281,0.0,1.8322749328613281,3664.5498657226562,-190,194312.02152924382,104980.50413422429,0.850934353304338,-0.850934353304338,policy_rebalance
2026-09-08,2026-09-08T13:55:00-04:00,2026-09-08T13:55:00-04:00,SNDK,-5,sell,1791.3699951171875,1790.474310119629,4.478424987792969,0.0,4.478424987792969,8956.849975585938,-16,203264.39307984198,104976.0257092365,0.9362934699285095,-0.9362934699285095,policy_rebalance
2026-09-08,2026-09-08T14:00:00-04:00,2026-09-08T14:00:00-04:00,SNDK,2,buy,1788.93994140625,1789.834411376953,1.78893994140625,0.0,1.78893994140625,3577.8798828125,-14,199684.72425708806,105138.09504566228,0.8992613873245797,-0.8992613873245797,policy_rebalance
2026-09-08,2026-09-08T14:05:00-04:00,2026-09-08T14:05:00-04:00,TSLA,19,buy,366.18499755859375,366.368090057373,3.4787574768066407,0.0,3.4787574768066407,6957.514953613281,-171,192723.73054599797,105025.37623691594,0.8350206155058406,-0.8350206155058406,policy_rebalance
2026-09-08,2026-09-08T14:05:00-04:00,2026-09-08T14:05:00-04:00,NVDA,-5,sell,225.88999938964844,225.77705438995363,0.564724998474121,0.0,0.564724998474121,1129.4499969482422,-5,193852.61581794775,105024.81151191748,0.8457792309006021,-0.8457792309006021,policy_rebalance
2026-09-08,2026-09-08T14:10:00-04:00,2026-09-08T14:10:00-04:00,TSLA,18,buy,365.9700012207031,366.1529862213135,3.2937300109863283,0.0,3.2937300109863283,6587.460021972656,-153,187261.86206596412,105017.36322563209,0.7831514362403857,-0.7831514362403857,policy_rebalance
2026-09-08,2026-09-08T14:10:00-04:00,2026-09-08T14:10:00-04:00,SNDK,-9,sell,1794.3759765625,1793.478788574219,8.07469189453125,0.0,8.07469189453125,16149.3837890625,-23,203403.1711631321,105009.28853373756,0.9370017072135707,-0.9370017072135707,policy_rebalance
2026-09-08,2026-09-08T14:15:00-04:00,2026-09-08T14:15:00-04:00,TSLA,25,buy,365.9100036621094,366.0929586639404,4.573875045776367,0.0,4.573875045776367,9147.750091552734,-128,194250.84719653358,104960.81785388221,0.8506986813589198,-0.8506986813589198,policy_rebalance
2026-09-08,2026-09-08T14:20:00-04:00,2026-09-08T14:20:00-04:00,TSLA,1,buy,366.30999755859375,366.49315255737304,0.18315499877929686,0.0,0.18315499877929686,366.30999755859375,-127,193884.3540439762,104903.62800027503,0.8482140011732281,-0.8482140011732281,policy_rebalance
2026-09-08,2026-09-08T14:25:00-04:00,2026-09-08T14:25:00-04:00,NVDA,1,buy,225.90499877929688,226.01795127868652,0.11295249938964844,0.0,0.11295249938964844,225.90499877929688,-4,193658.33609269751,104971.20547746314,0.8448710311731641,-0.8448710311731641,policy_rebalance
2026-09-08,2026-09-08T14:30:00-04:00,2026-09-08T14:30:00-04:00,SNDK,1,buy,1795.68994140625,1796.587786376953,0.897844970703125,0.0,0.897844970703125,1795.68994140625,-22,191861.74830632057,105023.59129338112,0.8268442922539084,-0.8268442922539084,policy_rebalance
2026-09-08,2026-09-08T14:30:00-04:00,2026-09-08T14:30:00-04:00,TSLA,1,buy,365.5799865722656,365.76277656555175,0.18278999328613282,0.0,0.18278999328613282,365.5799865722656,-126,191495.985529755,105023.40850338782,0.8233647932268146,-0.8233647932268146,policy_rebalance
2026-09-08,2026-09-08T14:35:00-04:00,2026-09-08T14:35:00-04:00,SNDK,1,buy,1798.9949951171875,1799.894492614746,0.8994974975585938,0.0,0.8994974975585938,1798.9949951171875,-21,189696.09103714026,104979.77658401526,0.8069774694683846,-0.8069774694683846,policy_rebalance
2026-09-08,2026-09-08T14:35:00-04:00,2026-09-08T14:35:00-04:00,TSLA,43,buy,365.3399963378906,365.52266633605956,7.854809921264648,0.0,7.854809921264648,15709.619842529297,-83,173978.6163846897,104971.921774094,0.6573824070697909,-0.6573824070697909,policy_rebalance
2026-09-08,2026-09-08T14:35:00-04:00,2026-09-08T14:35:00-04:00,NVDA,1,buy,226.14500427246094,226.25807677459716,0.11307250213623046,0.0,0.11307250213623046,226.14500427246094,-3,173752.3583079151,104971.80870159186,0.6552287748213317,-0.6552287748213317,policy_rebalance
2026-09-08,2026-09-08T14:40:00-04:00,2026-09-08T14:40:00-04:00,NVDA,3,buy,226.09010314941406,226.20314820098875,0.3391351547241211,0.0,0.3391351547241211,678.2703094482422,0,173073.74886331212,104915.04488381994,0.6496561485053862,-0.6496561485053862,policy_rebalance
2026-09-08,2026-09-08T14:40:00-04:00,2026-09-08T14:40:00-04:00,SNDK,-5,sell,1799.594970703125,1798.6951732177736,4.498987426757813,0.0,4.498987426757813,8997.974853515625,-26,182067.224729401,104910.54589639319,0.7354520765644061,-0.7354520765644061,policy_rebalance
2026-09-08,2026-09-08T14:40:00-04:00,2026-09-08T14:40:00-04:00,NVDA,27,buy,226.09010314941406,226.20314820098875,3.05221639251709,0.0,3.05221639251709,6104.43278503418,27,175959.73972797432,104907.49368000068,0.7936621941613947,-0.6772847539824399,policy_rebalance
2026-09-08,2026-09-08T14:45:00-04:00,2026-09-08T14:45:00-04:00,SNDK,-8,sell,1799.6180419921875,1798.7182329711916,7.19847216796875,0.0,7.19847216796875,14396.9443359375,-34,190349.48559174384,104853.82792267646,0.9318756377688019,-0.8153794607490669,policy_rebalance
2026-09-08,2026-09-08T14:50:00-04:00,2026-09-08T14:50:00-04:00,SNDK,23,buy,1793.0400390625,1793.9365590820312,20.61996044921875,0.0,20.61996044921875,41239.9208984375,-11,149088.9447328571,105082.3133394245,0.5347041733923185,-0.4187824762792154,policy_rebalance
2026-09-08,2026-09-08T14:50:00-04:00,2026-09-08T14:50:00-04:00,TSLA,-117,sell,365.95001220703125,365.76703720092775,21.408075714111327,0.0,21.408075714111327,42816.151428222656,-200,191883.68808536566,105060.90526371039,0.9423496082774544,-0.8264042900042017,policy_rebalance
2026-09-08,2026-09-08T14:55:00-04:00,2026-09-08T14:55:00-04:00,TSLA,140,buy,367.0199890136719,367.2034990081787,25.691399230957032,0.0,25.691399230957032,51382.79846191406,-60,140475.19822422066,104855.5992557148,0.4560385804700825,-0.339701448671703,policy_rebalance
2026-09-08,2026-09-08T14:55:00-04:00,2026-09-08T14:55:00-04:00,SNDK,-12,sell,1790.699951171875,1789.8046011962892,10.74419970703125,0.0,10.74419970703125,21488.3994140625,-23,161952.85343857613,104844.85505600777,0.6610395714310937,-0.5446905177374842,policy_rebalance
2026-09-08,2026-09-08T14:55:00-04:00,2026-09-08T14:55:00-04:00,NVDA,125,buy,225.89999389648438,226.0129438934326,14.118749618530273,0.0,14.118749618530273,28237.499237060547,152,133701.23545189705,104830.73630638924,0.93049138761123,-0.27540109096561033,policy_rebalance
2026-09-08,2026-09-08T15:00:00-04:00,2026-09-08T15:00:00-04:00,SNDK,1,buy,1792.199951171875,1793.096051147461,0.8960999755859375,0.0,0.8960999755859375,1792.199951171875,-22,131908.13940074958,104761.29943492927,0.9140165142637767,-0.25913042423344623,policy_rebalance
2026-09-08,2026-09-08T15:00:00-04:00,2026-09-08T15:00:00-04:00,TSLA,1,buy,367.0299987792969,367.2135137786865,0.18351499938964844,0.0,0.18351499938964844,367.0299987792969,-59,131540.9258869709,104761.11591992987,0.9105146208387427,-0.2556273836134882,policy_rebalance
2026-09-08,2026-09-08T15:05:00-04:00,2026-09-08T15:05:00-04:00,SNDK,1,buy,1789.4300537109375,1790.324768737793,0.8947150268554688,0.0,0.8947150268554688,1789.4300537109375,-21,129750.6011182331,104816.51914801825,0.8921049132916388,-0.2378831330489405,policy_rebalance
2026-09-08,2026-09-08T15:05:00-04:00,2026-09-08T15:05:00-04:00,TSLA,1,buy,366.82501220703125,367.00842471313473,0.18341250610351562,0.0,0.18341250610351562,366.82501220703125,-58,129383.59269351997,104816.33573551216,0.888606781188124,-0.23438385615768417,policy_rebalance
2026-09-08,2026-09-08T15:10:00-04:00,2026-09-08T15:10:00-04:00,NVDA,-25,sell,225.50999450683594,225.39723950958253,2.8188749313354493,0.0,2.8188749313354493,5637.749862670898,127,135018.52368125954,105017.41383323708,0.831106435275168,-0.2856774772197578,policy_rebalance
2026-09-08,2026-09-08T15:10:00-04:00,2026-09-08T15:10:00-04:00,SNDK,9,buy,1778.5,1779.38925,8.00325,0.0,8.00325,16006.5,-12,119004.02043125955,105009.41058323708,0.6787405819811017,-0.1332700542769874,policy_rebalance
2026-09-08,2026-09-08T15:15:00-04:00,2026-09-08T15:15:00-04:00,SNDK,4,buy,1780.5999755859375,1781.4902755737303,3.561199951171875,0.0,3.561199951171875,7122.39990234375,-8,111878.05932896462,104975.34430210915,0.6115120040164911,-0.06575558358722887,policy_rebalance
2026-09-08,2026-09-08T15:15:00-04:00,2026-09-08T15:15:00-04:00,TSLA,28,buy,367.29998779296875,367.4836377868652,5.142199829101562,0.0,5.142199829101562,10284.399658203125,-30,101588.51747093239,104970.20210228005,0.5135674927611654,0.03221566276544496,policy_rebalance
2026-09-08,2026-09-08T15:20:00-04:00,2026-09-08T15:20:00-04:00,NVDA,-1,sell,225.36000061035156,225.2473206100464,0.11268000030517578,0.0,0.11268000030517578,225.36000061035156,126,101813.76479154243,105002.05400663032,0.5104893560971292,0.030364065210444047,policy_rebalance
2026-09-08,2026-09-08T15:20:00-04:00,2026-09-08T15:20:00-04:00,SNDK,6,buy,1775.4588623046875,1776.3465917358396,5.326376586914063,0.0,5.326376586914063,10652.753173828125,-2,91155.68524112739,104996.7276300434,0.40905729858768575,0.13182355966068782,policy_rebalance
2026-09-08,2026-09-08T15:25:00-04:00,2026-09-08T15:25:00-04:00,NVDA,-66,sell,225.49000549316406,225.37726049041748,7.441170181274414,0.0,7.441170181274414,14882.340362548828,60,106030.58443349494,105011.045004784,0.2673846364124027,-0.009708878039109983,policy_rebalance
2026-09-08,2026-09-08T15:30:00-04:00,2026-09-08T15:30:00-04:00,NVDA,-1,sell,225.5500030517578,225.43722805023194,0.11277500152587891,0.0,0.11277500152587891,225.5500030517578,59,106256.02166154516,104971.07187821997,0.2657860841489744,-0.01224098944913036,policy_rebalance
2026-09-08,2026-09-08T15:30:00-04:00,2026-09-08T15:30:00-04:00,SNDK,-5,sell,1772.0,1771.114,4.43,0.0,4.43,8860.0,-7,115111.59166154516,104966.64187821996,0.3502050697790314,-0.09664927449136791,policy_rebalance
2026-09-08,2026-09-08T15:35:00-04:00,2026-09-08T15:35:00-04:00,NVDA,-1,sell,225.8249969482422,225.71208444976807,0.11291249847412109,0.0,0.11291249847412109,225.8249969482422,58,115337.30374599493,105022.31329799688,0.34764698041259506,-0.09821713237957012,policy_rebalance
2026-09-08,2026-09-08T15:35:00-04:00,2026-09-08T15:35:00-04:00,SNDK,1,buy,1767.4200439453125,1768.303753967285,0.8837100219726562,0.0,0.8837100219726562,1767.4200439453125,-6,113568.99999202765,105021.42958797491,0.3308207685455748,-0.08138882166798692,policy_rebalance
2026-09-08,2026-09-08T15:35:00-04:00,2026-09-08T15:35:00-04:00,TSLA,1,buy,368.0299987792969,368.2140137786865,0.18401499938964844,0.0,0.18401499938964844,368.0299987792969,-29,113200.78597824895,105021.24557297552,0.32731700965575966,-0.077884625731179,policy_rebalance
2026-09-08,2026-09-08T15:40:00-04:00,2026-09-08T15:40:00-04:00,SNDK,5,buy,1759.8499755859375,1760.7299005737304,4.399624938964844,0.0,4.399624938964844,8799.249877929688,-1,104397.1364753803,105066.61618119085,0.24295824339264896,0.006371954576475623,policy_rebalance
2026-09-08,2026-09-08T15:40:00-04:00,2026-09-08T15:40:00-04:00,TSLA,1,buy,367.8900146484375,368.0739596557617,0.18394500732421876,0.0,0.18394500732421876,367.8900146484375,-28,104029.06251572454,105066.43223618352,0.23945716968277292,0.009873464801079708,policy_rebalance
2026-09-08,2026-09-08T15:45:00-04:00,2026-09-08T15:45:00-04:00,SNDK,1,buy,1751.469970703125,1752.3457056884765,0.8757349853515625,0.0,0.8757349853515625,1751.469970703125,0,102276.71681003606,105056.91660862004,0.22261342868975295,0.026463748302659264,policy_rebalance
2026-09-08,2026-09-08T15:45:00-04:00,2026-09-08T15:45:00-04:00,TSLA,1,buy,367.9800109863281,368.1640009918213,0.18399000549316405,0.0,0.18399000549316405,367.9800109863281,-27,101908.55280904424,105056.73261861455,0.21911113956301909,0.029966473648091546,policy_rebalance
2026-09-08,2026-09-08T15:45:00-04:00,2026-09-08T15:45:00-04:00,SNDK,13,buy,1751.469970703125,1752.3457056884765,11.384554809570313,0.0,11.384554809570313,22769.109619140625,13,79128.05863509404,105045.34806380498,0.435889935784312,0.2467247708386731,policy_rebalance
2026-09-08,2026-09-08T15:50:00-04:00,2026-09-08T15:50:00-04:00,NVDA,-1,sell,225.4600067138672,225.34727671051027,0.11273000335693359,0.0,0.11273000335693359,225.4600067138672,57,79353.40591180456,104943.48722589147,0.4334729283667443,0.2438463023341707,policy_rebalance
2026-09-08,2026-09-08T15:50:00-04:00,2026-09-08T15:50:00-04:00,SNDK,8,buy,1745.300048828125,1746.172698852539,6.9812001953125,0.0,6.9812001953125,13962.400390625,21,65384.024320984245,104936.50602569616,0.5665574675879893,0.37691822610356934,policy_rebalance
2026-09-08,2026-09-08T15:55:00-04:00,,SNDK,-21,sell,1740.1800537109375,1739.309963684082,18.271890563964845,0.0,18.271890563964845,36543.78112792969,0,101909.53355834997,104791.55595825231,0.21723656578137782,0.02750242969052303,scheduled_1555_liquidation
2026-09-08,2026-09-08T15:55:00-04:00,,NVDA,-57,sell,224.97000122070312,224.85751622009278,6.411645034790039,0.0,6.411645034790039,12823.290069580078,0,114726.41198289525,104785.14431321752,0.09487287281832517,-0.09487287281832517,scheduled_1555_liquidation
2026-09-08,2026-09-08T15:55:00-04:00,,TSLA,27,buy,368.1950988769531,368.37919642639156,4.970633834838867,0.0,4.970633834838867,9941.267669677734,0,104780.17367938269,104780.17367938269,0.0,0.0,scheduled_1555_liquidation
2026-09-09,2026-09-09T09:35:00-04:00,2026-09-09T09:35:00-04:00,SNDK,-2,sell,1735.3564453125,1734.4887670898438,1.7353564453125,0.0,1.7353564453125,3470.712890625,-2,108249.15121356238,104778.43832293738,0.03312430444828662,-0.03312430444828662,policy_rebalance
2026-09-09,2026-09-09T09:35:00-04:00,2026-09-09T09:35:00-04:00,TSLA,109,buy,373.92498779296875,374.11195028686524,20.378911834716796,0.0,20.378911834716796,40757.823669433594,109,67470.94863229406,104758.05941110266,0.4221969823485589,0.3559354859035959,policy_rebalance
2026-09-09,2026-09-09T09:35:00-04:00,2026-09-09T09:35:00-04:00,NVDA,-237,sell,225.06500244140625,224.95246994018555,26.67020278930664,0.0,26.67020278930664,53340.40557861328,-237,120784.68400811804,104731.38920831335,0.9316112664619086,-0.15328064414264841,policy_rebalance
2026-09-09,2026-09-09T09:40:00-04:00,2026-09-09T09:40:00-04:00,TSLA,-109,sell,371.7900085449219,371.60411354064945,20.26255546569824,0.0,20.26255546569824,40525.110931396484,0,161289.53238404883,104285.08148683203,0.5466213391645544,-0.5466213391645544,policy_rebalance
2026-09-09,2026-09-09T09:40:00-04:00,2026-09-09T09:40:00-04:00,SNDK,2,buy,1731.8900146484375,1732.7559596557617,1.7318900146484375,0.0,1.7318900146484375,3463.780029296875,0,157824.02046473732,104283.3495968174,0.5134153349975816,-0.5134153349975816,policy_rebalance
2026-09-09,2026-09-09T09:40:00-04:00,2026-09-09T09:40:00-04:00,TSLA,-120,sell,371.7900085449219,371.60411354064945,22.307400512695313,0.0,22.307400512695313,44614.801025390625,-120,202416.51408961526,104261.04219630471,0.9414395811285056,-0.9414395811285056,policy_rebalance
2026-09-09,2026-09-09T09:45:00-04:00,2026-09-09T09:45:00-04:00,TSLA,120,buy,373.635009765625,373.8218272705078,22.4181005859375,0.0,22.4181005859375,44836.201171875,0,157557.89481715433,104286.22126368753,0.5108217836253695,-0.5108217836253695,policy_rebalance
2026-09-09,2026-09-09T09:45:00-04:00,2026-09-09T09:45:00-04:00,NVDA,1,buy,224.77499389648438,224.8873813934326,0.11238749694824218,0.0,0.11238749694824218,224.77499389648438,-236,157333.0074357609,104286.10887619058,0.5086669656315211,-0.5086669656315211,policy_rebalance
2026-09-09,2026-09-09T09:45:00-04:00,2026-09-09T09:45:00-04:00,TSLA,122,buy,373.635009765625,373.8218272705078,22.791735595703123,0.0,22.791735595703123,45583.47119140625,122,111726.74450875894,104263.31714059488,0.9459738329443085,-0.07158248531552024,policy_rebalance
2026-09-09,2026-09-09T09:50:00-04:00,2026-09-09T09:50:00-04:00,NVDA,24,buy,224.6649932861328,224.77732578277588,2.6959799194335936,0.0,2.6959799194335936,5391.9598388671875,-212,106332.08868997233,104263.32654397623,0.8937868960858336,-0.019841704792754048,policy_rebalance
2026-09-09,2026-09-09T09:50:00-04:00,2026-09-09T09:50:00-04:00,TSLA,15,buy,373.44439697265625,373.63111917114253,2.800832977294922,0.0,2.800832977294922,5601.665954589844,137,100727.62190240518,104260.52571099893,0.9475384886870194,0.03388534428060195,policy_rebalance
2026-09-09,2026-09-09T09:55:00-04:00,2026-09-09T09:55:00-04:00,TSLA,-67,sell,371.389892578125,371.20419763183594,12.441561401367187,0.0,12.441561401367187,24883.122802734375,70,125598.30314373819,103976.15665936319,0.708015508656361,-0.2079529305474468,policy_rebalance
2026-09-09,2026-09-09T09:55:00-04:00,2026-09-09T09:55:00-04:00,NVDA,-111,sell,224.6199951171875,224.50768511962892,12.466409729003907,0.0,12.466409729003907,24932.819458007812,-323,150518.656192017,103963.69024963418,0.9479227859908241,-0.4478002447835063,policy_rebalance
2026-09-09,2026-09-09T10:00:00-04:00,2026-09-09T10:00:00-04:00,TSLA,-1,sell,371.0299987792969,370.84448377990725,0.18551499938964844,0.0,0.18551499938964844,371.0299987792969,69,150889.5006757969,103862.40697157328,0.9457631148741965,-0.45278262920572176,policy_rebalance
2026-09-09,2026-09-09T10:05:00-04:00,2026-09-09T10:05:00-04:00,TSLA,-12,sell,371.20001220703125,371.0144122009278,2.2272000732421877,0.0,2.2272000732421877,4454.400146484375,57,155341.67362220804,104078.63050087015,0.8991264014773627,-0.49254148401683,policy_rebalance
2026-09-09,2026-09-09T10:05:00-04:00,2026-09-09T10:05:00-04:00,SNDK,2,buy,1802.469970703125,1803.3712056884765,1.802469970703125,0.0,1.802469970703125,3604.93994140625,2,151734.93121083107,104076.82803089943,0.9337792695362742,-0.45791271776444226,policy_rebalance
2026-09-09,2026-09-09T10:05:00-04:00,2026-09-09T10:05:00-04:00,NVDA,-1,sell,224.21499633789062,224.1028888397217,0.11210749816894532,0.0,0.11210749816894532,224.21499633789062,-324,151959.0340996708,104076.71592340127,0.9359345996502715,-0.4600675352930056,policy_rebalance
2026-09-09,2026-09-09T10:10:00-04:00,2026-09-09T10:10:00-04:00,TSLA,3,buy,371.9800109863281,372.16600099182125,0.5579700164794922,0.0,0.5579700164794922,1115.9400329589844,60,150842.53609669534,104086.209009293,0.9471340103587594,-0.4492077051555202,policy_rebalance
2026-09-09,2026-09-09T10:15:00-04:00,2026-09-09T10:15:00-04:00,TSLA,-60,sell,371.2099914550781,371.0243864593506,11.136299743652344,0.0,11.136299743652344,22272.599487304688,0,173103.99928425637,104050.35084675637,0.7328866051662595,-0.6636560845354675,policy_rebalance
2026-09-09,2026-09-09T10:15:00-04:00,2026-09-09T10:15:00-04:00,SNDK,12,buy,1800.864990234375,1801.765422729492,10.80518994140625,0.0,10.80518994140625,21610.3798828125,14,151482.81421150247,104039.54565681497,0.9406758522771319,-0.45601187755263706,policy_rebalance
2026-09-09,2026-09-09T10:20:00-04:00,2026-09-09T10:20:00-04:00,SNDK,-1,sell,1789.0,1788.1055000000001,0.8945,0.0,0.8945,1789.0,13,153270.91971150247,104000.51773396341,0.9209992802397251,-0.47375150673359434,policy_rebalance
2026-09-09,2026-09-09T10:20:00-04:00,2026-09-09T10:20:00-04:00,NVDA,-1,sell,223.85000610351562,223.7380811004639,0.11192500305175782,0.0,0.11192500305175782,223.85000610351562,-325,153494.65779260293,104000.40580896035,0.9231526669232555,-0.4759044120900758,policy_rebalance
2026-09-09,2026-09-09T10:25:00-04:00,2026-09-09T10:25:00-04:00,NVDA,1,buy,223.91000366210938,224.0219586639404,0.11195500183105468,0.0,0.11195500183105468,223.91000366210938,-324,153270.63583393898,103777.27926655617,0.9212067080705665,-0.476919003053232,policy_rebalance
2026-09-09,2026-09-09T10:25:00-04:00,2026-09-09T10:25:00-04:00,SNDK,1,buy,1773.344970703125,1774.2316431884765,0.8866724853515625,0.0,0.8866724853515625,1773.344970703125,14,151496.4041907505,103776.39259407081,0.9383027135781414,-0.45983494322586554,policy_rebalance
2026-09-09,2026-09-09T10:30:00-04:00,2026-09-09T10:30:00-04:00,SNDK,-8,sell,1785.0,1784.1075,7.14,0.0,7.14,14280.0,6,165769.2641907505,103619.76419075049,0.8065015458456307,-0.5997842253876478,policy_rebalance
2026-09-09,2026-09-09T10:30:00-04:00,2026-09-09T10:30:00-04:00,NVDA,156,buy,224.875,224.9874375,17.54025,0.0,17.54025,35080.5,-168,130671.2239407505,103602.2239407505,0.4680304935126738,-0.26127817502721373,policy_rebalance
2026-09-09,2026-09-09T10:30:00-04:00,2026-09-09T10:30:00-04:00,TSLA,132,buy,371.2699890136719,371.4556240081787,24.503819274902344,0.0,24.503819274902344,49007.63854980469,132,81639.08157167092,103577.7201214756,0.9412896753805833,0.21180847120476418,policy_rebalance
2026-09-09,2026-09-09T10:35:00-04:00,2026-09-09T10:35:00-04:00,SNDK,-6,sell,1791.20361328125,1790.3080114746094,5.37361083984375,0.0,5.37361083984375,10747.2216796875,0,92380.92964051857,103803.96833680764,0.8380812359579792,0.11004433529193498,policy_rebalance
2026-09-09,2026-09-09T10:35:00-04:00,2026-09-09T10:35:00-04:00,NVDA,1,buy,224.9199981689453,225.03245816802976,0.11245999908447266,0.0,0.11245999908447266,224.9199981689453,-167,92155.89718235054,103803.85587680855,0.8359153650887822,0.11221123335034368,policy_rebalance
2026-09-09,2026-09-09T10:35:00-04:00,2026-09-09T10:35:00-04:00,SNDK,-1,sell,1791.20361328125,1790.3080114746094,0.895601806640625,0.0,0.895601806640625,1791.20361328125,-1,93946.20519382515,103802.96027500191,0.8531783820185985,0.09495639676424995,policy_rebalance
2026-09-09,2026-09-09T10:35:00-04:00,2026-09-09T10:35:00-04:00,TSLA,22,buy,372.79998779296875,372.98638778686524,4.1007998657226565,0.0,4.1007998657226565,8201.599731445312,154,85740.50466251411,103798.85947513618,0.9322264417634667,0.17397450129929165,policy_rebalance
2026-09-09,2026-09-09T10:40:00-04:00,2026-09-09T10:40:00-04:00,SNDK,-1,sell,1790.64501953125,1789.7496970214845,0.895322509765625,0.0,0.895322509765625,1790.64501953125,-2,87530.2543595356,103709.76917581978,0.9479183557766798,0.15600762536511825,policy_rebalance
2026-09-09,2026-09-09T10:45:00-04:00,2026-09-09T10:45:00-04:00,TSLA,-139,sell,371.7550048828125,371.5691273803711,25.836972839355468,0.0,25.836972839355468,51673.94567871094,15,139178.36306540717,103685.02692954292,0.4498816045449453,-0.3423188206334078,policy_rebalance
2026-09-09,2026-09-09T10:45:00-04:00,2026-09-09T10:45:00-04:00,SNDK,-9,sell,1792.4200439453125,1791.52383392334,8.065890197753907,0.0,8.065890197753907,16131.780395507812,-11,155302.07757071723,103676.96103934516,0.6055131829532738,-0.49794203084116695,policy_rebalance
2026-09-09,2026-09-09T10:45:00-04:00,2026-09-09T10:45:00-04:00,NVDA,-156,sell,224.4600067138672,224.34777671051026,17.507880523681642,0.0,17.507880523681642,35015.76104736328,-323,190300.33073755683,103659.45315882147,0.9434115726559517,-0.8358222519849572,policy_rebalance
2026-09-09,2026-09-09T10:50:00-04:00,2026-09-09T10:50:00-04:00,TSLA,-1,sell,373.2699890136719,373.0833540191651,0.18663499450683593,0.0,0.18663499450683593,373.2699890136719,14,190673.41409157598,103642.40110634649,0.9405665213949101,-0.8397240131085713,policy_rebalance
2026-09-09,2026-09-09T10:50:00-04:00,2026-09-09T10:50:00-04:00,SNDK,11,buy,1790.0,1790.895,9.845,0.0,9.845,19690.0,0,170973.56909157598,103632.55610634648,0.7506576658958648,-0.6498055776615695,policy_rebalance
2026-09-09,2026-09-09T10:50:00-04:00,2026-09-09T10:50:00-04:00,NVDA,1,buy,224.6649932861328,224.77732578277588,0.11233249664306641,0.0,0.11233249664306641,224.6649932861328,-322,170748.7917657932,103632.44377384984,0.7484905774643068,-0.6476383799112841,policy_rebalance
2026-09-09,2026-09-09T10:55:00-04:00,2026-09-09T10:55:00-04:00,TSLA,-1,sell,373.239990234375,373.05337023925784,0.1866199951171875,0.0,0.1866199951171875,373.239990234375,13,171121.84513603247,103759.02363334692,0.7427504476247871,-0.6492237411632306,policy_rebalance
2026-09-09,2026-09-09T10:55:00-04:00,2026-09-09T10:55:00-04:00,SNDK,2,buy,1783.5400390625,1784.4318090820311,1.7835400390625,0.0,1.7835400390625,3567.080078125,2,167552.9815178684,103757.24009330786,0.7771423107861274,-0.6148558054087567,policy_rebalance
2026-09-09,2026-09-09T11:00:00-04:00,2026-09-09T11:00:00-04:00,TSLA,-13,sell,371.30999755859375,371.12434255981447,2.413514984130859,0.0,2.413514984130859,4827.029968261719,0,172377.597971146,103679.44751948584,0.7316833967524295,-0.6626014325428269,policy_rebalance
2026-09-09,2026-09-09T11:00:00-04:00,2026-09-09T11:00:00-04:00,SNDK,10,buy,1790.594970703125,1791.4902681884764,8.952974853515625,0.0,8.952974853515625,17905.94970703125,12,154462.69528926123,103670.49454463233,0.9044664101716565,-0.4899388294396705,policy_rebalance
2026-09-09,2026-09-09T11:00:00-04:00,2026-09-09T11:00:00-04:00,TSLA,-8,sell,371.30999755859375,371.12434255981447,1.485239990234375,0.0,1.485239990234375,2970.47998046875,-8,157431.69002973975,103669.0093046421,0.933132868451565,-0.5185993488865169,policy_rebalance
2026-09-09,2026-09-09T11:05:00-04:00,2026-09-09T11:05:00-04:00,TSLA,8,buy,370.0849914550781,370.27003395080567,1.4803399658203125,0.0,1.4803399658203125,2960.679931640625,0,154469.5297581333,103687.89761702003,0.9044476158243279,-0.48975467058537064,policy_rebalance
2026-09-09,2026-09-09T11:05:00-04:00,2026-09-09T11:05:00-04:00,NVDA,10,buy,224.47500610351562,224.58724360656737,1.1223750305175781,0.0,1.1223750305175781,2244.7500610351562,-312,152223.65732206765,103686.77524198953,0.8828080679998517,-0.4681106338469902,policy_rebalance
2026-09-09,2026-09-09T11:05:00-04:00,2026-09-09T11:05:00-04:00,SNDK,3,buy,1791.6099853515625,1792.5057903442382,2.687414978027344,0.0,2.687414978027344,5374.8299560546875,15,146846.13995103494,103684.0878270115,0.9346694725834631,-0.41628424407837605,policy_rebalance
2026-09-09,2026-09-09T11:10:00-04:00,2026-09-09T11:10:00-04:00,SNDK,-15,sell,1784.0,1783.1080000000002,13.38,0.0,13.38,26760.0,0,173592.75995103494,103551.87823716775,0.676384464542986,-0.676384464542986,policy_rebalance
2026-09-09,2026-09-09T11:10:00-04:00,2026-09-09T11:10:00-04:00,NVDA,114,buy,224.49000549316406,224.60225049591062,12.795930313110352,0.0,12.795930313110352,25591.860626220703,-198,147988.10339450114,103539.08230685466,0.42929703545096803,-0.42929703545096803,policy_rebalance
2026-09-09,2026-09-09T11:10:00-04:00,2026-09-09T11:10:00-04:00,TSLA,141,buy,369.1199951171875,369.30455511474605,26.022959655761717,0.0,26.022959655761717,52045.91931152344,141,95916.16112332194,103513.0593471989,0.9322006421963714,0.07339072259854455,policy_rebalance
2026-09-09,2026-09-09T11:15:00-04:00,2026-09-09T11:15:00-04:00,NVDA,47,buy,224.3000030517578,224.41215305328367,5.271050071716308,0.0,5.271050071716308,10542.100143432617,-151,85368.7899298176,103463.75546021311,0.8296003375310843,0.17489182999310235,policy_rebalance
2026-09-09,2026-09-09T11:15:00-04:00,2026-09-09T11:15:00-04:00,SNDK,6,buy,1773.5,1774.38675,5.3205,0.0,5.3205,10641.0,6,74722.4694298176,103458.43496021311,0.9324959003016765,0.2777537234295731,policy_rebalance
2026-09-09,2026-09-09T11:20:00-04:00,2026-09-09T11:20:00-04:00,SNDK,-6,sell,1793.5699462890625,1792.6731613159182,5.380709838867188,0.0,5.380709838867188,10761.419677734375,0,85478.50839771311,103537.60487903636,0.8290121838207969,0.1744206513413344,policy_rebalance
2026-09-09,2026-09-09T11:20:00-04:00,2026-09-09T11:20:00-04:00,SNDK,-2,sell,1793.5699462890625,1792.6731613159182,1.7935699462890624,0.0,1.7935699462890624,3587.139892578125,-2,89063.85472034496,103535.81130909007,0.8636729136546787,0.13977730415944045,policy_rebalance
2026-09-09,2026-09-09T11:20:00-04:00,2026-09-09T11:20:00-04:00,TSLA,21,buy,368.4150085449219,368.5992160491943,3.8683575897216795,0.0,3.8683575897216795,7736.715179443359,162,81323.27118331188,103531.94295150036,0.9384329920851565,0.2145103350237728,policy_rebalance
2026-09-09,2026-09-09T11:25:00-04:00,2026-09-09T11:25:00-04:00,TSLA,-1,sell,367.489990234375,367.3062452392578,0.1837449951171875,0.0,0.1837449951171875,367.489990234375,161,81690.57742855114,103541.0458123402,0.9318170172488336,0.21103194595302113,policy_rebalance
2026-09-09,2026-09-09T11:25:00-04:00,2026-09-09T11:25:00-04:00,SNDK,2,buy,1773.6446533203125,1774.5314756469725,1.7736446533203125,0.0,1.7736446533203125,3547.289306640625,0,78141.5144772572,103539.27216768688,0.8975726525731019,0.24529588781826459,policy_rebalance
2026-09-09,2026-09-09T11:25:00-04:00,2026-09-09T11:25:00-04:00,NVDA,-22,sell,223.6300048828125,223.5181898803711,2.4599300537109374,0.0,2.4599300537109374,4919.860107421875,-173,83058.91465462536,103536.81223763317,0.9451119573574565,0.19778373643576969,policy_rebalance
2026-09-09,2026-09-09T11:30:00-04:00,2026-09-09T11:30:00-04:00,TSLA,-25,sell,368.67498779296875,368.4906502990723,4.608437347412109,0.0,4.608437347412109,9216.874694824219,136,92271.18091210217,103728.17819603771,0.8563015464118588,0.110452120949071,policy_rebalance
2026-09-09,2026-09-09T11:30:00-04:00,2026-09-09T11:30:00-04:00,SNDK,5,buy,1776.0799560546875,1776.9679960327148,4.440199890136719,0.0,4.440199890136719,8880.399780273438,5,83386.34093193858,103723.73799614757,0.941954089426031,0.19607273568336248,policy_rebalance
2026-09-09,2026-09-09T11:35:00-04:00,2026-09-09T11:35:00-04:00,TSLA,-90,sell,369.364990234375,369.18030773925784,16.621424560546874,0.0,16.621424560546874,33242.84912109375,46,116612.56862847178,103661.02356926768,0.6237110350743157,-0.12494131943960313,policy_rebalance
2026-09-09,2026-09-09T11:35:00-04:00,2026-09-09T11:35:00-04:00,SNDK,18,buy,1772.1400146484375,1773.0260846557617,15.949260131835938,0.0,15.949260131835938,31898.520263671875,23,84698.09910466807,103645.07430913585,0.931573885343938,0.18280632563353455,policy_rebalance
2026-09-09,2026-09-09T11:40:00-04:00,2026-09-09T11:40:00-04:00,SNDK,-1,sell,1774.800048828125,1773.9126488037111,0.8874000244140625,0.0,0.8874000244140625,1774.800048828125,22,86472.01175347179,103750.13455620616,0.9152456032791462,0.16653590741488658,policy_rebalance
2026-09-09,2026-09-09T11:40:00-04:00,2026-09-09T11:40:00-04:00,TSLA,-1,sell,371.12799072265625,370.94242672729496,0.18556399536132812,0.0,0.18556399536132812,371.12799072265625,45,86842.95418019909,103749.9489922108,0.9116701012408789,0.16295906625728596,policy_rebalance
2026-09-09,2026-09-09T11:45:00-04:00,2026-09-09T11:45:00-04:00,TSLA,-45,sell,370.1686096191406,369.9835253143311,8.328793716430663,0.0,8.328793716430663,16657.587432861328,0,103492.21281934399,103593.7437641682,0.749734545625224,0.0009800876108440927,policy_rebalance
2026-09-09,2026-09-09T11:45:00-04:00,2026-09-09T11:45:00-04:00,SNDK,8,buy,1767.4849853515625,1768.3687278442383,7.06993994140625,0.0,7.06993994140625,14139.8798828125,30,89345.26299659009,103586.6738242268,0.8862886016520118,0.13748304006558365,policy_rebalance
2026-09-09,2026-09-09T11:45:00-04:00,2026-09-09T11:45:00-04:00,TSLA,-14,sell,370.1686096191406,369.9835253143311,2.5911802673339843,0.0,2.5911802673339843,5182.360534667969,-14,94525.03235099072,103584.08264395947,0.9363412442575799,0.08745600734918543,policy_rebalance
2026-09-09,2026-09-09T11:50:00-04:00,2026-09-09T11:50:00-04:00,TSLA,14,buy,370.2449951171875,370.43011761474605,2.5917149658203127,0.0,2.5917149658203127,5183.429931640625,0,89339.01070438427,103523.24843631787,0.8866971099174952,0.13701499852623927,policy_rebalance
2026-09-09,2026-09-09T11:50:00-04:00,2026-09-09T11:50:00-04:00,NVDA,-29,sell,224.30499267578125,224.19284017944338,3.252422393798828,0.0,3.252422393798828,6504.844787597656,-202,95840.60306958813,103519.99601392407,0.9495615704248076,0.07418270131408247,policy_rebalance
2026-09-09,2026-09-09T11:55:00-04:00,2026-09-09T11:55:00-04:00,SNDK,-13,sell,1766.969970703125,1766.0864857177735,11.485304809570312,0.0,11.485304809570312,22970.609619140625,17,118799.72738391919,103505.37725574536,0.7281875698675006,-0.14776382187742687,policy_rebalance
2026-09-09,2026-09-09T11:55:00-04:00,2026-09-09T11:55:00-04:00,NVDA,-95,sell,224.4199981689453,224.30778816986086,10.659949913024903,0.0,10.659949913024903,21319.899826049805,-297,140108.96726005597,103494.71730583234,0.9342624577871179,-0.3537789261844795,policy_rebalance
2026-09-09,2026-09-09T12:00:00-04:00,2026-09-09T12:00:00-04:00,NVDA,1,buy,224.44000244140625,224.55222244262694,0.11222000122070312,0.0,0.11222000122070312,224.44000244140625,-296,139884.41503761333,103485.0093979649,0.9322033825660666,-0.35173602294096384,policy_rebalance
2026-09-09,2026-09-09T12:05:00-04:00,2026-09-09T12:05:00-04:00,NVDA,-3,sell,224.14999389648438,224.03791889953615,0.33622499084472657,0.0,0.33622499084472657,672.4499816894531,-299,140556.52879431195,103645.23103430218,0.9371429598911487,-0.35613117353941437,policy_rebalance
2026-09-09,2026-09-09T12:10:00-04:00,2026-09-09T12:10:00-04:00,NVDA,-6,sell,223.97000122070312,223.8580162200928,0.6719100036621094,0.0,0.6719100036621094,1343.8200073242188,-305,141899.6768916325,103651.6269343571,0.9490796594022962,-0.36900578494052966,policy_rebalance
2026-09-09,2026-09-09T12:15:00-04:00,2026-09-09T12:15:00-04:00,SNDK,-7,sell,1765.6400146484375,1764.7571946411133,6.1797400512695315,0.0,6.1797400512695315,12359.480102539062,10,154252.97725412028,103625.97591134685,0.8293268254406079,-0.488555122376704,policy_rebalance
2026-09-09,2026-09-09T12:15:00-04:00,2026-09-09T12:15:00-04:00,NVDA,-18,sell,223.8800048828125,223.7680648803711,2.0149200439453123,0.0,2.0149200439453123,4029.840087890625,-323,158280.80242196698,103623.96099130291,0.8682320272546221,-0.5274536980423994,policy_rebalance
2026-09-09,2026-09-09T12:20:00-04:00,2026-09-09T12:20:00-04:00,SNDK,2,buy,1769.0,1769.8845,1.769,0.0,1.769,3538.0,12,154741.03342196697,103699.39999911541,0.9016217396016671,-0.4922076060544898,policy_rebalance
2026-09-09,2026-09-09T12:20:00-04:00,2026-09-09T12:20:00-04:00,NVDA,-1,sell,223.7449951171875,223.63312261962892,0.11187249755859376,0.0,0.11187249755859376,223.7449951171875,-324,154964.6665445866,103699.28812661784,0.9037803451797474,-0.4943657699498691,policy_rebalance
2026-09-09,2026-09-09T12:25:00-04:00,2026-09-09T12:25:00-04:00,SNDK,-4,sell,1772.4000244140625,1771.5138244018556,3.544800048828125,0.0,3.544800048828125,7089.60009765625,8,162050.721842194,103671.73966445963,0.8366540664706755,-0.5631137508320182,policy_rebalance
2026-09-09,2026-09-09T12:25:00-04:00,2026-09-09T12:25:00-04:00,TSLA,13,buy,369.5199890136719,369.7047490081787,2.4018799285888672,0.0,2.4018799285888672,4803.759857177734,13,157244.56010508767,103669.33778453103,0.8830107762026852,-0.5167894718485493,policy_rebalance
2026-09-09,2026-09-09T12:30:00-04:00,2026-09-09T12:30:00-04:00,TSLA,15,buy,368.760009765625,368.94438977050777,2.7657000732421877,0.0,2.7657000732421877,5531.400146484375,28,151710.39425853005,103673.83413890115,0.9358650722407563,-0.4633431426416622,policy_rebalance
2026-09-09,2026-09-09T12:35:00-04:00,2026-09-09T12:35:00-04:00,SNDK,-4,sell,1779.72998046875,1778.8401154785158,3.5594599609375,0.0,3.5594599609375,7118.919921875,4,158825.75472044412,103741.57655882303,0.8674757147900201,-0.5309749474492278,policy_rebalance
2026-09-09,2026-09-09T12:35:00-04:00,2026-09-09T12:35:00-04:00,TSLA,20,buy,369.1300048828125,369.3145698852539,3.691300048828125,0.0,3.691300048828125,7382.60009765625,48,151439.46332273906,103737.88525877421,0.9386724833802097,-0.45982793985990006,policy_rebalance
2026-09-09,2026-09-09T12:40:00-04:00,2026-09-09T12:40:00-04:00,TSLA,-1,sell,369.1300048828125,368.9454398803711,0.18456500244140625,0.0,0.18456500244140625,369.1300048828125,47,151808.40876261942,103643.69239299052,0.9367757414643894,-0.4647144004383842,policy_rebalance
2026-09-09,2026-09-09T12:40:00-04:00,2026-09-09T12:40:00-04:00,NVDA,1,buy,224.15989685058594,224.2719767990112,0.11207994842529297,0.0,0.11207994842529297,224.15989685058594,-323,151584.13678582042,103643.5803130421,0.9346139587239912,-0.4625521072118508,policy_rebalance
2026-09-09,2026-09-09T12:50:00-04:00,2026-09-09T12:50:00-04:00,SNDK,-4,sell,1781.83154296875,1780.9406271972657,3.5636630859375,0.0,3.5636630859375,7127.326171875,0,158707.8992946095,103715.60052751965,0.8657252874391719,-0.530222054227014,policy_rebalance
2026-09-09,2026-09-09T12:50:00-04:00,2026-09-09T12:50:00-04:00,SNDK,-4,sell,1781.83154296875,1780.9406271972657,3.5636630859375,0.0,3.5636630859375,7127.326171875,-4,165831.66180339857,103712.03686443373,0.9344773006162427,-0.5989625391328873,policy_rebalance
2026-09-09,2026-09-09T12:55:00-04:00,2026-09-09T12:55:00-04:00,SNDK,1,buy,1779.60498046875,1780.4947829589844,0.889802490234375,0.0,0.889802490234375,1779.60498046875,-3,164051.16702043958,103670.40653765149,0.9170594865930507,-0.5824300540468964,policy_rebalance
2026-09-09,2026-09-09T12:55:00-04:00,2026-09-09T12:55:00-04:00,NVDA,1,buy,224.11000061035156,224.22205561065672,0.11205500030517578,0.0,0.11205500030517578,224.11000061035156,-322,163826.94496482893,103670.2944826512,0.9148987206703997,-0.5802689264304608,policy_rebalance
2026-09-09,2026-09-09T13:05:00-04:00,2026-09-09T13:05:00-04:00,TSLA,-1,sell,368.44500732421875,368.26078482055664,0.18422250366210938,0.0,0.18422250366210938,368.44500732421875,46,164195.2057496495,103664.9498902745,0.9108883632621325,-0.5839028130862363,policy_rebalance
2026-09-09,2026-09-09T13:05:00-04:00,2026-09-09T13:05:00-04:00,SNDK,3,buy,1775.0,1775.8874999999998,2.6625,0.0,2.6625,5325.0,0,158867.5432496495,103662.28739027449,0.8595430293540157,-0.5325490807619813,policy_rebalance
2026-09-09,2026-09-09T13:05:00-04:00,2026-09-09T13:05:00-04:00,SNDK,3,buy,1775.0,1775.8874999999998,2.6625,0.0,2.6625,5325.0,3,153539.88074964948,103659.62489027448,0.9109351556418996,-0.4811927103939853,policy_rebalance
2026-09-09,2026-09-09T13:10:00-04:00,2026-09-09T13:10:00-04:00,SNDK,-1,sell,1774.0,1773.113,0.887,0.0,0.887,1774.0,2,155312.9937496495,103652.71549037215,0.8938856926611866,-0.49839773145235006,policy_rebalance
2026-09-09,2026-09-09T13:10:00-04:00,2026-09-09T13:10:00-04:00,TSLA,-1,sell,368.45001220703125,368.2657872009278,0.18422500610351564,0.0,0.18422500610351564,368.45001220703125,45,155681.2595368504,103652.53126536604,0.8903326165171321,-0.5019532821468974,policy_rebalance
2026-09-09,2026-09-09T13:15:00-04:00,2026-09-09T13:15:00-04:00,SNDK,-2,sell,1775.9100341796875,1775.0220791625977,1.7759100341796874,0.0,1.7759100341796874,3551.820068359375,0,159231.3036951756,103553.52580210919,0.8579667094386226,-0.5376714840155868,policy_rebalance
2026-09-09,2026-09-09T13:15:00-04:00,2026-09-09T13:15:00-04:00,SNDK,-2,sell,1775.9100341796875,1775.0220791625977,1.7759100341796874,0.0,1.7759100341796874,3551.820068359375,-2,162781.34785350077,103551.749892075,0.8922813757166053,-0.5719806572381133,policy_rebalance
2026-09-09,2026-09-09T13:20:00-04:00,2026-09-09T13:20:00-04:00,NVDA,1,buy,224.23500061035156,224.34711811065674,0.11211750030517578,0.0,0.11211750030517578,224.23500061035156,-321,162557.00073539012,103600.1559020161,0.8890753549618738,-0.5690806574570676,policy_rebalance
2026-09-09,2026-09-09T13:25:00-04:00,2026-09-09T13:25:00-04:00,TSLA,-1,sell,368.05499267578125,367.8709651794434,0.18402749633789062,0.0,0.18402749633789062,368.05499267578125,44,162924.87170056955,103561.71563367502,0.8859644209344134,-0.5732152630309603,policy_rebalance
2026-09-09,2026-09-09T13:25:00-04:00,2026-09-09T13:25:00-04:00,NVDA,-2,sell,224.31500244140625,224.20284494018557,0.22431500244140626,0.0,0.22431500244140626,448.6300048828125,-323,163373.27739044992,103561.49131867258,0.8902983556265371,-0.5775485203059549,policy_rebalance
2026-09-09,2026-09-09T13:30:00-04:00,2026-09-09T13:30:00-04:00,SNDK,-3,sell,1775.4549560546875,1774.5672285766602,2.663182434082031,0.0,2.663182434082031,5326.3648681640625,-5,168696.9790761799,103578.21313074534,0.9414548043229056,-0.628691729439627,policy_rebalance
2026-09-09,2026-09-09T13:35:00-04:00,2026-09-09T13:35:00-04:00,TSLA,-22,sell,369.1050109863281,368.920458480835,4.060155120849609,0.0,4.060155120849609,8120.310241699219,22,176813.22916275827,103636.38938004343,0.8627998408764692,-0.706092138296802,policy_rebalance
2026-09-09,2026-09-09T13:35:00-04:00,2026-09-09T13:35:00-04:00,SNDK,-5,sell,1772.8800048828125,1771.9935648803712,4.432200012207031,0.0,4.432200012207031,8864.400024414062,-10,185673.19698716013,103631.95718003123,0.948374063029519,-0.7916596582712941,policy_rebalance
2026-09-09,2026-09-09T13:45:00-04:00,2026-09-09T13:45:00-04:00,SNDK,1,buy,1772.199951171875,1773.086051147461,0.8860999755859374,0.0,0.8860999755859374,1772.199951171875,-9,183900.11093601267,103606.64046176951,0.9316324648643413,-0.7749838245539018,policy_rebalance
2026-09-09,2026-09-09T13:55:00-04:00,2026-09-09T13:55:00-04:00,SNDK,1,buy,1778.2650146484375,1779.1541471557616,0.8891325073242188,0.0,0.8891325073242188,1778.2650146484375,-8,182120.9567888569,103542.35634024852,0.9156658543533601,-0.7589029574562973,policy_rebalance
2026-09-09,2026-09-09T14:00:00-04:00,2026-09-09T14:00:00-04:00,SNDK,1,buy,1770.699951171875,1771.5853011474608,0.8853499755859375,0.0,0.8853499755859375,1770.699951171875,-7,180349.37148770946,103643.6864443745,0.8967253853638175,-0.7400902811817954,policy_rebalance
2026-09-09,2026-09-09T14:00:00-04:00,2026-09-09T14:00:00-04:00,NVDA,1,buy,224.23500061035156,224.34711811065674,0.11211750030517578,0.0,0.11211750030517578,224.23500061035156,-322,180125.0243695988,103643.5743268742,0.8945628348781038,-0.7379275612544501,policy_rebalance
2026-09-09,2026-09-09T14:05:00-04:00,2026-09-09T14:05:00-04:00,SNDK,1,buy,1769.1800537109375,1770.064643737793,0.8845900268554687,0.0,0.8845900268554687,1769.1800537109375,-6,178354.959725861,103606.40787649577,0.8780602879428832,-0.7214664940267922,policy_rebalance
2026-09-09,2026-09-09T14:10:00-04:00,2026-09-09T14:10:00-04:00,TSLA,-1,sell,368.17999267578125,367.99590267944336,0.18408999633789064,0.0,0.18408999633789064,368.17999267578125,21,178722.95562854045,103673.12338366741,0.8730651588675419,-0.7239082782056545,policy_rebalance
2026-09-09,2026-09-09T14:10:00-04:00,2026-09-09T14:10:00-04:00,SNDK,5,buy,1769.4300537109375,1770.314768737793,4.4235751342773435,0.0,4.4235751342773435,8847.150268554688,-1,169871.3817848515,103668.69980853313,0.7877618010019558,-0.6385985557703417,policy_rebalance
2026-09-09,2026-09-09T14:15:00-04:00,2026-09-09T14:15:00-04:00,TSLA,-1,sell,368.3399963378906,368.1558263397217,0.1841699981689453,0.0,0.1841699981689453,368.3399963378906,20,170239.53761119122,103666.95911998028,0.7843017585827498,-0.6421774020993739,policy_rebalance
2026-09-09,2026-09-09T14:15:00-04:00,2026-09-09T14:15:00-04:00,SNDK,-5,sell,1772.739990234375,1771.853620239258,4.431849975585937,0.0,4.431849975585937,8863.699951171875,-6,179098.80571238752,103662.5272700047,0.8698406325849781,-0.727710199905677,policy_rebalance
2026-09-09,2026-09-09T14:20:00-04:00,2026-09-09T14:20:00-04:00,NVDA,81,buy,223.9362030029297,224.04817110443113,9.069416221618653,0.0,9.069416221618653,18138.832443237305,-241,160950.9038529286,103721.05456398817,0.6939984315997914,-0.5517669438429579,policy_rebalance
2026-09-09,2026-09-09T14:20:00-04:00,2026-09-09T14:20:00-04:00,SNDK,-1,sell,1772.904052734375,1772.0176007080079,0.8864520263671875,0.0,0.8864520263671875,1772.904052734375,-7,162722.9214536366,103720.1681119618,0.7110975096415463,-0.5688648062928675,policy_rebalance
2026-09-09,2026-09-09T14:20:00-04:00,2026-09-09T14:20:00-04:00,TSLA,9,buy,368.80999755859375,368.994402557373,1.659644989013672,0.0,1.659644989013672,3319.2899780273438,29,159401.97183062026,103718.5084669728,0.7431117585593588,-0.5368710386090715,policy_rebalance
2026-09-09,2026-09-09T14:25:00-04:00,2026-09-09T14:25:00-04:00,TSLA,-1,sell,369.3550109863281,369.170333480835,0.18467750549316406,0.0,0.18467750549316406,369.3550109863281,28,159771.1421641011,103690.5058573384,0.7403234875487328,-0.5408463951745082,policy_rebalance
2026-09-09,2026-09-09T14:25:00-04:00,2026-09-09T14:25:00-04:00,SNDK,-3,sell,1771.259033203125,1770.3734036865235,2.6568885498046875,0.0,2.6568885498046875,5313.777099609375,-10,165082.26237516067,103687.8489687886,0.7915902860161858,-0.5921080822580531,policy_rebalance
2026-09-09,2026-09-09T14:35:00-04:00,2026-09-09T14:35:00-04:00,NVDA,3,buy,224.11500549316406,224.22706299591064,0.3361725082397461,0.0,0.3361725082397461,672.3450164794922,-238,164409.58118617293,103738.09073817488,0.7843893252310367,-0.584852584198095,policy_rebalance
2026-09-09,2026-09-09T14:40:00-04:00,2026-09-09T14:40:00-04:00,NVDA,1,buy,224.1649932861328,224.27707578277585,0.11208249664306641,0.0,0.11208249664306641,224.1649932861328,-237,164185.30411039016,103708.64076505325,0.7825822743587629,-0.5831400633467347,policy_rebalance
2026-09-09,2026-09-09T14:40:00-04:00,2026-09-09T14:40:00-04:00,SNDK,-4,sell,1769.1500244140625,1768.2654494018557,3.538300048828125,0.0,3.538300048828125,7076.60009765625,-14,171258.3659079976,103705.10246500443,0.8508466985797869,-0.6513976828265436,policy_rebalance
2026-09-09,2026-09-09T14:40:00-04:00,2026-09-09T14:40:00-04:00,TSLA,6,buy,369.3550109863281,369.53968849182127,1.1080650329589843,0.0,1.1080650329589843,2216.1300659179688,34,169041.12777704667,103703.99439997147,0.8722255555102358,-0.6300348772013469,policy_rebalance
2026-09-09,2026-09-09T14:45:00-04:00,2026-09-09T14:45:00-04:00,TSLA,21,buy,368.8699951171875,369.0544301147461,3.8731349487304687,0.0,3.8731349487304687,7746.2698974609375,55,161290.984744637,103675.28592261553,0.9471051602230771,-0.5557322394560507,policy_rebalance
2026-09-09,2026-09-09T14:50:00-04:00,2026-09-09T14:50:00-04:00,SNDK,1,buy,1767.9200439453125,1768.804003967285,0.8839600219726562,0.0,0.8839600219726562,1767.9200439453125,-13,159522.18074066972,103735.71484406327,0.928352545711275,-0.5377749213996867,policy_rebalance
2026-09-09,2026-09-09T14:50:00-04:00,2026-09-09T14:50:00-04:00,NVDA,98,buy,223.88999938964844,224.00194438934324,10.970609970092774,0.0,10.970609970092774,21941.219940185547,-139,137569.99019051407,103724.74423409317,0.7169176030808423,-0.3262986687153126,policy_rebalance
2026-09-09,2026-09-09T14:55:00-04:00,2026-09-09T14:55:00-04:00,NVDA,59,buy,223.76499938964844,223.87688188934325,6.601067481994629,0.0,6.601067481994629,13202.134963989258,-80,124361.25415904282,103756.22925669907,0.5891282364744165,-0.19859072606971573,policy_rebalance
2026-09-09,2026-09-09T14:55:00-04:00,2026-09-09T14:55:00-04:00,SNDK,-3,sell,1766.4749755859375,1765.5917380981446,2.6497124633789064,0.0,2.6497124633789064,5299.4249267578125,-16,129658.02937333725,103753.57954423569,0.6402203141692244,-0.24967283001601995,policy_rebalance
2026-09-09,2026-09-09T14:55:00-04:00,2026-09-09T14:55:00-04:00,TSLA,36,buy,368.3699951171875,368.5541801147461,6.630659912109375,0.0,6.630659912109375,13261.31982421875,91,116390.0788892064,103746.94888432359,0.7680849410334009,-0.12186507787308258,policy_rebalance
2026-09-09,2026-09-09T15:00:00-04:00,2026-09-09T15:00:00-04:00,SNDK,1,buy,1759.5350341796875,1760.4148016967772,0.8797675170898438,0.0,0.8797675170898438,1759.5350341796875,-15,114629.66408750962,103923.093530869,0.7492798598600391,-0.10302397852947265,policy_rebalance
2026-09-09,2026-09-09T15:00:00-04:00,2026-09-09T15:00:00-04:00,NVDA,1,buy,223.6750030517578,223.78684055328367,0.1118375015258789,0.0,0.1118375015258789,223.6750030517578,-79,114405.87724695634,103922.98169336747,0.7471283511001767,-0.10087177429646345,policy_rebalance
2026-09-09,2026-09-09T15:05:00-04:00,2026-09-09T15:05:00-04:00,SNDK,15,buy,1748.199951171875,1749.0740511474608,13.111499633789062,0.0,13.111499633789062,26222.999267578125,0,88169.76647974443,104078.66755701494,0.49226746046216,0.15285458058497448,policy_rebalance
2026-09-09,2026-09-09T15:05:00-04:00,2026-09-09T15:05:00-04:00,NVDA,1,buy,223.5800018310547,223.6917918319702,0.11179000091552735,0.0,0.11179000091552735,223.5800018310547,-78,87946.07468791246,104078.55576701403,0.49011980411158984,0.15500292985631997,policy_rebalance
2026-09-09,2026-09-09T15:05:00-04:00,2026-09-09T15:05:00-04:00,SNDK,8,buy,1748.199951171875,1749.0740511474608,6.9927998046875,0.0,6.9927998046875,13985.599609375,8,73953.48227873277,104071.56296720933,0.6245371850002875,0.2893977934968278,policy_rebalance
2026-09-09,2026-09-09T15:10:00-04:00,2026-09-09T15:10:00-04:00,SNDK,-8,sell,1748.780029296875,1747.9056392822267,6.9951201171875,0.0,6.9951201171875,13990.240234375,0,87936.72739299058,104040.15207560777,0.4906062116859771,0.1547808645157934,policy_rebalance
2026-09-09,2026-09-09T15:10:00-04:00,2026-09-09T15:10:00-04:00,SNDK,-1,sell,1748.780029296875,1747.9056392822267,0.8743900146484375,0.0,0.8743900146484375,1748.780029296875,-1,89684.6330322728,104039.27768559312,0.5074191793399396,0.13797332096729925,policy_rebalance
2026-09-09,2026-09-09T15:10:00-04:00,2026-09-09T15:10:00-04:00,TSLA,62,buy,368.93499755859375,369.119465057373,11.436984924316405,0.0,11.436984924316405,22873.969848632812,153,66799.22619871568,104027.8407006688,0.7273581210697003,0.3578716452365408,policy_rebalance
2026-09-09,2026-09-09T15:15:00-04:00,2026-09-09T15:15:00-04:00,SNDK,1,buy,1748.0,1748.8739999999998,0.874,0.0,0.874,1748.0,0,65050.352198715686,104139.57070457506,0.7103420727142437,0.3753541352378756,policy_rebalance
2026-09-09,2026-09-09T15:15:00-04:00,2026-09-09T15:15:00-04:00,NVDA,1,buy,223.625,223.73681249999998,0.1118125,0.0,0.1118125,223.625,-77,64826.615386215686,104139.45889207505,0.7081954745154893,0.3775018991274119,policy_rebalance
2026-09-09,2026-09-09T15:20:00-04:00,2026-09-09T15:20:00-04:00,NVDA,17,buy,224.22500610351562,224.33711860656737,1.9059125518798827,0.0,1.9059125518798827,3811.8251037597656,-60,61012.884369904044,104069.934937531,0.672279187471823,0.4137318870572214,policy_rebalance
2026-09-09,2026-09-09T15:20:00-04:00,2026-09-09T15:20:00-04:00,SNDK,-16,sell,1756.8699951171875,1755.991560119629,14.0549599609375,0.0,14.0549599609375,28109.919921875,-16,89108.74933181811,104055.87997757006,0.9425125350250685,0.1436452284001049,policy_rebalance
2026-09-09,2026-09-09T15:35:00-04:00,2026-09-09T15:35:00-04:00,SNDK,1,buy,1757.487060546875,1758.3658040771484,0.8787435302734375,0.0,0.8787435302734375,1757.487060546875,-15,87350.38352774095,104025.58131216478,0.9253955458509209,0.16029901082104145,policy_rebalance
2026-09-09,2026-09-09T15:40:00-04:00,2026-09-09T15:40:00-04:00,SNDK,-1,sell,1757.9200439453125,1757.04108392334,0.8789600219726562,0.0,0.8789600219726562,1757.9200439453125,-16,89107.42461166429,104031.91890487718,0.9423736134569736,0.14346072292350273,policy_rebalance
2026-09-09,2026-09-09T15:50:00-04:00,2026-09-09T15:50:00-04:00,SNDK,1,buy,1760.0,1760.8799999999999,0.88,0.0,0.88,1760.0,-15,87346.54461166429,103985.77215072679,0.926169282456422,0.16001446346856024,policy_rebalance
2026-09-09,2026-09-09T15:55:00-04:00,,TSLA,-153,sell,367.9800109863281,367.79602098083495,28.1504708404541,0.0,28.1504708404541,56300.9416809082,0,143619.33582173203,103729.38556538438,0.38455785734124087,-0.38455785734124087,scheduled_1555_liquidation
2026-09-09,2026-09-09T15:55:00-04:00,,SNDK,15,buy,1764.25,1765.1321249999999,13.231875,0.0,13.231875,26463.75,0,117142.35394673204,103716.15369038438,0.12945138995828778,-0.12945138995828778,scheduled_1555_liquidation
2026-09-09,2026-09-09T15:55:00-04:00,,NVDA,60,buy,223.77000427246094,223.88188927459714,6.713100128173828,0.0,6.713100128173828,13426.200256347656,0,103709.44059025621,103709.44059025621,0.0,0.0,scheduled_1555_liquidation
2026-09-10,2026-09-10T09:35:00-04:00,2026-09-10T09:35:00-04:00,SNDK,-26,sell,1692.4000244140625,1691.5538244018555,22.001200317382814,0.0,22.001200317382814,44002.400634765625,-26,147689.84002470446,103687.43938993884,0.42437541995115885,-0.42437541995115885,policy_rebalance
2026-09-10,2026-09-10T09:35:00-04:00,2026-09-10T09:35:00-04:00,NVDA,-242,sell,218.7899932861328,218.68059828948975,26.47358918762207,0.0,26.47358918762207,52947.17837524414,-242,200610.544810761,103660.96580075123,0.935256374095129,-0.935256374095129,policy_rebalance
2026-09-10,2026-09-10T09:40:00-04:00,2026-09-10T09:40:00-04:00,SNDK,26,buy,1706.969970703125,1707.8234556884765,22.190609619140623,0.0,22.190609619140623,44381.21923828125,0,156207.1349628606,103204.29392892506,0.5135720522485009,-0.5135720522485009,policy_rebalance
2026-09-10,2026-09-10T09:40:00-04:00,2026-09-10T09:40:00-04:00,NVDA,215,buy,219.02000427246094,219.12951427459714,23.54465045928955,0.0,23.54465045928955,47089.3009185791,-27,109094.28939382223,103180.74927846578,0.057312436251038386,-0.057312436251038386,policy_rebalance
2026-09-10,2026-09-10T09:40:00-04:00,2026-09-10T09:40:00-04:00,SNDK,11,buy,1706.969970703125,1707.8234556884765,9.388334838867188,0.0,9.388334838867188,18776.669677734375,11,90308.23138124899,103171.36094362692,0.239312630629944,0.12467732755223007,policy_rebalance
2026-09-10,2026-09-10T09:40:00-04:00,2026-09-10T09:40:00-04:00,TSLA,-199,sell,362.64691162109375,362.46558816528324,36.08336770629883,0.0,36.08336770629883,72166.73541259766,-199,162438.88342614035,103135.27757592063,0.9391252681158442,-0.5750079627852338,policy_rebalance
2026-09-10,2026-09-10T09:45:00-04:00,2026-09-10T09:45:00-04:00,SNDK,-7,sell,1705.030029296875,1704.1775142822266,5.967605102539062,0.0,5.967605102539062,11935.210205078125,4,174368.12602611593,102581.36653514914,0.8327730718626227,-0.699803111575525,policy_rebalance
2026-09-10,2026-09-10T09:45:00-04:00,2026-09-10T09:45:00-04:00,TSLA,199,buy,365.3894958496094,365.57219059753413,36.35625483703613,0.0,36.35625483703613,72712.50967407227,0,101619.26009720664,102545.01028031211,0.12398935859008461,0.00902774479786859,policy_rebalance
2026-09-10,2026-09-10T09:45:00-04:00,2026-09-10T09:45:00-04:00,TSLA,196,buy,365.3894958496094,365.57219059753413,35.80817059326172,0.0,35.80817059326172,71616.34118652344,196,29967.11074008995,102509.20210971886,0.8226659607352226,0.7076641889377385,policy_rebalance
2026-09-10,2026-09-10T09:45:00-04:00,2026-09-10T09:45:00-04:00,NVDA,-56,sell,218.30999755859375,218.20084255981448,6.112679931640625,0.0,6.112679931640625,12225.35986328125,-83,42186.35792343956,102503.08942978721,0.9419832283905305,0.5884381811502719,policy_rebalance
2026-09-10,2026-09-10T09:50:00-04:00,2026-09-10T09:50:00-04:00,NVDA,-3,sell,218.66000366210938,218.55067366027833,0.32799000549316404,0.0,0.32799000549316404,655.9800109863281,-86,42842.009944420395,102660.26867244774,0.9490310186968964,0.5826816888516633,policy_rebalance
2026-09-10,2026-09-10T09:55:00-04:00,2026-09-10T09:55:00-04:00,TSLA,-143,sell,366.3800048828125,366.1968148803711,26.196170349121093,0.0,26.196170349121093,52392.34069824219,53,95208.15447231347,102691.36501308496,0.4373271437016319,0.07287088393282115,policy_rebalance
2026-09-10,2026-09-10T09:55:00-04:00,2026-09-10T09:55:00-04:00,NVDA,-241,sell,217.5959930419922,217.4871950454712,26.220317161560057,0.0,26.220317161560057,52440.63432312012,-327,147622.56847827203,102665.1446959234,0.9482318069628145,-0.43790347654508094,policy_rebalance
2026-09-10,2026-09-10T10:00:00-04:00,2026-09-10T10:00:00-04:00,TSLA,-12,sell,366.1400146484375,365.9569446411133,2.196840087890625,0.0,2.196840087890625,4393.68017578125,41,152014.0518139654,102695.99441040095,0.9042372016345304,-0.4802335055686414,policy_rebalance
2026-09-10,2026-09-10T10:00:00-04:00,2026-09-10T10:00:00-04:00,SNDK,2,buy,1690.0,1690.8449999999998,1.69,0.0,1.69,3380.0,6,148632.3618139654,102694.30441040095,0.9371653000357527,-0.44732819086032793,policy_rebalance
2026-09-10,2026-09-10T10:05:00-04:00,2026-09-10T10:05:00-04:00,SNDK,-2,sell,1698.0,1697.151,1.698,0.0,1.698,3396.0,4,152026.6638139654,102573.70281543024,0.9090370927324842,-0.4821212420060545,policy_rebalance
2026-09-10,2026-09-10T10:05:00-04:00,2026-09-10T10:05:00-04:00,TSLA,8,buy,368.3699951171875,368.5541801147461,1.47347998046875,0.0,1.47347998046875,2946.9599609375,49,149078.23037304744,102572.22933544978,0.9377807344374245,-0.4533975846962001,policy_rebalance
2026-09-10,2026-09-10T10:05:00-04:00,2026-09-10T10:05:00-04:00,NVDA,-2,sell,218.19000244140625,218.08090744018557,0.21819000244140624,0.0,0.21819000244140624,436.3800048828125,-329,149514.39218792782,102572.01114544735,0.9420371062720808,-0.4576529261565912,policy_rebalance
2026-09-10,2026-09-10T10:10:00-04:00,2026-09-10T10:10:00-04:00,TSLA,-49,sell,367.1300048828125,366.9464398803711,8.994685119628906,0.0,8.994685119628906,17989.370239257812,0,167494.767742066,102498.54507055721,0.7666081759250246,-0.6341184904309339,policy_rebalance
2026-09-10,2026-09-10T10:10:00-04:00,2026-09-10T10:10:00-04:00,NVDA,1,buy,218.19520568847656,218.3043032913208,0.10909760284423828,0.0,0.10909760284423828,218.19520568847656,-328,167276.4634387747,102498.43597295438,0.7644802256933575,-0.6319903991794849,policy_rebalance
2026-09-10,2026-09-10T10:10:00-04:00,2026-09-10T10:10:00-04:00,SNDK,11,buy,1697.5,1698.3487499999999,9.33625,0.0,9.33625,18672.5,15,148594.6271887747,102489.09972295439,0.9467399726225566,-0.44985786381626397,policy_rebalance
2026-09-10,2026-09-10T10:15:00-04:00,2026-09-10T10:15:00-04:00,SNDK,-1,sell,1692.0450439453125,1691.19902142334,0.8460225219726563,0.0,0.8460225219726563,1692.0450439453125,14,150285.82621019805,102477.01822679961,0.928852838040269,-0.46653199722877536,policy_rebalance
2026-09-10,2026-09-10T10:15:00-04:00,2026-09-10T10:15:00-04:00,NVDA,55,buy,217.97999572753906,218.0889857254028,5.9944498825073245,0.0,5.9944498825073245,11988.899765014648,-273,138290.9319953009,102471.0237769171,0.8119092245040471,-0.349561338397135,policy_rebalance
2026-09-10,2026-09-10T10:15:00-04:00,2026-09-10T10:15:00-04:00,TSLA,34,buy,365.8349914550781,366.01790895080563,6.219194854736328,0.0,6.219194854736328,12438.389709472656,34,125846.3230909735,102464.80458206237,0.933350329885539,-0.2281907295317707,policy_rebalance
2026-09-10,2026-09-10T10:20:00-04:00,2026-09-10T10:20:00-04:00,TSLA,-34,sell,365.4549865722656,365.2722590789795,6.212734771728516,0.0,6.212734771728516,12425.469543457031,0,138265.5798996588,102369.05406652892,0.8130096208473435,-0.3506579811688109,policy_rebalance
2026-09-10,2026-09-10T10:20:00-04:00,2026-09-10T10:20:00-04:00,NVDA,12,buy,218.1750030517578,218.28409055328368,1.309050018310547,0.0,1.309050018310547,2618.1000366210938,-261,135646.1708130194,102367.7450165106,0.7874445782068131,-0.32508702610516044,policy_rebalance
2026-09-10,2026-09-10T10:20:00-04:00,2026-09-10T10:20:00-04:00,SNDK,9,buy,1690.375,1691.2201874999998,7.6066875,0.0,7.6066875,15213.375,23,120425.18912551939,102360.1383290106,0.9361290670447553,-0.176485212812465,policy_rebalance
2026-09-10,2026-09-10T10:25:00-04:00,2026-09-10T10:25:00-04:00,SNDK,-1,sell,1704.27001953125,1703.4178845214844,0.852135009765625,0.0,0.852135009765625,1704.27001953125,22,122128.60701004087,102514.44435134946,0.9228167222351149,-0.19133072205383525,policy_rebalance
2026-09-10,2026-09-10T10:25:00-04:00,2026-09-10T10:25:00-04:00,NVDA,261,buy,218.80499267578125,218.91439517211913,28.554051544189452,0.0,28.554051544189452,57108.103088378906,0,64991.94987011777,102485.89029980527,0.36584490138110987,0.36584490138110987,policy_rebalance
2026-09-10,2026-09-10T10:25:00-04:00,2026-09-10T10:25:00-04:00,TSLA,158,buy,366.69000244140625,366.87334744262694,28.968510192871094,0.0,28.968510192871094,57937.02038574219,158,7025.960974182715,102456.9217896124,0.931425218994867,0.931425218994867,policy_rebalance
2026-09-10,2026-09-10T10:30:00-04:00,2026-09-10T10:30:00-04:00,SNDK,-4,sell,1707.71826171875,1706.8644025878907,3.4154365234375,0.0,3.4154365234375,6830.873046875,18,13853.418584534278,102459.0565239874,0.8647906875729335,0.8647906875729335,policy_rebalance
2026-09-10,2026-09-10T10:30:00-04:00,2026-09-10T10:30:00-04:00,NVDA,-33,sell,218.22999572753906,218.1208807296753,3.6007949295043944,0.0,3.6007949295043944,7201.589859008789,-33,21051.407648613564,102455.4557290579,0.9351110403707819,0.7945311208777038,policy_rebalance
2026-09-10,2026-09-10T10:35:00-04:00,2026-09-10T10:35:00-04:00,SNDK,-3,sell,1703.7349853515625,1702.8831178588869,2.555602478027344,0.0,2.555602478027344,5111.2049560546875,15,26160.057002190224,102554.56327355253,0.8851988940485416,0.7449157193287317,policy_rebalance
2026-09-10,2026-09-10T10:35:00-04:00,2026-09-10T10:35:00-04:00,TSLA,-158,sell,367.2900085449219,367.10636354064945,29.01591067504883,0.0,29.01591067504883,58031.821350097656,0,84162.86244161284,102525.54736287749,0.3194263818301753,0.17910350535629932,policy_rebalance
2026-09-10,2026-09-10T10:35:00-04:00,2026-09-10T10:35:00-04:00,NVDA,-296,sell,217.97999572753906,217.87100572967532,32.26103936767578,0.0,32.26103936767578,64522.07873535156,-329,148652.68013759673,102493.28632350982,0.949051853675627,-0.45036504799338173,policy_rebalance
2026-09-10,2026-09-10T10:40:00-04:00,2026-09-10T10:40:00-04:00,SNDK,-6,sell,1700.808349609375,1699.9579454345703,5.102425048828125,0.0,5.102425048828125,10204.85009765625,9,158852.42781020416,102325.84416152252,0.8516043493772415,-0.5524174670814714,policy_rebalance
2026-09-10,2026-09-10T10:40:00-04:00,2026-09-10T10:40:00-04:00,NVDA,1,buy,218.33999633789062,218.44916633605956,0.1091699981689453,0.0,0.1091699981689453,218.33999633789062,-328,158633.9786438681,102325.73499152434,0.8494714839088362,-0.5502842824144657,policy_rebalance
2026-09-10,2026-09-10T10:40:00-04:00,2026-09-10T10:40:00-04:00,TSLA,-25,sell,368.739990234375,368.55562023925785,4.609249877929687,0.0,4.609249877929687,9218.499755859375,-25,167847.86914984955,102321.12574164642,0.9396035569812027,-0.6404028780298362,policy_rebalance
2026-09-10,2026-09-10T10:45:00-04:00,2026-09-10T10:45:00-04:00,TSLA,18,buy,368.6199951171875,368.80430511474606,3.3175799560546877,0.0,3.3175799560546877,6635.159912109375,-7,161209.39165778412,102287.86968512787,0.8745619890124515,-0.5760362607417089,policy_rebalance
2026-09-10,2026-09-10T10:45:00-04:00,2026-09-10T10:45:00-04:00,NVDA,1,buy,218.32000732421875,218.42916732788083,0.10916000366210937,0.0,0.10916000366210937,218.32000732421875,-327,160990.96249045624,102287.7605251242,0.8724285515511758,-0.5739025046981372,policy_rebalance
2026-09-10,2026-09-10T10:45:00-04:00,2026-09-10T10:45:00-04:00,SNDK,4,buy,1696.4200439453125,1697.268253967285,3.392840087890625,0.0,3.392840087890625,6785.68017578125,13,154201.8894745871,102284.36768503633,0.9387988126183312,-0.507580219388168,policy_rebalance
2026-09-10,2026-09-10T10:50:00-04:00,2026-09-10T10:50:00-04:00,NVDA,15,buy,218.0218963623047,218.13090731048584,1.6351642227172851,0.0,1.6351642227172851,3270.3284454345703,-312,150929.92586492983,102367.32122015444,0.9049104164826289,-0.47439557923309433,policy_rebalance
2026-09-10,2026-09-10T10:50:00-04:00,2026-09-10T10:50:00-04:00,SNDK,2,buy,1695.0250244140625,1695.8725369262695,1.6950250244140626,0.0,1.6950250244140626,3390.050048828125,15,147538.1807910773,102365.62619513003,0.9380424747788764,-0.4412863602264206,policy_rebalance
2026-09-10,2026-09-10T10:55:00-04:00,2026-09-10T10:55:00-04:00,SNDK,-1,sell,1696.0,1695.152,0.848,0.0,0.848,1696.0,14,149233.3327910773,102387.01272271792,0.9213504482627435,-0.4575416239091521,policy_rebalance
2026-09-10,2026-09-10T10:55:00-04:00,2026-09-10T10:55:00-04:00,TSLA,-3,sell,367.760009765625,367.5761297607422,0.5516400146484375,0.0,0.5516400146484375,1103.280029296875,-10,150336.0611803595,102386.46108270326,0.9321310560833427,-0.4683197328104219,policy_rebalance
2026-09-10,2026-09-10T11:00:00-04:00,2026-09-10T11:00:00-04:00,NVDA,13,buy,218.14999389648438,218.2590688934326,1.4179749603271485,0.0,1.4179749603271485,2835.949920654297,-299,147498.6932847449,102295.60457014528,0.9052452267787291,-0.44188691102170796,policy_rebalance
2026-09-10,2026-09-10T11:00:00-04:00,2026-09-10T11:00:00-04:00,SNDK,2,buy,1692.8399658203125,1693.6863858032225,1.6928399658203126,0.0,1.6928399658203126,3385.679931640625,16,144111.32051313846,102293.91173017948,0.938357777757069,-0.4087966534436645,policy_rebalance
2026-09-10,2026-09-10T11:05:00-04:00,2026-09-10T11:05:00-04:00,SNDK,-1,sell,1695.5281982421875,1694.6804341430666,0.8477640991210937,0.0,0.8477640991210937,1695.5281982421875,15,145806.0009472815,102363.40249757448,0.9213101762537379,-0.4243958034780683,policy_rebalance
2026-09-10,2026-09-10T11:05:00-04:00,2026-09-10T11:05:00-04:00,TSLA,-3,sell,365.4649963378906,365.2822638397217,0.548197494506836,0.0,0.548197494506836,1096.3949890136719,-13,146901.8477388007,102362.85430007998,0.9320259779617319,-0.4351089439940119,policy_rebalance
2026-09-10,2026-09-10T11:10:00-04:00,2026-09-10T11:10:00-04:00,NVDA,-7,sell,218.27999877929688,218.17085877990723,0.763979995727539,0.0,0.763979995727539,1527.9599914550781,-306,148429.04375026003,102366.97456691042,0.9479695064329129,-0.4499700159961446,policy_rebalance
2026-09-10,2026-09-10T11:15:00-04:00,2026-09-10T11:15:00-04:00,SNDK,-8,sell,1703.239990234375,1702.388370239258,6.8129599609375,0.0,6.8129599609375,13625.919921875,7,162048.1507121741,102401.70848194949,0.8153360264318548,-0.582475069160966,policy_rebalance
2026-09-10,2026-09-10T11:15:00-04:00,2026-09-10T11:15:00-04:00,NVDA,1,buy,218.32000732421875,218.42916732788083,0.10916000366210937,0.0,0.10916000366210937,218.32000732421875,-305,161829.72154484622,102401.59932194583,0.8132048975560793,-0.5803436920556403,policy_rebalance
2026-09-10,2026-09-10T11:15:00-04:00,2026-09-10T11:15:00-04:00,TSLA,-33,sell,366.3999938964844,366.2167938995361,6.045599899291992,0.0,6.045599899291992,12091.199798583984,-46,173914.87574353092,102395.55372204655,0.9313361607832478,-0.6984612067788029,policy_rebalance
2026-09-10,2026-09-10T11:20:00-04:00,2026-09-10T11:20:00-04:00,SNDK,1,buy,1695.2900390625,1696.1376840820312,0.84764501953125,0.0,0.84764501953125,1695.2900390625,8,172218.7380594489,102461.80620520085,0.9455384017457468,-0.6808091174436789,policy_rebalance
2026-09-10,2026-09-10T11:25:00-04:00,2026-09-10T11:25:00-04:00,TSLA,26,buy,365.80999755859375,365.99290255737304,4.755529968261719,0.0,4.755529968261719,9511.059936523438,-20,162702.92259295718,102436.53666766422,0.853041456988039,-0.588329007264427,policy_rebalance
2026-09-10,2026-09-10T11:25:00-04:00,2026-09-10T11:25:00-04:00,NVDA,69,buy,218.05999755859375,218.16902755737303,7.523069915771484,0.0,7.523069915771484,15046.139831542969,-236,147649.25969149845,102429.01359774845,0.7062107709083715,-0.44147887893693444,policy_rebalance
2026-09-10,2026-09-10T11:25:00-04:00,2026-09-10T11:25:00-04:00,SNDK,14,buy,1694.76416015625,1695.611542236328,11.86334912109375,0.0,11.86334912109375,23726.6982421875,22,123910.69810018985,102417.15024862735,0.9379598110788577,-0.20986277981163187,policy_rebalance
2026-09-10,2026-09-10T11:30:00-04:00,2026-09-10T11:30:00-04:00,SNDK,-1,sell,1694.780029296875,1693.9326392822265,0.8473900146484376,0.0,0.8473900146484376,1694.780029296875,21,125604.63073947208,102391.51581027286,0.921891578737596,-0.22670935912514603,policy_rebalance
2026-09-10,2026-09-10T11:30:00-04:00,2026-09-10T11:30:00-04:00,TSLA,-3,sell,366.0802917480469,365.89725160217284,0.5491204376220703,0.0,0.5491204376220703,1098.2408752441406,-23,126702.3224942786,102390.96668983524,0.9326224775685411,-0.23743652970957685,policy_rebalance
2026-09-10,2026-09-10T11:35:00-04:00,2026-09-10T11:35:00-04:00,SNDK,-2,sell,1694.5699462890625,1693.722661315918,1.6945699462890624,0.0,1.6945699462890624,3389.139892578125,19,130089.76781691043,102334.35717237918,0.9004704885993787,-0.2712227976160351,policy_rebalance
2026-09-10,2026-09-10T11:35:00-04:00,2026-09-10T11:35:00-04:00,NVDA,-17,sell,218.4199981689453,218.31078816986084,1.856569984436035,0.0,1.856569984436035,3713.1399688720703,-253,133801.05121579807,102332.50060239475,0.9367718760714459,-0.30751276894592866,policy_rebalance
2026-09-10,2026-09-10T11:40:00-04:00,2026-09-10T11:40:00-04:00,SNDK,-2,sell,1696.5050048828125,1695.6567523803712,1.6965050048828125,0.0,1.6965050048828125,3393.010009765625,17,137192.3647205588,102313.40285227267,0.9046725986422973,-0.3409031553632015,policy_rebalance
2026-09-10,2026-09-10T11:40:00-04:00,2026-09-10T11:40:00-04:00,TSLA,1,buy,365.9800109863281,366.16300099182126,0.18299000549316408,0.0,0.18299000549316408,365.9800109863281,-22,136826.20171956698,102313.21986226717,0.9010971617101494,-0.3373267101139107,policy_rebalance
2026-09-10,2026-09-10T11:40:00-04:00,2026-09-10T11:40:00-04:00,NVDA,1,buy,218.5850067138672,218.6942992172241,0.10929250335693359,0.0,0.10929250335693359,218.5850067138672,-252,136607.50742034975,102313.11056976381,0.8989616922445787,-0.33519063841971414,policy_rebalance
2026-09-10,2026-09-10T11:45:00-04:00,2026-09-10T11:45:00-04:00,SNDK,-9,sell,1698.1600341796875,1697.3109541625977,7.641720153808594,0.0,7.641720153808594,15283.440307617188,8,151883.30600781314,102277.1064228522,0.7506739564415501,-0.48501762828398925,policy_rebalance
2026-09-10,2026-09-10T11:45:00-04:00,2026-09-10T11:45:00-04:00,TSLA,-9,sell,366.8299865722656,366.6465715789795,1.6507349395751953,0.0,1.6507349395751953,3301.4698791503906,-31,155183.12515202395,102275.45568791262,0.7829662500389166,-0.5173056341646219,policy_rebalance
2026-09-10,2026-09-10T11:45:00-04:00,2026-09-10T11:45:00-04:00,NVDA,-75,sell,218.73500061035156,218.6256331100464,8.202562522888183,0.0,8.202562522888183,16405.125045776367,-327,171580.04763527744,102267.25312538975,0.9434433027986444,-0.6777613790496883,policy_rebalance
2026-09-10,2026-09-10T11:50:00-04:00,2026-09-10T11:50:00-04:00,SNDK,-1,sell,1697.9576416015625,1697.1086627807617,0.8489788208007812,0.0,0.8489788208007812,1697.9576416015625,7,173277.1562980582,102222.66974105136,0.9276405495927662,-0.6950951949993166,policy_rebalance
2026-09-10,2026-09-10T11:50:00-04:00,2026-09-10T11:50:00-04:00,NVDA,1,buy,218.86000061035156,218.96943061065673,0.10943000030517579,0.0,0.10943000030517579,218.86000061035156,-326,173058.18686744754,102222.56031105106,0.9255005279748467,-0.69295492443989,policy_rebalance
2026-09-10,2026-09-10T11:50:00-04:00,2026-09-10T11:50:00-04:00,TSLA,-1,sell,366.8699951171875,366.68656011962895,0.18343499755859374,0.0,0.18343499755859374,366.8699951171875,-32,173424.87342756716,102222.37687605349,0.9290911289324953,-0.6965451081014092,policy_rebalance
2026-09-10,2026-09-10T11:55:00-04:00,2026-09-10T11:55:00-04:00,TSLA,-6,sell,365.8999938964844,365.7170438995362,1.097699981689453,0.0,1.097699981689453,2195.3999633789062,-38,175619.1756909644,102271.6045239722,0.9495172311887795,-0.7171841246491807,policy_rebalance
2026-09-10,2026-09-10T12:00:00-04:00,2026-09-10T12:00:00-04:00,SNDK,-3,sell,1698.3199462890625,1697.470786315918,2.5474799194335938,0.0,2.5474799194335938,5094.9598388671875,4,180711.58804991216,102246.08823301762,0.9002990821264621,-0.7674181102955507,policy_rebalance
2026-09-10,2026-09-10T12:00:00-04:00,2026-09-10T12:00:00-04:00,TSLA,-9,sell,366.75,366.56662500000004,1.650375,0.0,1.650375,3300.75,-47,184010.68767491216,102244.43785801763,0.9325965439764978,-0.7997134272520501,policy_rebalance
2026-09-10,2026-09-10T12:05:00-04:00,2026-09-10T12:05:00-04:00,NVDA,38,buy,218.92999267578125,219.03945767211914,4.159669860839844,0.0,4.159669860839844,8319.339721679688,-288,175687.18828337162,102215.05275480717,0.8516297102712743,-0.7187995657039766,policy_rebalance
2026-09-10,2026-09-10T12:05:00-04:00,2026-09-10T12:05:00-04:00,TSLA,-26,sell,366.1471862792969,365.96411268615725,4.759913421630859,0.0,4.759913421630859,9519.826843261719,-73,185202.2552132117,102210.29284138553,0.9448089807947381,-0.8119726503534902,policy_rebalance
2026-09-10,2026-09-10T12:10:00-04:00,2026-09-10T12:10:00-04:00,TSLA,1,buy,366.5199890136719,366.7032490081787,0.18325999450683594,0.0,0.18325999450683594,366.5199890136719,-72,184835.5519642035,102168.39351693788,0.9416771234644656,-0.8091265370983908,policy_rebalance
2026-09-10,2026-09-10T12:10:00-04:00,2026-09-10T12:10:00-04:00,NVDA,3,buy,218.9199981689453,219.02945816802978,0.328379997253418,0.0,0.328379997253418,656.7599945068359,-285,184178.46358969942,102168.06513694063,0.9352519184290591,-0.802700906030044,policy_rebalance
2026-09-10,2026-09-10T12:15:00-04:00,2026-09-10T12:15:00-04:00,NVDA,32,buy,218.3300018310547,218.4391668319702,3.493280029296875,0.0,3.493280029296875,6986.56005859375,-253,177188.41025107636,102343.94078391328,0.8636207348766505,-0.7313033765739785,policy_rebalance
2026-09-10,2026-09-10T12:15:00-04:00,2026-09-10T12:15:00-04:00,SNDK,5,buy,1692.7349853515625,1693.5813528442382,4.231837463378906,0.0,4.231837463378906,8463.674926757812,9,168720.50348685516,102339.70894644989,0.9463582149467612,-0.6486318480262592,policy_rebalance
2026-09-10,2026-09-10T12:20:00-04:00,2026-09-10T12:20:00-04:00,NVDA,21,buy,218.22000122070312,218.32911122131347,2.291310012817383,0.0,2.291310012817383,4582.620025634766,-232,164135.5921512076,102295.53404573884,0.9010156581075777,-0.6045235374382869,policy_rebalance
2026-09-10,2026-09-10T12:20:00-04:00,2026-09-10T12:20:00-04:00,SNDK,2,buy,1684.989990234375,1685.832485229492,1.684989990234375,0.0,1.684989990234375,3369.97998046875,11,160763.9271807486,102293.84905574861,0.9339746112993409,-0.5715893835721705,policy_rebalance
2026-09-10,2026-09-10T12:25:00-04:00,2026-09-10T12:25:00-04:00,TSLA,21,buy,366.20001220703125,366.3831122131347,3.845100128173828,0.0,3.845100128173828,7690.200256347656,-51,153069.88182427277,102278.78190972199,0.8584977086650704,-0.4965946892033028,policy_rebalance
2026-09-10,2026-09-10T12:25:00-04:00,2026-09-10T12:25:00-04:00,SNDK,5,buy,1682.5,1683.34125,4.20625,0.0,4.20625,8412.5,16,144653.17557427278,102274.575659722,0.9407870850980592,-0.41436104370209004,policy_rebalance
2026-09-10,2026-09-10T12:30:00-04:00,2026-09-10T12:30:00-04:00,NVDA,99,buy,217.75,217.85887499999998,10.778625,0.0,10.778625,21557.25,-133,123085.14694927278,102368.33570049348,0.7282221486132838,-0.2023751886461453,policy_rebalance
2026-09-10,2026-09-10T12:30:00-04:00,2026-09-10T12:30:00-04:00,SNDK,13,buy,1682.18994140625,1683.0310363769531,10.934234619140625,0.0,10.934234619140625,21868.46923828125,29,101205.74347637239,102357.40146587434,0.9419480880843302,0.011251340626167738,policy_rebalance
2026-09-10,2026-09-10T12:35:00-04:00,2026-09-10T12:35:00-04:00,SNDK,-6,sell,1677.6600341796875,1676.8212041625977,5.032980102539063,0.0,5.032980102539063,10065.960205078125,23,111266.67070134798,102221.15246709505,0.8434446073602239,-0.08848969137933246,policy_rebalance
2026-09-10,2026-09-10T12:35:00-04:00,2026-09-10T12:35:00-04:00,TSLA,-29,sell,365.7449951171875,365.56212261962895,5.303302429199219,0.0,5.303302429199219,10606.604858398438,-80,121867.97225731722,102215.84916466585,0.9472551023759185,-0.19226101679195115,policy_rebalance
2026-09-10,2026-09-10T12:40:00-04:00,2026-09-10T12:40:00-04:00,SNDK,-12,sell,1680.9998779296875,1680.1593779907228,10.085999267578124,0.0,10.085999267578124,20171.99853515625,11,142029.88479320589,102219.44344799104,0.7512507999394434,-0.3894605566451776,policy_rebalance
2026-09-10,2026-09-10T12:40:00-04:00,2026-09-10T12:40:00-04:00,NVDA,1,buy,217.96270751953125,218.071688873291,0.10898135375976563,0.0,0.10898135375976563,217.96270751953125,-132,141811.8131043326,102219.33446663729,0.7491192967719926,-0.38732866775431457,policy_rebalance
2026-09-10,2026-09-10T12:40:00-04:00,2026-09-10T12:40:00-04:00,TSLA,-24,sell,366.4049987792969,366.22179627990727,4.396859985351562,0.0,4.396859985351562,8793.719970703125,-104,150601.13621505038,102214.93760665195,0.8351831730443278,-0.4733769813038516,policy_rebalance
2026-09-10,2026-09-10T12:45:00-04:00,2026-09-10T12:45:00-04:00,SNDK,-1,sell,1683.989990234375,1683.1479952392579,0.8419949951171875,0.0,0.8419949951171875,1683.989990234375,10,152284.28421028965,102148.11788948887,0.8205336315267833,-0.4908183073430845,policy_rebalance
2026-09-10,2026-09-10T12:45:00-04:00,2026-09-10T12:45:00-04:00,TSLA,-16,sell,366.75,366.56662500000004,2.934,0.0,2.934,5868.0,-120,158149.35021028965,102145.18388948886,0.8780048428178229,-0.5482800479501004,policy_rebalance
2026-09-10,2026-09-10T12:45:00-04:00,2026-09-10T12:45:00-04:00,NVDA,-11,sell,218.4398956298828,218.3306756820679,1.2014194259643554,0.0,1.2014194259643554,2402.838851928711,-143,160550.9876427924,102143.98247006291,0.9015392072108257,-0.5718105341139194,policy_rebalance
2026-09-10,2026-09-10T12:50:00-04:00,2026-09-10T12:50:00-04:00,TSLA,20,buy,366.3500061035156,366.5331811065674,3.6635000610351565,0.0,3.6635000610351565,7327.0001220703125,-100,153220.32402066106,102162.2935641181,0.8292700477867282,-0.4997737293798952,policy_rebalance
2026-09-10,2026-09-10T12:50:00-04:00,2026-09-10T12:50:00-04:00,SNDK,7,buy,1683.10498046875,1683.9465329589843,5.890867431640625,0.0,5.890867431640625,11781.73486328125,17,141432.69828994817,102156.40269668645,0.9446482293990307,-0.3844721873172976,policy_rebalance
2026-09-10,2026-09-10T12:55:00-04:00,2026-09-10T12:55:00-04:00,SNDK,-2,sell,1691.3599853515625,1690.5143053588868,1.6913599853515624,0.0,1.6913599853515624,3382.719970703125,15,144813.72690066593,102301.45572146671,0.9115517475493564,-0.41555880978806575,policy_rebalance
2026-09-10,2026-09-10T12:55:00-04:00,2026-09-10T12:55:00-04:00,NVDA,1,buy,218.69000244140625,218.79934744262695,0.10934500122070312,0.0,0.10934500122070312,218.69000244140625,-142,144594.9275532233,102301.34637646549,0.9094150178135615,-0.4134215499092149,policy_rebalance
2026-09-10,2026-09-10T12:55:00-04:00,2026-09-10T12:55:00-04:00,TSLA,-7,sell,366.1000061035156,365.9169561004639,1.2813500213623046,0.0,1.2813500213623046,2562.7000427246094,-107,147156.34624592654,102300.06502644412,0.9344772239911858,-0.4384775435664412,policy_rebalance
2026-09-10,2026-09-10T13:00:00-04:00,2026-09-10T13:00:00-04:00,SNDK,-2,sell,1692.5550537109375,1691.7087761840821,1.6925550537109375,0.0,1.6925550537109375,3385.110107421875,13,150539.7637982947,102336.85501533572,0.9010374626582506,-0.4710219869052603,policy_rebalance
2026-09-10,2026-09-10T13:00:00-04:00,2026-09-10T13:00:00-04:00,NVDA,-19,sell,218.75999450683594,218.65061450958254,2.0782199478149415,0.0,2.0782199478149415,4156.439895629883,-161,154694.12547397678,102334.77679538791,0.9416718645680998,-0.5116476560385543,policy_rebalance
2026-09-10,2026-09-10T13:05:00-04:00,2026-09-10T13:05:00-04:00,SNDK,-6,sell,1694.43994140625,1693.592721435547,5.08331982421875,0.0,5.08331982421875,10166.6396484375,7,164855.68180259006,102306.56786521213,0.8432623136251327,-0.6113890363303532,policy_rebalance
2026-09-10,2026-09-10T13:05:00-04:00,2026-09-10T13:05:00-04:00,TSLA,1,buy,366.2149963378906,366.39810383605953,0.1831074981689453,0.0,0.1831074981689453,366.2149963378906,-106,164489.283698754,102306.38475771397,0.8396842320659781,-0.6078105397654706,policy_rebalance
2026-09-10,2026-09-10T13:05:00-04:00,2026-09-10T13:05:00-04:00,NVDA,1,buy,218.7899932861328,218.89938828277587,0.1093949966430664,0.0,0.1093949966430664,218.7899932861328,-160,164270.38431047124,102306.27536271734,0.8375465515057483,-0.6056726112652029,policy_rebalance
2026-09-10,2026-09-10T13:10:00-04:00,2026-09-10T13:10:00-04:00,SNDK,-7,sell,1698.989990234375,1698.140495239258,5.946464965820312,0.0,5.946464965820312,11892.929931640625,0,176157.36777714605,102340.00809697027,0.7212952300163157,-0.7212952300163157,policy_rebalance
2026-09-10,2026-09-10T13:10:00-04:00,2026-09-10T13:10:00-04:00,NVDA,-106,sell,218.91000366210938,218.80054866027834,11.602230194091797,0.0,11.602230194091797,23204.460388183594,-266,199350.22593513556,102328.40586677619,0.9481416156787824,-0.9481416156787824,policy_rebalance
2026-09-10,2026-09-10T13:15:00-04:00,2026-09-10T13:15:00-04:00,TSLA,1,buy,366.1199951171875,366.3030551147461,0.18305999755859376,0.0,0.18305999755859376,366.1199951171875,-105,198983.9228800208,102353.82339271612,0.9440790415473747,-0.9440790415473747,policy_rebalance
2026-09-10,2026-09-10T13:15:00-04:00,2026-09-10T13:15:00-04:00,NVDA,-1,sell,218.75,218.640625,0.109375,0.0,0.109375,218.75,-267,199202.5635050208,102353.71401771612,0.9462172468948356,-0.9462172468948356,policy_rebalance
2026-09-10,2026-09-10T13:20:00-04:00,2026-09-10T13:20:00-04:00,NVDA,-1,sell,218.79519653320312,218.68579893493654,0.10939759826660156,0.0,0.10939759826660156,218.79519653320312,-268,199421.24930395573,102335.05795874089,0.9487090082497216,-0.9487090082497216,policy_rebalance
2026-09-10,2026-09-10T13:25:00-04:00,2026-09-10T13:25:00-04:00,TSLA,1,buy,366.44000244140625,366.6232224426269,0.18322000122070312,0.0,0.18322000122070312,366.44000244140625,-104,199054.6260815131,102354.7071362006,0.9447530226102506,-0.9447530226102506,policy_rebalance
2026-09-10,2026-09-10T13:30:00-04:00,2026-09-10T13:30:00-04:00,NVDA,18,buy,218.68499755859375,218.79434005737303,1.9681649780273438,0.0,1.9681649780273438,3936.3299560546875,-250,195116.32796048038,102291.64009426945,0.9074513594724457,-0.9074513594724457,policy_rebalance
2026-09-10,2026-09-10T13:30:00-04:00,2026-09-10T13:30:00-04:00,SNDK,-2,sell,1701.60986328125,1700.7590583496094,1.70160986328125,0.0,1.70160986328125,3403.2197265625,-2,198517.8460771796,102289.93848440616,0.940736782312594,-0.940736782312594,policy_rebalance
2026-09-10,2026-09-10T13:40:00-04:00,2026-09-10T13:40:00-04:00,TSLA,-3,sell,366.1705017089844,365.9874164581299,0.5492557525634766,0.0,0.5492557525634766,1098.5115051269531,-107,199615.808326554,102496.10376722782,0.9475453308926588,-0.9475453308926588,policy_rebalance
2026-09-10,2026-09-10T13:45:00-04:00,2026-09-10T13:45:00-04:00,SNDK,2,buy,1701.0050048828125,1701.8555073852538,1.7010050048828125,0.0,1.7010050048828125,3402.010009765625,0,196212.0973117835,102310.10057716435,0.9178174608849724,-0.9178174608849724,policy_rebalance
2026-09-10,2026-09-10T13:45:00-04:00,2026-09-10T13:45:00-04:00,TSLA,-8,sell,367.385009765625,367.2013172607422,1.4695400390625,0.0,1.4695400390625,2939.080078125,-115,199149.70784986945,102308.6310371253,0.9465582310216122,-0.9465582310216122,policy_rebalance
2026-09-10,2026-09-10T13:50:00-04:00,2026-09-10T13:50:00-04:00,NVDA,-2,sell,218.3699951171875,218.26081011962893,0.2183699951171875,0.0,0.2183699951171875,436.739990234375,-252,199586.2294701087,102412.94056019658,0.948837992331597,-0.948837992331597,policy_rebalance
2026-09-10,2026-09-10T13:55:00-04:00,2026-09-10T13:55:00-04:00,TSLA,1,buy,366.44000244140625,366.6232224426269,0.18322000122070312,0.0,0.18322000122070312,366.44000244140625,-114,199219.60624766606,102354.01084971684,0.9463781105771606,-0.9463781105771606,policy_rebalance
2026-09-10,2026-09-10T13:55:00-04:00,2026-09-10T13:55:00-04:00,NVDA,1,buy,218.61680603027344,218.72611443328856,0.10930840301513672,0.0,0.10930840301513672,218.61680603027344,-251,199000.88013323277,102353.90154131383,0.9442432299750552,-0.9442432299750552,policy_rebalance
2026-09-10,2026-09-10T14:00:00-04:00,2026-09-10T14:00:00-04:00,TSLA,1,buy,365.4549865722656,365.63771406555173,0.1827274932861328,0.0,0.1827274932861328,365.4549865722656,-113,198635.24241916722,102532.97740451878,0.9372815210027546,-0.9372815210027546,policy_rebalance
2026-09-10,2026-09-10T14:00:00-04:00,2026-09-10T14:00:00-04:00,NVDA,1,buy,218.35000610351562,218.45918110656737,0.10917500305175781,0.0,0.10917500305175781,218.35000610351562,-250,198416.78323806066,102532.86822951573,0.935152957916993,-0.935152957916993,policy_rebalance
2026-09-10,2026-09-10T14:10:00-04:00,2026-09-10T14:10:00-04:00,TSLA,2,buy,365.5,365.68275,0.3655,0.0,0.3655,731.0,-111,197685.41773806064,102569.91956911533,0.9273235132533476,-0.9273235132533476,policy_rebalance
2026-09-10,2026-09-10T14:10:00-04:00,2026-09-10T14:10:00-04:00,NVDA,1,buy,218.17999267578125,218.28908267211912,0.10908999633789063,0.0,0.10908999633789063,218.17999267578125,-249,197467.12865538851,102569.81047911898,0.9251973629763954,-0.9251973629763954,policy_rebalance
2026-09-10,2026-09-10T14:10:00-04:00,2026-09-10T14:10:00-04:00,SNDK,-1,sell,1707.2900390625,1706.436394042969,0.85364501953125,0.0,0.85364501953125,1707.2900390625,-1,199173.5650494315,102568.95683409946,0.9418503531393569,-0.9418503531393569,policy_rebalance
2026-09-10,2026-09-10T14:15:00-04:00,2026-09-10T14:15:00-04:00,TSLA,42,buy,365.55999755859375,365.742777557373,7.676759948730469,0.0,7.676759948730469,15353.519897460938,-69,183812.36839202183,102552.99360564488,0.7923647270488274,-0.7923647270488274,policy_rebalance
2026-09-10,2026-09-10T14:15:00-04:00,2026-09-10T14:15:00-04:00,SNDK,-9,sell,1711.280029296875,1710.4243892822267,7.7007601318359375,0.0,7.7007601318359375,15401.520263671875,-10,199206.18789556186,102545.29284551303,0.9426165976791427,-0.9426165976791427,policy_rebalance
2026-09-10,2026-09-10T14:20:00-04:00,2026-09-10T14:20:00-04:00,NVDA,-3,sell,218.1699981689453,218.06091316986084,0.32725499725341795,0.0,0.32725499725341795,654.5099945068359,-252,199860.37063507145,102532.68127349918,0.9492357768539872,-0.9492357768539872,policy_rebalance
2026-09-10,2026-09-10T14:25:00-04:00,2026-09-10T14:25:00-04:00,SNDK,3,buy,1712.0,1712.856,2.568,0.0,2.568,5136.0,-7,194721.80263507145,102511.2908552863,0.899515663205894,-0.899515663205894,policy_rebalance
2026-09-10,2026-09-10T14:30:00-04:00,2026-09-10T14:30:00-04:00,SNDK,3,buy,1716.31005859375,1717.1682136230468,2.574465087890625,0.0,2.574465087890625,5148.93017578125,-4,189570.29799420232,102519.8022056281,0.8491090883493272,-0.8491090883493272,policy_rebalance
2026-09-10,2026-09-10T14:30:00-04:00,2026-09-10T14:30:00-04:00,TSLA,1,buy,365.8212890625,366.0041997070312,0.18291064453125,0.0,0.18291064453125,365.8212890625,-68,189204.2937944953,102519.61929498357,0.8455422981048206,-0.8455422981048206,policy_rebalance
2026-09-10,2026-09-10T14:30:00-04:00,2026-09-10T14:30:00-04:00,NVDA,1,buy,218.0301055908203,218.1391206436157,0.10901505279541016,0.0,0.10901505279541016,218.0301055908203,-251,188986.15467385168,102519.51027993078,0.8434164790469898,-0.8434164790469898,policy_rebalance
2026-09-10,2026-09-10T14:35:00-04:00,2026-09-10T14:35:00-04:00,NVDA,-23,sell,217.89999389648438,217.79104389953613,2.50584992980957,0.0,2.50584992980957,5011.699859619141,-274,193995.348683541,102547.02525824803,0.891769636369219,-0.891769636369219,policy_rebalance
2026-09-10,2026-09-10T14:40:00-04:00,2026-09-10T14:40:00-04:00,TSLA,67,buy,366.0007019042969,366.183702255249,12.261023513793946,0.0,12.261023513793946,24522.04702758789,-1,169461.0406324393,102457.85792369908,0.6539584573263074,-0.6539584573263074,policy_rebalance
2026-09-10,2026-09-10T14:40:00-04:00,2026-09-10T14:40:00-04:00,SNDK,-17,sell,1721.5,1720.6392500000002,14.63275,0.0,14.63275,29265.5,-21,198711.90788243932,102443.22517369909,0.9397271761554801,-0.9397271761554801,policy_rebalance
2026-09-10,2026-09-10T14:45:00-04:00,2026-09-10T14:45:00-04:00,SNDK,1,buy,1720.0,1720.86,0.86,0.0,0.86,1720.0,-20,196991.04788243934,102514.94839513465,0.9215836418622098,-0.9215836418622098,policy_rebalance
2026-09-10,2026-09-10T14:45:00-04:00,2026-09-10T14:45:00-04:00,TSLA,1,buy,366.0199890136719,366.20299900817867,0.18300999450683594,0.0,0.18300999450683594,366.0199890136719,0,196624.84488343116,102514.76538514014,0.9180148746839213,-0.9180148746839213,policy_rebalance
2026-09-10,2026-09-10T14:50:00-04:00,2026-09-10T14:50:00-04:00,SNDK,9,buy,1713.68994140625,1714.546786376953,7.711604736328125,0.0,7.711604736328125,15423.20947265625,-11,181193.92380603857,102629.14511951513,0.7655211255538773,-0.7655211255538773,policy_rebalance
2026-09-10,2026-09-10T14:50:00-04:00,2026-09-10T14:50:00-04:00,NVDA,1,buy,217.93499755859375,218.04396505737304,0.10896749877929687,0.0,0.10896749877929687,217.93499755859375,-273,180975.8798409812,102629.03615201634,0.7633984165350224,-0.7633984165350224,policy_rebalance
2026-09-10,2026-09-10T14:55:00-04:00,2026-09-10T14:55:00-04:00,SNDK,6,buy,1711.280029296875,1712.1356693115233,5.133840087890625,0.0,5.133840087890625,10267.68017578125,-5,170703.06582511205,102583.52767813939,0.6640397312198201,-0.6640397312198201,policy_rebalance
2026-09-10,2026-09-10T15:00:00-04:00,2026-09-10T15:00:00-04:00,NVDA,1,buy,218.22999572753906,218.33911072540283,0.10911499786376953,0.0,0.10911499786376953,218.22999572753906,-272,170484.72671438663,102578.36758352726,0.6619949286633436,-0.6619949286633436,policy_rebalance
2026-09-10,2026-09-10T15:10:00-04:00,2026-09-10T15:10:00-04:00,NVDA,1,buy,217.99240112304688,218.10139732360838,0.10899620056152344,0.0,0.10899620056152344,217.99240112304688,-271,170266.62531706304,102675.68461271733,0.6582954957572685,-0.6582954957572685,policy_rebalance
2026-09-10,2026-09-10T15:10:00-04:00,2026-09-10T15:10:00-04:00,SNDK,-1,sell,1703.0,1702.1485,0.8515,0.0,0.8515,1703.0,-6,171968.77381706305,102674.83311271734,0.6748872981198245,-0.6748872981198245,policy_rebalance
2026-09-10,2026-09-10T15:15:00-04:00,2026-09-10T15:15:00-04:00,SNDK,6,buy,1700.875,1701.7254375,5.102625,0.0,5.102625,10205.25,0,161758.42119206305,102688.5508612525,0.5752332644232435,-0.5752332644232435,policy_rebalance
2026-09-10,2026-09-10T15:15:00-04:00,2026-09-10T15:15:00-04:00,SNDK,3,buy,1700.875,1701.7254375,2.5513125,0.0,2.5513125,5102.625,3,156653.24487956305,102685.9995487525,0.6249390921139468,-0.5255560209567651,policy_rebalance
2026-09-10,2026-09-10T15:20:00-04:00,2026-09-10T15:20:00-04:00,TSLA,68,buy,364.010009765625,364.1920147705078,12.37634033203125,0.0,12.37634033203125,24752.6806640625,68,131888.1878751685,102638.95984782476,0.8668424685722053,-0.2849719840371476,policy_rebalance
2026-09-10,2026-09-10T15:20:00-04:00,2026-09-10T15:20:00-04:00,NVDA,-37,sell,218.1199951171875,218.01093511962893,4.035219909667969,0.0,4.035219909667969,8070.4398193359375,-308,139954.59247459477,102634.92462791508,0.9455090408778246,-0.3636156793798563,policy_rebalance
2026-09-10,2026-09-10T15:25:00-04:00,2026-09-10T15:25:00-04:00,SNDK,-3,sell,1708.0799560546875,1707.2259160766603,2.5621199340820313,0.0,2.5621199340820313,5124.2398681640625,0,145076.27022282477,102629.24776188727,0.89623166207193,-0.4135957671581099,policy_rebalance
2026-09-10,2026-09-10T15:25:00-04:00,2026-09-10T15:25:00-04:00,SNDK,-3,sell,1708.0799560546875,1707.2259160766603,2.5621199340820313,0.0,2.5621199340820313,5124.2398681640625,-3,150197.94797105476,102626.6856419532,0.9461849085312047,-0.46353696440192454,policy_rebalance
2026-09-10,2026-09-10T15:30:00-04:00,2026-09-10T15:30:00-04:00,TSLA,-16,sell,363.9599914550781,363.7780114593506,2.911679931640625,0.0,2.911679931640625,5823.35986328125,52,156018.39615440436,102565.08463096686,0.890216694728865,-0.5211647971214043,policy_rebalance
2026-09-10,2026-09-10T15:30:00-04:00,2026-09-10T15:30:00-04:00,SNDK,-3,sell,1713.260009765625,1712.4033797607424,2.5698900146484376,0.0,2.5698900146484376,5139.780029296875,-6,161155.60629368658,102562.5147409522,0.940352631832973,-0.571291486960184,policy_rebalance
2026-09-10,2026-09-10T15:35:00-04:00,2026-09-10T15:35:00-04:00,SNDK,1,buy,1708.2010498046875,1709.0551503295897,0.8541005249023438,0.0,0.8541005249023438,1708.2010498046875,-5,159446.55114335698,102548.24328202885,0.9244030340515359,-0.5548442961118898,policy_rebalance
2026-09-10,2026-09-10T15:35:00-04:00,2026-09-10T15:35:00-04:00,NVDA,-4,sell,218.52630615234375,218.41704299926758,0.4370526123046875,0.0,0.4370526123046875,874.105224609375,-312,160320.21931535404,102547.80622941654,0.9329308540949389,-0.563370541118071,policy_rebalance
2026-09-10,2026-09-10T15:40:00-04:00,2026-09-10T15:40:00-04:00,TSLA,-1,sell,363.57501220703125,363.39322470092776,0.18178750610351563,0.0,0.18178750610351563,363.57501220703125,51,160683.61254005498,102554.81767921514,0.9284151467537932,-0.566807061591811,policy_rebalance
2026-09-10,2026-09-10T15:40:00-04:00,2026-09-10T15:40:00-04:00,NVDA,1,buy,218.36000061035156,218.46918061065674,0.10918000030517579,0.0,0.10918000030517579,218.36000061035156,-311,160465.1433594443,102554.70849921482,0.926286930122511,-0.5646784599916528,policy_rebalance
2026-09-10,2026-09-10T15:50:00-04:00,2026-09-10T15:50:00-04:00,SNDK,1,buy,1709.25,1710.104625,0.854625,0.0,0.854625,1709.25,-4,158755.0387344443,102437.52823639743,0.9119605979399268,-0.5497742035329246,policy_rebalance
2026-09-10,2026-09-10T15:55:00-04:00,,TSLA,-51,sell,363.1499938964844,362.9684188995362,9.260324844360351,0.0,9.260324844360351,18520.649688720703,0,177266.42809832064,102551.3471046683,0.728562647913293,-0.728562647913293,scheduled_1555_liquidation
2026-09-10,2026-09-10T15:55:00-04:00,,SNDK,4,buy,1695.06005859375,1695.9075886230469,3.3901201171875,0.0,3.3901201171875,6780.240234375,0,170482.79774382844,102547.9569845511,0.6624689828731718,-0.6624689828731718,scheduled_1555_liquidation
2026-09-10,2026-09-10T15:55:00-04:00,,NVDA,311,buy,218.44000244140625,218.54922244262693,33.967420379638675,0.0,33.967420379638675,67934.84075927734,0,102513.98956417147,102513.98956417147,0.0,0.0,scheduled_1555_liquidation
2026-09-11,2026-09-11T09:35:00-04:00,2026-09-11T09:35:00-04:00,SNDK,-40,sell,1677.239990234375,1676.4013702392579,33.5447998046875,0.0,33.5447998046875,67089.599609375,-40,169570.04437374178,102480.44476436678,0.6546575765126125,-0.6546575765126125,policy_rebalance
2026-09-11,2026-09-11T09:35:00-04:00,2026-09-11T09:35:00-04:00,TSLA,79,buy,364.45001220703125,364.6322372131348,14.395775482177735,0.0,14.395775482177735,28791.55096435547,79,140764.09763390414,102466.0489888846,0.9357358024425392,-0.37376330036082545,policy_rebalance
2026-09-11,2026-09-11T09:40:00-04:00,2026-09-11T09:40:00-04:00,SNDK,25,buy,1660.5400390625,1661.370309082031,20.75675048828125,0.0,20.75675048828125,41513.5009765625,-15,99229.83990685336,103297.92096154086,0.5216395618129073,0.03938202256947745,policy_rebalance
2026-09-11,2026-09-11T09:40:00-04:00,2026-09-11T09:40:00-04:00,TSLA,11,buy,366.787109375,366.9705029296875,2.0173291015625,0.0,2.0173291015625,4034.658203125,90,95193.1643746268,103295.9036324393,0.5607089767642877,0.07844201921738063,policy_rebalance
2026-09-11,2026-09-11T09:40:00-04:00,2026-09-11T09:40:00-04:00,NVDA,-4,sell,219.62879943847656,219.51898503875734,0.43925759887695315,0.0,0.43925759887695315,878.5151977539062,-4,96071.24031478183,103295.46437484042,0.5692162379373809,0.06993747599452384,policy_rebalance
2026-09-11,2026-09-11T09:45:00-04:00,2026-09-11T09:45:00-04:00,TSLA,107,buy,367.07501220703125,367.25854971313476,19.638513153076172,0.0,19.638513153076172,39277.026306152344,197,56774.575495476405,103455.52221178499,0.9467508935168689,0.4512175446830909,policy_rebalance
2026-09-11,2026-09-11T09:50:00-04:00,2026-09-11T09:50:00-04:00,TSLA,-28,sell,367.5150146484375,367.3312571411133,5.145210205078125,0.0,5.145210205078125,10290.42041015625,169,67059.85069542758,103406.74229699008,0.8497819522950696,0.351494407368256,policy_rebalance
2026-09-11,2026-09-11T09:50:00-04:00,2026-09-11T09:50:00-04:00,NVDA,-46,sell,219.77999877929688,219.67010877990725,5.054939971923828,0.0,5.054939971923828,10109.879943847656,-50,77164.67569930332,103401.68735701816,0.9475963671187291,0.25373871866447895,policy_rebalance
2026-09-11,2026-09-11T09:55:00-04:00,2026-09-11T09:55:00-04:00,TSLA,-3,sell,364.9849853515625,364.80249285888675,0.5474774780273437,0.0,0.5474774780273437,1094.9549560546875,166,78259.08317787998,103125.36424477451,0.9338995772294137,0.24112672230541515,policy_rebalance
2026-09-11,2026-09-11T09:55:00-04:00,2026-09-11T09:55:00-04:00,NVDA,50,buy,221.16000366210938,221.2705836639404,5.529000091552734,0.0,5.529000091552734,11058.000183105469,0,67195.55399468295,103119.83524468295,0.8267151870872915,0.34837411410480623,policy_rebalance
2026-09-11,2026-09-11T09:55:00-04:00,2026-09-11T09:55:00-04:00,SNDK,-7,sell,1644.215087890625,1643.3929803466797,5.754752807617187,0.0,5.754752807617187,11509.505615234375,-22,78699.3048571097,103114.08049187533,0.938380471807409,0.23677441061688312,policy_rebalance
2026-09-11,2026-09-11T10:00:00-04:00,2026-09-11T10:00:00-04:00,TSLA,-4,sell,368.30999755859375,368.1258425598145,0.7366199951171875,0.0,0.7366199951171875,1473.239990234375,162,80171.80822734896,103978.02783184114,0.9187154401407028,0.22895432911069333,policy_rebalance
2026-09-11,2026-09-11T10:00:00-04:00,2026-09-11T10:00:00-04:00,SNDK,-1,sell,1630.0,1629.1850000000002,0.815,0.0,0.815,1630.0,-23,81800.99322734895,103977.21283184114,0.9343991530299979,0.21327961195071696,policy_rebalance
2026-09-11,2026-09-11T10:05:00-04:00,2026-09-11T10:05:00-04:00,SNDK,6,buy,1619.5150146484375,1620.3247721557616,4.858545043945313,0.0,4.858545043945313,9717.090087890625,-17,72079.04459441439,103949.43332732454,0.836309505961542,0.30659511757562014,policy_rebalance
2026-09-11,2026-09-11T10:05:00-04:00,2026-09-11T10:05:00-04:00,TSLA,32,buy,366.6799011230469,366.8632410736084,5.86687841796875,0.0,5.86687841796875,11733.7568359375,194,60339.42088005892,103943.56644890658,0.9492425499503577,0.41949826293752634,policy_rebalance
2026-09-11,2026-09-11T10:10:00-04:00,2026-09-11T10:10:00-04:00,SNDK,6,buy,1628.8399658203125,1629.6543858032226,4.886519897460937,0.0,4.886519897460937,9773.039794921875,-11,50561.49456523958,103829.64446758333,0.858161747613509,0.5130341163690935,policy_rebalance
2026-09-11,2026-09-11T10:10:00-04:00,2026-09-11T10:10:00-04:00,TSLA,4,buy,366.93499755859375,367.11846505737304,0.7338699951171875,0.0,0.7338699951171875,1467.739990234375,198,49093.020705010094,103828.91059758823,0.8723039529100943,0.5271738822794655,policy_rebalance
2026-09-11,2026-09-11T10:15:00-04:00,2026-09-11T10:15:00-04:00,TSLA,-1,sell,365.0000915527344,364.817591506958,0.1825000457763672,0.0,0.1825000457763672,365.0000915527344,197,49457.83829651705,103354.04090271823,0.8699595359818333,0.521471653507296,policy_rebalance
2026-09-11,2026-09-11T10:15:00-04:00,2026-09-11T10:15:00-04:00,SNDK,11,buy,1637.1650390625,1637.9836215820312,9.00440771484375,0.0,9.00440771484375,18008.8154296875,0,31440.018459114708,103345.03649500338,0.6957762121392758,0.6957762121392758,policy_rebalance
2026-09-11,2026-09-11T10:15:00-04:00,2026-09-11T10:15:00-04:00,NVDA,-115,sell,221.1699981689453,221.05941316986085,12.717274894714356,0.0,12.717274894714356,25434.54978942871,-115,56861.8509736487,103332.31922010866,0.9420050625010545,0.4497186223747964,policy_rebalance
2026-09-11,2026-09-11T10:20:00-04:00,2026-09-11T10:20:00-04:00,TSLA,1,buy,364.79998779296875,364.9823877868652,0.18239999389648437,0.0,0.18239999389648437,364.79998779296875,198,56496.86858586184,103281.21567753665,0.945732943145296,0.4529802131468352,policy_rebalance
2026-09-11,2026-09-11T10:20:00-04:00,2026-09-11T10:20:00-04:00,NVDA,-1,sell,221.27000427246094,221.15936927032473,0.11063500213623047,0.0,0.11063500213623047,221.27000427246094,-116,56718.027955132166,103281.1050425345,0.9478763616858653,0.4508382929116237,policy_rebalance
2026-09-11,2026-09-11T10:30:00-04:00,2026-09-11T10:30:00-04:00,TSLA,-28,sell,366.43499755859375,366.25178005981445,5.1300899658203125,0.0,5.1300899658203125,10260.179931640625,170,66973.07779680697,103562.5878065726,0.849712150149375,0.35330818575241774,policy_rebalance
2026-09-11,2026-09-11T10:30:00-04:00,2026-09-11T10:30:00-04:00,NVDA,-45,sell,221.58999633789062,221.4792013397217,4.985774917602539,0.0,4.985774917602539,9971.549835205078,-161,76939.64185709445,103557.602031655,0.9460429468559376,0.25703530839217476,policy_rebalance
2026-09-11,2026-09-11T10:35:00-04:00,2026-09-11T10:35:00-04:00,TSLA,-170,sell,365.5611877441406,365.3784071502686,31.072700958251954,0.0,31.072700958251954,62145.401916503906,0,139053.9710726401,103608.29155298678,0.342112382979753,-0.342112382979753,policy_rebalance
2026-09-11,2026-09-11T10:35:00-04:00,2026-09-11T10:35:00-04:00,SNDK,23,buy,1639.4300537109375,1640.249768737793,18.85344561767578,0.0,18.85344561767578,37706.89123535156,23,101328.22639167086,103589.4381073691,0.7061778892861953,0.02182859331039643,policy_rebalance
2026-09-11,2026-09-11T10:35:00-04:00,2026-09-11T10:35:00-04:00,NVDA,-110,sell,220.1595001220703,220.04942037200928,12.108772506713867,0.0,12.108772506713867,24217.545013427734,-271,125533.66263259188,103577.32933486238,0.940071697095394,-0.2119801064453528,policy_rebalance
2026-09-11,2026-09-11T10:40:00-04:00,2026-09-11T10:40:00-04:00,SNDK,-4,sell,1633.81494140625,1632.998033935547,3.2676298828125,0.0,3.2676298828125,6535.259765625,19,132065.65476833406,103458.3822463614,0.8766060161220023,-0.27650995405912376,policy_rebalance
2026-09-11,2026-09-11T10:40:00-04:00,2026-09-11T10:40:00-04:00,NVDA,-28,sell,220.10980224609375,219.99974734497073,3.0815372314453127,0.0,3.0815372314453127,6163.074462890625,-299,138225.64769399323,103455.30070912995,0.9362044679625902,-0.3360905313360593,policy_rebalance
2026-09-11,2026-09-11T10:45:00-04:00,2026-09-11T10:45:00-04:00,SNDK,-6,sell,1629.0,1628.1855,4.887,0.0,4.887,9774.0,13,147994.76069399324,103457.54105898348,0.8398732344263926,-0.43048790043848123,policy_rebalance
2026-09-11,2026-09-11T10:45:00-04:00,2026-09-11T10:45:00-04:00,TSLA,30,buy,364.7850036621094,364.9673961639404,5.471775054931641,0.0,5.471775054931641,10943.550109863281,30,137045.73880907503,103452.06928392855,0.9457014289038668,-0.32472689775733,policy_rebalance
2026-09-11,2026-09-11T10:50:00-04:00,2026-09-11T10:50:00-04:00,NVDA,166,buy,219.97000122070312,220.07998622131348,18.25751010131836,0.0,18.25751010131836,36515.02020263672,-133,100512.46109633699,103426.25067763582,0.5939092783848555,0.028172630857331134,policy_rebalance
2026-09-11,2026-09-11T10:50:00-04:00,2026-09-11T10:50:00-04:00,TSLA,100,buy,366.2099914550781,366.3930964508057,18.310499572753905,0.0,18.310499572753905,36620.99914550781,130,63873.151451256424,103407.94017806306,0.9481555176776774,0.38231869485776243,policy_rebalance
2026-09-11,2026-09-11T10:55:00-04:00,2026-09-11T10:55:00-04:00,SNDK,-1,sell,1630.469970703125,1629.6547357177735,0.8152349853515625,0.0,0.8152349853515625,1630.469970703125,12,65502.8061869742,103305.72226363435,0.9314408143926467,0.36593245028758226,policy_rebalance
2026-09-11,2026-09-11T10:55:00-04:00,2026-09-11T10:55:00-04:00,NVDA,1,buy,219.625,219.73481249999998,0.1098125,0.0,0.1098125,219.625,-132,65283.0713744742,103305.61245113437,0.9293158309484082,0.36805881282244546,policy_rebalance
2026-09-11,2026-09-11T11:00:00-04:00,2026-09-11T11:00:00-04:00,SNDK,-1,sell,1634.9849853515625,1634.1674928588868,0.8174924926757813,0.0,0.8174924926757813,1634.9849853515625,11,66917.23886733309,103358.67252211824,0.9130944752500091,0.35257257824191646,policy_rebalance
2026-09-11,2026-09-11T11:00:00-04:00,2026-09-11T11:00:00-04:00,NVDA,39,buy,219.4499969482422,219.5597219467163,4.279274940490723,0.0,4.279274940490723,8558.549880981445,-93,58354.40971141115,103354.39324717775,0.8303244813493502,0.43539497569442115,policy_rebalance
2026-09-11,2026-09-11T11:00:00-04:00,2026-09-11T11:00:00-04:00,TSLA,29,buy,364.79998779296875,364.9823877868652,5.2895998229980465,0.0,5.2895998229980465,10579.199645996094,159,47769.92046559206,103349.10364735476,0.9327307079803884,0.5377809890969989,policy_rebalance
2026-09-11,2026-09-11T11:05:00-04:00,2026-09-11T11:05:00-04:00,SNDK,-11,sell,1637.4849853515625,1636.6662428588868,9.006167419433593,0.0,9.006167419433593,18012.334838867188,0,65773.24913703982,103370.22357856814,0.7597144715703854,0.36371184215299834,policy_rebalance
2026-09-11,2026-09-11T11:05:00-04:00,2026-09-11T11:05:00-04:00,SNDK,-8,sell,1637.4849853515625,1636.6662428588868,6.54993994140625,0.0,6.54993994140625,13099.8798828125,-8,78866.57907991091,103363.67363862673,0.8864984325661047,0.23699907033452536,policy_rebalance
2026-09-11,2026-09-11T11:05:00-04:00,2026-09-11T11:05:00-04:00,TSLA,14,buy,365.18499755859375,365.36759005737304,2.556294982910156,0.0,2.556294982910156,5112.5899658203125,173,73751.4328191077,103361.11734364383,0.9359837346677694,0.2864683092201206,policy_rebalance
2026-09-11,2026-09-11T11:10:00-04:00,2026-09-11T11:10:00-04:00,TSLA,-1,sell,365.79998779296875,365.6170877990723,0.18289999389648437,0.0,0.18289999389648437,365.79998779296875,172,74117.04990690676,103481.02799528567,0.9322599473673312,0.28376194803279936,policy_rebalance
2026-09-11,2026-09-11T11:10:00-04:00,2026-09-11T11:10:00-04:00,SNDK,3,buy,1635.0400390625,1635.8575590820312,2.45256005859375,0.0,2.45256005859375,4905.1201171875,-5,69209.47722966067,103478.57543522707,0.8848797657881471,0.3311709507154678,policy_rebalance
2026-09-11,2026-09-11T11:15:00-04:00,2026-09-11T11:15:00-04:00,SNDK,4,buy,1624.6800537109375,1625.4923937377928,3.249360107421875,0.0,3.249360107421875,6498.72021484375,-1,62707.507654709494,103546.4080300757,0.8206054154446478,0.39440190299507344,policy_rebalance
2026-09-11,2026-09-11T11:15:00-04:00,2026-09-11T11:15:00-04:00,NVDA,93,buy,219.7982940673828,219.90819321441649,10.2206206741333,0.0,10.2206206741333,20441.2413482666,0,42256.04568576876,103536.18740940158,0.623255534568729,0.5918717238574721,policy_rebalance
2026-09-11,2026-09-11T11:15:00-04:00,2026-09-11T11:15:00-04:00,NVDA,58,buy,219.7982940673828,219.90819321441649,6.374150527954102,0.0,6.374150527954102,12748.301055908203,58,29501.370479332603,103529.81325887362,0.7464304286315261,0.7150446856736311,policy_rebalance
2026-09-11,2026-09-11T11:20:00-04:00,2026-09-11T11:20:00-04:00,TSLA,-102,sell,367.1300048828125,366.9464398803711,18.723630249023437,0.0,18.723630249023437,37447.260498046875,70,66929.90734713044,103768.45535128083,0.38645068150579986,0.3550071924983673,policy_rebalance
2026-09-11,2026-09-11T11:20:00-04:00,2026-09-11T11:20:00-04:00,SNDK,1,buy,1631.421142578125,1632.236853149414,0.8157105712890625,0.0,0.8157105712890625,1631.421142578125,0,65297.67049398103,103767.63964070955,0.37073185127780617,0.37073185127780617,policy_rebalance
2026-09-11,2026-09-11T11:25:00-04:00,2026-09-11T11:25:00-04:00,NVDA,-49,sell,220.14999389648438,220.03991889953613,5.393674850463867,0.0,5.393674850463867,10787.349700927734,9,76079.6265200583,103643.87655057588,0.265951553993321,0.265951553993321,policy_rebalance
2026-09-11,2026-09-11T11:25:00-04:00,2026-09-11T11:25:00-04:00,SNDK,7,buy,1640.7099609375,1641.5303159179687,5.74248486328125,0.0,5.74248486328125,11484.9697265625,7,64588.91430863252,103638.1340657126,0.3767842803144314,0.3767842803144314,policy_rebalance
2026-09-11,2026-09-11T11:30:00-04:00,2026-09-11T11:30:00-04:00,SNDK,-1,sell,1642.0150146484375,1641.1940071411134,0.8210075073242188,0.0,0.8210075073242188,1642.0150146484375,6,66230.10831577363,103699.91910678925,0.36132921909446764,0.36132921909446764,policy_rebalance
2026-09-11,2026-09-11T11:30:00-04:00,2026-09-11T11:30:00-04:00,TSLA,-1,sell,366.2300109863281,366.04689598083496,0.18311500549316406,0.0,0.18311500549316406,366.2300109863281,69,66596.15521175446,103699.73599178376,0.35779821833846376,0.35779821833846376,policy_rebalance
2026-09-11,2026-09-11T11:30:00-04:00,2026-09-11T11:30:00-04:00,NVDA,-1,sell,220.17999267578125,220.06990267944337,0.11008999633789063,0.0,0.11008999633789063,220.17999267578125,8,66816.22511443391,103699.62590178743,0.3556753504808716,0.3556753504808716,policy_rebalance
2026-09-11,2026-09-11T11:35:00-04:00,2026-09-11T11:35:00-04:00,SNDK,-1,sell,1639.8399658203125,1639.0200458374024,0.8199199829101562,0.0,0.8199199829101562,1639.8399658203125,5,68455.24516027131,103663.63584630647,0.3396407081286994,0.3396407081286994,policy_rebalance
2026-09-11,2026-09-11T11:35:00-04:00,2026-09-11T11:35:00-04:00,TSLA,-69,sell,365.95001220703125,365.76703720092775,12.625275421142579,0.0,12.625275421142579,25250.550842285156,0,93693.17072713532,103651.01057088532,0.09607084184615824,0.09607084184615824,policy_rebalance
2026-09-11,2026-09-11T11:35:00-04:00,2026-09-11T11:35:00-04:00,NVDA,-8,sell,219.8300018310547,219.72008683013917,0.8793200073242188,0.0,0.8793200073242188,1758.6400146484375,0,95450.93142177643,103650.131250878,0.0791045773907991,0.0791045773907991,policy_rebalance
2026-09-11,2026-09-11T11:35:00-04:00,2026-09-11T11:35:00-04:00,TSLA,-116,sell,365.95001220703125,365.76703720092775,21.225100708007812,0.0,21.225100708007812,42450.201416015625,-116,137879.90773708405,103628.90615016999,0.48875746282336013,-0.33051590390504065,policy_rebalance
2026-09-11,2026-09-11T11:35:00-04:00,2026-09-11T11:35:00-04:00,NVDA,-99,sell,219.8300018310547,219.72008683013917,10.881585090637207,0.0,10.881585090637207,21763.170181274414,-99,159632.19633326784,103618.02456507937,0.6988414586200825,-0.5405832817533368,policy_rebalance
2026-09-11,2026-09-11T11:40:00-04:00,2026-09-11T11:40:00-04:00,SNDK,-1,sell,1641.300048828125,1640.479398803711,0.8206500244140625,0.0,0.8206500244140625,1641.300048828125,4,161272.67573207154,103645.76691859498,0.6826840237447949,-0.5559986724661669,policy_rebalance
2026-09-11,2026-09-11T11:40:00-04:00,2026-09-11T11:40:00-04:00,TSLA,1,buy,365.8349914550781,366.01790895080563,0.18291749572753907,0.0,0.18291749572753907,365.8349914550781,-115,160906.65782312074,103645.58400109925,0.6791555558401786,-0.5524699809826358,policy_rebalance
2026-09-11,2026-09-11T11:40:00-04:00,2026-09-11T11:40:00-04:00,NVDA,1,buy,219.75,219.859875,0.109875,0.0,0.109875,219.75,-98,160686.79794812074,103645.47412609926,0.6770360674627504,-0.5503503583053005,policy_rebalance
2026-09-11,2026-09-11T11:45:00-04:00,2026-09-11T11:45:00-04:00,SNDK,-4,sell,1644.7099609375,1643.8876059570314,3.289419921875,0.0,3.289419921875,6578.83984375,0,167262.34837194887,103717.73625036684,0.6126687143285706,-0.6126687143285706,policy_rebalance
2026-09-11,2026-09-11T11:45:00-04:00,2026-09-11T11:45:00-04:00,TSLA,1,buy,365.45001220703125,365.63273721313476,0.18272500610351564,0.0,0.18272500610351564,365.45001220703125,-114,166896.71563473574,103717.55352536074,0.6091462820122016,-0.6091462820122016,policy_rebalance
2026-09-11,2026-09-11T11:45:00-04:00,2026-09-11T11:45:00-04:00,NVDA,1,buy,219.57000732421875,219.67979232788085,0.10978500366210937,0.0,0.10978500366210937,219.57000732421875,-97,166677.03584240784,103717.44374035706,0.6070299250689384,-0.6070299250689384,policy_rebalance
2026-09-11,2026-09-11T11:50:00-04:00,2026-09-11T11:50:00-04:00,TSLA,1,buy,364.3699951171875,364.5521801147461,0.18218499755859374,0.0,0.18218499755859374,364.3699951171875,-113,166312.4836622931,103823.89368121399,0.601870992942599,-0.601870992942599,policy_rebalance
2026-09-11,2026-09-11T11:50:00-04:00,2026-09-11T11:50:00-04:00,NVDA,1,buy,219.74000549316406,219.84987549591062,0.10987000274658203,0.0,0.10987000274658203,219.74000549316406,-96,166092.63378679717,103823.78381121124,0.5997551590761995,-0.5997551590761995,policy_rebalance
2026-09-11,2026-09-11T11:55:00-04:00,2026-09-11T11:55:00-04:00,NVDA,1,buy,219.61000061035156,219.71980561065672,0.10980500030517579,0.0,0.10980500030517579,219.61000061035156,-95,165872.91398118652,103751.40447496093,0.5987534320194944,-0.5987534320194944,policy_rebalance
2026-09-11,2026-09-11T11:55:00-04:00,2026-09-11T11:55:00-04:00,TSLA,-6,sell,365.1199951171875,364.9374351196289,1.0953599853515625,0.0,1.0953599853515625,2190.719970703125,-119,168062.5385919043,103750.3091149756,0.6198750637519375,-0.6198750637519375,policy_rebalance
2026-09-11,2026-09-11T12:00:00-04:00,2026-09-11T12:00:00-04:00,TSLA,1,buy,365.17999267578125,365.3625826721191,0.18258999633789064,0.0,0.18258999633789064,365.17999267578125,-118,167697.17600923218,103736.33756929077,0.616571202903888,-0.616571202903888,policy_rebalance
2026-09-11,2026-09-11T12:00:00-04:00,2026-09-11T12:00:00-04:00,NVDA,1,buy,219.67999267578125,219.78983267211913,0.10983999633789063,0.0,0.10983999633789063,219.67999267578125,-94,167477.38617656004,103736.22772929442,0.6144541771231724,-0.6144541771231724,policy_rebalance
2026-09-11,2026-09-11T12:00:00-04:00,2026-09-11T12:00:00-04:00,SNDK,-1,sell,1640.550048828125,1639.729773803711,0.8202750244140625,0.0,0.8202750244140625,1640.550048828125,-1,169117.11595036375,103735.40745427,0.6302737907971893,-0.6302737907971893,policy_rebalance
2026-09-11,2026-09-11T12:05:00-04:00,2026-09-11T12:05:00-04:00,SNDK,1,buy,1641.7899169921875,1642.6108119506835,0.8208949584960937,0.0,0.8208949584960937,1641.7899169921875,0,167474.50513841305,103569.65223313961,0.6170229553481645,-0.6170229553481645,policy_rebalance
2026-09-11,2026-09-11T12:05:00-04:00,2026-09-11T12:05:00-04:00,NVDA,94,buy,219.94000244140625,220.04997244262694,10.337180114746094,0.0,10.337180114746094,20674.360229492188,0,146789.8077288061,103559.31505302485,0.41744668409255314,-0.41744668409255314,policy_rebalance
2026-09-11,2026-09-11T12:05:00-04:00,2026-09-11T12:05:00-04:00,NVDA,248,buy,219.94000244140625,220.04997244262694,27.272560302734377,0.0,27.272560302734377,54545.12060546875,248,92217.41456303463,103532.04249272213,0.9443995397668622,0.10928624276375955,policy_rebalance
2026-09-11,2026-09-11T12:10:00-04:00,2026-09-11T12:10:00-04:00,NVDA,-53,sell,219.87010192871094,219.7601668777466,5.82655770111084,0.0,5.82655770111084,11653.11540222168,195,103864.70340755521,103613.91313961087,0.8300056181090641,-0.00242043042623453,policy_rebalance
2026-09-11,2026-09-11T12:10:00-04:00,2026-09-11T12:10:00-04:00,TSLA,-33,sell,365.4700012207031,365.2872662200928,6.030255020141602,0.0,6.030255020141602,12060.510040283203,-151,115919.18319281827,103607.88288459073,0.9464592589895402,-0.11882590364230441,policy_rebalance
2026-09-11,2026-09-11T12:15:00-04:00,2026-09-11T12:15:00-04:00,TSLA,1,buy,365.0799865722656,365.26252656555175,0.18253999328613282,0.0,0.18253999328613282,365.0799865722656,-150,115553.92066625271,103610.02303746853,0.94180172421743,-0.11527743435077611,policy_rebalance
2026-09-11,2026-09-11T12:20:00-04:00,2026-09-11T12:20:00-04:00,NVDA,-1,sell,219.27499389648438,219.16535639953614,0.1096374969482422,0.0,0.1096374969482422,219.27499389648438,194,115773.08602265225,103591.68593720303,0.9388793785656113,-0.11759051872979022,policy_rebalance
2026-09-11,2026-09-11T12:25:00-04:00,2026-09-11T12:25:00-04:00,TSLA,1,buy,364.3450012207031,364.52717372131343,0.18217250061035156,0.0,0.18217250061035156,364.3450012207031,-149,115408.55884893093,103647.8949695364,0.9340676577448106,-0.1134674648515646,policy_rebalance
2026-09-11,2026-09-11T12:30:00-04:00,2026-09-11T12:30:00-04:00,TSLA,1,buy,365.0304870605469,365.2130023040771,0.18251524353027343,0.0,0.18251524353027343,365.0304870605469,-148,115043.34584662685,103535.87447211513,0.9324454280956624,-0.11114477405231146,policy_rebalance
2026-09-11,2026-09-11T12:30:00-04:00,2026-09-11T12:30:00-04:00,SNDK,1,buy,1625.5400390625,1626.3528090820312,0.81277001953125,0.0,0.81277001953125,1625.5400390625,1,113416.99303754482,103535.0617020956,0.9481531301631099,-0.09544526436737714,policy_rebalance
2026-09-11,2026-09-11T12:35:00-04:00,2026-09-11T12:35:00-04:00,SNDK,-1,sell,1629.0,1628.1855,0.8145,0.0,0.8145,1629.0,0,115045.17853754482,103428.30936640225,0.934416615923645,-0.11231808043955337,policy_rebalance
2026-09-11,2026-09-11T12:35:00-04:00,2026-09-11T12:35:00-04:00,NVDA,-1,sell,219.14500427246094,219.03543177032472,0.10957250213623047,0.0,0.10957250213623047,219.14500427246094,193,115264.21396931515,103428.19979390012,0.9322987929474905,-0.11443701233319824,policy_rebalance
2026-09-11,2026-09-11T12:40:00-04:00,2026-09-11T12:40:00-04:00,TSLA,23,buy,364.8699951171875,365.0524301147461,4.196004943847656,0.0,4.196004943847656,8392.009887695312,-125,106868.008076676,103479.93762684689,0.8487580331386019,-0.032741326749216156,policy_rebalance
2026-09-11,2026-09-11T12:40:00-04:00,2026-09-11T12:40:00-04:00,SNDK,6,buy,1629.4949951171875,1630.309742614746,4.888484985351562,0.0,4.888484985351562,9776.969970703125,6,97086.14962098752,103475.04914186154,0.9432843870057517,0.06174338233089421,policy_rebalance
2026-09-11,2026-09-11T12:45:00-04:00,2026-09-11T12:45:00-04:00,NVDA,-20,sell,219.11500549316406,219.00544799041748,2.1911500549316405,0.0,2.1911500549316405,4382.300109863281,173,101466.25858079587,103494.42418443356,0.9022048053327392,0.01959685866770346,policy_rebalance
2026-09-11,2026-09-11T12:45:00-04:00,2026-09-11T12:45:00-04:00,TSLA,4,buy,365.3800048828125,365.5626948852539,0.730760009765625,0.0,0.730760009765625,1461.52001953125,-121,100004.00780125485,103493.6934244238,0.888089348863832,0.03371882389835943,policy_rebalance
2026-09-11,2026-09-11T12:45:00-04:00,2026-09-11T12:45:00-04:00,SNDK,3,buy,1632.2950439453125,1633.1111914672852,2.448442565917969,0.0,2.448442565917969,4896.8851318359375,9,95104.67422685299,103491.24498185788,0.9354272620221754,0.08103652397335695,policy_rebalance
2026-09-11,2026-09-11T12:50:00-04:00,2026-09-11T12:50:00-04:00,TSLA,1,buy,365.218994140625,365.4016036376953,0.1826094970703125,0.0,0.1826094970703125,365.218994140625,-120,94739.27262321529,103436.89264885006,0.9314875587618101,0.08408624624061016,policy_rebalance
2026-09-11,2026-09-11T12:55:00-04:00,2026-09-11T12:55:00-04:00,TSLA,15,buy,365.55499267578125,365.7377701721191,2.7416624450683593,0.0,2.7416624450683593,5483.324890136719,-105,89253.2060706335,103440.52604744014,0.8792865998864625,0.13715436801143122,policy_rebalance
2026-09-11,2026-09-11T12:55:00-04:00,2026-09-11T12:55:00-04:00,NVDA,32,buy,219.02499389648438,219.13450639343262,3.50439990234375,0.0,3.50439990234375,7008.7998046875,205,82240.90186604366,103437.0216475378,0.9470754927304125,0.20491811774820848,policy_rebalance
2026-09-11,2026-09-11T13:00:00-04:00,2026-09-11T13:00:00-04:00,TSLA,1,buy,364.8399963378906,365.02241633605956,0.1824199981689453,0.0,0.1824199981689453,364.8399963378906,-104,81875.8794497076,103540.22986779842,0.942156201323163,0.20923606646182027,policy_rebalance
2026-09-11,2026-09-11T13:05:00-04:00,2026-09-11T13:05:00-04:00,TSLA,104,buy,364.7449951171875,364.92736761474606,18.96673974609375,0.0,18.96673974609375,37933.4794921875,0,43923.433217774014,103530.68486572323,0.575744782575894,0.575744782575894,policy_rebalance
2026-09-11,2026-09-11T13:05:00-04:00,2026-09-11T13:05:00-04:00,TSLA,30,buy,364.7449951171875,364.92736761474606,5.471174926757812,0.0,5.471174926757812,10942.349853515625,30,32975.61218933163,103525.21369079647,0.68147264793076,0.68147264793076,policy_rebalance
2026-09-11,2026-09-11T13:05:00-04:00,2026-09-11T13:05:00-04:00,NVDA,125,buy,219.05499267578125,219.16452017211913,13.690937042236328,0.0,13.690937042236328,27381.874084472656,330,5580.047167816741,103511.52275375424,0.9460925023671883,0.9460925023671883,policy_rebalance
2026-09-11,2026-09-11T13:10:00-04:00,2026-09-11T13:10:00-04:00,SNDK,-9,sell,1636.81005859375,1635.9916535644531,7.365645263671875,0.0,7.365645263671875,14731.29052734375,0,20303.97204989682,103571.9704019476,0.8039626747362236,0.8039626747362236,policy_rebalance
2026-09-11,2026-09-11T13:10:00-04:00,2026-09-11T13:10:00-04:00,TSLA,-30,sell,365.2799987792969,365.09735877990727,5.479199981689453,0.0,5.479199981689453,10958.399963378906,0,31256.89281329404,103566.49120196591,0.6981949233720809,0.6981949233720809,policy_rebalance
2026-09-11,2026-09-11T13:10:00-04:00,2026-09-11T13:10:00-04:00,SNDK,-2,sell,1636.81005859375,1635.9916535644531,1.63681005859375,0.0,1.63681005859375,3273.6201171875,-2,34528.876120422945,103564.85439190731,0.7298153311724788,0.6665965850754765,policy_rebalance
2026-09-11,2026-09-11T13:10:00-04:00,2026-09-11T13:10:00-04:00,TSLA,-62,sell,365.2799987792969,365.09735877990727,11.323679962158202,0.0,11.323679962158202,22647.359924316406,-62,57164.91236477719,103553.53071194516,0.9485970951915079,0.44796752006657486,policy_rebalance
2026-09-11,2026-09-11T13:15:00-04:00,2026-09-11T13:15:00-04:00,NVDA,-26,sell,218.98500061035156,218.8755081100464,2.84680500793457,0.0,2.84680500793457,5693.610015869141,304,62855.6755756384,103505.24564399777,0.8936098815789635,0.3927295647234342,policy_rebalance
2026-09-11,2026-09-11T13:15:00-04:00,2026-09-11T13:15:00-04:00,SNDK,-3,sell,1634.31005859375,1633.4929035644532,2.451465087890625,0.0,2.451465087890625,4902.93017578125,-5,67756.15428633176,103502.79417890988,0.941001073943581,0.3453688393260981,policy_rebalance
2026-09-11,2026-09-11T13:20:00-04:00,2026-09-11T13:20:00-04:00,NVDA,-1,sell,219.3394012451172,219.22973154449465,0.1096697006225586,0.0,0.1096697006225586,219.3394012451172,303,67975.38401787625,103601.35668938504,0.9391161234957158,0.3438755418842794,policy_rebalance
2026-09-11,2026-09-11T13:25:00-04:00,2026-09-11T13:25:00-04:00,NVDA,-1,sell,219.30999755859375,219.20034255981446,0.10965499877929688,0.0,0.10965499877929688,219.30999755859375,302,68194.58436043606,103594.87360604152,0.9369474173876936,0.34171854275558444,policy_rebalance
2026-09-11,2026-09-11T13:30:00-04:00,2026-09-11T13:30:00-04:00,NVDA,-30,sell,219.25599670410156,219.14636870574952,3.2888399505615236,0.0,3.2888399505615236,6577.679901123047,272,74768.97542160854,103555.47627610073,0.8738191798884392,0.2779814442429033,policy_rebalance
2026-09-11,2026-09-11T13:30:00-04:00,2026-09-11T13:30:00-04:00,TSLA,-21,sell,366.0,365.817,3.843,0.0,3.843,7686.0,-83,82451.13242160855,103551.63327610074,0.9480754503482792,0.20376791931646038,policy_rebalance
2026-09-11,2026-09-11T13:35:00-04:00,2026-09-11T13:35:00-04:00,NVDA,-1,sell,219.22000122070312,219.1103912200928,0.10961000061035156,0.0,0.10961000061035156,219.22000122070312,271,82670.24281282864,103530.97688265286,0.9461564986760014,0.2014926807217207,policy_rebalance
2026-09-11,2026-09-11T13:35:00-04:00,2026-09-11T13:35:00-04:00,SNDK,1,buy,1631.155029296875,1631.9706068115233,0.8155775146484375,0.0,0.8155775146484375,1631.155029296875,-4,81038.27220601712,103530.16130513822,0.9304085915465425,0.21724962866453892,policy_rebalance
2026-09-11,2026-09-11T13:40:00-04:00,2026-09-11T13:40:00-04:00,SNDK,-1,sell,1634.469970703125,1633.6527357177736,0.8172349853515625,0.0,0.8172349853515625,1634.469970703125,-5,82671.92494173489,103484.15187044583,0.9462677643974757,0.20111511330513912,policy_rebalance
2026-09-11,2026-09-11T13:45:00-04:00,2026-09-11T13:45:00-04:00,NVDA,-4,sell,219.3000030517578,219.19035305023195,0.4386000061035156,0.0,0.4386000061035156,877.2000122070312,267,83548.68635393582,103597.00286699734,0.936879276721785,0.19352216722717824,policy_rebalance
2026-09-11,2026-09-11T13:50:00-04:00,2026-09-11T13:50:00-04:00,NVDA,-1,sell,219.2899932861328,219.18034828948976,0.1096449966430664,0.0,0.1096449966430664,219.2899932861328,266,83767.8667022253,103576.68857112179,0.9350893130052227,0.19124787770459173,policy_rebalance
2026-09-11,2026-09-11T13:50:00-04:00,2026-09-11T13:50:00-04:00,TSLA,24,buy,365.43499755859375,365.617715057373,4.385219970703125,0.0,4.385219970703125,8770.43994140625,-59,74993.04154084835,103572.30335115109,0.8504495098393597,0.2759353696461469,policy_rebalance
2026-09-11,2026-09-11T13:50:00-04:00,2026-09-11T13:50:00-04:00,SNDK,-5,sell,1638.2423095703125,1637.4231884155274,4.095605773925781,0.0,4.095605773925781,8191.2115478515625,-10,83180.15748292599,103568.20774537716,0.9295731601580095,0.19685626222841734,policy_rebalance
2026-09-11,2026-09-11T13:55:00-04:00,2026-09-11T13:55:00-04:00,NVDA,-16,sell,219.25950622558594,219.14987647247315,1.7540760498046875,0.0,1.7540760498046875,3508.152099609375,250,86686.55550648556,103604.13225819454,0.894869483873805,0.16329055977756035,policy_rebalance
2026-09-11,2026-09-11T13:55:00-04:00,2026-09-11T13:55:00-04:00,TSLA,59,buy,365.0,365.1825,10.7675,0.0,10.7675,21535.0,0,65140.788006485556,103593.36475819454,0.6870823872477185,0.37118764161647017,policy_rebalance
2026-09-11,2026-09-11T13:55:00-04:00,2026-09-11T13:55:00-04:00,SNDK,-16,sell,1636.22998046875,1635.4118654785157,13.08983984375,0.0,13.08983984375,26179.6796875,-26,91307.37785414181,103580.2749183508,0.9399169496830111,0.11848681685662003,policy_rebalance
2026-09-11,2026-09-11T14:00:00-04:00,2026-09-11T14:00:00-04:00,SNDK,11,buy,1634.239990234375,1635.057110229492,8.988319946289062,0.0,8.988319946289062,17976.639892578125,-15,73321.7496416174,103593.14963551388,0.7654811151117132,0.2922143027835773,policy_rebalance
2026-09-11,2026-09-11T14:05:00-04:00,2026-09-11T14:05:00-04:00,NVDA,-1,sell,219.1300048828125,219.0204398803711,0.10956500244140625,0.0,0.10956500244140625,219.1300048828125,249,73540.77008149777,103545.76666352902,0.7641234248302466,0.2897752129213761,policy_rebalance
2026-09-11,2026-09-11T14:10:00-04:00,2026-09-11T14:10:00-04:00,NVDA,-249,sell,219.1999969482422,219.0903969497681,27.290399620056153,0.0,27.290399620056153,54580.799240112305,0,128094.27892199003,103590.12914171659,0.23654908033515923,-0.23654908033515923,policy_rebalance
2026-09-11,2026-09-11T14:10:00-04:00,2026-09-11T14:10:00-04:00,SNDK,10,buy,1633.6099853515625,1634.4267903442383,8.168049926757812,0.0,8.168049926757812,16336.099853515625,-5,111750.01101854765,103581.96109178984,0.07885591120947827,-0.07885591120947827,policy_rebalance
2026-09-11,2026-09-11T14:10:00-04:00,2026-09-11T14:10:00-04:00,NVDA,-2,sell,219.1999969482422,219.0903969497681,0.2191999969482422,0.0,0.2191999969482422,438.3999938964844,-2,112188.19181244718,103581.74189179289,0.08308848416205494,-0.08308848416205494,policy_rebalance
2026-09-11,2026-09-11T14:20:00-04:00,2026-09-11T14:20:00-04:00,SNDK,-2,sell,1634.81494140625,1633.997533935547,1.63481494140625,0.0,1.63481494140625,3269.6298828125,-7,115456.18688031827,103573.92229291593,0.11472255104714757,-0.11472255104714757,policy_rebalance
2026-09-11,2026-09-11T14:25:00-04:00,2026-09-11T14:25:00-04:00,NVDA,2,buy,219.36500549316406,219.47468799591064,0.21936500549316407,0.0,0.21936500549316407,438.7300109863281,0,115017.23750432645,103588.26777776395,0.11033073505082609,-0.11033073505082609,policy_rebalance
2026-09-11,2026-09-11T14:25:00-04:00,2026-09-11T14:25:00-04:00,NVDA,188,buy,219.36500549316406,219.47468799591064,20.62031051635742,0.0,20.62031051635742,41240.621032714844,188,73755.99616109525,103567.64746724759,0.508552545580739,0.28784714179763554,policy_rebalance
2026-09-11,2026-09-11T14:30:00-04:00,2026-09-11T14:30:00-04:00,NVDA,-1,sell,219.5050048828125,219.39525238037112,0.10975250244140625,0.0,0.10975250244140625,219.5050048828125,187,73975.39141347562,103594.13701894437,0.5065549820749679,0.28591140828802253,policy_rebalance
2026-09-11,2026-09-11T14:30:00-04:00,2026-09-11T14:30:00-04:00,SNDK,-2,sell,1632.6700439453125,1631.85370892334,1.6326700439453126,0.0,1.6326700439453126,3265.340087890625,-9,77239.0988313223,103592.50434890043,0.5380839729567307,0.25439490707570533,policy_rebalance
2026-09-11,2026-09-11T14:35:00-04:00,2026-09-11T14:35:00-04:00,NVDA,-33,sell,219.9149932861328,219.80503578948975,3.6285973892211913,0.0,3.6285973892211913,7257.194778442383,154,84492.66501237547,103632.8735389868,0.4689014956941883,0.18469244239773744,policy_rebalance
2026-09-11,2026-09-11T14:35:00-04:00,2026-09-11T14:35:00-04:00,SNDK,-2,sell,1636.300048828125,1635.481898803711,1.636300048828125,0.0,1.636300048828125,3272.60009765625,-11,87763.62880998288,103631.23723893796,0.5004881817978126,0.15311607630785914,policy_rebalance
2026-09-11,2026-09-11T14:40:00-04:00,2026-09-11T14:40:00-04:00,NVDA,-1,sell,219.72000122070312,219.6101412200928,0.10986000061035156,0.0,0.10986000061035156,219.72000122070312,153,87983.23895120298,103620.73397683774,0.49793919969177003,0.15091086914256177,policy_rebalance
2026-09-11,2026-09-11T14:40:00-04:00,2026-09-11T14:40:00-04:00,SNDK,1,buy,1634.5150146484375,1635.3322721557615,0.8172575073242188,0.0,0.8172575073242188,1634.5150146484375,-10,86347.90667904721,103619.91671933042,0.48216898753723303,0.16668619882282815,policy_rebalance
2026-09-11,2026-09-11T14:45:00-04:00,2026-09-11T14:45:00-04:00,NVDA,-1,sell,219.65499877929688,219.54517127990724,0.10982749938964843,0.0,0.10982749938964843,219.65499877929688,152,86567.45185032712,103595.311957749,0.48020763277177664,0.16436902197240963,policy_rebalance
2026-09-11,2026-09-11T14:50:00-04:00,2026-09-11T14:50:00-04:00,NVDA,-1,sell,219.44000244140625,219.33028244018556,0.10972000122070312,0.0,0.10972000122070312,219.44000244140625,151,86786.78213276732,103550.37191548216,0.47809863005608233,0.1618882624235989,policy_rebalance
2026-09-11,2026-09-11T14:50:00-04:00,2026-09-11T14:50:00-04:00,SNDK,-1,sell,1637.18505859375,1636.366466064453,0.818592529296875,0.0,0.818592529296875,1637.18505859375,-11,88423.14859883177,103549.55332295287,0.49391305294840776,0.14607889883353234,policy_rebalance
2026-09-11,2026-09-11T14:55:00-04:00,2026-09-11T14:55:00-04:00,NVDA,-1,sell,219.27000427246094,219.1603692703247,0.10963500213623047,0.0,0.10963500213623047,219.27000427246094,150,88642.3089681021,103558.80960897123,0.49116536616178696,0.14403893495099554,policy_rebalance
2026-09-11,2026-09-11T15:00:00-04:00,2026-09-11T15:00:00-04:00,NVDA,-1,sell,219.33999633789062,219.2303263397217,0.1096699981689453,0.0,0.1096699981689453,219.33999633789062,149,88861.53929444181,103588.88917847502,0.4888166040415459,0.14217113438352647,policy_rebalance
2026-09-11,2026-09-11T15:05:00-04:00,2026-09-11T15:05:00-04:00,SNDK,1,buy,1630.0,1630.8149999999998,0.815,0.0,0.815,1630.0,-10,87230.72429444181,103594.50447632658,0.47264843274648777,0.15795992523545704,policy_rebalance
2026-09-11,2026-09-11T15:10:00-04:00,2026-09-11T15:10:00-04:00,NVDA,12,buy,218.86500549316406,218.97443799591062,1.3131900329589843,0.0,1.3131900329589843,2626.3800659179688,161,84603.03103849088,103527.5967275778,0.49793453831793605,0.18279730513676426,policy_rebalance
2026-09-11,2026-09-11T15:15:00-04:00,2026-09-11T15:15:00-04:00,NVDA,-1,sell,219.10009765625,218.9905476074219,0.109550048828125,0.0,0.109550048828125,219.10009765625,160,84822.0215860983,103586.63706461393,0.4956953640598985,0.18114899769176673,policy_rebalance
2026-09-11,2026-09-11T15:15:00-04:00,2026-09-11T15:15:00-04:00,SNDK,-6,sell,1629.1400146484375,1628.3254446411133,4.887420043945313,0.0,4.887420043945313,9774.840087890625,-16,94591.97425394498,103581.74964456998,0.5900871154340381,0.08678918266463427,policy_rebalance
2026-09-11,2026-09-11T15:20:00-04:00,2026-09-11T15:20:00-04:00,SNDK,-5,sell,1631.2349853515625,1630.4193678588867,4.078087463378906,0.0,4.078087463378906,8156.1749267578125,-21,102744.07109323941,103527.3356196066,0.6693414207600771,0.007565774987633782,policy_rebalance
2026-09-11,2026-09-11T15:25:00-04:00,2026-09-11T15:25:00-04:00,NVDA,-1,sell,219.02999877929688,218.92048377990724,0.10951499938964844,0.0,0.10951499938964844,219.02999877929688,159,102962.99157701932,103506.26138292752,0.6676723599380918,0.005248666106278773,policy_rebalance
2026-09-11,2026-09-11T15:25:00-04:00,2026-09-11T15:25:00-04:00,TSLA,64,buy,364.3800048828125,364.56219488525386,11.66016015625,0.0,11.66016015625,23320.3203125,64,79631.01110436307,103494.60122277128,0.8930764409580788,0.23057811553901272,policy_rebalance
2026-09-11,2026-09-11T15:30:00-04:00,2026-09-11T15:30:00-04:00,SNDK,1,buy,1632.8199462890625,1633.6363562622068,0.8164099731445312,0.0,0.8164099731445312,1632.8199462890625,-20,77997.37474810086,103372.82779680692,0.8772929292263186,0.24547507879522162,policy_rebalance
2026-09-11,2026-09-11T15:30:00-04:00,2026-09-11T15:30:00-04:00,TSLA,16,buy,364.1105041503906,364.2925594024658,2.912884033203125,0.0,2.912884033203125,5825.76806640625,80,72168.69379766141,103369.91491277372,0.9336760995509757,0.301840444982863,policy_rebalance
2026-09-11,2026-09-11T15:40:00-04:00,2026-09-11T15:40:00-04:00,SNDK,-1,sell,1632.824951171875,1632.0085386962892,0.8164124755859375,0.0,0.8164124755859375,1632.824951171875,-21,73800.7023363577,103456.89238457548,0.9495243451956081,0.28665262762753596,policy_rebalance
2026-09-11,2026-09-11T15:45:00-04:00,2026-09-11T15:45:00-04:00,TSLA,-1,sell,366.0589904785156,365.8759609832764,0.18302949523925782,0.0,0.18302949523925782,366.0589904785156,79,74166.57829734098,103542.10879966032,0.9467401174543352,0.28370612539055906,policy_rebalance
2026-09-11,2026-09-11T15:45:00-04:00,2026-09-11T15:45:00-04:00,NVDA,-1,sell,218.75999450683594,218.65061450958254,0.10937999725341797,0.0,0.10937999725341797,218.75999450683594,158,74385.22891185056,103541.99941966306,0.9446283517814592,0.2815936592999141,policy_rebalance
2026-09-11,2026-09-11T15:50:00-04:00,2026-09-11T15:50:00-04:00,TSLA,-1,sell,366.0199890136719,365.8369790191651,0.18300999450683594,0.0,0.18300999450683594,366.0199890136719,78,74751.06589086972,103507.12503393613,0.9416555537709145,0.277817195035012,policy_rebalance
2026-09-11,2026-09-11T15:50:00-04:00,2026-09-11T15:50:00-04:00,SNDK,1,buy,1636.0,1636.818,0.818,0.0,0.818,1636.0,-20,73114.24789086972,103506.30703393613,0.925857195461977,0.2936251907152083,policy_rebalance
2026-09-11,2026-09-11T15:55:00-04:00,,TSLA,-78,sell,365.6700134277344,365.48717842102053,14.26113052368164,0.0,14.26113052368164,28522.26104736328,0,101622.24780770933,103487.88586923276,0.6497112107303494,0.018027598552750965,scheduled_1555_liquidation
2026-09-11,2026-09-11T15:55:00-04:00,,NVDA,-158,sell,218.67999267578125,218.57065267944338,17.275719421386718,0.0,17.275719421386718,34551.43884277344,0,136156.41093106137,103470.61014981137,0.31589453984977384,-0.31589453984977384,scheduled_1555_liquidation
2026-09-11,2026-09-11T15:55:00-04:00,,SNDK,20,buy,1634.2900390625,1635.1071840820312,16.342900390625,0.0,16.342900390625,32685.80078125,0,103454.26724942075,103454.26724942075,0.0,0.0,scheduled_1555_liquidation
