date,fill_time,signal_data_cutoff,symbol,quantity,side,reference_price,fill_price,slippage_cost,commission_cost,cost,notional,shares_after,cash_after,equity_after,gross_exposure_after,net_exposure_after,reason
2026-08-31,2026-08-31T09:35:00-04:00,2026-08-31T09:35:00-04:00,SNDK,46,buy,1516.385009765625,1516.6882867675781,13.95074208984375,0.0,13.95074208984375,69753.71044921875,46,30232.338808691406,99986.04925791016,0.697634429672201,0.697634429672201,policy_rebalance
2026-08-31,2026-08-31T09:35:00-04:00,2026-08-31T09:35:00-04:00,MSTR,139,buy,127.1449966430664,127.17042564239502,3.534630906677246,0.0,3.534630906677246,17673.15453338623,139,12555.649644398498,99982.51462700347,0.8744215456948765,0.8744215456948765,policy_rebalance
2026-08-31,2026-08-31T09:35:00-04:00,2026-08-31T09:35:00-04:00,NVDA,-33,sell,217.13999938964844,217.0965713897705,1.4331239959716797,0.0,1.4331239959716797,7165.619979858398,-33,19719.836500260924,99981.0815030075,0.9461038382508191,0.8027643209713856,policy_rebalance
2026-08-31,2026-08-31T09:40:00-04:00,2026-08-31T09:40:00-04:00,SNDK,-33,sell,1511.5,1511.1977,9.9759,0.0,9.9759,49879.5,13,69589.36060026092,99754.94227292937,0.44586210876163657,0.30239686360737367,policy_rebalance
2026-08-31,2026-08-31T09:40:00-04:00,2026-08-31T09:40:00-04:00,MSTR,-1,sell,127.13500213623047,127.10957513580323,0.025427000427246094,0.0,0.025427000427246094,127.13500213623047,138,69716.47017539672,99754.91684592895,0.4445877488682135,0.3011224671454188,policy_rebalance
2026-08-31,2026-08-31T09:40:00-04:00,2026-08-31T09:40:00-04:00,NVDA,33,buy,216.83889770507812,216.88226548461913,1.4311367248535156,0.0,1.4311367248535156,7155.683624267578,0,62559.355414404294,99753.4857092041,0.37286045725987055,0.37286045725987055,policy_rebalance
2026-08-31,2026-08-31T09:45:00-04:00,2026-08-31T09:45:00-04:00,SNDK,-13,sell,1530.4000244140625,1530.0939444091798,3.9790400634765626,0.0,3.9790400634765626,19895.200317382812,0,82450.57669172363,99919.30656538086,0.17482837375604482,0.17482837375604482,policy_rebalance
2026-08-31,2026-08-31T09:45:00-04:00,2026-08-31T09:45:00-04:00,MSTR,-138,sell,126.58499908447266,126.55968208465576,3.4937459747314454,0.0,3.4937459747314454,17468.729873657227,0,99915.81281940613,99915.81281940613,0.0,0.0,policy_rebalance
2026-08-31,2026-08-31T09:45:00-04:00,2026-08-31T09:45:00-04:00,NVDA,-281,sell,218.0800018310547,218.0363858306885,12.256096102905273,0.0,12.256096102905273,61280.48051452637,-281,161184.0372378296,99903.55672330322,0.6133963847178251,-0.6133963847178251,policy_rebalance
2026-08-31,2026-08-31T09:50:00-04:00,2026-08-31T09:50:00-04:00,NVDA,281,buy,217.8699951171875,217.91356911621094,12.244293725585937,0.0,12.244293725585937,61221.46862792969,0,99950.32431617432,99950.32431617432,0.0,0.0,policy_rebalance
2026-08-31,2026-08-31T09:50:00-04:00,2026-08-31T09:50:00-04:00,MSTR,116,buy,126.9000015258789,126.92538152618408,2.9440800354003906,0.0,2.9440800354003906,14720.400177001953,116,85226.98005913696,99947.38023613891,0.14728150094802944,0.14728150094802944,policy_rebalance
2026-08-31,2026-08-31T09:55:00-04:00,2026-08-31T09:55:00-04:00,MSTR,-1,sell,126.66000366210938,126.63467166137696,0.025332000732421874,0.0,0.025332000732421874,126.66000366210938,115,85353.61473079833,99919.51515194091,0.14577633207079907,0.14577633207079907,policy_rebalance
2026-08-31,2026-08-31T10:00:00-04:00,2026-08-31T10:00:00-04:00,MSTR,-1,sell,126.98999786376953,126.96459986419679,0.025397999572753908,0.0,0.025397999572753908,126.98999786376953,114,85480.57933066253,99957.43908713225,0.14483023863636943,0.14483023863636943,policy_rebalance
2026-08-31,2026-08-31T10:15:00-04:00,2026-08-31T10:15:00-04:00,MSTR,-1,sell,126.2699966430664,126.2447426437378,0.02525399932861328,0.0,0.02525399932861328,126.2699966430664,113,85606.82407330627,99875.33369397277,0.14286319847888101,0.14286319847888101,policy_rebalance
2026-08-31,2026-08-31T10:20:00-04:00,2026-08-31T10:20:00-04:00,MSTR,152,buy,126.61000061035156,126.63532261047364,3.8489440185546875,0.0,3.8489440185546875,19244.720092773438,265,66358.25503651428,99909.90519825745,0.33581905713116766,0.33581905713116766,policy_rebalance
2026-08-31,2026-08-31T10:25:00-04:00,2026-08-31T10:25:00-04:00,MSTR,-265,sell,125.8499984741211,125.82482847442627,6.670049919128418,0.0,6.670049919128418,33350.24959564209,0,99701.83458223724,99701.83458223724,0.0,0.0,policy_rebalance
2026-08-31,2026-08-31T10:30:00-04:00,2026-08-31T10:30:00-04:00,MSTR,359,buy,126.61000061035156,126.63532261047364,9.090598043823242,0.0,9.090598043823242,45452.99021911621,359,54239.7537650772,99692.74398419341,0.45593077693119693,0.45593077693119693,policy_rebalance
2026-08-31,2026-08-31T10:35:00-04:00,2026-08-31T10:35:00-04:00,MSTR,-299,sell,126.62999725341797,126.60467125396728,7.572473835754394,0.0,7.572473835754394,37862.36917877197,60,92094.55047001342,99692.3503052185,0.07621246577037881,0.07621246577037881,policy_rebalance
2026-08-31,2026-08-31T10:40:00-04:00,2026-08-31T10:40:00-04:00,MSTR,102,buy,127.4000015258789,127.42548152618409,2.5989600311279295,0.0,2.5989600311279295,12994.800155639648,162,79097.15135434264,99735.95160153502,0.20693440946599173,0.20693440946599173,policy_rebalance
2026-08-31,2026-08-31T10:45:00-04:00,2026-08-31T10:45:00-04:00,MSTR,-1,sell,128.67999267578125,128.6542566772461,0.02573599853515625,0.0,0.02573599853515625,128.67999267578125,161,79225.80561101988,99943.28443182066,0.2072923552450774,0.2072923552450774,policy_rebalance
2026-08-31,2026-08-31T10:50:00-04:00,2026-08-31T10:50:00-04:00,MSTR,-161,sell,128.27000427246094,128.24435027160644,4.130294137573242,0.0,4.130294137573242,20651.47068786621,0,99873.14600474852,99873.14600474852,0.0,0.0,policy_rebalance
2026-08-31,2026-08-31T11:00:00-04:00,2026-08-31T11:00:00-04:00,SNDK,5,buy,1525.31005859375,1525.6151206054687,1.52531005859375,0.0,1.52531005859375,7626.55029296875,5,92245.07040172117,99871.62069468992,0.07636353790916549,0.07636353790916549,policy_rebalance
2026-08-31,2026-08-31T11:10:00-04:00,2026-08-31T11:10:00-04:00,SNDK,-5,sell,1527.0,1526.6946,1.527,0.0,1.527,7635.0,0,99878.54340172117,99878.54340172117,0.0,0.0,policy_rebalance
2026-08-31,2026-08-31T11:30:00-04:00,2026-08-31T11:30:00-04:00,MSTR,160,buy,129.3300018310547,129.3558678314209,4.13856005859375,0.0,4.13856005859375,20692.80029296875,160,79181.60454869382,99874.40484166257,0.20718822130429113,0.20718822130429113,policy_rebalance
2026-08-31,2026-08-31T11:40:00-04:00,2026-08-31T11:40:00-04:00,MSTR,-13,sell,129.3699951171875,129.34412111816405,0.3363619873046875,0.0,0.3363619873046875,1681.8099365234375,147,80863.07812322996,99880.46740545653,0.19040148465692533,0.19040148465692533,policy_rebalance
2026-08-31,2026-08-31T11:50:00-04:00,2026-08-31T11:50:00-04:00,MSTR,-147,sell,129.80999755859375,129.78403555908204,3.8164139282226563,0.0,3.8164139282226563,19082.06964111328,0,99941.33135041503,99941.33135041503,0.0,0.0,policy_rebalance
2026-08-31,2026-08-31T11:50:00-04:00,2026-08-31T11:50:00-04:00,SNDK,6,buy,1516.3399658203125,1516.6432338134766,1.819607958984375,0.0,1.819607958984375,9098.039794921875,6,90841.47194753417,99939.51174245604,0.091035463714967,0.091035463714967,policy_rebalance
2026-08-31,2026-08-31T11:55:00-04:00,2026-08-31T11:55:00-04:00,SNDK,14,buy,1512.5799560546875,1512.8824720458983,4.235223876953125,0.0,4.235223876953125,21176.119384765625,20,69661.11733889159,99912.71645998534,0.3027802685477919,0.3027802685477919,policy_rebalance
2026-08-31,2026-08-31T11:55:00-04:00,2026-08-31T11:55:00-04:00,TSLA,-174,sell,367.0899963378906,367.01657833862305,12.774731872558593,0.0,12.774731872558593,63873.65936279297,-174,133522.001969812,99899.94172811278,0.9421953292030698,-0.3365573558912062,policy_rebalance
2026-08-31,2026-08-31T12:00:00-04:00,2026-08-31T12:00:00-04:00,SNDK,-20,sell,1513.47998046875,1513.1772844726563,6.053919921875,0.0,6.053919921875,30269.599609375,0,163785.54765926514,100190.28935848389,0.6347447313305533,-0.6347447313305533,policy_rebalance
2026-08-31,2026-08-31T12:00:00-04:00,2026-08-31T12:00:00-04:00,TSLA,1,buy,365.489990234375,365.5630882324219,0.073097998046875,0.0,0.073097998046875,365.489990234375,-173,163419.98457103272,100190.21626048585,0.6310972335477846,-0.6310972335477846,policy_rebalance
2026-08-31,2026-08-31T12:05:00-04:00,2026-08-31T12:05:00-04:00,TSLA,1,buy,363.8550109863281,363.9277819885254,0.07277100219726562,0.0,0.07277100219726562,363.8550109863281,-172,163056.0567890442,100472.99489939577,0.6228844074202551,-0.6228844074202551,policy_rebalance
2026-08-31,2026-08-31T12:05:00-04:00,2026-08-31T12:05:00-04:00,SNDK,20,buy,1506.47998046875,1506.7812764648438,6.025919921875,0.0,6.025919921875,30129.599609375,20,132920.43125974733,100466.9689794739,0.922817344255357,-0.32302619069660504,policy_rebalance
2026-08-31,2026-08-31T12:10:00-04:00,2026-08-31T12:10:00-04:00,TSLA,40,buy,364.9602966308594,365.03328869018554,2.919682373046875,0.0,2.919682373046875,14598.411865234375,-132,118319.09971213991,100161.84543967897,0.7806591791000507,-0.1812791506861351,policy_rebalance
2026-08-31,2026-08-31T12:10:00-04:00,2026-08-31T12:10:00-04:00,SNDK,11,buy,1500.875244140625,1501.1754191894531,3.301925537109375,0.0,3.301925537109375,16509.627685546875,31,101806.17010105593,100158.54351414187,0.9455198568284032,-0.016450185167493237,policy_rebalance
2026-08-31,2026-08-31T12:15:00-04:00,2026-08-31T12:15:00-04:00,TSLA,1,buy,366.57000732421875,366.6433213256836,0.07331400146484375,0.0,0.07331400146484375,366.57000732421875,-131,101439.52677973025,99804.46763666385,0.945912392615159,-0.016382624764041686,policy_rebalance
2026-08-31,2026-08-31T12:20:00-04:00,2026-08-31T12:20:00-04:00,SNDK,-30,sell,1499.06005859375,1498.7602465820312,8.9943603515625,0.0,8.9943603515625,44971.8017578125,1,146402.3341771912,99935.74503534549,0.49496513226111855,-0.46496465429272876,policy_rebalance
2026-08-31,2026-08-31T12:20:00-04:00,2026-08-31T12:20:00-04:00,TSLA,131,buy,366.1499938964844,366.2232238952637,9.59312984008789,0.0,9.59312984008789,47965.64920043945,0,98427.09184691164,99926.1519055054,0.015001679040050774,0.015001679040050774,policy_rebalance
2026-08-31,2026-08-31T12:25:00-04:00,2026-08-31T12:25:00-04:00,SNDK,30,buy,1495.0849609375,1495.3839779296875,8.970509765625,0.0,8.970509765625,44852.548828125,31,53565.57250902102,99913.20629808352,0.4638789556086092,0.4638789556086092,policy_rebalance
2026-08-31,2026-08-31T12:30:00-04:00,2026-08-31T12:30:00-04:00,SNDK,-1,sell,1496.25,1495.95075,0.29925,0.0,0.29925,1496.25,30,55061.52325902102,99949.02325902102,0.4491039385514818,0.4491039385514818,policy_rebalance
2026-08-31,2026-08-31T12:35:00-04:00,2026-08-31T12:35:00-04:00,SNDK,-5,sell,1500.0999755859375,1499.7999555908204,1.5000999755859374,0.0,1.5000999755859374,7500.4998779296875,25,62560.52303697512,100063.02242662356,0.3747887929044828,0.3747887929044828,policy_rebalance
2026-08-31,2026-08-31T12:55:00-04:00,2026-08-31T12:55:00-04:00,SNDK,-20,sell,1502.25,1501.94955,6.009,0.0,6.009,30045.0,5,92599.51403697513,100110.76403697513,0.07502939441382925,0.07502939441382925,policy_rebalance
2026-08-31,2026-08-31T13:00:00-04:00,2026-08-31T13:00:00-04:00,SNDK,-5,sell,1505.8199462890625,1505.5187822998048,1.5058199462890625,0.0,1.5058199462890625,7529.0997314453125,0,100127.10794847415,100127.10794847415,0.0,0.0,policy_rebalance
2026-08-31,2026-08-31T13:10:00-04:00,2026-08-31T13:10:00-04:00,SNDK,6,buy,1505.18994140625,1505.4909793945312,1.8062279296875,0.0,1.8062279296875,9031.1396484375,6,91094.16207210696,100125.30172054446,0.09019837636688412,0.09019837636688412,policy_rebalance
2026-08-31,2026-08-31T13:15:00-04:00,2026-08-31T13:15:00-04:00,SNDK,-1,sell,1504.25244140625,1503.9515909179688,0.30085048828125,0.0,0.30085048828125,1504.25244140625,5,92598.11366302494,100119.37587005619,0.07512294340301333,0.07512294340301333,policy_rebalance
2026-08-31,2026-08-31T13:15:00-04:00,2026-08-31T13:15:00-04:00,MSTR,-59,sell,131.07000732421875,131.0437933227539,1.5466260864257813,0.0,1.5466260864257813,7733.130432128906,-59,100329.69746906743,100117.82924396977,0.15236439657503809,-0.0021161887617576103,policy_rebalance
2026-08-31,2026-08-31T13:25:00-04:00,2026-08-31T13:25:00-04:00,SNDK,-5,sell,1502.0,1501.6996000000001,1.502,0.0,1.502,7510.0,0,107838.19546906743,100114.80054108892,0.07714538595927876,-0.07714538595927876,policy_rebalance
2026-08-31,2026-08-31T13:35:00-04:00,2026-08-31T13:35:00-04:00,SNDK,10,buy,1498.5899658203125,1498.8896838134765,2.997179931640625,0.0,2.997179931640625,14985.899658203125,10,92849.29863093267,100124.91307185063,0.22667869743069113,0.07266537585602612,policy_rebalance
2026-08-31,2026-08-31T13:35:00-04:00,2026-08-31T13:35:00-04:00,TSLA,-191,sell,366.3349914550781,366.26172445678714,13.993996673583984,0.0,13.993996673583984,69969.98336791992,-191,162805.288002179,100110.91907517705,0.925634976678435,-0.6262490596048009,policy_rebalance
2026-08-31,2026-08-31T13:40:00-04:00,2026-08-31T13:40:00-04:00,SNDK,-10,sell,1501.75,1501.44965,3.0035,0.0,3.0035,15017.5,0,177819.784502179,99997.63688865362,0.7782398668098486,-0.7782398668098486,policy_rebalance
2026-08-31,2026-08-31T13:40:00-04:00,2026-08-31T13:40:00-04:00,TSLA,1,buy,367.0199890136719,367.0933930114746,0.07340399780273438,0.0,0.07340399780273438,367.0199890136719,-190,177452.69110916753,99997.56348465581,0.7745701487656433,-0.7745701487656433,policy_rebalance
2026-08-31,2026-08-31T13:40:00-04:00,2026-08-31T13:40:00-04:00,MSTR,59,buy,130.8699951171875,130.89616911621093,1.5442659423828125,0.0,1.5442659423828125,7721.3297119140625,0,169729.81713131108,99996.01921871342,0.6973657397308428,-0.6973657397308428,policy_rebalance
2026-08-31,2026-08-31T13:45:00-04:00,2026-08-31T13:45:00-04:00,TSLA,90,buy,367.3299865722656,367.40345256958005,6.611939758300781,0.0,6.611939758300781,33059.698791503906,-100,136663.50640004888,99930.50774282232,0.36758542998461824,-0.36758542998461824,policy_rebalance
2026-08-31,2026-08-31T13:45:00-04:00,2026-08-31T13:45:00-04:00,SNDK,2,buy,1500.486572265625,1500.786669580078,0.60019462890625,0.0,0.60019462890625,3000.97314453125,2,133661.93306088872,99929.90754819341,0.39761841851595053,-0.3375568570042687,policy_rebalance
2026-08-31,2026-08-31T13:55:00-04:00,2026-08-31T13:55:00-04:00,SNDK,-1,sell,1501.5,1501.1997000000001,0.3003,0.0,0.3003,1501.5,1,135163.13276088872,99829.63215053716,0.3840192514437236,-0.3539380026670913,policy_rebalance
2026-08-31,2026-08-31T13:55:00-04:00,2026-08-31T13:55:00-04:00,TSLA,-73,sell,368.3500061035156,368.2763361022949,5.377910089111328,0.0,5.377910089111328,26889.55044555664,-173,162047.30529635627,99824.25424044806,0.6534088489035672,-0.6233259795363026,policy_rebalance
2026-08-31,2026-08-31T14:00:00-04:00,2026-08-31T14:00:00-04:00,SNDK,-1,sell,1501.5999755859375,1501.2996555908203,0.3003199951171875,0.0,0.3003199951171875,1501.5999755859375,0,163548.60495194708,99817.1324177674,0.6384823024913459,-0.6384823024913459,policy_rebalance
2026-08-31,2026-08-31T14:00:00-04:00,2026-08-31T14:00:00-04:00,TSLA,92,buy,368.3900146484375,368.4636926513672,6.77837626953125,0.0,6.77837626953125,33891.88134765625,-81,129649.9452280213,99810.35404149786,0.29896288289005685,-0.29896288289005685,policy_rebalance
2026-08-31,2026-08-31T14:10:00-04:00,2026-08-31T14:10:00-04:00,TSLA,1,buy,367.3599853515625,367.4334573486328,0.0734719970703125,0.0,0.0734719970703125,367.3599853515625,-80,129282.51177067267,99893.71294254767,0.2942006855329075,-0.2942006855329075,policy_rebalance
2026-08-31,2026-08-31T14:15:00-04:00,2026-08-31T14:15:00-04:00,TSLA,1,buy,367.69488525390625,367.768424230957,0.07353897705078125,0.0,0.07353897705078125,367.69488525390625,-79,128914.74334644171,99866.84741138312,0.29086625529892945,-0.29086625529892945,policy_rebalance
2026-08-31,2026-08-31T14:20:00-04:00,2026-08-31T14:20:00-04:00,TSLA,11,buy,367.6549987792969,367.72852977905274,0.8088409973144531,0.0,0.8088409973144531,4044.2049865722656,-68,124869.72951887213,99869.18960187995,0.2503328605814738,-0.2503328605814738,policy_rebalance
2026-08-31,2026-08-31T14:25:00-04:00,2026-08-31T14:25:00-04:00,TSLA,46,buy,367.4100036621094,367.4834856628418,3.380172033691406,0.0,3.380172033691406,16900.86016845703,-22,107965.48917838141,99882.469097815,0.08092531305619505,-0.08092531305619505,policy_rebalance
2026-08-31,2026-08-31T14:30:00-04:00,2026-08-31T14:30:00-04:00,MSTR,-32,sell,131.05999755859375,131.03378555908205,0.838783984375,0.0,0.838783984375,4193.919921875,-32,112158.57031627203,99881.41009898687,0.12291736975997786,-0.12291736975997786,policy_rebalance
2026-08-31,2026-08-31T14:40:00-04:00,2026-08-31T14:40:00-04:00,TSLA,1,buy,365.57501220703125,365.64812720947265,0.07311500244140624,0.0,0.07311500244140624,365.57501220703125,-21,111792.92218906256,99918.0871670899,0.11884570009946988,-0.11884570009946988,policy_rebalance
2026-08-31,2026-08-31T14:40:00-04:00,2026-08-31T14:40:00-04:00,MSTR,32,buy,131.17999267578125,131.2062286743164,0.839551953125,0.0,0.839551953125,4197.759765625,0,107594.32287148444,99917.24761513679,0.0768343348079239,-0.0768343348079239,policy_rebalance
2026-08-31,2026-08-31T14:50:00-04:00,2026-08-31T14:50:00-04:00,TSLA,21,buy,366.0,366.0732,1.5372,0.0,1.5372,7686.0,0,99906.78567148444,99906.78567148444,0.0,0.0,policy_rebalance
2026-08-31,2026-08-31T15:10:00-04:00,2026-08-31T15:10:00-04:00,NVDA,24,buy,218.80999755859375,218.85375955810545,1.05028798828125,0.0,1.05028798828125,5251.43994140625,24,94654.2954420899,99905.73538349615,0.05256394861864715,0.05256394861864715,policy_rebalance
2026-08-31,2026-08-31T15:15:00-04:00,2026-08-31T15:15:00-04:00,SNDK,7,buy,1456.85498046875,1457.1463514648437,2.03959697265625,0.0,2.03959697265625,10197.98486328125,7,84454.270981836,99907.05577187506,0.1546716062309304,0.1546716062309304,policy_rebalance
2026-08-31,2026-08-31T15:15:00-04:00,2026-08-31T15:15:00-04:00,MSTR,-128,sell,133.02999877929688,133.00339277954103,3.40556796875,0.0,3.40556796875,17027.83984375,-128,101478.70525761726,99903.65020390632,0.3251194983115746,-0.01576574079621919,policy_rebalance
2026-08-31,2026-08-31T15:20:00-04:00,2026-08-31T15:20:00-04:00,SNDK,-7,sell,1460.7275390625,1460.4353935546876,2.0450185546875,0.0,2.0450185546875,10225.0927734375,0,111701.75301250006,99995.552206836,0.2221222855456916,-0.11706721496422509,policy_rebalance
2026-08-31,2026-08-31T15:20:00-04:00,2026-08-31T15:20:00-04:00,NVDA,-1,sell,218.85499572753906,218.81122472839357,0.04377099914550781,0.0,0.04377099914550781,218.85499572753906,23,111920.56423722846,99995.50843583686,0.21993373451338605,-0.11925591446983276,policy_rebalance
2026-08-31,2026-08-31T15:20:00-04:00,2026-08-31T15:20:00-04:00,MSTR,1,buy,132.49000549316406,132.51650349426268,0.026498001098632814,0.0,0.026498001098632814,132.49000549316406,-127,111788.0477337342,99995.48193783576,0.21860883287661823,-0.11793098615424973,policy_rebalance
2026-08-31,2026-08-31T15:25:00-04:00,2026-08-31T15:25:00-04:00,MSTR,5,buy,132.50999450683594,132.5364965057373,0.13250999450683593,0.0,0.13250999450683593,662.5499725341797,-122,111125.36525120551,100007.18582310493,0.21212734921960175,-0.1111738055280016,policy_rebalance
2026-08-31,2026-08-31T15:30:00-04:00,2026-08-31T15:30:00-04:00,NVDA,-1,sell,219.82000732421875,219.7760433227539,0.04396400146484375,0.0,0.04396400146484375,219.82000732421875,22,111345.14129452826,99991.78182797553,0.21027167837643132,-0.11354292581849272,policy_rebalance
2026-08-31,2026-08-31T15:30:00-04:00,2026-08-31T15:30:00-04:00,MSTR,1,buy,132.6999969482422,132.72653694763184,0.026539999389648437,0.0,0.026539999389648437,132.6999969482422,-121,111212.41475758063,99991.75528797614,0.20894462480130538,-0.11221584656943971,policy_rebalance
2026-08-31,2026-08-31T15:35:00-04:00,2026-08-31T15:35:00-04:00,SNDK,7,buy,1473.6099853515625,1473.9047073486329,2.0630539794921874,0.0,2.0630539794921874,10315.269897460938,7,100895.0818061402,99988.92215343023,0.31210697081900735,-0.009062600468074694,policy_rebalance
2026-08-31,2026-08-31T15:40:00-04:00,2026-08-31T15:40:00-04:00,SNDK,-6,sell,1482.4000244140625,1482.1035444091797,1.778880029296875,0.0,1.778880029296875,8894.400146484375,1,109787.70307259528,100060.0936670777,0.22349298887367192,-0.09721767239078857,policy_rebalance
2026-08-31,2026-08-31T15:45:00-04:00,2026-08-31T15:45:00-04:00,SNDK,-1,sell,1485.550048828125,1485.2529388183593,0.297110009765625,0.0,0.297110009765625,1485.550048828125,0,111272.95601141364,100097.72542059333,0.20833111640257349,-0.11164320211936811,policy_rebalance
2026-08-31,2026-08-31T15:45:00-04:00,2026-08-31T15:45:00-04:00,NVDA,-22,sell,219.9600067138672,219.91601471252443,0.9678240295410157,0.0,0.9678240295410157,4839.120147705078,0,116111.10833508917,100096.75759656378,0.15998870615840155,-0.15998870615840155,policy_rebalance
2026-08-31,2026-08-31T15:50:00-04:00,2026-08-31T15:50:00-04:00,MSTR,121,buy,132.97999572753906,133.00659172668458,3.218115896606445,0.0,3.218115896606445,16090.579483032227,0,100017.31073616033,100017.31073616033,0.0,0.0,policy_rebalance
2026-09-01,2026-09-01T09:35:00-04:00,2026-09-01T09:35:00-04:00,SNDK,1,buy,1543.22998046875,1543.5386264648437,0.30864599609375,0.0,0.30864599609375,1543.22998046875,1,98473.77210969549,100017.00209016424,0.015429676437187598,0.015429676437187598,policy_rebalance
2026-09-01,2026-09-01T09:35:00-04:00,2026-09-01T09:35:00-04:00,MSTR,242,buy,126.1500015258789,126.17523152618408,6.1056600738525395,0.0,6.1056600738525395,30528.300369262695,242,67939.36608035894,100010.89643009039,0.3206803607859878,0.3206803607859878,policy_rebalance
2026-09-01,2026-09-01T09:40:00-04:00,2026-09-01T09:40:00-04:00,SNDK,-1,sell,1540.9000244140625,1540.5918444091797,0.3081800048828125,0.0,0.3081800048828125,1540.9000244140625,0,69479.95792476812,99739.61414425055,0.3033865378275752,0.3033865378275752,policy_rebalance
2026-09-01,2026-09-01T09:40:00-04:00,2026-09-01T09:40:00-04:00,MSTR,-242,sell,125.03990173339844,125.01489375305177,6.051931243896484,0.0,6.051931243896484,30259.656219482422,0,99733.56221300665,99733.56221300665,0.0,0.0,policy_rebalance
2026-09-01,2026-09-01T09:45:00-04:00,2026-09-01T09:45:00-04:00,MSTR,548,buy,127.30000305175781,127.32546305236816,13.952080334472656,0.0,13.952080334472656,69760.40167236328,548,29959.208460308888,99719.61013267217,0.6995655275782808,0.6995655275782808,policy_rebalance
2026-09-01,2026-09-01T09:50:00-04:00,2026-09-01T09:50:00-04:00,MSTR,-2,sell,128.5800018310547,128.55428583068849,0.05143200073242187,0.0,0.05143200073242187,257.1600036621094,546,30216.317031970266,100420.99803172612,0.699103597611886,0.699103597611886,policy_rebalance
2026-09-01,2026-09-01T09:55:00-04:00,2026-09-01T09:55:00-04:00,MSTR,-546,sell,128.14999389648438,128.12436389770508,13.993979333496094,0.0,13.993979333496094,69969.89666748047,0,100172.21972011724,100172.21972011724,0.0,0.0,policy_rebalance
2026-09-01,2026-09-01T09:55:00-04:00,2026-09-01T09:55:00-04:00,TSLA,195,buy,358.34991455078125,358.4215845336914,13.975646667480468,0.0,13.975646667480468,69878.23333740234,195,30280.01073604742,100158.24407344976,0.6976782988144045,0.6976782988144045,policy_rebalance
2026-09-01,2026-09-01T10:20:00-04:00,2026-09-01T10:20:00-04:00,TSLA,-1,sell,358.7799987792969,358.708242779541,0.07175599975585938,0.0,0.07175599975585938,358.7799987792969,194,30638.71897882696,100242.03874201055,0.6943525953449454,0.6943525953449454,policy_rebalance
2026-09-01,2026-09-01T10:25:00-04:00,2026-09-01T10:25:00-04:00,TSLA,-194,sell,358.4049987792969,358.333317779541,13.90611395263672,0.0,13.90611395263672,69530.5697631836,0,100155.38262805791,100155.38262805791,0.0,0.0,policy_rebalance
2026-09-01,2026-09-01T10:35:00-04:00,2026-09-01T10:35:00-04:00,SNDK,23,buy,1544.300048828125,1544.6089088378906,7.103780224609375,0.0,7.103780224609375,35518.901123046875,23,64629.37772478643,100148.27884783331,0.3546631208411958,0.3546631208411958,policy_rebalance
2026-09-01,2026-09-01T10:35:00-04:00,2026-09-01T10:35:00-04:00,NVDA,-270,sell,217.9001007080078,217.8565206878662,11.766605438232421,0.0,11.766605438232421,58833.02719116211,-270,123450.6383105103,100136.51224239507,0.9422330197182857,-0.2328234281984975,policy_rebalance
2026-09-01,2026-09-01T10:40:00-04:00,2026-09-01T10:40:00-04:00,SNDK,-1,sell,1549.1400146484375,1548.8301866455079,0.3098280029296875,0.0,0.3098280029296875,1549.1400146484375,22,124999.46849715582,100294.690054773,0.9259407356082112,-0.2463218982868487,policy_rebalance
2026-09-01,2026-09-01T10:40:00-04:00,2026-09-01T10:40:00-04:00,NVDA,1,buy,217.72540283203125,217.76894791259764,0.04354508056640625,0.0,0.04354508056640625,217.72540283203125,-269,124781.69954924322,100294.64650969244,0.9237702799533617,-0.24415114756084574,policy_rebalance
2026-09-01,2026-09-01T10:45:00-04:00,2026-09-01T10:45:00-04:00,SNDK,-13,sell,1551.989990234375,1551.679592236328,4.035173974609375,0.0,4.035173974609375,20175.869873046875,9,144953.5342483155,100271.37448879401,0.7242144625419069,-0.4456123194413278,policy_rebalance
2026-09-01,2026-09-01T10:45:00-04:00,2026-09-01T10:45:00-04:00,NVDA,1,buy,218.02999877929688,218.07360477905274,0.043605999755859375,0.0,0.043605999755859375,218.02999877929688,-268,144735.46064353644,100271.33088279425,0.7220403773196968,-0.4434381130606084,policy_rebalance
2026-09-01,2026-09-01T10:55:00-04:00,2026-09-01T10:55:00-04:00,SNDK,6,buy,1558.02001953125,1558.3316235351563,1.8696240234375,0.0,1.8696240234375,9348.1201171875,15,135385.4709023255,100393.41005027472,0.8141237696484106,-0.34854938022851856,policy_rebalance
2026-09-01,2026-09-01T11:00:00-04:00,2026-09-01T11:00:00-04:00,SNDK,-6,sell,1565.8800048828125,1565.566828881836,1.879056005859375,0.0,1.879056005859375,9395.280029296875,9,144778.87187561652,100435.73241028449,0.7221431836324796,-0.441507602933469,policy_rebalance
2026-09-01,2026-09-01T11:15:00-04:00,2026-09-01T11:15:00-04:00,SNDK,-9,sell,1557.5201416015625,1557.2086375732422,2.8035362548828124,0.0,2.8035362548828124,14017.681274414062,0,158793.7496137757,100376.44797803351,0.581982156297524,-0.581982156297524,policy_rebalance
2026-09-01,2026-09-01T11:30:00-04:00,2026-09-01T11:30:00-04:00,NVDA,36,buy,218.8000030517578,218.84376305236816,1.5753600219726562,0.0,1.5753600219726562,7876.800109863281,-232,150915.37414389045,100153.77343588264,0.5068366269844524,-0.5068366269844524,policy_rebalance
2026-09-01,2026-09-01T11:35:00-04:00,2026-09-01T11:35:00-04:00,NVDA,66,buy,218.80999755859375,218.85375955810545,2.8882919677734376,0.0,2.8882919677734376,14441.459838867188,-166,136471.0260130555,100148.56641832893,0.3626857666938997,-0.3626857666938997,policy_rebalance
2026-09-01,2026-09-01T11:40:00-04:00,2026-09-01T11:40:00-04:00,NVDA,1,buy,219.46499633789062,219.5088893371582,0.04389299926757813,0.0,0.04389299926757813,219.46499633789062,-165,136251.51712371834,100039.79272796639,0.36197320494476465,-0.36197320494476465,policy_rebalance
2026-09-01,2026-09-01T11:45:00-04:00,2026-09-01T11:45:00-04:00,NVDA,165,buy,219.47999572753906,219.52389172668455,7.2428398590087895,0.0,7.2428398590087895,36214.199295043945,0,100030.07498881538,100030.07498881538,0.0,0.0,policy_rebalance
2026-09-01,2026-09-01T11:50:00-04:00,2026-09-01T11:50:00-04:00,SNDK,15,buy,1603.0699462890625,1603.3905602783202,4.809209838867187,0.0,4.809209838867187,24046.049194335938,15,75979.21658464058,100025.26577897652,0.24039975307308784,0.24039975307308784,policy_rebalance
2026-09-01,2026-09-01T11:55:00-04:00,2026-09-01T11:55:00-04:00,NVDA,-119,sell,220.1300048828125,220.08597888183596,5.2390941162109375,0.0,5.2390941162109375,26195.470581054688,-119,102169.44807157907,99971.12836943063,0.5020711707332187,-0.021989545761900632,policy_rebalance
2026-09-01,2026-09-01T12:00:00-04:00,2026-09-01T12:00:00-04:00,SNDK,-15,sell,1600.4100341796875,1600.0899521728516,4.801230102539063,0.0,4.801230102539063,24006.150512695312,0,126170.79735417184,99961.04735417184,0.2621996336946758,-0.2621996336946758,policy_rebalance
2026-09-01,2026-09-01T12:10:00-04:00,2026-09-01T12:10:00-04:00,NVDA,-120,sell,219.7100067138672,219.66606471252442,5.273040161132813,0.0,5.273040161132813,26365.200805664062,-239,152530.72511967475,100020.0335150605,0.5250017397435431,-0.5250017397435431,policy_rebalance
2026-09-01,2026-09-01T12:15:00-04:00,2026-09-01T12:15:00-04:00,NVDA,-79,sell,219.80499267578125,219.7610316772461,3.4729188842773437,0.0,3.4729188842773437,17364.59442138672,-318,169891.8466221772,99993.85895127876,0.6990228040399531,-0.6990228040399531,policy_rebalance
2026-09-01,2026-09-01T12:25:00-04:00,2026-09-01T12:25:00-04:00,TSLA,-71,sell,356.7300109863281,356.6586649841309,5.065566156005859,0.0,5.065566156005859,25327.830780029297,-71,195214.6118360505,100143.01872691963,0.9493581711210638,-0.9493581711210638,policy_rebalance
2026-09-01,2026-09-01T12:30:00-04:00,2026-09-01T12:30:00-04:00,TSLA,57,buy,356.7699890136719,356.8413430114746,4.06717787475586,0.0,4.06717787475586,20335.889373779297,-14,174874.65528439643,100047.07349728706,0.747923744007749,-0.747923744007749,policy_rebalance
2026-09-01,2026-09-01T12:30:00-04:00,2026-09-01T12:30:00-04:00,NVDA,1,buy,219.60000610351562,219.64392610473632,0.04392000122070312,0.0,0.04392000122070312,219.60000610351562,-317,174655.0113582917,100047.02957728584,0.7457291045644845,-0.7457291045644845,policy_rebalance
2026-09-01,2026-09-01T12:30:00-04:00,2026-09-01T12:30:00-04:00,SNDK,2,buy,1584.1199951171875,1584.436819116211,0.633647998046875,0.0,0.633647998046875,3168.239990234375,2,171486.13772005928,100046.3959292878,0.7774015350459201,-0.7140661202954744,policy_rebalance
2026-09-01,2026-09-01T12:35:00-04:00,2026-09-01T12:35:00-04:00,TSLA,14,buy,357.32989501953125,357.40136099853515,1.0005237060546874,0.0,1.0005237060546874,5002.6185302734375,0,166482.5186660798,100118.46532135323,0.7255132539879061,-0.662855279809932,policy_rebalance
2026-09-01,2026-09-01T12:40:00-04:00,2026-09-01T12:40:00-04:00,SNDK,-2,sell,1571.6600341796875,1571.3457021728516,0.628664013671875,0.0,0.628664013671875,3143.320068359375,0,169625.2100704255,100067.48410301827,0.695108172159084,-0.695108172159084,policy_rebalance
2026-09-01,2026-09-01T12:45:00-04:00,2026-09-01T12:45:00-04:00,SNDK,2,buy,1567.0999755859375,1567.4133955810546,0.626839990234375,0.0,0.626839990234375,3134.199951171875,2,166490.3832792634,100169.88129562081,0.7246579605276995,-0.6620802692968945,policy_rebalance
2026-09-01,2026-09-01T12:50:00-04:00,2026-09-01T12:50:00-04:00,NVDA,1,buy,219.36000061035156,219.40387261047363,0.04387200012207031,0.0,0.04387200012207031,219.36000061035156,-316,166270.9794066529,100096.4992430787,0.7239118327824875,-0.661106838540609,policy_rebalance
2026-09-01,2026-09-01T12:50:00-04:00,2026-09-01T12:50:00-04:00,SNDK,10,buy,1571.6400146484375,1571.9543426513671,3.143280029296875,0.0,3.143280029296875,15716.400146484375,12,150551.43598013924,100093.3559630494,0.8809519824792772,-0.5041101832544911,policy_rebalance
2026-09-01,2026-09-01T12:55:00-04:00,2026-09-01T12:55:00-04:00,NVDA,70,buy,219.35000610351562,219.39387610473634,3.0709000854492188,0.0,3.0709000854492188,15354.500427246094,-246,135193.8646528077,100088.04244821786,0.7275032962704963,-0.3507494136749892,policy_rebalance
2026-09-01,2026-09-01T12:55:00-04:00,2026-09-01T12:55:00-04:00,SNDK,14,buy,1571.18994140625,1571.5041793945313,4.3993318359375,0.0,4.3993318359375,21996.6591796875,26,113192.80614128427,100083.64311638192,0.9473180334550437,-0.13098207276146412,policy_rebalance
2026-09-01,2026-09-01T13:10:00-04:00,2026-09-01T13:10:00-04:00,SNDK,-1,sell,1567.739990234375,1567.426442236328,0.313547998046875,0.0,0.313547998046875,1567.739990234375,25,114760.2325835206,100181.82068776865,0.9279668783142907,-0.145519534339346,policy_rebalance
2026-09-01,2026-09-01T13:15:00-04:00,2026-09-01T13:15:00-04:00,SNDK,-7,sell,1564.8399658203125,1564.5269978271485,2.1907759521484373,0.0,2.1907759521484373,10953.879760742188,18,125711.92156831064,100135.4206527833,0.8179996563761562,-0.25541911891710256,policy_rebalance
2026-09-01,2026-09-01T13:20:00-04:00,2026-09-01T13:20:00-04:00,SNDK,-4,sell,1564.66015625,1564.34722421875,1.251728125,0.0,1.251728125,6258.640625,14,131969.31046518564,100197.35340341806,0.7543357071763656,-0.317093775260173,policy_rebalance
2026-09-01,2026-09-01T13:25:00-04:00,2026-09-01T13:25:00-04:00,NVDA,1,buy,218.3800048828125,218.42368088378905,0.0436760009765625,0.0,0.0436760009765625,218.3800048828125,-245,131750.88678430184,100132.58490441903,0.7528807988394227,-0.3157643629200612,policy_rebalance
2026-09-01,2026-09-01T13:30:00-04:00,2026-09-01T13:30:00-04:00,NVDA,107,buy,218.34500122070312,218.38867022094726,4.672583026123047,0.0,4.672583026123047,23362.915130615234,-138,108383.29907066048,100140.40862876594,0.5194739127525028,-0.0823133294018406,policy_rebalance
2026-09-01,2026-09-01T13:35:00-04:00,2026-09-01T13:35:00-04:00,SNDK,-1,sell,1563.7799072265625,1563.4671512451173,0.3127559814453125,0.0,0.3127559814453125,1563.7799072265625,13,109946.7662219056,100125.66560545051,0.5041602260429595,-0.09808774360767344,policy_rebalance
2026-09-01,2026-09-01T13:35:00-04:00,2026-09-01T13:35:00-04:00,NVDA,40,buy,218.47999572753906,218.52369172668458,1.7478399658203125,0.0,1.7478399658203125,8739.199829101562,-98,101205.8185528382,100123.91776548469,0.41688518894166826,-0.010805617793418735,policy_rebalance
2026-09-01,2026-09-01T13:40:00-04:00,2026-09-01T13:40:00-04:00,SNDK,-5,sell,1562.2386474609375,1561.9261997314454,1.5622386474609375,0.0,1.5622386474609375,7811.1932373046875,8,109015.44955149543,100119.95843211067,0.33850702706534563,-0.08884833013006711,policy_rebalance
2026-09-01,2026-09-01T13:40:00-04:00,2026-09-01T13:40:00-04:00,NVDA,1,buy,218.3000030517578,218.34366305236816,0.043660000610351565,0.0,0.043660000610351565,218.3000030517578,-97,108797.10588844307,100119.91477211006,0.33632678925420084,-0.08666798344848545,policy_rebalance
2026-09-01,2026-09-01T13:45:00-04:00,2026-09-01T13:45:00-04:00,SNDK,-2,sell,1561.6199951171875,1561.307671118164,0.624647998046875,0.0,0.624647998046875,3123.239990234375,6,111919.7212306794,100113.85691183174,0.30510565872169465,-0.11792437813323728,policy_rebalance
2026-09-01,2026-09-01T13:50:00-04:00,2026-09-01T13:50:00-04:00,NVDA,1,buy,218.02000427246094,218.06360827331542,0.04360400085449219,0.0,0.04360400085449219,218.02000427246094,-96,111701.65762240608,100109.16982943733,0.3023434624311864,-0.11579846094738018,policy_rebalance
2026-09-01,2026-09-01T13:50:00-04:00,2026-09-01T13:50:00-04:00,SNDK,5,buy,1556.23876953125,1556.5500172851562,1.55623876953125,0.0,1.55623876953125,7781.19384765625,11,103918.90753598031,100107.61359066781,0.3800764548296749,-0.0380719688404179,policy_rebalance
2026-09-01,2026-09-01T13:55:00-04:00,2026-09-01T13:55:00-04:00,SNDK,-6,sell,1557.31005859375,1556.9985965820313,1.8687720703125,0.0,1.8687720703125,9343.8603515625,5,113260.8991154725,100116.56952562874,0.2868399338076591,-0.1312902514750962,policy_rebalance
2026-09-01,2026-09-01T14:00:00-04:00,2026-09-01T14:00:00-04:00,SNDK,-5,sell,1563.5400390625,1563.2273310546875,1.5635400390625,0.0,1.5635400390625,7817.7001953125,0,121077.03577074593,100147.11536058968,0.20899174514209404,-0.20899174514209404,policy_rebalance
2026-09-01,2026-09-01T14:00:00-04:00,2026-09-01T14:00:00-04:00,NVDA,96,buy,218.02000427246094,218.06360827331542,4.18598408203125,0.0,4.18598408203125,20929.92041015625,0,100142.92937650764,100142.92937650764,0.0,0.0,policy_rebalance
2026-09-01,2026-09-01T14:20:00-04:00,2026-09-01T14:20:00-04:00,SNDK,21,buy,1544.989990234375,1545.2989882324218,6.488957958984375,0.0,6.488957958984375,32444.789794921875,21,67691.65062362679,100136.44041854866,0.32400582304812986,0.32400582304812986,policy_rebalance
2026-09-01,2026-09-01T14:25:00-04:00,2026-09-01T14:25:00-04:00,SNDK,-6,sell,1542.7099609375,1542.4014189453126,1.851251953125,0.0,1.851251953125,9256.259765625,15,76946.05913729867,100086.70855136117,0.23120601875110608,0.23120601875110608,policy_rebalance
2026-09-01,2026-09-01T14:30:00-04:00,2026-09-01T14:30:00-04:00,SNDK,-13,sell,1543.8958740234375,1543.587094848633,4.014129272460938,0.0,4.014129272460938,20070.646362304688,2,97012.6913703309,100100.48311837777,0.030846921531790063,0.030846921531790063,policy_rebalance
2026-09-01,2026-09-01T14:45:00-04:00,2026-09-01T14:45:00-04:00,SNDK,7,buy,1527.989990234375,1528.2955882324218,2.139185986328125,0.0,2.139185986328125,10695.929931640625,9,86314.62225270395,100066.53216481332,0.13742766552017077,0.13742766552017077,policy_rebalance
2026-09-01,2026-09-01T14:45:00-04:00,2026-09-01T14:45:00-04:00,TSLA,-92,sell,353.3299865722656,353.2593205749512,6.5012717529296875,0.0,6.5012717529296875,32506.358764648438,-92,118814.47974559946,100060.0308930604,0.46230516085085505,-0.18743197143905507,policy_rebalance
2026-09-01,2026-09-01T14:50:00-04:00,2026-09-01T14:50:00-04:00,TSLA,1,buy,353.885009765625,353.9557867675781,0.070777001953125,0.0,0.070777001953125,353.885009765625,-91,118460.52395883188,100064.96780648813,0.4598164236057112,-0.1838361272240473,policy_rebalance
2026-09-01,2026-09-01T14:55:00-04:00,2026-09-01T14:55:00-04:00,SNDK,-6,sell,1538.6700439453125,1538.3623099365234,1.846404052734375,0.0,1.846404052734375,9232.020263671875,3,127690.69781845102,100105.44928329477,0.3677848614877757,-0.27556190729528623,policy_rebalance
2026-09-01,2026-09-01T14:55:00-04:00,2026-09-01T14:55:00-04:00,TSLA,87,buy,353.8599853515625,353.9307573486328,6.157163745117187,0.0,6.157163745117187,30785.818725585938,-4,96898.72192911996,100099.29211954965,0.060254672590878695,0.0319739542873811,policy_rebalance
2026-09-01,2026-09-01T15:00:00-04:00,2026-09-01T15:00:00-04:00,TSLA,4,buy,354.3800048828125,354.45088088378907,0.28350400390625,0.0,0.28350400390625,1417.52001953125,0,95480.9184055848,100093.20856671761,0.04607995114931767,0.04607995114931767,policy_rebalance
2026-09-01,2026-09-01T15:00:00-04:00,2026-09-01T15:00:00-04:00,SNDK,4,buy,1537.4300537109375,1537.7375397216797,1.22994404296875,0.0,1.22994404296875,6149.72021484375,7,89329.96824669809,100091.97862267465,0.10752120723426839,0.10752120723426839,policy_rebalance
2026-09-01,2026-09-01T15:05:00-04:00,2026-09-01T15:05:00-04:00,SNDK,-7,sell,1537.9100341796875,1537.6024521728516,2.1530740478515624,0.0,2.1530740478515624,10765.370239257812,0,100093.18541190805,100093.18541190805,0.0,0.0,policy_rebalance
2026-09-02,2026-09-02T09:35:00-04:00,2026-09-02T09:35:00-04:00,SNDK,21,buy,1553.6700439453125,1553.9807779541015,6.525414184570312,0.0,6.525414184570312,32627.070922851562,21,67459.58907487192,100086.65999772349,0.32598820785500965,0.32598820785500965,policy_rebalance
2026-09-02,2026-09-02T09:40:00-04:00,2026-09-02T09:40:00-04:00,SNDK,-21,sell,1566.6099853515625,1566.2966633544922,6.579761938476563,0.0,6.579761938476563,32898.80969238281,0,100351.81900531627,100351.81900531627,0.0,0.0,policy_rebalance
2026-09-02,2026-09-02T09:45:00-04:00,2026-09-02T09:45:00-04:00,MSTR,563,buy,124.53500366210938,124.55991066284179,14.022641412353515,0.0,14.022641412353515,70113.20706176758,563,30224.589302136344,100337.79636390392,0.6987716454074976,0.6987716454074976,policy_rebalance
2026-09-02,2026-09-02T09:50:00-04:00,2026-09-02T09:50:00-04:00,MSTR,-563,sell,123.33999633789062,123.31532833862305,13.888083587646484,0.0,13.888083587646484,69440.41793823242,0,99651.11915678112,99651.11915678112,0.0,0.0,policy_rebalance
2026-09-02,2026-09-02T09:50:00-04:00,2026-09-02T09:50:00-04:00,TSLA,50,buy,351.6600036621094,351.7303356628418,3.5166000366210937,0.0,3.5166000366210937,17583.00018310547,50,82064.60237363903,99647.6025567445,0.17645181351044345,0.17645181351044345,policy_rebalance
2026-09-02,2026-09-02T09:55:00-04:00,2026-09-02T09:55:00-04:00,SNDK,-4,sell,1519.5,1519.1961000000001,1.2156,0.0,1.2156,6078.0,-4,88141.38677363904,99682.88750606091,0.23772887528946252,0.11578216704166128,policy_rebalance
2026-09-02,2026-09-02T10:00:00-04:00,2026-09-02T10:00:00-04:00,TSLA,-50,sell,351.7300109863281,351.65966498413087,3.5173001098632812,0.0,3.5173001098632812,17586.500549316406,0,105724.37002284559,99629.64980800184,0.06117375928339605,-0.06117375928339605,policy_rebalance
2026-09-02,2026-09-02T10:00:00-04:00,2026-09-02T10:00:00-04:00,SNDK,1,buy,1523.6800537109375,1523.9847897216796,0.3047360107421875,0.0,0.3047360107421875,1523.6800537109375,-3,104200.3852331239,99629.34507199109,0.04588045979655721,-0.04588045979655721,policy_rebalance
2026-09-02,2026-09-02T10:10:00-04:00,2026-09-02T10:10:00-04:00,SNDK,3,buy,1528.3299560546875,1528.6356220458983,0.9169979736328125,0.0,0.9169979736328125,4584.9898681640625,0,99614.47836698621,99614.47836698621,0.0,0.0,policy_rebalance
2026-09-02,2026-09-02T10:10:00-04:00,2026-09-02T10:10:00-04:00,TSLA,145,buy,351.71990966796875,351.79025364990235,10.199877380371094,0.0,10.199877380371094,50999.38690185547,145,48604.89158775037,99604.27848960584,0.5120200424641145,0.5120200424641145,policy_rebalance
2026-09-02,2026-09-02T10:15:00-04:00,2026-09-02T10:15:00-04:00,TSLA,-1,sell,352.80120849609375,352.73064825439457,0.07056024169921875,0.0,0.07056024169921875,352.80120849609375,144,48957.62223600476,99760.99625944227,0.5092508688597726,0.5092508688597726,policy_rebalance
2026-09-02,2026-09-02T10:20:00-04:00,2026-09-02T10:20:00-04:00,TSLA,-101,sell,354.6199951171875,354.5490711181641,7.163323901367187,0.0,7.163323901367187,35816.61950683594,43,84767.07841893933,100015.7382089784,0.15246260301731387,0.15246260301731387,policy_rebalance
2026-09-02,2026-09-02T10:30:00-04:00,2026-09-02T10:30:00-04:00,TSLA,33,buy,355.0400085449219,355.1110165466309,2.3432640563964844,0.0,2.3432640563964844,11716.320281982422,76,73048.41487290051,100031.45552231457,0.26974555662038535,0.26974555662038535,policy_rebalance
2026-09-02,2026-09-02T10:35:00-04:00,2026-09-02T10:35:00-04:00,SNDK,1,buy,1542.3599853515625,1542.6684573486327,0.3084719970703125,0.0,0.3084719970703125,1542.3599853515625,1,71505.74641555188,100045.9652876222,0.28527106305606653,0.28527106305606653,policy_rebalance
2026-09-02,2026-09-02T10:35:00-04:00,2026-09-02T10:35:00-04:00,NVDA,-111,sell,223.35009765625,223.30542763671875,4.95837216796875,0.0,4.95837216796875,24791.86083984375,-111,96292.64888322767,100041.00691545423,0.5331021883554771,0.037468215762705606,policy_rebalance
2026-09-02,2026-09-02T10:40:00-04:00,2026-09-02T10:40:00-04:00,SNDK,6,buy,1540.81005859375,1541.1182206054687,1.8489720703125,0.0,1.8489720703125,9244.8603515625,7,87045.93955959486,100010.99372829603,0.6263843868193189,0.12963628982553524,policy_rebalance
2026-09-02,2026-09-02T10:40:00-04:00,2026-09-02T10:40:00-04:00,NVDA,-138,sell,223.78500366210938,223.74024666137697,6.176466101074219,0.0,6.176466101074219,30882.330505371094,-249,117922.09359886489,100004.81726219496,0.9352315023170089,-0.17916413256067443,policy_rebalance
2026-09-02,2026-09-02T10:45:00-04:00,2026-09-02T10:45:00-04:00,TSLA,-76,sell,356.2304992675781,356.1592531677246,5.414703588867187,0.0,5.414703588867187,27073.517944335938,0,144990.19683961195,99999.69775513929,0.6659158096933817,-0.44990635066354945,policy_rebalance
2026-09-02,2026-09-02T10:45:00-04:00,2026-09-02T10:45:00-04:00,SNDK,13,buy,1542.9200439453125,1543.2286279541015,4.011592114257812,0.0,4.011592114257812,20057.960571289062,20,124928.22467620863,99995.68616302504,0.8665307834352962,-0.24933614108648208,policy_rebalance
2026-09-02,2026-09-02T10:50:00-04:00,2026-09-02T10:50:00-04:00,SNDK,-11,sell,1527.18994140625,1526.8845034179687,3.35981787109375,0.0,3.35981787109375,16799.08935546875,9,141723.95421380628,99762.38338250745,0.6961640993511891,-0.42061515982843345,policy_rebalance
2026-09-02,2026-09-02T10:50:00-04:00,2026-09-02T10:50:00-04:00,NVDA,1,buy,223.72000122070312,223.76474522094725,0.04474400024414062,0.0,0.04474400024414062,223.72000122070312,-248,141500.18946858533,99762.33863850721,0.693921881946236,-0.41837281883814775,policy_rebalance
2026-09-02,2026-09-02T10:55:00-04:00,2026-09-02T10:55:00-04:00,SNDK,-7,sell,1524.39599609375,1524.0911168945313,2.13415439453125,0.0,2.13415439453125,10670.77197265625,2,152168.82728684705,99737.53761399549,0.5868289418147176,-0.525692642180232,policy_rebalance
2026-09-02,2026-09-02T11:00:00-04:00,2026-09-02T11:00:00-04:00,SNDK,-2,sell,1525.0450439453125,1524.7400349365234,0.610018017578125,0.0,0.610018017578125,3050.090087890625,0,155218.3073567201,99653.90659988415,0.5575737334606462,-0.5575737334606462,policy_rebalance
2026-09-02,2026-09-02T11:00:00-04:00,2026-09-02T11:00:00-04:00,NVDA,-63,sell,224.0500030517578,224.00519305114747,2.8230300384521483,0.0,2.8230300384521483,14115.150192260742,-311,169330.6345189424,99651.08356984571,0.6992352561852285,-0.6992352561852285,policy_rebalance
2026-09-02,2026-09-02T11:05:00-04:00,2026-09-02T11:05:00-04:00,NVDA,3,buy,225.44009399414062,225.48518201293945,0.13526405639648437,0.0,0.13526405639648437,676.3202819824219,-308,168654.17897290358,99218.63002270827,0.6998237018018041,-0.6998237018018041,policy_rebalance
2026-09-02,2026-09-02T11:05:00-04:00,2026-09-02T11:05:00-04:00,SNDK,2,buy,1526.06005859375,1526.3652706054688,0.6104240234375,0.0,0.6104240234375,3052.1201171875,2,165601.44843169264,99218.01959868483,0.7305897594064019,-0.669066255318482,policy_rebalance
2026-09-02,2026-09-02T11:10:00-04:00,2026-09-02T11:10:00-04:00,SNDK,-1,sell,1533.93994140625,1533.6331534179687,0.30678798828125,0.0,0.30678798828125,1533.93994140625,1,167135.0815851106,99053.32340639966,0.7182963237852006,-0.6873243202490296,policy_rebalance
2026-09-02,2026-09-02T11:10:00-04:00,2026-09-02T11:10:00-04:00,NVDA,308,buy,226.02499389648438,226.07019889526367,13.923139624023438,0.0,13.923139624023438,69615.69812011719,0,97505.4603253694,99039.40026677564,0.015488178818474073,0.015488178818474073,policy_rebalance
2026-09-02,2026-09-02T11:15:00-04:00,2026-09-02T11:15:00-04:00,TSLA,61,buy,354.18890380859375,354.2597415893555,4.321104626464844,0.0,4.321104626464844,21605.52313232422,61,75895.61608841871,99035.51922562574,0.23365256544461585,0.23365256544461585,policy_rebalance
2026-09-02,2026-09-02T11:20:00-04:00,2026-09-02T11:20:00-04:00,SNDK,-1,sell,1538.52001953125,1538.212315527344,0.30770400390625,0.0,0.30770400390625,1538.52001953125,0,77433.82840394606,99071.99234437574,0.21840848688310519,0.21840848688310519,policy_rebalance
2026-09-02,2026-09-02T11:20:00-04:00,2026-09-02T11:20:00-04:00,TSLA,-1,sell,354.7239990234375,354.6530542236328,0.0709447998046875,0.0,0.0709447998046875,354.7239990234375,60,77788.48145816968,99071.92139957593,0.21482817372205876,0.21482817372205876,policy_rebalance
2026-09-02,2026-09-02T11:30:00-04:00,2026-09-02T11:30:00-04:00,TSLA,-60,sell,353.95001220703125,353.87922220458984,4.247400146484375,0.0,4.247400146484375,21237.000732421875,0,99021.23479044507,99021.23479044507,0.0,0.0,policy_rebalance
2026-09-02,2026-09-02T11:30:00-04:00,2026-09-02T11:30:00-04:00,NVDA,-65,sell,226.32000732421875,226.27474332275392,2.942160095214844,0.0,2.942160095214844,14710.800476074219,-65,113729.09310642407,99018.29263034985,0.14856649297106994,-0.14856649297106994,policy_rebalance
2026-09-02,2026-09-02T11:35:00-04:00,2026-09-02T11:35:00-04:00,NVDA,1,buy,226.02499389648438,226.07019889526367,0.04520499877929687,0.0,0.04520499877929687,226.02499389648438,-64,113503.02290752881,99037.42329815381,0.14606195443742587,-0.14606195443742587,policy_rebalance
2026-09-02,2026-09-02T11:35:00-04:00,2026-09-02T11:35:00-04:00,SNDK,8,buy,1542.010009765625,1542.318411767578,2.467216015625,0.0,2.467216015625,12336.080078125,8,101164.47561338819,99034.95608213819,0.27062848056671085,-0.021502705867651486,policy_rebalance
2026-09-02,2026-09-02T11:40:00-04:00,2026-09-02T11:40:00-04:00,SNDK,2,buy,1544.8900146484375,1545.1989926513672,0.617956005859375,0.0,0.617956005859375,3089.780029296875,10,98074.07762808545,99042.65746206982,0.3021851515893171,0.009779420896044819,policy_rebalance
2026-09-02,2026-09-02T11:45:00-04:00,2026-09-02T11:45:00-04:00,NVDA,-55,sell,227.02999877929688,226.98459277954103,2.497329986572266,0.0,2.497329986572266,12486.649932861328,-119,110558.23023096021,98995.2602297395,0.4290121528009615,-0.1168032689078889,policy_rebalance
2026-09-02,2026-09-02T11:50:00-04:00,2026-09-02T11:50:00-04:00,SNDK,-8,sell,1538.06005859375,1537.7524465820313,2.46089609375,0.0,2.46089609375,12304.48046875,2,122860.24980361646,98864.61984451002,0.3049409408633413,-0.24271200351395403,policy_rebalance
2026-09-02,2026-09-02T11:55:00-04:00,2026-09-02T11:55:00-04:00,SNDK,-2,sell,1541.0,1540.6918,0.6164,0.0,0.6164,3082.0,0,125941.63340361646,98875.08376677564,0.2737448971541182,-0.2737448971541182,policy_rebalance
2026-09-02,2026-09-02T11:55:00-04:00,2026-09-02T11:55:00-04:00,NVDA,119,buy,227.4499969482422,227.49548694763183,5.413309927368164,0.0,5.413309927368164,27066.54963684082,0,98869.67045684828,98869.67045684828,0.0,0.0,policy_rebalance
2026-09-02,2026-09-02T11:55:00-04:00,2026-09-02T11:55:00-04:00,SNDK,-3,sell,1541.0,1540.6918,0.9246,0.0,0.9246,4623.0,-3,103491.74585684828,98868.74585684828,0.04675896270287099,-0.04675896270287099,policy_rebalance
2026-09-02,2026-09-02T12:05:00-04:00,2026-09-02T12:05:00-04:00,SNDK,3,buy,1544.699951171875,1545.0088911621094,0.926819970703125,0.0,0.926819970703125,4634.099853515625,0,98856.71918336196,98856.71918336196,0.0,0.0,policy_rebalance
2026-09-02,2026-09-02T12:30:00-04:00,2026-09-02T12:30:00-04:00,SNDK,4,buy,1543.1700439453125,1543.4786779541016,1.23453603515625,0.0,1.23453603515625,6172.68017578125,4,92682.80447154555,98855.4846473268,0.06244145378278886,0.06244145378278886,policy_rebalance
2026-09-02,2026-09-02T12:35:00-04:00,2026-09-02T12:35:00-04:00,SNDK,-1,sell,1541.3599853515625,1541.0517133544922,0.3082719970703125,0.0,0.3082719970703125,1541.3599853515625,3,94223.85618490004,98847.93614095473,0.04677973194565098,0.04677973194565098,policy_rebalance
2026-09-02,2026-09-02T12:40:00-04:00,2026-09-02T12:40:00-04:00,SNDK,-1,sell,1541.5916748046875,1541.2833564697266,0.3083183349609375,0.0,0.3083183349609375,1541.5916748046875,2,95765.13954136976,98848.32289097914,0.031191053721870938,0.031191053721870938,policy_rebalance
2026-09-02,2026-09-02T13:00:00-04:00,2026-09-02T13:00:00-04:00,SNDK,-2,sell,1536.7099609375,1536.4026189453125,0.614683984375,0.0,0.614683984375,3073.419921875,0,98837.94477926039,98837.94477926039,0.0,0.0,policy_rebalance
2026-09-02,2026-09-02T13:25:00-04:00,2026-09-02T13:25:00-04:00,NVDA,4,buy,225.01480102539062,225.0598039855957,0.1800118408203125,0.0,0.1800118408203125,900.0592041015625,4,97937.70556331801,98837.76476741958,0.009106430181009657,0.009106430181009657,policy_rebalance
2026-09-02,2026-09-02T13:30:00-04:00,2026-09-02T13:30:00-04:00,NVDA,-1,sell,225.5198974609375,225.47479348144532,0.0451039794921875,0.0,0.0451039794921875,225.5198974609375,3,98163.18035679946,98839.74004918228,0.006845016913704538,0.006845016913704538,policy_rebalance
2026-09-02,2026-09-02T13:35:00-04:00,2026-09-02T13:35:00-04:00,NVDA,25,buy,225.05999755859375,225.10500955810545,1.1252999877929688,0.0,1.1252999877929688,5626.499938964844,28,92535.55511784683,98837.23504948746,0.06375815681696677,0.06375815681696677,policy_rebalance
2026-09-02,2026-09-02T13:40:00-04:00,2026-09-02T13:40:00-04:00,NVDA,113,buy,225.0500030517578,225.09501305236816,5.086130068969727,0.0,5.086130068969727,25430.650344848633,141,67099.81864292923,98831.86907322708,0.3210710343521558,0.3210710343521558,policy_rebalance
2026-09-02,2026-09-02T13:45:00-04:00,2026-09-02T13:45:00-04:00,MSTR,26,buy,122.875,122.899575,0.63895,0.0,0.63895,3194.75,26,63904.429692929225,98856.60909051224,0.35356441738337496,0.35356441738337496,policy_rebalance
2026-09-02,2026-09-02T13:50:00-04:00,2026-09-02T13:50:00-04:00,MSTR,-26,sell,122.8906021118164,122.86602399139404,0.6390311309814453,0.0,0.6390311309814453,3195.1556549072266,0,67098.94631670546,98839.45640276503,0.321131977463725,0.321131977463725,policy_rebalance
2026-09-02,2026-09-02T13:55:00-04:00,2026-09-02T13:55:00-04:00,NVDA,-1,sell,224.85740661621094,224.8124351348877,0.04497148132324219,0.0,0.04497148132324219,224.85740661621094,140,67323.75875184035,98803.79567810988,0.318611615173444,0.318611615173444,policy_rebalance
2026-09-02,2026-09-02T14:10:00-04:00,2026-09-02T14:10:00-04:00,NVDA,-1,sell,224.57000732421875,224.52509332275392,0.04491400146484375,0.0,0.04491400146484375,224.57000732421875,139,67548.2838451631,98763.5148632295,0.3160603494245232,0.3160603494245232,policy_rebalance
2026-09-02,2026-09-02T14:25:00-04:00,2026-09-02T14:25:00-04:00,NVDA,-1,sell,225.17999267578125,225.1349566772461,0.04503599853515625,0.0,0.04503599853515625,225.17999267578125,138,67773.41880184034,98848.25779109815,0.31436911164312176,0.31436911164312176,policy_rebalance
2026-09-02,2026-09-02T14:40:00-04:00,2026-09-02T14:40:00-04:00,NVDA,-1,sell,224.9029998779297,224.8580192779541,0.044980599975585935,0.0,0.044980599975585935,224.9029998779297,137,67998.27682111828,98809.98780439465,0.31182789987052295,0.31182789987052295,policy_rebalance
2026-09-02,2026-09-02T14:45:00-04:00,2026-09-02T14:45:00-04:00,NVDA,-1,sell,224.7200927734375,224.67514875488283,0.0449440185546875,0.0,0.0449440185546875,224.7200927734375,136,68222.95196987317,98784.88458706067,0.3093786336334967,0.3093786336334967,policy_rebalance
2026-09-02,2026-09-02T14:50:00-04:00,2026-09-02T14:50:00-04:00,NVDA,-1,sell,224.7899932861328,224.7450352874756,0.044957998657226564,0.0,0.044957998657226564,224.7899932861328,135,68447.69700516065,98794.34609878858,0.3071698967801563,0.3071698967801563,policy_rebalance
2026-09-02,2026-09-02T15:10:00-04:00,2026-09-02T15:10:00-04:00,NVDA,-1,sell,224.44000244140625,224.39511444091798,0.04488800048828125,0.0,0.04488800048828125,224.44000244140625,134,68672.09211960157,98747.05244675,0.3045656511455525,0.3045656511455525,policy_rebalance
2026-09-02,2026-09-02T15:10:00-04:00,2026-09-02T15:10:00-04:00,SNDK,-15,sell,1541.0,1540.6918,4.623,0.0,4.623,23115.0,-15,91782.46911960156,98742.42944675,0.5386738064393364,0.07048601463570245,policy_rebalance
2026-09-02,2026-09-02T15:15:00-04:00,2026-09-02T15:15:00-04:00,NVDA,-1,sell,224.47999572753906,224.43509972839357,0.04489599914550781,0.0,0.04489599914550781,224.47999572753906,133,92006.90421932995,98762.74365109265,0.536192469691245,0.06840473625995659,policy_rebalance
2026-09-02,2026-09-02T15:20:00-04:00,2026-09-02T15:20:00-04:00,SNDK,7,buy,1541.4949951171875,1541.803294116211,2.1580929931640624,0.0,2.1580929931640624,10790.464965820312,-8,81214.28116051648,98752.07229821179,0.4273501312674175,0.17759415807229484,policy_rebalance
2026-09-02,2026-09-02T15:25:00-04:00,2026-09-02T15:25:00-04:00,NVDA,-1,sell,224.44219970703125,224.39731126708986,0.04488843994140625,0.0,0.04488843994140625,224.44219970703125,132,81438.67847178357,98743.5293018617,0.4248165949623116,0.17525047922053422,policy_rebalance
2026-09-02,2026-09-02T15:25:00-04:00,2026-09-02T15:25:00-04:00,SNDK,1,buy,1540.18994140625,1540.4979793945313,0.30803798828125,0.0,0.30803798828125,1540.18994140625,-7,79898.18049238904,98743.22126387342,0.40921998932149073,0.19084895682230588,policy_rebalance
2026-09-02,2026-09-02T15:40:00-04:00,2026-09-02T15:40:00-04:00,NVDA,-1,sell,223.99000549316406,223.94520749206544,0.044798001098632814,0.0,0.044798001098632814,223.99000549316406,131,80122.12569988111,98659.61659038404,0.4069333729056789,0.1878934008781634,policy_rebalance
2026-09-02,2026-09-02T15:40:00-04:00,2026-09-02T15:40:00-04:00,SNDK,1,buy,1543.5999755859375,1543.9086955810546,0.3087199951171875,0.0,0.3087199951171875,1543.5999755859375,-6,78578.21700430007,98659.30787038893,0.3912888850166625,0.2035397500707168,policy_rebalance
2026-09-02,2026-09-02T15:45:00-04:00,2026-09-02T15:45:00-04:00,NVDA,-1,sell,224.01499938964844,223.9701963897705,0.04480299987792969,0.0,0.04480299987792969,224.01499938964844,130,78802.18720068983,98640.59830298476,0.38934768644698664,0.20111811407874067,policy_rebalance
2026-09-02,2026-09-02T15:45:00-04:00,2026-09-02T15:45:00-04:00,SNDK,6,buy,1547.2564697265625,1547.5659210205079,1.856707763671875,0.0,1.856707763671875,9283.538818359375,0,69516.79167456679,98638.74159522109,0.2952384575237243,0.2952384575237243,policy_rebalance
2026-09-02,2026-09-02T15:50:00-04:00,2026-09-02T15:50:00-04:00,NVDA,-1,sell,224.25,224.20515,0.04485,0.0,0.04485,224.25,129,69740.99682456678,98669.24682456678,0.2931840561369058,0.2931840561369058,policy_rebalance
2026-09-02,2026-09-02T15:55:00-04:00,,NVDA,-129,sell,224.50999450683594,224.46509250793457,5.792357858276367,0.0,5.792357858276367,28961.789291381836,0,98696.99375809034,98696.99375809034,0.0,0.0,scheduled_1555_liquidation
2026-09-03,2026-09-03T09:35:00-04:00,2026-09-03T09:35:00-04:00,SNDK,-43,sell,1516.4599609375,1516.1566689453125,13.0415556640625,0.0,13.0415556640625,65207.7783203125,-43,163891.73052273877,98683.95220242627,0.660773883341787,-0.660773883341787,policy_rebalance
2026-09-03,2026-09-03T09:40:00-04:00,2026-09-03T09:40:00-04:00,SNDK,43,buy,1518.2099609375,1518.5136029296875,13.0566056640625,0.0,13.0566056640625,65283.0283203125,0,98595.64559676222,98595.64559676222,0.0,0.0,policy_rebalance
2026-09-03,2026-09-03T09:40:00-04:00,2026-09-03T09:40:00-04:00,MSTR,522,buy,132.00999450683594,132.03639650573732,13.781843426513673,0.0,13.781843426513673,68909.21713256836,522,29672.646620767337,98581.8637533357,0.699005014806658,0.699005014806658,policy_rebalance
2026-09-03,2026-09-03T09:45:00-04:00,2026-09-03T09:45:00-04:00,MSTR,-513,sell,131.8300018310547,131.80363583068848,13.525758187866211,0.0,13.525758187866211,67628.79093933105,9,97287.91180191052,98474.38181839001,0.012048514492506514,0.012048514492506514,policy_rebalance
2026-09-03,2026-09-03T09:50:00-04:00,2026-09-03T09:50:00-04:00,MSTR,-1,sell,131.3000030517578,131.27374305114748,0.026260000610351563,0.0,0.026260000610351563,131.3000030517578,8,97419.18554496167,98469.58556937573,0.010667253429984367,0.010667253429984367,policy_rebalance
2026-09-03,2026-09-03T09:55:00-04:00,2026-09-03T09:55:00-04:00,MSTR,-8,sell,131.38999938964844,131.36372138977052,0.2102239990234375,0.0,0.2102239990234375,1051.1199951171875,0,98470.09531607984,98470.09531607984,0.0,0.0,policy_rebalance
2026-09-03,2026-09-03T09:55:00-04:00,2026-09-03T09:55:00-04:00,SNDK,1,buy,1547.1600341796875,1547.4694661865235,0.3094320068359375,0.0,0.3094320068359375,1547.1600341796875,1,96922.62584989332,98469.785884073,0.015712028012340108,0.015712028012340108,policy_rebalance
2026-09-03,2026-09-03T10:00:00-04:00,2026-09-03T10:00:00-04:00,SNDK,2,buy,1545.0,1545.309,0.618,0.0,0.618,3090.0,3,93832.00784989331,98467.00784989331,0.04707160399415977,0.04707160399415977,policy_rebalance
2026-09-03,2026-09-03T10:00:00-04:00,2026-09-03T10:00:00-04:00,MSTR,298,buy,132.35000610351562,132.37647610473633,7.888060363769531,0.0,7.888060363769531,39440.301818847656,298,54383.81797068189,98459.11978952955,0.447650780476861,0.447650780476861,policy_rebalance
2026-09-03,2026-09-03T10:05:00-04:00,2026-09-03T10:05:00-04:00,SNDK,-3,sell,1529.3699951171875,1529.0641211181642,0.9176219970703124,0.0,0.9176219970703124,4588.1099853515625,0,58971.010334036386,98588.62251665357,0.401847709921345,0.401847709921345,policy_rebalance
2026-09-03,2026-09-03T10:05:00-04:00,2026-09-03T10:05:00-04:00,MSTR,-113,sell,132.94500732421875,132.91841832275392,3.0045571655273435,0.0,3.0045571655273435,15022.785827636719,185,73990.79160450758,98585.61795948805,0.24947681887115888,0.24947681887115888,policy_rebalance
2026-09-03,2026-09-03T10:05:00-04:00,2026-09-03T10:05:00-04:00,TSLA,185,buy,372.4599914550781,372.53448345336915,13.78101968383789,0.0,13.78101968383789,68905.09841918945,185,5071.91216563429,98571.83693980421,0.948546031776484,0.948546031776484,policy_rebalance
2026-09-03,2026-09-03T10:10:00-04:00,2026-09-03T10:10:00-04:00,TSLA,-185,sell,375.8599853515625,375.7848133544922,13.906819458007812,0.0,13.906819458007812,69534.09729003906,0,74592.10263621535,99322.90128123488,0.24899392109976484,0.24899392109976484,policy_rebalance
2026-09-03,2026-09-03T10:10:00-04:00,2026-09-03T10:10:00-04:00,MSTR,-1,sell,133.67999267578125,133.6532566772461,0.02673599853515625,0.0,0.02673599853515625,133.67999267578125,184,74725.7558928926,99322.87454523635,0.247648074675296,0.247648074675296,policy_rebalance
2026-09-03,2026-09-03T10:15:00-04:00,2026-09-03T10:15:00-04:00,MSTR,-23,sell,134.01499938964844,133.9881963897705,0.6164689971923828,0.0,0.6164689971923828,3082.344985961914,161,77807.48440985732,99383.89931159072,0.21710171417290158,0.21710171417290158,policy_rebalance
2026-09-03,2026-09-03T10:20:00-04:00,2026-09-03T10:20:00-04:00,MSTR,-161,sell,134.44000244140625,134.41311444091798,4.328968078613281,0.0,4.328968078613281,21644.840393066406,0,99447.99583484512,99447.99583484512,0.0,0.0,policy_rebalance
2026-09-03,2026-09-03T10:20:00-04:00,2026-09-03T10:20:00-04:00,TSLA,184,buy,376.7749938964844,376.85034889526366,13.865319775390626,0.0,13.865319775390626,69326.59887695312,184,30107.531638116605,99434.13051506973,0.6972112947319064,0.6972112947319064,policy_rebalance
2026-09-03,2026-09-03T10:35:00-04:00,2026-09-03T10:35:00-04:00,TSLA,-74,sell,377.260009765625,377.1845577636719,5.58344814453125,0.0,5.58344814453125,27917.24072265625,110,58019.18891262832,99517.78998684707,0.41699681111993625,0.41699681111993625,policy_rebalance
2026-09-03,2026-09-03T10:35:00-04:00,2026-09-03T10:35:00-04:00,NVDA,-187,sell,226.34500122070312,226.299732220459,8.465303045654297,0.0,8.465303045654297,42326.515228271484,-187,100337.23883785415,99509.32468380142,0.8423845360105803,-0.008319965557835868,policy_rebalance
2026-09-03,2026-09-03T10:40:00-04:00,2026-09-03T10:40:00-04:00,TSLA,-1,sell,378.2001037597656,378.12446373901366,0.07564002075195313,0.0,0.07564002075195313,378.2001037597656,109,100715.36330159317,99542.53438313614,0.8400474436006763,-0.01178218864654228,policy_rebalance
2026-09-03,2026-09-03T10:40:00-04:00,2026-09-03T10:40:00-04:00,NVDA,1,buy,226.72000122070312,226.76534522094727,0.04534400024414063,0.0,0.04534400024414063,226.72000122070312,-186,100488.59795637222,99542.4890391359,0.8377702058874412,-0.009504573638543016,policy_rebalance
2026-09-03,2026-09-03T10:45:00-04:00,2026-09-03T10:45:00-04:00,NVDA,1,buy,226.41000366210938,226.4552856628418,0.045282000732421876,0.0,0.045282000732421876,226.41000366210938,-185,100262.14267070938,99632.9117441957,0.8344880117719776,-0.006315492697124039,policy_rebalance
2026-09-03,2026-09-03T10:45:00-04:00,2026-09-03T10:45:00-04:00,TSLA,10,buy,378.5010986328125,378.57679885253907,0.757002197265625,0.0,0.757002197265625,3785.010986328125,119,96476.37468218399,99632.15474199844,0.8724842059262615,0.03167431305672828,policy_rebalance
2026-09-03,2026-09-03T10:45:00-04:00,2026-09-03T10:45:00-04:00,MSTR,52,buy,136.77000427246094,136.79735827331544,1.4224080444335938,0.0,1.4224080444335938,7112.040222167969,52,89362.91205197158,99630.732333954,0.9438806624621624,0.10305876551790802,policy_rebalance
2026-09-03,2026-09-03T10:50:00-04:00,2026-09-03T10:50:00-04:00,TSLA,-1,sell,379.9649963378906,379.88900333862307,0.07599299926757813,0.0,0.07599299926757813,379.9649963378906,118,89742.8010553102,99923.90090882583,0.9396510644554152,0.10188853478413766,policy_rebalance
2026-09-03,2026-09-03T10:50:00-04:00,2026-09-03T10:50:00-04:00,NVDA,185,buy,226.25,226.29524999999998,8.37125,0.0,8.37125,41856.25,0,47878.17980531021,99915.52965882584,0.5208134314175555,0.5208134314175555,policy_rebalance
2026-09-03,2026-09-03T10:50:00-04:00,2026-09-03T10:50:00-04:00,MSTR,307,buy,138.49000549316406,138.5177034942627,8.503286337280274,0.0,8.503286337280274,42516.43168640137,359,5353.244832571567,99907.02637248856,0.9464177342981586,0.9464177342981586,policy_rebalance
2026-09-03,2026-09-03T10:55:00-04:00,2026-09-03T10:55:00-04:00,MSTR,-52,sell,137.77499389648438,137.74743889770508,1.4328599365234376,0.0,1.4328599365234376,7164.2996826171875,307,12516.11165525223,99719.114493387,0.8744863337501633,0.8744863337501633,policy_rebalance
2026-09-03,2026-09-03T11:00:00-04:00,2026-09-03T11:00:00-04:00,TSLA,-118,sell,379.5249938964844,379.4490888977051,8.956789855957032,0.0,8.956789855957032,44783.949279785156,0,57291.10414518143,99850.51564420486,0.42623126404949624,0.42623126404949624,policy_rebalance
2026-09-03,2026-09-03T11:00:00-04:00,2026-09-03T11:00:00-04:00,SNDK,8,buy,1528.43505859375,1528.7407456054686,2.44549609375,0.0,2.44549609375,12227.48046875,8,45061.17818033768,99848.07014811112,0.5487025626685071,0.5487025626685071,policy_rebalance
2026-09-03,2026-09-03T11:00:00-04:00,2026-09-03T11:00:00-04:00,MSTR,197,buy,138.6300048828125,138.65773088378907,5.462022192382812,0.0,5.462022192382812,27310.110961914062,504,17745.605196231234,99842.60812591873,0.8222642063411347,0.8222642063411347,policy_rebalance
2026-09-03,2026-09-03T11:05:00-04:00,2026-09-03T11:05:00-04:00,MSTR,-408,sell,138.72000122070312,138.692257220459,11.319552099609375,0.0,11.319552099609375,56597.760498046875,96,74332.0461421785,99937.3664546785,0.25621367883565344,0.25621367883565344,policy_rebalance
2026-09-03,2026-09-03T11:05:00-04:00,2026-09-03T11:05:00-04:00,SNDK,7,buy,1536.0250244140625,1536.3322294189452,2.1504350341796874,0.0,2.1504350341796874,10752.175170898438,15,63577.720536245884,99935.21601964431,0.3638106458513246,0.3638106458513246,policy_rebalance
2026-09-03,2026-09-03T11:10:00-04:00,2026-09-03T11:10:00-04:00,SNDK,-3,sell,1534.0,1533.6932,0.9204,0.0,0.9204,4602.0,12,68178.80013624589,99854.96078077714,0.31722170232557095,0.31722170232557095,policy_rebalance
2026-09-03,2026-09-03T11:10:00-04:00,2026-09-03T11:10:00-04:00,MSTR,-66,sell,138.2100067138672,138.18236471252442,1.8243720886230468,0.0,1.8243720886230468,9121.860443115234,30,77298.8362072725,99853.13640868852,0.2258747297541422,0.2258747297541422,policy_rebalance
2026-09-03,2026-09-03T11:15:00-04:00,2026-09-03T11:15:00-04:00,MSTR,-11,sell,138.125,138.097375,0.303875,0.0,0.303875,1519.375,19,78817.9073322725,99811.5225666475,0.21033258179542205,0.21033258179542205,policy_rebalance
2026-09-03,2026-09-03T11:20:00-04:00,2026-09-03T11:20:00-04:00,SNDK,-12,sell,1533.43994140625,1533.1332534179687,3.680255859375,0.0,3.680255859375,18401.279296875,0,97215.50637328812,99846.2465008516,0.02634791211246022,0.02634791211246022,policy_rebalance
2026-09-03,2026-09-03T11:20:00-04:00,2026-09-03T11:20:00-04:00,MSTR,-1,sell,138.4600067138672,138.43231471252443,0.02769200134277344,0.0,0.02769200134277344,138.4600067138672,18,97353.93868800065,99846.21880885026,0.024961186818911327,0.024961186818911327,policy_rebalance
2026-09-03,2026-09-03T11:25:00-04:00,2026-09-03T11:25:00-04:00,NVDA,266,buy,226.97039794921875,227.0157920288086,12.074825170898437,0.0,12.074825170898437,60374.12585449219,266,36967.73800833756,99840.98379691178,0.62973383672246,0.62973383672246,policy_rebalance
2026-09-03,2026-09-03T11:30:00-04:00,2026-09-03T11:30:00-04:00,MSTR,-18,sell,138.65499877929688,138.62726777954103,0.49915799560546875,0.0,0.49915799560546875,2495.7899780273438,0,39463.0288283693,100065.80931542985,0.6056292444108157,0.6056292444108157,policy_rebalance
2026-09-03,2026-09-03T11:30:00-04:00,2026-09-03T11:30:00-04:00,NVDA,-266,sell,227.8300018310547,227.7844358306885,12.12055609741211,0.0,12.12055609741211,60602.78048706055,0,100053.68875933244,100053.68875933244,0.0,0.0,policy_rebalance
2026-09-03,2026-09-03T12:45:00-04:00,2026-09-03T12:45:00-04:00,SNDK,5,buy,1548.0,1548.3096,1.548,0.0,1.548,7740.0,5,92312.14075933244,100052.14075933244,0.07735966408372971,0.07735966408372971,policy_rebalance
2026-09-03,2026-09-03T12:55:00-04:00,2026-09-03T12:55:00-04:00,SNDK,-5,sell,1559.7850341796875,1559.4730771728516,1.5597850341796875,0.0,1.5597850341796875,7798.9251708984375,0,100109.5061451967,100109.5061451967,0.0,0.0,policy_rebalance
2026-09-03,2026-09-03T13:00:00-04:00,2026-09-03T13:00:00-04:00,SNDK,9,buy,1561.77001953125,1562.0823735351562,2.81118603515625,0.0,2.81118603515625,14055.93017578125,9,86050.76478338029,100106.69495916154,0.14040949190776258,0.14040949190776258,policy_rebalance
2026-09-03,2026-09-03T13:05:00-04:00,2026-09-03T13:05:00-04:00,SNDK,-4,sell,1570.5799560546875,1570.2658400634766,1.25646396484375,0.0,1.25646396484375,6282.31982421875,5,92331.8281436342,100184.72792390763,0.0783842002968544,0.0783842002968544,policy_rebalance
2026-09-03,2026-09-03T13:10:00-04:00,2026-09-03T13:10:00-04:00,SNDK,-5,sell,1556.43994140625,1556.1286534179687,1.55643994140625,0.0,1.55643994140625,7782.19970703125,0,100112.47141072404,100112.47141072404,0.0,0.0,policy_rebalance
2026-09-03,2026-09-03T13:45:00-04:00,2026-09-03T13:45:00-04:00,SNDK,-3,sell,1554.1600341796875,1553.8492021728516,0.9324960205078126,0.0,0.9324960205078126,4662.4801025390625,-3,104774.0190172426,100111.53891470353,0.04657285416930373,-0.04657285416930373,policy_rebalance
2026-09-03,2026-09-03T13:50:00-04:00,2026-09-03T13:50:00-04:00,SNDK,1,buy,1559.43994140625,1559.7518293945311,0.31188798828125,0.0,0.31188798828125,1559.43994140625,-2,103214.26718784806,100095.38730503556,0.031159077024277587,-0.031159077024277587,policy_rebalance
2026-09-03,2026-09-03T13:55:00-04:00,2026-09-03T13:55:00-04:00,SNDK,2,buy,1560.0001220703125,1560.3121220947264,0.624000048828125,0.0,0.624000048828125,3120.000244140625,0,100093.6429436586,100093.6429436586,0.0,0.0,policy_rebalance
2026-09-03,2026-09-03T14:20:00-04:00,2026-09-03T14:20:00-04:00,NVDA,-102,sell,229.76499938964844,229.7190463897705,4.687205987548828,0.0,4.687205987548828,23436.02993774414,-102,123524.9856754152,100088.95573767106,0.2341520077316921,-0.2341520077316921,policy_rebalance
2026-09-03,2026-09-03T14:25:00-04:00,2026-09-03T14:25:00-04:00,SNDK,-5,sell,1563.5699462890625,1563.2572322998046,1.5635699462890624,0.0,1.5635699462890624,7817.8497314453125,-5,131341.2718369142,100096.06285253921,0.3121522275097395,-0.3121522275097395,policy_rebalance
2026-09-03,2026-09-03T14:30:00-04:00,2026-09-03T14:30:00-04:00,SNDK,5,buy,1560.489990234375,1560.8020882324217,1.560489990234375,0.0,1.560489990234375,7802.449951171875,0,123537.2613957521,100126.85441333022,0.23380747472383562,-0.23380747472383562,policy_rebalance
2026-09-03,2026-09-03T14:35:00-04:00,2026-09-03T14:35:00-04:00,SNDK,-4,sell,1564.280029296875,1563.9671732910156,1.2514240234375,0.0,1.2514240234375,6257.1201171875,-4,129793.13008891616,100088.24947368179,0.29678689328106667,-0.29678689328106667,policy_rebalance
2026-09-03,2026-09-03T14:40:00-04:00,2026-09-03T14:40:00-04:00,NVDA,83,buy,230.02000427246094,230.06600827331542,3.8183320709228514,0.0,3.8183320709228514,19091.660354614258,-19,110697.65140223099,100071.45149683548,0.10618612747644153,-0.10618612747644153,policy_rebalance
2026-09-03,2026-09-03T14:45:00-04:00,2026-09-03T14:45:00-04:00,SNDK,1,buy,1563.885009765625,1564.197786767578,0.312777001953125,0.0,0.312777001953125,1563.885009765625,-3,109133.45361546341,100079.87364414993,0.0904635431845661,-0.0904635431845661,policy_rebalance
2026-09-03,2026-09-03T14:50:00-04:00,2026-09-03T14:50:00-04:00,SNDK,3,buy,1571.2249755859375,1571.5392205810547,0.9427349853515625,0.0,0.9427349853515625,4713.6749267578125,0,104418.83595372025,100051.97082615677,0.04364596810542625,-0.04364596810542625,policy_rebalance
2026-09-03,2026-09-03T15:00:00-04:00,2026-09-03T15:00:00-04:00,SNDK,1,buy,1563.9849853515625,1564.2977823486328,0.3127969970703125,0.0,0.3127969970703125,1563.9849853515625,1,102854.53817137162,100059.06250914017,0.059199491624194224,-0.027938255587554448,policy_rebalance
2026-09-03,2026-09-03T15:00:00-04:00,2026-09-03T15:00:00-04:00,TSLA,81,buy,380.9501953125,381.0263853515625,6.1713931640625,0.0,6.1713931640625,30856.9658203125,81,71991.40095789506,100052.89111597612,0.3676096816693995,0.28046655968745204,policy_rebalance
2026-09-03,2026-09-03T15:05:00-04:00,2026-09-03T15:05:00-04:00,SNDK,-1,sell,1558.02001953125,1557.7084155273437,0.31160400390625,0.0,0.31160400390625,1558.02001953125,0,73549.10937342241,100039.21824488237,0.35195405735084634,0.2647972398846199,policy_rebalance
2026-09-03,2026-09-03T15:05:00-04:00,2026-09-03T15:05:00-04:00,TSLA,-1,sell,380.8599853515625,380.78381335449217,0.0761719970703125,0.0,0.0761719970703125,380.8599853515625,80,73929.8931867769,100039.1420728853,0.34814721566451245,0.2609903318351735,policy_rebalance
2026-09-03,2026-09-03T15:05:00-04:00,2026-09-03T15:05:00-04:00,NVDA,1,buy,229.4499969482422,229.49588694763182,0.04588999938964844,0.0,0.04588999938964844,229.4499969482422,-18,73700.39729982927,100039.09618288591,0.34585377210867213,0.2632840548149865,policy_rebalance
2026-09-03,2026-09-03T15:25:00-04:00,2026-09-03T15:25:00-04:00,MSTR,-58,sell,143.21499633789062,143.18635333862304,1.6612939575195314,0.0,1.6612939575195314,8306.469787597656,-58,82005.20579346942,100007.90632447528,0.42872630522838917,0.1800127729161349,policy_rebalance
2026-09-03,2026-09-03T15:40:00-04:00,2026-09-03T15:40:00-04:00,TSLA,-1,sell,380.6000061035156,380.5238861022949,0.07612000122070313,0.0,0.07612000122070313,380.6000061035156,79,82385.72967957171,100024.13000916156,0.4248614872318633,0.17634145208735413,policy_rebalance
2026-09-03,2026-09-03T15:40:00-04:00,2026-09-03T15:40:00-04:00,MSTR,1,buy,143.19000244140625,143.21864044189454,0.02863800048828125,0.0,0.02863800048828125,143.19000244140625,-57,82242.51103912982,100024.10137116107,0.4234300538743504,0.17777305757588174,policy_rebalance
2026-09-03,2026-09-03T15:40:00-04:00,2026-09-03T15:40:00-04:00,NVDA,1,buy,229.11000061035156,229.15582261047362,0.045822000122070314,0.0,0.045822000122070314,229.11000061035156,-17,82013.35521651935,100024.05554916096,0.42113969884984553,0.18006368801742395,policy_rebalance
2026-09-03,2026-09-03T15:45:00-04:00,2026-09-03T15:45:00-04:00,TSLA,-79,sell,379.1549987792969,379.079167779541,5.990648980712891,0.0,5.990648980712891,29953.244903564453,0,111960.60947110309,99907.51463772907,0.12064252501004857,-0.12064252501004857,policy_rebalance
2026-09-03,2026-09-03T15:55:00-04:00,,MSTR,57,buy,144.5399932861328,144.56890128479003,1.6477559234619141,0.0,1.6477559234619141,8238.77961730957,0,103720.18209787006,99833.47201486224,0.038931933394334886,-0.038931933394334886,scheduled_1555_liquidation
2026-09-03,2026-09-03T15:55:00-04:00,,NVDA,17,buy,228.6300048828125,228.67573088378904,0.7773420166015625,0.0,0.7773420166015625,3886.7100830078125,0,99832.69467284564,99832.69467284564,0.0,0.0,scheduled_1555_liquidation
2026-09-04,2026-09-04T09:35:00-04:00,2026-09-04T09:35:00-04:00,SNDK,42,buy,1633.219970703125,1633.5466146972656,13.71904775390625,0.0,13.71904775390625,68595.23876953125,42,31223.73685556049,99818.97562509174,0.6871963806477723,0.6871963806477723,policy_rebalance
2026-09-04,2026-09-04T09:40:00-04:00,2026-09-04T09:40:00-04:00,SNDK,-33,sell,1640.5250244140625,1640.1969194091798,10.827465161132812,0.0,10.827465161132812,54137.32580566406,9,85350.23519606343,100114.96041578999,0.1474777112072642,0.1474777112072642,policy_rebalance
2026-09-04,2026-09-04T09:40:00-04:00,2026-09-04T09:40:00-04:00,MSTR,500,buy,140.0800018310547,140.1080178314209,14.00800018310547,0.0,14.00800018310547,70040.00091552734,500,15296.226280352974,100100.95241560688,0.8471920005631424,0.8471920005631424,policy_rebalance
2026-09-04,2026-09-04T09:45:00-04:00,2026-09-04T09:45:00-04:00,SNDK,-9,sell,1638.97998046875,1638.6521844726562,2.95016396484375,0.0,2.95016396484375,14750.81982421875,0,30044.09594060688,100034.0938043764,0.6996614374359188,0.6996614374359188,policy_rebalance
2026-09-04,2026-09-04T09:45:00-04:00,2026-09-04T09:45:00-04:00,MSTR,-264,sell,139.97999572753906,139.95199972839356,7.390943774414063,0.0,7.390943774414063,36954.71887207031,236,66991.42386890278,100026.702860602,0.33026459982128414,0.33026459982128414,policy_rebalance
2026-09-04,2026-09-04T09:50:00-04:00,2026-09-04T09:50:00-04:00,TSLA,173,buy,357.1000061035156,357.1714261047363,12.355660211181641,0.0,12.355660211181641,61778.3010559082,173,5200.767152783403,100207.86892890645,0.9481002120055747,0.9481002120055747,policy_rebalance
2026-09-04,2026-09-04T09:55:00-04:00,2026-09-04T09:55:00-04:00,MSTR,-144,sell,140.17999267578125,140.1519566772461,4.0371837890625,0.0,4.0371837890625,20185.9189453125,92,25382.64891430684,100262.0651130373,0.7468369628563908,0.7468369628563908,policy_rebalance
2026-09-04,2026-09-04T10:00:00-04:00,2026-09-04T10:00:00-04:00,TSLA,-1,sell,359.54998779296875,359.4780777954102,0.07190999755859374,0.0,0.07190999755859374,359.54998779296875,172,25742.12699210225,100507.96500479756,0.74387973141359,0.74387973141359,policy_rebalance
2026-09-04,2026-09-04T10:00:00-04:00,2026-09-04T10:00:00-04:00,MSTR,-92,sell,140.47000122070312,140.441907220459,2.5846480224609376,0.0,2.5846480224609376,12923.240112304688,0,38662.78245638448,100505.3803567751,0.6153162913354597,0.6153162913354597,policy_rebalance
2026-09-04,2026-09-04T10:00:00-04:00,2026-09-04T10:00:00-04:00,NVDA,141,buy,234.55999755859375,234.60690955810546,6.614591931152344,0.0,6.614591931152344,33072.95965576172,141,5583.208208691605,100498.76576484395,0.9444450071978426,0.9444450071978426,policy_rebalance
2026-09-04,2026-09-04T10:05:00-04:00,2026-09-04T10:05:00-04:00,TSLA,-172,sell,357.0,356.9286,12.2808,0.0,12.2808,61404.0,0,66974.92740869161,99947.77826928732,0.3299007885073504,0.3299007885073504,policy_rebalance
2026-09-04,2026-09-04T10:05:00-04:00,2026-09-04T10:05:00-04:00,NVDA,-1,sell,233.85000610351562,233.80323610229493,0.04677000122070313,0.0,0.04677000122070313,233.85000610351562,140,67208.7306447939,99947.73149928609,0.32756121988347514,0.32756121988347514,policy_rebalance
2026-09-04,2026-09-04T10:05:00-04:00,2026-09-04T10:05:00-04:00,SNDK,1,buy,1660.43994140625,1660.7720293945313,0.33208798828125,0.0,0.33208798828125,1660.43994140625,1,65547.95861539937,99947.39941129781,0.3441754462698907,0.3441754462698907,policy_rebalance
2026-09-04,2026-09-04T10:10:00-04:00,2026-09-04T10:10:00-04:00,NVDA,-140,sell,233.67999267578125,233.6332566772461,6.543039794921875,0.0,6.543039794921875,32715.198974609375,0,98256.61455021382,99909.73454533101,0.016546135395516786,0.016546135395516786,policy_rebalance
2026-09-04,2026-09-04T10:10:00-04:00,2026-09-04T10:10:00-04:00,SNDK,9,buy,1653.1199951171875,1653.4506191162109,2.9756159912109377,0.0,2.9756159912109377,14878.079956054688,10,83375.55897816793,99906.7589293398,0.16546628204467884,0.16546628204467884,policy_rebalance
2026-09-04,2026-09-04T10:25:00-04:00,2026-09-04T10:25:00-04:00,SNDK,1,buy,1662.58056640625,1662.9130825195311,0.33251611328125,0.0,0.33251611328125,1662.58056640625,11,81712.6458956484,100001.03212611715,0.18288197473206275,0.18288197473206275,policy_rebalance
2026-09-04,2026-09-04T10:30:00-04:00,2026-09-04T10:30:00-04:00,SNDK,-1,sell,1670.5050048828125,1670.170903881836,0.3341010009765625,0.0,0.3341010009765625,1670.5050048828125,10,83382.81679953024,100087.86684835836,0.16690384733783664,0.16690384733783664,policy_rebalance
2026-09-04,2026-09-04T10:35:00-04:00,2026-09-04T10:35:00-04:00,SNDK,-10,sell,1677.510009765625,1677.174507763672,3.35502001953125,0.0,3.35502001953125,16775.10009765625,0,100154.56187716695,100154.56187716695,0.0,0.0,policy_rebalance
2026-09-04,2026-09-04T10:35:00-04:00,2026-09-04T10:35:00-04:00,TSLA,197,buy,354.05999755859375,354.13080955810545,13.949963903808595,0.0,13.949963903808595,69749.81951904297,197,30390.792394220174,100140.61191326314,0.6965188067699928,0.6965188067699928,policy_rebalance
2026-09-04,2026-09-04T10:45:00-04:00,2026-09-04T10:45:00-04:00,TSLA,-197,sell,352.7349853515625,352.6644383544922,13.897758422851563,0.0,13.897758422851563,69488.79211425781,0,99865.68675005513,99865.68675005513,0.0,0.0,policy_rebalance
2026-09-04,2026-09-04T11:05:00-04:00,2026-09-04T11:05:00-04:00,MSTR,27,buy,139.61000061035156,139.63792261047362,0.7538940032958984,0.0,0.7538940032958984,3769.470016479492,27,96095.46283957234,99864.93285605183,0.03774568217967877,0.03774568217967877,policy_rebalance
2026-09-04,2026-09-04T11:10:00-04:00,2026-09-04T11:10:00-04:00,MSTR,-1,sell,140.27999877929688,140.25194277954103,0.028055999755859377,0.0,0.028055999755859377,140.27999877929688,26,96235.71478235188,99882.9947506136,0.036515524763431395,0.036515524763431395,policy_rebalance
2026-09-04,2026-09-04T11:15:00-04:00,2026-09-04T11:15:00-04:00,MSTR,-26,sell,140.1898956298828,140.16185765075684,0.7289874572753906,0.0,0.7289874572753906,3644.937286376953,0,99879.92308127155,99879.92308127155,0.0,0.0,policy_rebalance
2026-09-04,2026-09-04T11:20:00-04:00,2026-09-04T11:20:00-04:00,NVDA,215,buy,232.4499969482422,232.49648694763184,9.995349868774413,0.0,9.995349868774413,49976.74934387207,215,49893.17838753071,99869.92773140277,0.5004183990027815,0.5004183990027815,policy_rebalance
2026-09-04,2026-09-04T11:40:00-04:00,2026-09-04T11:40:00-04:00,NVDA,-5,sell,231.77999877929688,231.73364277954101,0.23177999877929686,0.0,0.23177999877929686,1158.8999938964844,210,51051.84660142841,99725.64634508075,0.48807705467484613,0.48807705467484613,policy_rebalance
2026-09-04,2026-09-04T11:55:00-04:00,2026-09-04T11:55:00-04:00,NVDA,-79,sell,230.9550018310547,230.90881083068848,3.649089028930664,0.0,3.649089028930664,18245.44514465332,131,69293.6426570528,99548.74789692096,0.3039225091127837,0.3039225091127837,policy_rebalance
2026-09-04,2026-09-04T12:00:00-04:00,2026-09-04T12:00:00-04:00,NVDA,-1,sell,231.02999877929688,230.98379277954103,0.04620599975585937,0.0,0.04620599975585937,231.02999877929688,130,69524.62644983234,99558.52629114094,0.3016707956632451,0.3016707956632451,policy_rebalance
2026-09-04,2026-09-04T12:05:00-04:00,2026-09-04T12:05:00-04:00,SNDK,27,buy,1697.0899658203125,1697.4293838134765,9.164285815429688,0.0,9.164285815429688,45821.42907714844,27,23694.033086868476,99523.36240205402,0.7619249137589481,0.7619249137589481,policy_rebalance
2026-09-04,2026-09-04T12:10:00-04:00,2026-09-04T12:10:00-04:00,SNDK,-10,sell,1699.4150390625,1699.0751560546876,3.398830078125,0.0,3.398830078125,16994.150390625,17,40684.78464741535,99645.13999409504,0.5917032717318043,0.5917032717318043,policy_rebalance
2026-09-04,2026-09-04T12:15:00-04:00,2026-09-04T12:15:00-04:00,SNDK,-1,sell,1698.0,1697.6604,0.3396,0.0,0.3396,1698.0,16,42382.44504741535,99601.89417461262,0.5744815357314946,0.5744815357314946,policy_rebalance
2026-09-04,2026-09-04T12:20:00-04:00,2026-09-04T12:20:00-04:00,SNDK,-8,sell,1696.3399658203125,1696.0006978271485,2.7141439453125,0.0,2.7141439453125,13570.7197265625,8,55950.45063003254,99517.38297256184,0.4377821345497121,0.4377821345497121,policy_rebalance
2026-09-04,2026-09-04T12:25:00-04:00,2026-09-04T12:25:00-04:00,SNDK,-2,sell,1699.7750244140625,1699.4350694091797,0.679910009765625,0.0,0.679910009765625,3399.550048828125,6,59349.3207688509,99570.17123271809,0.4039447754876501,0.4039447754876501,policy_rebalance
2026-09-04,2026-09-04T12:30:00-04:00,2026-09-04T12:30:00-04:00,SNDK,-1,sell,1708.31005859375,1707.9683965820313,0.34166201171875,0.0,0.34166201171875,1708.31005859375,5,61057.28916543293,99648.33866494465,0.3872723822247494,0.3872723822247494,policy_rebalance
2026-09-04,2026-09-04T12:30:00-04:00,2026-09-04T12:30:00-04:00,NVDA,-1,sell,231.14999389648438,231.10376389770508,0.04622999877929688,0.0,0.04622999877929688,231.14999389648438,129,61288.392929330636,99648.29243494588,0.38495290353979733,0.38495290353979733,policy_rebalance
2026-09-04,2026-09-04T12:40:00-04:00,2026-09-04T12:40:00-04:00,SNDK,-1,sell,1711.9449462890625,1711.6025572998046,0.3423889892578125,0.0,0.3423889892578125,1711.9449462890625,4,62999.99548663044,99708.05105914021,0.3681553814619943,0.3681553814619943,policy_rebalance
2026-09-04,2026-09-04T12:40:00-04:00,2026-09-04T12:40:00-04:00,MSTR,-61,sell,142.73500061035156,142.7064536102295,1.741367007446289,0.0,1.741367007446289,8706.835037231445,-61,71705.08915685443,99706.30969213275,0.4554866261721111,0.28083699639209225,policy_rebalance
2026-09-04,2026-09-04T12:45:00-04:00,2026-09-04T12:45:00-04:00,SNDK,-4,sell,1717.8900146484375,1717.5464366455078,1.37431201171875,0.0,1.37431201171875,6871.56005859375,0,78575.27490343647,99723.0449534853,0.3870707161054675,0.2120650252899214,policy_rebalance
2026-09-04,2026-09-04T12:45:00-04:00,2026-09-04T12:45:00-04:00,NVDA,-1,sell,231.5800018310547,231.53368583068848,0.04631600036621094,0.0,0.04631600036621094,231.5800018310547,128,78806.80858926715,99722.99863748492,0.3847486632447688,0.20974289114843742,policy_rebalance
2026-09-04,2026-09-04T12:45:00-04:00,2026-09-04T12:45:00-04:00,MSTR,1,buy,143.0500030517578,143.07861305236815,0.02861000061035156,0.0,0.02861000061035156,143.0500030517578,-60,78663.72997621479,99722.97002748432,0.3833142996738398,0.21117742527589645,policy_rebalance
2026-09-04,2026-09-04T12:55:00-04:00,2026-09-04T12:55:00-04:00,NVDA,-1,sell,231.53500366210938,231.48869666137696,0.046307000732421874,0.0,0.046307000732421874,231.53500366210938,127,78895.21867287616,99717.16395485858,0.38095694002479147,0.20881004288698388,policy_rebalance
2026-09-04,2026-09-04T13:05:00-04:00,2026-09-04T13:05:00-04:00,NVDA,-26,sell,231.5399932861328,231.49368528747559,1.2040079650878905,0.0,1.2040079650878905,6020.039825439453,101,84914.05449035052,99733.39355590228,0.32037152691828913,0.14858953994426413,policy_rebalance
2026-09-04,2026-09-04T13:10:00-04:00,2026-09-04T13:10:00-04:00,NVDA,-62,sell,231.0050048828125,230.95880388183593,2.864462060546875,0.0,2.864462060546875,14322.310302734375,39,99233.50033102435,99674.57540426654,0.176347029684611,0.004425151263030185,policy_rebalance
2026-09-04,2026-09-04T13:20:00-04:00,2026-09-04T13:20:00-04:00,NVDA,-10,sell,230.7100067138672,230.66386471252443,0.46142001342773437,0.0,0.46142001342773437,2307.100067138672,29,101540.1389781496,99685.52928271503,0.15283853328028302,-0.018604602982793716,policy_rebalance
2026-09-04,2026-09-04T13:30:00-04:00,2026-09-04T13:30:00-04:00,NVDA,-1,sell,230.74000549316406,230.69385749206543,0.04614800109863281,0.0,0.04614800109863281,230.74000549316406,28,101770.83283564166,99712.75324579791,0.15022672035276693,-0.02064008386941699,policy_rebalance
2026-09-04,2026-09-04T13:30:00-04:00,2026-09-04T13:30:00-04:00,MSTR,1,buy,141.97999572753906,142.00839172668458,0.028395999145507812,0.0,0.028395999145507812,141.97999572753906,-59,101628.82444391497,99712.72484979876,0.14880287269336762,-0.019216199306583064,policy_rebalance
2026-09-04,2026-09-04T13:50:00-04:00,2026-09-04T13:50:00-04:00,MSTR,-54,sell,142.25880432128906,142.23035256042482,1.5363950866699219,0.0,1.5363950866699219,7681.975433349609,-113,109309.2634821779,99683.81876477068,0.22596490923323947,-0.09655975098747883,policy_rebalance
2026-09-04,2026-09-04T14:05:00-04:00,2026-09-04T14:05:00-04:00,SNDK,1,buy,1718.260009765625,1718.6036617675782,0.343652001953125,0.0,0.343652001953125,1718.260009765625,1,107590.65982041034,99717.03939804705,0.24259906659068065,-0.07895962886476837,policy_rebalance
2026-09-04,2026-09-04T14:10:00-04:00,2026-09-04T14:10:00-04:00,SNDK,-1,sell,1717.6600341796875,1717.3165021728516,0.3435320068359375,0.0,0.3435320068359375,1717.6600341796875,0,109307.97632258318,99693.69607966326,0.22583053362497865,-0.09643819640549128,policy_rebalance
2026-09-04,2026-09-04T14:10:00-04:00,2026-09-04T14:10:00-04:00,NVDA,-1,sell,230.35000610351562,230.30393610229493,0.04607000122070312,0.0,0.04607000122070312,230.35000610351562,27,109538.28025868548,99693.65000966204,0.22352005946671247,-0.09874881948919838,policy_rebalance
2026-09-04,2026-09-04T14:10:00-04:00,2026-09-04T14:10:00-04:00,MSTR,1,buy,142.16000366210938,142.18843566284178,0.028432000732421876,0.0,0.028432000732421876,142.16000366210938,-112,109396.09182302264,99693.62157766131,0.22209415431561033,-0.09732287875411473,policy_rebalance
2026-09-04,2026-09-04T14:15:00-04:00,2026-09-04T14:15:00-04:00,MSTR,46,buy,141.80499267578125,141.8333536743164,1.3046059326171875,0.0,1.3046059326171875,6523.0296630859375,-66,102871.75755400409,99728.83792204608,0.15617688650317693,-0.031514652105088185,policy_rebalance
2026-09-04,2026-09-04T14:20:00-04:00,2026-09-04T14:20:00-04:00,NVDA,-1,sell,230.38999938964844,230.34392138977051,0.04607799987792969,0.0,0.04607799987792969,230.38999938964844,26,103102.10147539385,99709.02158037432,0.1541822356654955,-0.03402981837791285,policy_rebalance
2026-09-04,2026-09-04T14:30:00-04:00,2026-09-04T14:30:00-04:00,NVDA,-1,sell,230.35000610351562,230.30393610229493,0.04607000122070312,0.0,0.04607000122070312,230.35000610351562,25,103332.40541149615,99724.43568493365,0.15167265603312344,-0.03617939476700986,policy_rebalance
2026-09-04,2026-09-04T14:30:00-04:00,2026-09-04T14:30:00-04:00,MSTR,58,buy,141.9199981689453,141.9483821685791,1.6462719787597657,0.0,1.6462719787597657,8231.359893798828,-8,95099.39924571855,99722.78941295488,0.06913274466672556,0.04636242321793406,policy_rebalance
2026-09-04,2026-09-04T14:45:00-04:00,2026-09-04T14:45:00-04:00,MSTR,1,buy,142.86500549316406,142.8935784942627,0.02857300109863281,0.0,0.02857300109863281,142.86500549316406,-7,94956.5056672243,99714.20056773699,0.06777174102525486,0.04771331338389199,policy_rebalance
2026-09-04,2026-09-04T15:15:00-04:00,2026-09-04T15:15:00-04:00,MSTR,-9,sell,143.68499755859375,143.65626055908203,0.25863299560546876,0.0,0.25863299560546876,1293.1649780273438,-16,96249.41201225603,99700.70191398943,0.08073373275297854,0.034616505555906556,policy_rebalance
2026-09-04,2026-09-04T15:20:00-04:00,2026-09-04T15:20:00-04:00,NVDA,-1,sell,230.11000061035156,230.0639786102295,0.04602200012207031,0.0,0.04602200012207031,230.11000061035156,24,96479.47599086625,99695.39603481157,0.078532813918686,0.03225745793539332,policy_rebalance
2026-09-04,2026-09-04T15:20:00-04:00,2026-09-04T15:20:00-04:00,MSTR,1,buy,144.1699981689453,144.1988321685791,0.028833999633789062,0.0,0.028833999633789062,144.1699981689453,-15,96335.27715869767,99695.36720081193,0.07708673133930768,0.033703572557651336,policy_rebalance
2026-09-04,2026-09-04T15:25:00-04:00,2026-09-04T15:25:00-04:00,MSTR,1,buy,144.15499877929688,144.18382977905273,0.028830999755859375,0.0,0.028830999755859375,144.15499877929688,-14,96191.09332891862,99691.96350714128,0.07560499240746775,0.03511687457105684,policy_rebalance
2026-09-04,2026-09-04T15:30:00-04:00,2026-09-04T15:30:00-04:00,MSTR,-1,sell,144.32000732421875,144.2911433227539,0.02886400146484375,0.0,0.02886400146484375,144.32000732421875,-15,96335.38447224138,99687.4642451906,0.07705763258038116,0.033625890660679926,policy_rebalance
2026-09-04,2026-09-04T15:45:00-04:00,2026-09-04T15:45:00-04:00,NVDA,-1,sell,229.98500061035156,229.9390036102295,0.045997000122070315,0.0,0.045997000122070315,229.98500061035156,23,96565.3234758516,99709.3785905977,0.07456926337750941,0.03153219044374397,policy_rebalance
2026-09-04,2026-09-04T15:45:00-04:00,2026-09-04T15:45:00-04:00,MSTR,-10,sell,143.0399932861328,143.01138528747558,0.28607998657226563,0.0,0.28607998657226563,1430.3999328613281,-25,97995.43732872636,99709.09251061112,0.08891520946545488,0.017186548776405693,policy_rebalance
2026-09-04,2026-09-04T15:50:00-04:00,2026-09-04T15:50:00-04:00,MSTR,1,buy,142.9499969482422,142.97858694763184,0.028589999389648436,0.0,0.028589999389648436,142.9499969482422,-24,97852.45874177873,99719.01898347794,0.08752753671454569,0.01871819699718949,policy_rebalance
2026-09-04,2026-09-04T15:55:00-04:00,,NVDA,-23,sell,230.97999572753906,230.93379972839355,1.0625079803466797,0.0,1.0625079803466797,5312.539901733398,0,103163.93613553178,99735.29612088334,0.03437739845373079,-0.03437739845373079,scheduled_1555_liquidation
2026-09-04,2026-09-04T15:55:00-04:00,,MSTR,24,buy,142.86000061035156,142.88857261047363,0.6857280029296875,0.0,0.6857280029296875,3428.6400146484375,0,99734.61039288041,99734.61039288041,0.0,0.0,scheduled_1555_liquidation
2026-09-08,2026-09-08T09:40:00-04:00,2026-09-08T09:40:00-04:00,TSLA,-28,sell,359.3349914550781,359.2631244567871,2.0122759521484377,0.0,2.0122759521484377,10061.379760742188,-28,109793.97787767045,99732.59811692826,0.10088356215232705,-0.10088356215232705,policy_rebalance
2026-09-08,2026-09-08T09:40:00-04:00,2026-09-08T09:40:00-04:00,MSTR,124,buy,136.3699951171875,136.39726911621094,3.38197587890625,0.0,3.38197587890625,16909.87939453125,124,92880.7165072603,99729.21614104936,0.27044491272374344,0.06867094617592372,policy_rebalance
2026-09-08,2026-09-08T09:45:00-04:00,2026-09-08T09:45:00-04:00,TSLA,28,buy,357.67999267578125,357.7515286743164,2.003007958984375,0.0,2.003007958984375,10015.039794921875,0,82863.67370437944,99906.23400711382,0.17058555426602168,0.17058555426602168,policy_rebalance
2026-09-08,2026-09-08T09:45:00-04:00,2026-09-08T09:45:00-04:00,MSTR,3,buy,137.44000244140625,137.46749044189454,0.08246400146484376,0.0,0.08246400146484376,412.32000732421875,127,82451.27123305376,99906.15154311236,0.1747127683376565,0.1747127683376565,policy_rebalance
2026-09-08,2026-09-08T09:50:00-04:00,2026-09-08T09:50:00-04:00,MSTR,-1,sell,137.43499755859375,137.40751055908203,0.02748699951171875,0.0,0.02748699951171875,137.43499755859375,126,82588.67874361285,99905.48843599566,0.17333191562820702,0.17333191562820702,policy_rebalance
2026-09-08,2026-09-08T09:55:00-04:00,2026-09-08T09:55:00-04:00,TSLA,170,buy,358.67999267578125,358.7517286743164,12.195119750976563,0.0,12.195119750976563,60975.59875488281,170,21600.88486897907,99878.80454671345,0.7837290407408078,0.7837290407408078,policy_rebalance
2026-09-08,2026-09-08T09:55:00-04:00,2026-09-08T09:55:00-04:00,MSTR,24,buy,137.32000732421875,137.34747132568359,0.65913603515625,0.0,0.65913603515625,3295.68017578125,150,18304.545557162663,99878.14541067829,0.8167312230128206,0.8167312230128206,policy_rebalance
2026-09-08,2026-09-08T10:00:00-04:00,2026-09-08T10:00:00-04:00,MSTR,-150,sell,137.625,137.597475,4.12875,0.0,4.12875,20643.75,0,38944.16680716266,100178.16888235798,0.6112509617450097,0.6112509617450097,policy_rebalance
2026-09-08,2026-09-08T10:00:00-04:00,2026-09-08T10:00:00-04:00,SNDK,4,buy,1780.4849853515625,1780.8410823486329,1.42438798828125,0.0,1.42438798828125,7121.93994140625,4,31820.80247776813,100176.74449436969,0.6823533981027246,0.6823533981027246,policy_rebalance
2026-09-08,2026-09-08T10:05:00-04:00,2026-09-08T10:05:00-04:00,SNDK,-4,sell,1775.10498046875,1774.7499594726562,1.420083984375,0.0,1.420083984375,7100.419921875,0,38919.80231565876,100344.20356077595,0.6121370150485472,0.6121370150485472,policy_rebalance
2026-09-08,2026-09-08T10:05:00-04:00,2026-09-08T10:05:00-04:00,TSLA,-45,sell,361.32000732421875,361.24774332275393,3.2518800659179687,0.0,3.2518800659179687,16259.400329589844,125,55175.950765182686,100340.95168071003,0.4501153333610454,0.4501153333610454,policy_rebalance
2026-09-08,2026-09-08T10:05:00-04:00,2026-09-08T10:05:00-04:00,NVDA,-218,sell,228.26199340820312,228.2163410095215,9.952222912597657,0.0,9.952222912597657,49761.11456298828,-218,104927.11310525838,100330.99945779744,0.9461294713648767,-0.045809507253979025,policy_rebalance
2026-09-08,2026-09-08T10:10:00-04:00,2026-09-08T10:10:00-04:00,TSLA,-1,sell,361.54998779296875,361.47767779541016,0.07230999755859376,0.0,0.07230999755859376,361.54998779296875,124,105288.59078305379,100154.64440243856,0.9465196938082618,-0.051260192787327526,policy_rebalance
2026-09-08,2026-09-08T10:10:00-04:00,2026-09-08T10:10:00-04:00,NVDA,1,buy,229.20249938964844,229.24833988952636,0.04584049987792969,0.0,0.04584049987792969,229.20249938964844,-217,105059.34244316426,100154.59856193868,0.9442316400020053,-0.04897172922312041,policy_rebalance
2026-09-08,2026-09-08T10:20:00-04:00,2026-09-08T10:20:00-04:00,NVDA,167,buy,228.18499755859375,228.23063455810546,7.621378918457031,0.0,7.621378918457031,38106.894592285156,-50,66944.82647196065,100406.20342508565,0.5605219079015921,0.3332600557702688,policy_rebalance
2026-09-08,2026-09-08T10:25:00-04:00,2026-09-08T10:25:00-04:00,TSLA,-124,sell,363.95001220703125,363.8772222045898,9.025960302734376,0.0,9.025960302734376,45129.801513671875,0,112065.60202532979,100665.60202532979,0.113246230794224,-0.113246230794224,policy_rebalance
2026-09-08,2026-09-08T10:30:00-04:00,2026-09-08T10:30:00-04:00,NVDA,50,buy,227.9600067138672,228.00559871520994,2.279600067138672,0.0,2.279600067138672,11398.00033569336,0,100665.3220895693,100665.3220895693,0.0,0.0,policy_rebalance
2026-09-08,2026-09-08T10:35:00-04:00,2026-09-08T10:35:00-04:00,SNDK,2,buy,1775.2099609375,1775.5650029296874,0.710083984375,0.0,0.710083984375,3550.419921875,2,97114.19208370992,100664.61200558492,0.03526979194712459,0.03526979194712459,policy_rebalance
2026-09-08,2026-09-08T10:45:00-04:00,2026-09-08T10:45:00-04:00,SNDK,-2,sell,1784.43994140625,1784.0830534179688,0.7137759765625,0.0,0.7137759765625,3568.8798828125,0,100682.35819054586,100682.35819054586,0.0,0.0,policy_rebalance
2026-09-08,2026-09-08T10:50:00-04:00,2026-09-08T10:50:00-04:00,SNDK,9,buy,1779.4200439453125,1779.7759279541015,3.2029560791015625,0.0,3.2029560791015625,16014.780395507812,9,84664.37483895895,100679.15523446676,0.15906748877870275,0.15906748877870275,policy_rebalance
2026-09-08,2026-09-08T10:55:00-04:00,2026-09-08T10:55:00-04:00,SNDK,-1,sell,1782.5150146484375,1782.1585116455078,0.3565030029296875,0.0,0.3565030029296875,1782.5150146484375,8,86446.53335060446,100706.65346779196,0.14160057579262306,0.14160057579262306,policy_rebalance
2026-09-08,2026-09-08T11:10:00-04:00,2026-09-08T11:10:00-04:00,SNDK,-8,sell,1775.760009765625,1775.404857763672,2.841216015625,0.0,2.841216015625,14206.080078125,0,100649.77221271383,100649.77221271383,0.0,0.0,policy_rebalance
2026-09-08,2026-09-08T11:25:00-04:00,2026-09-08T11:25:00-04:00,SNDK,9,buy,1790.6142578125,1790.9723806640625,3.2231056640625,0.0,3.2231056640625,16115.5283203125,9,84531.02078673727,100646.54910704977,0.16012002858808094,0.16012002858808094,policy_rebalance
2026-09-08,2026-09-08T11:30:00-04:00,2026-09-08T11:30:00-04:00,TSLA,-129,sell,367.82000732421875,367.7464433227539,9.489756188964844,0.0,9.489756188964844,47448.78094482422,-129,131970.31197537252,100570.43496121236,0.6313752635153446,-0.3122177708217166,policy_rebalance
2026-09-08,2026-09-08T11:35:00-04:00,2026-09-08T11:35:00-04:00,SNDK,-9,sell,1795.97998046875,1795.6207844726564,3.23276396484375,0.0,3.23276396484375,16163.81982421875,0,148130.89903562644,100847.23793333152,0.46886421553313523,-0.46886421553313523,policy_rebalance
2026-09-08,2026-09-08T11:35:00-04:00,2026-09-08T11:35:00-04:00,TSLA,-63,sell,366.5400085449219,366.4667005432129,4.618404107666016,0.0,4.618404107666016,23092.020538330078,-192,171218.30116984886,100842.61952922386,0.697876373790849,-0.697876373790849,policy_rebalance
2026-09-08,2026-09-08T11:40:00-04:00,2026-09-08T11:40:00-04:00,TSLA,1,buy,365.55999755859375,365.63310955810545,0.07311199951171875,0.0,0.07311199951171875,365.55999755859375,-191,170852.66806029074,101030.70852659934,0.6910964057557678,-0.6910964057557678,policy_rebalance
2026-09-08,2026-09-08T11:45:00-04:00,2026-09-08T11:45:00-04:00,TSLA,191,buy,366.1300048828125,366.20323088378905,13.986166186523437,0.0,13.986166186523437,69930.83093261719,0,100907.85096148704,100907.85096148704,0.0,0.0,policy_rebalance
2026-09-08,2026-09-08T11:45:00-04:00,2026-09-08T11:45:00-04:00,SNDK,1,buy,1800.8175048828125,1801.177668383789,0.3601635009765625,0.0,0.3601635009765625,1800.8175048828125,1,99106.67329310325,100907.49079798606,0.01784622222435397,0.01784622222435397,policy_rebalance
2026-09-08,2026-09-08T11:50:00-04:00,2026-09-08T11:50:00-04:00,SNDK,-1,sell,1803.050048828125,1802.6894388183593,0.360610009765625,0.0,0.360610009765625,1803.050048828125,0,100909.3627319216,100909.3627319216,0.0,0.0,policy_rebalance
2026-09-08,2026-09-08T12:35:00-04:00,2026-09-08T12:35:00-04:00,SNDK,4,buy,1795.4461669921875,1795.805256225586,1.43635693359375,0.0,1.43635693359375,7181.78466796875,4,93726.14170701925,100907.926374988,0.07117166040336842,0.07117166040336842,policy_rebalance
2026-09-08,2026-09-08T12:55:00-04:00,2026-09-08T12:55:00-04:00,SNDK,1,buy,1781.7650146484375,1782.121367651367,0.3563530029296875,0.0,0.3563530029296875,1781.7650146484375,5,91944.02033936788,100852.84541261007,0.08833489066961196,0.08833489066961196,policy_rebalance
2026-09-08,2026-09-08T13:00:00-04:00,2026-09-08T13:00:00-04:00,SNDK,3,buy,1778.949951171875,1779.3057411621094,1.067369970703125,0.0,1.067369970703125,5336.849853515625,8,86606.10311588156,100837.70272525656,0.1411337151159677,0.1411337151159677,policy_rebalance
2026-09-08,2026-09-08T13:00:00-04:00,2026-09-08T13:00:00-04:00,TSLA,-138,sell,368.2300109863281,368.15636498413085,10.163148303222655,0.0,10.163148303222655,50815.74151611328,-138,137411.68148369162,100827.53957695334,0.6451346665644163,-0.3628387845249028,policy_rebalance
2026-09-08,2026-09-08T13:05:00-04:00,2026-09-08T13:05:00-04:00,TSLA,34,buy,368.79998779296875,368.8737477905273,2.5078399169921877,0.0,2.5078399169921877,12539.199584960938,-104,124869.97405881369,100771.01556271994,0.522089002190301,-0.23914573413318976,policy_rebalance
2026-09-08,2026-09-08T13:10:00-04:00,2026-09-08T13:10:00-04:00,SNDK,-1,sell,1783.6622314453125,1783.3054989990235,0.3567324462890625,0.0,0.3567324462890625,1783.6622314453125,7,126653.27955781271,100790.99403535177,0.5043462191162216,-0.2565932181737379,policy_rebalance
2026-09-08,2026-09-08T13:10:00-04:00,2026-09-08T13:10:00-04:00,TSLA,94,buy,368.7300109863281,368.8037569885254,6.9321242065429685,0.0,6.9321242065429685,34660.621032714844,-10,91985.72640089132,100784.06191114523,0.16047116402431863,0.08729887785244088,policy_rebalance
2026-09-08,2026-09-08T13:15:00-04:00,2026-09-08T13:15:00-04:00,SNDK,10,buy,1783.8138427734375,1784.1706055419922,3.567627685546875,0.0,3.567627685546875,17838.138427734375,17,74144.02034547139,100784.55574586202,0.337443916899962,0.2643315258298832,policy_rebalance
2026-09-08,2026-09-08T13:25:00-04:00,2026-09-08T13:25:00-04:00,SNDK,-17,sell,1784.739990234375,1784.3830422363283,6.068115966796875,0.0,6.068115966796875,30340.579833984375,0,104478.53206348896,100804.63191700459,0.036445747349280584,-0.036445747349280584,policy_rebalance
2026-09-08,2026-09-08T13:30:00-04:00,2026-09-08T13:30:00-04:00,SNDK,1,buy,1782.0699462890625,1782.4263602783203,0.3564139892578125,0.0,0.3564139892578125,1782.0699462890625,1,102696.10570321065,100802.92571053487,0.054138506861647215,-0.01878100242955474,policy_rebalance
2026-09-08,2026-09-08T13:35:00-04:00,2026-09-08T13:35:00-04:00,SNDK,-1,sell,1784.9549560546875,1784.5979650634765,0.3569909912109375,0.0,0.3569909912109375,1784.9549560546875,0,104480.70366827413,100802.75353399679,0.03648660384100437,-0.03648660384100437,policy_rebalance
2026-09-08,2026-09-08T13:50:00-04:00,2026-09-08T13:50:00-04:00,TSLA,10,buy,366.60009765625,366.67341767578125,0.7332001953125,0.0,0.7332001953125,3666.0009765625,0,100813.96949151631,100813.96949151631,0.0,0.0,policy_rebalance
2026-09-08,2026-09-08T14:15:00-04:00,2026-09-08T14:15:00-04:00,TSLA,40,buy,365.9100036621094,365.9831856628418,2.927280029296875,0.0,2.927280029296875,14636.400146484375,40,86174.64206500264,100811.04221148702,0.1451864778441564,0.1451864778441564,policy_rebalance
2026-09-08,2026-09-08T14:25:00-04:00,2026-09-08T14:25:00-04:00,TSLA,-1,sell,366.1300048828125,366.05677888183595,0.0732260009765625,0.0,0.0732260009765625,366.1300048828125,39,86540.69884388447,100819.76903431416,0.14162966576098568,0.14162966576098568,policy_rebalance
2026-09-08,2026-09-08T14:30:00-04:00,2026-09-08T14:30:00-04:00,TSLA,-28,sell,365.5799865722656,365.50687057495117,2.0472479248046875,0.0,2.0472479248046875,10236.239624023438,11,96774.89121998311,100796.27107227803,0.03989611728206998,0.03989611728206998,policy_rebalance
2026-09-08,2026-09-08T14:30:00-04:00,2026-09-08T14:30:00-04:00,SNDK,-6,sell,1795.68994140625,1795.3308034179688,2.1548279296875,0.0,2.1548279296875,10774.1396484375,-6,107546.87604049093,100794.11624434835,0.1467895156187951,-0.06699557521564374,policy_rebalance
2026-09-08,2026-09-08T14:35:00-04:00,2026-09-08T14:35:00-04:00,TSLA,-1,sell,365.3399963378906,365.2669283386231,0.07306799926757812,0.0,0.07306799926757812,365.3399963378906,10,107912.14296882955,100771.57296150533,0.14336751436440232,-0.07085897140904918,policy_rebalance
2026-09-08,2026-09-08T14:35:00-04:00,2026-09-08T14:35:00-04:00,SNDK,6,buy,1798.9949951171875,1799.354794116211,2.158793994140625,0.0,2.158793994140625,10793.969970703125,0,97116.01420413228,100769.41416751119,0.03625504815683239,0.03625504815683239,policy_rebalance
2026-09-08,2026-09-08T14:45:00-04:00,2026-09-08T14:45:00-04:00,TSLA,-10,sell,366.4599914550781,366.38669945678714,0.7329199829101563,0.0,0.7329199829101563,3664.5999145507812,0,100779.88119870015,100779.88119870015,0.0,0.0,policy_rebalance
2026-09-08,2026-09-08T15:25:00-04:00,2026-09-08T15:25:00-04:00,SNDK,2,buy,1770.969970703125,1771.3241646972656,0.70838798828125,0.0,0.70838798828125,3541.93994140625,2,97237.23286930562,100779.17281071187,0.03514555480683381,0.03514555480683381,policy_rebalance
2026-09-08,2026-09-08T15:30:00-04:00,2026-09-08T15:30:00-04:00,SNDK,-2,sell,1772.0,1771.6456,0.7088,0.0,0.7088,3544.0,0,100780.52406930563,100780.52406930563,0.0,0.0,policy_rebalance
2026-09-09,2026-09-09T09:40:00-04:00,2026-09-09T09:40:00-04:00,MSTR,340,buy,138.60499572753906,138.63271672668458,9.425139709472656,0.0,9.425139709472656,47125.69854736328,340,53645.40038223287,100771.09892959615,0.46765093412633824,0.46765093412633824,policy_rebalance
2026-09-09,2026-09-09T09:45:00-04:00,2026-09-09T09:45:00-04:00,MSTR,136,buy,137.90989685058594,137.93747882995606,3.7511491943359374,0.0,3.7511491943359374,18755.745971679688,476,34885.90326135884,100531.01416223776,0.6529836732268541,0.6529836732268541,policy_rebalance
2026-09-09,2026-09-09T09:50:00-04:00,2026-09-09T09:50:00-04:00,MSTR,-159,sell,137.88999938964844,137.8624213897705,4.38490198059082,0.0,4.38490198059082,21924.5099029541,317,56806.02826233235,100517.1580688509,0.43486237221885926,0.43486237221885926,policy_rebalance
2026-09-09,2026-09-09T09:50:00-04:00,2026-09-09T09:50:00-04:00,TSLA,138,buy,373.44439697265625,373.51908585205075,10.307065356445312,0.0,10.307065356445312,51535.32678222656,138,5260.394414749346,100506.85100349446,0.9476613349017725,0.9476613349017725,policy_rebalance
2026-09-09,2026-09-09T09:55:00-04:00,2026-09-09T09:55:00-04:00,TSLA,-138,sell,371.389892578125,371.3156145996094,10.25036103515625,0.0,10.25036103515625,51251.80517578125,0,56501.94922949544,99818.41558386556,0.43395265393665194,0.43395265393665194,policy_rebalance
2026-09-09,2026-09-09T09:55:00-04:00,2026-09-09T09:55:00-04:00,MSTR,-119,sell,136.64500427246094,136.61767527160646,3.25215110168457,0.0,3.25215110168457,16260.755508422852,198,72759.45258681661,99815.16343276387,0.2710581229892206,0.2710581229892206,policy_rebalance
2026-09-09,2026-09-09T09:55:00-04:00,2026-09-09T09:55:00-04:00,SNDK,6,buy,1774.0550537109375,1774.4098647216797,2.128866064453125,0.0,2.128866064453125,10644.330322265625,6,62112.993398486535,99813.03456669943,0.3777065924493066,0.3777065924493066,policy_rebalance
2026-09-09,2026-09-09T10:00:00-04:00,2026-09-09T10:00:00-04:00,MSTR,-86,sell,136.9600067138672,136.9326147125244,2.3557121154785157,0.0,2.3557121154785157,11778.560577392578,112,73889.19826376364,99984.43825399801,0.26099301497241667,0.26099301497241667,policy_rebalance
2026-09-09,2026-09-09T10:00:00-04:00,2026-09-09T10:00:00-04:00,SNDK,24,buy,1792.619873046875,1792.9783970214844,8.604575390625,0.0,8.604575390625,43022.876953125,30,30857.716735248017,99975.83367860739,0.6913482428719083,0.6913482428719083,policy_rebalance
2026-09-09,2026-09-09T10:00:00-04:00,2026-09-09T10:00:00-04:00,TSLA,67,buy,371.0299987792969,371.10420477905274,4.971801983642578,0.0,4.971801983642578,24859.00991821289,67,5993.735015051483,99970.86187662375,0.9400451801401044,0.9400451801401044,policy_rebalance
2026-09-09,2026-09-09T10:05:00-04:00,2026-09-09T10:05:00-04:00,MSTR,-112,sell,136.65989685058594,136.63256487121583,3.061181689453125,0.0,3.061181689453125,15305.908447265625,0,21296.582280627656,100241.0822195925,0.7875463651322675,0.7875463651322675,policy_rebalance
2026-09-09,2026-09-09T10:05:00-04:00,2026-09-09T10:05:00-04:00,TSLA,43,buy,371.20001220703125,371.27425220947265,3.192320104980469,0.0,3.192320104980469,15961.600524902344,110,5331.789435620332,100237.88989948752,0.9468086425106641,0.9468086425106641,policy_rebalance
2026-09-09,2026-09-09T10:15:00-04:00,2026-09-09T10:15:00-04:00,SNDK,-12,sell,1800.864990234375,1800.504817236328,4.3220759765625,0.0,4.3220759765625,21610.3798828125,18,26937.84724245627,100186.51612673362,0.7311230264921027,0.7311230264921027,policy_rebalance
2026-09-09,2026-09-09T10:15:00-04:00,2026-09-09T10:15:00-04:00,TSLA,-1,sell,371.2099914550781,371.1357494567871,0.07424199829101563,0.0,0.07424199829101563,371.2099914550781,109,27308.982991913057,100186.44188473532,0.7274183763973563,0.7274183763973563,policy_rebalance
2026-09-09,2026-09-09T10:20:00-04:00,2026-09-09T10:20:00-04:00,SNDK,-9,sell,1789.0,1788.6422,3.2202,0.0,3.2202,16101.0,9,43406.76279191306,100013.25119523337,0.565989883608725,0.565989883608725,policy_rebalance
2026-09-09,2026-09-09T10:20:00-04:00,2026-09-09T10:20:00-04:00,TSLA,50,buy,371.6099853515625,371.6843073486328,3.716099853515625,0.0,3.716099853515625,18580.499267578125,159,24822.54742448142,100009.53509537986,0.7517981920343099,0.7517981920343099,policy_rebalance
2026-09-09,2026-09-09T10:25:00-04:00,2026-09-09T10:25:00-04:00,SNDK,-9,sell,1773.344970703125,1772.9903017089844,3.192020947265625,0.0,3.192020947265625,15960.104736328125,0,40779.460139862276,99747.78936349509,0.5911742966928707,0.5911742966928707,policy_rebalance
2026-09-09,2026-09-09T10:25:00-04:00,2026-09-09T10:25:00-04:00,TSLA,-1,sell,370.8699951171875,370.7958211181641,0.0741739990234375,0.0,0.0741739990234375,370.8699951171875,158,41150.25596098044,99747.71518949606,0.5874566561970358,0.5874566561970358,policy_rebalance
2026-09-09,2026-09-09T10:30:00-04:00,2026-09-09T10:30:00-04:00,TSLA,-91,sell,371.2699890136719,371.19573501586916,6.7571138000488284,0.0,6.7571138000488284,33785.56900024414,67,74929.06784742454,99804.15711134055,0.24923900951506064,0.24923900951506064,policy_rebalance
2026-09-09,2026-09-09T10:30:00-04:00,2026-09-09T10:30:00-04:00,MSTR,506,buy,137.80999755859375,137.83755955810545,13.946371752929688,0.0,13.946371752929688,69731.85876464844,506,5183.26271102317,99790.21073958762,0.9480584050017752,0.9480584050017752,policy_rebalance
2026-09-09,2026-09-09T10:35:00-04:00,2026-09-09T10:35:00-04:00,MSTR,-506,sell,137.67999267578125,137.6524566772461,13.933215258789062,0.0,13.933215258789062,69666.07629394531,0,74835.4057897097,99813.0049718386,0.25024393553902247,0.25024393553902247,policy_rebalance
2026-09-09,2026-09-09T10:40:00-04:00,2026-09-09T10:40:00-04:00,TSLA,-1,sell,371.7139892578125,371.63964645996094,0.0743427978515625,0.0,0.0743427978515625,371.7139892578125,66,75207.04543616966,99740.16872718529,0.24597034077734473,0.24597034077734473,policy_rebalance
2026-09-09,2026-09-09T10:45:00-04:00,2026-09-09T10:45:00-04:00,TSLA,5,buy,371.7550048828125,371.82935588378905,0.3717550048828125,0.0,0.3717550048828125,1858.7750244140625,71,73347.89865675071,99742.5040034304,0.2646274585784603,0.2646274585784603,policy_rebalance
2026-09-09,2026-09-09T10:50:00-04:00,2026-09-09T10:50:00-04:00,TSLA,-71,sell,373.2699890136719,373.19533501586915,5.30043384399414,0.0,5.30043384399414,26502.169219970703,0,99844.76744287742,99844.76744287742,0.0,0.0,policy_rebalance
2026-09-09,2026-09-09T11:00:00-04:00,2026-09-09T11:00:00-04:00,TSLA,-179,sell,371.30999755859375,371.23573555908206,13.292897912597656,0.0,13.292897912597656,66464.48956298828,-179,166295.96410795313,99831.47454496485,0.6657668822977485,-0.6657668822977485,policy_rebalance
2026-09-09,2026-09-09T11:05:00-04:00,2026-09-09T11:05:00-04:00,TSLA,179,buy,370.0849914550781,370.15900845336915,13.249042694091797,0.0,13.249042694091797,66245.21347045898,0,100037.50159480005,100037.50159480005,0.0,0.0,policy_rebalance
2026-09-09,2026-09-09T11:10:00-04:00,2026-09-09T11:10:00-04:00,SNDK,7,buy,1784.0,1784.3568,2.4976,0.0,2.4976,12488.0,7,87547.00399480005,100035.00399480005,0.1248363023072318,0.1248363023072318,policy_rebalance
2026-09-09,2026-09-09T11:20:00-04:00,2026-09-09T11:20:00-04:00,SNDK,-7,sell,1793.5699462890625,1793.2112322998048,2.5109979248046876,0.0,2.5109979248046876,12554.989624023438,0,100099.48262089868,100099.48262089868,0.0,0.0,policy_rebalance
2026-09-09,2026-09-09T11:30:00-04:00,2026-09-09T11:30:00-04:00,SNDK,5,buy,1776.0799560546875,1776.4351720458983,1.7760799560546876,0.0,1.7760799560546876,8880.399780273438,5,91217.30676066919,100097.70654094263,0.08871731518285204,0.08871731518285204,policy_rebalance
2026-09-09,2026-09-09T11:40:00-04:00,2026-09-09T11:40:00-04:00,SNDK,-2,sell,1774.800048828125,1774.4450888183594,0.70992001953125,0.0,0.70992001953125,3549.60009765625,3,94766.1969383059,100090.59708479028,0.053195807613914896,0.053195807613914896,policy_rebalance
2026-09-09,2026-09-09T11:50:00-04:00,2026-09-09T11:50:00-04:00,SNDK,1,buy,1766.300048828125,1766.6533088378906,0.353260009765625,0.0,0.353260009765625,1766.300048828125,4,92999.54362946801,100064.74382478051,0.07060628874125834,0.07060628874125834,policy_rebalance
2026-09-09,2026-09-09T11:50:00-04:00,2026-09-09T11:50:00-04:00,TSLA,56,buy,370.2449951171875,370.31904411621093,4.1467439453125,0.0,4.1467439453125,20733.7197265625,56,72261.6771589602,100060.5970808352,0.277820847894974,0.277820847894974,policy_rebalance
2026-09-09,2026-09-09T11:55:00-04:00,2026-09-09T11:55:00-04:00,SNDK,-1,sell,1766.969970703125,1766.6165767089844,0.353393994140625,0.0,0.353393994140625,1766.969970703125,3,74028.29373566918,100083.11673371606,0.2603318506493864,0.2603318506493864,policy_rebalance
2026-09-09,2026-09-09T11:55:00-04:00,2026-09-09T11:55:00-04:00,TSLA,-1,sell,370.6055908203125,370.53146970214846,0.0741211181640625,0.0,0.0741211181640625,370.6055908203125,55,74398.82520537134,100083.0426125979,0.2566290625940021,0.2566290625940021,policy_rebalance
2026-09-09,2026-09-09T12:00:00-04:00,2026-09-09T12:00:00-04:00,TSLA,-1,sell,370.6199951171875,370.5458711181641,0.0741239990234375,0.0,0.0741239990234375,370.6199951171875,54,74769.37107648951,100083.11582746607,0.2529272249538583,0.2529272249538583,policy_rebalance
2026-09-09,2026-09-09T12:00:00-04:00,2026-09-09T12:00:00-04:00,SNDK,3,buy,1766.7550048828125,1767.108355883789,1.0600530029296875,0.0,1.0600530029296875,5300.2650146484375,6,69468.04600883814,100082.05577446314,0.3058890979878977,0.3058890979878977,policy_rebalance
2026-09-09,2026-09-09T12:05:00-04:00,2026-09-09T12:05:00-04:00,SNDK,-4,sell,1771.1500244140625,1770.7957944091797,1.41692001953125,0.0,1.41692001953125,7084.60009765625,2,76551.22918647485,100110.40539497095,0.23533194292388301,0.23533194292388301,policy_rebalance
2026-09-09,2026-09-09T12:05:00-04:00,2026-09-09T12:05:00-04:00,MSTR,341,buy,135.17999267578125,135.2070286743164,9.219275500488282,0.0,9.219275500488282,46096.377502441406,341,30445.63240853296,100101.18611947045,0.695851432048006,0.695851432048006,policy_rebalance
2026-09-09,2026-09-09T12:10:00-04:00,2026-09-09T12:10:00-04:00,TSLA,-1,sell,369.92498779296875,369.8510027954102,0.07398499755859375,0.0,0.07398499755859375,369.92498779296875,53,30815.483411328372,99879.07052375513,0.6914720646704532,0.6914720646704532,policy_rebalance
2026-09-09,2026-09-09T12:10:00-04:00,2026-09-09T12:10:00-04:00,MSTR,-126,sell,134.6649932861328,134.63806028747558,3.393557830810547,0.0,3.393557830810547,16967.789154052734,215,47779.87900755029,99875.67696592431,0.5216064565564659,0.5216064565564659,policy_rebalance
2026-09-09,2026-09-09T12:10:00-04:00,2026-09-09T12:10:00-04:00,SNDK,1,buy,1768.4000244140625,1768.7537044189453,0.3536800048828125,0.0,0.3536800048828125,1768.4000244140625,3,46011.125303131346,99875.32328591944,0.5393143792745243,0.5393143792745243,policy_rebalance
2026-09-09,2026-09-09T12:20:00-04:00,2026-09-09T12:20:00-04:00,SNDK,-1,sell,1769.0,1768.6462000000001,0.3538,0.0,0.3538,1769.0,2,47779.77150313135,99800.62059370751,0.5212477515781712,0.5212477515781712,policy_rebalance
2026-09-09,2026-09-09T12:20:00-04:00,2026-09-09T12:20:00-04:00,TSLA,-1,sell,370.04998779296875,369.9759777954102,0.07400999755859375,0.0,0.07400999755859375,370.04998779296875,52,48149.74748092676,99800.54658370996,0.517540242722618,0.517540242722618,policy_rebalance
2026-09-09,2026-09-09T12:20:00-04:00,2026-09-09T12:20:00-04:00,MSTR,-1,sell,134.27999877929688,134.253142779541,0.026855999755859374,0.0,0.026855999755859374,134.27999877929688,214,48284.0006237063,99800.5197277102,0.5161948980281718,0.5161948980281718,policy_rebalance
2026-09-09,2026-09-09T12:25:00-04:00,2026-09-09T12:25:00-04:00,SNDK,-2,sell,1772.4000244140625,1772.0455444091797,0.708960009765625,0.0,0.708960009765625,3544.800048828125,0,51828.091712524656,99809.01074938988,0.4807273278896669,0.4807273278896669,policy_rebalance
2026-09-09,2026-09-09T12:25:00-04:00,2026-09-09T12:25:00-04:00,MSTR,27,buy,134.4199981689453,134.4468821685791,0.7258679901123047,0.0,0.7258679901123047,3629.3399505615234,241,48198.02589397302,99808.28488139977,0.5170939371291092,0.5170939371291092,policy_rebalance
2026-09-09,2026-09-09T12:30:00-04:00,2026-09-09T12:30:00-04:00,TSLA,-1,sell,368.760009765625,368.6862577636719,0.073752001953125,0.0,0.073752001953125,368.760009765625,51,48566.71215173669,99836.17191430993,0.5135359136824493,0.5135359136824493,policy_rebalance
2026-09-09,2026-09-09T12:30:00-04:00,2026-09-09T12:30:00-04:00,MSTR,-1,sell,134.6999969482422,134.67305694885255,0.026939999389648438,0.0,0.026939999389648438,134.6999969482422,240,48701.38520868554,99836.14497431053,0.5121868415370285,0.5121868415370285,policy_rebalance
2026-09-09,2026-09-09T12:40:00-04:00,2026-09-09T12:40:00-04:00,MSTR,-1,sell,134.6999969482422,134.67305694885255,0.026939999389648438,0.0,0.026939999389648438,134.6999969482422,239,48836.05826563439,99854.98778528771,0.5109302064044744,0.5109302064044744,policy_rebalance
2026-09-09,2026-09-09T12:40:00-04:00,2026-09-09T12:40:00-04:00,TSLA,118,buy,369.1300048828125,369.20383088378907,8.711468115234375,0.0,8.711468115234375,43557.340576171875,169,5270.0062213472775,99846.27631717248,0.9472188005829427,0.9472188005829427,policy_rebalance
2026-09-09,2026-09-09T12:45:00-04:00,2026-09-09T12:45:00-04:00,MSTR,-21,sell,134.61000061035156,134.5830786102295,0.5653620025634766,0.0,0.5653620025634766,2826.810012817383,218,8096.250872162097,99866.45183041405,0.9189292227392782,0.9189292227392782,policy_rebalance
2026-09-09,2026-09-09T12:50:00-04:00,2026-09-09T12:50:00-04:00,TSLA,-53,sell,370.17999267578125,370.1059566772461,3.923907922363281,0.0,3.923907922363281,19619.539611816406,116,27711.86657605614,99969.38479505028,0.7227964678099308,0.7227964678099308,policy_rebalance
2026-09-09,2026-09-09T12:55:00-04:00,2026-09-09T12:55:00-04:00,TSLA,-116,sell,369.05499267578125,368.9811816772461,8.562075830078125,0.0,8.562075830078125,42810.379150390625,0,70513.6836506167,99843.40218699366,0.29375720271877576,0.29375720271877576,policy_rebalance
2026-09-09,2026-09-09T12:55:00-04:00,2026-09-09T12:55:00-04:00,MSTR,-1,sell,134.5399932861328,134.51308528747558,0.026907998657226564,0.0,0.026907998657226564,134.5399932861328,217,70648.19673590417,99843.375278995,0.2924097714195855,0.2924097714195855,policy_rebalance
2026-09-09,2026-09-09T13:15:00-04:00,2026-09-09T13:15:00-04:00,MSTR,-1,sell,134.99989318847656,134.97289320983887,0.026999978637695314,0.0,0.026999978637695314,134.99989318847656,216,70783.16962911401,99943.14655782495,0.2917656481011392,0.2917656481011392,policy_rebalance
2026-09-09,2026-09-09T13:20:00-04:00,2026-09-09T13:20:00-04:00,MSTR,-1,sell,134.9801025390625,134.95310651855468,0.0269960205078125,0.0,0.0269960205078125,134.9801025390625,215,70918.12273563257,99938.844781531,0.2903848059214464,0.2903848059214464,policy_rebalance
2026-09-09,2026-09-09T13:25:00-04:00,2026-09-09T13:25:00-04:00,MSTR,-1,sell,135.40499877929688,135.377917779541,0.027080999755859377,0.0,0.027080999755859377,135.40499877929688,214,71053.5006534121,100030.17039218164,0.28967930000681424,0.28967930000681424,policy_rebalance
2026-09-09,2026-09-09T13:30:00-04:00,2026-09-09T13:30:00-04:00,MSTR,-153,sell,135.58999633789062,135.56287833862305,4.149053887939453,0.0,4.149053887939453,20745.269439697266,61,91794.62103922144,100065.61081583277,0.08265566670885359,0.08265566670885359,policy_rebalance
2026-09-09,2026-09-09T13:30:00-04:00,2026-09-09T13:30:00-04:00,TSLA,56,buy,368.1300048828125,368.20363088378906,4.1230560546875,0.0,4.1230560546875,20615.2802734375,56,71175.21770972926,100061.48775977809,0.2886851944416151,0.2886851944416151,policy_rebalance
2026-09-09,2026-09-09T13:40:00-04:00,2026-09-09T13:40:00-04:00,TSLA,-1,sell,368.864990234375,368.7912172363281,0.073772998046875,0.0,0.073772998046875,368.864990234375,55,71544.00892696559,100055.60383663356,0.2849575017929077,0.2849575017929077,policy_rebalance
2026-09-09,2026-09-09T13:40:00-04:00,2026-09-09T13:40:00-04:00,MSTR,-1,sell,134.82000732421875,134.7930433227539,0.02696400146484375,0.0,0.02696400146484375,134.82000732421875,60,71678.80197028835,100055.5768726321,0.28361012738416946,0.28361012738416946,policy_rebalance
2026-09-09,2026-09-09T13:45:00-04:00,2026-09-09T13:45:00-04:00,TSLA,-1,sell,368.8599853515625,368.7862133544922,0.0737719970703125,0.0,0.0737719970703125,368.8599853515625,54,72047.58818364285,100054.02757573269,0.27991316362443547,0.27991316362443547,policy_rebalance
2026-09-09,2026-09-09T13:45:00-04:00,2026-09-09T13:45:00-04:00,MSTR,-1,sell,134.8000030517578,134.77304305114745,0.026960000610351562,0.0,0.026960000610351562,134.8000030517578,59,72182.36122669399,100054.00061573207,0.27856596655322213,0.27856596655322213,policy_rebalance
2026-09-09,2026-09-09T14:00:00-04:00,2026-09-09T14:00:00-04:00,TSLA,-1,sell,368.9599914550781,368.8861994567871,0.07379199829101563,0.0,0.07379199829101563,368.9599914550781,53,72551.24742615077,100079.9766131625,0.275067302357774,0.275067302357774,policy_rebalance
2026-09-09,2026-09-09T14:10:00-04:00,2026-09-09T14:10:00-04:00,MSTR,-1,sell,134.5767059326172,134.54979059143068,0.026915341186523438,0.0,0.026915341186523438,134.5767059326172,58,72685.7972167422,100004.7857726504,0.2731768119379291,0.2731768119379291,policy_rebalance
2026-09-09,2026-09-09T14:25:00-04:00,2026-09-09T14:25:00-04:00,TSLA,-1,sell,369.3550109863281,369.28113998413085,0.07387100219726563,0.0,0.07387100219726563,369.3550109863281,52,73055.07835672633,100045.13875101344,0.2697788291488946,0.2697788291488946,policy_rebalance
2026-09-09,2026-09-09T14:25:00-04:00,2026-09-09T14:25:00-04:00,MSTR,-1,sell,134.1999969482422,134.17315694885255,0.02683999938964844,0.0,0.02683999938964844,134.1999969482422,57,73189.25151367518,100045.11191101404,0.268437506684245,0.268437506684245,policy_rebalance
2026-09-09,2026-09-09T14:30:00-04:00,2026-09-09T14:30:00-04:00,TSLA,-27,sell,369.8446960449219,369.7707271057129,1.997161358642578,0.0,1.997161358642578,9985.80679321289,25,83173.06114552943,100075.41896413294,0.16889619842272482,0.16889619842272482,policy_rebalance
2026-09-09,2026-09-09T14:30:00-04:00,2026-09-09T14:30:00-04:00,MSTR,-57,sell,134.32000732421875,134.2931433227539,1.5312480834960938,0.0,1.5312480834960938,7656.240417480469,0,90827.7703149264,100073.88771604944,0.09239290700245467,0.09239290700245467,policy_rebalance
2026-09-09,2026-09-09T14:45:00-04:00,2026-09-09T14:45:00-04:00,TSLA,-1,sell,368.8699951171875,368.79622111816406,0.0737739990234375,0.0,0.0737739990234375,368.8699951171875,24,91196.56653604456,100049.44641885706,0.08848504614158398,0.08848504614158398,policy_rebalance
2026-09-09,2026-09-09T14:50:00-04:00,2026-09-09T14:50:00-04:00,TSLA,-1,sell,368.3349914550781,368.2613244567871,0.07366699829101563,0.0,0.07366699829101563,368.3349914550781,23,91564.82786050135,100036.53266396814,0.08468610994269492,0.08468610994269492,policy_rebalance
2026-09-09,2026-09-09T14:55:00-04:00,2026-09-09T14:55:00-04:00,TSLA,-1,sell,368.3699951171875,368.2963211181641,0.0736739990234375,0.0,0.0736739990234375,368.3699951171875,22,91933.12418161951,100037.26407419764,0.08101121084806243,0.08101121084806243,policy_rebalance
2026-09-09,2026-09-09T15:15:00-04:00,2026-09-09T15:15:00-04:00,TSLA,-1,sell,369.489990234375,369.41609223632815,0.073897998046875,0.0,0.073897998046875,369.489990234375,21,92302.54027385583,100061.83006877771,0.07754495185215492,0.07754495185215492,policy_rebalance
2026-09-09,2026-09-09T15:25:00-04:00,2026-09-09T15:25:00-04:00,TSLA,-1,sell,369.1199951171875,369.04617111816407,0.0738239990234375,0.0,0.0738239990234375,369.1199951171875,20,92671.586444974,100053.98634731775,0.07378416564750553,0.07378416564750553,policy_rebalance
2026-09-09,2026-09-09T15:30:00-04:00,2026-09-09T15:30:00-04:00,TSLA,19,buy,368.9110107421875,368.98479294433594,1.4018618408203125,0.0,1.4018618408203125,7009.3092041015625,39,85660.87537903163,100048.40479797694,0.14380568533798593,0.14380568533798593,policy_rebalance
2026-09-09,2026-09-09T15:35:00-04:00,2026-09-09T15:35:00-04:00,TSLA,-1,sell,369.0849914550781,369.0111744567871,0.07381699829101562,0.0,0.07381699829101562,369.0849914550781,38,86029.88655348841,100055.11622878138,0.14017503755853455,0.14017503755853455,policy_rebalance
2026-09-09,2026-09-09T15:40:00-04:00,2026-09-09T15:40:00-04:00,TSLA,-1,sell,369.1549987792969,369.08116777954103,0.07383099975585937,0.0,0.07383099975585937,369.1549987792969,37,86398.96772126795,100057.70267610194,0.13650858044431471,0.13650858044431471,policy_rebalance
2026-09-09,2026-09-09T15:55:00-04:00,,TSLA,-37,sell,367.9800109863281,367.9064149841309,2.723052081298828,0.0,2.723052081298828,13615.26040649414,0,100011.50507568079,100011.50507568079,0.0,0.0,scheduled_1555_liquidation
2026-09-10,2026-09-10T09:35:00-04:00,2026-09-10T09:35:00-04:00,SNDK,-28,sell,1692.4000244140625,1692.0615444091798,9.47744013671875,0.0,9.47744013671875,47387.20068359375,-28,147389.22831913782,100002.02763554407,0.4738623986335128,-0.4738623986335128,policy_rebalance
2026-09-10,2026-09-10T09:35:00-04:00,2026-09-10T09:35:00-04:00,MSTR,366,buy,128.6999969482422,128.72573694763184,9.420839776611329,0.0,9.420839776611329,47104.19888305664,366,100275.60859630458,99992.60679576747,0.9449838602532569,-0.0028302272498519202,policy_rebalance
2026-09-10,2026-09-10T09:40:00-04:00,2026-09-10T09:40:00-04:00,SNDK,28,buy,1706.969970703125,1707.3113646972656,9.5590318359375,0.0,9.5590318359375,47795.1591796875,0,52470.89038478114,99933.76770411708,0.4749433390709691,0.4749433390709691,policy_rebalance
2026-09-10,2026-09-10T09:45:00-04:00,2026-09-10T09:45:00-04:00,MSTR,-208,sell,129.27000427246094,129.24415027160646,5.377632177734375,0.0,5.377632177734375,26888.160888671875,158,79353.67364127528,99778.33431632411,0.20470035719675547,0.20470035719675547,policy_rebalance
2026-09-10,2026-09-10T09:55:00-04:00,2026-09-10T09:55:00-04:00,NVDA,-321,sell,217.5959930419922,217.55247384338378,13.969662753295898,0.0,13.969662753295898,69848.31376647949,-321,149188.01774500147,99895.50494287745,0.9049868137963777,-0.49344074921399733,policy_rebalance
2026-09-10,2026-09-10T10:00:00-04:00,2026-09-10T10:00:00-04:00,MSTR,-108,sell,130.5500030517578,130.52389305114747,2.819880065917969,0.0,2.819880065917969,14099.400329589844,50,163284.5981945254,100026.70030634181,0.7629252785470626,-0.6324101234415405,policy_rebalance
2026-09-10,2026-09-10T10:00:00-04:00,2026-09-10T10:00:00-04:00,NVDA,1,buy,217.39999389648438,217.44347389526368,0.043479998779296876,0.0,0.043479998779296876,217.39999389648438,-320,163067.15472063015,100026.65682634304,0.7607521896045452,-0.6302369777661584,policy_rebalance
2026-09-10,2026-09-10T10:10:00-04:00,2026-09-10T10:10:00-04:00,MSTR,-50,sell,130.45010375976562,130.42401373901367,1.3045010375976562,0.0,1.3045010375976562,6522.505187988281,0,169588.35540758082,99765.88958726832,0.6998631106199541,-0.6998631106199541,policy_rebalance
2026-09-10,2026-09-10T10:10:00-04:00,2026-09-10T10:10:00-04:00,NVDA,320,buy,218.19520568847656,218.23884472961424,13.9644931640625,0.0,13.9644931640625,69822.4658203125,0,99751.92509410426,99751.92509410426,0.0,0.0,policy_rebalance
2026-09-10,2026-09-10T10:25:00-04:00,2026-09-10T10:25:00-04:00,MSTR,144,buy,130.64999389648438,130.67612389526366,3.76271982421875,0.0,3.76271982421875,18813.59912109375,144,80934.5632531863,99748.16237428004,0.18861098463649306,0.18861098463649306,policy_rebalance
2026-09-10,2026-09-10T10:30:00-04:00,2026-09-10T10:30:00-04:00,MSTR,-144,sell,130.27000427246094,130.24395027160645,3.751776123046875,0.0,3.751776123046875,18758.880615234375,0,99689.69209229763,99689.69209229763,0.0,0.0,policy_rebalance
2026-09-10,2026-09-10T10:30:00-04:00,2026-09-10T10:30:00-04:00,TSLA,122,buy,366.2449951171875,366.3182441162109,8.936377880859375,0.0,8.936377880859375,44681.889404296875,122,54998.8663101199,99680.75571441677,0.4482499062538163,0.4482499062538163,policy_rebalance
2026-09-10,2026-09-10T10:35:00-04:00,2026-09-10T10:35:00-04:00,TSLA,-22,sell,367.2900085449219,367.2165505432129,1.6160760375976562,0.0,1.6160760375976562,8080.380187988281,100,63077.63042207058,99806.63127656277,0.3680016085576182,0.3680016085576182,policy_rebalance
2026-09-10,2026-09-10T10:40:00-04:00,2026-09-10T10:40:00-04:00,TSLA,-100,sell,368.739990234375,368.6662422363281,7.3747998046875,0.0,7.3747998046875,36873.9990234375,0,99944.25464570339,99944.25464570339,0.0,0.0,policy_rebalance
2026-09-10,2026-09-10T10:40:00-04:00,2026-09-10T10:40:00-04:00,SNDK,3,buy,1700.808349609375,1701.1485112792968,1.020485009765625,0.0,1.020485009765625,5102.425048828125,3,94840.8091118655,99943.23416069362,0.051053231283512364,0.051053231283512364,policy_rebalance
2026-09-10,2026-09-10T10:40:00-04:00,2026-09-10T10:40:00-04:00,NVDA,-71,sell,218.33999633789062,218.29632833862306,3.100427947998047,0.0,3.100427947998047,15502.139739990234,-71,110339.84842390774,99940.13373274563,0.20616907361679088,-0.10405944341612,policy_rebalance
2026-09-10,2026-09-10T10:55:00-04:00,2026-09-10T10:55:00-04:00,SNDK,-1,sell,1696.0,1695.6608,0.3392,0.0,0.3392,1696.0,2,112035.50922390773,99949.50922390773,0.18879532422442682,-0.12092105397861275,policy_rebalance
2026-09-10,2026-09-10T10:55:00-04:00,2026-09-10T10:55:00-04:00,NVDA,1,buy,218.0,218.0436,0.0436,0.0,0.0436,218.0,-70,111817.46562390773,99949.46562390773,0.18661430437441454,-0.11874000452045634,policy_rebalance
2026-09-10,2026-09-10T11:00:00-04:00,2026-09-10T11:00:00-04:00,TSLA,6,buy,367.6000061035156,367.6735261047363,0.44112000732421874,0.0,0.44112000732421874,2205.6000366210938,6,109611.42446727931,99932.20486278713,0.20875932408036119,-0.09685786096466432,policy_rebalance
2026-09-10,2026-09-10T11:05:00-04:00,2026-09-10T11:05:00-04:00,TSLA,-6,sell,365.4649963378906,365.3919033386231,0.43855799560546876,0.0,0.43855799560546876,2192.7899780273438,0,111803.77588731106,99925.73194199856,0.1867402557442607,-0.11886872094374107,policy_rebalance
2026-09-10,2026-09-10T11:05:00-04:00,2026-09-10T11:05:00-04:00,TSLA,-171,sell,365.4649963378906,365.3919033386231,12.49890287475586,0.0,12.49890287475586,62494.5143737793,-171,174285.79135821562,99913.23303912382,0.8122514770419066,-0.7443714516771681,policy_rebalance
2026-09-10,2026-09-10T11:10:00-04:00,2026-09-10T11:10:00-04:00,TSLA,171,buy,365.9800109863281,366.0532069885254,12.516516375732422,0.0,12.516516375732422,62582.58187866211,0,111690.69296317777,99809.673126752,0.1871379737809147,-0.11903675730244738,policy_rebalance
2026-09-10,2026-09-10T11:25:00-04:00,2026-09-10T11:25:00-04:00,SNDK,3,buy,1694.76416015625,1695.1031129882813,1.01685849609375,0.0,1.01685849609375,5084.29248046875,5,106605.38362421293,99815.00459589262,0.23782016266980796,-0.06802964199432333,policy_rebalance
2026-09-10,2026-09-10T11:30:00-04:00,2026-09-10T11:30:00-04:00,SNDK,-4,sell,1694.780029296875,1694.4410732910158,1.3558240234375,0.0,1.3558240234375,6779.1201171875,1,113383.14791737699,99807.87591420316,0.16997488330831612,-0.13601403575448698,policy_rebalance
2026-09-10,2026-09-10T11:45:00-04:00,2026-09-10T11:45:00-04:00,SNDK,-1,sell,1698.1600341796875,1697.8204021728516,0.3396320068359375,0.0,0.3396320068359375,1698.1600341796875,0,115080.96831954984,99769.51827682523,0.15346821661743154,-0.15346821661743154,policy_rebalance
2026-09-10,2026-09-10T11:45:00-04:00,2026-09-10T11:45:00-04:00,NVDA,1,buy,218.73500061035156,218.77874761047363,0.04374700012207031,0.0,0.04374700012207031,218.73500061035156,-69,114862.18957193937,99769.47452982511,0.15127587985443822,-0.15127587985443822,policy_rebalance
2026-09-10,2026-09-10T11:55:00-04:00,2026-09-10T11:55:00-04:00,NVDA,1,buy,218.78500366210938,218.8287606628418,0.04375700073242188,0.0,0.04375700073242188,218.78500366210938,-68,114643.36081127652,99765.98056225308,0.14912277877868482,-0.14912277877868482,policy_rebalance
2026-09-10,2026-09-10T12:10:00-04:00,2026-09-10T12:10:00-04:00,SNDK,6,buy,1692.81005859375,1693.1486206054688,2.0313720703125,0.0,2.0313720703125,10156.8603515625,6,104484.46908764371,99754.76956371793,0.2510498529201093,-0.047413267000779406,policy_rebalance
2026-09-10,2026-09-10T12:15:00-04:00,2026-09-10T12:15:00-04:00,NVDA,1,buy,218.3300018310547,218.3736678314209,0.04366600036621094,0.0,0.04366600036621094,218.3300018310547,-67,104266.09541981229,99794.395209241,0.24835583183628515,-0.04480913182744764,policy_rebalance
2026-09-10,2026-09-10T12:20:00-04:00,2026-09-10T12:20:00-04:00,NVDA,-16,sell,218.22000122070312,218.17635722045898,0.69830400390625,0.0,0.69830400390625,3491.52001953125,-83,107756.91713533964,99754.59697542753,0.2829162855489914,-0.0802200640626448,policy_rebalance
2026-09-10,2026-09-10T12:25:00-04:00,2026-09-10T12:25:00-04:00,SNDK,-1,sell,1682.5,1682.1635,0.3365,0.0,0.3365,1682.5,5,109439.08063533963,99740.98088863553,0.26591978051948495,-0.09723284912880881,policy_rebalance
2026-09-10,2026-09-10T12:40:00-04:00,2026-09-10T12:40:00-04:00,SNDK,-1,sell,1680.9998779296875,1680.6636779541016,0.3361999755859375,0.0,0.3361999755859375,1680.9998779296875,4,111119.74431329373,99752.83910089139,0.24876388942415673,-0.11395069368307101,policy_rebalance
2026-09-10,2026-09-10T12:45:00-04:00,2026-09-10T12:45:00-04:00,SNDK,-1,sell,1683.989990234375,1683.653192236328,0.336797998046875,0.0,0.336797998046875,1683.989990234375,3,112803.39750553005,99724.8561389529,0.23246442467344142,-0.1311462545341153,policy_rebalance
2026-09-10,2026-09-10T12:45:00-04:00,2026-09-10T12:45:00-04:00,NVDA,1,buy,218.4398956298828,218.48358360900878,0.043687979125976564,0.0,0.043687979125976564,218.4398956298828,-82,112584.91392192105,99724.81245097378,0.23027409977474747,-0.1289558852494156,policy_rebalance
2026-09-10,2026-09-10T13:00:00-04:00,2026-09-10T13:00:00-04:00,SNDK,-1,sell,1692.5550537109375,1692.2165427001953,0.3385110107421875,0.0,0.3385110107421875,1692.5550537109375,2,114277.13046462124,99723.92102248257,0.21382462139826106,-0.14593499025030995,policy_rebalance
2026-09-10,2026-09-10T13:05:00-04:00,2026-09-10T13:05:00-04:00,SNDK,-1,sell,1694.43994140625,1694.1010534179688,0.33888798828125,0.0,0.33888798828125,1694.43994140625,1,115971.2315180392,99724.89200998256,0.19689386466223133,-0.16291157784788943,policy_rebalance
2026-09-10,2026-09-10T13:05:00-04:00,2026-09-10T13:05:00-04:00,NVDA,1,buy,218.7899932861328,218.83375128479003,0.043757998657226564,0.0,0.043757998657226564,218.7899932861328,-81,115752.39776675441,99724.8482519839,0.1947000144690292,-0.16071771274369084,policy_rebalance
2026-09-10,2026-09-10T13:10:00-04:00,2026-09-10T13:10:00-04:00,SNDK,-1,sell,1698.989990234375,1698.6501922363282,0.339797998046875,0.0,0.339797998046875,1698.989990234375,0,117451.04795899073,99719.33766235987,0.17781616597443448,-0.17781616597443448,policy_rebalance
2026-09-10,2026-09-10T13:15:00-04:00,2026-09-10T13:15:00-04:00,NVDA,1,buy,218.75,218.79375,0.04375,0.0,0.04375,218.75,-80,117232.25420899074,99732.25420899074,0.1754698130389035,-0.1754698130389035,policy_rebalance
2026-09-10,2026-09-10T13:15:00-04:00,2026-09-10T13:15:00-04:00,SNDK,4,buy,1697.6400146484375,1697.9795426513672,1.35811201171875,0.0,1.35811201171875,6790.56005859375,4,110440.33603838527,99730.89609697902,0.24356103283152533,-0.10738337226000974,policy_rebalance
2026-09-10,2026-09-10T13:20:00-04:00,2026-09-10T13:20:00-04:00,SNDK,-4,sell,1698.93505859375,1698.5952715820313,1.359148046875,0.0,1.359148046875,6795.740234375,0,117234.7171247134,99731.10140205715,0.17550809603607972,-0.17550809603607972,policy_rebalance
2026-09-10,2026-09-10T13:40:00-04:00,2026-09-10T13:40:00-04:00,TSLA,-28,sell,366.1705017089844,366.0972676086426,2.0505548095703126,0.0,2.0505548095703126,10252.774047851562,-28,127485.44061775539,99779.86627693508,0.27766698207356366,-0.27766698207356366,policy_rebalance
2026-09-10,2026-09-10T13:50:00-04:00,2026-09-10T13:50:00-04:00,NVDA,1,buy,218.3699951171875,218.41366911621094,0.0436739990234375,0.0,0.0436739990234375,218.3699951171875,-79,127267.02694863918,99754.63730020168,0.2758006083029674,-0.2758006083029674,policy_rebalance
2026-09-10,2026-09-10T13:50:00-04:00,2026-09-10T13:50:00-04:00,TSLA,-4,sell,366.4700012207031,366.396707220459,0.2931760009765625,0.0,0.2931760009765625,1465.8800048828125,-32,128732.61377752101,99754.3441242007,0.29049631780687635,-0.29049631780687635,policy_rebalance
2026-09-10,2026-09-10T13:55:00-04:00,2026-09-10T13:55:00-04:00,TSLA,32,buy,366.44000244140625,366.5132904418945,2.345216015625,0.0,2.345216015625,11726.080078125,0,117004.18848338038,99733.46080698878,0.17316883959151014,-0.17316883959151014,policy_rebalance
2026-09-10,2026-09-10T13:55:00-04:00,2026-09-10T13:55:00-04:00,NVDA,1,buy,218.61680603027344,218.66052939147949,0.04372336120605469,0.0,0.04372336120605469,218.61680603027344,-78,116785.5279539889,99733.41708362757,0.1709769039204076,-0.1709769039204076,policy_rebalance
2026-09-10,2026-09-10T14:05:00-04:00,2026-09-10T14:05:00-04:00,NVDA,1,buy,218.20989990234375,218.2535418823242,0.04364197998046875,0.0,0.04364197998046875,218.20989990234375,-77,116567.27441210658,99765.11211962611,0.16841721455024652,-0.16841721455024652,policy_rebalance
2026-09-10,2026-09-10T14:30:00-04:00,2026-09-10T14:30:00-04:00,NVDA,1,buy,218.0301055908203,218.07371161193848,0.043606021118164064,0.0,0.043606021118164064,218.0301055908203,-76,116349.20070049464,99778.91267559229,0.16607004005722878,-0.16607004005722878,policy_rebalance
2026-09-10,2026-09-10T14:35:00-04:00,2026-09-10T14:35:00-04:00,MSTR,-87,sell,129.39999389648438,129.3741138977051,2.251559893798828,0.0,2.251559893798828,11257.79946899414,-87,127604.74860959497,99786.54960446802,0.27877704074739723,-0.27877704074739723,policy_rebalance
2026-09-10,2026-09-10T14:50:00-04:00,2026-09-10T14:50:00-04:00,MSTR,87,buy,129.52999877929688,129.55590477905272,2.2538219787597655,0.0,2.2538219787597655,11269.109893798828,0,116333.38489381739,99770.32507936427,0.16601188581151474,-0.16601188581151474,policy_rebalance
2026-09-10,2026-09-10T14:50:00-04:00,2026-09-10T14:50:00-04:00,NVDA,1,buy,217.93499755859375,217.97858455810547,0.04358699951171875,0.0,0.04358699951171875,217.93499755859375,-75,116115.40630925928,99770.28149236475,0.16382759046485595,-0.16382759046485595,policy_rebalance
2026-09-10,2026-09-10T15:00:00-04:00,2026-09-10T15:00:00-04:00,SNDK,-5,sell,1709.56005859375,1709.2181465820313,1.70956005859375,0.0,1.70956005859375,8547.80029296875,-5,124661.49704216945,99746.44706963527,0.2497838339559144,-0.2497838339559144,policy_rebalance
2026-09-10,2026-09-10T15:05:00-04:00,2026-09-10T15:05:00-04:00,SNDK,1,buy,1707.155029296875,1707.4964603027342,0.341431005859375,0.0,0.341431005859375,1707.155029296875,-4,122954.00058186671,99780.00845540187,0.23225085350461558,-0.23225085350461558,policy_rebalance
2026-09-10,2026-09-10T15:05:00-04:00,2026-09-10T15:05:00-04:00,NVDA,1,buy,217.93829345703125,217.98188111572264,0.04358765869140625,0.0,0.04358765869140625,217.93829345703125,-74,122736.018700751,99779.96486774318,0.23006676604301987,-0.23006676604301987,policy_rebalance
2026-09-10,2026-09-10T15:10:00-04:00,2026-09-10T15:10:00-04:00,SNDK,4,buy,1703.0,1703.3406,1.3624,0.0,1.3624,6812.0,0,115922.656300751,99791.21861764553,0.16165187585206056,-0.16165187585206056,policy_rebalance
2026-09-10,2026-09-10T15:15:00-04:00,2026-09-10T15:15:00-04:00,TSLA,-53,sell,364.82000732421875,364.74704332275394,3.867092077636719,0.0,3.867092077636719,19335.460388183594,-53,135254.24959685694,99789.00911834132,0.35540227117053397,-0.35540227117053397,policy_rebalance
2026-09-10,2026-09-10T15:25:00-04:00,2026-09-10T15:25:00-04:00,TSLA,53,buy,364.2099914550781,364.2828334533691,3.860625909423828,0.0,3.860625909423828,19303.12954711914,0,115947.25942382838,99798.60897216822,0.1618123801321087,-0.1618123801321087,policy_rebalance
2026-09-10,2026-09-10T15:35:00-04:00,2026-09-10T15:35:00-04:00,NVDA,1,buy,218.52630615234375,218.5700114135742,0.04370526123046875,0.0,0.04370526123046875,218.52630615234375,-73,115728.68941241481,99776.26906329372,0.15988190878335581,-0.15988190878335581,policy_rebalance
2026-09-10,2026-09-10T15:45:00-04:00,2026-09-10T15:45:00-04:00,NVDA,69,buy,218.47000122070312,218.51369522094726,3.0148860168457032,0.0,3.0148860168457032,15074.430084228516,-4,100651.24444216945,99777.36443728664,0.008758299137396787,-0.008758299137396787,policy_rebalance
2026-09-10,2026-09-10T15:50:00-04:00,2026-09-10T15:50:00-04:00,NVDA,1,buy,218.75,218.79375,0.04375,0.0,0.04375,218.75,-3,100432.45069216946,99776.20069216946,0.006577219772324957,-0.006577219772324957,policy_rebalance
2026-09-10,2026-09-10T15:55:00-04:00,,NVDA,3,buy,218.44000244140625,218.48369044189454,0.13106400146484376,0.0,0.13106400146484376,655.3200073242188,0,99776.99962084377,99776.99962084377,0.0,0.0,scheduled_1555_liquidation
2026-09-11,2026-09-11T09:35:00-04:00,2026-09-11T09:35:00-04:00,SNDK,-30,sell,1677.239990234375,1676.904542236328,10.06343994140625,0.0,10.06343994140625,50317.19970703125,-30,150084.1358879336,99766.93618090235,0.5043474484952972,-0.5043474484952972,policy_rebalance
2026-09-11,2026-09-11T09:35:00-04:00,2026-09-11T09:35:00-04:00,TSLA,121,buy,364.45001220703125,364.52290220947265,8.819690295410156,0.0,8.819690295410156,44098.45147705078,121,105976.86472058741,99758.11649060695,0.9464458081761402,-0.06233826829084143,policy_rebalance
2026-09-11,2026-09-11T09:40:00-04:00,2026-09-11T09:40:00-04:00,TSLA,-121,sell,366.787109375,366.713751953125,8.876248046875,0.0,8.876248046875,44381.240234375,0,150349.22870691554,100533.02753504054,0.4955207496811104,-0.4955207496811104,policy_rebalance
2026-09-11,2026-09-11T09:40:00-04:00,2026-09-11T09:40:00-04:00,SNDK,30,buy,1660.5400390625,1660.8721470703124,9.963240234375,0.0,9.963240234375,49816.201171875,0,100523.06429480617,100523.06429480617,0.0,0.0,policy_rebalance
2026-09-11,2026-09-11T09:40:00-04:00,2026-09-11T09:40:00-04:00,MSTR,534,buy,130.4499969482422,130.47608694763184,13.932059674072265,0.0,13.932059674072265,69660.29837036133,534,30848.83386477077,100509.1322351321,0.6930743189325056,0.6930743189325056,policy_rebalance
2026-09-11,2026-09-11T09:45:00-04:00,2026-09-11T09:45:00-04:00,MSTR,-90,sell,131.3551025390625,131.3288315185547,2.364391845703125,0.0,2.364391845703125,11821.959228515625,444,42668.428701440695,100990.09422878444,0.5774988722678186,0.5774988722678186,policy_rebalance
2026-09-11,2026-09-11T09:50:00-04:00,2026-09-11T09:50:00-04:00,MSTR,90,buy,133.1501007080078,133.1767307281494,2.3967018127441406,0.0,2.3967018127441406,11983.509063720703,534,30682.522935907247,101784.67671398341,0.6985545965614685,0.6985545965614685,policy_rebalance
2026-09-11,2026-09-11T10:00:00-04:00,2026-09-11T10:00:00-04:00,MSTR,-4,sell,136.74000549316406,136.71265749206543,0.10939200439453126,0.0,0.10939200439453126,546.9600219726562,530,31229.37356587551,103701.57647725247,0.6988534347621431,0.6988534347621431,policy_rebalance
2026-09-11,2026-09-11T10:05:00-04:00,2026-09-11T10:05:00-04:00,MSTR,-136,sell,137.4600067138672,137.4325147125244,3.7389121826171876,0.0,3.7389121826171876,18694.560913085938,394,49920.19556677883,104079.4382120425,0.520364479052282,0.520364479052282,policy_rebalance
2026-09-11,2026-09-11T10:10:00-04:00,2026-09-11T10:10:00-04:00,MSTR,-394,sell,136.0050048828125,135.97780388183594,10.717194384765625,0.0,10.717194384765625,53585.971923828125,0,103495.45029622219,103495.45029622219,0.0,0.0,policy_rebalance
2026-09-11,2026-09-11T10:10:00-04:00,2026-09-11T10:10:00-04:00,TSLA,197,buy,366.93499755859375,367.00838455810543,14.457238903808594,0.0,14.457238903808594,72286.19451904297,197,31194.798538275412,103480.99305731838,0.69854562063396,0.69854562063396,policy_rebalance
2026-09-11,2026-09-11T10:15:00-04:00,2026-09-11T10:15:00-04:00,TSLA,-197,sell,365.0000915527344,364.9270915344238,14.381003607177734,0.0,14.381003607177734,71905.01803588867,0,103085.4355705569,103085.4355705569,0.0,0.0,policy_rebalance
2026-09-11,2026-09-11T10:15:00-04:00,2026-09-11T10:15:00-04:00,MSTR,337,buy,136.39500427246094,136.42228327331543,9.193023287963868,0.0,9.193023287963868,45965.116439819336,337,57111.12610744961,103076.24254726895,0.4459331782368817,0.4459331782368817,policy_rebalance
2026-09-11,2026-09-11T10:20:00-04:00,2026-09-11T10:20:00-04:00,MSTR,-337,sell,136.9499969482422,136.92260694885255,9.230429794311524,0.0,9.230429794311524,46152.14897155762,0,103254.04464921291,103254.04464921291,0.0,0.0,policy_rebalance
2026-09-11,2026-09-11T10:20:00-04:00,2026-09-11T10:20:00-04:00,SNDK,12,buy,1645.8299560546875,1646.1591220458984,3.94999189453125,0.0,3.94999189453125,19749.95947265625,12,83500.13518466213,103250.09465731838,0.19128272509778635,0.19128272509778635,policy_rebalance
2026-09-11,2026-09-11T10:20:00-04:00,2026-09-11T10:20:00-04:00,TSLA,198,buy,364.79998779296875,364.87294779052735,14.446079516601563,0.0,14.446079516601563,72230.39758300781,198,11255.291522137704,103235.64857780177,0.8909747584560836,0.8909747584560836,policy_rebalance
2026-09-11,2026-09-11T10:25:00-04:00,2026-09-11T10:25:00-04:00,TSLA,-1,sell,363.7101135253906,363.63737150268554,0.07274202270507812,0.0,0.07274202270507812,363.7101135253906,197,11618.92889364039,103063.34078939234,0.887264193022974,0.887264193022974,policy_rebalance
2026-09-11,2026-09-11T10:30:00-04:00,2026-09-11T10:30:00-04:00,SNDK,-1,sell,1642.75,1642.42145,0.32855,0.0,0.32855,1642.75,11,13261.35034364039,103519.29486268335,0.8718948930126375,0.8718948930126375,policy_rebalance
2026-09-11,2026-09-11T10:30:00-04:00,2026-09-11T10:30:00-04:00,TSLA,-197,sell,366.43499755859375,366.36171055908204,14.437538903808594,0.0,14.437538903808594,72187.69451904297,0,85434.60732377955,103504.85732377955,0.1745835941155245,0.1745835941155245,policy_rebalance
2026-09-11,2026-09-11T10:35:00-04:00,2026-09-11T10:35:00-04:00,SNDK,-3,sell,1639.4300537109375,1639.1021677001954,0.9836580322265625,0.0,0.9836580322265625,4918.2901611328125,8,90351.91382688013,103467.35425656763,0.12675921331829157,0.12675921331829157,policy_rebalance
2026-09-11,2026-09-11T10:40:00-04:00,2026-09-11T10:40:00-04:00,SNDK,-2,sell,1633.81494140625,1633.4881784179688,0.6535259765625,0.0,0.6535259765625,3267.6298828125,6,93618.89018371607,103421.77983215357,0.09478554386075076,0.09478554386075076,policy_rebalance
2026-09-11,2026-09-11T10:45:00-04:00,2026-09-11T10:45:00-04:00,TSLA,12,buy,364.7850036621094,364.8579606628418,0.8754840087890625,0.0,0.8754840087890625,4377.4200439453125,12,89240.59465576196,103392.01469970727,0.13687149907124674,0.13687149907124674,policy_rebalance
2026-09-11,2026-09-11T10:45:00-04:00,2026-09-11T10:45:00-04:00,MSTR,54,buy,134.3800048828125,134.40688088378906,1.451304052734375,0.0,1.451304052734375,7256.520263671875,54,81982.62308803735,103390.56339565454,0.20705893849996135,0.20705893849996135,policy_rebalance
2026-09-11,2026-09-11T10:45:00-04:00,2026-09-11T10:45:00-04:00,NVDA,-252,sell,219.77999877929688,219.736042779541,11.076911938476563,0.0,11.076911938476563,55384.55969238281,-252,137356.10586848168,103379.48648371606,0.7428214495154807,-0.3286592005863513,policy_rebalance
2026-09-11,2026-09-11T10:50:00-04:00,2026-09-11T10:50:00-04:00,SNDK,-1,sell,1629.5,1629.1741,0.3259,0.0,0.3259,1629.5,5,138985.2799684817,103396.46936057153,0.7280332730203403,-0.34419754202440245,policy_rebalance
2026-09-11,2026-09-11T10:50:00-04:00,2026-09-11T10:50:00-04:00,TSLA,-1,sell,366.2099914550781,366.13674945678713,0.07324199829101563,0.0,0.07324199829101563,366.2099914550781,11,139351.41671793847,103396.39611857323,0.7244919825828725,-0.3477395919886088,policy_rebalance
2026-09-11,2026-09-11T10:50:00-04:00,2026-09-11T10:50:00-04:00,NVDA,1,buy,219.97000122070312,220.01399522094727,0.04399400024414062,0.0,0.04399400024414062,219.97000122070312,-251,139131.40272271752,103396.352124573,0.722364846340626,-0.3456122954424018,policy_rebalance
2026-09-11,2026-09-11T10:50:00-04:00,2026-09-11T10:50:00-04:00,MSTR,33,buy,135.21499633789062,135.2420393371582,0.8924189758300781,0.0,0.8924189758300781,4462.094879150391,87,134668.4154245913,103395.45970559717,0.7655266983595997,-0.30245966126596974,policy_rebalance
2026-09-11,2026-09-11T10:55:00-04:00,2026-09-11T10:55:00-04:00,SNDK,-5,sell,1630.469970703125,1630.1438767089844,1.630469970703125,0.0,1.630469970703125,8152.349853515625,0,142819.13480813624,103546.13056619288,0.6854794608928702,-0.3792802688733763,policy_rebalance
2026-09-11,2026-09-11T10:55:00-04:00,2026-09-11T10:55:00-04:00,TSLA,-11,sell,364.9800109863281,364.90701498413085,0.8029560241699218,0.0,0.8029560241699218,4014.7801208496094,0,146833.1119729617,103545.32761016872,0.6467116110667537,-0.4180563755205297,policy_rebalance
2026-09-11,2026-09-11T10:55:00-04:00,2026-09-11T10:55:00-04:00,NVDA,77,buy,219.625,219.668925,3.382225,0.0,3.382225,16911.125,-174,129918.60474796168,103541.94538516871,0.4834064151587456,-0.2547437105288457,policy_rebalance
2026-09-11,2026-09-11T10:55:00-04:00,2026-09-11T10:55:00-04:00,MSTR,353,buy,136.07000732421875,136.0972213256836,9.606542517089844,0.0,9.606542517089844,48032.71258544922,440,81876.28561999538,103532.33884265163,0.947390489958182,0.20917187291179717,policy_rebalance
2026-09-11,2026-09-11T11:00:00-04:00,2026-09-11T11:00:00-04:00,MSTR,-440,sell,136.25,136.22275,11.99,0.0,11.99,59950.0,0,141814.2956199954,103629.99615100125,0.36846763376653097,-0.36846763376653097,policy_rebalance
2026-09-11,2026-09-11T11:00:00-04:00,2026-09-11T11:00:00-04:00,NVDA,174,buy,219.4499969482422,219.49388694763184,7.636859893798828,0.0,7.636859893798828,38184.29946899414,0,103622.35929110745,103622.35929110745,0.0,0.0,policy_rebalance
2026-09-11,2026-09-11T11:00:00-04:00,2026-09-11T11:00:00-04:00,TSLA,198,buy,364.79998779296875,364.87294779052735,14.446079516601563,0.0,14.446079516601563,72230.39758300781,198,31377.51562858303,103607.91321159084,0.697151359814544,0.697151359814544,policy_rebalance
2026-09-11,2026-09-11T11:20:00-04:00,2026-09-11T11:20:00-04:00,TSLA,-198,sell,367.1300048828125,367.05657888183595,14.538348193359376,0.0,14.538348193359376,72691.74096679688,0,104054.71824718655,104054.71824718655,0.0,0.0,policy_rebalance
2026-09-11,2026-09-11T11:30:00-04:00,2026-09-11T11:30:00-04:00,TSLA,111,buy,366.2300109863281,366.3032569885254,8.130306243896484,0.0,8.130306243896484,40651.53121948242,111,63395.056721460234,104046.58794094266,0.39070508724953507,0.39070508724953507,policy_rebalance
2026-09-11,2026-09-11T11:35:00-04:00,2026-09-11T11:35:00-04:00,SNDK,8,buy,1639.8399658203125,1640.1679338134766,2.6237439453125,0.0,2.6237439453125,13118.7197265625,8,50273.71325095242,104012.88433249539,0.5166587911335705,0.5166587911335705,policy_rebalance
2026-09-11,2026-09-11T11:40:00-04:00,2026-09-11T11:40:00-04:00,SNDK,-8,sell,1641.300048828125,1640.9717888183593,2.626080078125,0.0,2.626080078125,13130.400390625,0,63401.4875614993,104009.17161301296,0.390424069548431,0.390424069548431,policy_rebalance
2026-09-11,2026-09-11T11:50:00-04:00,2026-09-11T11:50:00-04:00,TSLA,-111,sell,364.3699951171875,364.29712111816406,8.089013891601562,0.0,8.089013891601562,40445.06945800781,0,103838.46800561552,103838.46800561552,0.0,0.0,policy_rebalance
2026-09-11,2026-09-11T12:10:00-04:00,2026-09-11T12:10:00-04:00,MSTR,20,buy,134.3699951171875,134.39686911621092,0.53747998046875,0.0,0.53747998046875,2687.39990234375,20,101150.5306232913,103837.93052563505,0.025880715156204857,0.025880715156204857,policy_rebalance
2026-09-11,2026-09-11T12:20:00-04:00,2026-09-11T12:20:00-04:00,MSTR,-17,sell,133.1999969482422,133.17335694885253,0.4528799896240234,0.0,0.4528799896240234,2264.399948120117,3,103414.4776914218,103814.07768226652,0.003849188855366444,0.003849188855366444,policy_rebalance
2026-09-11,2026-09-11T12:25:00-04:00,2026-09-11T12:25:00-04:00,MSTR,-3,sell,133.18800354003906,133.16136593933106,0.07991280212402344,0.0,0.07991280212402344,399.5640106201172,0,103813.9617892398,103813.9617892398,0.0,0.0,policy_rebalance
2026-09-11,2026-09-11T12:30:00-04:00,2026-09-11T12:30:00-04:00,SNDK,2,buy,1625.5400390625,1625.8651470703126,0.650216015625,0.0,0.650216015625,3251.080078125,2,100562.23149509917,103813.31157322417,0.031316601203226886,0.031316601203226886,policy_rebalance
2026-09-11,2026-09-11T12:35:00-04:00,2026-09-11T12:35:00-04:00,SNDK,-2,sell,1629.0,1628.6742,0.6516,0.0,0.6516,3258.0,0,103819.57989509917,103819.57989509917,0.0,0.0,policy_rebalance
2026-09-11,2026-09-11T12:50:00-04:00,2026-09-11T12:50:00-04:00,SNDK,3,buy,1626.9949951171875,1627.320394116211,0.9761969970703125,0.0,0.9761969970703125,4880.9849853515625,3,98937.61871275054,103818.6036981021,0.04701455048986361,0.04701455048986361,policy_rebalance
2026-09-11,2026-09-11T12:55:00-04:00,2026-09-11T12:55:00-04:00,SNDK,-3,sell,1631.030029296875,1630.7038232910156,0.978618017578125,0.0,0.978618017578125,4893.090087890625,0,103829.73018262359,103829.73018262359,0.0,0.0,policy_rebalance
2026-09-11,2026-09-11T12:55:00-04:00,2026-09-11T12:55:00-04:00,MSTR,204,buy,133.3000030517578,133.32666305236816,5.438640124511719,0.0,5.438640124511719,27193.200622558594,204,76631.09091994049,103824.29154249908,0.26191559045146406,0.26191559045146406,policy_rebalance
2026-09-11,2026-09-11T13:00:00-04:00,2026-09-11T13:00:00-04:00,MSTR,-1,sell,133.53199768066406,133.50529128112794,0.026706399536132814,0.0,0.026706399536132814,133.53199768066406,203,76764.59621122161,103871.59174039641,0.26096640164062007,0.26096640164062007,policy_rebalance
2026-09-11,2026-09-11T13:05:00-04:00,2026-09-11T13:05:00-04:00,MSTR,-1,sell,133.6999969482422,133.67325694885255,0.02673999938964844,0.0,0.02673999938964844,133.6999969482422,202,76898.26946817046,103905.66885171538,0.2599222899194018,0.2599222899194018,policy_rebalance
2026-09-11,2026-09-11T13:05:00-04:00,2026-09-11T13:05:00-04:00,TSLA,20,buy,364.7449951171875,364.8179441162109,1.45897998046875,0.0,1.45897998046875,7294.89990234375,20,69601.91058584624,103904.20987173491,0.33013387357676194,0.33013387357676194,policy_rebalance
2026-09-11,2026-09-11T13:20:00-04:00,2026-09-11T13:20:00-04:00,MSTR,-1,sell,133.46710205078125,133.4404086303711,0.02669342041015625,0.0,0.02669342041015625,133.46710205078125,201,69735.35099447661,103873.13877523833,0.3286488516981217,0.3286488516981217,policy_rebalance
2026-09-11,2026-09-11T13:30:00-04:00,2026-09-11T13:30:00-04:00,TSLA,-1,sell,366.0,365.9268,0.0732,0.0,0.0732,366.0,19,70101.27779447661,103906.86705839263,0.3253450923981594,0.3253450923981594,policy_rebalance
2026-09-11,2026-09-11T13:30:00-04:00,2026-09-11T13:30:00-04:00,MSTR,-1,sell,133.58999633789062,133.56327833862304,0.026717999267578126,0.0,0.026717999267578126,133.58999633789062,200,70234.84107281524,103906.84034039336,0.32405950519975796,0.32405950519975796,policy_rebalance
2026-09-11,2026-09-11T13:40:00-04:00,2026-09-11T13:40:00-04:00,SNDK,-1,sell,1634.469970703125,1634.1430767089844,0.326893994140625,0.0,0.326893994140625,1634.469970703125,-1,71868.98414952423,103842.02888829376,0.3393807407026564,0.3079008093453564,policy_rebalance
2026-09-11,2026-09-11T13:45:00-04:00,2026-09-11T13:45:00-04:00,TSLA,-19,sell,365.3699951171875,365.29692111816405,1.3884059814453125,0.0,1.3884059814453125,6942.0299072265625,0,78809.62565076935,103861.81119764435,0.2727067350653895,0.24120690038037002,policy_rebalance
2026-09-11,2026-09-11T13:45:00-04:00,2026-09-11T13:45:00-04:00,SNDK,1,buy,1635.81494140625,1636.1421043945313,0.32716298828125,0.0,0.32716298828125,1635.81494140625,0,77173.48354637482,103861.48403465607,0.25695762713515735,0.25695762713515735,policy_rebalance
2026-09-11,2026-09-11T14:05:00-04:00,2026-09-11T14:05:00-04:00,MSTR,-200,sell,131.47999572753906,131.45369972839356,5.259199829101562,0.0,5.259199829101562,26295.999145507812,0,103464.22349205353,103464.22349205353,0.0,0.0,policy_rebalance
2026-09-11,2026-09-11T14:05:00-04:00,2026-09-11T14:05:00-04:00,SNDK,-4,sell,1637.2249755859375,1636.8975305908205,1.30977998046875,0.0,1.30977998046875,6548.89990234375,-4,110011.81361441681,103462.91371207306,0.0632970759026629,-0.0632970759026629,policy_rebalance
2026-09-11,2026-09-11T14:10:00-04:00,2026-09-11T14:10:00-04:00,SNDK,4,buy,1633.6099853515625,1633.9367073486328,1.30688798828125,0.0,1.30688798828125,6534.43994140625,0,103476.06678502228,103476.06678502228,0.0,0.0,policy_rebalance
2026-09-11,2026-09-11T14:20:00-04:00,2026-09-11T14:20:00-04:00,SNDK,-1,sell,1634.81494140625,1634.4879784179689,0.32696298828125,0.0,0.32696298828125,1634.81494140625,-1,105110.55476344025,103475.739822034,0.015799016699159996,-0.015799016699159996,policy_rebalance
2026-09-11,2026-09-11T14:35:00-04:00,2026-09-11T14:35:00-04:00,SNDK,-4,sell,1636.300048828125,1635.9727888183595,1.3090400390625,0.0,1.3090400390625,6545.2001953125,-5,111654.44591871368,103472.94567457306,0.07906897972994605,-0.07906897972994605,policy_rebalance
2026-09-11,2026-09-11T14:40:00-04:00,2026-09-11T14:40:00-04:00,TSLA,19,buy,364.80999755859375,364.8829595581055,1.3862779907226563,0.0,1.3862779907226563,6931.389953613281,19,104721.66968710968,103480.48456748077,0.1459595506339749,-0.01199438836044023,policy_rebalance
2026-09-11,2026-09-11T14:45:00-04:00,2026-09-11T14:45:00-04:00,TSLA,-1,sell,364.635009765625,364.56208276367187,0.072927001953125,0.0,0.072927001953125,364.635009765625,18,105086.23176987335,103469.81209213898,0.1424887098100469,-0.015622137945848082,policy_rebalance
2026-09-11,2026-09-11T14:45:00-04:00,2026-09-11T14:45:00-04:00,SNDK,1,buy,1635.969970703125,1636.2971646972655,0.327193994140625,0.0,0.327193994140625,1635.969970703125,-4,103449.9346051761,103469.48489814484,0.12667802561785788,0.000188947427234177,policy_rebalance
2026-09-11,2026-09-11T14:50:00-04:00,2026-09-11T14:50:00-04:00,SNDK,2,buy,1637.18505859375,1637.5124956054688,0.6548740234375,0.0,0.6548740234375,3274.3701171875,-2,100174.90961396515,103458.11945283234,0.09503314119028307,0.03173467540519174,policy_rebalance
2026-09-11,2026-09-11T14:55:00-04:00,2026-09-11T14:55:00-04:00,TSLA,-1,sell,364.44000244140625,364.367114440918,0.07288800048828124,0.0,0.07288800048828124,364.44000244140625,17,100539.27672840607,103466.75676990997,0.09146396714211168,0.028293919060535112,policy_rebalance
2026-09-11,2026-09-11T14:55:00-04:00,2026-09-11T14:55:00-04:00,SNDK,2,buy,1634.0,1634.3268,0.6536,0.0,0.6536,3268.0,0,97270.62312840606,103466.10316990997,0.05987932135928433,0.05987932135928433,policy_rebalance
2026-09-11,2026-09-11T15:00:00-04:00,2026-09-11T15:00:00-04:00,TSLA,-17,sell,365.2149963378906,365.14195333862307,1.241730987548828,0.0,1.241730987548828,6208.654937744141,0,103478.03633516266,103478.03633516266,0.0,0.0,policy_rebalance
2026-09-11,2026-09-11T15:05:00-04:00,2026-09-11T15:05:00-04:00,MSTR,223,buy,131.75869750976562,131.7850492492676,5.8764379089355465,0.0,5.8764379089355465,29382.189544677734,223,74089.97035257598,103472.15989725372,0.2839622713380469,0.2839622713380469,policy_rebalance
2026-09-11,2026-09-11T15:10:00-04:00,2026-09-11T15:10:00-04:00,SNDK,-5,sell,1631.27001953125,1630.9437655273439,1.63127001953125,0.0,1.63127001953125,8156.35009765625,-5,82244.6891802127,103452.97744925568,0.3626864048718148,0.20500413610082674,policy_rebalance
2026-09-11,2026-09-11T15:15:00-04:00,2026-09-11T15:15:00-04:00,SNDK,3,buy,1629.1400146484375,1629.4658426513672,0.9774840087890625,0.0,0.9774840087890625,4887.4200439453125,-2,77356.2916522586,103365.64553409454,0.3146685126607293,0.25162474192895073,policy_rebalance
2026-09-11,2026-09-11T15:25:00-04:00,2026-09-11T15:25:00-04:00,MSTR,-1,sell,131.2301025390625,131.2038565185547,0.0262460205078125,0.0,0.0262460205078125,131.2301025390625,222,77487.49550877715,103355.57827244903,0.313462353026262,0.25028240561416704,policy_rebalance
2026-09-11,2026-09-11T15:25:00-04:00,2026-09-11T15:25:00-04:00,SNDK,1,buy,1632.5,1632.8265,0.3265,0.0,0.3265,1632.5,-1,75854.66900877716,103355.25177244903,0.29766830650663584,0.26607823300762923,policy_rebalance
2026-09-11,2026-09-11T15:30:00-04:00,2026-09-11T15:30:00-04:00,SNDK,-7,sell,1632.8199462890625,1632.4933822998048,2.2859479248046877,0.0,2.2859479248046877,11429.739624023438,-8,87282.1226848758,103266.04230157501,0.4077723694915146,0.15478388888014383,policy_rebalance
2026-09-11,2026-09-11T15:40:00-04:00,2026-09-11T15:40:00-04:00,MSTR,-20,sell,131.02000427246094,130.99380027160646,0.5240800170898438,0.0,0.5240800170898438,2620.4000854492188,202,89901.99869030793,103305.43994397004,0.38263851829924284,0.12974574486040386,policy_rebalance
2026-09-11,2026-09-11T15:40:00-04:00,2026-09-11T15:40:00-04:00,SNDK,8,buy,1632.824951171875,1633.1515161621094,2.612519921875,0.0,2.612519921875,13062.599609375,0,76836.78656101105,103302.82742404816,0.2561986106575434,0.2561986106575434,policy_rebalance
2026-09-11,2026-09-11T15:45:00-04:00,2026-09-11T15:45:00-04:00,SNDK,-2,sell,1634.5699462890625,1634.2430322998048,0.653827978515625,0.0,0.653827978515625,3269.139892578125,-2,80105.27262561065,103346.61384265167,0.28815284695769167,0.22488730257216416,policy_rebalance
2026-09-11,2026-09-11T15:55:00-04:00,,MSTR,-202,sell,131.02999877929688,131.00379277954102,5.2936119506835935,0.0,5.2936119506835935,26468.05975341797,0,106568.03876707793,103299.45868895293,0.031641792896195974,-0.031641792896195974,scheduled_1555_liquidation
2026-09-11,2026-09-11T15:55:00-04:00,,SNDK,2,buy,1634.2900390625,1634.6168970703125,0.653716015625,0.0,0.653716015625,3268.580078125,0,103298.8049729373,103298.8049729373,0.0,0.0,scheduled_1555_liquidation
