date,hour,symbol,direction,gross_pnl,costs,net_pnl
2026-08-31,9,SNDK,long,-10.97607421875,0.0,-10.97607421875
2026-08-31,9,SNDK,long,1.2060546875,0.0,1.2060546875
2026-08-31,9,SNDK,long,16.56005859375,0.0,16.56005859375
2026-08-31,9,SNDK,long,2.3399658203125,0.0,2.3399658203125
2026-08-31,9,SNDK,long,-6.60498046875,0.0,-6.60498046875
2026-08-31,9,SNDK,long,-0.1700439453125,0.0,-0.1700439453125
2026-08-31,9,SNDK,long,2.06005859375,0.0,2.06005859375
2026-08-31,9,SNDK,long,0.389892578125,0.0,0.389892578125
2026-08-31,10,SNDK,short,6.8599853515625,0.0,6.8599853515625
2026-08-31,10,SNDK,short,-7.8948974609375,0.0,-7.8948974609375
2026-08-31,10,SNDK,short,0.8099365234375,0.0,0.8099365234375
2026-08-31,15,SNDK,long,-81.090087890625,0.0,-81.090087890625
2026-08-31,15,SNDK,long,-37.439208984375,0.0,-37.439208984375
2026-08-31,15,SNDK,long,1.3941650390625,0.0,1.3941650390625
2026-08-31,15,SNDK,long,-19.099609375,0.0,-19.099609375
2026-08-31,15,SNDK,long,0.5400390625,0.0,0.5400390625
2026-08-31,15,SNDK,long,-63.8399658203125,0.0,-63.8399658203125
2026-08-31,15,SNDK,long,0.6297607421875,0.0,0.6297607421875
2026-08-31,15,SNDK,long,36.600341796875,0.0,36.600341796875
2026-08-31,15,SNDK,long,2.125244140625,0.0,2.125244140625
2026-08-31,15,SNDK,long,15.9071044921875,0.0,15.9071044921875
2026-08-31,15,SNDK,long,-1.9346923828125,0.0,-1.9346923828125
2026-08-31,15,SNDK,long,103.1201171875,0.0,103.1201171875
2026-08-31,15,SNDK,long,6.5595703125,0.0,6.5595703125
2026-08-31,15,SNDK,short,21.375,0.0,21.375
2026-08-31,15,SNDK,short,0.0450439453125,0.0,0.0450439453125
2026-08-31,15,SNDK,short,-72.7197265625,0.0,-72.7197265625
2026-08-31,15,SNDK,short,2.3994140625,0.0,2.3994140625
2026-08-31,15,SNDK,short,-22.2210693359375,0.0,-22.2210693359375
2026-08-31,15,SNDK,short,0.1708984375,0.0,0.1708984375
2026-08-31,15,SNDK,short,-24.419677734375,0.0,-24.419677734375
2026-08-31,15,SNDK,short,-2.039794921875,0.0,-2.039794921875
2026-08-31,15,SNDK,short,-279.150390625,0.0,-279.150390625
2026-08-31,15,SNDK,short,-0.1495361328125,0.0,-0.1495361328125
2026-09-01,9,SNDK,short,4.649658203125,0.0,4.649658203125
2026-09-01,9,SNDK,short,0.01025390625,0.0,0.01025390625
2026-09-01,9,SNDK,short,10.4599609375,0.0,10.4599609375
2026-09-01,9,SNDK,short,-3.83984375,0.0,-3.83984375
2026-09-01,12,SNDK,short,-5.039794921875,0.0,-5.039794921875
2026-09-01,12,SNDK,short,0.579833984375,0.0,0.579833984375
2026-09-01,12,SNDK,short,4.425048828125,0.0,4.425048828125
2026-09-01,14,SNDK,short,-0.257080078125,0.0,-0.257080078125
2026-09-01,14,SNDK,short,5.058349609375,0.0,5.058349609375
2026-09-01,14,SNDK,short,0.4266357421875,0.0,0.4266357421875
2026-09-02,9,SNDK,long,81.1998291015625,0.0,81.1998291015625
2026-09-02,9,SNDK,long,9.3797607421875,0.0,9.3797607421875
2026-09-02,9,SNDK,long,107.6600341796875,0.0,107.6600341796875
2026-09-02,9,SNDK,long,7.0,0.0,7.0
2026-09-02,9,SNDK,long,-111.54638671875,0.0,-111.54638671875
2026-09-02,9,SNDK,long,-1.17333984375,0.0,-1.17333984375
2026-09-02,9,SNDK,long,-1449.764404296875,0.0,-1449.764404296875
2026-09-02,9,SNDK,long,2.052001953125,0.0,2.052001953125
2026-09-02,10,SNDK,short,-137.28125,0.0,-137.28125
2026-09-02,10,SNDK,short,3.51953125,0.0,3.51953125
2026-09-02,10,SNDK,short,-71.359375,0.0,-71.359375
2026-09-02,10,SNDK,short,-80.64013671875,0.0,-80.64013671875
2026-09-02,10,SNDK,short,12.88232421875,0.0,12.88232421875
2026-09-02,10,SNDK,short,89.3682861328125,0.0,89.3682861328125
2026-09-02,10,SNDK,short,-20.2467041015625,0.0,-20.2467041015625
2026-09-02,10,SNDK,short,-122.221435546875,0.0,-122.221435546875
2026-09-02,10,SNDK,short,-0.8408203125,0.0,-0.8408203125
2026-09-02,10,SNDK,short,29.6632080078125,0.0,29.6632080078125
2026-09-02,10,SNDK,short,5.867919921875,0.0,5.867919921875
2026-09-02,10,SNDK,short,-33.0303955078125,0.0,-33.0303955078125
2026-09-02,10,SNDK,short,12.087158203125,0.0,12.087158203125
2026-09-02,10,SNDK,short,-67.099609375,0.0,-67.099609375
2026-09-02,10,SNDK,short,-2.5244140625,0.0,-2.5244140625
2026-09-02,10,SNDK,short,5.039794921875,0.0,5.039794921875
2026-09-02,10,SNDK,short,5.8096923828125,0.0,5.8096923828125
2026-09-02,10,SNDK,long,22.4390869140625,0.0,22.4390869140625
2026-09-02,10,SNDK,long,0.770751953125,0.0,0.770751953125
2026-09-02,10,SNDK,long,-164.1204833984375,0.0,-164.1204833984375
2026-09-02,10,SNDK,long,-8.91064453125,0.0,-8.91064453125
2026-09-02,10,SNDK,long,-26.298828125,0.0,-26.298828125
2026-09-02,10,SNDK,long,-1.640625,0.0,-1.640625
2026-09-02,11,SNDK,long,4.990234375,0.0,4.990234375
2026-09-02,11,SNDK,long,1.500244140625,0.0,1.500244140625
2026-09-03,9,SNDK,short,-46.8017578125,0.0,-46.8017578125
2026-09-03,9,SNDK,short,-31.9482421875,0.0,-31.9482421875
2026-09-03,9,SNDK,short,-77.40087890625,0.0,-77.40087890625
2026-09-03,9,SNDK,short,-7.0191650390625,0.0,-7.0191650390625
2026-09-03,12,SNDK,short,28.2452392578125,0.0,28.2452392578125
2026-09-03,12,SNDK,short,-3.6751708984375,0.0,-3.6751708984375
2026-09-03,12,SNDK,short,-17.850341796875,0.0,-17.850341796875
2026-09-03,12,SNDK,short,-9.4498291015625,0.0,-9.4498291015625
2026-09-03,12,SNDK,short,-55.195068359375,0.0,-55.195068359375
2026-09-03,13,SNDK,short,-11.7945556640625,0.0,-11.7945556640625
2026-09-03,13,SNDK,short,-2.100341796875,0.0,-2.100341796875
2026-09-03,13,SNDK,short,-8.81494140625,0.0,-8.81494140625
2026-09-03,13,SNDK,short,0.0050048828125,0.0,0.0050048828125
2026-09-03,13,SNDK,short,14.6099853515625,0.0,14.6099853515625
2026-09-03,13,SNDK,short,-0.469970703125,0.0,-0.469970703125
2026-09-03,13,SNDK,short,0.14990234375,0.0,0.14990234375
2026-09-03,13,SNDK,short,-0.47998046875,0.0,-0.47998046875
2026-09-03,13,SNDK,short,2.3399658203125,0.0,2.3399658203125
2026-09-03,13,SNDK,short,-0.5699462890625,0.0,-0.5699462890625
2026-09-03,13,SNDK,short,3.3699951171875,0.0,3.3699951171875
2026-09-03,13,SNDK,short,0.155029296875,0.0,0.155029296875
2026-09-03,13,SNDK,short,0.64501953125,0.0,0.64501953125
2026-09-03,13,SNDK,short,0.159912109375,0.0,0.159912109375
2026-09-03,13,SNDK,short,-2.25,0.0,-2.25
2026-09-03,13,SNDK,short,-0.72998046875,0.0,-0.72998046875
2026-09-03,13,SNDK,short,1.2550048828125,0.0,1.2550048828125
2026-09-03,13,SNDK,short,-0.2049560546875,0.0,-0.2049560546875
2026-09-03,13,SNDK,short,-2.1400146484375,0.0,-2.1400146484375
2026-09-03,13,SNDK,short,0.5799560546875,0.0,0.5799560546875
2026-09-03,13,SNDK,short,-5.2799072265625,0.0,-5.2799072265625
2026-09-03,13,SNDK,short,-0.9801025390625,0.0,-0.9801025390625
2026-09-03,13,SNDK,short,0.419921875,0.0,0.419921875
2026-09-03,14,SNDK,short,-3.73486328125,0.0,-3.73486328125
2026-09-03,14,SNDK,short,-1.1650390625,0.0,-1.1650390625
2026-09-03,14,SNDK,short,-0.3399658203125,0.0,-0.3399658203125
2026-09-03,14,SNDK,short,3.0999755859375,0.0,3.0999755859375
2026-09-03,15,SNDK,long,-224.621826171875,0.0,-224.621826171875
2026-09-03,15,SNDK,long,-13.967529296875,0.0,-13.967529296875
2026-09-03,15,SNDK,long,-128.865966796875,0.0,-128.865966796875
2026-09-03,15,SNDK,long,-2.36328125,0.0,-2.36328125
2026-09-03,15,SNDK,long,-108.901611328125,0.0,-108.901611328125
2026-09-03,15,SNDK,long,13.639892578125,0.0,13.639892578125
2026-09-03,15,SNDK,long,-126.82763671875,0.0,-126.82763671875
2026-09-03,15,SNDK,long,0.878173828125,0.0,0.878173828125
2026-09-03,15,SNDK,long,-53.676025390625,0.0,-53.676025390625
2026-09-03,15,SNDK,long,-19.032470703125,0.0,-19.032470703125
2026-09-03,15,SNDK,long,-147.949462890625,0.0,-147.949462890625
2026-09-03,15,SNDK,long,-8.25,0.0,-8.25
2026-09-03,15,SNDK,long,107.7275390625,0.0,107.7275390625
2026-09-03,15,SNDK,long,10.92041015625,0.0,10.92041015625
2026-09-03,15,SNDK,long,-67.4091796875,0.0,-67.4091796875
2026-09-03,15,SNDK,long,3.5709228515625,0.0,3.5709228515625
2026-09-03,15,SNDK,long,58.39599609375,0.0,58.39599609375
2026-09-03,15,SNDK,long,0.00244140625,0.0,0.00244140625
2026-09-03,15,SNDK,long,-2.125,0.0,-2.125
2026-09-03,15,SNDK,long,-1.0189208984375,0.0,-1.0189208984375
2026-09-03,15,SNDK,long,63.759765625,0.0,63.759765625
2026-09-03,15,SNDK,long,21.599609375,0.0,21.599609375
2026-09-03,15,SNDK,long,51.6009521484375,0.0,51.6009521484375
2026-09-03,15,SNDK,long,-6.3006591796875,0.0,-6.3006591796875
2026-09-04,9,SNDK,short,-115.7802734375,0.0,-115.7802734375
2026-09-04,9,SNDK,short,13.509521484375,0.0,13.509521484375
2026-09-04,10,SNDK,short,-30.5625,0.0,-30.5625
2026-09-04,10,SNDK,short,-7.6875,0.0,-7.6875
2026-09-04,10,SNDK,short,-45.6123046875,0.0,-45.6123046875
2026-09-04,10,SNDK,short,-1.934326171875,0.0,-1.934326171875
2026-09-04,10,SNDK,short,-34.1802978515625,0.0,-34.1802978515625
2026-09-04,10,SNDK,short,-0.8447265625,0.0,-0.8447265625
2026-09-04,10,SNDK,short,-46.5997314453125,0.0,-46.5997314453125
2026-09-04,10,SNDK,short,5.1995849609375,0.0,5.1995849609375
2026-09-04,10,SNDK,short,72.642822265625,0.0,72.642822265625
2026-09-04,10,SNDK,short,-0.4925537109375,0.0,-0.4925537109375
2026-09-04,10,SNDK,short,26.7999267578125,0.0,26.7999267578125
2026-09-04,10,SNDK,short,-1.8499755859375,0.0,-1.8499755859375
2026-09-04,10,SNDK,short,-56.6201171875,0.0,-56.6201171875
2026-09-04,10,SNDK,short,-4.2958984375,0.0,-4.2958984375
2026-09-04,11,SNDK,short,-5.8831787109375,0.0,-5.8831787109375
2026-09-04,11,SNDK,short,-3.6298828125,0.0,-3.6298828125
2026-09-04,11,SNDK,short,-12.6298828125,0.0,-12.6298828125
2026-09-04,11,SNDK,short,2.1448974609375,0.0,2.1448974609375
2026-09-04,11,SNDK,short,-0.224853515625,0.0,-0.224853515625
2026-09-04,11,SNDK,short,-4.1396484375,0.0,-4.1396484375
2026-09-04,11,SNDK,short,0.5394287109375,0.0,0.5394287109375
2026-09-04,11,SNDK,short,3.7626953125,0.0,3.7626953125
2026-09-04,11,SNDK,short,-0.476318359375,0.0,-0.476318359375
2026-09-04,11,SNDK,short,-1.486328125,0.0,-1.486328125
2026-09-04,11,SNDK,short,0.360107421875,0.0,0.360107421875
2026-09-04,11,SNDK,short,-2.55078125,0.0,-2.55078125
2026-09-04,11,SNDK,short,-0.0076904296875,0.0,-0.0076904296875
2026-09-04,15,SNDK,short,-4.0850830078125,0.0,-4.0850830078125
2026-09-04,15,SNDK,short,-0.494873046875,0.0,-0.494873046875
2026-09-08,9,SNDK,short,536.689453125,0.0,536.689453125
2026-09-08,9,SNDK,short,-13.229248046875,0.0,-13.229248046875
2026-09-08,9,SNDK,short,-824.05859375,0.0,-824.05859375
2026-09-08,9,SNDK,short,-36.1015625,0.0,-36.1015625
2026-09-08,9,SNDK,short,-95.1683349609375,0.0,-95.1683349609375
2026-09-08,9,SNDK,short,16.7374267578125,0.0,16.7374267578125
2026-09-08,10,SNDK,short,-136.6241455078125,0.0,-136.6241455078125
2026-09-08,10,SNDK,short,-15.2496337890625,0.0,-15.2496337890625
2026-09-08,10,SNDK,short,29.520263671875,0.0,29.520263671875
2026-09-08,10,SNDK,short,2.759765625,0.0,2.759765625
2026-09-08,10,SNDK,short,55.223876953125,0.0,55.223876953125
2026-09-08,10,SNDK,short,5.406005859375,0.0,5.406005859375
2026-09-08,10,SNDK,short,-6.1201171875,0.0,-6.1201171875
2026-09-08,10,SNDK,short,5.039794921875,0.0,5.039794921875
2026-09-08,10,SNDK,short,34.6002197265625,0.0,34.6002197265625
2026-09-08,10,SNDK,short,2.17529296875,0.0,2.17529296875
2026-09-08,10,SNDK,short,-53.2501220703125,0.0,-53.2501220703125
2026-09-08,10,SNDK,short,0.9246826171875,0.0,0.9246826171875
2026-09-08,10,SNDK,short,-31.3995361328125,0.0,-31.3995361328125
2026-09-08,10,SNDK,short,-2.1502685546875,0.0,-2.1502685546875
2026-09-08,10,SNDK,short,-3.39990234375,0.0,-3.39990234375
2026-09-08,10,SNDK,short,2.56005859375,0.0,2.56005859375
2026-09-08,10,SNDK,short,9.97998046875,0.0,9.97998046875
2026-09-08,10,SNDK,short,0.865234375,0.0,0.865234375
2026-09-08,10,SNDK,short,-39.6339111328125,0.0,-39.6339111328125
2026-09-08,10,SNDK,short,3.81005859375,0.0,3.81005859375
2026-09-08,10,SNDK,short,17.06982421875,0.0,17.06982421875
2026-09-08,10,SNDK,short,-2.0101318359375,0.0,-2.0101318359375
2026-09-08,10,SNDK,short,-9.4200439453125,0.0,-9.4200439453125
2026-09-08,10,SNDK,short,0.1351318359375,0.0,0.1351318359375
2026-09-08,11,SNDK,short,8.4451904296875,0.0,8.4451904296875
2026-09-08,11,SNDK,short,0.263671875,0.0,0.263671875
2026-09-08,11,SNDK,short,9.614013671875,0.0,9.614013671875
2026-09-08,11,SNDK,short,-0.809814453125,0.0,-0.809814453125
2026-09-08,11,SNDK,short,-0.0450439453125,0.0,-0.0450439453125
2026-09-08,11,SNDK,short,-0.5050048828125,0.0,-0.5050048828125
2026-09-08,11,SNDK,short,-4.75,0.0,-4.75
2026-09-08,11,SNDK,short,-0.449951171875,0.0,-0.449951171875
2026-09-08,11,SNDK,short,53.729736328125,0.0,53.729736328125
2026-09-08,11,SNDK,short,-3.415283203125,0.0,-3.415283203125
2026-09-08,11,SNDK,short,38.0712890625,0.0,38.0712890625
2026-09-08,11,SNDK,short,-1.0577392578125,0.0,-1.0577392578125
2026-09-08,11,SNDK,short,-63.4423828125,0.0,-63.4423828125
2026-09-08,11,SNDK,short,-0.3997802734375,0.0,-0.3997802734375
2026-09-08,11,SNDK,short,5.23974609375,0.0,5.23974609375
2026-09-08,11,SNDK,short,3.37841796875,0.0,3.37841796875
2026-09-08,11,SNDK,short,-24.69873046875,0.0,-24.69873046875
2026-09-08,11,SNDK,short,-3.26953125,0.0,-3.26953125
2026-09-08,11,SNDK,short,-7.793701171875,0.0,-7.793701171875
2026-09-08,11,SNDK,short,1.0960693359375,0.0,1.0960693359375
2026-09-08,11,SNDK,short,-1.400634765625,0.0,-1.400634765625
2026-09-08,11,SNDK,short,-2.479248046875,0.0,-2.479248046875
2026-09-08,12,SNDK,short,6.6500244140625,0.0,6.6500244140625
2026-09-08,12,SNDK,short,-0.7200927734375,0.0,-0.7200927734375
2026-09-08,12,SNDK,short,-0.969970703125,0.0,-0.969970703125
2026-09-08,12,SNDK,short,0.330078125,0.0,0.330078125
2026-09-09,9,SNDK,long,12.015380859375,0.0,12.015380859375
2026-09-09,9,SNDK,long,3.2244873046875,0.0,3.2244873046875
2026-09-09,9,SNDK,long,31.110107421875,0.0,31.110107421875
2026-09-09,10,SNDK,short,-251.229248046875,0.0,-251.229248046875
2026-09-09,10,SNDK,short,-8.67822265625,0.0,-8.67822265625
2026-09-09,10,SNDK,short,-132.72998046875,0.0,-132.72998046875
2026-09-09,10,SNDK,short,-5.17138671875,0.0,-5.17138671875
2026-09-09,10,SNDK,short,73.570068359375,0.0,73.570068359375
2026-09-09,10,SNDK,short,-2.801025390625,0.0,-2.801025390625
2026-09-09,10,SNDK,short,-37.38427734375,0.0,-37.38427734375
2026-09-09,10,SNDK,short,6.334716796875,0.0,6.334716796875
2026-09-09,10,SNDK,short,94.919921875,0.0,94.919921875
2026-09-09,10,SNDK,short,104.789794921875,0.0,104.789794921875
2026-09-09,10,SNDK,short,4.79541015625,0.0,4.79541015625
2026-09-09,10,SNDK,short,-81.212646484375,0.0,-81.212646484375
2026-09-09,10,SNDK,short,-0.37255859375,0.0,-0.37255859375
2026-09-09,10,SNDK,short,-42.0,0.0,-42.0
2026-09-09,10,SNDK,short,-1.42529296875,0.0,-1.42529296875
2026-09-09,10,SNDK,short,4.91162109375,0.0,4.91162109375
2026-09-09,10,SNDK,short,-1.56005859375,0.0,-1.56005859375
2026-09-09,10,SNDK,short,-5.574951171875,0.0,-5.574951171875
2026-09-09,10,SNDK,short,-3.3001708984375,0.0,-3.3001708984375
2026-09-09,10,SNDK,short,8.699951171875,0.0,8.699951171875
2026-09-09,10,SNDK,short,3.4002685546875,0.0,3.4002685546875
2026-09-09,10,SNDK,short,26.81982421875,0.0,26.81982421875
2026-09-09,10,SNDK,short,-0.97998046875,0.0,-0.97998046875
2026-09-09,11,SNDK,short,-21.07470703125,0.0,-21.07470703125
2026-09-09,11,SNDK,short,-0.090087890625,0.0,-0.090087890625
2026-09-09,11,SNDK,short,-3.0450439453125,0.0,-3.0450439453125
2026-09-09,11,SNDK,short,25.450927734375,0.0,25.450927734375
2026-09-09,11,SNDK,short,-2.6209716796875,0.0,-2.6209716796875
2026-09-09,11,SNDK,short,31.9951171875,0.0,31.9951171875
2026-09-09,11,SNDK,short,-0.4951171875,0.0,-0.4951171875
2026-09-09,11,SNDK,short,-61.1103515625,0.0,-61.1103515625
2026-09-09,11,SNDK,short,0.9005126953125,0.0,0.9005126953125
2026-09-09,11,SNDK,short,60.8997802734375,0.0,60.8997802734375
2026-09-09,11,SNDK,short,-1.1239013671875,0.0,-1.1239013671875
2026-09-09,11,SNDK,short,-54.38232421875,0.0,-54.38232421875
2026-09-09,11,SNDK,short,-6.500244140625,0.0,-6.500244140625
2026-09-09,11,SNDK,short,38.84912109375,0.0,38.84912109375
2026-09-09,11,SNDK,short,4.490234375,0.0,4.490234375
2026-09-09,11,SNDK,short,-24.4346923828125,0.0,-24.4346923828125
2026-09-09,11,SNDK,short,0.494384765625,0.0,0.494384765625
2026-09-09,11,SNDK,short,62.3792724609375,0.0,62.3792724609375
2026-09-09,11,SNDK,short,3.456298828125,0.0,3.456298828125
2026-09-09,11,SNDK,short,12.2802734375,0.0,12.2802734375
2026-09-09,11,SNDK,short,-2.80078125,0.0,-2.80078125
2026-09-09,11,SNDK,short,-10.0,0.0,-10.0
2026-09-09,11,SNDK,short,4.640625,0.0,4.640625
2026-09-09,12,SNDK,short,3.8494873046875,0.0,3.8494873046875
2026-09-09,12,SNDK,short,-2.3447265625,0.0,-2.3447265625
2026-09-09,12,SNDK,short,-27.359619140625,0.0,-27.359619140625
2026-09-09,12,SNDK,short,0.989501953125,0.0,0.989501953125
2026-09-09,12,SNDK,short,14.1754150390625,0.0,14.1754150390625
2026-09-09,12,SNDK,short,-0.4254150390625,0.0,-0.4254150390625
2026-09-09,12,SNDK,short,10.975341796875,0.0,10.975341796875
2026-09-09,12,SNDK,short,2.82470703125,0.0,2.82470703125
2026-09-09,12,SNDK,short,-15.8251953125,0.0,-15.8251953125
2026-09-09,12,SNDK,short,-0.9747314453125,0.0,-0.9747314453125
2026-09-09,12,SNDK,short,-12.9677734375,0.0,-12.9677734375
2026-09-09,12,SNDK,short,-0.63232421875,0.0,-0.63232421875
2026-09-09,12,SNDK,short,3.93017578125,0.0,3.93017578125
2026-09-09,12,SNDK,short,-0.030029296875,0.0,-0.030029296875
2026-09-09,12,SNDK,short,-16.163330078125,0.0,-16.163330078125
2026-09-09,12,SNDK,short,-1.0966796875,0.0,-1.0966796875
2026-09-09,12,SNDK,short,1.72998046875,0.0,1.72998046875
2026-09-09,12,SNDK,short,-0.4949951171875,0.0,-0.4949951171875
2026-09-10,9,SNDK,short,-532.0601806640625,0.0,-532.0601806640625
2026-09-10,9,SNDK,short,-7.02783203125,0.0,-7.02783203125
2026-09-10,9,SNDK,short,19.6396484375,0.0,19.6396484375
2026-09-10,9,SNDK,short,-4.1201171875,0.0,-4.1201171875
2026-09-10,9,SNDK,long,-3.18017578125,0.0,-3.18017578125
2026-09-10,9,SNDK,long,-1.034912109375,0.0,-1.034912109375
2026-09-10,9,SNDK,long,-23.81982421875,0.0,-23.81982421875
2026-09-10,9,SNDK,long,-3.3109130859375,0.0,-3.3109130859375
2026-09-10,10,SNDK,long,-12.0941162109375,0.0,-12.0941162109375
2026-09-10,10,SNDK,long,-1.650146484375,0.0,-1.650146484375
2026-09-10,10,SNDK,long,17.56005859375,0.0,17.56005859375
2026-09-10,10,SNDK,long,-1.56005859375,0.0,-1.56005859375
2026-09-10,10,SNDK,long,-0.5,0.0,-0.5
2026-09-10,10,SNDK,long,-4.655029296875,0.0,-4.655029296875
2026-09-10,10,SNDK,long,-0.7999267578125,0.0,-0.7999267578125
2026-09-11,9,SNDK,short,386.1903076171875,0.0,386.1903076171875
2026-09-11,9,SNDK,short,-35.4913330078125,0.0,-35.4913330078125
2026-09-11,9,SNDK,short,103.16796875,0.0,103.16796875
2026-09-11,9,SNDK,short,10.9019775390625,0.0,10.9019775390625
2026-09-11,9,SNDK,short,-170.75927734375,0.0,-170.75927734375
2026-09-11,9,SNDK,short,-4.541015625,0.0,-4.541015625
2026-09-11,9,SNDK,short,280.0621337890625,0.0,280.0621337890625
2026-09-11,9,SNDK,short,-0.3826904296875,0.0,-0.3826904296875
2026-09-11,10,SNDK,short,159.005859375,0.0,159.005859375
2026-09-11,10,SNDK,short,-2.639892578125,0.0,-2.639892578125
2026-09-11,10,SNDK,short,116.050537109375,0.0,116.050537109375
2026-09-11,10,SNDK,short,-0.7156982421875,0.0,-0.7156982421875
2026-09-11,10,SNDK,short,-60.29638671875,0.0,-60.29638671875
2026-09-11,10,SNDK,short,-4.978271484375,0.0,-4.978271484375
2026-09-11,10,SNDK,short,-51.48046875,0.0,-51.48046875
2026-09-11,10,SNDK,short,1.530029296875,0.0,1.530029296875
2026-09-11,10,SNDK,short,-51.26953125,0.0,-51.26953125
2026-09-11,10,SNDK,short,-0.719970703125,0.0,-0.719970703125
2026-09-11,10,SNDK,short,5.1400146484375,0.0,5.1400146484375
2026-09-11,10,SNDK,short,0.47509765625,0.0,0.47509765625
2026-09-11,12,SNDK,short,-38.0,0.0,-38.0
2026-09-11,12,SNDK,short,-0.080078125,0.0,-0.080078125
2026-09-11,12,SNDK,short,-5.599609375,0.0,-5.599609375
2026-09-11,12,SNDK,short,-14.23828125,0.0,-14.23828125
2026-09-11,12,SNDK,short,116.318359375,0.0,116.318359375
2026-09-11,12,SNDK,short,-2.560546875,0.0,-2.560546875
2026-09-11,12,SNDK,short,52.950439453125,0.0,52.950439453125
2026-09-11,12,SNDK,short,-9.7503662109375,0.0,-9.7503662109375
2026-09-11,12,SNDK,short,-28.418701171875,0.0,-28.418701171875
2026-09-11,12,SNDK,short,5.39013671875,0.0,5.39013671875
2026-09-11,12,SNDK,short,9.8785400390625,0.0,9.8785400390625
2026-09-11,12,SNDK,short,4.9892578125,0.0,4.9892578125
2026-09-11,12,SNDK,short,80.65576171875,0.0,80.65576171875
2026-09-11,12,SNDK,short,0.47900390625,0.0,0.47900390625
2026-09-11,12,SNDK,short,-41.360107421875,0.0,-41.360107421875
2026-09-11,12,SNDK,short,3.300537109375,0.0,3.300537109375
2026-09-11,12,SNDK,short,-9.200439453125,0.0,-9.200439453125
2026-09-11,12,SNDK,short,4.25048828125,0.0,4.25048828125
2026-09-11,12,SNDK,short,-25.2454833984375,0.0,-25.2454833984375
2026-09-11,12,SNDK,short,0.0450439453125,0.0,0.0450439453125
2026-09-11,12,SNDK,short,42.400390625,0.0,42.400390625
2026-09-11,12,SNDK,short,-24.74609375,0.0,-24.74609375
2026-09-11,12,SNDK,short,-3.4991455078125,0.0,-3.4991455078125
2026-09-11,13,SNDK,short,-9.3046875,0.0,-9.3046875
2026-09-11,13,SNDK,short,2.044921875,0.0,2.044921875
2026-09-11,13,SNDK,short,-6.500244140625,0.0,-6.500244140625
2026-09-11,13,SNDK,short,0.4901123046875,0.0,0.4901123046875
2026-09-11,13,SNDK,short,-12.2919921875,0.0,-12.2919921875
2026-09-11,13,SNDK,short,-1.18017578125,0.0,-1.18017578125
2026-09-11,13,SNDK,short,8.9696044921875,0.0,8.9696044921875
2026-09-11,13,SNDK,short,-1.4696044921875,0.0,-1.4696044921875
2026-09-11,13,SNDK,short,1.800048828125,0.0,1.800048828125
2026-09-11,13,SNDK,short,-1.2099609375,0.0,-1.2099609375
2026-09-11,13,SNDK,short,-2.0350341796875,0.0,-2.0350341796875
2026-08-31,9,TSLA,long,2.0,0.0,2.0
2026-08-31,9,TSLA,long,3.600006103515625,0.0,3.600006103515625
2026-08-31,9,TSLA,short,-0.97998046875,0.0,-0.97998046875
2026-08-31,9,TSLA,short,-0.105010986328125,0.0,-0.105010986328125
2026-08-31,10,TSLA,short,0.375,0.0,0.375
2026-08-31,10,TSLA,short,-0.010009765625,0.0,-0.010009765625
2026-08-31,10,TSLA,short,-0.399993896484375,0.0,-0.399993896484375
2026-08-31,10,TSLA,short,0.1300048828125,0.0,0.1300048828125
2026-08-31,10,TSLA,short,-0.3822021484375,0.0,-0.3822021484375
2026-08-31,10,TSLA,short,0.032196044921875,0.0,0.032196044921875
2026-08-31,10,TSLA,short,-0.1298828125,0.0,-0.1298828125
2026-08-31,10,TSLA,short,-0.79010009765625,0.0,-0.79010009765625
2026-08-31,10,TSLA,short,-0.040008544921875,0.0,-0.040008544921875
2026-08-31,10,TSLA,short,-0.160003662109375,0.0,-0.160003662109375
2026-08-31,10,TSLA,short,0.05999755859375,0.0,0.05999755859375
2026-08-31,10,TSLA,short,-1.76318359375,0.0,-1.76318359375
2026-08-31,10,TSLA,short,0.01318359375,0.0,0.01318359375
2026-08-31,10,TSLA,short,-8.44952392578125,0.0,-8.44952392578125
2026-08-31,10,TSLA,short,15.47003173828125,0.0,15.47003173828125
2026-08-31,10,TSLA,short,2.33990478515625,0.0,2.33990478515625
2026-08-31,10,TSLA,short,-46.125030517578125,0.0,-46.125030517578125
2026-08-31,10,TSLA,short,29.87518310546875,0.0,29.87518310546875
2026-08-31,10,TSLA,short,37.569580078125,0.0,37.569580078125
2026-08-31,10,TSLA,short,-0.849609375,0.0,-0.849609375
2026-08-31,11,TSLA,short,-37.440673828125,0.0,-37.440673828125
2026-08-31,11,TSLA,short,1.92041015625,0.0,1.92041015625
2026-08-31,11,TSLA,short,-14.949859619140625,0.0,-14.949859619140625
2026-08-31,11,TSLA,short,-0.3453369140625,0.0,-0.3453369140625
2026-08-31,11,TSLA,short,-2.9901123046875,0.0,-2.9901123046875
2026-08-31,11,TSLA,short,-1.26483154296875,0.0,-1.26483154296875
2026-08-31,11,TSLA,short,-3.564971923828125,0.0,-3.564971923828125
2026-08-31,11,TSLA,short,3.795196533203125,0.0,3.795196533203125
2026-08-31,11,TSLA,short,-0.1151123046875,0.0,-0.1151123046875
2026-08-31,11,TSLA,short,19.43292236328125,0.0,19.43292236328125
2026-08-31,11,TSLA,short,-1.147613525390625,0.0,-1.147613525390625
2026-08-31,11,TSLA,short,-5.71820068359375,0.0,-5.71820068359375
2026-08-31,11,TSLA,short,0.657958984375,0.0,0.657958984375
2026-08-31,11,TSLA,short,19.74005126953125,0.0,19.74005126953125
2026-08-31,11,TSLA,short,0.735076904296875,0.0,0.735076904296875
2026-08-31,11,TSLA,short,-22.57525634765625,0.0,-22.57525634765625
2026-08-31,11,TSLA,short,-15.120025634765625,0.0,-15.120025634765625
2026-08-31,11,TSLA,short,-8.570343017578125,0.0,-8.570343017578125
2026-08-31,11,TSLA,short,-0.249298095703125,0.0,-0.249298095703125
2026-08-31,11,TSLA,short,-35.91046142578125,0.0,-35.91046142578125
2026-08-31,11,TSLA,short,-1.04974365234375,0.0,-1.04974365234375
2026-08-31,12,TSLA,short,211.19921875,0.0,211.19921875
2026-08-31,12,TSLA,short,-6.3984375,0.0,-6.3984375
2026-08-31,12,TSLA,short,211.96484375,0.0,211.96484375
2026-08-31,12,TSLA,short,-2.6875,0.0,-2.6875
2026-08-31,12,TSLA,short,-142.2393798828125,0.0,-142.2393798828125
2026-08-31,12,TSLA,short,1.86810302734375,0.0,1.86810302734375
2026-08-31,12,TSLA,short,-202.82354736328125,0.0,-202.82354736328125
2026-08-31,12,TSLA,short,57.64031982421875,0.0,57.64031982421875
2026-08-31,12,TSLA,short,-2.618560791015625,0.0,-2.618560791015625
2026-08-31,12,TSLA,short,45.50079345703125,0.0,45.50079345703125
2026-08-31,12,TSLA,short,-5.13763427734375,0.0,-5.13763427734375
2026-08-31,12,TSLA,short,96.68701171875,0.0,96.68701171875
2026-08-31,12,TSLA,short,-2.578582763671875,0.0,-2.578582763671875
2026-08-31,12,TSLA,short,42.23828125,0.0,42.23828125
2026-08-31,12,TSLA,short,3.83984375,0.0,3.83984375
2026-08-31,12,TSLA,short,6.7578125,0.0,6.7578125
2026-08-31,12,TSLA,short,7.3203125,0.0,7.3203125
2026-08-31,12,TSLA,short,-33.017364501953125,0.0,-33.017364501953125
2026-08-31,12,TSLA,short,-6.352325439453125,0.0,-6.352325439453125
2026-08-31,12,TSLA,short,-68.57720947265625,0.0,-68.57720947265625
2026-08-31,12,TSLA,short,6.34844970703125,0.0,6.34844970703125
2026-08-31,12,TSLA,short,-57.15155029296875,0.0,-57.15155029296875
2026-08-31,12,TSLA,short,8.89093017578125,0.0,8.89093017578125
2026-08-31,13,TSLA,short,-29.8431396484375,0.0,-29.8431396484375
2026-08-31,13,TSLA,short,3.174224853515625,0.0,3.174224853515625
2026-08-31,13,TSLA,short,91.44015502929688,0.0,91.44015502929688
2026-08-31,13,TSLA,short,-3.809844970703125,0.0,-3.809844970703125
2026-08-31,13,TSLA,short,-51.434844970703125,0.0,-51.434844970703125
2026-08-31,13,TSLA,short,4.445465087890625,0.0,4.445465087890625
2026-08-31,13,TSLA,short,-130.80984497070312,0.0,-130.80984497070312
2026-08-31,13,TSLA,short,34.924224853515625,0.0,34.924224853515625
2026-08-31,13,TSLA,short,0.6201171875,0.0,0.6201171875
2026-08-31,13,TSLA,short,102.24957275390625,0.0,102.24957275390625
2026-08-31,13,TSLA,short,3.16259765625,0.0,3.16259765625
2026-08-31,13,TSLA,short,49.15338134765625,0.0,49.15338134765625
2026-08-31,13,TSLA,short,6.2984619140625,0.0,6.2984619140625
2026-08-31,13,TSLA,short,-143.63800048828125,0.0,-143.63800048828125
2026-08-31,13,TSLA,short,-0.630615234375,0.0,-0.630615234375
2026-08-31,13,TSLA,short,-86.3096923828125,0.0,-86.3096923828125
2026-08-31,13,TSLA,short,-36.54107666015625,0.0,-36.54107666015625
2026-08-31,13,TSLA,short,-2.51861572265625,0.0,-2.51861572265625
2026-08-31,13,TSLA,short,-36.54107666015625,0.0,-36.54107666015625
2026-08-31,13,TSLA,short,1.26123046875,0.0,1.26123046875
2026-08-31,13,TSLA,short,-92.50259399414062,0.0,-92.50259399414062
2026-08-31,14,TSLA,short,-6.24847412109375,0.0,-6.24847412109375
2026-08-31,14,TSLA,short,1.247406005859375,0.0,1.247406005859375
2026-08-31,14,TSLA,short,88.75274658203125,0.0,88.75274658203125
2026-08-31,14,TSLA,short,43.125152587890625,0.0,43.125152587890625
2026-08-31,14,TSLA,short,-3.124237060546875,0.0,-3.124237060546875
2026-08-31,14,TSLA,short,-36.251068115234375,0.0,-36.251068115234375
2026-08-31,14,TSLA,short,-5.611419677734375,0.0,-5.611419677734375
2026-08-31,14,TSLA,short,4.985809326171875,0.0,4.985809326171875
2026-08-31,14,TSLA,short,30.612945556640625,0.0,30.612945556640625
2026-08-31,14,TSLA,short,0.011444091796875,0.0,0.011444091796875
2026-08-31,14,TSLA,short,-12.3856201171875,0.0,-12.3856201171875
2026-08-31,14,TSLA,short,11.1444091796875,0.0,11.1444091796875
2026-08-31,14,TSLA,short,141.36181640625,0.0,141.36181640625
2026-08-31,14,TSLA,short,84.319091796875,0.0,84.319091796875
2026-08-31,14,TSLA,short,3.0992431640625,0.0,3.0992431640625
2026-08-31,14,TSLA,short,-35.336669921875,0.0,-35.336669921875
2026-08-31,14,TSLA,short,3.7198486328125,0.0,3.7198486328125
2026-08-31,14,TSLA,short,-21.0816650390625,0.0,-21.0816650390625
2026-08-31,14,TSLA,short,7.4510498046875,0.0,7.4510498046875
2026-08-31,14,TSLA,short,4.3291015625,0.0,4.3291015625
2026-08-31,15,TSLA,short,13.0213623046875,0.0,13.0213623046875
2026-08-31,15,TSLA,short,2.4786376953125,0.0,2.4786376953125
2026-08-31,15,TSLA,short,3.873779296875,0.0,3.873779296875
2026-08-31,15,TSLA,short,1.032257080078125,0.0,1.032257080078125
2026-08-31,15,TSLA,short,-75.38250732421875,0.0,-75.38250732421875
2026-08-31,15,TSLA,short,-0.85260009765625,0.0,-0.85260009765625
2026-08-31,15,TSLA,short,40.00146484375,0.0,40.00146484375
2026-08-31,15,TSLA,short,0.86749267578125,0.0,0.86749267578125
2026-08-31,15,TSLA,short,46.360595703125,0.0,46.360595703125
2026-08-31,15,TSLA,short,-4.88104248046875,0.0,-4.88104248046875
2026-08-31,15,TSLA,short,-98.8197021484375,0.0,-98.8197021484375
2026-08-31,15,TSLA,short,-2.43865966796875,0.0,-2.43865966796875
2026-08-31,15,TSLA,short,-17.6923828125,0.0,-17.6923828125
2026-08-31,15,TSLA,short,4.27044677734375,0.0,4.27044677734375
2026-08-31,15,TSLA,short,-94.37985229492188,0.0,-94.37985229492188
2026-08-31,15,TSLA,short,123.43344116210938,0.0,123.43344116210938
2026-08-31,15,TSLA,short,7.248626708984375,0.0,7.248626708984375
2026-08-31,15,TSLA,short,-59.403076171875,0.0,-59.403076171875
2026-08-31,15,TSLA,short,27.000732421875,0.0,27.000732421875
2026-08-31,15,TSLA,short,-8.40087890625,0.0,-8.40087890625
2026-08-31,15,TSLA,short,-246.59912109375,0.0,-246.59912109375
2026-08-31,15,TSLA,short,1.8017578125,0.0,1.8017578125
2026-09-01,9,TSLA,long,2.010040283203125,0.0,2.010040283203125
2026-09-01,9,TSLA,long,-0.120025634765625,0.0,-0.120025634765625
2026-09-01,9,TSLA,long,38.7000732421875,0.0,38.7000732421875
2026-09-01,9,TSLA,long,0.539794921875,0.0,0.539794921875
2026-09-01,9,TSLA,long,0.840087890625,0.0,0.840087890625
2026-09-01,9,TSLA,long,0.47900390625,0.0,0.47900390625
2026-09-01,10,TSLA,long,5.8509521484375,0.0,5.8509521484375
2026-09-01,10,TSLA,long,0.650238037109375,0.0,0.650238037109375
2026-09-01,10,TSLA,long,-4.419952392578125,0.0,-4.419952392578125
2026-09-01,10,TSLA,long,0.0650634765625,0.0,0.0650634765625
2026-09-01,10,TSLA,long,8.5799560546875,0.0,8.5799560546875
2026-09-01,10,TSLA,long,0.0596923828125,0.0,0.0596923828125
2026-09-01,10,TSLA,long,-1.59588623046875,0.0,-1.59588623046875
2026-09-01,10,TSLA,long,-0.658966064453125,0.0,-0.658966064453125
2026-09-01,10,TSLA,long,-2.79998779296875,0.0,-2.79998779296875
2026-09-01,10,TSLA,long,0.29998779296875,0.0,0.29998779296875
2026-09-01,10,TSLA,long,-3.375,0.0,-3.375
2026-09-01,10,TSLA,long,-0.405120849609375,0.0,-0.405120849609375
2026-09-01,10,TSLA,long,0.405120849609375,0.0,0.405120849609375
2026-09-01,10,TSLA,long,5.08502197265625,0.0,5.08502197265625
2026-09-01,10,TSLA,long,-2.52001953125,0.0,-2.52001953125
2026-09-01,10,TSLA,long,0.360107421875,0.0,0.360107421875
2026-09-01,10,TSLA,long,3.472015380859375,0.0,3.472015380859375
2026-09-01,10,TSLA,long,0.027984619140625,0.0,0.027984619140625
2026-09-01,10,TSLA,long,-3.900146484375,0.0,-3.900146484375
2026-09-01,10,TSLA,long,-0.2398681640625,0.0,-0.2398681640625
2026-09-01,10,TSLA,long,-2.400054931640625,0.0,-2.400054931640625
2026-09-01,10,TSLA,long,-0.0860595703125,0.0,-0.0860595703125
2026-09-01,11,TSLA,long,-1.81396484375,0.0,-1.81396484375
2026-09-01,11,TSLA,long,-0.074920654296875,0.0,-0.074920654296875
2026-09-01,11,TSLA,long,1.7803955078125,0.0,1.7803955078125
2026-09-01,11,TSLA,long,0.1395263671875,0.0,0.1395263671875
2026-09-01,11,TSLA,long,0.705047607421875,0.0,0.705047607421875
2026-09-01,11,TSLA,long,1.980010986328125,0.0,1.980010986328125
2026-09-01,11,TSLA,long,0.06298828125,0.0,0.06298828125
2026-09-01,11,TSLA,long,-1.41302490234375,0.0,-1.41302490234375
2026-09-01,11,TSLA,long,0.02252197265625,0.0,0.02252197265625
2026-09-01,11,TSLA,long,1.47747802734375,0.0,1.47747802734375
2026-09-01,11,TSLA,long,0.030029296875,0.0,0.030029296875
2026-09-01,11,TSLA,long,0.79998779296875,0.0,0.79998779296875
2026-09-01,11,TSLA,long,0.03997802734375,0.0,0.03997802734375
2026-09-01,11,TSLA,long,0.44000244140625,0.0,0.44000244140625
2026-09-01,11,TSLA,long,0.029998779296875,0.0,0.029998779296875
2026-09-02,10,TSLA,short,1.31781005859375,0.0,1.31781005859375
2026-09-02,10,TSLA,short,-0.1575927734375,0.0,-0.1575927734375
2026-09-02,10,TSLA,short,-1.00018310546875,0.0,-1.00018310546875
2026-09-02,10,TSLA,short,-0.13983154296875,0.0,-0.13983154296875
2026-09-02,10,TSLA,short,-1.0950927734375,0.0,-1.0950927734375
2026-09-02,10,TSLA,short,0.0137939453125,0.0,0.0137939453125
2026-09-02,10,TSLA,long,22.047607421875,0.0,22.047607421875
2026-09-02,10,TSLA,long,1.9619140625,0.0,1.9619140625
2026-09-02,10,TSLA,long,19.10772705078125,0.0,19.10772705078125
2026-09-02,10,TSLA,long,30.8702392578125,0.0,30.8702392578125
2026-09-02,10,TSLA,long,-2.93988037109375,0.0,-2.93988037109375
2026-09-02,10,TSLA,long,70.81106567382812,0.0,70.81106567382812
2026-09-02,10,TSLA,long,-1.891571044921875,0.0,-1.891571044921875
2026-09-02,10,TSLA,long,-219.268310546875,0.0,-219.268310546875
2026-09-02,10,TSLA,long,-134.390625,0.0,-134.390625
2026-09-02,10,TSLA,long,2.390625,0.0,2.390625
2026-09-02,11,TSLA,long,-117.6005859375,0.0,-117.6005859375
2026-09-02,11,TSLA,long,-1.9189453125,0.0,-1.9189453125
2026-09-02,11,TSLA,long,207.8408203125,0.0,207.8408203125
2026-09-02,11,TSLA,long,0.4892578125,0.0,0.4892578125
2026-09-02,11,TSLA,long,26.8681640625,0.0,26.8681640625
2026-09-02,11,TSLA,long,0.1728515625,0.0,0.1728515625
2026-09-02,11,TSLA,long,32.3199462890625,0.0,32.3199462890625
2026-09-02,11,TSLA,long,4.456024169921875,0.0,4.456024169921875
2026-09-02,11,TSLA,long,49.978790283203125,0.0,49.978790283203125
2026-09-02,11,TSLA,long,0.855255126953125,0.0,0.855255126953125
2026-09-02,11,TSLA,long,49.0191650390625,0.0,49.0191650390625
2026-09-02,11,TSLA,long,1.90185546875,0.0,1.90185546875
2026-09-02,11,TSLA,long,-123.6102294921875,0.0,-123.6102294921875
2026-09-02,11,TSLA,long,0.470458984375,0.0,0.470458984375
2026-09-02,11,TSLA,long,38.12750244140625,0.0,38.12750244140625
2026-09-02,11,TSLA,long,-38.9332275390625,0.0,-38.9332275390625
2026-09-02,11,TSLA,long,1.67333984375,0.0,1.67333984375
2026-09-02,11,TSLA,long,6.817779541015625,0.0,6.817779541015625
2026-09-02,11,TSLA,long,-3.6324462890625,0.0,-3.6324462890625
2026-09-02,11,TSLA,long,-104.57061767578125,0.0,-104.57061767578125
2026-09-02,11,TSLA,long,1.5216064453125,0.0,1.5216064453125
2026-09-02,11,TSLA,long,8.55010986328125,0.0,8.55010986328125
2026-09-02,11,TSLA,long,-2.4114990234375,0.0,-2.4114990234375
2026-09-02,12,TSLA,long,-21.644317626953125,0.0,-21.644317626953125
2026-09-02,12,TSLA,long,0.888153076171875,0.0,0.888153076171875
2026-09-02,12,TSLA,long,15.131195068359375,0.0,15.131195068359375
2026-09-02,12,TSLA,long,0.888153076171875,0.0,0.888153076171875
2026-09-02,12,TSLA,long,52.51239013671875,0.0,52.51239013671875
2026-09-02,12,TSLA,long,89.0,0.0,89.0
2026-09-02,12,TSLA,long,3.55804443359375,0.0,3.55804443359375
2026-09-02,12,TSLA,long,-8.8978271484375,0.0,-8.8978271484375
2026-09-02,12,TSLA,long,-0.4454345703125,0.0,-0.4454345703125
2026-09-02,12,TSLA,long,-36.044891357421875,0.0,-36.044891357421875
2026-09-02,12,TSLA,long,1.779022216796875,0.0,1.779022216796875
2026-09-02,12,TSLA,long,-23.5863037109375,0.0,-23.5863037109375
2026-09-02,12,TSLA,long,-83.98886108398438,0.0,-83.98886108398438
2026-09-02,12,TSLA,long,-2.783966064453125,0.0,-2.783966064453125
2026-09-02,12,TSLA,long,-14.240325927734375,0.0,-14.240325927734375
2026-09-02,12,TSLA,long,0.844696044921875,0.0,0.844696044921875
2026-09-02,12,TSLA,long,13.4814453125,0.0,13.4814453125
2026-09-02,12,TSLA,long,0.641845703125,0.0,0.641845703125
2026-09-02,12,TSLA,long,70.621826171875,0.0,70.621826171875
2026-09-02,12,TSLA,long,-2.419677734375,0.0,-2.419677734375
2026-09-02,12,TSLA,long,73.479248046875,0.0,73.479248046875
2026-09-02,12,TSLA,long,-8.800537109375,0.0,-8.800537109375
2026-09-02,13,TSLA,long,-44.639007568359375,0.0,-44.639007568359375
2026-09-02,13,TSLA,long,4.2374267578125,0.0,4.2374267578125
2026-09-02,13,TSLA,long,20.15625,0.0,20.15625
2026-09-02,13,TSLA,long,-70.52850341796875,0.0,-70.52850341796875
2026-09-02,13,TSLA,long,-6.981201171875,0.0,-6.981201171875
2026-09-02,13,TSLA,long,2.25970458984375,0.0,2.25970458984375
2026-09-02,13,TSLA,long,2.9761962890625,0.0,2.9761962890625
2026-09-02,13,TSLA,long,-49.414306640625,0.0,-49.414306640625
2026-09-02,13,TSLA,long,-3.87115478515625,0.0,-3.87115478515625
2026-09-02,13,TSLA,long,40.42010498046875,0.0,40.42010498046875
2026-09-02,13,TSLA,long,54.180419921875,0.0,54.180419921875
2026-09-02,13,TSLA,long,-0.9815673828125,0.0,-0.9815673828125
2026-09-02,13,TSLA,long,-11.9100341796875,0.0,-11.9100341796875
2026-09-02,13,TSLA,long,-0.00787353515625,0.0,-0.00787353515625
2026-09-02,13,TSLA,long,-50.73968505859375,0.0,-50.73968505859375
2026-09-02,13,TSLA,long,2.37255859375,0.0,2.37255859375
2026-09-02,13,TSLA,long,21.70733642578125,0.0,21.70733642578125
2026-09-02,13,TSLA,long,-8.5926513671875,0.0,-8.5926513671875
2026-09-02,13,TSLA,long,-39.7403564453125,0.0,-39.7403564453125
2026-09-02,13,TSLA,long,2.75311279296875,0.0,2.75311279296875
2026-09-02,13,TSLA,long,-41.28094482421875,0.0,-41.28094482421875
2026-09-02,13,TSLA,long,-1.71905517578125,0.0,-1.71905517578125
2026-09-02,14,TSLA,long,2.57989501953125,0.0,2.57989501953125
2026-09-02,14,TSLA,long,2.57989501953125,0.0,2.57989501953125
2026-09-02,14,TSLA,long,18.05926513671875,0.0,18.05926513671875
2026-09-02,14,TSLA,long,6.0206298828125,0.0,6.0206298828125
2026-09-02,14,TSLA,long,-3.432861328125,0.0,-3.432861328125
2026-09-02,14,TSLA,long,-18.98046875,0.0,-18.98046875
2026-09-02,14,TSLA,long,2.62451171875,0.0,2.62451171875
2026-09-02,14,TSLA,long,47.73724365234375,0.0,47.73724365234375
2026-09-02,14,TSLA,long,-48.5902099609375,0.0,-48.5902099609375
2026-09-02,14,TSLA,long,-12.89947509765625,0.0,-12.89947509765625
2026-09-02,14,TSLA,long,0.86083984375,0.0,0.86083984375
2026-09-02,14,TSLA,long,0.430419921875,0.0,0.430419921875
2026-09-02,14,TSLA,long,-1.06817626953125,0.0,-1.06817626953125
2026-09-02,14,TSLA,long,-24.302978515625,0.0,-24.302978515625
2026-09-02,14,TSLA,long,2.14947509765625,0.0,2.14947509765625
2026-09-02,14,TSLA,long,52.276763916015625,0.0,52.276763916015625
2026-09-02,14,TSLA,long,2.549896240234375,0.0,2.549896240234375
2026-09-02,14,TSLA,long,16.573028564453125,0.0,16.573028564453125
2026-09-02,14,TSLA,long,-0.422821044921875,0.0,-0.422821044921875
2026-09-02,14,TSLA,long,-45.900726318359375,0.0,-45.900726318359375
2026-09-02,14,TSLA,long,-1.699066162109375,0.0,-1.699066162109375
2026-09-02,15,TSLA,long,-29.750518798828125,0.0,-29.750518798828125
2026-09-02,15,TSLA,long,0.848236083984375,0.0,0.848236083984375
2026-09-02,15,TSLA,long,75.77056884765625,0.0,75.77056884765625
2026-09-02,15,TSLA,long,2.430572509765625,0.0,2.430572509765625
2026-09-02,15,TSLA,long,12.749481201171875,0.0,12.749481201171875
2026-09-02,15,TSLA,long,4.251556396484375,0.0,4.251556396484375
2026-09-02,15,TSLA,long,17.849273681640625,0.0,17.849273681640625
2026-09-02,15,TSLA,long,-2.549896240234375,0.0,-2.549896240234375
2026-09-02,15,TSLA,long,-19.125518798828125,0.0,-19.125518798828125
2026-09-02,15,TSLA,long,2.124481201171875,0.0,2.124481201171875
2026-09-02,15,TSLA,long,-13.330078125,0.0,-13.330078125
2026-09-02,15,TSLA,long,0.7305908203125,0.0,0.7305908203125
2026-09-02,15,TSLA,long,10.92041015625,0.0,10.92041015625
2026-09-02,15,TSLA,long,-0.8408203125,0.0,-0.8408203125
2026-09-02,15,TSLA,long,10.375,0.0,10.375
2026-09-02,15,TSLA,long,2.905303955078125,0.0,2.905303955078125
2026-09-02,15,TSLA,long,49.61090087890625,0.0,49.61090087890625
2026-09-02,15,TSLA,long,-2.86279296875,0.0,-2.86279296875
2026-09-02,15,TSLA,long,60.67169189453125,0.0,60.67169189453125
2026-09-02,15,TSLA,long,0.82080078125,0.0,0.82080078125
2026-09-02,15,TSLA,long,115.62030029296875,0.0,115.62030029296875
2026-09-02,15,TSLA,long,1.5565185546875,0.0,1.5565185546875
2026-09-02,15,TSLA,long,1.8040771484375,0.0,1.8040771484375
2026-09-02,15,TSLA,long,-0.1600341796875,0.0,-0.1600341796875
2026-09-03,10,TSLA,long,3.4027099609375,0.0,3.4027099609375
2026-09-03,10,TSLA,long,-0.002716064453125,0.0,-0.002716064453125
2026-09-03,10,TSLA,long,-13.05322265625,0.0,-13.05322265625
2026-09-03,10,TSLA,long,87.20993041992188,0.0,87.20993041992188
2026-09-03,10,TSLA,long,0.570556640625,0.0,0.570556640625
2026-09-03,10,TSLA,long,18.759521484375,0.0,18.759521484375
2026-09-03,10,TSLA,long,3.35986328125,0.0,3.35986328125
2026-09-03,10,TSLA,long,-81.949462890625,0.0,-81.949462890625
2026-09-03,10,TSLA,long,2.200469970703125,0.0,2.200469970703125
2026-09-03,10,TSLA,long,53.893890380859375,0.0,53.893890380859375
2026-09-03,10,TSLA,long,-2.188720703125,0.0,-2.188720703125
2026-09-03,10,TSLA,long,16.219024658203125,0.0,16.219024658203125
2026-09-03,10,TSLA,long,0.335693359375,0.0,0.335693359375
2026-09-03,10,TSLA,long,79.69024658203125,0.0,79.69024658203125
2026-09-03,10,TSLA,long,0.824127197265625,0.0,0.824127197265625
2026-09-03,10,TSLA,long,33.20947265625,0.0,33.20947265625
2026-09-03,10,TSLA,long,-1.07940673828125,0.0,-1.07940673828125
2026-09-03,11,TSLA,long,-55.31671142578125,0.0,-55.31671142578125
2026-09-03,11,TSLA,long,-0.573486328125,0.0,-0.573486328125
2026-09-03,11,TSLA,long,50.08538818359375,0.0,50.08538818359375
2026-09-03,11,TSLA,long,1.589935302734375,0.0,1.589935302734375
2026-09-03,11,TSLA,long,18.71923828125,0.0,18.71923828125
2026-09-03,11,TSLA,long,-26.008941650390625,0.0,-26.008941650390625
2026-09-03,11,TSLA,long,1.529937744140625,0.0,1.529937744140625
2026-09-03,11,TSLA,long,-52.50091552734375,0.0,-52.50091552734375
2026-09-03,11,TSLA,long,1.49993896484375,0.0,1.49993896484375
2026-09-03,11,TSLA,long,35.03631591796875,0.0,35.03631591796875
2026-09-03,11,TSLA,long,-0.7357177734375,0.0,-0.7357177734375
2026-09-03,11,TSLA,long,64.5498046875,0.0,64.5498046875
2026-09-03,11,TSLA,long,0.9697265625,0.0,0.9697265625
2026-09-03,11,TSLA,long,-10.104827880859375,0.0,-10.104827880859375
2026-09-03,11,TSLA,long,0.121917724609375,0.0,0.121917724609375
2026-09-03,11,TSLA,long,-10.7952880859375,0.0,-10.7952880859375
2026-09-03,11,TSLA,long,1.016357421875,0.0,1.016357421875
2026-09-03,11,TSLA,long,0.91949462890625,0.0,0.91949462890625
2026-09-03,11,TSLA,long,97.65472412109375,0.0,97.65472412109375
2026-09-03,11,TSLA,long,0.8953857421875,0.0,0.8953857421875
2026-09-03,11,TSLA,long,-39.3795166015625,0.0,-39.3795166015625
2026-09-03,11,TSLA,long,-1.0782470703125,0.0,-1.0782470703125
2026-09-03,12,TSLA,short,-7.811553955078125,0.0,-7.811553955078125
2026-09-03,12,TSLA,short,-0.84979248046875,0.0,-0.84979248046875
2026-09-03,12,TSLA,short,-1.2578125,0.0,-1.2578125
2026-09-03,12,TSLA,short,0.0576171875,0.0,0.0576171875
2026-09-03,12,TSLA,short,-6.080078125,0.0,-6.080078125
2026-09-03,12,TSLA,short,-0.3359375,0.0,-0.3359375
2026-09-03,12,TSLA,short,1.288604736328125,0.0,1.288604736328125
2026-09-03,12,TSLA,short,-0.2252197265625,0.0,-0.2252197265625
2026-09-03,12,TSLA,short,4.876556396484375,0.0,4.876556396484375
2026-09-03,12,TSLA,short,-0.374908447265625,0.0,-0.374908447265625
2026-09-03,12,TSLA,short,7.34991455078125,0.0,7.34991455078125
2026-09-03,12,TSLA,short,-0.56011962890625,0.0,-0.56011962890625
2026-09-03,12,TSLA,short,5.320068359375,0.0,5.320068359375
2026-09-03,12,TSLA,short,0.2802734375,0.0,0.2802734375
2026-09-03,12,TSLA,short,-2.860015869140625,0.0,-2.860015869140625
2026-09-03,12,TSLA,short,-0.26025390625,0.0,-0.26025390625
2026-09-03,12,TSLA,short,15.960205078125,0.0,15.960205078125
2026-09-03,12,TSLA,short,0.479736328125,0.0,0.479736328125
2026-09-03,12,TSLA,short,-9.5699462890625,0.0,-9.5699462890625
2026-09-03,12,TSLA,short,0.110107421875,0.0,0.110107421875
2026-09-03,12,TSLA,short,-9.239959716796875,0.0,-9.239959716796875
2026-09-03,12,TSLA,short,0.219879150390625,0.0,0.219879150390625
2026-09-03,12,TSLA,short,14.905120849609375,0.0,14.905120849609375
2026-09-03,12,TSLA,short,0.60491943359375,0.0,0.60491943359375
2026-09-03,13,TSLA,short,-6.10491943359375,0.0,-6.10491943359375
2026-09-03,13,TSLA,short,-0.60491943359375,0.0,-0.60491943359375
2026-09-03,13,TSLA,short,-5.829986572265625,0.0,-5.829986572265625
2026-09-03,13,TSLA,short,-0.77008056640625,0.0,-0.77008056640625
2026-09-03,13,TSLA,short,-1.10015869140625,0.0,-1.10015869140625
2026-09-03,13,TSLA,short,0.150146484375,0.0,0.150146484375
2026-09-03,13,TSLA,short,1.35009765625,0.0,1.35009765625
2026-09-03,13,TSLA,short,-0.6500244140625,0.0,-0.6500244140625
2026-09-03,13,TSLA,short,1.57489013671875,0.0,1.57489013671875
2026-09-03,13,TSLA,short,0.179901123046875,0.0,0.179901123046875
2026-09-03,13,TSLA,short,2.205230712890625,0.0,2.205230712890625
2026-09-03,13,TSLA,short,-0.133209228515625,0.0,-0.133209228515625
2026-09-03,13,TSLA,short,-1.601806640625,0.0,-1.601806640625
2026-09-03,13,TSLA,short,-0.079833984375,0.0,-0.079833984375
2026-09-03,13,TSLA,short,-1.43511962890625,0.0,-1.43511962890625
2026-09-03,13,TSLA,short,-0.382171630859375,0.0,-0.382171630859375
2026-09-03,13,TSLA,short,-1.08233642578125,0.0,-1.08233642578125
2026-09-03,13,TSLA,short,0.699920654296875,0.0,0.699920654296875
2026-09-03,13,TSLA,short,-0.29998779296875,0.0,-0.29998779296875
2026-09-03,13,TSLA,short,0.5999755859375,0.0,0.5999755859375
2026-09-03,13,TSLA,short,-0.24993896484375,0.0,-0.24993896484375
2026-09-03,13,TSLA,short,-0.399932861328125,0.0,-0.399932861328125
2026-09-03,13,TSLA,short,-0.050048828125,0.0,-0.050048828125
2026-09-03,14,TSLA,short,0.449981689453125,0.0,0.449981689453125
2026-09-03,14,TSLA,short,-0.050048828125,0.0,-0.050048828125
2026-09-03,14,TSLA,short,-1.39990234375,0.0,-1.39990234375
2026-09-03,14,TSLA,short,-0.280029296875,0.0,-0.280029296875
2026-09-03,14,TSLA,short,1.679931640625,0.0,1.679931640625
2026-09-03,14,TSLA,short,-0.599609375,0.0,-0.599609375
2026-09-03,14,TSLA,short,0.65972900390625,0.0,0.65972900390625
2026-09-03,14,TSLA,short,-0.0963134765625,0.0,-0.0963134765625
2026-09-03,14,TSLA,short,0.021331787109375,0.0,0.021331787109375
2026-09-03,14,TSLA,short,-0.069305419921875,0.0,-0.069305419921875
2026-09-03,14,TSLA,short,0.7462158203125,0.0,0.7462158203125
2026-09-03,14,TSLA,short,-0.030029296875,0.0,-0.030029296875
2026-09-03,14,TSLA,short,-0.1300048828125,0.0,-0.1300048828125
2026-09-04,9,TSLA,short,-90.1583251953125,0.0,-90.1583251953125
2026-09-04,9,TSLA,short,3.9178466796875,0.0,3.9178466796875
2026-09-04,9,TSLA,short,209.06991577148438,0.0,209.06991577148438
2026-09-04,9,TSLA,short,13.11016845703125,0.0,13.11016845703125
2026-09-04,9,TSLA,short,-6.209747314453125,0.0,-6.209747314453125
2026-09-04,9,TSLA,long,95.58682250976562,0.0,95.58682250976562
2026-09-04,9,TSLA,long,0.1878662109375,0.0,0.1878662109375
2026-09-04,10,TSLA,long,108.34442138671875,0.0,108.34442138671875
2026-09-04,10,TSLA,long,-5.67059326171875,0.0,-5.67059326171875
2026-09-04,10,TSLA,long,-202.39990234375,0.0,-202.39990234375
2026-09-04,10,TSLA,long,-1.59912109375,0.0,-1.59912109375
2026-09-04,10,TSLA,long,-88.75244140625,0.0,-88.75244140625
2026-09-04,10,TSLA,long,0.751953125,0.0,0.751953125
2026-09-04,10,TSLA,long,-29.9696044921875,0.0,-29.9696044921875
2026-09-04,10,TSLA,long,-166.04901123046875,0.0,-166.04901123046875
2026-09-04,10,TSLA,long,2.429901123046875,0.0,2.429901123046875
2026-09-04,10,TSLA,long,-14.176483154296875,0.0,-14.176483154296875
2026-09-04,10,TSLA,long,3.638671875,0.0,3.638671875
2026-09-04,10,TSLA,long,-11.9921875,0.0,-11.9921875
2026-09-04,10,TSLA,long,2.39990234375,0.0,2.39990234375
2026-09-04,10,TSLA,long,62.80029296875,0.0,62.80029296875
2026-09-04,10,TSLA,long,1.19873046875,0.0,1.19873046875
2026-09-04,10,TSLA,long,-24.7998046875,0.0,-24.7998046875
2026-09-04,10,TSLA,long,0.11962890625,0.0,0.11962890625
2026-09-04,10,TSLA,long,-81.7919921875,0.0,-81.7919921875
2026-09-04,10,TSLA,long,0.47119140625,0.0,0.47119140625
2026-09-04,10,TSLA,long,77.02548217773438,0.0,77.02548217773438
2026-09-04,10,TSLA,long,-18.959228515625,0.0,-18.959228515625
2026-09-04,10,TSLA,long,-2.369903564453125,0.0,-2.369903564453125
2026-09-04,11,TSLA,long,67.54586791992188,0.0,67.54586791992188
2026-09-04,11,TSLA,long,-2.765289306640625,0.0,-2.765289306640625
2026-09-04,11,TSLA,long,60.05914306640625,0.0,60.05914306640625
2026-09-04,11,TSLA,long,-121.27593994140625,0.0,-121.27593994140625
2026-09-04,11,TSLA,long,-1.924530029296875,0.0,-1.924530029296875
2026-09-04,11,TSLA,long,-16.7200927734375,0.0,-16.7200927734375
2026-09-04,11,TSLA,long,1.521484375,0.0,1.521484375
2026-09-04,11,TSLA,long,-13.3013916015625,0.0,-13.3013916015625
2026-09-04,11,TSLA,long,-1.1387939453125,0.0,-1.1387939453125
2026-09-04,11,TSLA,long,-4.447174072265625,0.0,-4.447174072265625
2026-09-04,11,TSLA,long,-1.554107666015625,0.0,-1.554107666015625
2026-09-04,11,TSLA,long,12.375640869140625,0.0,12.375640869140625
2026-09-04,11,TSLA,long,0.3753662109375,0.0,0.3753662109375
2026-09-04,11,TSLA,long,27.52532958984375,0.0,27.52532958984375
2026-09-04,11,TSLA,long,0.22430419921875,0.0,0.22430419921875
2026-09-04,11,TSLA,long,-49.58099365234375,0.0,-49.58099365234375
2026-09-04,11,TSLA,long,-2.1453857421875,0.0,-2.1453857421875
2026-09-04,11,TSLA,long,-30.40576171875,0.0,-30.40576171875
2026-09-04,11,TSLA,long,1.6575927734375,0.0,1.6575927734375
2026-09-04,11,TSLA,long,-30.843658447265625,0.0,-30.843658447265625
2026-09-04,11,TSLA,long,-18.718505859375,0.0,-18.718505859375
2026-09-04,11,TSLA,long,-1.0810546875,0.0,-1.0810546875
2026-09-04,12,TSLA,long,1.774566650390625,0.0,1.774566650390625
2026-09-04,12,TSLA,long,10.64306640625,0.0,10.64306640625
2026-09-04,12,TSLA,long,-0.7020263671875,0.0,-0.7020263671875
2026-09-04,12,TSLA,long,19.59991455078125,0.0,19.59991455078125
2026-09-04,12,TSLA,long,-1.74957275390625,0.0,-1.74957275390625
2026-09-04,12,TSLA,long,23.44940185546875,0.0,23.44940185546875
2026-09-04,12,TSLA,long,-1.051025390625,0.0,-1.051025390625
2026-09-04,12,TSLA,long,-14.34906005859375,0.0,-14.34906005859375
2026-09-04,12,TSLA,long,-1.051025390625,0.0,-1.051025390625
2026-09-04,12,TSLA,long,-43.75,0.0,-43.75
2026-09-04,12,TSLA,long,-0.69854736328125,0.0,-0.69854736328125
2026-09-04,12,TSLA,long,23.09906005859375,0.0,23.09906005859375
2026-09-04,12,TSLA,long,24.15008544921875,0.0,24.15008544921875
2026-09-04,12,TSLA,long,-10.84991455078125,0.0,-10.84991455078125
2026-09-04,12,TSLA,long,-4.13983154296875,0.0,-4.13983154296875
2026-09-04,12,TSLA,long,-2.415252685546875,0.0,-2.415252685546875
2026-09-04,12,TSLA,long,1.0360107421875,0.0,1.0360107421875
2026-09-04,12,TSLA,long,32.430084228515625,0.0,32.430084228515625
2026-09-04,12,TSLA,long,0.688568115234375,0.0,0.688568115234375
2026-09-04,13,TSLA,long,-37.94915771484375,0.0,-37.94915771484375
2026-09-04,13,TSLA,long,1.118133544921875,0.0,1.118133544921875
2026-09-04,13,TSLA,long,-4.575714111328125,0.0,-4.575714111328125
2026-09-04,13,TSLA,long,-2.752166748046875,0.0,-2.752166748046875
2026-09-04,13,TSLA,long,-1.38134765625,0.0,-1.38134765625
2026-09-04,13,TSLA,long,1.78143310546875,0.0,1.78143310546875
2026-09-04,13,TSLA,long,9.949493408203125,0.0,9.949493408203125
2026-09-04,13,TSLA,long,30.36016845703125,0.0,30.36016845703125
2026-09-04,13,TSLA,long,-0.827545166015625,0.0,-0.827545166015625
2026-09-04,13,TSLA,long,-20.216949462890625,0.0,-20.216949462890625
2026-09-04,13,TSLA,long,0.3453369140625,0.0,0.3453369140625
2026-09-04,13,TSLA,long,0.343231201171875,0.0,0.343231201171875
2026-09-04,13,TSLA,long,-5.10498046875,0.0,-5.10498046875
2026-09-04,13,TSLA,long,-1.0147705078125,0.0,-1.0147705078125
2026-09-04,13,TSLA,long,5.781494140625,0.0,5.781494140625
2026-09-04,13,TSLA,long,-0.34033203125,0.0,-0.34033203125
2026-09-04,13,TSLA,long,-13.5323486328125,0.0,-13.5323486328125
2026-09-04,13,TSLA,long,0.2718505859375,0.0,0.2718505859375
2026-09-04,13,TSLA,long,16.21429443359375,0.0,16.21429443359375
2026-09-04,13,TSLA,long,-0.803558349609375,0.0,-0.803558349609375
2026-09-04,13,TSLA,long,16.75,0.0,16.75
2026-09-04,14,TSLA,long,-10.22991943359375,0.0,-10.22991943359375
2026-09-04,14,TSLA,long,1.64154052734375,0.0,1.64154052734375
2026-09-04,14,TSLA,long,-13.5230712890625,0.0,-13.5230712890625
2026-09-04,14,TSLA,long,62.173309326171875,0.0,62.173309326171875
2026-09-04,14,TSLA,long,1.20208740234375,0.0,1.20208740234375
2026-09-04,14,TSLA,long,40.9503173828125,0.0,40.9503173828125
2026-09-04,14,TSLA,long,9.098968505859375,0.0,9.098968505859375
2026-09-04,14,TSLA,long,1.132659912109375,0.0,1.132659912109375
2026-09-04,14,TSLA,long,-26.42578125,0.0,-26.42578125
2026-09-04,14,TSLA,long,-0.927734375,0.0,-0.927734375
2026-09-04,14,TSLA,long,-28.16015625,0.0,-28.16015625
2026-09-04,14,TSLA,long,1.919921875,0.0,1.919921875
2026-09-04,14,TSLA,long,36.267578125,0.0,36.267578125
2026-09-04,14,TSLA,long,0.8515625,0.0,0.8515625
2026-09-04,14,TSLA,long,-33.389923095703125,0.0,-33.389923095703125
2026-09-04,14,TSLA,long,-0.3153076171875,0.0,-0.3153076171875
2026-09-04,14,TSLA,long,19.84515380859375,0.0,19.84515380859375
2026-09-04,14,TSLA,long,0.3153076171875,0.0,0.3153076171875
2026-09-04,14,TSLA,long,-12.0904541015625,0.0,-12.0904541015625
2026-09-04,14,TSLA,long,0.62060546875,0.0,0.62060546875
2026-09-04,14,TSLA,long,25.010223388671875,0.0,25.010223388671875
2026-09-04,14,TSLA,long,-0.610595703125,0.0,-0.610595703125
2026-09-04,15,TSLA,long,38.931060791015625,0.0,38.931060791015625
2026-09-04,15,TSLA,long,1.32916259765625,0.0,1.32916259765625
2026-09-04,15,TSLA,long,-39.344329833984375,0.0,-39.344329833984375
2026-09-04,15,TSLA,long,0.3052978515625,0.0,0.3052978515625
2026-09-04,15,TSLA,long,31.108734130859375,0.0,31.108734130859375
2026-09-04,15,TSLA,long,0.610595703125,0.0,0.610595703125
2026-09-04,15,TSLA,long,18.183837890625,0.0,18.183837890625
2026-09-04,15,TSLA,long,0.72601318359375,0.0,0.72601318359375
2026-09-04,15,TSLA,long,-18.60455322265625,0.0,-18.60455322265625
2026-09-04,15,TSLA,long,23.491180419921875,0.0,23.491180419921875
2026-09-04,15,TSLA,long,-1.226776123046875,0.0,-1.226776123046875
2026-09-04,15,TSLA,long,10.67425537109375,0.0,10.67425537109375
2026-09-04,15,TSLA,long,0.9158935546875,0.0,0.9158935546875
2026-09-04,15,TSLA,long,-23.7908935546875,0.0,-23.7908935546875
2026-09-04,15,TSLA,long,0.605010986328125,0.0,0.605010986328125
2026-09-04,15,TSLA,long,-34.764862060546875,0.0,-34.764862060546875
2026-09-04,15,TSLA,long,-0.608734130859375,0.0,-0.608734130859375
2026-09-04,15,TSLA,long,-11.28485107421875,0.0,-11.28485107421875
2026-09-04,15,TSLA,long,0.005584716796875,0.0,0.005584716796875
2026-09-04,15,TSLA,long,24.6993408203125,0.0,24.6993408203125
2026-09-04,15,TSLA,long,1.219329833984375,0.0,1.219329833984375
2026-09-04,15,TSLA,long,84.14865112304688,0.0,84.14865112304688
2026-09-04,15,TSLA,long,-1.49298095703125,0.0,-1.49298095703125
2026-09-08,10,TSLA,long,211.61669921875,0.0,211.61669921875
2026-09-08,10,TSLA,long,-0.514739990234375,0.0,-0.514739990234375
2026-09-08,10,TSLA,long,-58.58172607421875,0.0,-58.58172607421875
2026-09-08,10,TSLA,long,2.807952880859375,0.0,2.807952880859375
2026-09-08,10,TSLA,long,106.0211181640625,0.0,106.0211181640625
2026-09-08,10,TSLA,long,1.2298583984375,0.0,1.2298583984375
2026-09-08,10,TSLA,long,5.4140625,0.0,5.4140625
2026-09-08,10,TSLA,long,-2.44940185546875,0.0,-2.44940185546875
2026-09-08,10,TSLA,long,3.43035888671875,0.0,3.43035888671875
2026-09-08,10,TSLA,long,-83.25,0.0,-83.25
2026-09-08,10,TSLA,long,3.885406494140625,0.0,3.885406494140625
2026-09-08,10,TSLA,long,58.274322509765625,0.0,58.274322509765625
2026-09-08,10,TSLA,long,2.774322509765625,0.0,2.774322509765625
2026-09-08,11,TSLA,long,81.39892578125,0.0,81.39892578125
2026-09-08,11,TSLA,long,71.398193359375,0.0,71.398193359375
2026-09-08,11,TSLA,long,-2.71435546875,0.0,-2.71435546875
2026-09-08,11,TSLA,long,-90.7327880859375,0.0,-90.7327880859375
2026-09-08,11,TSLA,long,-2.6334228515625,0.0,-2.6334228515625
2026-09-08,11,TSLA,long,-15.579132080078125,0.0,-15.579132080078125
2026-09-08,11,TSLA,long,-0.5355224609375,0.0,-0.5355224609375
2026-09-08,11,TSLA,long,90.95065307617188,0.0,90.95065307617188
2026-09-08,11,TSLA,long,-6.95526123046875,0.0,-6.95526123046875
2026-09-08,11,TSLA,long,121.97830200195312,0.0,121.97830200195312
2026-09-08,11,TSLA,long,126.24942016601562,0.0,126.24942016601562
2026-09-08,11,TSLA,long,-1.0579833984375,0.0,-1.0579833984375
2026-09-08,11,TSLA,short,148.18817138671875,0.0,148.18817138671875
2026-09-08,11,TSLA,short,-2.268310546875,0.0,-2.268310546875
2026-09-08,11,TSLA,short,99.179443359375,0.0,99.179443359375
2026-09-08,11,TSLA,short,12.54180908203125,0.0,12.54180908203125
2026-09-08,11,TSLA,short,-57.570556640625,0.0,-57.570556640625
2026-09-08,11,TSLA,short,-7.4102783203125,0.0,-7.4102783203125
2026-09-08,11,TSLA,short,4.56097412109375,0.0,4.56097412109375
2026-09-08,11,TSLA,short,-5.68817138671875,0.0,-5.68817138671875
2026-09-08,11,TSLA,short,-118.0008544921875,0.0,-118.0008544921875
2026-09-08,11,TSLA,short,-2.852783203125,0.0,-2.852783203125
2026-09-08,12,TSLA,short,-64.99127197265625,0.0,-64.99127197265625
2026-09-08,12,TSLA,short,-1.127197265625,0.0,-1.127197265625
2026-09-08,12,TSLA,short,20.498291015625,0.0,20.498291015625
2026-09-08,12,TSLA,short,-3.3885498046875,0.0,-3.3885498046875
2026-09-08,12,TSLA,short,39.54034423828125,0.0,39.54034423828125
2026-09-08,12,TSLA,short,0.5655517578125,0.0,0.5655517578125
2026-09-08,12,TSLA,short,-36.171173095703125,0.0,-36.171173095703125
2026-09-08,12,TSLA,short,-0.575897216796875,0.0,-0.575897216796875
2026-09-08,12,TSLA,short,11.321380615234375,0.0,11.321380615234375
2026-09-08,12,TSLA,short,-77.29052734375,0.0,-77.29052734375
2026-09-08,12,TSLA,short,-2.228515625,0.0,-2.228515625
2026-09-08,12,TSLA,short,-1.12109375,0.0,-1.12109375
2026-09-08,12,TSLA,short,3.35986328125,0.0,3.35986328125
2026-09-08,12,TSLA,short,-27.9261474609375,0.0,-27.9261474609375
2026-09-08,12,TSLA,short,-2.042633056640625,0.0,-2.042633056640625
2026-09-08,12,TSLA,short,-41.0694580078125,0.0,-41.0694580078125
2026-09-08,12,TSLA,short,-39.961761474609375,0.0,-39.961761474609375
2026-09-08,12,TSLA,short,1.111083984375,0.0,1.111083984375
2026-09-08,12,TSLA,short,14.4305419921875,0.0,14.4305419921875
2026-09-08,12,TSLA,short,2.19879150390625,0.0,2.19879150390625
2026-09-08,12,TSLA,short,-3.29986572265625,0.0,-3.29986572265625
2026-09-08,13,TSLA,short,86.90093994140625,0.0,86.90093994140625
2026-09-08,13,TSLA,short,4.3975830078125,0.0,4.3975830078125
2026-09-08,13,TSLA,short,-62.739532470703125,0.0,-62.739532470703125
2026-09-08,13,TSLA,short,0.612060546875,0.0,0.612060546875
2026-09-08,13,TSLA,short,10.355133056640625,0.0,10.355133056640625
2026-09-08,13,TSLA,short,-2.7276611328125,0.0,-2.7276611328125
2026-09-08,13,TSLA,short,39.208465576171875,0.0,39.208465576171875
2026-09-08,13,TSLA,short,-6.5064697265625,0.0,-6.5064697265625
2026-09-08,13,TSLA,short,68.6705322265625,0.0,68.6705322265625
2026-09-08,13,TSLA,short,2.1688232421875,0.0,2.1688232421875
2026-09-08,13,TSLA,short,43.209228515625,0.0,43.209228515625
2026-09-08,13,TSLA,short,-1.0810546875,0.0,-1.0810546875
2026-09-08,13,TSLA,short,-14.0372314453125,0.0,-14.0372314453125
2026-09-08,13,TSLA,short,-0.54052734375,0.0,-0.54052734375
2026-09-08,13,TSLA,short,-32.939208984375,0.0,-32.939208984375
2026-09-08,13,TSLA,short,3.777099609375,0.0,3.777099609375
2026-09-08,13,TSLA,short,58.752685546875,0.0,58.752685546875
2026-09-08,13,TSLA,short,-2.050048828125,0.0,-2.050048828125
2026-09-08,13,TSLA,short,75.5980224609375,0.0,75.5980224609375
2026-09-08,13,TSLA,short,1.0810546875,0.0,1.0810546875
2026-09-08,13,TSLA,short,-4.3209228515625,0.0,-4.3209228515625
2026-09-08,13,TSLA,short,-0.0098876953125,0.0,-0.0098876953125
2026-09-08,13,TSLA,short,15.6719970703125,0.0,15.6719970703125
2026-09-08,14,TSLA,short,72.8887939453125,0.0,72.8887939453125
2026-09-08,14,TSLA,short,-1.8489990234375,0.0,-1.8489990234375
2026-09-08,14,TSLA,short,-41.8809814453125,0.0,-41.8809814453125
2026-09-08,14,TSLA,short,17.8505859375,0.0,17.8505859375
2026-09-08,14,TSLA,short,5.3690185546875,0.0,5.3690185546875
2026-09-08,14,TSLA,short,3.2398681640625,0.0,3.2398681640625
2026-09-08,14,TSLA,short,3.2398681640625,0.0,3.2398681640625
2026-09-08,14,TSLA,short,-48.5980224609375,0.0,-48.5980224609375
2026-09-08,14,TSLA,short,5.398681640625,0.0,5.398681640625
2026-09-08,14,TSLA,short,19.4293212890625,0.0,19.4293212890625
2026-09-08,14,TSLA,short,0.0098876953125,0.0,0.0098876953125
2026-09-08,14,TSLA,short,62.594085693359375,0.0,62.594085693359375
2026-09-08,14,TSLA,short,-3.74212646484375,0.0,-3.74212646484375
2026-09-08,14,TSLA,short,29.959869384765625,0.0,29.959869384765625
2026-09-08,14,TSLA,short,-4.280914306640625,0.0,-4.280914306640625
2026-09-08,14,TSLA,short,-55.638824462890625,0.0,-55.638824462890625
2026-09-08,14,TSLA,short,-1.071044921875,0.0,-1.071044921875
2026-09-08,14,TSLA,short,-63.867584228515625,0.0,-63.867584228515625
2026-09-08,14,TSLA,short,0.73797607421875,0.0,0.73797607421875
2026-09-08,14,TSLA,short,54.567779541015625,0.0,54.567779541015625
2026-09-08,14,TSLA,long,204.57952880859375,0.0,204.57952880859375
2026-09-08,14,TSLA,long,1.925994873046875,0.0,1.925994873046875
2026-09-08,15,TSLA,long,6.755706787109375,0.0,6.755706787109375
2026-09-08,15,TSLA,long,-4.823822021484375,0.0,-4.823822021484375
2026-09-08,15,TSLA,long,-48.25,0.0,-48.25
2026-09-08,15,TSLA,long,8.687591552734375,0.0,8.687591552734375
2026-09-08,15,TSLA,long,61.755523681640625,0.0,61.755523681640625
2026-09-08,15,TSLA,long,-6.755706787109375,0.0,-6.755706787109375
2026-09-08,15,TSLA,long,36.67047119140625,0.0,36.67047119140625
2026-09-08,15,TSLA,long,-100.3402099609375,0.0,-100.3402099609375
2026-09-08,15,TSLA,long,-0.017669677734375,0.0,-0.017669677734375
2026-09-08,15,TSLA,long,17.369293212890625,0.0,17.369293212890625
2026-09-08,15,TSLA,long,5.789764404296875,0.0,5.789764404296875
2026-09-08,15,TSLA,long,265.375,0.0,265.375
2026-09-08,15,TSLA,long,0.9659423828125,0.0,0.9659423828125
2026-09-08,15,TSLA,long,-54.039764404296875,0.0,-54.039764404296875
2026-09-08,15,TSLA,long,5.789764404296875,0.0,5.789764404296875
2026-09-08,15,TSLA,long,-23.0390625,0.0,-23.0390625
2026-09-08,15,TSLA,long,-3.837890625,0.0,-3.837890625
2026-09-08,15,TSLA,long,15.357421875,0.0,15.357421875
2026-09-08,15,TSLA,long,1.921875,0.0,1.921875
2026-09-08,15,TSLA,long,98.876953125,0.0,98.876953125
2026-09-08,15,TSLA,long,4.798828125,0.0,4.798828125
2026-09-08,15,TSLA,long,-69.1171875,0.0,-69.1171875
2026-09-08,15,TSLA,long,6.73828125,0.0,6.73828125
2026-09-09,9,TSLA,long,-30.021728515625,0.0,-30.021728515625
2026-09-09,9,TSLA,long,1.2586669921875,0.0,1.2586669921875
2026-09-09,10,TSLA,long,0.78497314453125,0.0,0.78497314453125
2026-09-09,10,TSLA,long,-0.004974365234375,0.0,-0.004974365234375
2026-09-09,10,TSLA,long,10.39984130859375,0.0,10.39984130859375
2026-09-09,10,TSLA,long,-20.78143310546875,0.0,-20.78143310546875
2026-09-09,10,TSLA,long,1.54168701171875,0.0,1.54168701171875
2026-09-09,10,TSLA,long,9.999847412109375,0.0,9.999847412109375
2026-09-09,10,TSLA,long,39.25018310546875,0.0,39.25018310546875
2026-09-09,10,TSLA,long,-1.000213623046875,0.0,-1.000213623046875
2026-09-09,10,TSLA,long,-25.41961669921875,0.0,-25.41961669921875
2026-09-09,10,TSLA,long,-1.7303466796875,0.0,-1.7303466796875
2026-09-09,10,TSLA,long,1.14288330078125,0.0,1.14288330078125
2026-09-09,10,TSLA,long,-0.11749267578125,0.0,-0.11749267578125
2026-09-09,10,TSLA,long,71.67471313476562,0.0,71.67471313476562
2026-09-09,10,TSLA,long,-0.470458984375,0.0,-0.470458984375
2026-09-09,10,TSLA,long,-3.994598388671875,0.0,-3.994598388671875
2026-09-09,10,TSLA,long,2.58465576171875,0.0,2.58465576171875
2026-09-09,11,TSLA,long,-100.359619140625,0.0,-100.359619140625
2026-09-09,11,TSLA,short,68.04052734375,0.0,68.04052734375
2026-09-09,11,TSLA,short,-1.89019775390625,0.0,-1.89019775390625
2026-09-09,11,TSLA,short,50.7601318359375,0.0,50.7601318359375
2026-09-09,11,TSLA,short,1.34967041015625,0.0,1.34967041015625
2026-09-09,11,TSLA,short,29.16046142578125,0.0,29.16046142578125
2026-09-09,11,TSLA,short,2.11102294921875,0.0,2.11102294921875
2026-09-09,11,TSLA,short,6.513397216796875,0.0,6.513397216796875
2026-09-09,11,TSLA,short,0.15850830078125,0.0,0.15850830078125
2026-09-09,11,TSLA,short,49.025970458984375,0.0,49.025970458984375
2026-09-10,9,TSLA,long,69.370361328125,0.0,69.370361328125
2026-09-10,9,TSLA,long,1.93682861328125,0.0,1.93682861328125
2026-09-10,9,TSLA,long,104.2518310546875,0.0,104.2518310546875
2026-09-10,9,TSLA,long,7.52508544921875,0.0,7.52508544921875
2026-09-10,9,TSLA,long,-6.21417236328125,0.0,-6.21417236328125
2026-09-10,9,TSLA,long,7.34527587890625,0.0,7.34527587890625
2026-09-10,10,TSLA,long,-36.26971435546875,0.0,-36.26971435546875
2026-09-10,10,TSLA,long,8.19085693359375,0.0,8.19085693359375
2026-09-10,10,TSLA,long,255.1978759765625,0.0,255.1978759765625
2026-09-10,10,TSLA,long,3.4798583984375,0.0,3.4798583984375
2026-09-10,10,TSLA,long,-137.99789428710938,0.0,-137.99789428710938
2026-09-10,10,TSLA,long,-4.600982666015625,0.0,-4.600982666015625
2026-09-10,10,TSLA,long,-149.3397216796875,0.0,-149.3397216796875
2026-09-10,10,TSLA,long,1.70819091796875,0.0,1.70819091796875
2026-09-10,10,TSLA,long,-42.9405517578125,0.0,-42.9405517578125
2026-09-10,10,TSLA,long,139.55679321289062,0.0,139.55679321289062
2026-09-10,10,TSLA,long,-44.082000732421875,0.0,-44.082000732421875
2026-09-10,10,TSLA,long,-6.203826904296875,0.0,-6.203826904296875
2026-09-10,10,TSLA,long,114.734375,0.0,114.734375
2026-09-10,10,TSLA,long,2.30712890625,0.0,2.30712890625
2026-09-10,10,TSLA,long,155.67822265625,0.0,155.67822265625
2026-09-10,10,TSLA,long,6.7197265625,0.0,6.7197265625
2026-09-10,10,TSLA,long,-15.538238525390625,0.0,-15.538238525390625
2026-09-10,10,TSLA,long,2.218780517578125,0.0,2.218780517578125
2026-09-10,10,TSLA,long,-84.361083984375,0.0,-84.361083984375
2026-09-10,10,TSLA,long,1.243194580078125,0.0,1.243194580078125
2026-09-10,10,TSLA,long,-27.63092041015625,0.0,-27.63092041015625
2026-09-10,10,TSLA,long,15.401611328125,0.0,15.401611328125
2026-09-10,11,TSLA,long,-17.04986572265625,0.0,-17.04986572265625
2026-09-10,11,TSLA,long,-0.550537109375,0.0,-0.550537109375
2026-09-10,11,TSLA,long,-234.61212158203125,0.0,-234.61212158203125
2026-09-10,11,TSLA,long,1.89605712890625,0.0,1.89605712890625
2026-09-10,11,TSLA,short,-68.4969482421875,0.0,-68.4969482421875
2026-09-10,11,TSLA,short,-54.530487060546875,0.0,-54.530487060546875
2026-09-10,11,TSLA,short,-1.327239990234375,0.0,-1.327239990234375
2026-09-10,11,TSLA,short,71.857666015625,0.0,71.857666015625
2026-09-10,11,TSLA,short,-0.036529541015625,0.0,-0.036529541015625
2026-09-10,11,TSLA,short,0.2215576171875,0.0,0.2215576171875
2026-09-10,11,TSLA,short,6.3768310546875,0.0,6.3768310546875
2026-09-10,11,TSLA,short,-46.2008056640625,0.0,-46.2008056640625
2026-09-10,11,TSLA,short,10.52197265625,0.0,10.52197265625
2026-09-10,11,TSLA,short,99.024169921875,0.0,99.024169921875
2026-09-10,11,TSLA,short,-14.5059814453125,0.0,-14.5059814453125
2026-09-10,11,TSLA,short,-70.74111938476562,0.0,-70.74111938476562
2026-09-10,11,TSLA,short,-115.93228149414062,0.0,-115.93228149414062
2026-09-10,11,TSLA,short,4.585479736328125,0.0,4.585479736328125
2026-09-10,11,TSLA,short,-11.13787841796875,0.0,-11.13787841796875
2026-09-10,11,TSLA,short,5.896759033203125,0.0,5.896759033203125
2026-09-10,11,TSLA,short,127.07015991210938,0.0,127.07015991210938
2026-09-10,12,TSLA,short,-117.79525756835938,0.0,-117.79525756835938
2026-09-10,12,TSLA,short,6.4444580078125,0.0,6.4444580078125
2026-09-10,12,TSLA,short,75.97824096679688,0.0,75.97824096679688
2026-09-10,12,TSLA,short,2.9903564453125,0.0,2.9903564453125
2026-09-10,12,TSLA,short,-39.670196533203125,0.0,-39.670196533203125
2026-09-10,12,TSLA,short,-9.166961669921875,0.0,-9.166961669921875
2026-09-10,12,TSLA,short,30.12744140625,0.0,30.12744140625
2026-09-10,12,TSLA,short,-9.166961669921875,0.0,-9.166961669921875
2026-09-10,12,TSLA,short,-8.2440185546875,0.0,-8.2440185546875
2026-09-10,12,TSLA,short,8.2281494140625,0.0,8.2281494140625
2026-09-10,12,TSLA,short,27.104644775390625,0.0,27.104644775390625
2026-09-10,12,TSLA,short,-6.452362060546875,0.0,-6.452362060546875
2026-09-10,12,TSLA,short,8.94921875,0.0,8.94921875
2026-09-10,12,TSLA,short,3.8515625,0.0,3.8515625
2026-09-10,12,TSLA,short,43.179534912109375,0.0,43.179534912109375
2026-09-10,12,TSLA,short,1.9068603515625,0.0,1.9068603515625
2026-09-10,12,TSLA,short,-83.18484497070312,0.0,-83.18484497070312
2026-09-10,12,TSLA,short,-0.6356201171875,0.0,-0.6356201171875
2026-09-10,12,TSLA,short,-47.25,0.0,-47.25
2026-09-10,12,TSLA,short,3.77984619140625,0.0,3.77984619140625
2026-09-10,12,TSLA,short,50.39923095703125,0.0,50.39923095703125
2026-09-10,12,TSLA,short,32.76123046875,0.0,32.76123046875
2026-09-10,12,TSLA,short,-1.26123046875,0.0,-1.26123046875
2026-09-10,13,TSLA,short,31.5,0.0,31.5
2026-09-10,13,TSLA,short,4.41046142578125,0.0,4.41046142578125
2026-09-10,13,TSLA,short,-45.101165771484375,0.0,-45.101165771484375
2026-09-10,13,TSLA,short,-4.8980712890625,0.0,-4.8980712890625
2026-09-10,13,TSLA,short,28.751373291015625,0.0,28.751373291015625
2026-09-10,13,TSLA,short,3.124237060546875,0.0,3.124237060546875
2026-09-10,13,TSLA,short,-10.00213623046875,0.0,-10.00213623046875
2026-09-10,13,TSLA,short,-9.998321533203125,0.0,-9.998321533203125
2026-09-10,13,TSLA,short,-6.2022705078125,0.0,-6.2022705078125
2026-09-10,13,TSLA,short,-1.4493408203125,0.0,-1.4493408203125
2026-09-10,13,TSLA,short,-32.029296875,0.0,-32.029296875
2026-09-10,13,TSLA,short,-48.3580322265625,0.0,-48.3580322265625
2026-09-10,13,TSLA,short,-3.7198486328125,0.0,-3.7198486328125
2026-09-10,13,TSLA,short,-44.897552490234375,0.0,-44.897552490234375
2026-09-10,13,TSLA,short,-4.305450439453125,0.0,-4.305450439453125
2026-09-10,13,TSLA,short,130.39471435546875,0.0,130.39471435546875
2026-09-10,13,TSLA,short,3.614776611328125,0.0,3.614776611328125
2026-09-10,13,TSLA,short,-148.9903564453125,0.0,-148.9903564453125
2026-09-10,13,TSLA,short,-0.394134521484375,0.0,-0.394134521484375
2026-09-10,13,TSLA,short,122.3843994140625,0.0,122.3843994140625
2026-09-10,13,TSLA,short,-9.838348388671875,0.0,-9.838348388671875
2026-09-10,13,TSLA,short,4.921051025390625,0.0,4.921051025390625
2026-09-10,13,TSLA,short,-1.231201171875,0.0,-1.231201171875
2026-09-10,14,TSLA,short,120.96926879882812,0.0,120.96926879882812
2026-09-10,14,TSLA,short,0.18768310546875,0.0,0.18768310546875
2026-09-10,14,TSLA,short,4.91729736328125,0.0,4.91729736328125
2026-09-10,14,TSLA,short,1.53900146484375,0.0,1.53900146484375
2026-09-10,14,TSLA,short,-13.224151611328125,0.0,-13.224151611328125
2026-09-10,14,TSLA,short,1.231201171875,0.0,1.231201171875
2026-09-10,14,TSLA,short,-12.300750732421875,0.0,-12.300750732421875
2026-09-10,14,TSLA,short,4.921051025390625,0.0,4.921051025390625
2026-09-10,14,TSLA,short,-11.069549560546875,0.0,-11.069549560546875
2026-09-10,14,TSLA,short,-29.522552490234375,0.0,-29.522552490234375
2026-09-10,14,TSLA,short,4.921051025390625,0.0,4.921051025390625
2026-09-10,14,TSLA,short,3.532196044921875,0.0,3.532196044921875
2026-09-10,14,TSLA,short,29.8641357421875,0.0,29.8641357421875
2026-09-10,14,TSLA,short,-7.2220458984375,0.0,-7.2220458984375
2026-09-10,14,TSLA,short,-47.92059326171875,0.0,-47.92059326171875
2026-09-10,14,TSLA,short,3.57421875,0.0,3.57421875
2026-09-10,14,TSLA,short,-5.963592529296875,0.0,-5.963592529296875
2026-09-10,14,TSLA,short,3.629852294921875,0.0,3.629852294921875
2026-09-10,14,TSLA,short,-3.0279541015625,0.0,-3.0279541015625
2026-09-10,14,TSLA,short,6.657806396484375,0.0,6.657806396484375
2026-09-10,14,TSLA,short,-57.000732421875,0.0,-57.000732421875
2026-09-10,14,TSLA,short,5.39794921875,0.0,5.39794921875
2026-09-10,15,TSLA,short,18.0029296875,0.0,18.0029296875
2026-09-10,15,TSLA,short,90.596923828125,0.0,90.596923828125
2026-09-10,15,TSLA,short,6.602783203125,0.0,6.602783203125
2026-09-10,15,TSLA,short,-61.8017578125,0.0,-61.8017578125
2026-09-10,15,TSLA,short,138.599853515625,0.0,138.599853515625
2026-09-10,15,TSLA,short,90.6005859375,0.0,90.6005859375
2026-09-10,15,TSLA,short,6.59912109375,0.0,6.59912109375
2026-09-10,15,TSLA,short,-15.6005859375,0.0,-15.6005859375
2026-09-10,15,TSLA,short,-8.397216796875,0.0,-8.397216796875
2026-09-10,15,TSLA,short,31.798095703125,0.0,31.798095703125
2026-09-10,15,TSLA,short,-1.798095703125,0.0,-1.798095703125
2026-09-10,15,TSLA,short,-52.80029296875,0.0,-52.80029296875
2026-09-10,15,TSLA,short,100.799560546875,0.0,100.799560546875
2026-09-10,15,TSLA,short,-1.8017578125,0.0,-1.8017578125
2026-09-10,15,TSLA,short,-31.197509765625,0.0,-31.197509765625
2026-09-10,15,TSLA,short,-1.8017578125,0.0,-1.8017578125
2026-09-10,15,TSLA,short,12.01171875,0.0,12.01171875
2026-09-10,15,TSLA,short,1.190185546875,0.0,1.190185546875
2026-09-10,15,TSLA,short,67.19970703125,0.0,67.19970703125
2026-09-10,15,TSLA,short,3.599853515625,0.0,3.599853515625
2026-09-11,9,TSLA,long,4.0306396484375,0.0,4.0306396484375
2026-09-11,9,TSLA,long,38.28021240234375,0.0,38.28021240234375
2026-09-11,9,TSLA,long,-217.58251953125,0.0,-217.58251953125
2026-09-11,10,TSLA,long,293.69073486328125,0.0,293.69073486328125
2026-09-11,10,TSLA,long,-7.73968505859375,0.0,-7.73968505859375
2026-09-11,10,TSLA,long,-140.18829345703125,0.0,-140.18829345703125
2026-09-11,10,TSLA,long,21.07745361328125,0.0,21.07745361328125
2026-09-11,10,TSLA,long,0.86083984375,0.0,0.86083984375
2026-09-11,10,TSLA,long,-157.67593383789062,0.0,-157.67593383789062
2026-09-11,10,TSLA,long,-6.79107666015625,0.0,-6.79107666015625
2026-09-11,10,TSLA,long,-12.765045166015625,0.0,-12.765045166015625
2026-09-11,10,TSLA,long,-4.2437744140625,0.0,-4.2437744140625
2026-09-11,10,TSLA,long,-208.18930053710938,0.0,-208.18930053710938
2026-09-11,10,TSLA,long,0.0233154296875,0.0,0.0233154296875
2026-09-11,10,TSLA,long,520.4528503417969,0.0,520.4528503417969
2026-09-11,10,TSLA,long,-146.11196899414062,0.0,-146.11196899414062
2026-09-11,10,TSLA,long,-20.78570556640625,0.0,-20.78570556640625
2026-09-11,10,TSLA,long,-269.53802490234375,0.0,-269.53802490234375
2026-09-11,10,TSLA,long,-3.817901611328125,0.0,-3.817901611328125
2026-09-11,10,TSLA,long,123.49884033203125,0.0,123.49884033203125
2026-09-11,10,TSLA,long,0.950927734375,0.0,0.950927734375
2026-09-11,10,TSLA,long,267.4366149902344,0.0,267.4366149902344
2026-09-11,10,TSLA,long,1.886077880859375,0.0,1.886077880859375
2026-09-11,10,TSLA,long,-232.46630859375,0.0,-232.46630859375
2026-09-11,11,TSLA,long,-13.23138427734375,0.0,-13.23138427734375
2026-09-11,11,TSLA,long,-20.792999267578125,0.0,-20.792999267578125
2026-09-11,11,TSLA,long,71.44091796875,0.0,71.44091796875
2026-09-11,11,TSLA,long,0.94091796875,0.0,0.94091796875
2026-09-11,11,TSLA,long,109.043212890625,0.0,109.043212890625
2026-09-11,11,TSLA,long,6.574951171875,0.0,6.574951171875
2026-09-11,11,TSLA,long,-11.31396484375,0.0,-11.31396484375
2026-09-11,11,TSLA,long,-2.650634765625,0.0,-2.650634765625
2026-09-11,11,TSLA,long,260.244140625,0.0,260.244140625
2026-09-11,11,TSLA,long,3.763671875,0.0,3.763671875
2026-09-11,11,TSLA,long,-310.4206848144531,0.0,-310.4206848144531
2026-09-11,11,TSLA,long,159.957275390625,0.0,159.957275390625
2026-09-11,11,TSLA,long,-18.595458984375,0.0,-18.595458984375
2026-09-11,11,TSLA,long,-70.09765625,0.0,-70.09765625
2026-09-11,11,TSLA,long,18.297882080078125,0.0,18.297882080078125
2026-09-11,11,TSLA,long,-23.051605224609375,0.0,-23.051605224609375
2026-09-11,11,TSLA,long,1.77276611328125,0.0,1.77276611328125
2026-09-11,11,TSLA,long,-61.973419189453125,0.0,-61.973419189453125
2026-09-11,11,TSLA,long,-9.24774169921875,0.0,-9.24774169921875
2026-09-11,11,TSLA,long,-198.72314453125,0.0,-198.72314453125
2026-09-11,11,TSLA,long,135.418212890625,0.0,135.418212890625
2026-09-11,11,TSLA,long,1.831787109375,0.0,1.831787109375
2026-09-11,12,TSLA,long,10.97955322265625,0.0,10.97955322265625
2026-09-11,12,TSLA,long,215.96099853515625,0.0,215.96099853515625
2026-09-11,12,TSLA,long,-141.06475830078125,0.0,-141.06475830078125
2026-09-11,12,TSLA,long,3.098297119140625,0.0,3.098297119140625
2026-09-11,12,TSLA,long,-61.999053955078125,0.0,-61.999053955078125
2026-09-11,12,TSLA,long,1.546783447265625,0.0,1.546783447265625
2026-09-11,12,TSLA,long,-46.49810791015625,0.0,-46.49810791015625
2026-09-11,12,TSLA,long,3.874053955078125,0.0,3.874053955078125
2026-09-11,12,TSLA,long,-70.06793212890625,0.0,-70.06793212890625
2026-09-11,12,TSLA,long,-0.770751953125,0.0,-0.770751953125
2026-09-11,12,TSLA,long,110.10943603515625,0.0,110.10943603515625
2026-09-11,12,TSLA,long,-4.54461669921875,0.0,-4.54461669921875
2026-09-11,12,TSLA,long,99.024169921875,0.0,99.024169921875
2026-09-11,12,TSLA,long,11.061309814453125,0.0,11.061309814453125
2026-09-11,12,TSLA,long,-142.486083984375,0.0,-142.486083984375
2026-09-11,12,TSLA,long,8.725341796875,0.0,8.725341796875
2026-09-11,12,TSLA,long,76.2557373046875,0.0,76.2557373046875
2026-09-11,12,TSLA,long,0.7557373046875,0.0,0.7557373046875
2026-09-11,12,TSLA,long,-21.002197265625,0.0,-21.002197265625
2026-09-11,12,TSLA,long,-3.1494140625,0.0,-3.1494140625
2026-09-11,12,TSLA,long,55.26568603515625,0.0,55.26568603515625
2026-09-11,12,TSLA,long,-5.201904296875,0.0,-5.201904296875
2026-09-11,13,TSLA,long,-108.77783203125,0.0,-108.77783203125
2026-09-11,13,TSLA,long,2.9583740234375,0.0,2.9583740234375
2026-09-11,13,TSLA,long,-17.6392822265625,0.0,-17.6392822265625
2026-09-11,13,TSLA,long,3.674102783203125,0.0,3.674102783203125
2026-09-11,13,TSLA,long,78.11053466796875,0.0,78.11053466796875
2026-09-11,13,TSLA,long,12.323760986328125,0.0,12.323760986328125
2026-09-11,13,TSLA,long,1.451416015625,0.0,1.451416015625
2026-09-11,13,TSLA,long,24.651947021484375,0.0,24.651947021484375
2026-09-11,13,TSLA,long,-38.162109375,0.0,-38.162109375
2026-09-11,13,TSLA,long,8.6396484375,0.0,8.6396484375
2026-09-11,13,TSLA,long,87.84228515625,0.0,87.84228515625
2026-09-11,13,TSLA,long,7.1982421875,0.0,7.1982421875
2026-09-11,13,TSLA,long,15.837890625,0.0,15.837890625
2026-09-11,13,TSLA,long,8.64404296875,0.0,8.64404296875
2026-09-11,13,TSLA,long,-11.5224609375,0.0,-11.5224609375
2026-09-11,13,TSLA,long,-3.59912109375,0.0,-3.59912109375
2026-09-11,13,TSLA,long,-99.38604736328125,0.0,-99.38604736328125
2026-09-11,13,TSLA,long,10.01104736328125,0.0,10.01104736328125
2026-09-11,13,TSLA,long,-0.7156982421875,0.0,-0.7156982421875
2026-09-11,13,TSLA,long,-57.199127197265625,0.0,-57.199127197265625
2026-09-11,13,TSLA,long,-5.005523681640625,0.0,-5.005523681640625
2026-09-11,14,TSLA,long,17.039306640625,0.0,17.039306640625
2026-09-11,14,TSLA,long,-8.5196533203125,0.0,-8.5196533203125
2026-09-11,14,TSLA,long,1.42138671875,0.0,1.42138671875
2026-09-11,14,TSLA,long,-26.2696533203125,0.0,-26.2696533203125
2026-09-11,14,TSLA,long,3.54913330078125,0.0,3.54913330078125
2026-09-11,14,TSLA,long,62.04034423828125,0.0,62.04034423828125
2026-09-11,14,TSLA,long,-2.990570068359375,0.0,-2.990570068359375
2026-09-11,14,TSLA,long,22.567138671875,0.0,22.567138671875
2026-09-11,14,TSLA,long,4.1998291015625,0.0,4.1998291015625
2026-09-11,14,TSLA,long,-78.53533935546875,0.0,-78.53533935546875
2026-09-11,14,TSLA,long,-4.86126708984375,0.0,-4.86126708984375
2026-09-11,14,TSLA,long,12.43212890625,0.0,12.43212890625
2026-09-11,14,TSLA,long,7.57635498046875,0.0,7.57635498046875
2026-09-11,14,TSLA,long,-34.25,0.0,-34.25
2026-09-11,14,TSLA,long,-2.0570068359375,0.0,-2.0570068359375
2026-09-11,14,TSLA,long,5.441162109375,0.0,5.441162109375
2026-09-11,14,TSLA,long,-4.079833984375,0.0,-4.079833984375
2026-09-11,14,TSLA,long,-21.600494384765625,0.0,-21.600494384765625
2026-09-11,14,TSLA,long,-2.022857666015625,0.0,-2.022857666015625
2026-09-11,14,TSLA,long,-41.56829833984375,0.0,-41.56829833984375
2026-09-11,14,TSLA,long,-1.98333740234375,0.0,-1.98333740234375
2026-09-11,14,TSLA,long,17.2906494140625,0.0,17.2906494140625
2026-09-11,15,TSLA,long,103.6204833984375,0.0,103.6204833984375
2026-09-11,15,TSLA,long,-1.3212890625,0.0,-1.3212890625
2026-09-11,15,TSLA,long,-30.131439208984375,0.0,-30.131439208984375
2026-09-11,15,TSLA,long,-76.63388061523438,0.0,-76.63388061523438
2026-09-11,15,TSLA,long,-4.585479736328125,0.0,-4.585479736328125
2026-09-11,15,TSLA,long,86.45111083984375,0.0,86.45111083984375
2026-09-11,15,TSLA,long,2.59857177734375,0.0,2.59857177734375
2026-09-11,15,TSLA,long,-24.51031494140625,0.0,-24.51031494140625
2026-09-11,15,TSLA,long,-4.51153564453125,0.0,-4.51153564453125
2026-09-11,15,TSLA,long,-47.733306884765625,0.0,-47.733306884765625
2026-09-11,15,TSLA,long,-9.672637939453125,0.0,-9.672637939453125
2026-09-11,15,TSLA,long,-34.7537841796875,0.0,-34.7537841796875
2026-09-11,15,TSLA,long,-0.011810302734375,0.0,-0.011810302734375
2026-09-11,15,TSLA,long,121.53515625,0.0,121.53515625
2026-09-11,15,TSLA,long,3.83984375,0.0,3.83984375
2026-09-11,15,TSLA,long,-1.28125,0.0,-1.28125
2026-09-11,15,TSLA,long,126.72265625,0.0,126.72265625
2026-09-11,15,TSLA,long,-1.41015625,0.0,-1.41015625
2026-09-11,15,TSLA,long,-4.95318603515625,0.0,-4.95318603515625
2026-09-11,15,TSLA,long,-40.00531005859375,0.0,-40.00531005859375
2026-09-11,15,TSLA,long,-4.44158935546875,0.0,-4.44158935546875
2026-08-31,9,MSTR,long,30.250167846679688,0.0,30.250167846679688
2026-08-31,9,MSTR,long,-35.74714660644531,0.0,-35.74714660644531
2026-08-31,9,MSTR,long,-305.2501678466797,0.0,-305.2501678466797
2026-08-31,9,MSTR,long,2.7484893798828125,0.0,2.7484893798828125
2026-08-31,9,MSTR,long,167.69561767578125,0.0,167.69561767578125
2026-08-31,9,MSTR,long,5.55572509765625,0.0,5.55572509765625
2026-08-31,9,MSTR,long,-126.50184631347656,0.0,-126.50184631347656
2026-08-31,9,MSTR,long,-5.496978759765625,0.0,-5.496978759765625
2026-08-31,10,MSTR,long,161.95399475097656,0.0,161.95399475097656
2026-08-31,10,MSTR,long,19.21282196044922,0.0,19.21282196044922
2026-08-31,10,MSTR,long,-89.9161376953125,0.0,-89.9161376953125
2026-08-31,10,MSTR,long,-6.608207702636719,0.0,-6.608207702636719
2026-08-31,10,MSTR,long,-38.608428955078125,0.0,-38.608428955078125
2026-08-31,10,MSTR,long,-19.30748748779297,0.0,-19.30748748779297
2026-08-31,10,MSTR,long,-169.05856323242188,0.0,-169.05856323242188
2026-08-31,10,MSTR,long,14.978302001953125,0.0,14.978302001953125
2026-08-31,10,MSTR,long,204.96143341064453,0.0,204.96143341064453
2026-08-31,10,MSTR,long,-59.77973937988281,0.0,-59.77973937988281
2026-08-31,10,MSTR,long,-352.86954498291016,0.0,-352.86954498291016
2026-08-31,10,MSTR,long,-24.851516723632812,0.0,-24.851516723632812
2026-08-31,10,MSTR,long,372.7454833984375,0.0,372.7454833984375
2026-08-31,10,MSTR,long,4.215576171875,0.0,4.215576171875
2026-08-31,10,MSTR,long,-29.7587890625,0.0,-29.7587890625
2026-08-31,10,MSTR,long,39.6771240234375,0.0,39.6771240234375
2026-08-31,10,MSTR,long,366.30271911621094,0.0,366.30271911621094
2026-08-31,10,MSTR,long,14.849395751953125,0.0,14.849395751953125
2026-08-31,10,MSTR,long,616.2763595581055,0.0,616.2763595581055
2026-08-31,10,MSTR,long,17.319259643554688,0.0,17.319259643554688
2026-08-31,10,MSTR,long,-217.7936553955078,0.0,-217.7936553955078
2026-08-31,10,MSTR,long,14.849395751953125,0.0,14.849395751953125
2026-08-31,10,MSTR,long,7.52288818359375,0.0,7.52288818359375
2026-08-31,10,MSTR,long,-19.902420043945312,0.0,-19.902420043945312
2026-08-31,11,MSTR,long,129.49313354492188,0.0,129.49313354492188
2026-08-31,11,MSTR,long,14.170974731445312,0.0,14.170974731445312
2026-08-31,11,MSTR,long,82.55131530761719,0.0,82.55131530761719
2026-08-31,11,MSTR,long,0.2452239990234375,0.0,0.2452239990234375
2026-08-31,11,MSTR,long,301.9376220703125,0.0,301.9376220703125
2026-08-31,11,MSTR,long,-19.484161376953125,0.0,-19.484161376953125
2026-08-31,11,MSTR,long,-164.8767852783203,0.0,-164.8767852783203
2026-08-31,11,MSTR,long,2.2887420654296875,0.0,2.2887420654296875
2026-08-31,11,MSTR,long,-32.05986022949219,0.0,-32.05986022949219
2026-08-31,11,MSTR,long,2.2887420654296875,0.0,2.2887420654296875
2026-08-31,11,MSTR,long,65.26583862304688,0.0,65.26583862304688
2026-08-31,11,MSTR,long,19.466537475585938,0.0,19.466537475585938
2026-08-31,11,MSTR,long,129.95819091796875,0.0,129.95819091796875
2026-08-31,11,MSTR,long,-13.679443359375,0.0,-13.679443359375
2026-08-31,11,MSTR,long,95.33958435058594,0.0,95.33958435058594
2026-08-31,11,MSTR,long,11.350692749023438,0.0,11.350692749023438
2026-08-31,11,MSTR,long,-106.22027587890625,0.0,-106.22027587890625
2026-08-31,11,MSTR,long,9.038482666015625,0.0,9.038482666015625
2026-08-31,11,MSTR,long,130.5004119873047,0.0,130.5004119873047
2026-08-31,11,MSTR,long,-2.2487640380859375,0.0,-2.2487640380859375
2026-08-31,11,MSTR,long,-21.2802734375,0.0,-21.2802734375
2026-08-31,11,MSTR,long,-7.8408203125,0.0,-7.8408203125
2026-08-31,11,MSTR,long,17.840408325195312,0.0,17.840408325195312
2026-08-31,11,MSTR,long,2.2287750244140625,0.0,2.2287750244140625
2026-08-31,12,MSTR,long,-14.427154541015625,0.0,-14.427154541015625
2026-08-31,12,MSTR,long,5.54864501953125,0.0,5.54864501953125
2026-08-31,12,MSTR,long,-31.079864501953125,0.0,-31.079864501953125
2026-08-31,12,MSTR,long,6.65972900390625,0.0,6.65972900390625
2026-08-31,12,MSTR,long,8.838516235351562,0.0,8.838516235351562
2026-08-31,12,MSTR,long,5.5270233154296875,0.0,5.5270233154296875
2026-08-31,12,MSTR,long,128.6981201171875,0.0,128.6981201171875
2026-08-31,12,MSTR,long,19.80255126953125,0.0,19.80255126953125
2026-08-31,12,MSTR,long,-28.4710693359375,0.0,-28.4710693359375
2026-08-31,12,MSTR,long,-8.758529663085938,0.0,-8.758529663085938
2026-08-31,12,MSTR,long,-6.543060302734375,0.0,-6.543060302734375
2026-08-31,12,MSTR,long,-1.087738037109375,0.0,-1.087738037109375
2026-08-31,12,MSTR,long,7.63079833984375,0.0,7.63079833984375
2026-08-31,12,MSTR,long,-13.022781372070312,0.0,-13.022781372070312
2026-08-31,12,MSTR,long,4.3409271240234375,0.0,4.3409271240234375
2026-08-31,12,MSTR,long,-62.6385498046875,0.0,-62.6385498046875
2026-08-31,12,MSTR,long,17.2803955078125,0.0,17.2803955078125
2026-08-31,12,MSTR,long,106.70280456542969,0.0,106.70280456542969
2026-08-31,12,MSTR,long,-4.57977294921875,0.0,-4.57977294921875
2026-08-31,12,MSTR,long,16.049346923828125,0.0,16.049346923828125
2026-08-31,12,MSTR,long,8.26141357421875,0.0,8.26141357421875
2026-08-31,12,MSTR,long,-29.520858764648438,0.0,-29.520858764648438
2026-08-31,12,MSTR,long,2.1288299560546875,0.0,2.1288299560546875
2026-08-31,13,MSTR,long,-127.2012939453125,0.0,-127.2012939453125
2026-08-31,13,MSTR,long,7.4207763671875,0.0,7.4207763671875
2026-08-31,13,MSTR,long,60.135772705078125,0.0,60.135772705078125
2026-08-31,13,MSTR,long,20.045257568359375,0.0,20.045257568359375
2026-08-31,13,MSTR,long,60.83770751953125,0.0,60.83770751953125
2026-08-31,13,MSTR,long,5.31280517578125,0.0,5.31280517578125
2026-08-31,13,MSTR,long,88.82563781738281,0.0,88.82563781738281
2026-08-31,13,MSTR,long,-3.1348724365234375,0.0,-3.1348724365234375
2026-08-31,13,MSTR,long,20.798095703125,0.0,20.798095703125
2026-08-31,13,MSTR,long,-10.400634765625,0.0,-10.400634765625
2026-08-31,13,MSTR,long,-44.81378173828125,0.0,-44.81378173828125
2026-08-31,13,MSTR,long,0.309539794921875,0.0,0.309539794921875
2026-08-31,13,MSTR,long,-67.98037719726562,0.0,-67.98037719726562
2026-08-31,13,MSTR,long,-1.027862548828125,0.0,-1.027862548828125
2026-08-31,13,MSTR,long,4.097747802734375,0.0,4.097747802734375
2026-08-31,13,MSTR,long,19.024810791015625,0.0,19.024810791015625
2026-08-31,13,MSTR,long,48.36968994140625,0.0,48.36968994140625
2026-08-31,13,MSTR,long,-10.18194580078125,0.0,-10.18194580078125
2026-08-31,13,MSTR,long,36.54161071777344,0.0,36.54161071777344
2026-08-31,13,MSTR,long,-30.301849365234375,0.0,-30.301849365234375
2026-08-31,13,MSTR,long,4.040863037109375,0.0,4.040863037109375
2026-08-31,13,MSTR,long,119.59524536132812,0.0,119.59524536132812
2026-08-31,13,MSTR,long,5.023773193359375,0.0,5.023773193359375
2026-08-31,14,MSTR,long,-10.0189208984375,0.0,-10.0189208984375
2026-08-31,14,MSTR,long,-16.97998046875,0.0,-16.97998046875
2026-08-31,14,MSTR,long,29.848785400390625,0.0,29.848785400390625
2026-08-31,14,MSTR,long,-6.9626922607421875,0.0,-6.9626922607421875
2026-08-31,14,MSTR,long,11.8795166015625,0.0,11.8795166015625
2026-08-31,14,MSTR,long,-1.978912353515625,0.0,-1.978912353515625
2026-08-31,14,MSTR,long,21.6671142578125,0.0,21.6671142578125
2026-08-31,14,MSTR,long,3.9408416748046875,0.0,3.9408416748046875
2026-08-31,14,MSTR,long,-7.83868408203125,0.0,-7.83868408203125
2026-08-31,14,MSTR,long,0.97796630859375,0.0,0.97796630859375
2026-08-31,14,MSTR,long,-86.77345275878906,0.0,-86.77345275878906
2026-08-31,14,MSTR,long,-10.726547241210938,0.0,-10.726547241210938
2026-08-31,14,MSTR,long,-16.48834228515625,0.0,-16.48834228515625
2026-08-31,14,MSTR,long,-3.880828857421875,0.0,-3.880828857421875
2026-08-31,14,MSTR,long,-81.05964660644531,0.0,-81.05964660644531
2026-08-31,14,MSTR,long,3.8608245849609375,0.0,3.8608245849609375
2026-08-31,14,MSTR,long,101.77734375,0.0,101.77734375
2026-08-31,14,MSTR,long,-1.939453125,0.0,-1.939453125
2026-08-31,14,MSTR,long,171.90174865722656,0.0,171.90174865722656
2026-08-31,14,MSTR,long,3.8004150390625,0.0,3.8004150390625
2026-08-31,14,MSTR,long,9.517974853515625,0.0,9.517974853515625
2026-08-31,14,MSTR,long,3.800811767578125,0.0,3.800811767578125
2026-08-31,14,MSTR,long,-26.459884643554688,0.0,-26.459884643554688
2026-08-31,14,MSTR,long,-7.9365234375,0.0,-7.9365234375
2026-08-31,15,MSTR,long,66.52606201171875,0.0,66.52606201171875
2026-08-31,15,MSTR,long,3.7808074951171875,0.0,3.7808074951171875
2026-08-31,15,MSTR,long,60.15850830078125,0.0,60.15850830078125
2026-08-31,15,MSTR,long,-1.87896728515625,0.0,-1.87896728515625
2026-08-31,15,MSTR,long,91.63102722167969,0.0,91.63102722167969
2026-08-31,15,MSTR,long,1.8689727783203125,0.0,1.8689727783203125
2026-08-31,15,MSTR,long,-27.89886474609375,0.0,-27.89886474609375
2026-08-31,15,MSTR,long,1.858978271484375,0.0,1.858978271484375
2026-08-31,15,MSTR,long,-96.72079467773438,0.0,-96.72079467773438
2026-08-31,15,MSTR,long,-3.71795654296875,0.0,-3.71795654296875
2026-08-31,15,MSTR,long,18.498306274414062,0.0,18.498306274414062
2026-08-31,15,MSTR,long,-14.800338745117188,0.0,-14.800338745117188
2026-08-31,15,MSTR,long,31.2796630859375,0.0,31.2796630859375
2026-08-31,15,MSTR,long,3.6807861328125,0.0,3.6807861328125
2026-08-31,15,MSTR,long,-11.03955078125,0.0,-11.03955078125
2026-08-31,15,MSTR,long,11.03955078125,0.0,11.03955078125
2026-08-31,15,MSTR,long,-16.559326171875,0.0,-16.559326171875
2026-08-31,15,MSTR,long,-0.9742431640625,0.0,-0.9742431640625
2026-08-31,15,MSTR,long,-46.86474609375,0.0,-46.86474609375
2026-08-31,15,MSTR,long,115.9180908203125,0.0,115.9180908203125
2026-08-31,15,MSTR,long,-2.7598876953125,0.0,-2.7598876953125
2026-08-31,15,MSTR,long,-36.7994384765625,0.0,-36.7994384765625
2026-09-01,9,MSTR,long,-654.4766998291016,0.0,-654.4766998291016
2026-09-01,9,MSTR,long,36.15111541748047,0.0,36.15111541748047
2026-09-01,9,MSTR,long,1199.1085662841797,0.0,1199.1085662841797
2026-09-01,9,MSTR,long,64.28807067871094,0.0,64.28807067871094
2026-09-01,9,MSTR,long,733.9155883789062,0.0,733.9155883789062
2026-09-01,9,MSTR,long,-22.23626708984375,0.0,-22.23626708984375
2026-09-01,9,MSTR,long,-207.75,0.0,-207.75
2026-09-01,9,MSTR,long,-30.474395751953125,0.0,-30.474395751953125
2026-09-01,10,MSTR,long,44.24101257324219,0.0,44.24101257324219
2026-09-01,10,MSTR,long,38.71405029296875,0.0,38.71405029296875
2026-09-01,10,MSTR,long,470.04493713378906,0.0,470.04493713378906
2026-09-01,10,MSTR,long,210.20176696777344,0.0,210.20176696777344
2026-09-01,10,MSTR,long,22.065658569335938,0.0,22.065658569335938
2026-09-01,10,MSTR,long,-203.0328369140625,0.0,-203.0328369140625
2026-09-01,10,MSTR,long,9.8294677734375,0.0,9.8294677734375
2026-09-01,10,MSTR,long,52.345672607421875,0.0,52.345672607421875
2026-09-01,10,MSTR,long,-24.793991088867188,0.0,-24.793991088867188
2026-09-01,10,MSTR,long,-90.75469970703125,0.0,-90.75469970703125
2026-09-01,10,MSTR,long,51.923370361328125,0.0,51.923370361328125
2026-09-01,10,MSTR,long,-323.58128356933594,0.0,-323.58128356933594
2026-09-01,10,MSTR,long,216.05966186523438,0.0,216.05966186523438
2026-09-01,10,MSTR,long,38.724884033203125,0.0,38.724884033203125
2026-09-01,10,MSTR,long,-138.19093322753906,0.0,-138.19093322753906
2026-09-01,10,MSTR,long,-16.597763061523438,0.0,-16.597763061523438
2026-09-01,10,MSTR,long,281.4374542236328,0.0,281.4374542236328
2026-09-01,10,MSTR,long,21.236434936523438,0.0,21.236434936523438
2026-09-01,10,MSTR,long,-175.6802978515625,0.0,-175.6802978515625
2026-09-01,10,MSTR,long,-185.29345703125,0.0,-185.29345703125
2026-09-01,10,MSTR,long,-0.14892578125,0.0,-0.14892578125
2026-09-01,11,MSTR,long,-195.197021484375,0.0,-195.197021484375
2026-09-01,11,MSTR,long,4.8773193359375,0.0,4.8773193359375
2026-09-01,11,MSTR,long,-246.53546142578125,0.0,-246.53546142578125
2026-09-01,11,MSTR,long,-2.34185791015625,0.0,-2.34185791015625
2026-09-01,11,MSTR,long,-58.56134033203125,0.0,-58.56134033203125
2026-09-01,11,MSTR,long,-4.88104248046875,0.0,-4.88104248046875
2026-09-01,11,MSTR,long,-180.17742919921875,0.0,-180.17742919921875
2026-09-01,11,MSTR,long,-11.700714111328125,0.0,-11.700714111328125
2026-09-01,11,MSTR,long,187.20071411132812,0.0,187.20071411132812
2026-09-01,11,MSTR,long,7.01971435546875,0.0,7.01971435546875
2026-09-01,11,MSTR,long,81.72286224365234,0.0,81.72286224365234
2026-09-01,11,MSTR,long,18.68042755126953,0.0,18.68042755126953
2026-09-01,11,MSTR,long,-14.009429931640625,0.0,-14.009429931640625
2026-09-01,11,MSTR,long,-9.338432312011719,0.0,-9.338432312011719
2026-09-01,11,MSTR,long,-32.689857482910156,0.0,-32.689857482910156
2026-09-01,11,MSTR,long,-18.68042755126953,0.0,-18.68042755126953
2026-09-01,11,MSTR,long,79.38914489746094,0.0,79.38914489746094
2026-09-01,11,MSTR,long,25.685142517089844,0.0,25.685142517089844
2026-09-01,11,MSTR,long,221.82785034179688,0.0,221.82785034179688
2026-09-01,11,MSTR,long,-65.37971496582031,0.0,-65.37971496582031
2026-09-01,11,MSTR,long,-79.39627075195312,0.0,-79.39627075195312
2026-09-01,11,MSTR,long,21.904876708984375,0.0,21.904876708984375
2026-09-01,11,MSTR,long,-56.92845153808594,0.0,-56.92845153808594
2026-09-01,11,MSTR,long,25.688705444335938,0.0,25.688705444335938
2026-09-01,12,MSTR,long,-104.85284423828125,0.0,-104.85284423828125
2026-09-01,12,MSTR,long,-11.181411743164062,0.0,-11.181411743164062
2026-09-01,12,MSTR,long,-112.30830383300781,0.0,-112.30830383300781
2026-09-01,12,MSTR,long,18.640426635742188,0.0,18.640426635742188
2026-09-01,12,MSTR,long,-116.5,0.0,-116.5
2026-09-01,12,MSTR,long,-9.318435668945312,0.0,-9.318435668945312
2026-09-01,12,MSTR,long,-284.2602844238281,0.0,-284.2602844238281
2026-09-01,12,MSTR,long,-9.321990966796875,0.0,-9.321990966796875
2026-09-01,12,MSTR,long,-102.52056884765625,0.0,-102.52056884765625
2026-09-01,12,MSTR,long,-174.75,0.0,-174.75
2026-09-01,12,MSTR,long,6.989715576171875,0.0,6.989715576171875
2026-09-01,12,MSTR,long,260.4024124145508,0.0,260.4024124145508
2026-09-01,12,MSTR,long,-181.30359649658203,0.0,-181.30359649658203
2026-09-01,12,MSTR,long,32.50373840332031,0.0,32.50373840332031
2026-09-01,12,MSTR,long,106.718017578125,0.0,106.718017578125
2026-09-01,12,MSTR,long,9.281982421875,0.0,9.281982421875
2026-09-01,12,MSTR,long,-224.9942626953125,0.0,-224.9942626953125
2026-09-01,12,MSTR,long,-2.3682861328125,0.0,-2.3682861328125
2026-09-01,12,MSTR,long,64.9632568359375,0.0,64.9632568359375
2026-09-01,12,MSTR,long,-9.281982421875,0.0,-9.281982421875
2026-09-01,12,MSTR,long,51.040283203125,0.0,51.040283203125
2026-09-01,12,MSTR,long,18.5604248046875,0.0,18.5604248046875
2026-09-01,13,MSTR,long,-41.7618408203125,0.0,-41.7618408203125
2026-09-01,13,MSTR,long,6.9632568359375,0.0,6.9632568359375
2026-09-01,13,MSTR,long,4.637451171875,0.0,4.637451171875
2026-09-01,13,MSTR,long,-16.0540771484375,0.0,-16.0540771484375
2026-09-01,13,MSTR,long,32.226173400878906,0.0,32.226173400878906
2026-09-01,13,MSTR,long,-9.261978149414062,0.0,-9.261978149414062
2026-09-01,13,MSTR,long,-87.77760314941406,0.0,-87.77760314941406
2026-09-01,13,MSTR,long,-18.480422973632812,0.0,-18.480422973632812
2026-09-01,13,MSTR,long,-32.33985900878906,0.0,-32.33985900878906
2026-09-01,13,MSTR,long,12.70330810546875,0.0,12.70330810546875
2026-09-01,13,MSTR,long,-55.994659423828125,0.0,-55.994659423828125
2026-09-01,13,MSTR,long,-12.149917602539062,0.0,-12.149917602539062
2026-09-01,13,MSTR,long,13.85943603515625,0.0,13.85943603515625
2026-09-01,13,MSTR,long,-11.550704956054688,0.0,-11.550704956054688
2026-09-01,13,MSTR,long,219.45281982421875,0.0,219.45281982421875
2026-09-01,13,MSTR,long,-13.862960815429688,0.0,-13.862960815429688
2026-09-01,13,MSTR,long,-175.55873107910156,0.0,-175.55873107910156
2026-09-01,13,MSTR,long,-13.85943603515625,0.0,-13.85943603515625
2026-09-01,13,MSTR,long,76.23042297363281,0.0,76.23042297363281
2026-09-01,13,MSTR,long,6.929718017578125,0.0,6.929718017578125
2026-09-01,13,MSTR,long,-198.66014099121094,0.0,-198.66014099121094
2026-09-01,13,MSTR,long,16.168167114257812,0.0,16.168167114257812
2026-09-01,13,MSTR,long,-99.32830810546875,0.0,-99.32830810546875
2026-09-01,13,MSTR,long,-4.6209869384765625,0.0,-4.6209869384765625
2026-09-01,14,MSTR,long,-180.17971801757812,0.0,-180.17971801757812
2026-09-01,14,MSTR,long,-13.85943603515625,0.0,-13.85943603515625
2026-09-01,14,MSTR,long,92.39859008789062,0.0,92.39859008789062
2026-09-01,14,MSTR,long,-6.929718017578125,0.0,-6.929718017578125
2026-09-01,14,MSTR,long,-16.168167114257812,0.0,-16.168167114257812
2026-09-01,14,MSTR,long,9.238449096679688,0.0,9.238449096679688
2026-09-01,14,MSTR,long,-60.05873107910156,0.0,-60.05873107910156
2026-09-01,14,MSTR,long,-13.85943603515625,0.0,-13.85943603515625
2026-09-01,14,MSTR,long,-101.77803039550781,0.0,-101.77803039550781
2026-09-01,14,MSTR,long,13.996902465820312,0.0,13.996902465820312
2026-09-01,14,MSTR,long,32.33985900878906,0.0,32.33985900878906
2026-09-01,14,MSTR,long,-30.0311279296875,0.0,-30.0311279296875
2026-09-01,14,MSTR,long,4.6209869384765625,0.0,4.6209869384765625
2026-09-01,14,MSTR,long,2.312255859375,0.0,2.312255859375
2026-09-01,14,MSTR,long,-46.20281982421875,0.0,-46.20281982421875
2026-09-01,14,MSTR,long,-6.929718017578125,0.0,-6.929718017578125
2026-09-01,14,MSTR,long,-183.4119415283203,0.0,-183.4119415283203
2026-09-01,14,MSTR,long,5.5444793701171875,0.0,5.5444793701171875
2026-09-01,14,MSTR,long,-189.42169189453125,0.0,-189.42169189453125
2026-09-01,14,MSTR,long,-4.6209869384765625,0.0,-4.6209869384765625
2026-09-01,14,MSTR,long,230.5,0.0,230.5
2026-09-01,14,MSTR,long,14.293701171875,0.0,14.293701171875
2026-09-01,14,MSTR,long,204.68059539794922,0.0,204.68059539794922
2026-09-01,14,MSTR,long,-2.3037338256835938,0.0,-2.3037338256835938
2026-09-01,15,MSTR,long,230.5,0.0,230.5
2026-09-01,15,MSTR,long,-13.829437255859375,0.0,-13.829437255859375
2026-09-01,15,MSTR,long,209.75584411621094,0.0,209.75584411621094
2026-09-01,15,MSTR,long,18.44042205810547,0.0,18.44042205810547
2026-09-01,15,MSTR,long,-225.52323150634766,0.0,-225.52323150634766
2026-09-01,15,MSTR,long,-23.417190551757812,0.0,-23.417190551757812
2026-09-01,15,MSTR,long,168.2640151977539,0.0,168.2640151977539
2026-09-01,15,MSTR,long,9.218452453613281,0.0,9.218452453613281
2026-09-01,15,MSTR,long,-25.355140686035156,0.0,-25.355140686035156
2026-09-01,15,MSTR,long,-6.9147186279296875,0.0,-6.9147186279296875
2026-09-01,15,MSTR,long,-27.65887451171875,0.0,-27.65887451171875
2026-09-01,15,MSTR,long,-13.829437255859375,0.0,-13.829437255859375
2026-09-01,15,MSTR,long,129.07943725585938,0.0,129.07943725585938
2026-09-01,15,MSTR,long,-13.829437255859375,0.0,-13.829437255859375
2026-09-01,15,MSTR,long,69.15070343017578,0.0,69.15070343017578
2026-09-01,15,MSTR,long,18.44042205810547,0.0,18.44042205810547
2026-09-01,15,MSTR,long,9.218452453613281,0.0,9.218452453613281
2026-09-01,15,MSTR,long,138.30140686035156,0.0,138.30140686035156
2026-09-01,15,MSTR,long,-11.525703430175781,0.0,-11.525703430175781
2026-09-01,15,MSTR,long,-222.04391479492188,0.0,-222.04391479492188
2026-09-01,15,MSTR,long,3.54461669921875,0.0,3.54461669921875
2026-09-01,15,MSTR,long,-399.33126068115234,0.0,-399.33126068115234
2026-09-01,15,MSTR,long,32.129859924316406,0.0,32.129859924316406
2026-09-02,9,MSTR,long,59.017181396484375,0.0,59.017181396484375
2026-09-02,9,MSTR,long,-27.50200653076172,0.0,-27.50200653076172
2026-09-02,9,MSTR,long,1269.1929016113281,0.0,1269.1929016113281
2026-09-02,9,MSTR,long,8.599021911621094,0.0,8.599021911621094
2026-09-02,9,MSTR,long,-603.3766479492188,0.0,-603.3766479492188
2026-09-02,9,MSTR,long,-78.9725341796875,0.0,-78.9725341796875
2026-09-02,9,MSTR,long,115.05077362060547,0.0,115.05077362060547
2026-09-02,9,MSTR,long,11.69952392578125,0.0,11.69952392578125
2026-09-02,10,MSTR,long,-212.398681640625,0.0,-212.398681640625
2026-09-02,10,MSTR,long,-19.80010986328125,0.0,-19.80010986328125
2026-09-02,10,MSTR,long,82.7984619140625,0.0,82.7984619140625
2026-09-02,10,MSTR,long,-16.1993408203125,0.0,-16.1993408203125
2026-09-02,10,MSTR,long,-25.1641845703125,0.0,-25.1641845703125
2026-09-02,10,MSTR,long,14.3646240234375,0.0,14.3646240234375
2026-09-02,10,MSTR,long,109.80010986328125,0.0,109.80010986328125
2026-09-02,10,MSTR,long,16.1993408203125,0.0,16.1993408203125
2026-09-02,10,MSTR,long,-62.567138671875,0.0,-62.567138671875
2026-09-02,10,MSTR,long,-9.4317626953125,0.0,-9.4317626953125
2026-09-02,10,MSTR,long,7.19879150390625,0.0,7.19879150390625
2026-09-02,10,MSTR,long,-10.799560546875,0.0,-10.799560546875
2026-09-02,10,MSTR,long,-3.60076904296875,0.0,-3.60076904296875
2026-09-02,10,MSTR,long,-14.40032958984375,0.0,-14.40032958984375
2026-09-02,10,MSTR,long,-61.02934265136719,0.0,-61.02934265136719
2026-09-02,10,MSTR,long,13.138755798339844,0.0,13.138755798339844
2026-09-02,10,MSTR,long,-9.521392822265625,0.0,-9.521392822265625
2026-09-02,10,MSTR,long,3.5807647705078125,0.0,3.5807647705078125
2026-09-02,10,MSTR,long,132.7979736328125,0.0,132.7979736328125
2026-09-02,10,MSTR,long,-122.43555450439453,0.0,-122.43555450439453
2026-09-02,10,MSTR,long,-6.654243469238281,0.0,-6.654243469238281
2026-09-02,10,MSTR,long,-105.9198989868164,0.0,-105.9198989868164
2026-09-02,10,MSTR,long,23.169898986816406,0.0,23.169898986816406
2026-09-02,11,MSTR,long,-194.69879150390625,0.0,-194.69879150390625
2026-09-02,11,MSTR,long,-80.85090637207031,0.0,-80.85090637207031
2026-09-02,11,MSTR,long,14.851913452148438,0.0,14.851913452148438
2026-09-02,11,MSTR,long,-92.66427612304688,0.0,-92.66427612304688
2026-09-02,11,MSTR,long,-10.296295166015625,0.0,-10.296295166015625
2026-09-02,11,MSTR,long,45.551971435546875,0.0,45.551971435546875
2026-09-02,11,MSTR,long,1.248504638671875,0.0,1.248504638671875
2026-09-02,11,MSTR,long,79.55914306640625,0.0,79.55914306640625
2026-09-02,11,MSTR,long,-3.8990478515625,0.0,-3.8990478515625
2026-09-02,11,MSTR,long,-53.8201904296875,0.0,-53.8201904296875
2026-09-02,11,MSTR,long,-9.360809326171875,0.0,-9.360809326171875
2026-09-02,11,MSTR,long,3.12066650390625,0.0,3.12066650390625
2026-09-02,11,MSTR,long,9.359619140625,0.0,9.359619140625
2026-09-02,11,MSTR,long,-43.6798095703125,0.0,-43.6798095703125
2026-09-02,11,MSTR,long,-7.80047607421875,0.0,-7.80047607421875
2026-09-02,11,MSTR,long,32.759857177734375,0.0,32.759857177734375
2026-09-02,11,MSTR,long,7.442230224609375,0.0,7.442230224609375
2026-09-02,11,MSTR,long,-44.10113525390625,0.0,-44.10113525390625
2026-09-02,11,MSTR,long,3.743133544921875,0.0,3.743133544921875
2026-09-02,11,MSTR,long,-1.403228759765625,0.0,-1.403228759765625
2026-09-02,11,MSTR,long,1.075927734375,0.0,1.075927734375
2026-09-02,12,MSTR,long,55.0675048828125,0.0,55.0675048828125
2026-09-02,12,MSTR,long,-4.664337158203125,0.0,-4.664337158203125
2026-09-02,12,MSTR,long,-1.55914306640625,0.0,-1.55914306640625
2026-09-02,12,MSTR,long,3.119476318359375,0.0,3.119476318359375
2026-09-02,12,MSTR,long,7.80047607421875,0.0,7.80047607421875
2026-09-02,12,MSTR,long,3.431304931640625,0.0,3.431304931640625
2026-09-02,12,MSTR,long,70.13763427734375,0.0,70.13763427734375
2026-09-02,12,MSTR,long,-1.80908203125,0.0,-1.80908203125
2026-09-02,12,MSTR,long,49.919952392578125,0.0,49.919952392578125
2026-09-02,12,MSTR,long,18.703765869140625,0.0,18.703765869140625
2026-09-02,12,MSTR,long,-15.58428955078125,0.0,-15.58428955078125
2026-09-02,12,MSTR,long,-23.3990478515625,0.0,-23.3990478515625
2026-09-02,12,MSTR,long,-0.64031982421875,0.0,-0.64031982421875
2026-09-02,12,MSTR,long,-2.4803466796875,0.0,-2.4803466796875
2026-09-02,12,MSTR,long,3.9466552734375,0.0,3.9466552734375
2026-09-02,12,MSTR,long,-32.8062744140625,0.0,-32.8062744140625
2026-09-02,12,MSTR,long,-10.124908447265625,0.0,-10.124908447265625
2026-09-02,12,MSTR,long,-21.855377197265625,0.0,-21.855377197265625
2026-09-02,12,MSTR,long,-0.779571533203125,0.0,-0.779571533203125
2026-09-02,12,MSTR,long,25.740142822265625,0.0,25.740142822265625
2026-09-02,12,MSTR,long,-7.80047607421875,0.0,-7.80047607421875
2026-09-02,12,MSTR,long,-3.12066650390625,0.0,-3.12066650390625
2026-09-02,12,MSTR,long,1.560333251953125,0.0,1.560333251953125
2026-09-02,13,MSTR,long,-57.71923828125,0.0,-57.71923828125
2026-09-02,13,MSTR,long,-10.919952392578125,0.0,-10.919952392578125
2026-09-02,13,MSTR,long,15.599761962890625,0.0,15.599761962890625
2026-09-02,13,MSTR,long,8.580047607421875,0.0,8.580047607421875
2026-09-02,13,MSTR,long,-24.9605712890625,0.0,-24.9605712890625
2026-09-02,13,MSTR,long,-2.33990478515625,0.0,-2.33990478515625
2026-09-02,13,MSTR,long,21.83990478515625,0.0,21.83990478515625
2026-09-02,13,MSTR,long,-4.6798095703125,0.0,-4.6798095703125
2026-09-02,13,MSTR,long,-30.01409912109375,0.0,-30.01409912109375
2026-09-02,13,MSTR,long,-5.866424560546875,0.0,-5.866424560546875
2026-09-02,13,MSTR,long,6.240142822265625,0.0,6.240142822265625
2026-09-02,13,MSTR,long,-9.359619140625,0.0,-9.359619140625
2026-09-02,13,MSTR,long,-4.6798095703125,0.0,-4.6798095703125
2026-09-02,13,MSTR,long,6.240142822265625,0.0,6.240142822265625
2026-09-02,13,MSTR,long,20.185546875,0.0,20.185546875
2026-09-02,13,MSTR,long,-9.265594482421875,0.0,-9.265594482421875
2026-09-02,13,MSTR,long,-4.6798095703125,0.0,-4.6798095703125
2026-09-02,13,MSTR,long,3.119476318359375,0.0,3.119476318359375
2026-09-02,13,MSTR,long,110.75985717773438,0.0,110.75985717773438
2026-09-02,13,MSTR,long,14.8201904296875,0.0,14.8201904296875
2026-09-02,13,MSTR,long,7.80047607421875,0.0,7.80047607421875
2026-09-02,13,MSTR,long,-5.366546630859375,0.0,-5.366546630859375
2026-09-02,13,MSTR,long,12.526702880859375,0.0,12.526702880859375
2026-09-02,13,MSTR,long,1.419891357421875,0.0,1.419891357421875
2026-09-02,14,MSTR,long,17.158905029296875,0.0,17.158905029296875
2026-09-02,14,MSTR,long,-3.119476318359375,0.0,-3.119476318359375
2026-09-02,14,MSTR,long,-14.023956298828125,0.0,-14.023956298828125
2026-09-02,14,MSTR,long,-0.015472412109375,0.0,-0.015472412109375
2026-09-02,14,MSTR,long,-7.80047607421875,0.0,-7.80047607421875
2026-09-02,14,MSTR,long,-1.560333251953125,0.0,-1.560333251953125
2026-09-02,14,MSTR,long,-8.580047607421875,0.0,-8.580047607421875
2026-09-02,14,MSTR,long,-1.55914306640625,0.0,-1.55914306640625
2026-09-02,14,MSTR,long,36.658905029296875,0.0,36.658905029296875
2026-09-02,14,MSTR,long,0.78076171875,0.0,0.78076171875
2026-09-02,14,MSTR,long,21.699905395507812,0.0,21.699905395507812
2026-09-02,14,MSTR,long,6.9747161865234375,0.0,6.9747161865234375
2026-09-02,14,MSTR,long,-18.5992431640625,0.0,-18.5992431640625
2026-09-02,14,MSTR,long,7.749290466308594,0.0,7.749290466308594
2026-09-02,14,MSTR,long,-19.375,0.0,-19.375
2026-09-02,14,MSTR,long,2.3249053955078125,0.0,2.3249053955078125
2026-09-02,14,MSTR,long,-27.124290466308594,0.0,-27.124290466308594
2026-09-02,14,MSTR,long,-3.8752365112304688,0.0,-3.8752365112304688
2026-09-02,14,MSTR,long,-45.72471618652344,0.0,-45.72471618652344
2026-09-02,14,MSTR,long,11.624526977539062,0.0,11.624526977539062
2026-09-02,14,MSTR,long,-21.699905395507812,0.0,-21.699905395507812
2026-09-02,14,MSTR,long,3.0994796752929688,0.0,3.0994796752929688
2026-09-02,14,MSTR,long,-30.999526977539062,0.0,-30.999526977539062
2026-09-02,14,MSTR,long,1.5503311157226562,0.0,1.5503311157226562
2026-09-02,15,MSTR,long,41.84947967529297,0.0,41.84947967529297
2026-09-02,15,MSTR,long,-1.5503311157226562,0.0,-1.5503311157226562
2026-09-02,15,MSTR,long,-13.174858093261719,0.0,-13.174858093261719
2026-09-02,15,MSTR,long,-2.8984451293945312,0.0,-2.8984451293945312
2026-09-02,15,MSTR,long,19.819839477539062,0.0,19.819839477539062
2026-09-02,15,MSTR,long,3.8502349853515625,0.0,3.8502349853515625
2026-09-02,15,MSTR,long,32.33985900878906,0.0,32.33985900878906
2026-09-02,15,MSTR,long,1.525054931640625,0.0,1.525054931640625
2026-09-02,15,MSTR,long,-61.5849609375,0.0,-61.5849609375
2026-09-02,15,MSTR,long,-6.1601409912109375,0.0,-6.1601409912109375
2026-09-02,15,MSTR,long,-1.5403289794921875,0.0,-1.5403289794921875
2026-09-02,15,MSTR,long,0.5545654296875,0.0,0.5545654296875
2026-09-02,15,MSTR,long,-45.213531494140625,0.0,-45.213531494140625
2026-09-02,15,MSTR,long,-4.6209869384765625,0.0,-4.6209869384765625
2026-09-02,15,MSTR,long,78.54032897949219,0.0,78.54032897949219
2026-09-02,15,MSTR,long,1.5403289794921875,0.0,1.5403289794921875
2026-09-02,15,MSTR,long,-60.830657958984375,0.0,-60.830657958984375
2026-09-02,15,MSTR,long,-0.7695770263671875,0.0,-0.7695770263671875
2026-09-02,15,MSTR,long,49.27995300292969,0.0,49.27995300292969
2026-09-02,15,MSTR,long,-3.0794830322265625,0.0,-3.0794830322265625
2026-09-02,15,MSTR,long,67.26690673828125,0.0,67.26690673828125
2026-09-02,15,MSTR,long,-1.0468597412109375,0.0,-1.0468597412109375
2026-09-02,15,MSTR,long,-43.12098693847656,0.0,-43.12098693847656
2026-09-02,15,MSTR,long,4.6209869384765625,0.0,4.6209869384765625
2026-09-03,9,MSTR,long,304.55908203125,0.0,304.55908203125
2026-09-03,9,MSTR,long,5.6397705078125,0.0,5.6397705078125
2026-09-03,9,MSTR,long,-83.5697021484375,0.0,-83.5697021484375
2026-09-03,9,MSTR,long,-10.386474609375,0.0,-10.386474609375
2026-09-03,9,MSTR,long,-286.5515899658203,0.0,-286.5515899658203
2026-09-03,9,MSTR,long,10.422225952148438,0.0,10.422225952148438
2026-09-03,9,MSTR,long,33.80126953125,0.0,33.80126953125
2026-09-03,9,MSTR,long,12.996826171875,0.0,12.996826171875
2026-09-03,10,MSTR,long,507.003173828125,0.0,507.003173828125
2026-09-03,10,MSTR,long,-7.7996826171875,0.0,-7.7996826171875
2026-09-03,10,MSTR,long,285.99365234375,0.0,285.99365234375
2026-09-03,10,MSTR,long,23.406982421875,0.0,23.406982421875
2026-09-03,10,MSTR,long,382.1923828125,0.0,382.1923828125
2026-09-03,10,MSTR,long,166.08380126953125,0.0,166.08380126953125
2026-09-03,10,MSTR,long,7.7846832275390625,0.0,7.7846832275390625
2026-09-03,10,MSTR,long,143.78155517578125,0.0,143.78155517578125
2026-09-03,10,MSTR,long,10.9195556640625,0.0,10.9195556640625
2026-09-03,10,MSTR,long,153.366943359375,0.0,153.366943359375
2026-09-03,10,MSTR,long,369.3424835205078,0.0,369.3424835205078
2026-09-03,10,MSTR,long,-100.16229248046875,0.0,-100.16229248046875
2026-09-03,10,MSTR,long,-3.1282806396484375,0.0,-3.1282806396484375
2026-09-03,10,MSTR,long,6.2613372802734375,0.0,6.2613372802734375
2026-09-03,10,MSTR,long,15.650955200195312,0.0,15.650955200195312
2026-09-03,10,MSTR,long,287.9880828857422,0.0,287.9880828857422
2026-09-03,10,MSTR,long,-0.028656005859375,0.0,-0.028656005859375
2026-09-03,10,MSTR,long,547.4824371337891,0.0,547.4824371337891
2026-09-03,10,MSTR,long,8.077957153320312,0.0,8.077957153320312
2026-09-03,10,MSTR,long,-230.23373413085938,0.0,-230.23373413085938
2026-09-03,11,MSTR,long,285.68980407714844,0.0,285.68980407714844
2026-09-03,11,MSTR,long,-11.231277465820312,0.0,-11.231277465820312
2026-09-03,11,MSTR,long,9.629608154296875,0.0,9.629608154296875
2026-09-03,11,MSTR,long,19.25921630859375,0.0,19.25921630859375
2026-09-03,11,MSTR,long,-59.95033264160156,0.0,-59.95033264160156
2026-09-03,11,MSTR,long,4.360931396484375,0.0,4.360931396484375
2026-09-03,11,MSTR,long,-9.72125244140625,0.0,-9.72125244140625
2026-09-03,11,MSTR,long,0.54052734375,0.0,0.54052734375
2026-09-03,11,MSTR,long,48.165618896484375,0.0,48.165618896484375
2026-09-03,11,MSTR,long,8.450515747070312,0.0,8.450515747070312
2026-09-03,11,MSTR,long,57.119384765625,0.0,57.119384765625
2026-09-03,11,MSTR,long,6.7188720703125,0.0,6.7188720703125
2026-09-03,11,MSTR,long,-28.5596923828125,0.0,-28.5596923828125
2026-09-03,11,MSTR,long,-2.5198974609375,0.0,-2.5198974609375
2026-09-03,11,MSTR,long,84.43519592285156,0.0,84.43519592285156
2026-09-03,11,MSTR,long,1.5697021484375,0.0,1.5697021484375
2026-09-03,11,MSTR,long,64.06219482421875,0.0,64.06219482421875
2026-09-03,11,MSTR,long,-2.27301025390625,0.0,-2.27301025390625
2026-09-03,11,MSTR,long,-143.62010192871094,0.0,-143.62010192871094
2026-09-03,11,MSTR,long,-6.3119354248046875,0.0,-6.3119354248046875
2026-09-03,11,MSTR,long,27.854949951171875,0.0,27.854949951171875
2026-09-03,11,MSTR,long,-1.659088134765625,0.0,-1.659088134765625
2026-09-03,11,MSTR,long,181.45065307617188,0.0,181.45065307617188
2026-09-03,11,MSTR,long,-1.60125732421875,0.0,-1.60125732421875
2026-09-03,12,MSTR,long,32.79949951171875,0.0,32.79949951171875
2026-09-03,12,MSTR,long,2.45989990234375,0.0,2.45989990234375
2026-09-03,12,MSTR,long,-223.8583984375,0.0,-223.8583984375
2026-09-03,12,MSTR,long,-3.28070068359375,0.0,-3.28070068359375
2026-09-03,12,MSTR,long,53.79029846191406,0.0,53.79029846191406
2026-09-03,12,MSTR,long,0.014923095703125,0.0,0.014923095703125
2026-09-03,12,MSTR,long,105.93408203125,0.0,105.93408203125
2026-09-03,12,MSTR,long,0.8157958984375,0.0,0.8157958984375
2026-09-03,12,MSTR,long,-36.45098876953125,0.0,-36.45098876953125
2026-09-03,12,MSTR,long,1.62158203125,0.0,1.62158203125
2026-09-03,12,MSTR,long,1.619110107421875,0.0,1.619110107421875
2026-09-03,12,MSTR,long,-23.345687866210938,0.0,-23.345687866210938
2026-09-03,12,MSTR,long,11.27117919921875,0.0,11.27117919921875
2026-09-03,12,MSTR,long,152.80029296875,0.0,152.80029296875
2026-09-03,12,MSTR,long,6.0791015625,0.0,6.0791015625
2026-09-03,12,MSTR,long,-37.843048095703125,0.0,-37.843048095703125
2026-09-03,12,MSTR,long,-3.178253173828125,0.0,-3.178253173828125
2026-09-03,12,MSTR,long,-7.9504852294921875,0.0,-7.9504852294921875
2026-09-03,12,MSTR,long,63.599029541015625,0.0,63.599029541015625
2026-09-03,12,MSTR,long,-1.5891265869140625,0.0,-1.5891265869140625
2026-09-03,12,MSTR,long,-19.875,0.0,-19.875
2026-09-03,12,MSTR,long,-1.5891265869140625,0.0,-1.5891265869140625
2026-09-03,13,MSTR,long,-7.1547088623046875,0.0,-7.1547088623046875
2026-09-03,13,MSTR,long,11.128738403320312,0.0,11.128738403320312
2026-09-03,13,MSTR,long,52.931060791015625,0.0,52.931060791015625
2026-09-03,13,MSTR,long,0.788360595703125,0.0,0.788360595703125
2026-09-03,13,MSTR,long,-4.709808349609375,0.0,-4.709808349609375
2026-09-03,13,MSTR,long,-1.5691375732421875,0.0,-1.5691375732421875
2026-09-03,13,MSTR,long,104.41021728515625,0.0,104.41021728515625
2026-09-03,13,MSTR,long,6.34844970703125,0.0,6.34844970703125
2026-09-03,13,MSTR,long,-148.79867553710938,0.0,-148.79867553710938
2026-09-03,13,MSTR,long,-3.1006622314453125,0.0,-3.1006622314453125
2026-09-03,13,MSTR,long,36.960845947265625,0.0,36.960845947265625
2026-09-03,13,MSTR,long,-3.080657958984375,0.0,-3.080657958984375
2026-09-03,13,MSTR,long,9.17962646484375,0.0,9.17962646484375
2026-09-03,13,MSTR,long,3.0606536865234375,0.0,3.0606536865234375
2026-09-03,13,MSTR,long,74.4808349609375,0.0,74.4808349609375
2026-09-03,13,MSTR,long,4.559814453125,0.0,4.559814453125
2026-09-03,13,MSTR,long,55.8692626953125,0.0,55.8692626953125
2026-09-03,13,MSTR,long,1.5091705322265625,0.0,1.5091705322265625
2026-09-03,13,MSTR,long,-46.410369873046875,0.0,-46.410369873046875
2026-09-03,13,MSTR,long,1.412200927734375,0.0,1.412200927734375
2026-09-03,13,MSTR,long,80.45899963378906,0.0,80.45899963378906
2026-09-03,13,MSTR,long,1.4891815185546875,0.0,1.4891815185546875
2026-09-03,13,MSTR,long,-60.67828369140625,0.0,-60.67828369140625
2026-09-03,13,MSTR,long,-1.4814453125,0.0,-1.4814453125
2026-09-03,14,MSTR,long,-21.315628051757812,0.0,-21.315628051757812
2026-09-03,14,MSTR,long,38.692138671875,0.0,38.692138671875
2026-09-03,14,MSTR,long,-42.325653076171875,0.0,-42.325653076171875
2026-09-03,14,MSTR,long,38.67431640625,0.0,38.67431640625
2026-09-03,14,MSTR,long,66.43026733398438,0.0,66.43026733398438
2026-09-03,14,MSTR,long,-23.924026489257812,0.0,-23.924026489257812
2026-09-03,14,MSTR,short,2.5504150390625,0.0,2.5504150390625
2026-09-03,14,MSTR,short,-1.01995849609375,0.0,-1.01995849609375
2026-09-03,14,MSTR,short,11.55987548828125,0.0,11.55987548828125
2026-09-03,14,MSTR,short,1.01995849609375,0.0,1.01995849609375
2026-09-03,14,MSTR,short,16.503509521484375,0.0,16.503509521484375
2026-09-03,14,MSTR,short,-3.923675537109375,0.0,-3.923675537109375
2026-09-03,14,MSTR,short,-8.839813232421875,0.0,-8.839813232421875
2026-09-03,14,MSTR,short,0.339813232421875,0.0,0.339813232421875
2026-09-03,14,MSTR,short,-5.497711181640625,0.0,-5.497711181640625
2026-09-03,14,MSTR,short,0.227752685546875,0.0,0.227752685546875
2026-09-03,14,MSTR,short,7.119476318359375,0.0,7.119476318359375
2026-09-03,14,MSTR,short,-0.1494140625,0.0,-0.1494140625
2026-09-03,14,MSTR,short,-17.339813232421875,0.0,-17.339813232421875
2026-09-03,14,MSTR,short,0.339813232421875,0.0,0.339813232421875
2026-09-03,14,MSTR,short,-0.707122802734375,0.0,-0.707122802734375
2026-09-03,14,MSTR,short,-0.040985107421875,0.0,-0.040985107421875
2026-09-03,15,MSTR,short,0.3962860107421875,0.0,0.3962860107421875
2026-09-03,15,MSTR,short,0.659637451171875,0.0,0.659637451171875
2026-09-03,15,MSTR,short,-16.90869140625,0.0,-16.90869140625
2026-09-03,15,MSTR,short,-1.1708984375,0.0,-1.1708984375
2026-09-03,15,MSTR,short,3.2548675537109375,0.0,3.2548675537109375
2026-09-03,15,MSTR,short,-0.7752838134765625,0.0,-0.7752838134765625
2026-09-03,15,MSTR,short,10.200347900390625,0.0,10.200347900390625
2026-09-03,15,MSTR,short,0.149688720703125,0.0,0.149688720703125
2026-09-03,15,MSTR,short,-28.565017700195312,0.0,-28.565017700195312
2026-09-03,15,MSTR,short,-0.4349822998046875,0.0,-0.4349822998046875
2026-09-03,15,MSTR,short,-9.3797607421875,0.0,-9.3797607421875
2026-09-03,15,MSTR,short,-5.74005126953125,0.0,-5.74005126953125
2026-09-03,15,MSTR,short,0.56011962890625,0.0,0.56011962890625
2026-09-03,15,MSTR,short,19.034637451171875,0.0,19.034637451171875
2026-09-03,15,MSTR,short,-0.1347198486328125,0.0,-0.1347198486328125
2026-09-03,15,MSTR,short,-13.5,0.0,-13.5
2026-09-03,15,MSTR,short,0.2698516845703125,0.0,0.2698516845703125
2026-09-03,15,MSTR,short,0.458953857421875,0.0,0.458953857421875
2026-09-03,15,MSTR,short,0.0811614990234375,0.0,0.0811614990234375
2026-09-03,15,MSTR,short,5.13006591796875,0.0,5.13006591796875
2026-09-03,15,MSTR,short,1.0798187255859375,0.0,1.0798187255859375
2026-09-03,15,MSTR,short,-42.66004943847656,0.0,-42.66004943847656
2026-09-03,15,MSTR,short,-0.539703369140625,0.0,-0.539703369140625
2026-09-04,9,MSTR,long,299.44725036621094,0.0,299.44725036621094
2026-09-04,9,MSTR,long,-2.6485443115234375,0.0,-2.6485443115234375
2026-09-04,9,MSTR,long,-55.33030700683594,0.0,-55.33030700683594
2026-09-04,9,MSTR,long,5.0272369384765625,0.0,5.0272369384765625
2026-09-04,9,MSTR,long,408.23876953125,0.0,408.23876953125
2026-09-04,9,MSTR,long,5.044921875,0.0,5.044921875
2026-09-04,9,MSTR,long,-310.0543670654297,0.0,-310.0543670654297
2026-09-04,9,MSTR,long,14.309417724609375,0.0,14.309417724609375
2026-09-04,10,MSTR,long,138.0440673828125,0.0,138.0440673828125
2026-09-04,10,MSTR,long,109.47796630859375,0.0,109.47796630859375
2026-09-04,10,MSTR,long,-23.80145263671875,0.0,-23.80145263671875
2026-09-04,10,MSTR,long,-228.47796630859375,0.0,-228.47796630859375
2026-09-04,10,MSTR,long,-28.558837890625,0.0,-28.558837890625
2026-09-04,10,MSTR,long,119.0,0.0,119.0
2026-09-04,10,MSTR,long,-19.03680419921875,0.0,-19.03680419921875
2026-09-04,10,MSTR,long,-688.7557983398438,0.0,-688.7557983398438
2026-09-04,10,MSTR,long,-7.1247100830078125,0.0,-7.1247100830078125
2026-09-04,10,MSTR,long,343.3301696777344,0.0,343.3301696777344
2026-09-04,10,MSTR,long,16.6793212890625,0.0,16.6793212890625
2026-09-04,10,MSTR,long,-88.63780212402344,0.0,-88.63780212402344
2026-09-04,10,MSTR,long,-1.3863525390625,0.0,-1.3863525390625
2026-09-04,10,MSTR,long,137.1178741455078,0.0,137.1178741455078
2026-09-04,10,MSTR,long,-5.2368621826171875,0.0,-5.2368621826171875
2026-09-04,10,MSTR,long,49.55364990234375,0.0,49.55364990234375
2026-09-04,10,MSTR,long,-9.526947021484375,0.0,-9.526947021484375
2026-09-04,10,MSTR,long,-381.04559326171875,0.0,-381.04559326171875
2026-09-04,10,MSTR,long,-1.38134765625,0.0,-1.38134765625
2026-09-04,10,MSTR,long,-47.5987548828125,0.0,-47.5987548828125
2026-09-04,10,MSTR,long,11.473846435546875,0.0,11.473846435546875
2026-09-04,10,MSTR,long,1.3492584228515625,0.0,1.3492584228515625
2026-09-04,11,MSTR,long,6.076812744140625,0.0,6.076812744140625
2026-09-04,11,MSTR,long,100.5,0.0,100.5
2026-09-04,11,MSTR,long,1.339263916015625,0.0,1.339263916015625
2026-09-04,11,MSTR,long,91.77032470703125,0.0,91.77032470703125
2026-09-04,11,MSTR,long,-2.6605682373046875,0.0,-2.6605682373046875
2026-09-04,11,MSTR,long,-20.7591552734375,0.0,-20.7591552734375
2026-09-04,11,MSTR,long,5.1713104248046875,0.0,5.1713104248046875
2026-09-04,11,MSTR,long,31.157211303710938,0.0,31.157211303710938
2026-09-04,11,MSTR,long,-0.8632049560546875,0.0,-0.8632049560546875
2026-09-04,11,MSTR,long,56.76031494140625,0.0,56.76031494140625
2026-09-04,11,MSTR,long,4.2989501953125,0.0,4.2989501953125
2026-09-04,11,MSTR,long,81.81915283203125,0.0,81.81915283203125
2026-09-04,11,MSTR,long,-9.5794677734375,0.0,-9.5794677734375
2026-09-04,11,MSTR,long,8.60052490234375,0.0,8.60052490234375
2026-09-04,11,MSTR,long,87.20906066894531,0.0,87.20906066894531
2026-09-04,11,MSTR,long,-1.127197265625,0.0,-1.127197265625
2026-09-04,11,MSTR,long,86.61154174804688,0.0,86.61154174804688
2026-09-04,11,MSTR,long,-8.5166015625,0.0,-8.5166015625
2026-09-04,11,MSTR,long,-48.4661865234375,0.0,-48.4661865234375
2026-09-04,11,MSTR,long,-5.95062255859375,0.0,-5.95062255859375
2026-09-04,11,MSTR,long,54.07865905761719,0.0,54.07865905761719
2026-09-04,11,MSTR,long,7.607269287109375,0.0,7.607269287109375
2026-09-04,12,MSTR,long,-28.562255859375,0.0,-28.562255859375
2026-09-04,12,MSTR,long,-4.198974609375,0.0,-4.198974609375
2026-09-04,12,MSTR,long,-25.198974609375,0.0,-25.198974609375
2026-09-04,12,MSTR,long,9.23876953125,0.0,9.23876953125
2026-09-04,12,MSTR,long,-33.5994873046875,0.0,-33.5994873046875
2026-09-04,12,MSTR,long,-2.5198974609375,0.0,-2.5198974609375
2026-09-04,12,MSTR,long,50.4005126953125,0.0,50.4005126953125
2026-09-04,12,MSTR,long,-45.3607177734375,0.0,-45.3607177734375
2026-09-04,12,MSTR,long,6.7188720703125,0.0,6.7188720703125
2026-09-04,12,MSTR,long,18.4801025390625,0.0,18.4801025390625
2026-09-04,12,MSTR,long,-1.6790771484375,0.0,-1.6790771484375
2026-09-04,12,MSTR,long,-5.039794921875,0.0,-5.039794921875
2026-09-04,12,MSTR,long,-0.8408203125,0.0,-0.8408203125
2026-09-04,12,MSTR,long,145.29173278808594,0.0,145.29173278808594
2026-09-04,12,MSTR,long,2.5048980712890625,0.0,2.5048980712890625
2026-09-04,12,MSTR,long,13.357757568359375,0.0,13.357757568359375
2026-09-04,12,MSTR,long,-9.18377685546875,0.0,-9.18377685546875
2026-09-04,12,MSTR,long,52.60540771484375,0.0,52.60540771484375
2026-09-04,12,MSTR,long,6.6788787841796875,0.0,6.6788787841796875
2026-09-04,12,MSTR,long,-5.009796142578125,0.0,-5.009796142578125
2026-09-04,12,MSTR,long,-13.360305786132812,0.0,-13.360305786132812
2026-09-04,12,MSTR,long,11.69122314453125,0.0,11.69122314453125
2026-09-04,13,MSTR,long,-15.029388427734375,0.0,-15.029388427734375
2026-09-04,13,MSTR,long,6.6788787841796875,0.0,6.6788787841796875
2026-09-04,13,MSTR,long,-31.73040771484375,0.0,-31.73040771484375
2026-09-04,13,MSTR,long,-6.6788787841796875,0.0,-6.6788787841796875
2026-09-04,13,MSTR,long,7.5146942138671875,0.0,7.5146942138671875
2026-09-04,13,MSTR,long,-2.17108154296875,0.0,-2.17108154296875
2026-09-04,13,MSTR,long,-72.1451416015625,0.0,-72.1451416015625
2026-09-04,13,MSTR,long,-1.6690826416015625,0.0,-1.6690826416015625
2026-09-04,13,MSTR,long,5.009796142578125,0.0,5.009796142578125
2026-09-04,13,MSTR,long,5.009796142578125,0.0,5.009796142578125
2026-09-04,13,MSTR,long,-10.01959228515625,0.0,-10.01959228515625
2026-09-04,13,MSTR,long,-6.6788787841796875,0.0,-6.6788787841796875
2026-09-04,13,MSTR,long,-65.1324462890625,0.0,-65.1324462890625
2026-09-04,13,MSTR,long,8.350509643554688,0.0,8.350509643554688
2026-09-04,13,MSTR,long,14.196121215820312,0.0,14.196121215820312
2026-09-04,13,MSTR,long,4.173980712890625,0.0,4.173980712890625
2026-09-04,13,MSTR,long,-12.524490356445312,0.0,-12.524490356445312
2026-09-04,13,MSTR,long,0.2165985107421875,0.0,0.2165985107421875
2026-09-04,13,MSTR,long,2.288299560546875,0.0,2.288299560546875
2026-09-04,13,MSTR,long,-1.6690826416015625,0.0,-1.6690826416015625
2026-09-04,13,MSTR,long,50.266143798828125,0.0,50.266143798828125
2026-09-04,13,MSTR,long,-10.38653564453125,0.0,-10.38653564453125
2026-09-04,13,MSTR,long,-30.51202392578125,0.0,-30.51202392578125
2026-09-04,13,MSTR,long,-5.81060791015625,0.0,-5.81060791015625
2026-09-04,14,MSTR,long,-39.598388671875,0.0,-39.598388671875
2026-09-04,14,MSTR,long,-7.920684814453125,0.0,-7.920684814453125
2026-09-04,14,MSTR,long,15.345382690429688,0.0,15.345382690429688
2026-09-04,14,MSTR,long,5.775604248046875,0.0,5.775604248046875
2026-09-04,14,MSTR,long,47.83378601074219,0.0,47.83378601074219
2026-09-04,14,MSTR,long,-1.6339874267578125,0.0,-1.6339874267578125
2026-09-04,14,MSTR,long,-56.099395751953125,0.0,-56.099395751953125
2026-09-04,14,MSTR,long,-2.4774169921875,0.0,-2.4774169921875
2026-09-04,14,MSTR,long,56.5802001953125,0.0,56.5802001953125
2026-09-04,14,MSTR,long,3.28070068359375,0.0,3.28070068359375
2026-09-04,14,MSTR,long,4.889801025390625,0.0,4.889801025390625
2026-09-04,14,MSTR,long,-1.6291046142578125,0.0,-1.6291046142578125
2026-09-04,14,MSTR,long,-53.79029846191406,0.0,-53.79029846191406
2026-09-04,14,MSTR,long,9.77960205078125,0.0,9.77960205078125
2026-09-04,14,MSTR,long,83.94490051269531,0.0,83.94490051269531
2026-09-04,14,MSTR,long,-2.4449005126953125,0.0,-2.4449005126953125
2026-09-04,14,MSTR,long,6.48138427734375,0.0,6.48138427734375
2026-09-04,14,MSTR,long,63.179901123046875,0.0,63.179901123046875
2026-09-04,14,MSTR,long,2.429901123046875,0.0,2.429901123046875
2026-09-04,14,MSTR,long,-5.635589599609375,0.0,-5.635589599609375
2026-09-04,14,MSTR,long,4.829803466796875,0.0,4.829803466796875
2026-09-04,14,MSTR,long,-11.27117919921875,0.0,-11.27117919921875
2026-09-04,14,MSTR,long,0.8057861328125,0.0,0.8057861328125
2026-09-04,15,MSTR,long,79.71141052246094,0.0,79.71141052246094
2026-09-04,15,MSTR,long,9.644866943359375,0.0,9.644866943359375
2026-09-04,15,MSTR,long,75.67019653320312,0.0,75.67019653320312
2026-09-04,15,MSTR,long,4.829803466796875,0.0,4.829803466796875
2026-09-04,15,MSTR,long,-32.001953125,0.0,-32.001953125
2026-09-04,15,MSTR,long,-0.79833984375,0.0,-0.79833984375
2026-09-04,15,MSTR,long,9.6484375,0.0,9.6484375
2026-09-04,15,MSTR,long,-3.24951171875,0.0,-3.24951171875
2026-09-04,15,MSTR,long,77.60009765625,0.0,77.60009765625
2026-09-04,15,MSTR,long,-4.769805908203125,0.0,-4.769805908203125
2026-09-04,15,MSTR,long,2.3849029541015625,0.0,2.3849029541015625
2026-09-04,15,MSTR,long,27.825485229492188,0.0,27.825485229492188
2026-09-04,15,MSTR,long,-1.5891265869140625,0.0,-1.5891265869140625
2026-09-04,15,MSTR,long,-112.89106750488281,0.0,-112.89106750488281
2026-09-04,15,MSTR,long,-1.5891265869140625,0.0,-1.5891265869140625
2026-09-04,15,MSTR,long,-124.81558227539062,0.0,-124.81558227539062
2026-09-04,15,MSTR,long,0.7957763671875,0.0,0.7957763671875
2026-09-04,15,MSTR,long,31.178421020507812,0.0,31.178421020507812
2026-09-04,15,MSTR,long,3.799346923828125,0.0,3.799346923828125
2026-09-04,15,MSTR,long,-11.128738403320312,0.0,-11.128738403320312
2026-09-04,15,MSTR,long,-3.1806793212890625,0.0,-3.1806793212890625
2026-09-04,15,MSTR,long,-28.61883544921875,0.0,-28.61883544921875
2026-09-04,15,MSTR,long,14.309417724609375,0.0,14.309417724609375
2026-09-08,9,MSTR,long,-205.72760009765625,0.0,-205.72760009765625
2026-09-08,9,MSTR,long,66.4053955078125,0.0,66.4053955078125
2026-09-08,9,MSTR,long,531.4793701171875,0.0,531.4793701171875
2026-09-08,9,MSTR,long,20.6444091796875,0.0,20.6444091796875
2026-09-08,9,MSTR,long,4.3948211669921875,0.0,4.3948211669921875
2026-09-08,9,MSTR,long,-5.8612518310546875,0.0,-5.8612518310546875
2026-09-08,9,MSTR,long,-36.625,0.0,-36.625
2026-09-08,9,MSTR,long,2.932861328125,0.0,2.932861328125
2026-09-08,10,MSTR,long,103.03955078125,0.0,103.03955078125
2026-09-08,10,MSTR,long,9.19775390625,0.0,9.19775390625
2026-09-08,10,MSTR,long,299.10589599609375,0.0,299.10589599609375
2026-09-08,10,MSTR,long,7.3415679931640625,0.0,7.3415679931640625
2026-09-08,10,MSTR,long,-200.8991241455078,0.0,-200.8991241455078
2026-09-08,10,MSTR,long,-44.99580383300781,0.0,-44.99580383300781
2026-09-08,10,MSTR,long,-47.576202392578125,0.0,-47.576202392578125
2026-09-08,10,MSTR,long,14.637542724609375,0.0,14.637542724609375
2026-09-08,10,MSTR,long,322.081787109375,0.0,322.081787109375
2026-09-08,10,MSTR,long,27.448883056640625,0.0,27.448883056640625
2026-09-08,10,MSTR,long,108.15362548828125,0.0,108.15362548828125
2026-09-08,10,MSTR,long,-7.505859375,0.0,-7.505859375
2026-09-08,10,MSTR,long,-237.24777221679688,0.0,-237.24777221679688
2026-09-08,10,MSTR,long,10.949554443359375,0.0,10.949554443359375
2026-09-08,10,MSTR,long,100.10333251953125,0.0,100.10333251953125
2026-09-08,10,MSTR,long,7.2760009765625,0.0,7.2760009765625
2026-09-08,10,MSTR,long,-197.83433532714844,0.0,-197.83433532714844
2026-09-08,10,MSTR,long,-176.0552215576172,0.0,-176.0552215576172
2026-09-08,10,MSTR,long,9.078323364257812,0.0,9.078323364257812
2026-09-08,10,MSTR,long,197.83433532714844,0.0,197.83433532714844
2026-09-08,10,MSTR,long,12.700790405273438,0.0,12.700790405273438
2026-09-08,10,MSTR,long,-179.6832275390625,0.0,-179.6832275390625
2026-09-08,10,MSTR,long,-3.6280059814453125,0.0,-3.6280059814453125
2026-09-08,11,MSTR,long,-5.4447784423828125,0.0,-5.4447784423828125
2026-09-08,11,MSTR,long,8.601974487304688,0.0,8.601974487304688
2026-09-08,11,MSTR,long,87.59280395507812,0.0,87.59280395507812
2026-09-08,11,MSTR,long,1.8112335205078125,0.0,1.8112335205078125
2026-09-08,11,MSTR,long,81.67721557617188,0.0,81.67721557617188
2026-09-08,11,MSTR,long,12.706329345703125,0.0,12.706329345703125
2026-09-08,11,MSTR,long,7.2615509033203125,0.0,7.2615509033203125
2026-09-08,11,MSTR,long,-25.41265869140625,0.0,-25.41265869140625
2026-09-08,11,MSTR,long,-65.1573486328125,0.0,-65.1573486328125
2026-09-08,11,MSTR,long,14.477569580078125,0.0,14.477569580078125
2026-09-08,11,MSTR,long,-145.2008056640625,0.0,-145.2008056640625
2026-09-08,11,MSTR,long,6.601409912109375,0.0,6.601409912109375
2026-09-08,11,MSTR,long,-115.50201416015625,0.0,-115.50201416015625
2026-09-08,11,MSTR,long,204.60342407226562,0.0,204.60342407226562
2026-09-08,11,MSTR,long,-16.501007080078125,0.0,-16.501007080078125
2026-09-08,11,MSTR,long,6.601409912109375,0.0,6.601409912109375
2026-09-08,11,MSTR,long,77.3101806640625,0.0,77.3101806640625
2026-09-08,11,MSTR,long,8.228012084960938,0.0,8.228012084960938
2026-09-08,11,MSTR,long,131.59799194335938,0.0,131.59799194335938
2026-09-08,11,MSTR,long,-16.451004028320312,0.0,-16.451004028320312
2026-09-08,11,MSTR,long,72.35028076171875,0.0,72.35028076171875
2026-09-08,11,MSTR,long,6.6115264892578125,0.0,6.6115264892578125
2026-09-08,12,MSTR,long,176.01620483398438,0.0,176.01620483398438
2026-09-08,12,MSTR,long,8.222991943359375,0.0,8.222991943359375
2026-09-08,12,MSTR,long,-24.5989990234375,0.0,-24.5989990234375
2026-09-08,12,MSTR,long,-254.10140991210938,0.0,-254.10140991210938
2026-09-08,12,MSTR,long,-18.1475830078125,0.0,-18.1475830078125
2026-09-08,12,MSTR,long,-213.85301208496094,0.0,-213.85301208496094
2026-09-08,12,MSTR,long,-9.869598388671875,0.0,-9.869598388671875
2026-09-08,12,MSTR,long,-49.197998046875,0.0,-49.197998046875
2026-09-08,12,MSTR,long,16.350997924804688,0.0,16.350997924804688
2026-09-08,12,MSTR,long,35.97019958496094,0.0,35.97019958496094
2026-09-08,12,MSTR,long,-81.5,0.0,-81.5
2026-09-08,12,MSTR,long,6.51641845703125,0.0,6.51641845703125
2026-09-08,12,MSTR,long,120.62338256835938,0.0,120.62338256835938
2026-09-08,12,MSTR,long,-19.5592041015625,0.0,-19.5592041015625
2026-09-08,12,MSTR,long,258.37440490722656,0.0,258.37440490722656
2026-09-08,12,MSTR,long,14.624404907226562,0.0,14.624404907226562
2026-09-08,12,MSTR,long,-71.2803955078125,0.0,-71.2803955078125
2026-09-08,12,MSTR,long,-9.689605712890625,0.0,-9.689605712890625
2026-09-08,12,MSTR,long,-177.51861572265625,0.0,-177.51861572265625
2026-09-08,12,MSTR,long,3.6358642578125,0.0,3.6358642578125
2026-09-08,13,MSTR,long,-120.375,0.0,-120.375
2026-09-08,13,MSTR,long,3.213134765625,0.0,3.213134765625
2026-09-08,13,MSTR,long,145.6005859375,0.0,145.6005859375
2026-09-08,13,MSTR,long,3.1982421875,0.0,3.1982421875
2026-09-08,13,MSTR,long,-118.0284423828125,0.0,-118.0284423828125
2026-09-08,13,MSTR,long,-6.3813629150390625,0.0,-6.3813629150390625
2026-09-08,13,MSTR,long,47.69805908203125,0.0,47.69805908203125
2026-09-08,13,MSTR,long,-17.4876708984375,0.0,-17.4876708984375
2026-09-08,13,MSTR,long,-87.17306518554688,0.0,-87.17306518554688
2026-09-08,13,MSTR,long,3.1682586669921875,0.0,3.1682586669921875
2026-09-08,13,MSTR,long,-91.93270874023438,0.0,-91.93270874023438
2026-09-08,13,MSTR,long,-3.1682586669921875,0.0,-3.1682586669921875
2026-09-08,13,MSTR,long,94.7672119140625,0.0,94.7672119140625
2026-09-08,13,MSTR,long,0.03375244140625,0.0,0.03375244140625
2026-09-08,13,MSTR,long,138.60076904296875,0.0,138.60076904296875
2026-09-08,13,MSTR,long,-9.449615478515625,0.0,-9.449615478515625
2026-09-08,13,MSTR,long,-100.80230712890625,0.0,-100.80230712890625
2026-09-08,13,MSTR,long,-15.750961303710938,0.0,-15.750961303710938
2026-09-08,13,MSTR,long,-56.551239013671875,0.0,-56.551239013671875
2026-09-08,13,MSTR,long,-9.386077880859375,0.0,-9.386077880859375
2026-09-08,13,MSTR,long,-15.650955200195312,0.0,-15.650955200195312
2026-09-08,13,MSTR,long,12.517898559570312,0.0,12.517898559570312
2026-09-08,13,MSTR,long,81.123046875,0.0,81.123046875
2026-09-08,13,MSTR,long,18.71923828125,0.0,18.71923828125
2026-09-08,14,MSTR,long,-92.0394287109375,0.0,-92.0394287109375
2026-09-08,14,MSTR,long,4.6798095703125,0.0,4.6798095703125
2026-09-08,14,MSTR,long,65.517333984375,0.0,65.517333984375
2026-09-08,14,MSTR,long,3.123046875,0.0,3.123046875
2026-09-08,14,MSTR,long,143.05734252929688,0.0,143.05734252929688
2026-09-08,14,MSTR,long,6.2213287353515625,0.0,6.2213287353515625
2026-09-08,14,MSTR,long,-12.437911987304688,0.0,-12.437911987304688
2026-09-08,14,MSTR,long,31.097152709960938,0.0,31.097152709960938
2026-09-08,14,MSTR,long,20.21575927734375,0.0,20.21575927734375
2026-09-08,14,MSTR,long,10.886138916015625,0.0,10.886138916015625
2026-09-08,14,MSTR,long,-27.89886474609375,0.0,-27.89886474609375
2026-09-08,14,MSTR,long,-120.50981140136719,0.0,-120.50981140136719
2026-09-08,14,MSTR,long,1.5417938232421875,0.0,1.5417938232421875
2026-09-08,14,MSTR,long,-43.89056396484375,0.0,-43.89056396484375
2026-09-08,14,MSTR,long,-25.4066162109375,0.0,-25.4066162109375
2026-09-08,14,MSTR,long,-107.8018798828125,0.0,-107.8018798828125
2026-09-08,14,MSTR,long,-6.16131591796875,0.0,-6.16131591796875
2026-09-08,14,MSTR,long,56.79425048828125,0.0,56.79425048828125
2026-09-08,14,MSTR,long,7.6778106689453125,0.0,7.6778106689453125
2026-09-08,14,MSTR,long,-257.03887939453125,0.0,-257.03887939453125
2026-09-08,14,MSTR,long,12.237945556640625,0.0,12.237945556640625
2026-09-08,14,MSTR,long,5.549774169921875,0.0,5.549774169921875
2026-09-08,14,MSTR,long,5.9195709228515625,0.0,5.9195709228515625
2026-09-08,15,MSTR,long,12.5135498046875,0.0,12.5135498046875
2026-09-08,15,MSTR,long,3.677978515625,0.0,3.677978515625
2026-09-08,15,MSTR,long,18.401123046875,0.0,18.401123046875
2026-09-08,15,MSTR,long,12.88134765625,0.0,12.88134765625
2026-09-08,15,MSTR,long,-1.7954864501953125,0.0,-1.7954864501953125
2026-09-08,15,MSTR,long,1.4659881591796875,0.0,1.4659881591796875
2026-09-08,15,MSTR,long,11.309051513671875,0.0,11.309051513671875
2026-09-08,15,MSTR,long,-36.399444580078125,0.0,-36.399444580078125
2026-09-08,15,MSTR,long,-6.6256561279296875,0.0,-6.6256561279296875
2026-09-08,15,MSTR,long,4.8138885498046875,0.0,4.8138885498046875
2026-09-08,15,MSTR,long,106.1993408203125,0.0,106.1993408203125
2026-09-08,15,MSTR,long,-1.79901123046875,0.0,-1.79901123046875
2026-09-08,15,MSTR,long,-57.59857177734375,0.0,-57.59857177734375
2026-09-08,15,MSTR,long,-1.8017578125,0.0,-1.8017578125
2026-09-08,15,MSTR,long,-14.40032958984375,0.0,-14.40032958984375
2026-09-08,15,MSTR,long,1.8017578125,0.0,1.8017578125
2026-09-08,15,MSTR,long,-16.112075805664062,0.0,-16.112075805664062
2026-09-08,15,MSTR,long,12.53131103515625,0.0,12.53131103515625
2026-09-08,15,MSTR,long,-7.12152099609375,0.0,-7.12152099609375
2026-09-08,15,MSTR,long,5.342498779296875,0.0,5.342498779296875
2026-09-08,15,MSTR,long,-12.39129638671875,0.0,-12.39129638671875
2026-09-08,15,MSTR,long,7.0788116455078125,0.0,7.0788116455078125
2026-09-09,9,MSTR,long,-296.7658996582031,0.0,-296.7658996582031
2026-09-09,9,MSTR,long,29.065704345703125,0.0,29.065704345703125
2026-09-09,9,MSTR,long,-299.3650817871094,0.0,-299.3650817871094
2026-09-09,9,MSTR,long,-55.135345458984375,0.0,-55.135345458984375
2026-09-09,9,MSTR,long,-7.251434326171875,0.0,-7.251434326171875
2026-09-09,9,MSTR,long,-2.916168212890625,0.0,-2.916168212890625
2026-09-09,9,MSTR,long,-611.9984436035156,0.0,-611.9984436035156
2026-09-09,9,MSTR,long,-22.949066162109375,0.0,-22.949066162109375
2026-09-09,10,MSTR,long,102.66288757324219,0.0,102.66288757324219
2026-09-09,10,MSTR,long,56.41334533691406,0.0,56.41334533691406
2026-09-09,10,MSTR,long,-186.4852294921875,0.0,-186.4852294921875
2026-09-09,10,MSTR,long,35.2298583984375,0.0,35.2298583984375
2026-09-09,10,MSTR,long,-196.505859375,0.0,-196.505859375
2026-09-09,10,MSTR,long,-42.8433837890625,0.0,-42.8433837890625
2026-09-09,10,MSTR,long,72.93714904785156,0.0,72.93714904785156
2026-09-09,10,MSTR,long,-10.062149047851562,0.0,-10.062149047851562
2026-09-09,10,MSTR,long,-311.237548828125,0.0,-311.237548828125
2026-09-09,10,MSTR,long,17.57183837890625,0.0,17.57183837890625
2026-09-09,10,MSTR,long,77.80938720703125,0.0,77.80938720703125
2026-09-09,10,MSTR,long,10.03448486328125,0.0,10.03448486328125
2026-09-09,10,MSTR,long,951.9045867919922,0.0,951.9045867919922
2026-09-09,10,MSTR,long,5.0072479248046875,0.0,5.0072479248046875
2026-09-09,10,MSTR,long,-92.34619140625,0.0,-92.34619140625
2026-09-09,10,MSTR,long,27.34375,0.0,27.34375
2026-09-09,10,MSTR,long,-9.9945068359375,0.0,-9.9945068359375
2026-09-09,10,MSTR,long,-25.054931640625,0.0,-25.054931640625
2026-09-09,10,MSTR,long,-618.9498901367188,0.0,-618.9498901367188
2026-09-09,10,MSTR,long,-25.99334716796875,0.0,-25.99334716796875
2026-09-09,10,MSTR,long,59.99755859375,0.0,59.99755859375
2026-09-09,10,MSTR,long,10.00213623046875,0.0,10.00213623046875
2026-09-09,10,MSTR,long,-434.43212890625,0.0,-434.43212890625
2026-09-09,10,MSTR,long,0.2969512939453125,0.0,0.2969512939453125
2026-09-09,11,MSTR,long,-39.92091369628906,0.0,-39.92091369628906
2026-09-09,11,MSTR,long,14.969390869140625,0.0,14.969390869140625
2026-09-09,11,MSTR,long,-273.8939208984375,0.0,-273.8939208984375
2026-09-09,11,MSTR,long,-34.8636474609375,0.0,-34.8636474609375
2026-09-09,11,MSTR,long,-134.19212341308594,0.0,-134.19212341308594
2026-09-09,11,MSTR,long,-317.439697265625,0.0,-317.439697265625
2026-09-09,11,MSTR,long,59.525146484375,0.0,59.525146484375
2026-09-09,11,MSTR,long,-34.7236328125,0.0,-34.7236328125
2026-09-09,11,MSTR,long,-544.4954681396484,0.0,-544.4954681396484
2026-09-09,11,MSTR,long,9.894561767578125,0.0,9.894561767578125
2026-09-09,11,MSTR,long,326.6913146972656,0.0,326.6913146972656
2026-09-09,11,MSTR,long,179.0,0.0,179.0
2026-09-09,11,MSTR,long,25.0626220703125,0.0,25.0626220703125
2026-09-09,11,MSTR,long,102.02584838867188,0.0,102.02584838867188
2026-09-09,11,MSTR,long,-8.94781494140625,0.0,-8.94781494140625
2026-09-09,11,MSTR,long,-25.0626220703125,0.0,-25.0626220703125
2026-09-09,11,MSTR,long,-12.525848388671875,0.0,-12.525848388671875
2026-09-09,11,MSTR,long,-102.03131103515625,0.0,-102.03131103515625
2026-09-09,11,MSTR,long,14.317596435546875,0.0,14.317596435546875
2026-09-09,11,MSTR,long,17.851089477539062,0.0,17.851089477539062
2026-09-09,11,MSTR,long,10.709564208984375,0.0,10.709564208984375
2026-09-09,12,MSTR,long,-60.68934631347656,0.0,-60.68934631347656
2026-09-09,12,MSTR,long,-24.987167358398438,0.0,-24.987167358398438
2026-09-09,12,MSTR,long,339.14891052246094,0.0,339.14891052246094
2026-09-09,12,MSTR,long,7.136077880859375,0.0,7.136077880859375
2026-09-09,12,MSTR,long,-199.91912841796875,0.0,-199.91912841796875
2026-09-09,12,MSTR,long,16.064346313476562,0.0,16.064346313476562
2026-09-09,12,MSTR,long,-28.4752197265625,0.0,-28.4752197265625
2026-09-09,12,MSTR,long,-12.4613037109375,0.0,-12.4613037109375
2026-09-09,12,MSTR,long,-106.50108337402344,0.0,-106.50108337402344
2026-09-09,12,MSTR,long,10.649566650390625,0.0,10.649566650390625
2026-09-09,12,MSTR,long,21.29913330078125,0.0,21.29913330078125
2026-09-09,12,MSTR,long,28.400650024414062,0.0,28.400650024414062
2026-09-09,12,MSTR,long,88.75,0.0,88.75
2026-09-09,12,MSTR,long,10.649566650390625,0.0,10.649566650390625
2026-09-09,12,MSTR,long,163.30238342285156,0.0,163.30238342285156
2026-09-09,12,MSTR,long,-156.20086669921875,0.0,-156.20086669921875
2026-09-09,12,MSTR,long,-7.1015167236328125,0.0,-7.1015167236328125
2026-09-09,12,MSTR,long,-21.29913330078125,0.0,-21.29913330078125
2026-09-09,12,MSTR,long,-10.649566650390625,0.0,-10.649566650390625
2026-09-09,12,MSTR,long,-55.024566650390625,0.0,-55.024566650390625
2026-09-09,12,MSTR,long,8.872833251953125,0.0,8.872833251953125
2026-09-09,12,MSTR,long,-1.7713165283203125,0.0,-1.7713165283203125
2026-09-09,12,MSTR,long,23.070449829101562,0.0,23.070449829101562
2026-09-09,13,MSTR,long,51.47651672363281,0.0,51.47651672363281
2026-09-09,13,MSTR,long,-26.623916625976562,0.0,-26.623916625976562
2026-09-09,13,MSTR,long,-65.67413330078125,0.0,-65.67413330078125
2026-09-09,13,MSTR,long,-8.878250122070312,0.0,-8.878250122070312
2026-09-09,13,MSTR,long,21.304550170898438,0.0,21.304550170898438
2026-09-09,13,MSTR,long,3.5480499267578125,0.0,3.5480499267578125
2026-09-09,13,MSTR,long,166.85043334960938,0.0,166.85043334960938
2026-09-09,13,MSTR,long,21.261215209960938,0.0,21.261215209960938
2026-09-09,13,MSTR,long,3.585968017578125,0.0,3.585968017578125
2026-09-09,13,MSTR,long,-10.611648559570312,0.0,-10.611648559570312
2026-09-09,13,MSTR,long,154.38621520996094,0.0,154.38621520996094
2026-09-09,13,MSTR,long,-3.5480499267578125,0.0,-3.5480499267578125
2026-09-09,13,MSTR,long,51.47651672363281,0.0,51.47651672363281
2026-09-09,13,MSTR,long,14.197616577148438,0.0,14.197616577148438
2026-09-09,13,MSTR,long,-131.3482666015625,0.0,-131.3482666015625
2026-09-09,13,MSTR,long,-17.751083374023438,0.0,-17.751083374023438
2026-09-09,13,MSTR,long,-122.47543334960938,0.0,-122.47543334960938
2026-09-09,13,MSTR,long,-1.7713165283203125,0.0,-1.7713165283203125
2026-09-09,13,MSTR,long,-12.426300048828125,0.0,-12.426300048828125
2026-09-09,13,MSTR,long,5.3247833251953125,0.0,5.3247833251953125
2026-09-09,13,MSTR,long,35.49674987792969,0.0,35.49674987792969
2026-09-09,13,MSTR,long,-2.7680206298828125,0.0,-2.7680206298828125
2026-09-09,13,MSTR,long,52.467803955078125,0.0,52.467803955078125
2026-09-09,13,MSTR,long,-14.159698486328125,0.0,-14.159698486328125
2026-09-09,14,MSTR,long,56.54670715332031,0.0,56.54670715332031
2026-09-09,14,MSTR,long,-3.3367919921875,0.0,-3.3367919921875
2026-09-09,14,MSTR,long,-53.247833251953125,0.0,-53.247833251953125
2026-09-09,14,MSTR,long,-3.5480499267578125,0.0,-3.5480499267578125
2026-09-09,14,MSTR,long,-150.87608337402344,0.0,-150.87608337402344
2026-09-09,14,MSTR,long,4.1547393798828125,0.0,4.1547393798828125
2026-09-09,14,MSTR,long,-157.44674682617188,0.0,-157.44674682617188
2026-09-09,14,MSTR,long,7.7407073974609375,0.0,7.7407073974609375
2026-09-09,14,MSTR,long,-12.426300048828125,0.0,-12.426300048828125
2026-09-09,14,MSTR,long,10.649566650390625,0.0,10.649566650390625
2026-09-09,14,MSTR,long,42.483673095703125,0.0,42.483673095703125
2026-09-09,14,MSTR,long,-24.7825927734375,0.0,-24.7825927734375
2026-09-09,14,MSTR,long,65.4891357421875,0.0,65.4891357421875
2026-09-09,14,MSTR,long,-23.005462646484375,0.0,-23.005462646484375
2026-09-09,14,MSTR,long,-145.14129638671875,0.0,-145.14129638671875
2026-09-09,14,MSTR,long,-70.79891967773438,0.0,-70.79891967773438
2026-09-09,14,MSTR,long,24.777191162109375,0.0,24.777191162109375
2026-09-09,14,MSTR,long,7.081512451171875,0.0,7.081512451171875
2026-09-09,14,MSTR,long,-97.35324096679688,0.0,-97.35324096679688
2026-09-09,14,MSTR,long,-79.64675903320312,0.0,-79.64675903320312
2026-09-09,15,MSTR,long,19.4674072265625,0.0,19.4674072265625
2026-09-09,15,MSTR,long,-58.407623291015625,0.0,-58.407623291015625
2026-09-09,15,MSTR,long,1.771728515625,0.0,1.771728515625
2026-09-09,15,MSTR,long,22.940475463867188,0.0,22.940475463867188
2026-09-09,15,MSTR,long,7.0615081787109375,0.0,7.0615081787109375
2026-09-09,15,MSTR,long,185.32284545898438,0.0,185.32284545898438
2026-09-09,15,MSTR,long,-15.846649169921875,0.0,-15.846649169921875
2026-09-09,15,MSTR,long,12.744110107421875,0.0,12.744110107421875
2026-09-09,15,MSTR,long,-16.132125854492188,0.0,-16.132125854492188
2026-09-09,15,MSTR,long,275.1618194580078,0.0,275.1618194580078
2026-09-09,15,MSTR,long,1.626678466796875,0.0,1.626678466796875
2026-09-09,15,MSTR,long,-47.518402099609375,0.0,-47.518402099609375
2026-09-09,15,MSTR,long,-14.079925537109375,0.0,-14.079925537109375
2026-09-09,15,MSTR,long,162.34466552734375,0.0,162.34466552734375
2026-09-09,15,MSTR,long,14.117630004882812,0.0,14.117630004882812
2026-09-09,15,MSTR,long,-328.2928009033203,0.0,-328.2928009033203
2026-09-09,15,MSTR,long,10.594955444335938,0.0,10.594955444335938
2026-09-09,15,MSTR,long,-176.0,0.0,-176.0
2026-09-09,15,MSTR,long,-7.04150390625,0.0,-7.04150390625
2026-09-09,15,MSTR,long,94.77149963378906,0.0,94.77149963378906
2026-09-09,15,MSTR,long,-10.534927368164062,0.0,-10.534927368164062
2026-09-09,15,MSTR,long,-133.37635803222656,0.0,-133.37635803222656
2026-09-09,15,MSTR,long,-7.0214996337890625,0.0,-7.0214996337890625
2026-09-10,9,MSTR,long,218.08056640625,0.0,218.08056640625
2026-09-10,9,MSTR,long,9.2784423828125,0.0,9.2784423828125
2026-09-10,9,MSTR,long,-253.437744140625,0.0,-253.437744140625
2026-09-10,9,MSTR,long,36.9638671875,0.0,36.9638671875
2026-09-10,9,MSTR,long,312.2245788574219,0.0,312.2245788574219
2026-09-10,9,MSTR,long,-22.388992309570312,0.0,-22.388992309570312
2026-09-10,9,MSTR,long,-20.736007690429688,0.0,-20.736007690429688
2026-09-10,9,MSTR,long,17.251052856445312,0.0,17.251052856445312
2026-09-10,10,MSTR,long,110.39726257324219,0.0,110.39726257324219
2026-09-10,10,MSTR,long,44.8516845703125,0.0,44.8516845703125
2026-09-10,10,MSTR,long,310.4978942871094,0.0,310.4978942871094
2026-09-10,10,MSTR,long,6.9014739990234375,0.0,6.9014739990234375
2026-09-10,10,MSTR,long,-360.5243682861328,0.0,-360.5243682861328
2026-09-10,10,MSTR,long,8.659744262695312,0.0,8.659744262695312
2026-09-10,10,MSTR,long,-86.28684997558594,0.0,-86.28684997558594
2026-09-10,10,MSTR,long,-13.797683715820312,0.0,-13.797683715820312
2026-09-10,10,MSTR,long,-213.90357971191406,0.0,-213.90357971191406
2026-09-10,10,MSTR,long,376.0540008544922,0.0,376.0540008544922
2026-09-10,10,MSTR,long,6.896209716796875,0.0,6.896209716796875
2026-09-10,10,MSTR,long,-98.0360107421875,0.0,-98.0360107421875
2026-09-10,10,MSTR,long,-32.680419921875,0.0,-32.680419921875
2026-09-10,10,MSTR,long,60.02604675292969,0.0,60.02604675292969
2026-09-10,10,MSTR,long,22.290603637695312,0.0,22.290603637695312
2026-09-10,10,MSTR,long,112.89715576171875,0.0,112.89715576171875
2026-09-10,10,MSTR,long,3.386810302734375,0.0,3.386810302734375
2026-09-10,10,MSTR,long,13.677703857421875,0.0,13.677703857421875
2026-09-10,10,MSTR,long,173.9081268310547,0.0,173.9081268310547
2026-09-10,10,MSTR,long,15.349578857421875,0.0,15.349578857421875
2026-09-10,10,MSTR,long,73.31375122070312,0.0,73.31375122070312
2026-09-10,10,MSTR,long,30.688751220703125,0.0,30.688751220703125
2026-09-10,11,MSTR,long,-78.42854309082031,0.0,-78.42854309082031
2026-09-10,11,MSTR,long,-10.229583740234375,0.0,-10.229583740234375
2026-09-10,11,MSTR,long,-255.75,0.0,-255.75
2026-09-10,11,MSTR,long,35.80354309082031,0.0,35.80354309082031
2026-09-10,11,MSTR,long,5.09979248046875,0.0,5.09979248046875
2026-09-10,11,MSTR,long,1.70166015625,0.0,1.70166015625
2026-09-10,11,MSTR,long,-23.73248291015625,0.0,-23.73248291015625
2026-09-10,11,MSTR,long,-10.169586181640625,0.0,-10.169586181640625
2026-09-10,11,MSTR,long,-74.36041259765625,0.0,-74.36041259765625
2026-09-10,11,MSTR,long,-6.555145263671875,0.0,-6.555145263671875
2026-09-10,11,MSTR,long,-47.38548278808594,0.0,-47.38548278808594
2026-09-10,11,MSTR,long,-18.53253173828125,0.0,-18.53253173828125
2026-09-10,11,MSTR,long,-30.23876953125,0.0,-30.23876953125
2026-09-10,11,MSTR,long,8.39794921875,0.0,8.39794921875
2026-09-10,11,MSTR,long,45.358154296875,0.0,45.358154296875
2026-09-10,11,MSTR,long,5.039794921875,0.0,5.039794921875
2026-09-10,11,MSTR,long,85.4266357421875,0.0,85.4266357421875
2026-09-10,11,MSTR,long,-23.447341918945312,0.0,-23.447341918945312
2026-09-10,11,MSTR,long,51.76959228515625,0.0,51.76959228515625
2026-09-10,11,MSTR,long,-141.52601623535156,0.0,-141.52601623535156
2026-09-10,11,MSTR,long,-6.6614227294921875,0.0,-6.6614227294921875
2026-09-10,11,MSTR,long,-29.645751953125,0.0,-29.645751953125
2026-09-10,11,MSTR,long,-16.23626708984375,0.0,-16.23626708984375
2026-09-10,12,MSTR,long,105.32644653320312,0.0,105.32644653320312
2026-09-10,12,MSTR,long,-23.17242431640625,0.0,-23.17242431640625
2026-09-10,12,MSTR,long,-158.39859008789062,0.0,-158.39859008789062
2026-09-10,12,MSTR,long,-14.849395751953125,0.0,-14.849395751953125
2026-09-10,12,MSTR,long,-197.40200805664062,0.0,-197.40200805664062
2026-09-10,12,MSTR,long,9.869598388671875,0.0,9.869598388671875
2026-09-10,12,MSTR,long,6.5614013671875,0.0,6.5614013671875
2026-09-10,12,MSTR,long,-2.98291015625,0.0,-2.98291015625
2026-09-10,12,MSTR,long,-54.25218200683594,0.0,-54.25218200683594
2026-09-10,12,MSTR,long,-9.809600830078125,0.0,-9.809600830078125
2026-09-10,12,MSTR,long,98.65484619140625,0.0,98.65484619140625
2026-09-10,12,MSTR,long,14.160552978515625,0.0,14.160552978515625
2026-09-10,12,MSTR,long,-56.8868408203125,0.0,-56.8868408203125
2026-09-10,12,MSTR,long,6.35723876953125,0.0,6.35723876953125
2026-09-10,12,MSTR,long,-45.49980163574219,0.0,-45.49980163574219
2026-09-10,12,MSTR,long,-11.376190185546875,0.0,-11.376190185546875
2026-09-10,12,MSTR,long,154.37698364257812,0.0,154.37698364257812
2026-09-10,12,MSTR,long,3.2482147216796875,0.0,3.2482147216796875
2026-09-10,12,MSTR,long,-43.73822021484375,0.0,-43.73822021484375
2026-09-10,12,MSTR,long,14.57940673828125,0.0,14.57940673828125
2026-09-10,12,MSTR,long,-25.840591430664062,0.0,-25.840591430664062
2026-09-10,12,MSTR,long,-3.2282257080078125,0.0,-3.2282257080078125
2026-09-10,12,MSTR,long,-16.100982666015625,0.0,-16.100982666015625
2026-09-10,12,MSTR,long,9.65960693359375,0.0,9.65960693359375
2026-09-10,13,MSTR,long,166.92137145996094,0.0,166.92137145996094
2026-09-10,13,MSTR,long,3.2082366943359375,0.0,3.2082366943359375
2026-09-10,13,MSTR,long,-63.10546875,0.0,-63.10546875
2026-09-10,13,MSTR,long,11.904296875,0.0,11.904296875
2026-09-10,13,MSTR,long,-19.13922119140625,0.0,-19.13922119140625
2026-09-10,13,MSTR,long,-41.341552734375,0.0,-41.341552734375
2026-09-10,13,MSTR,long,11.13116455078125,0.0,11.13116455078125
2026-09-10,13,MSTR,long,74.73019409179688,0.0,74.73019409179688
2026-09-10,13,MSTR,long,0.033966064453125,0.0,0.033966064453125
2026-09-10,13,MSTR,long,122.0093994140625,0.0,122.0093994140625
2026-09-10,13,MSTR,long,26.3134765625,0.0,26.3134765625
2026-09-10,13,MSTR,long,17.724853515625,0.0,17.724853515625
2026-09-10,13,MSTR,long,-21.8330078125,0.0,-21.8330078125
2026-09-10,13,MSTR,long,175.377685546875,0.0,175.377685546875
2026-09-10,13,MSTR,long,12.60894775390625,0.0,12.60894775390625
2026-09-10,13,MSTR,long,-207.8675079345703,0.0,-207.8675079345703
2026-09-10,13,MSTR,long,-9.449615478515625,0.0,-9.449615478515625
2026-09-10,13,MSTR,long,28.25885009765625,0.0,28.25885009765625
2026-09-10,13,MSTR,long,-25.040573120117188,0.0,-25.040573120117188
2026-09-10,13,MSTR,long,-13.893386840820312,0.0,-13.893386840820312
2026-09-10,13,MSTR,long,-6.427001953125,0.0,-6.427001953125
2026-09-10,13,MSTR,long,-12.8873291015625,0.0,-12.8873291015625
2026-09-10,14,MSTR,long,-32.25030517578125,0.0,-32.25030517578125
2026-09-10,14,MSTR,long,18.65924072265625,0.0,18.65924072265625
2026-09-10,14,MSTR,long,-133.33084106445312,0.0,-133.33084106445312
2026-09-10,14,MSTR,long,-9.271240234375,0.0,-9.271240234375
2026-09-10,14,MSTR,long,-68.20037841796875,0.0,-68.20037841796875
2026-09-10,14,MSTR,long,3.10302734375,0.0,3.10302734375
2026-09-10,14,MSTR,long,-46.502838134765625,0.0,-46.502838134765625
2026-09-10,14,MSTR,long,80.60302734375,0.0,80.60302734375
2026-09-10,14,MSTR,long,-6.201324462890625,0.0,-6.201324462890625
2026-09-10,14,MSTR,long,46.348114013671875,0.0,46.348114013671875
2026-09-10,14,MSTR,long,6.1813201904296875,0.0,6.1813201904296875
2026-09-10,14,MSTR,long,-120.50981140136719,0.0,-120.50981140136719
2026-09-10,14,MSTR,long,6.1813201904296875,0.0,6.1813201904296875
2026-09-10,14,MSTR,long,12.357925415039062,0.0,12.357925415039062
2026-09-10,14,MSTR,long,9.269622802734375,0.0,9.269622802734375
2026-09-10,14,MSTR,long,30.8018798828125,0.0,30.8018798828125
2026-09-10,14,MSTR,long,-9.2396240234375,0.0,-9.2396240234375
2026-09-10,14,MSTR,long,73.68168640136719,0.0,73.68168640136719
2026-09-10,14,MSTR,long,-9.214309692382812,0.0,-9.214309692382812
2026-09-10,14,MSTR,long,-30.697189331054688,0.0,-30.697189331054688
2026-09-10,14,MSTR,long,-15.350936889648438,0.0,-15.350936889648438
2026-09-10,14,MSTR,long,79.55831909179688,0.0,79.55831909179688
2026-09-10,14,MSTR,long,-6.11663818359375,0.0,-6.11663818359375
2026-09-10,15,MSTR,long,45.748138427734375,0.0,45.748138427734375
2026-09-10,15,MSTR,long,9.149627685546875,0.0,9.149627685546875
2026-09-10,15,MSTR,long,-51.8603515625,0.0,-51.8603515625
2026-09-10,15,MSTR,long,3.21923828125,0.0,3.21923828125
2026-09-10,15,MSTR,long,26.8157958984375,0.0,26.8157958984375
2026-09-10,15,MSTR,long,-11.512298583984375,0.0,-11.512298583984375
2026-09-10,15,MSTR,long,-54.509857177734375,0.0,-54.509857177734375
2026-09-10,15,MSTR,long,7.54815673828125,0.0,7.54815673828125
2026-09-10,15,MSTR,long,-30.097244262695312,0.0,-30.097244262695312
2026-09-10,15,MSTR,long,-13.549041748046875,0.0,-13.549041748046875
2026-09-10,15,MSTR,long,54.00238037109375,0.0,54.00238037109375
2026-09-10,15,MSTR,long,6.00128173828125,0.0,6.00128173828125
2026-09-10,15,MSTR,long,-22.42864990234375,0.0,-22.42864990234375
2026-09-10,15,MSTR,long,4.4848175048828125,0.0,4.4848175048828125
2026-09-10,15,MSTR,long,-74.5,0.0,-74.5
2026-09-10,15,MSTR,long,-29.697280883789062,0.0,-29.697280883789062
2026-09-10,15,MSTR,long,-8.760086059570312,0.0,-8.760086059570312
2026-09-10,15,MSTR,long,-23.91009521484375,0.0,-23.91009521484375
2026-09-10,15,MSTR,long,7.423187255859375,0.0,7.423187255859375
2026-09-10,15,MSTR,long,-45.879638671875,0.0,-45.879638671875
2026-09-10,15,MSTR,long,-14.8009033203125,0.0,-14.8009033203125
2026-09-10,15,MSTR,long,-97.676025390625,0.0,-97.676025390625
2026-09-10,15,MSTR,long,26.638916015625,0.0,26.638916015625
2026-09-11,9,MSTR,long,37.06292724609375,0.0,37.06292724609375
2026-09-11,9,MSTR,long,10.8973388671875,0.0,10.8973388671875
2026-09-11,9,MSTR,long,487.9160461425781,0.0,487.9160461425781
2026-09-11,9,MSTR,long,-11.83050537109375,0.0,-11.83050537109375
2026-09-11,9,MSTR,long,420.4667663574219,0.0,420.4667663574219
2026-09-11,9,MSTR,long,-36.337158203125,0.0,-36.337158203125
2026-09-11,9,MSTR,long,151.1795654296875,0.0,151.1795654296875
2026-09-11,9,MSTR,long,21.5980224609375,0.0,21.5980224609375
2026-09-11,10,MSTR,long,912.8009948730469,0.0,912.8009948730469
2026-09-11,10,MSTR,long,-3.258209228515625,0.0,-3.258209228515625
2026-09-11,10,MSTR,long,245.9326171875,0.0,245.9326171875
2026-09-11,10,MSTR,long,-11.21221923828125,0.0,-11.21221923828125
2026-09-11,10,MSTR,long,-524.8129119873047,0.0,-524.8129119873047
2026-09-11,10,MSTR,long,-9.172760009765625,0.0,-9.172760009765625
2026-09-11,10,MSTR,long,76.53863525390625,0.0,76.53863525390625
2026-09-11,10,MSTR,long,-9.458740234375,0.0,-9.458740234375
2026-09-11,10,MSTR,long,92.55299377441406,0.0,92.55299377441406
2026-09-11,10,MSTR,long,3.4607391357421875,0.0,3.4607391357421875
2026-09-11,10,MSTR,long,-166.07852172851562,0.0,-166.07852172851562
2026-09-11,10,MSTR,long,1.7290496826171875,0.0,1.7290496826171875
2026-09-11,10,MSTR,long,-20.63916015625,0.0,-20.63916015625
2026-09-11,10,MSTR,long,-1.7216796875,0.0,-1.7216796875
2026-09-11,10,MSTR,long,-106.63916015625,0.0,-106.63916015625
2026-09-11,10,MSTR,long,2.9761962890625,0.0,2.9761962890625
2026-09-11,10,MSTR,long,-145.73651123046875,0.0,-145.73651123046875
2026-09-11,10,MSTR,long,-3.33575439453125,0.0,-3.33575439453125
2026-09-11,10,MSTR,long,-19.02508544921875,0.0,-19.02508544921875
2026-09-11,10,MSTR,long,15.48199462890625,0.0,15.48199462890625
2026-09-11,10,MSTR,long,154.7989501953125,0.0,154.7989501953125
2026-09-11,10,MSTR,long,-11.180419921875,0.0,-11.180419921875
2026-09-11,10,MSTR,long,157.81626892089844,0.0,157.81626892089844
2026-09-11,10,MSTR,long,3.7808074951171875,0.0,3.7808074951171875
2026-09-11,11,MSTR,long,21.6181640625,0.0,21.6181640625
2026-09-11,11,MSTR,long,12.220458984375,0.0,12.220458984375
2026-09-11,11,MSTR,long,-86.02125549316406,0.0,-86.02125549316406
2026-09-11,11,MSTR,long,-1.8689727783203125,0.0,-1.8689727783203125
2026-09-11,11,MSTR,long,-3.720794677734375,0.0,-3.720794677734375
2026-09-11,11,MSTR,long,-9.2977294921875,0.0,-9.2977294921875
2026-09-11,11,MSTR,long,-4.651702880859375,0.0,-4.651702880859375
2026-09-11,11,MSTR,long,-8.369659423828125,0.0,-8.369659423828125
2026-09-11,11,MSTR,long,131.3512420654297,0.0,131.3512420654297
2026-09-11,11,MSTR,long,-12.95135498046875,0.0,-12.95135498046875
2026-09-11,11,MSTR,long,-23.9208984375,0.0,-23.9208984375
2026-09-11,11,MSTR,long,11.0423583984375,0.0,11.0423583984375
2026-09-11,11,MSTR,long,23.9180908203125,0.0,23.9180908203125
2026-09-11,11,MSTR,long,1.841796875,0.0,1.841796875
2026-09-11,11,MSTR,long,20.2401123046875,0.0,20.2401123046875
2026-09-11,11,MSTR,long,5.519775390625,0.0,5.519775390625
2026-09-11,11,MSTR,long,-71.36988830566406,0.0,-71.36988830566406
2026-09-11,11,MSTR,long,9.14776611328125,0.0,9.14776611328125
2026-09-11,11,MSTR,long,-33.6695556640625,0.0,-33.6695556640625
2026-09-11,11,MSTR,long,-4.54888916015625,0.0,-4.54888916015625
2026-09-11,11,MSTR,long,-98.28155517578125,0.0,-98.28155517578125
2026-09-11,11,MSTR,long,-9.0977783203125,0.0,-9.0977783203125
2026-09-11,11,MSTR,long,-339.4309997558594,0.0,-339.4309997558594
2026-09-11,11,MSTR,long,-0.910888671875,0.0,-0.910888671875
2026-09-11,12,MSTR,short,-6.2999725341796875,0.0,-6.2999725341796875
2026-09-11,12,MSTR,short,-0.1349945068359375,0.0,-0.1349945068359375
2026-09-11,12,MSTR,short,-0.7650604248046875,0.0,-0.7650604248046875
2026-09-11,12,MSTR,short,-0.44989013671875,0.0,-0.44989013671875
2026-09-11,12,MSTR,short,5.9599609375,0.0,5.9599609375
2026-09-11,12,MSTR,short,-0.0240478515625,0.0,-0.0240478515625
2026-09-11,12,MSTR,short,3.4860076904296875,0.0,3.4860076904296875
2026-09-11,12,MSTR,short,-0.4899444580078125,0.0,-0.4899444580078125
2026-09-11,12,MSTR,short,0.07196044921875,0.0,0.07196044921875
2026-09-11,12,MSTR,short,-2.859954833984375,0.0,-2.859954833984375
2026-09-11,12,MSTR,short,0.03997802734375,0.0,0.03997802734375
2026-09-11,12,MSTR,short,0.20001220703125,0.0,0.20001220703125
2026-09-11,12,MSTR,short,1.6199798583984375,0.0,1.6199798583984375
2026-09-11,12,MSTR,short,-0.089996337890625,0.0,-0.089996337890625
2026-09-11,12,MSTR,short,-1.540191650390625,0.0,-1.540191650390625
2026-09-11,12,MSTR,short,0.00018310546875,0.0,0.00018310546875
2026-09-11,12,MSTR,short,0.260009765625,0.0,0.260009765625
2026-09-11,12,MSTR,short,0.0099945068359375,0.0,0.0099945068359375
2026-09-11,14,MSTR,short,129.5980224609375,0.0,129.5980224609375
2026-09-11,14,MSTR,short,-9.7196044921875,0.0,-9.7196044921875
2026-09-11,14,MSTR,short,-29.1588134765625,0.0,-29.1588134765625
2026-09-11,14,MSTR,short,-0.3262939453125,0.0,-0.3262939453125
2026-09-11,14,MSTR,short,-202.1737060546875,0.0,-202.1737060546875
2026-09-11,14,MSTR,short,24.29901123046875,0.0,24.29901123046875
2026-09-11,14,MSTR,short,151.77589416503906,0.0,151.77589416503906
2026-09-11,14,MSTR,short,-12.888259887695312,0.0,-12.888259887695312
2026-09-11,14,MSTR,short,-99.8192138671875,0.0,-99.8192138671875
2026-09-11,14,MSTR,short,9.65960693359375,0.0,9.65960693359375
2026-09-11,14,MSTR,short,-33.70362854003906,0.0,-33.70362854003906
2026-09-11,14,MSTR,short,-11.236175537109375,0.0,-11.236175537109375
2026-09-11,14,MSTR,short,-117.161865234375,0.0,-117.161865234375
2026-09-11,14,MSTR,short,-11.236175537109375,0.0,-11.236175537109375
2026-09-11,14,MSTR,short,192.60195922851562,0.0,192.60195922851562
2026-09-11,14,MSTR,short,14.444412231445312,0.0,14.444412231445312
2026-09-11,14,MSTR,short,142.8424530029297,0.0,142.8424530029297
2026-09-11,14,MSTR,short,8.027938842773438,0.0,8.027938842773438
2026-09-11,14,MSTR,short,113.5986328125,0.0,113.5986328125
2026-09-11,14,MSTR,short,-16.0009765625,0.0,-16.0009765625
2026-09-11,15,MSTR,short,-162.68824768066406,0.0,-162.68824768066406
2026-09-11,15,MSTR,short,3.1882476806640625,0.0,3.1882476806640625
2026-09-11,15,MSTR,short,-151.05194091796875,0.0,-151.05194091796875
2026-09-11,15,MSTR,short,-20.25347900390625,0.0,-20.25347900390625
2026-09-11,15,MSTR,short,24.792022705078125,0.0,24.792022705078125
2026-09-11,15,MSTR,short,141.29904174804688,0.0,141.29904174804688
2026-09-11,15,MSTR,short,-4.709808349609375,0.0,-4.709808349609375
2026-09-11,15,MSTR,short,117.375,0.0,117.375
2026-09-11,15,MSTR,short,1.5617523193359375,0.0,1.5617523193359375
2026-09-11,15,MSTR,short,-117.375,0.0,-117.375
2026-09-11,15,MSTR,short,3.0996246337890625,0.0,3.0996246337890625
2026-09-11,15,MSTR,short,103.32400512695312,0.0,103.32400512695312
2026-09-11,15,MSTR,short,18.77923583984375,0.0,18.77923583984375
2026-09-11,15,MSTR,short,-25.040573120117188,0.0,-25.040573120117188
2026-09-11,15,MSTR,short,3.1282806396484375,0.0,3.1282806396484375
2026-09-11,15,MSTR,short,-40.68675231933594,0.0,-40.68675231933594
2026-09-11,15,MSTR,short,6.256561279296875,0.0,6.256561279296875
2026-09-11,15,MSTR,short,-64.16557312011719,0.0,-64.16557312011719
2026-09-11,15,MSTR,short,-4.6948089599609375,0.0,-4.6948089599609375
2026-09-11,15,MSTR,short,-124.798095703125,0.0,-124.798095703125
2026-09-11,15,MSTR,short,12.4779052734375,0.0,12.4779052734375
2026-09-11,15,MSTR,short,190.3201904296875,0.0,190.3201904296875
2026-09-11,15,MSTR,short,-12.4779052734375,0.0,-12.4779052734375
2026-08-31,9,NVDA,short,31.18524169921875,0.0,31.18524169921875
2026-08-31,9,NVDA,short,-1.3761749267578125,0.0,-1.3761749267578125
2026-08-31,9,NVDA,short,-119.17730712890625,0.0,-119.17730712890625
2026-08-31,9,NVDA,short,-2.450897216796875,0.0,-2.450897216796875
2026-08-31,9,NVDA,short,19.95025634765625,0.0,19.95025634765625
2026-08-31,9,NVDA,short,2.1004486083984375,0.0,2.1004486083984375
2026-08-31,9,NVDA,short,-29.925384521484375,0.0,-29.925384521484375
2026-08-31,9,NVDA,short,1.5012359619140625,0.0,1.5012359619140625
2026-08-31,10,NVDA,short,-75.2022705078125,0.0,-75.2022705078125
2026-08-31,10,NVDA,short,-1.685302734375,0.0,-1.685302734375
2026-08-31,10,NVDA,short,-19.884033203125,0.0,-19.884033203125
2026-08-31,10,NVDA,short,0.123779296875,0.0,0.123779296875
2026-08-31,10,NVDA,short,-32.3428955078125,0.0,-32.3428955078125
2026-08-31,10,NVDA,short,0.1031494140625,0.0,0.1031494140625
2026-08-31,10,NVDA,short,-83.42974853515625,0.0,-83.42974853515625
2026-08-31,10,NVDA,short,2.0494384765625,0.0,2.0494384765625
2026-08-31,10,NVDA,short,25.470428466796875,0.0,25.470428466796875
2026-08-31,10,NVDA,short,-0.978973388671875,0.0,-0.978973388671875
2026-08-31,10,NVDA,short,38.37895202636719,0.0,38.37895202636719
2026-08-31,10,NVDA,short,-1.796966552734375,0.0,-1.796966552734375
2026-08-31,10,NVDA,short,-50.22125244140625,0.0,-50.22125244140625
2026-08-31,10,NVDA,short,-25.49896240234375,0.0,-25.49896240234375
2026-08-31,10,NVDA,short,-1.49993896484375,0.0,-1.49993896484375
2026-08-31,10,NVDA,short,63.35993957519531,0.0,63.35993957519531
2026-08-31,10,NVDA,short,-24.256027221679688,0.0,-24.256027221679688
2026-08-31,10,NVDA,short,14.210418701171875,0.0,14.210418701171875
2026-08-31,10,NVDA,short,0.98095703125,0.0,0.98095703125
2026-08-31,10,NVDA,short,16.169342041015625,0.0,16.169342041015625
2026-08-31,10,NVDA,short,-0.490478515625,0.0,-0.490478515625
2026-08-31,11,NVDA,short,-9.215118408203125,0.0,-9.215118408203125
2026-08-31,11,NVDA,short,-2.424407958984375,0.0,-2.424407958984375
2026-08-31,11,NVDA,short,32.01017761230469,0.0,32.01017761230469
2026-08-31,11,NVDA,short,1.9404144287109375,0.0,1.9404144287109375
2026-08-31,11,NVDA,short,0.767578125,0.0,0.767578125
2026-08-31,11,NVDA,short,3.07177734375,0.0,3.07177734375
2026-08-31,11,NVDA,short,9.965896606445312,0.0,9.965896606445312
2026-08-31,11,NVDA,short,-1.4162445068359375,0.0,-1.4162445068359375
2026-08-31,11,NVDA,short,-37.999420166015625,0.0,-37.999420166015625
2026-08-31,11,NVDA,short,-0.9494781494140625,0.0,-0.9494781494140625
2026-08-31,11,NVDA,short,-49.40040588378906,0.0,-49.40040588378906
2026-08-31,11,NVDA,short,-0.950927734375,0.0,-0.950927734375
2026-08-31,11,NVDA,short,-5.6397705078125,0.0,-5.6397705078125
2026-08-31,11,NVDA,short,1.880401611328125,0.0,1.880401611328125
2026-08-31,11,NVDA,short,41.73902893066406,0.0,41.73902893066406
2026-08-31,11,NVDA,short,0.110687255859375,0.0,0.110687255859375
2026-08-31,11,NVDA,short,4.60028076171875,0.0,4.60028076171875
2026-08-31,11,NVDA,short,-0.91949462890625,0.0,-0.91949462890625
2026-08-31,11,NVDA,short,3.6393890380859375,0.0,3.6393890380859375
2026-08-31,11,NVDA,short,-0.9095001220703125,0.0,-0.9095001220703125
2026-08-31,11,NVDA,short,-23.40087890625,0.0,-23.40087890625
2026-08-31,11,NVDA,short,-0.899505615234375,0.0,-0.899505615234375
2026-08-31,11,NVDA,short,-4.89434814453125,0.0,-4.89434814453125
2026-08-31,11,NVDA,short,0.4440765380859375,0.0,0.4440765380859375
2026-08-31,12,NVDA,short,49.2972412109375,0.0,49.2972412109375
2026-08-31,12,NVDA,short,-0.89697265625,0.0,-0.89697265625
2026-08-31,12,NVDA,short,17.5997314453125,0.0,17.5997314453125
2026-08-31,12,NVDA,short,0.880859375,0.0,0.880859375
2026-08-31,12,NVDA,short,0.8695220947265625,0.0,0.8695220947265625
2026-08-31,12,NVDA,short,-0.8695220947265625,0.0,-0.8695220947265625
2026-08-31,12,NVDA,short,-38.28021240234375,0.0,-38.28021240234375
2026-08-31,12,NVDA,short,0.8695220947265625,0.0,0.8695220947265625
2026-08-31,12,NVDA,short,-4.300262451171875,0.0,-4.300262451171875
2026-08-31,12,NVDA,short,-0.859527587890625,0.0,-0.859527587890625
2026-08-31,12,NVDA,short,-14.875259399414062,0.0,-14.875259399414062
2026-08-31,12,NVDA,short,-22.984085083007812,0.0,-22.984085083007812
2026-08-31,12,NVDA,short,-0.3826141357421875,0.0,-0.3826141357421875
2026-08-31,12,NVDA,short,28.552001953125,0.0,28.552001953125
2026-08-31,12,NVDA,short,0.00897216796875,0.0,0.00897216796875
2026-08-31,12,NVDA,short,4.9709320068359375,0.0,4.9709320068359375
2026-08-31,12,NVDA,short,-0.8295440673828125,0.0,-0.8295440673828125
2026-08-31,12,NVDA,short,8.609649658203125,0.0,8.609649658203125
2026-08-31,12,NVDA,short,-20.6553955078125,0.0,-20.6553955078125
2026-08-31,12,NVDA,short,8.00048828125,0.0,8.00048828125
2026-08-31,13,NVDA,short,-22.909469604492188,0.0,-22.909469604492188
2026-08-31,13,NVDA,short,-0.790771484375,0.0,-0.790771484375
2026-08-31,13,NVDA,short,12.4874267578125,0.0,12.4874267578125
2026-08-31,13,NVDA,short,0.765289306640625,0.0,0.765289306640625
2026-08-31,13,NVDA,short,6.9379425048828125,0.0,6.9379425048828125
2026-08-31,13,NVDA,short,7.59930419921875,0.0,7.59930419921875
2026-08-31,13,NVDA,short,0.75958251953125,0.0,0.75958251953125
2026-08-31,13,NVDA,short,0.750732421875,0.0,0.750732421875
2026-08-31,13,NVDA,short,2.249908447265625,0.0,2.249908447265625
2026-08-31,13,NVDA,short,-0.370361328125,0.0,-0.370361328125
2026-08-31,13,NVDA,short,30.295623779296875,0.0,30.295623779296875
2026-08-31,13,NVDA,short,0.7295989990234375,0.0,0.7295989990234375
2026-08-31,13,NVDA,short,10.79296875,0.0,10.79296875
2026-08-31,13,NVDA,short,0.006591796875,0.0,0.006591796875
2026-08-31,13,NVDA,short,-9.371185302734375,0.0,-9.371185302734375
2026-08-31,13,NVDA,short,0.1419219970703125,0.0,0.1419219970703125
2026-08-31,13,NVDA,short,-21.6998291015625,0.0,-21.6998291015625
2026-08-31,13,NVDA,short,-0.70068359375,0.0,-0.70068359375
2026-08-31,13,NVDA,short,-6.2023773193359375,0.0,-6.2023773193359375
2026-08-31,13,NVDA,short,0.6822509765625,0.0,0.6822509765625
2026-08-31,13,NVDA,short,-10.004241943359375,0.0,-10.004241943359375
2026-08-31,14,NVDA,short,19.0399169921875,0.0,19.0399169921875
2026-08-31,14,NVDA,short,-0.34033203125,0.0,-0.34033203125
2026-08-31,14,NVDA,short,-1.3402862548828125,0.0,-1.3402862548828125
2026-08-31,14,NVDA,short,-0.4017791748046875,0.0,-0.4017791748046875
2026-08-31,14,NVDA,short,2.375701904296875,0.0,2.375701904296875
2026-08-31,14,NVDA,short,-0.329315185546875,0.0,-0.329315185546875
2026-08-31,14,NVDA,short,17.874603271484375,0.0,17.874603271484375
2026-08-31,14,NVDA,short,0.3253173828125,0.0,0.3253173828125
2026-08-31,14,NVDA,short,-6.5732421875,0.0,-6.5732421875
2026-08-31,14,NVDA,short,-0.146484375,0.0,-0.146484375
2026-08-31,14,NVDA,short,-8.8209228515625,0.0,-8.8209228515625
2026-08-31,14,NVDA,short,37.20037841796875,0.0,37.20037841796875
2026-08-31,14,NVDA,short,1.240264892578125,0.0,1.240264892578125
2026-08-31,14,NVDA,short,33.85455322265625,0.0,33.85455322265625
2026-08-31,14,NVDA,short,20.64056396484375,0.0,20.64056396484375
2026-08-31,14,NVDA,short,-1.13433837890625,0.0,-1.13433837890625
2026-08-31,14,NVDA,short,-4.135833740234375,0.0,-4.135833740234375
2026-08-31,14,NVDA,short,-0.5842742919921875,0.0,-0.5842742919921875
2026-08-31,14,NVDA,short,8.114654541015625,0.0,8.114654541015625
2026-08-31,14,NVDA,short,-0.464630126953125,0.0,-0.464630126953125
2026-08-31,14,NVDA,short,-23.478057861328125,0.0,-23.478057861328125
2026-08-31,14,NVDA,short,0.2791900634765625,0.0,0.2791900634765625
2026-08-31,15,NVDA,short,-8.265243530273438,0.0,-8.265243530273438
2026-08-31,15,NVDA,short,-1.709930419921875,0.0,-1.709930419921875
2026-08-31,15,NVDA,short,-13.439453125,0.0,-13.439453125
2026-08-31,15,NVDA,short,0.2794189453125,0.0,0.2794189453125
2026-08-31,15,NVDA,short,1.925201416015625,0.0,1.925201416015625
2026-08-31,15,NVDA,short,-0.5496978759765625,0.0,-0.5496978759765625
2026-08-31,15,NVDA,short,-7.29052734375,0.0,-7.29052734375
2026-08-31,15,NVDA,short,-0.269439697265625,0.0,-0.269439697265625
2026-08-31,15,NVDA,short,5.13006591796875,0.0,5.13006591796875
2026-08-31,15,NVDA,short,-32.59529113769531,0.0,-32.59529113769531
2026-08-31,15,NVDA,short,-0.5297088623046875,0.0,-0.5297088623046875
2026-08-31,15,NVDA,short,-17.68060302734375,0.0,-17.68060302734375
2026-08-31,15,NVDA,short,1.785186767578125,0.0,1.785186767578125
2026-08-31,15,NVDA,short,0.2653656005859375,0.0,0.2653656005859375
2026-08-31,15,NVDA,short,-0.0101165771484375,0.0,-0.0101165771484375
2026-08-31,15,NVDA,short,-9.251220703125,0.0,-9.251220703125
2026-08-31,15,NVDA,short,0.0708160400390625,0.0,0.0708160400390625
2026-08-31,15,NVDA,short,22.0001220703125,0.0,22.0001220703125
2026-08-31,15,NVDA,short,-0.499725341796875,0.0,-0.499725341796875
2026-08-31,15,NVDA,short,-59.999847412109375,0.0,-59.999847412109375
2026-09-01,9,NVDA,short,-63.83935546875,0.0,-63.83935546875
2026-09-01,9,NVDA,short,-1.22900390625,0.0,-1.22900390625
2026-09-01,9,NVDA,short,63.158203125,0.0,63.158203125
2026-09-01,9,NVDA,short,1.91015625,0.0,1.91015625
2026-09-01,9,NVDA,short,-70.07958984375,0.0,-70.07958984375
2026-09-01,9,NVDA,short,0.48046875,0.0,0.48046875
2026-09-01,9,NVDA,short,-46.07505798339844,0.0,-46.07505798339844
2026-09-01,9,NVDA,short,0.9494781494140625,0.0,0.9494781494140625
2026-09-01,10,NVDA,short,-10.340057373046875,0.0,-10.340057373046875
2026-09-01,10,NVDA,short,-2.81988525390625,0.0,-2.81988525390625
2026-09-01,10,NVDA,short,-9.8509521484375,0.0,-9.8509521484375
2026-09-01,10,NVDA,short,-1.4285888671875,0.0,-1.4285888671875
2026-09-01,10,NVDA,short,-66.74063110351562,0.0,-66.74063110351562
2026-09-01,10,NVDA,short,-7.98919677734375,0.0,-7.98919677734375
2026-09-01,10,NVDA,short,1.146026611328125,0.0,1.146026611328125
2026-09-01,10,NVDA,short,3.552825927734375,0.0,3.552825927734375
2026-09-01,10,NVDA,short,-0.469024658203125,0.0,-0.469024658203125
2026-09-01,10,NVDA,short,9.299148559570312,0.0,9.299148559570312
2026-09-01,10,NVDA,short,-0.4640350341796875,0.0,-0.4640350341796875
2026-09-01,10,NVDA,short,12.554489135742188,0.0,12.554489135742188
2026-09-01,10,NVDA,short,-28.519775390625,0.0,-28.519775390625
2026-09-01,10,NVDA,short,1.83056640625,0.0,1.83056640625
2026-09-01,10,NVDA,short,16.10870361328125,0.0,16.10870361328125
2026-09-01,10,NVDA,short,-0.0364990234375,0.0,-0.0364990234375
2026-09-01,10,NVDA,short,-26.353286743164062,0.0,-26.353286743164062
2026-09-01,10,NVDA,short,-1.3649444580078125,0.0,-1.3649444580078125
2026-09-01,10,NVDA,short,23.399505615234375,0.0,23.399505615234375
2026-09-01,10,NVDA,short,0.90087890625,0.0,0.90087890625
2026-09-01,10,NVDA,short,-0.90087890625,0.0,-0.90087890625
2026-09-01,11,NVDA,short,-25.648956298828125,0.0,-25.648956298828125
2026-09-01,11,NVDA,short,0.899505615234375,0.0,0.899505615234375
2026-09-01,11,NVDA,short,-40.04972839355469,0.0,-40.04972839355469
2026-09-01,11,NVDA,short,0.4440765380859375,0.0,0.4440765380859375
2026-09-01,11,NVDA,short,57.639892578125,0.0,57.639892578125
2026-09-01,11,NVDA,short,-0.4390869140625,0.0,-0.4390869140625
2026-09-01,11,NVDA,short,-11.745849609375,0.0,-11.745849609375
2026-09-01,11,NVDA,short,-16.09478759765625,0.0,-16.09478759765625
2026-09-01,11,NVDA,short,-33.92994689941406,0.0,-33.92994689941406
2026-09-01,11,NVDA,short,0.870849609375,0.0,0.870849609375
2026-09-01,11,NVDA,short,-22.36083984375,0.0,-22.36083984375
2026-09-01,11,NVDA,short,-0.859527587890625,0.0,-0.859527587890625
2026-09-01,11,NVDA,short,-56.32989501953125,0.0,-56.32989501953125
2026-09-01,11,NVDA,short,-2.1257781982421875,0.0,-2.1257781982421875
2026-09-01,11,NVDA,short,0.850830078125,0.0,0.850830078125
2026-09-01,11,NVDA,short,-20.400466918945312,0.0,-20.400466918945312
2026-09-01,11,NVDA,short,-0.8495330810546875,0.0,-0.8495330810546875
2026-09-01,11,NVDA,short,-34.00077819824219,0.0,-34.00077819824219
2026-09-01,12,NVDA,short,-10.1995849609375,0.0,-10.1995849609375
2026-09-01,12,NVDA,short,29.197998046875,0.0,29.197998046875
2026-09-01,12,NVDA,short,1.4020538330078125,0.0,1.4020538330078125
2026-09-01,12,NVDA,short,15.29937744140625,0.0,15.29937744140625
2026-09-01,12,NVDA,short,-7.5596923828125,0.0,-7.5596923828125
2026-09-01,12,NVDA,short,-0.41912841796875,0.0,-0.41912841796875
2026-09-01,12,NVDA,short,21.994949340820312,0.0,21.994949340820312
2026-09-01,12,NVDA,short,-0.4154052734375,0.0,-0.4154052734375
2026-09-01,12,NVDA,short,19.505050659179688,0.0,19.505050659179688
2026-09-01,12,NVDA,short,-0.830810546875,0.0,-0.830810546875
2026-09-01,12,NVDA,short,-21.319549560546875,0.0,-21.319549560546875
2026-09-01,12,NVDA,short,-1.640350341796875,0.0,-1.640350341796875
2026-09-01,12,NVDA,short,29.11090087890625,0.0,29.11090087890625
2026-09-01,12,NVDA,short,-13.365692138671875,0.0,-13.365692138671875
2026-09-01,12,NVDA,short,-1.2149505615234375,0.0,-1.2149505615234375
2026-09-01,12,NVDA,short,25.51519775390625,0.0,25.51519775390625
2026-09-01,12,NVDA,short,0.8095550537109375,0.0,0.8095550537109375
2026-09-01,12,NVDA,short,-21.869110107421875,0.0,-21.869110107421875
2026-09-01,12,NVDA,short,0.8095550537109375,0.0,0.8095550537109375
2026-09-01,12,NVDA,short,1.6203460693359375,0.0,1.6203460693359375
2026-09-01,12,NVDA,short,-0.810791015625,0.0,-0.810791015625
2026-09-01,13,NVDA,short,-26.728912353515625,0.0,-26.728912353515625
2026-09-01,13,NVDA,short,68.03105163574219,0.0,68.03105163574219
2026-09-01,13,NVDA,short,-0.8021392822265625,0.0,-0.8021392822265625
2026-09-01,13,NVDA,short,21.076858520507812,0.0,21.076858520507812
2026-09-01,13,NVDA,short,0.388092041015625,0.0,0.388092041015625
2026-09-01,13,NVDA,short,10.125,0.0,10.125
2026-09-01,13,NVDA,short,-0.8095550537109375,0.0,-0.8095550537109375
2026-09-01,13,NVDA,short,21.059555053710938,0.0,21.059555053710938
2026-09-01,13,NVDA,short,0.810791015625,0.0,0.810791015625
2026-09-01,13,NVDA,short,-14.580642700195312,0.0,-14.580642700195312
2026-09-01,13,NVDA,short,1.6450653076171875,0.0,1.6450653076171875
2026-09-01,13,NVDA,short,1.1902313232421875,0.0,1.1902313232421875
2026-09-01,13,NVDA,short,-10.5303955078125,0.0,-10.5303955078125
2026-09-01,13,NVDA,short,-0.4041595458984375,0.0,-0.4041595458984375
2026-09-01,13,NVDA,short,14.175247192382812,0.0,14.175247192382812
2026-09-01,13,NVDA,short,0.4041595458984375,0.0,0.4041595458984375
2026-09-01,13,NVDA,short,-0.4041595458984375,0.0,-0.4041595458984375
2026-09-01,13,NVDA,short,22.799072265625,0.0,22.799072265625
2026-09-01,13,NVDA,short,-0.799560546875,0.0,-0.799560546875
2026-09-01,14,NVDA,short,2.39990234375,0.0,2.39990234375
2026-09-01,14,NVDA,short,-1.600341796875,0.0,-1.600341796875
2026-09-01,14,NVDA,short,16.800537109375,0.0,16.800537109375
2026-09-01,14,NVDA,short,-0.400390625,0.0,-0.400390625
2026-09-01,14,NVDA,short,6.53564453125,0.0,6.53564453125
2026-09-01,14,NVDA,short,0.264892578125,0.0,0.264892578125
2026-09-01,14,NVDA,short,16.984710693359375,0.0,16.984710693359375
2026-09-01,14,NVDA,short,1.1849517822265625,0.0,1.1849517822265625
2026-09-01,14,NVDA,short,-21.724517822265625,0.0,-21.724517822265625
2026-09-01,14,NVDA,short,4.34442138671875,0.0,4.34442138671875
2026-09-01,14,NVDA,short,1.5803375244140625,0.0,1.5803375244140625
2026-09-01,14,NVDA,short,19.014678955078125,0.0,19.014678955078125
2026-09-01,14,NVDA,short,-0.055450439453125,0.0,-0.055450439453125
2026-09-01,14,NVDA,short,20.540771484375,0.0,20.540771484375
2026-09-01,14,NVDA,short,0.3941802978515625,0.0,0.3941802978515625
2026-09-01,14,NVDA,short,28.835433959960938,0.0,28.835433959960938
2026-09-01,14,NVDA,short,24.88519287109375,0.0,24.88519287109375
2026-09-01,14,NVDA,short,-15.990142822265625,0.0,-15.990142822265625
2026-09-01,14,NVDA,short,-0.772430419921875,0.0,-0.772430419921875
2026-09-01,14,NVDA,short,-1.177093505859375,0.0,-1.177093505859375
2026-09-01,14,NVDA,short,0.389190673828125,0.0,0.389190673828125
2026-09-01,15,NVDA,short,-44.459381103515625,0.0,-44.459381103515625
2026-09-01,15,NVDA,short,-0.78076171875,0.0,-0.78076171875
2026-09-01,15,NVDA,short,-3.8990478515625,0.0,-3.8990478515625
2026-09-01,15,NVDA,short,-0.390380859375,0.0,-0.390380859375
2026-09-01,15,NVDA,short,-25.349761962890625,0.0,-25.349761962890625
2026-09-01,15,NVDA,short,0.389190673828125,0.0,0.389190673828125
2026-09-01,15,NVDA,short,-10.23321533203125,0.0,-10.23321533203125
2026-09-01,15,NVDA,short,0.48321533203125,0.0,0.48321533203125
2026-09-01,15,NVDA,short,-3.86810302734375,0.0,-3.86810302734375
2026-09-01,15,NVDA,short,1.139007568359375,0.0,1.139007568359375
2026-09-01,15,NVDA,short,15.209381103515625,0.0,15.209381103515625
2026-09-01,15,NVDA,short,0.78076171875,0.0,0.78076171875
2026-09-01,15,NVDA,short,4.6798095703125,0.0,4.6798095703125
2026-09-01,15,NVDA,short,-0.78076171875,0.0,-0.78076171875
2026-09-01,15,NVDA,short,22.62066650390625,0.0,22.62066650390625
2026-09-01,15,NVDA,short,0.522491455078125,0.0,0.522491455078125
2026-09-01,15,NVDA,short,15.856842041015625,0.0,15.856842041015625
2026-09-01,15,NVDA,short,-21.44952392578125,0.0,-21.44952392578125
2026-09-01,15,NVDA,short,-17.16009521484375,0.0,-17.16009521484375
2026-09-01,15,NVDA,short,1.169952392578125,0.0,1.169952392578125
2026-09-01,15,NVDA,short,53.040618896484375,0.0,53.040618896484375
2026-09-01,15,NVDA,short,-0.78076171875,0.0,-0.78076171875
2026-09-02,9,NVDA,short,-1.1402435302734375,0.0,-1.1402435302734375
2026-09-02,9,NVDA,short,18.4749755859375,0.0,18.4749755859375
2026-09-02,9,NVDA,short,-1.955078125,0.0,-1.955078125
2026-09-02,9,NVDA,short,-19.8797607421875,0.0,-19.8797607421875
2026-09-02,9,NVDA,short,-0.5596923828125,0.0,-0.5596923828125
2026-09-02,9,NVDA,short,2.3200531005859375,0.0,2.3200531005859375
2026-09-02,9,NVDA,short,0.1446990966796875,0.0,0.1446990966796875
2026-09-03,9,NVDA,long,7.6499176025390625,0.0,7.6499176025390625
2026-09-03,9,NVDA,long,-0.899505615234375,0.0,-0.899505615234375
2026-09-03,9,NVDA,short,-116.62960815429688,0.0,-116.62960815429688
2026-09-03,9,NVDA,short,-0.5338897705078125,0.0,-0.5338897705078125
2026-09-03,9,NVDA,short,82.0426025390625,0.0,82.0426025390625
2026-09-03,9,NVDA,short,-1.473480224609375,0.0,-1.473480224609375
2026-09-03,10,NVDA,short,-24.919769287109375,0.0,-24.919769287109375
2026-09-03,10,NVDA,short,10.60064697265625,0.0,10.60064697265625
2026-09-03,10,NVDA,short,14.839935302734375,0.0,14.839935302734375
2026-09-03,10,NVDA,short,3.17987060546875,0.0,3.17987060546875
2026-09-03,10,NVDA,short,0.009613037109375,0.0,0.009613037109375
2026-09-03,10,NVDA,short,1.0398101806640625,0.0,1.0398101806640625
2026-09-03,10,NVDA,short,-9.396743774414062,0.0,-9.396743774414062
2026-09-03,10,NVDA,short,3.0970001220703125,0.0,3.0970001220703125
2026-09-03,10,NVDA,short,-8.6517333984375,0.0,-8.6517333984375
2026-09-03,10,NVDA,short,-0.797882080078125,0.0,-0.797882080078125
2026-09-03,10,NVDA,short,2.7509307861328125,0.0,2.7509307861328125
2026-09-03,10,NVDA,short,-0.6520843505859375,0.0,-0.6520843505859375
2026-09-03,10,NVDA,short,76.9605712890625,0.0,76.9605712890625
2026-09-03,10,NVDA,short,0.5205078125,0.0,0.5205078125
2026-09-03,10,NVDA,short,105.57437133789062,0.0,105.57437133789062
2026-09-03,10,NVDA,short,1.5449371337890625,0.0,1.5449371337890625
2026-09-03,10,NVDA,short,-50.920654296875,0.0,-50.920654296875
2026-09-03,10,NVDA,short,0.670654296875,0.0,0.670654296875
2026-09-03,10,NVDA,short,42.866668701171875,0.0,42.866668701171875
2026-09-03,10,NVDA,short,-1.326995849609375,0.0,-1.326995849609375
2026-09-03,10,NVDA,short,21.708343505859375,0.0,21.708343505859375
2026-09-03,10,NVDA,short,-0.267852783203125,0.0,-0.267852783203125
2026-09-03,10,NVDA,short,53.199188232421875,0.0,53.199188232421875
2026-09-03,10,NVDA,short,3.3262176513671875,0.0,3.3262176513671875
2026-09-03,11,NVDA,short,-42.56097412109375,0.0,-42.56097412109375
2026-09-03,11,NVDA,short,-1.9949188232421875,0.0,-1.9949188232421875
2026-09-03,11,NVDA,short,-15.1787109375,0.0,-15.1787109375
2026-09-03,11,NVDA,short,-3.30120849609375,0.0,-3.30120849609375
2026-09-03,11,NVDA,short,39.550262451171875,0.0,39.550262451171875
2026-09-03,11,NVDA,short,5.081207275390625,0.0,5.081207275390625
2026-09-03,11,NVDA,short,-130.09124755859375,0.0,-130.09124755859375
2026-09-03,11,NVDA,short,-6.44842529296875,0.0,-6.44842529296875
2026-09-03,11,NVDA,short,-1.291259765625,0.0,-1.291259765625
2026-09-03,11,NVDA,short,5.759765625,0.0,5.759765625
2026-09-03,11,NVDA,short,0.58984375,0.0,0.58984375
2026-09-03,11,NVDA,short,-108.109375,0.0,-108.109375
2026-09-03,11,NVDA,short,-1.919921875,0.0,-1.919921875
2026-09-03,11,NVDA,short,38.10038757324219,0.0,38.10038757324219
2026-09-03,11,NVDA,short,-0.2538604736328125,0.0,-0.2538604736328125
2026-09-03,11,NVDA,short,20.82818603515625,0.0,20.82818603515625
2026-09-03,11,NVDA,short,-0.8894805908203125,0.0,-0.8894805908203125
2026-09-03,11,NVDA,short,-0.5716705322265625,0.0,-0.5716705322265625
2026-09-03,11,NVDA,short,-0.6976318359375,0.0,-0.6976318359375
2026-09-03,11,NVDA,short,9.449615478515625,0.0,9.449615478515625
2026-09-03,11,NVDA,short,1.259307861328125,0.0,1.259307861328125
2026-09-03,11,NVDA,short,-33.75053405761719,0.0,-33.75053405761719
2026-09-03,12,NVDA,short,7.5016021728515625,0.0,7.5016021728515625
2026-09-03,12,NVDA,short,44.37446594238281,0.0,44.37446594238281
2026-09-03,12,NVDA,short,-1.0623931884765625,0.0,-1.0623931884765625
2026-09-03,12,NVDA,short,-85.12701416015625,0.0,-85.12701416015625
2026-09-03,12,NVDA,short,0.6092529296875,0.0,0.6092529296875
2026-09-03,12,NVDA,short,-4.3291015625,0.0,-4.3291015625
2026-09-03,12,NVDA,short,0.5714111328125,0.0,0.5714111328125
2026-09-03,12,NVDA,short,1.8937225341796875,0.0,1.8937225341796875
2026-09-03,12,NVDA,short,-0.6756591796875,0.0,-0.6756591796875
2026-09-03,12,NVDA,short,105.84013366699219,0.0,105.84013366699219
2026-09-03,12,NVDA,short,0.5536651611328125,0.0,0.5536651611328125
2026-09-03,12,NVDA,short,-4.8177490234375,0.0,-4.8177490234375
2026-09-03,12,NVDA,short,1.219329833984375,0.0,1.219329833984375
2026-09-03,12,NVDA,short,-41.139556884765625,0.0,-41.139556884765625
2026-09-03,12,NVDA,short,-27.396240234375,0.0,-27.396240234375
2026-09-03,12,NVDA,short,0.99609375,0.0,0.99609375
2026-09-03,12,NVDA,short,-24.6002197265625,0.0,-24.6002197265625
2026-09-03,12,NVDA,short,31.534927368164062,0.0,31.534927368164062
2026-09-03,12,NVDA,short,-0.5955810546875,0.0,-0.5955810546875
2026-09-03,12,NVDA,short,34.511016845703125,0.0,34.511016845703125
2026-09-03,12,NVDA,short,1.7849273681640625,0.0,1.7849273681640625
2026-09-03,13,NVDA,short,-36.56890869140625,0.0,-36.56890869140625
2026-09-03,13,NVDA,short,-1.19195556640625,0.0,-1.19195556640625
2026-09-03,13,NVDA,short,-5.309783935546875,0.0,-5.309783935546875
2026-09-03,13,NVDA,short,1.723114013671875,0.0,1.723114013671875
2026-09-03,13,NVDA,short,14.79681396484375,0.0,14.79681396484375
2026-09-03,13,NVDA,short,0.590576171875,0.0,0.590576171875
2026-09-03,13,NVDA,short,22.23028564453125,0.0,22.23028564453125
2026-09-03,13,NVDA,short,1.1693572998046875,0.0,1.1693572998046875
2026-09-03,13,NVDA,short,8.120849609375,0.0,8.120849609375
2026-09-03,13,NVDA,short,0.91510009765625,0.0,0.91510009765625
2026-09-03,13,NVDA,short,6.566314697265625,0.0,6.566314697265625
2026-09-03,13,NVDA,short,-37.049652099609375,0.0,-37.049652099609375
2026-09-03,13,NVDA,short,-0.01043701171875,0.0,-0.01043701171875
2026-09-03,13,NVDA,short,-72.30958557128906,0.0,-72.30958557128906
2026-09-03,13,NVDA,short,1.1293792724609375,0.0,1.1293792724609375
2026-09-03,13,NVDA,short,-81.759521484375,0.0,-81.759521484375
2026-09-03,13,NVDA,short,-1.119384765625,0.0,-1.119384765625
2026-09-03,13,NVDA,short,-113.22047424316406,0.0,-113.22047424316406
2026-09-03,13,NVDA,short,-1.1093902587890625,0.0,-1.1093902587890625
2026-09-03,13,NVDA,short,49.830322265625,0.0,49.830322265625
2026-09-03,13,NVDA,short,0.76873779296875,0.0,0.76873779296875
2026-09-03,13,NVDA,short,-50.139068603515625,0.0,-50.139068603515625
2026-09-03,14,NVDA,short,-19.44085693359375,0.0,-19.44085693359375
2026-09-03,14,NVDA,short,-16.049346923828125,0.0,-16.049346923828125
2026-09-03,14,NVDA,short,-8.024673461914062,0.0,-8.024673461914062
2026-09-03,14,NVDA,short,20.68048095703125,0.0,20.68048095703125
2026-09-03,14,NVDA,short,-5.3116455078125,0.0,-5.3116455078125
2026-09-03,14,NVDA,short,-3.694610595703125,0.0,-3.694610595703125
2026-09-03,14,NVDA,short,0.54473876953125,0.0,0.54473876953125
2026-09-03,14,NVDA,short,37.4400634765625,0.0,37.4400634765625
2026-09-03,14,NVDA,short,0.5205078125,0.0,0.5205078125
2026-09-03,14,NVDA,short,7.7246856689453125,0.0,7.7246856689453125
2026-09-03,14,NVDA,short,1.031005859375,0.0,1.031005859375
2026-09-03,14,NVDA,short,17.339813232421875,0.0,17.339813232421875
2026-09-03,14,NVDA,short,-0.387542724609375,0.0,-0.387542724609375
2026-09-03,14,NVDA,short,-35.976318359375,0.0,-35.976318359375
2026-09-03,14,NVDA,short,-1.010986328125,0.0,-1.010986328125
2026-09-03,14,NVDA,short,-13.49945068359375,0.0,-13.49945068359375
2026-09-03,14,NVDA,short,-0.50048828125,0.0,-0.50048828125
2026-09-03,14,NVDA,short,44.05572509765625,0.0,44.05572509765625
2026-09-03,14,NVDA,short,-23.030059814453125,0.0,-23.030059814453125
2026-09-03,14,NVDA,short,-2.450897216796875,0.0,-2.450897216796875
2026-09-03,14,NVDA,short,32.01017761230469,0.0,32.01017761230469
2026-09-03,14,NVDA,short,-0.4839935302734375,0.0,-0.4839935302734375
2026-09-03,15,NVDA,short,6.71923828125,0.0,6.71923828125
2026-09-03,15,NVDA,short,-0.50830078125,0.0,-0.50830078125
2026-09-03,15,NVDA,short,0.50830078125,0.0,0.50830078125
2026-09-03,15,NVDA,short,-0.95947265625,0.0,-0.95947265625
2026-09-03,15,NVDA,short,9.1201171875,0.0,9.1201171875
2026-09-03,15,NVDA,short,-0.48046875,0.0,-0.48046875
2026-09-03,15,NVDA,short,0.959625244140625,0.0,0.959625244140625
2026-09-03,15,NVDA,short,0.9407806396484375,0.0,0.9407806396484375
2026-09-03,15,NVDA,short,-29.92523193359375,0.0,-29.92523193359375
2026-09-03,15,NVDA,short,0.2565765380859375,0.0,0.2565765380859375
2026-09-03,15,NVDA,short,18.54583740234375,0.0,18.54583740234375
2026-09-03,15,NVDA,short,-7.7183074951171875,0.0,-7.7183074951171875
2026-09-03,15,NVDA,short,-1.1168060302734375,0.0,-1.1168060302734375
2026-09-03,15,NVDA,short,18.591201782226562,0.0,18.591201782226562
2026-09-03,15,NVDA,short,-0.4555206298828125,0.0,-0.4555206298828125
2026-09-03,15,NVDA,short,22.0791015625,0.0,22.0791015625
2026-09-03,15,NVDA,short,0.46044921875,0.0,0.46044921875
2026-09-03,15,NVDA,short,13.34039306640625,0.0,13.34039306640625
2026-09-03,15,NVDA,short,6.3692779541015625,0.0,6.3692779541015625
2026-09-03,15,NVDA,short,-0.4540557861328125,0.0,-0.4540557861328125
2026-09-03,15,NVDA,short,25.014724731445312,0.0,25.014724731445312
2026-09-03,15,NVDA,short,-0.4457244873046875,0.0,-0.4457244873046875
2026-09-04,10,NVDA,short,-27.72015380859375,0.0,-27.72015380859375
2026-09-04,10,NVDA,short,0.42041015625,0.0,0.42041015625
2026-09-04,10,NVDA,short,17.015151977539062,0.0,17.015151977539062
2026-09-04,10,NVDA,short,0.8295440673828125,0.0,0.8295440673828125
2026-09-04,10,NVDA,short,31.160400390625,0.0,31.160400390625
2026-09-04,10,NVDA,short,0.410400390625,0.0,0.410400390625
2026-09-04,10,NVDA,short,34.029449462890625,0.0,34.029449462890625
2026-09-04,10,NVDA,short,-0.590576171875,0.0,-0.590576171875
2026-09-04,11,NVDA,short,33.39007568359375,0.0,33.39007568359375
2026-09-04,11,NVDA,short,-0.409149169921875,0.0,-0.409149169921875
2026-09-04,11,NVDA,short,4.85980224609375,0.0,4.85980224609375
2026-09-04,11,NVDA,short,0.4053955078125,0.0,0.4053955078125
2026-09-04,11,NVDA,short,-20.80810546875,0.0,-20.80810546875
2026-09-04,11,NVDA,short,-0.792236328125,0.0,-0.792236328125
2026-09-04,11,NVDA,short,-1.1849517822265625,0.0,-1.1849517822265625
2026-09-04,11,NVDA,short,0.3941802978515625,0.0,0.3941802978515625
2026-09-04,11,NVDA,short,0.790771484375,0.0,0.790771484375
2026-09-04,11,NVDA,short,23.400238037109375,0.0,23.400238037109375
2026-09-04,11,NVDA,short,0.779571533203125,0.0,0.779571533203125
2026-09-04,11,NVDA,short,27.689666748046875,0.0,27.689666748046875
2026-09-04,11,NVDA,short,0.390380859375,0.0,0.390380859375
2026-09-04,11,NVDA,short,19.491668701171875,0.0,19.491668701171875
2026-09-04,11,NVDA,short,0.008331298828125,0.0,0.008331298828125
2026-09-04,11,NVDA,short,-18.510971069335938,0.0,-18.510971069335938
2026-09-04,11,NVDA,short,-0.7390289306640625,0.0,-0.7390289306640625
2026-09-04,11,NVDA,short,-6.5455169677734375,0.0,-6.5455169677734375
2026-09-04,11,NVDA,short,34.8990478515625,0.0,34.8990478515625
2026-09-04,11,NVDA,short,-0.29571533203125,0.0,-0.29571533203125
2026-09-04,11,NVDA,short,33.72688293457031,0.0,33.72688293457031
2026-09-04,11,NVDA,short,0.3753662109375,0.0,0.3753662109375
2026-09-04,12,NVDA,short,-6.65972900390625,0.0,-6.65972900390625
2026-09-04,12,NVDA,short,1.109954833984375,0.0,1.109954833984375
2026-09-04,12,NVDA,short,14.0601806640625,0.0,14.0601806640625
2026-09-04,12,NVDA,short,0.739593505859375,0.0,0.739593505859375
2026-09-04,12,NVDA,short,-35.4237060546875,0.0,-35.4237060546875
2026-09-04,12,NVDA,short,-0.095977783203125,0.0,-0.095977783203125
2026-09-04,12,NVDA,short,10.108154296875,0.0,10.108154296875
2026-09-04,12,NVDA,short,0.622161865234375,0.0,0.622161865234375
2026-09-04,12,NVDA,short,30.339141845703125,0.0,30.339141845703125
2026-09-04,12,NVDA,short,1.103179931640625,0.0,1.103179931640625
2026-09-04,12,NVDA,short,-15.9029541015625,0.0,-15.9029541015625
2026-09-04,12,NVDA,short,1.109954833984375,0.0,1.109954833984375
2026-09-04,12,NVDA,short,-15.90972900390625,0.0,-15.90972900390625
2026-09-04,12,NVDA,short,0.370361328125,0.0,0.370361328125
2026-09-04,12,NVDA,short,-2.227813720703125,0.0,-2.227813720703125
2026-09-04,12,NVDA,short,-0.362457275390625,0.0,-0.362457275390625
2026-09-04,12,NVDA,short,-21.800506591796875,0.0,-21.800506591796875
2026-09-04,12,NVDA,short,0.339874267578125,0.0,0.339874267578125
2026-09-04,12,NVDA,short,-8.50927734375,0.0,-8.50927734375
2026-09-04,12,NVDA,short,0.739593505859375,0.0,0.739593505859375
2026-09-04,12,NVDA,short,-43.622467041015625,0.0,-43.622467041015625
2026-09-04,12,NVDA,short,0.680877685546875,0.0,0.680877685546875
2026-09-04,12,NVDA,short,45.9022216796875,0.0,45.9022216796875
2026-09-04,12,NVDA,short,0.369232177734375,0.0,0.369232177734375
2026-09-04,13,NVDA,short,-2.59027099609375,0.0,-2.59027099609375
2026-09-04,13,NVDA,short,2.213134765625,0.0,2.213134765625
2026-09-04,13,NVDA,short,0.007904052734375,0.0,0.007904052734375
2026-09-04,13,NVDA,short,38.331268310546875,0.0,38.331268310546875
2026-09-04,13,NVDA,short,1.25787353515625,0.0,1.25787353515625
2026-09-04,13,NVDA,short,3.700225830078125,0.0,3.700225830078125
2026-09-04,13,NVDA,short,-0.370361328125,0.0,-0.370361328125
2026-09-04,13,NVDA,short,19.24072265625,0.0,19.24072265625
2026-09-04,13,NVDA,short,-0.74072265625,0.0,-0.74072265625
2026-09-04,13,NVDA,short,5.920135498046875,0.0,5.920135498046875
2026-09-04,13,NVDA,short,-8.879638671875,0.0,-8.879638671875
2026-09-04,13,NVDA,short,0.739593505859375,0.0,0.739593505859375
2026-09-04,13,NVDA,short,29.674072265625,0.0,29.674072265625
2026-09-04,13,NVDA,short,-13.763214111328125,0.0,-13.763214111328125
2026-09-04,13,NVDA,short,-0.74072265625,0.0,-0.74072265625
2026-09-04,13,NVDA,short,11.84027099609375,0.0,11.84027099609375
2026-09-04,13,NVDA,short,-0.370361328125,0.0,-0.370361328125
2026-09-04,13,NVDA,short,3.700225830078125,0.0,3.700225830078125
2026-09-04,13,NVDA,short,-1.480316162109375,0.0,-1.480316162109375
2026-09-04,13,NVDA,short,15.540496826171875,0.0,15.540496826171875
2026-09-04,13,NVDA,short,-0.370361328125,0.0,-0.370361328125
2026-09-04,14,NVDA,short,-8.788604736328125,0.0,-8.788604736328125
2026-09-04,14,NVDA,short,0.394317626953125,0.0,0.394317626953125
2026-09-04,14,NVDA,short,18.219924926757812,0.0,18.219924926757812
2026-09-04,14,NVDA,short,-0.7006378173828125,0.0,-0.7006378173828125
2026-09-04,14,NVDA,short,-23.359420776367188,0.0,-23.359420776367188
2026-09-04,14,NVDA,short,-0.730712890625,0.0,-0.730712890625
2026-09-04,14,NVDA,short,8.760757446289062,0.0,8.760757446289062
2026-09-04,14,NVDA,short,-12.263946533203125,0.0,-12.263946533203125
2026-09-04,14,NVDA,short,0.58367919921875,0.0,0.58367919921875
2026-09-04,14,NVDA,short,9.0,0.0,9.0
2026-09-04,14,NVDA,short,-0.1373291015625,0.0,-0.1373291015625
2026-09-04,14,NVDA,short,-5.983154296875,0.0,-5.983154296875
2026-09-04,14,NVDA,short,3.240966796875,0.0,3.240966796875
2026-09-04,14,NVDA,short,0.322998046875,0.0,0.322998046875
2026-09-04,14,NVDA,short,9.621444702148438,0.0,9.621444702148438
2026-09-04,14,NVDA,short,1.0649566650390625,0.0,1.0649566650390625
2026-09-04,14,NVDA,short,-11.715606689453125,0.0,-11.715606689453125
2026-09-04,14,NVDA,short,0.3553466796875,0.0,0.3553466796875
2026-09-04,14,NVDA,short,-11.20025634765625,0.0,-11.20025634765625
2026-09-04,14,NVDA,short,-3.149871826171875,0.0,-3.149871826171875
2026-09-04,15,NVDA,short,-6.29974365234375,0.0,-6.29974365234375
2026-09-04,15,NVDA,short,0.349273681640625,0.0,0.349273681640625
2026-09-04,15,NVDA,short,32.90008544921875,0.0,32.90008544921875
2026-09-04,15,NVDA,short,-0.1751708984375,0.0,-0.1751708984375
2026-09-04,15,NVDA,short,5.07568359375,0.0,5.07568359375
2026-09-04,15,NVDA,short,4.1998291015625,0.0,4.1998291015625
2026-09-04,15,NVDA,short,-0.699615478515625,0.0,-0.699615478515625
2026-09-04,15,NVDA,short,-6.65008544921875,0.0,-6.65008544921875
2026-09-04,15,NVDA,short,-0.350341796875,0.0,-0.350341796875
2026-09-04,15,NVDA,short,10.84991455078125,0.0,10.84991455078125
2026-09-04,15,NVDA,short,-0.350341796875,0.0,-0.350341796875
2026-09-04,15,NVDA,short,6.300811767578125,0.0,6.300811767578125
2026-09-04,15,NVDA,short,4.90692138671875,0.0,4.90692138671875
2026-09-04,15,NVDA,short,0.272369384765625,0.0,0.272369384765625
2026-09-04,15,NVDA,short,-17.07916259765625,0.0,-17.07916259765625
2026-09-04,15,NVDA,short,0.349273681640625,0.0,0.349273681640625
2026-09-04,15,NVDA,short,3.500213623046875,0.0,3.500213623046875
2026-09-04,15,NVDA,short,-21.959381103515625,0.0,-21.959381103515625
2026-09-04,15,NVDA,short,-1.4910888671875,0.0,-1.4910888671875
2026-09-04,15,NVDA,short,-46.199188232421875,0.0,-46.199188232421875
2026-09-08,9,NVDA,short,108.0,0.0,108.0
2026-09-08,9,NVDA,short,-0.7020263671875,0.0,-0.7020263671875
2026-09-09,9,NVDA,short,8.360107421875,0.0,8.360107421875
2026-09-09,9,NVDA,short,1.3199462890625,0.0,1.3199462890625
2026-09-09,9,NVDA,short,3.9148406982421875,0.0,3.9148406982421875
2026-09-11,10,NVDA,long,-0.6000518798828125,0.0,-0.6000518798828125
2026-09-11,10,NVDA,long,0.0495147705078125,0.0,0.0495147705078125
2026-09-11,10,NVDA,long,-0.699462890625,0.0,-0.699462890625
2026-09-11,10,NVDA,long,-1.0500335693359375,0.0,-1.0500335693359375
2026-09-11,10,NVDA,long,0.4250335693359375,0.0,0.4250335693359375
2026-09-11,10,NVDA,long,0.0749969482421875,0.0,0.0749969482421875
2026-08-31,9,SNDK,long,0.0,1.516385009765625,-1.516385009765625
2026-08-31,9,MSTR,long,0.0,34.96487407684326,-34.96487407684326
2026-08-31,9,NVDA,short,0.0,10.748429969787598,-10.748429969787598
2026-08-31,9,SNDK,long,0.0,0.75575,-0.75575
2026-08-31,9,NVDA,short,0.0,0.10841944885253907,-0.10841944885253907
2026-08-31,9,TSLA,long,0.0,0.17691000366210938,-0.17691000366210938
2026-08-31,9,NVDA,short,0.0,0.7632800064086914,-0.7632800064086914
2026-08-31,9,TSLA,long,0.0,0.1797100067138672,-0.1797100067138672
2026-08-31,9,TSLA,short,0.0,0.1797100067138672,-0.1797100067138672
2026-08-31,9,SNDK,long,0.0,0.7630374755859375,-0.7630374755859375
2026-08-31,9,MSTR,long,0.0,0.0633300018310547,-0.0633300018310547
2026-08-31,9,NVDA,short,0.0,0.10907035064697265,-0.10907035064697265
2026-08-31,10,MSTR,long,0.0,7.619399871826172,-7.619399871826172
2026-08-31,10,MSTR,long,0.0,0.06331499862670899,-0.06331499862670899
2026-08-31,10,NVDA,short,0.0,0.10969000244140625,-0.10969000244140625
2026-08-31,10,SNDK,short,0.0,0.7591425170898437,-0.7591425170898437
2026-08-31,10,MSTR,long,0.0,0.0631349983215332,-0.0631349983215332
2026-08-31,10,NVDA,short,0.0,0.11008505249023437,-0.11008505249023437
2026-08-31,10,SNDK,short,0.0,0.7592550048828125,-0.7592550048828125
2026-08-31,10,NVDA,short,0.0,0.10996499633789063,-0.10996499633789063
2026-08-31,10,MSTR,long,0.0,4.431350021362305,-4.431350021362305
2026-08-31,10,MSTR,long,0.0,0.06292499923706055,-0.06292499923706055
2026-08-31,10,NVDA,short,0.0,0.10978389739990234,-0.10978389739990234
2026-08-31,10,TSLA,short,0.0,4.544625091552734,-4.544625091552734
2026-08-31,10,MSTR,long,0.0,0.06331499862670899,-0.06331499862670899
2026-08-31,10,NVDA,short,0.0,0.11016999816894531,-0.11016999816894531
2026-08-31,10,TSLA,short,0.0,0.18160499572753908,-0.18160499572753908
2026-08-31,10,NVDA,short,0.0,0.10997250366210938,-0.10997250366210938
2026-08-31,10,TSLA,short,0.0,0.18192999267578125,-0.18192999267578125
2026-08-31,10,MSTR,long,0.0,0.51297998046875,-0.51297998046875
2026-08-31,10,NVDA,short,0.0,0.10981500244140625,-0.10981500244140625
2026-08-31,11,TSLA,short,0.0,0.18190499877929686,-0.18190499877929686
2026-08-31,11,NVDA,short,0.0,0.10969999694824219,-0.10969999694824219
2026-08-31,11,MSTR,long,0.0,16.67840913391113,-16.67840913391113
2026-08-31,11,NVDA,short,0.0,0.10968000030517579,-0.10968000030517579
2026-08-31,11,MSTR,long,0.0,0.06441000366210937,-0.06441000366210937
2026-08-31,11,TSLA,short,0.0,0.18192999267578125,-0.18192999267578125
2026-08-31,11,NVDA,short,0.0,0.1101050033569336,-0.1101050033569336
2026-08-31,11,MSTR,long,0.0,0.06466500091552735,-0.06466500091552735
2026-08-31,11,TSLA,short,0.0,0.18204499816894532,-0.18204499816894532
2026-08-31,11,NVDA,short,0.0,0.110125,-0.110125
2026-08-31,11,MSTR,long,0.0,0.06490000152587891,-0.06490000152587891
2026-08-31,11,NVDA,short,0.0,0.10990000152587891,-0.10990000152587891
2026-08-31,11,MSTR,long,0.0,0.06468499755859375,-0.06468499755859375
2026-08-31,11,NVDA,short,0.0,0.10987999725341797,-0.10987999725341797
2026-08-31,11,MSTR,long,0.0,0.06497000122070312,-0.06497000122070312
2026-08-31,11,NVDA,short,0.0,0.10986499786376953,-0.10986499786376953
2026-08-31,11,MSTR,long,0.0,0.06490499877929687,-0.06490499877929687
2026-08-31,11,NVDA,short,0.0,0.11,-0.11
2026-08-31,11,MSTR,long,0.0,0.06494999694824219,-0.06494999694824219
2026-08-31,11,NVDA,short,0.0,0.11002500152587891,-0.11002500152587891
2026-08-31,11,TSLA,short,0.0,19.63931480407715,-19.63931480407715
2026-08-31,12,MSTR,long,0.0,0.064875,-0.064875
2026-08-31,12,TSLA,short,0.0,0.18192750549316405,-0.18192750549316405
2026-08-31,12,NVDA,short,0.0,0.1096449966430664,-0.1096449966430664
2026-08-31,12,MSTR,long,0.0,0.06490750122070313,-0.06490750122070313
2026-08-31,12,TSLA,short,0.0,0.1824801483154297,-0.1824801483154297
2026-08-31,12,MSTR,long,0.0,0.06524500274658203,-0.06524500274658203
2026-08-31,12,NVDA,short,0.0,0.10986000061035156,-0.10986000061035156
2026-08-31,12,TSLA,short,0.0,0.9164250183105469,-0.9164250183105469
2026-08-31,12,MSTR,long,0.0,0.06516000366210938,-0.06516000366210938
2026-08-31,12,TSLA,short,0.0,0.1830749969482422,-0.1830749969482422
2026-08-31,12,NVDA,short,0.0,0.10988999938964844,-0.10988999938964844
2026-08-31,12,TSLA,short,0.0,0.1829197540283203,-0.1829197540283203
2026-08-31,12,MSTR,long,0.0,0.06516000366210938,-0.06516000366210938
2026-08-31,12,TSLA,short,0.0,0.18255499267578126,-0.18255499267578126
2026-08-31,12,NVDA,short,0.0,0.11011495208740234,-0.11011495208740234
2026-08-31,12,MSTR,long,0.0,0.06513999938964844,-0.06513999938964844
2026-08-31,12,NVDA,short,0.0,0.1099449462890625,-0.1099449462890625
2026-08-31,12,MSTR,long,0.0,0.06503500366210938,-0.06503500366210938
2026-08-31,12,TSLA,short,0.0,0.18232000732421874,-0.18232000732421874
2026-08-31,12,NVDA,short,0.0,0.10991999816894531,-0.10991999816894531
2026-08-31,12,MSTR,long,0.0,0.06527249908447266,-0.06527249908447266
2026-08-31,12,NVDA,short,0.0,0.10986750030517578,-0.10986750030517578
2026-08-31,12,MSTR,long,0.0,0.06532929992675782,-0.06532929992675782
2026-08-31,12,NVDA,short,0.0,0.10999500274658203,-0.10999500274658203
2026-08-31,12,MSTR,long,0.0,0.06526499938964844,-0.06526499938964844
2026-08-31,12,NVDA,short,0.0,0.10994499969482421,-0.10994499969482421
2026-08-31,13,MSTR,long,0.0,0.06498249816894532,-0.06498249816894532
2026-08-31,13,NVDA,short,0.0,0.11009500122070312,-0.11009500122070312
2026-08-31,13,MSTR,long,0.0,0.06517250061035157,-0.06517250061035157
2026-08-31,13,NVDA,short,0.0,0.11001004791259765,-0.11001004791259765
2026-08-31,13,MSTR,long,0.0,0.06533000183105468,-0.06533000183105468
2026-08-31,13,NVDA,short,0.0,0.10996499633789063,-0.10996499633789063
2026-08-31,13,MSTR,long,0.0,0.06553500366210938,-0.06553500366210938
2026-08-31,13,NVDA,short,0.0,0.10991000366210937,-0.10991000366210937
2026-08-31,13,MSTR,long,0.0,0.06555999755859375,-0.06555999755859375
2026-08-31,13,NVDA,short,0.0,0.10988999938964844,-0.10988999938964844
2026-08-31,13,MSTR,long,0.0,0.06545249938964844,-0.06545249938964844
2026-08-31,13,TSLA,short,0.0,0.18281504821777345,-0.18281504821777345
2026-08-31,13,NVDA,short,0.0,0.10989250183105469,-0.10989250183105469
2026-08-31,13,MSTR,long,0.0,0.06528500366210938,-0.06528500366210938
2026-08-31,13,NVDA,short,0.0,0.10968000030517579,-0.10968000030517579
2026-08-31,13,MSTR,long,0.0,0.06534140014648437,-0.06534140014648437
2026-08-31,13,NVDA,short,0.0,0.1096050033569336,-0.1096050033569336
2026-08-31,13,MSTR,long,0.0,0.06543499755859375,-0.06543499755859375
2026-08-31,13,NVDA,short,0.0,0.1096699981689453,-0.1096699981689453
2026-08-31,13,MSTR,long,0.0,0.06552500152587891,-0.06552500152587891
2026-08-31,13,NVDA,short,0.0,0.1098300018310547,-0.1098300018310547
2026-08-31,13,MSTR,long,0.0,0.06545999908447266,-0.06545999908447266
2026-08-31,13,TSLA,short,0.0,0.18380499267578124,-0.18380499267578124
2026-08-31,13,MSTR,long,0.0,0.0657699966430664,-0.0657699966430664
2026-08-31,13,NVDA,short,0.0,0.10994249725341797,-0.10994249725341797
2026-08-31,14,MSTR,long,0.0,0.06570249938964844,-0.06570249938964844
2026-08-31,14,NVDA,short,0.0,0.10980500030517579,-0.10980500030517579
2026-08-31,14,MSTR,long,0.0,0.06576000213623047,-0.06576000213623047
2026-08-31,14,NVDA,short,0.0,0.10981800079345704,-0.10981800079345704
2026-08-31,14,MSTR,long,0.0,0.06578500366210938,-0.06578500366210938
2026-08-31,14,NVDA,short,0.0,0.10980249786376953,-0.10980249786376953
2026-08-31,14,MSTR,long,0.0,0.0658499984741211,-0.0658499984741211
2026-08-31,14,NVDA,short,0.0,0.1096624984741211,-0.1096624984741211
2026-08-31,14,MSTR,long,0.0,0.06583249664306641,-0.06583249664306641
2026-08-31,14,NVDA,short,0.0,0.10971499633789063,-0.10971499633789063
2026-08-31,14,MSTR,long,0.0,0.06558249664306641,-0.06558249664306641
2026-08-31,14,TSLA,short,0.0,0.18370500183105468,-0.18370500183105468
2026-08-31,14,NVDA,short,0.0,0.10978500366210937,-0.10978500366210937
2026-08-31,14,MSTR,long,0.0,0.06552999877929687,-0.06552999877929687
2026-08-31,14,NVDA,short,0.0,0.1094749984741211,-0.1094749984741211
2026-08-31,14,MSTR,long,0.0,0.06533000183105468,-0.06533000183105468
2026-08-31,14,NVDA,short,0.0,0.10919750213623047,-0.10919750213623047
2026-08-31,14,MSTR,long,0.0,0.06558999633789063,-0.06558999633789063
2026-08-31,14,NVDA,short,0.0,0.10903495025634766,-0.10903495025634766
2026-08-31,14,MSTR,long,0.0,0.0660499496459961,-0.0660499496459961
2026-08-31,14,NVDA,short,0.0,0.109074951171875,-0.109074951171875
2026-08-31,14,MSTR,long,0.0,0.06608499908447266,-0.06608499908447266
2026-08-31,14,NVDA,short,0.0,0.10900900268554688,-0.10900900268554688
2026-08-31,14,SNDK,long,0.0,6.665489868164062,-6.665489868164062
2026-08-31,15,MSTR,long,0.0,0.06618000030517578,-0.06618000030517578
2026-08-31,15,TSLA,short,0.0,0.18288999938964845,-0.18288999938964845
2026-08-31,15,NVDA,short,0.0,0.10930000305175781,-0.10930000305175781
2026-08-31,15,SNDK,long,0.0,0.7341024780273437,-0.7341024780273437
2026-08-31,15,MSTR,long,0.0,0.06633499908447266,-0.06633499908447266
2026-08-31,15,TSLA,short,0.0,0.18287005615234375,-0.18287005615234375
2026-08-31,15,NVDA,short,0.0,0.1094175033569336,-0.1094175033569336
2026-08-31,15,SNDK,long,0.0,0.7329425048828125,-0.7329425048828125
2026-08-31,15,MSTR,long,0.0,0.06658499908447266,-0.06658499908447266
2026-08-31,15,NVDA,short,0.0,0.10940499877929688,-0.10940499877929688
2026-08-31,15,SNDK,long,0.0,2.185282470703125,-2.185282470703125
2026-08-31,15,SNDK,long,0.0,0.73036376953125,-0.73036376953125
2026-08-31,15,MSTR,long,0.0,0.06624500274658203,-0.06624500274658203
2026-08-31,15,NVDA,short,0.0,0.10942749786376953,-0.10942749786376953
2026-08-31,15,SNDK,long,0.0,0.7311400146484375,-0.7311400146484375
2026-08-31,15,MSTR,long,0.0,0.06625499725341796,-0.06625499725341796
2026-08-31,15,NVDA,short,0.0,0.10973999786376953,-0.10973999786376953
2026-08-31,15,SNDK,long,0.0,5.9039599609375,-5.9039599609375
2026-08-31,15,TSLA,short,0.0,0.18331500244140625,-0.18331500244140625
2026-08-31,15,NVDA,short,0.0,0.10991000366210937,-0.10991000366210937
2026-08-31,15,SNDK,short,0.0,6.641954956054687,-6.641954956054687
2026-08-31,15,SNDK,short,0.0,0.7368049926757813,-0.7368049926757813
2026-08-31,15,SNDK,short,0.0,0.7412000122070312,-0.7412000122070312
2026-08-31,15,TSLA,short,0.0,0.1831649932861328,-0.1831649932861328
2026-08-31,15,SNDK,short,0.0,0.7427750244140625,-0.7427750244140625
2026-08-31,15,NVDA,short,0.0,0.1099800033569336,-0.1099800033569336
2026-08-31,15,SNDK,short,0.0,0.74497998046875,-0.74497998046875
2026-08-31,15,MSTR,long,0.0,12.214379943847657,-12.214379943847657
2026-08-31,15,SNDK,short,0.0,3.8645498657226565,-3.8645498657226565
2026-08-31,15,TSLA,short,0.0,22.122599487304687,-22.122599487304687
2026-08-31,15,NVDA,short,0.0,5.518249893188477,-5.518249893188477
2026-09-01,9,SNDK,short,0.0,1.54322998046875,-1.54322998046875
2026-09-01,9,MSTR,long,0.0,35.13277542495727,-35.13277542495727
2026-09-01,9,NVDA,short,0.0,10.350240234375,-10.350240234375
2026-09-01,9,TSLA,long,0.0,0.5315099945068359,-0.5315099945068359
2026-09-01,9,MSTR,long,0.0,0.12503990173339843,-0.12503990173339843
2026-09-01,9,MSTR,long,0.0,0.19095000457763672,-0.19095000457763672
2026-09-01,9,SNDK,short,0.0,1.5375899658203125,-1.5375899658203125
2026-09-01,9,TSLA,long,0.0,1.597365005493164,-1.597365005493164
2026-09-01,9,MSTR,long,0.0,0.1285800018310547,-0.1285800018310547
2026-09-01,9,NVDA,short,0.0,0.10817749786376953,-0.10817749786376953
2026-09-01,9,MSTR,long,0.0,0.06407499694824219,-0.06407499694824219
2026-09-01,9,NVDA,short,0.0,0.10841500091552735,-0.10841500091552735
2026-09-01,9,TSLA,long,0.0,0.17917495727539062,-0.17917495727539062
2026-09-01,10,TSLA,long,0.0,0.17925750732421875,-0.17925750732421875
2026-09-01,10,TSLA,long,0.0,0.17961749267578125,-0.17961749267578125
2026-09-01,10,MSTR,long,0.0,0.06478500366210938,-0.06478500366210938
2026-09-01,10,TSLA,long,0.0,0.17951499938964843,-0.17951499938964843
2026-09-01,10,MSTR,long,0.0,0.06461000061035156,-0.06461000061035156
2026-09-01,10,TSLA,long,0.0,0.17938999938964845,-0.17938999938964845
2026-09-01,10,MSTR,long,0.0,0.06463500213623047,-0.06463500213623047
2026-09-01,10,NVDA,short,0.0,0.1089199981689453,-0.1089199981689453
2026-09-01,10,MSTR,long,0.0,0.06459970092773437,-0.06459970092773437
2026-09-01,10,NVDA,short,0.0,0.10880500030517579,-0.10880500030517579
2026-09-01,10,MSTR,long,0.0,0.32152500152587893,-0.32152500152587893
2026-09-01,10,TSLA,long,0.0,0.17948500061035155,-0.17948500061035155
2026-09-01,10,MSTR,long,0.0,0.06453495025634766,-0.06453495025634766
2026-09-01,10,TSLA,long,0.0,0.17935000610351562,-0.17935000610351562
2026-09-01,10,MSTR,long,0.0,1.416689926147461,-1.416689926147461
2026-09-01,10,NVDA,short,0.0,0.10886270141601563,-0.10886270141601563
2026-09-01,10,TSLA,long,0.0,0.17960000610351562,-0.17960000610351562
2026-09-01,10,MSTR,long,0.0,2.7812400131225585,-2.7812400131225585
2026-09-01,10,NVDA,short,0.0,0.10901499938964844,-0.10901499938964844
2026-09-01,10,TSLA,long,0.0,0.1792550048828125,-0.1792550048828125
2026-09-01,11,TSLA,long,0.0,0.1788175048828125,-0.1788175048828125
2026-09-01,11,NVDA,short,0.0,0.10902249908447266,-0.10902249908447266
2026-09-01,11,TSLA,long,0.0,0.1790574951171875,-0.1790574951171875
2026-09-01,11,NVDA,short,0.0,0.10924500274658203,-0.10924500274658203
2026-09-01,11,MSTR,long,0.0,1.2758999633789063,-1.2758999633789063
2026-09-01,11,NVDA,short,0.0,0.1089199981689453,-0.1089199981689453
2026-09-01,11,MSTR,long,0.0,0.06379750061035157,-0.06379750061035157
2026-09-01,11,TSLA,long,0.0,0.17953500366210937,-0.17953500366210937
2026-09-01,11,NVDA,short,0.0,0.1092699966430664,-0.1092699966430664
2026-09-01,11,TSLA,long,0.0,0.1797449951171875,-0.1797449951171875
2026-09-01,11,TSLA,long,0.0,0.17997999572753906,-0.17997999572753906
2026-09-01,11,NVDA,short,0.0,0.10973249816894531,-0.10973249816894531
2026-09-01,11,MSTR,long,0.0,0.06401000213623047,-0.06401000213623047
2026-09-01,12,SNDK,short,0.0,1.5916800537109375,-1.5916800537109375
2026-09-01,12,SNDK,short,0.0,0.7969550170898437,-0.7969550170898437
2026-09-01,12,NVDA,short,0.0,0.1098550033569336,-0.1098550033569336
2026-09-01,12,SNDK,short,0.0,0.7947424926757812,-0.7947424926757812
2026-09-01,12,NVDA,short,0.0,0.10990249633789062,-0.10990249633789062
2026-09-01,12,MSTR,long,0.0,0.06304499816894531,-0.06304499816894531
2026-09-01,12,NVDA,short,0.0,0.10966000366210937,-0.10966000366210937
2026-09-01,12,MSTR,long,0.0,0.06316500091552735,-0.06316500091552735
2026-09-01,12,NVDA,short,0.0,0.10962249755859375,-0.10962249755859375
2026-09-01,13,MSTR,long,0.0,0.06313019943237305,-0.06313019943237305
2026-09-01,13,MSTR,long,0.0,0.06315499877929688,-0.06315499877929688
2026-09-01,13,NVDA,short,0.0,0.10915249633789062,-0.10915249633789062
2026-09-01,14,SNDK,short,0.0,1.5554364013671875,-1.5554364013671875
2026-09-01,14,SNDK,short,0.0,0.777782470703125,-0.777782470703125
2026-09-01,14,NVDA,short,0.0,0.10886499786376953,-0.10886499786376953
2026-09-01,14,SNDK,short,0.0,0.7750399780273437,-0.7750399780273437
2026-09-01,14,MSTR,long,0.0,0.061994998931884766,-0.061994998931884766
2026-09-01,14,NVDA,short,0.0,0.10825749969482422,-0.10825749969482422
2026-09-01,15,MSTR,long,0.0,0.06317250061035157,-0.06317250061035157
2026-09-01,15,MSTR,long,0.0,0.06293500137329101,-0.06293500137329101
2026-09-01,15,MSTR,long,0.0,28.70356492996216,-28.70356492996216
2026-09-01,15,NVDA,short,0.0,8.459490142822265,-8.459490142822265
2026-09-02,9,SNDK,long,0.0,5.437845153808594,-5.437845153808594
2026-09-02,9,MSTR,long,0.0,35.024625,-35.024625
2026-09-02,9,NVDA,short,0.0,6.266010017395019,-6.266010017395019
2026-09-02,9,NVDA,short,0.0,0.10994000244140625,-0.10994000244140625
2026-09-02,9,SNDK,long,0.0,2.3744849853515624,-2.3744849853515624
2026-09-02,9,MSTR,long,0.0,0.12453500366210937,-0.12453500366210937
2026-09-02,9,MSTR,long,0.0,23.187919311523437,-23.187919311523437
2026-09-02,9,NVDA,short,0.0,2.9693249588012693,-2.9693249588012693
2026-09-02,9,SNDK,long,0.0,28.763986083984374,-28.763986083984374
2026-09-02,9,SNDK,long,0.0,31.14975,-31.14975
2026-09-02,9,NVDA,short,0.0,3.188042579650879,-3.188042579650879
2026-09-02,9,SNDK,short,0.0,24.312,-24.312
2026-09-02,9,MSTR,long,0.0,10.229174823760987,-10.229174823760987
2026-09-02,10,TSLA,short,0.0,0.3517300109863281,-0.3517300109863281
2026-09-02,10,SNDK,short,0.0,3.051820068359375,-3.051820068359375
2026-09-02,10,SNDK,short,0.0,0.7641649780273437,-0.7641649780273437
2026-09-02,10,TSLA,short,0.0,0.17585995483398437,-0.17585995483398437
2026-09-02,10,SNDK,short,0.0,9.917504333496094,-9.917504333496094
2026-09-02,10,TSLA,short,0.0,0.17640060424804688,-0.17640060424804688
2026-09-02,10,SNDK,short,0.0,2.301840087890625,-2.301840087890625
2026-09-02,10,SNDK,short,0.0,1.5313299560546876,-1.5313299560546876
2026-09-02,10,TSLA,long,0.0,17.384955657958983,-17.384955657958983
2026-09-02,10,MSTR,long,0.0,0.06179499816894531,-0.06179499816894531
2026-09-02,10,SNDK,short,0.0,0.7668284912109375,-0.7668284912109375
2026-09-02,10,MSTR,long,0.0,0.06172829818725586,-0.06172829818725586
2026-09-02,10,SNDK,short,0.0,0.7711799926757813,-0.7711799926757813
2026-09-02,10,TSLA,long,0.0,0.17775999450683594,-0.17775999450683594
2026-09-02,10,MSTR,long,0.0,1.6047200317382813,-1.6047200317382813
2026-09-02,10,SNDK,short,0.0,5.392835205078125,-5.392835205078125
2026-09-02,10,SNDK,long,0.0,8.474455322265625,-8.474455322265625
2026-09-02,10,MSTR,long,0.0,0.06191999816894531,-0.06191999816894531
2026-09-02,10,SNDK,long,0.0,0.763594970703125,-0.763594970703125
2026-09-02,10,TSLA,long,0.0,0.17698500061035155,-0.17698500061035155
2026-09-02,10,MSTR,long,0.0,0.06159999847412109,-0.06159999847412109
2026-09-02,11,SNDK,long,0.0,7.625225219726563,-7.625225219726563
2026-09-02,11,MSTR,long,0.0,10.649670318603516,-10.649670318603516
2026-09-02,11,TSLA,long,0.0,0.17690089416503907,-0.17690089416503907
2026-09-02,11,TSLA,long,0.0,0.1776300048828125,-0.1776300048828125
2026-09-02,11,TSLA,long,0.0,0.17697500610351563,-0.17697500610351563
2026-09-02,11,TSLA,long,0.0,0.17717999267578124,-0.17717999267578124
2026-09-02,11,TSLA,long,0.0,0.17697749328613283,-0.17697749328613283
2026-09-02,11,TSLA,long,0.0,0.1769949951171875,-0.1769949951171875
2026-09-02,11,TSLA,long,0.0,0.17645660400390625,-0.17645660400390625
2026-09-02,12,TSLA,long,0.0,0.17630474853515626,-0.17630474853515626
2026-09-02,12,TSLA,long,0.0,0.17713999938964844,-0.17713999938964844
2026-09-02,13,TSLA,long,0.0,0.17690780639648437,-0.17690780639648437
2026-09-02,14,MSTR,long,0.0,0.061547500610351566,-0.061547500610351566
2026-09-02,14,TSLA,long,0.0,0.17594749450683594,-0.17594749450683594
2026-09-02,15,MSTR,long,0.0,0.06126314926147461,-0.06126314926147461
2026-09-02,15,TSLA,long,0.0,0.17646499633789062,-0.17646499633789062
2026-09-02,15,TSLA,long,0.0,0.17644999694824218,-0.17644999694824218
2026-09-02,15,TSLA,long,0.0,0.17652999877929687,-0.17652999877929687
2026-09-02,15,TSLA,long,0.0,13.876550628662109,-13.876550628662109
2026-09-02,15,TSLA,long,0.0,0.7124400024414063,-0.7124400024414063
2026-09-02,15,MSTR,long,0.0,9.450210258483887,-9.450210258483887
2026-09-03,9,SNDK,short,0.0,34.12034912109375,-34.12034912109375
2026-09-03,9,MSTR,long,0.0,12.253840057373047,-12.253840057373047
2026-09-03,9,SNDK,short,0.0,27.327779296875,-27.327779296875
2026-09-03,9,MSTR,long,0.0,22.045669082641602,-22.045669082641602
2026-09-03,9,NVDA,long,0.0,5.120099945068359,-5.120099945068359
2026-09-03,9,MSTR,long,0.0,0.06591500091552735,-0.06591500091552735
2026-09-03,9,NVDA,long,0.0,5.123475151062012,-5.123475151062012
2026-09-03,9,SNDK,short,0.0,6.874154846191407,-6.874154846191407
2026-09-03,9,NVDA,short,0.0,12.182485359191894,-12.182485359191894
2026-09-03,9,MSTR,long,0.0,0.06565000152587891,-0.06565000152587891
2026-09-03,9,NVDA,short,0.0,0.11440249633789062,-0.11440249633789062
2026-09-03,10,NVDA,short,0.0,0.11400499725341796,-0.11400499725341796
2026-09-03,10,TSLA,long,0.0,0.18622999572753907,-0.18622999572753907
2026-09-03,10,TSLA,long,0.0,0.18792999267578125,-0.18792999267578125
2026-09-03,10,MSTR,long,0.0,0.06683999633789063,-0.06683999633789063
2026-09-03,10,MSTR,long,0.0,10.386162452697754,-10.386162452697754
2026-09-03,10,TSLA,long,0.0,10.74461393737793,-10.74461393737793
2026-09-03,10,MSTR,long,0.0,3.428220062255859,-3.428220062255859
2026-09-03,10,TSLA,long,0.0,0.18915750122070313,-0.18915750122070313
2026-09-03,10,NVDA,short,0.0,0.11406500244140624,-0.11406500244140624
2026-09-03,10,TSLA,long,0.0,0.18935499572753905,-0.18935499572753905
2026-09-03,10,NVDA,short,0.0,0.11369249725341797,-0.11369249725341797
2026-09-03,10,NVDA,short,0.0,3.5083475189208984,-3.5083475189208984
2026-09-03,10,MSTR,long,0.0,0.6838500213623047,-0.6838500213623047
2026-09-03,10,TSLA,long,0.0,0.1899824981689453,-0.1899824981689453
2026-09-03,10,MSTR,long,0.0,0.06924500274658203,-0.06924500274658203
2026-09-03,10,NVDA,short,0.0,0.113125,-0.113125
2026-09-03,10,MSTR,long,0.0,0.06888749694824219,-0.06888749694824219
2026-09-03,11,TSLA,long,0.0,0.18976249694824218,-0.18976249694824218
2026-09-03,11,NVDA,short,0.0,0.11308000183105468,-0.11308000183105468
2026-09-03,11,TSLA,long,0.0,0.19025,-0.19025
2026-09-03,11,MSTR,long,0.0,14.704320129394532,-14.704320129394532
2026-09-03,11,NVDA,short,0.0,0.11315000152587891,-0.11315000152587891
2026-09-03,11,TSLA,long,0.0,0.19042999267578126,-0.19042999267578126
2026-09-03,11,MSTR,long,0.0,0.06910500335693359,-0.06910500335693359
2026-09-03,11,NVDA,short,0.0,0.11297965240478515,-0.11297965240478515
2026-09-03,11,TSLA,long,0.0,0.19019000244140624,-0.19019000244140624
2026-09-03,11,NVDA,short,0.0,0.11348000335693359,-0.11348000335693359
2026-09-03,11,MSTR,long,0.0,4.2128125,-4.2128125
2026-09-03,11,TSLA,long,0.0,0.18967999267578126,-0.18967999267578126
2026-09-03,11,MSTR,long,0.0,0.06923000335693359,-0.06923000335693359
2026-09-03,11,NVDA,short,0.0,0.11351000213623047,-0.11351000213623047
2026-09-03,11,TSLA,long,0.0,0.19002999877929688,-0.19002999877929688
2026-09-03,11,TSLA,long,0.0,0.19071249389648437,-0.19071249389648437
2026-09-03,11,MSTR,long,0.0,0.06932749938964844,-0.06932749938964844
2026-09-03,11,NVDA,short,0.0,0.11391500091552734,-0.11391500091552734
2026-09-03,11,TSLA,long,0.0,0.19060629272460938,-0.19060629272460938
2026-09-03,11,TSLA,long,0.0,0.19050999450683595,-0.19050999450683595
2026-09-03,11,MSTR,long,0.0,0.06932109832763672,-0.06932109832763672
2026-09-03,11,NVDA,short,0.0,0.11369249725341797,-0.11369249725341797
2026-09-03,11,TSLA,long,0.0,0.19160499572753906,-0.19160499572753906
2026-09-03,11,MSTR,long,0.0,0.06940000152587891,-0.06940000152587891
2026-09-03,11,NVDA,short,0.0,0.11365000152587891,-0.11365000152587891
2026-09-03,11,TSLA,long,0.0,8.410390930175781,-8.410390930175781
2026-09-03,11,MSTR,long,0.0,0.06994499969482422,-0.06994499969482422
2026-09-03,11,TSLA,short,0.0,3.249469223022461,-3.249469223022461
2026-09-03,12,TSLA,short,0.0,0.19139999389648438,-0.19139999389648438
2026-09-03,12,MSTR,long,0.0,0.06936000061035157,-0.06936000061035157
2026-09-03,12,NVDA,short,0.0,0.11358174896240235,-0.11358174896240235
2026-09-03,12,TSLA,short,0.0,0.19163800048828125,-0.19163800048828125
2026-09-03,12,MSTR,long,0.0,0.06985250091552735,-0.06985250091552735
2026-09-03,12,NVDA,short,0.0,0.11393769836425781,-0.11393769836425781
2026-09-03,12,TSLA,short,0.0,0.19145249938964845,-0.19145249938964845
2026-09-03,12,MSTR,long,0.0,0.06975,-0.06975
2026-09-03,12,NVDA,short,0.0,0.11350025177001953,-0.11350025177001953
2026-09-03,12,MSTR,long,0.0,0.0697125015258789,-0.0697125015258789
2026-09-03,12,TSLA,short,0.0,0.19100999450683595,-0.19100999450683595
2026-09-03,12,NVDA,short,0.0,0.11351499938964844,-0.11351499938964844
2026-09-03,12,MSTR,long,0.0,0.07020899963378906,-0.07020899963378906
2026-09-03,12,TSLA,short,0.0,0.1911300048828125,-0.1911300048828125
2026-09-03,12,NVDA,short,0.0,0.11368499755859375,-0.11368499755859375
2026-09-03,12,TSLA,short,0.0,0.19044500732421876,-0.19044500732421876
2026-09-03,12,SNDK,short,0.0,5.430285034179687,-5.430285034179687
2026-09-03,12,NVDA,short,0.0,0.11389749908447265,-0.11389749908447265
2026-09-03,12,NVDA,short,0.0,0.11361499786376954,-0.11361499786376954
2026-09-03,13,MSTR,long,0.0,0.07019499969482422,-0.07019499969482422
2026-09-03,13,SNDK,short,0.0,4.68531005859375,-4.68531005859375
2026-09-03,13,MSTR,long,0.0,0.07036499786376953,-0.07036499786376953
2026-09-03,13,TSLA,short,0.0,0.19118499755859375,-0.19118499755859375
2026-09-03,13,MSTR,long,0.0,0.07034500122070313,-0.07034500122070313
2026-09-03,13,NVDA,short,0.0,0.1137249984741211,-0.1137249984741211
2026-09-03,13,MSTR,long,0.0,0.0706999969482422,-0.0706999969482422
2026-09-03,13,TSLA,short,0.0,0.19119749450683593,-0.19119749450683593
2026-09-03,13,NVDA,short,0.0,0.113625,-0.113625
2026-09-03,13,MSTR,long,0.0,0.07020999908447266,-0.07020999908447266
2026-09-03,13,NVDA,short,0.0,0.11358605194091796,-0.11358605194091796
2026-09-03,13,MSTR,long,0.0,0.07031999969482422,-0.07031999969482422
2026-09-03,13,TSLA,short,0.0,0.19098489379882813,-0.19098489379882813
2026-09-03,13,NVDA,short,0.0,0.11355750274658204,-0.11355750274658204
2026-09-03,13,MSTR,long,0.0,0.07036000061035157,-0.07036000061035157
2026-09-03,13,TSLA,short,0.0,0.19108999633789062,-0.19108999633789062
2026-09-03,13,NVDA,short,0.0,0.1137200469970703,-0.1137200469970703
2026-09-03,13,MSTR,long,0.0,0.07062000274658203,-0.07062000274658203
2026-09-03,13,TSLA,short,0.0,0.19121980285644533,-0.19121980285644533
2026-09-03,13,NVDA,short,0.0,0.11403500366210938,-0.11403500366210938
2026-09-03,13,MSTR,long,0.0,0.07080999755859375,-0.07080999755859375
2026-09-03,13,TSLA,short,0.0,0.19130999755859374,-0.19130999755859374
2026-09-03,13,NVDA,short,0.0,0.11440499877929687,-0.11440499877929687
2026-09-03,13,MSTR,long,0.0,0.07066000366210938,-0.07066000366210938
2026-09-03,13,NVDA,short,0.0,0.11491999816894531,-0.11491999816894531
2026-09-03,13,MSTR,long,0.0,0.07093499755859375,-0.07093499755859375
2026-09-03,13,NVDA,short,0.0,0.11469000244140624,-0.11469000244140624
2026-09-03,13,MSTR,long,0.0,0.07072499847412109,-0.07072499847412109
2026-09-03,13,NVDA,short,0.0,0.11491999816894531,-0.11491999816894531
2026-09-03,14,MSTR,long,0.0,0.07065249633789063,-0.07065249633789063
2026-09-03,14,TSLA,short,0.0,0.19124000549316406,-0.19124000549316406
2026-09-03,14,NVDA,short,0.0,0.11501000213623047,-0.11501000213623047
2026-09-03,14,SNDK,short,0.0,0.7810700073242187,-0.7810700073242187
2026-09-03,14,NVDA,short,0.0,0.11512249755859374,-0.11512249755859374
2026-09-03,14,MSTR,long,0.0,0.071,-0.071
2026-09-03,14,TSLA,short,0.0,0.19131495666503906,-0.19131495666503906
2026-09-03,14,NVDA,short,0.0,0.11505000305175782,-0.11505000305175782
2026-09-03,14,MSTR,long,0.0,10.283037986755371,-10.283037986755371
2026-09-03,14,NVDA,short,0.0,0.11506500244140624,-0.11506500244140624
2026-09-03,14,MSTR,short,0.0,2.4111951141357424,-2.4111951141357424
2026-09-03,14,TSLA,short,0.0,0.1912290496826172,-0.1912290496826172
2026-09-03,14,NVDA,short,0.0,0.11488249969482422,-0.11488249969482422
2026-09-03,14,TSLA,short,0.0,0.19105000305175782,-0.19105000305175782
2026-09-03,14,NVDA,short,0.0,0.11483999633789063,-0.11483999633789063
2026-09-03,14,TSLA,short,0.0,0.19111500549316407,-0.19111500549316407
2026-09-03,14,NVDA,short,0.0,0.11475689697265624,-0.11475689697265624
2026-09-03,14,NVDA,short,0.0,0.11494000244140624,-0.11494000244140624
2026-09-03,14,NVDA,short,0.0,0.11501000213623047,-0.11501000213623047
2026-09-03,14,NVDA,short,0.0,0.11478749847412109,-0.11478749847412109
2026-09-03,14,NVDA,short,0.0,0.1149175033569336,-0.1149175033569336
2026-09-03,14,MSTR,short,0.0,0.07088600158691406,-0.07088600158691406
2026-09-03,14,NVDA,short,0.0,0.11475499725341796,-0.11475499725341796
2026-09-03,14,SNDK,long,0.0,17.32312951660156,-17.32312951660156
2026-09-03,15,MSTR,short,0.0,0.07087000274658203,-0.07087000274658203
2026-09-03,15,MSTR,short,0.0,0.07115249633789063,-0.07115249633789063
2026-09-03,15,MSTR,short,0.0,0.07111250305175781,-0.07111250305175781
2026-09-03,15,NVDA,short,0.0,0.11468000030517578,-0.11468000030517578
2026-09-03,15,MSTR,short,0.0,0.07094000244140625,-0.07094000244140625
2026-09-03,15,MSTR,short,0.0,0.07144000244140625,-0.07144000244140625
2026-09-03,15,NVDA,short,0.0,0.11482614898681641,-0.11482614898681641
2026-09-03,15,SNDK,long,0.0,0.768780029296875,-0.768780029296875
2026-09-03,15,NVDA,short,0.0,0.11472750091552734,-0.11472750091552734
2026-09-03,15,MSTR,short,0.0,0.07169999694824218,-0.07169999694824218
2026-09-03,15,SNDK,long,0.0,0.7700850219726563,-0.7700850219726563
2026-09-03,15,NVDA,short,0.0,0.11467749786376953,-0.11467749786376953
2026-09-03,15,SNDK,long,0.0,2.3146349487304687,-2.3146349487304687
2026-09-03,15,SNDK,long,0.0,0.7714525146484374,-0.7714525146484374
2026-09-03,15,NVDA,short,0.0,0.11448249816894532,-0.11448249816894532
2026-09-03,15,SNDK,long,0.0,0.7741199951171875,-0.7741199951171875
2026-09-03,15,SNDK,long,0.0,11.634450073242187,-11.634450073242187
2026-09-03,15,MSTR,short,0.0,1.951289909362793,-1.951289909362793
2026-09-03,15,NVDA,short,0.0,10.402665222167968,-10.402665222167968
2026-09-04,9,SNDK,short,0.0,11.432539794921874,-11.432539794921874
2026-09-04,9,TSLA,short,0.0,17.608150299072264,-17.608150299072264
2026-09-04,9,MSTR,long,0.0,18.412200889587403,-18.412200889587403
2026-09-04,9,SNDK,short,0.0,11.483675170898438,-11.483675170898438
2026-09-04,9,TSLA,short,0.0,5.223335159301758,-5.223335159301758
2026-09-04,9,MSTR,long,0.0,16.669520217895506,-16.669520217895506
2026-09-04,9,MSTR,long,0.0,0.06998999786376953,-0.06998999786376953
2026-09-04,9,MSTR,long,0.0,1.9008000411987305,-1.9008000411987305
2026-09-04,9,TSLA,short,0.0,12.319950210571289,-12.319950210571289
2026-09-04,9,TSLA,long,0.0,14.462550247192382,-14.462550247192382
2026-09-04,9,MSTR,long,0.0,0.07008999633789062,-0.07008999633789062
2026-09-04,10,TSLA,long,0.0,0.17977499389648438,-0.17977499389648438
2026-09-04,10,TSLA,long,0.0,0.17794999694824218,-0.17794999694824218
2026-09-04,10,MSTR,long,0.0,0.07016000366210938,-0.07016000366210938
2026-09-04,10,MSTR,long,0.0,13.677217079162597,-13.677217079162597
2026-09-04,10,SNDK,short,0.0,13.28151953125,-13.28151953125
2026-09-04,10,TSLA,long,0.0,0.17668995666503906,-0.17668995666503906
2026-09-04,10,MSTR,long,0.0,0.0700749969482422,-0.0700749969482422
2026-09-04,10,SNDK,short,0.0,8.31290283203125,-8.31290283203125
2026-09-04,10,SNDK,short,0.0,0.8352525024414063,-0.8352525024414063
2026-09-04,10,NVDA,short,0.0,9.799860076904297,-9.799860076904297
2026-09-04,10,MSTR,long,0.0,0.0702228012084961,-0.0702228012084961
2026-09-04,10,NVDA,short,0.0,0.11682749938964844,-0.11682749938964844
2026-09-04,10,TSLA,long,0.0,0.17636749267578125,-0.17636749267578125
2026-09-04,10,MSTR,long,0.0,9.734199829101563,-9.734199829101563
2026-09-04,10,NVDA,short,0.0,0.11672000122070313,-0.11672000122070313
2026-09-04,10,MSTR,long,0.0,0.06935500335693359,-0.06935500335693359
2026-09-04,10,SNDK,short,0.0,0.8331849975585938,-0.8331849975585938
2026-09-04,10,SNDK,short,0.0,0.8407994995117187,-0.8407994995117187
2026-09-04,11,TSLA,long,0.0,0.1771300048828125,-0.1771300048828125
2026-09-04,11,MSTR,long,0.0,0.06942500305175782,-0.06942500305175782
2026-09-04,11,NVDA,short,0.0,0.11612249755859375,-0.11612249755859375
2026-09-04,11,TSLA,long,0.0,0.17751499938964843,-0.17751499938964843
2026-09-04,11,MSTR,long,0.0,0.06980500030517578,-0.06980500030517578
2026-09-04,11,NVDA,short,0.0,0.11608999633789062,-0.11608999633789062
2026-09-04,11,TSLA,long,0.0,0.17671499633789062,-0.17671499633789062
2026-09-04,11,NVDA,short,0.0,0.1162249984741211,-0.1162249984741211
2026-09-04,11,MSTR,long,0.0,2.8055999755859373,-2.8055999755859373
2026-09-04,11,SNDK,short,0.0,0.84477001953125,-0.84477001953125
2026-09-04,11,TSLA,long,0.0,0.17652000427246095,-0.17652000427246095
2026-09-04,11,MSTR,long,0.0,0.07018250274658203,-0.07018250274658203
2026-09-04,11,NVDA,short,0.0,0.1162249984741211,-0.1162249984741211
2026-09-04,11,SNDK,short,0.0,0.84422998046875,-0.84422998046875
2026-09-04,11,SNDK,short,0.0,0.8455092163085938,-0.8455092163085938
2026-09-04,11,TSLA,long,0.0,0.17675,-0.17675
2026-09-04,11,MSTR,long,0.0,0.07059500122070313,-0.07059500122070313
2026-09-04,11,NVDA,short,0.0,0.11576499938964843,-0.11576499938964843
2026-09-04,11,TSLA,long,0.0,0.1762062530517578,-0.1762062530517578
2026-09-04,11,MSTR,long,0.0,0.07107505035400391,-0.07107505035400391
2026-09-04,11,NVDA,short,0.0,0.11593250274658203,-0.11593250274658203
2026-09-04,11,TSLA,long,0.0,0.1759949951171875,-0.1759949951171875
2026-09-04,11,MSTR,long,0.0,0.07091500091552734,-0.07091500091552734
2026-09-04,11,NVDA,short,0.0,0.11570484924316406,-0.11570484924316406
2026-09-04,11,TSLA,long,0.0,0.1758574981689453,-0.1758574981689453
2026-09-04,11,MSTR,long,0.0,0.07109750366210937,-0.07109750366210937
2026-09-04,11,NVDA,short,0.0,0.11547750091552735,-0.11547750091552735
2026-09-04,12,TSLA,long,0.0,0.17594000244140626,-0.17594000244140626
2026-09-04,12,MSTR,long,0.0,0.0709124984741211,-0.0709124984741211
2026-09-04,12,TSLA,long,0.0,0.17605999755859375,-0.17605999755859375
2026-09-04,13,TSLA,long,0.0,0.17608749389648437,-0.17608749389648437
2026-09-04,13,TSLA,long,0.0,0.17598500061035155,-0.17598500061035155
2026-09-04,13,MSTR,long,0.0,0.07112940216064453,-0.07112940216064453
2026-09-04,13,TSLA,long,0.0,0.17622500610351563,-0.17622500610351563
2026-09-04,13,MSTR,long,0.0,0.07101999664306641,-0.07101999664306641
2026-09-04,13,NVDA,short,0.0,0.11507250213623046,-0.11507250213623046
2026-09-04,14,TSLA,long,0.0,0.1760574951171875,-0.1760574951171875
2026-09-04,14,MSTR,long,0.0,0.07090249633789063,-0.07090249633789063
2026-09-04,14,TSLA,long,0.0,0.17693870544433593,-0.17693870544433593
2026-09-04,14,MSTR,long,0.0,0.07108499908447266,-0.07108499908447266
2026-09-04,14,NVDA,short,0.0,0.11519499969482422,-0.11519499969482422
2026-09-04,14,TSLA,long,0.0,0.17680999755859375,-0.17680999755859375
2026-09-04,14,MSTR,long,0.0,0.07120999908447266,-0.07120999908447266
2026-09-04,14,NVDA,short,0.0,0.11515025329589844,-0.11515025329589844
2026-09-04,14,TSLA,long,0.0,0.17670249938964844,-0.17670249938964844
2026-09-04,14,MSTR,long,0.0,0.07143250274658203,-0.07143250274658203
2026-09-04,14,NVDA,short,0.0,0.11515499877929687,-0.11515499877929687
2026-09-04,14,TSLA,long,0.0,0.17661000061035156,-0.17661000061035156
2026-09-04,15,MSTR,long,0.0,0.07192500305175781,-0.07192500305175781
2026-09-04,15,SNDK,short,0.0,0.8550250244140625,-0.8550250244140625
2026-09-04,15,SNDK,short,0.0,0.8573150024414062,-0.8573150024414062
2026-09-04,15,MSTR,long,0.0,0.07208499908447266,-0.07208499908447266
2026-09-04,15,TSLA,long,0.0,10.838327835083009,-10.838327835083009
2026-09-04,15,MSTR,long,0.0,11.357370048522949,-11.357370048522949
2026-09-04,15,NVDA,short,0.0,8.084299850463868,-8.084299850463868
2026-09-08,9,MSTR,long,0.0,35.253119842529294,-35.253119842529294
2026-09-08,9,NVDA,short,0.0,12.517739868164062,-12.517739868164062
2026-09-08,9,NVDA,short,0.0,12.464090881347657,-12.464090881347657
2026-09-08,9,SNDK,short,0.0,12.476730102539063,-12.476730102539063
2026-09-08,9,MSTR,long,0.0,15.324560272216797,-15.324560272216797
2026-09-08,9,SNDK,short,0.0,15.705,-15.705
2026-09-08,9,SNDK,short,0.0,0.8859400024414062,-0.8859400024414062
2026-09-08,9,SNDK,short,0.0,5.323230102539062,-5.323230102539062
2026-09-08,9,MSTR,long,0.0,5.1495002746582035,-5.1495002746582035
2026-09-08,10,MSTR,long,0.0,0.0688125,-0.0688125
2026-09-08,10,SNDK,short,0.0,16.914607360839845,-16.914607360839845
2026-09-08,10,MSTR,long,0.0,0.0688949966430664,-0.0688949966430664
2026-09-08,10,SNDK,short,0.0,0.8825900268554687,-0.8825900268554687
2026-09-08,10,TSLA,long,0.0,18.27392463684082,-18.27392463684082
2026-09-08,10,MSTR,long,0.0,0.06946499633789062,-0.06946499633789062
2026-09-08,10,TSLA,long,0.0,0.18169889831542968,-0.18169889831542968
2026-09-08,10,MSTR,long,0.0,0.06915499877929687,-0.06915499877929687
2026-09-08,10,SNDK,short,0.0,0.8875,-0.8875
2026-09-08,10,TSLA,long,0.0,0.18223515319824218,-0.18223515319824218
2026-09-08,10,MSTR,long,0.0,0.06930249786376953,-0.06930249786376953
2026-09-08,10,TSLA,long,0.0,0.18226249694824218,-0.18226249694824218
2026-09-08,10,SNDK,short,0.0,0.8862493286132812,-0.8862493286132812
2026-09-08,10,TSLA,long,0.0,2.369477523803711,-2.369477523803711
2026-09-08,10,TSLA,long,0.0,0.18218499755859374,-0.18218499755859374
2026-09-08,11,TSLA,long,0.0,0.18255499267578126,-0.18255499267578126
2026-09-08,11,SNDK,short,0.0,0.8898060302734375,-0.8898060302734375
2026-09-08,11,TSLA,long,0.0,0.18287005615234375,-0.18287005615234375
2026-09-08,11,SNDK,short,0.0,0.88760498046875,-0.88760498046875
2026-09-08,11,TSLA,long,0.0,0.18243780517578126,-0.18243780517578126
2026-09-08,11,MSTR,long,0.0,0.06906999969482422,-0.06906999969482422
2026-09-08,11,SNDK,short,0.0,0.89047998046875,-0.89047998046875
2026-09-08,11,MSTR,long,0.0,2.208,-2.208
2026-09-08,11,SNDK,short,0.0,5.397,-5.397
2026-09-08,11,SNDK,short,0.0,0.89530712890625,-0.89530712890625
2026-09-08,11,TSLA,long,0.0,19.678370391845704,-19.678370391845704
2026-09-08,11,TSLA,short,0.0,20.96574041748047,-20.96574041748047
2026-09-08,11,SNDK,short,0.0,0.897989990234375,-0.897989990234375
2026-09-08,11,MSTR,long,0.0,0.06891000366210938,-0.06891000366210938
2026-09-08,11,SNDK,short,0.0,0.9004087524414063,-0.9004087524414063
2026-09-08,11,SNDK,short,0.0,0.9015250244140625,-0.9015250244140625
2026-09-08,11,SNDK,short,0.0,0.9024949951171874,-0.9024949951171874
2026-09-08,12,MSTR,long,0.0,0.06961499786376953,-0.06961499786376953
2026-09-08,12,SNDK,short,0.0,0.8998499755859375,-0.8998499755859375
2026-09-08,12,TSLA,short,0.0,0.18381495666503905,-0.18381495666503905
2026-09-08,12,MSTR,long,0.0,0.13915499877929688,-0.13915499877929688
2026-09-08,12,MSTR,long,0.0,0.06916500091552734,-0.06916500091552734
2026-09-08,12,MSTR,long,0.0,0.06882499694824219,-0.06882499694824219
2026-09-08,12,MSTR,long,0.0,0.06875,-0.06875
2026-09-08,12,TSLA,short,0.0,0.18375,-0.18375
2026-09-08,12,MSTR,long,0.0,0.06883000183105469,-0.06883000183105469
2026-09-08,12,TSLA,short,0.0,0.18409500122070313,-0.18409500122070313
2026-09-08,12,MSTR,long,0.0,0.06887000274658203,-0.06887000274658203
2026-09-08,12,MSTR,long,0.0,0.06929000091552734,-0.06929000091552734
2026-09-08,12,MSTR,long,0.0,0.06918000030517578,-0.06918000030517578
2026-09-08,12,MSTR,long,0.0,0.06916500091552734,-0.06916500091552734
2026-09-08,12,TSLA,short,0.0,0.18452499389648438,-0.18452499389648438
2026-09-08,12,MSTR,long,0.0,0.0688949966430664,-0.0688949966430664
2026-09-08,13,MSTR,long,0.0,0.0687125015258789,-0.0687125015258789
2026-09-08,13,TSLA,short,0.0,0.18411500549316406,-0.18411500549316406
2026-09-08,13,MSTR,long,0.0,0.06894499969482422,-0.06894499969482422
2026-09-08,13,MSTR,long,0.0,0.06875,-0.06875
2026-09-08,13,MSTR,long,0.0,0.06879750061035156,-0.06879750061035156
2026-09-08,13,TSLA,short,0.0,0.18389004516601562,-0.18389004516601562
2026-09-08,13,MSTR,long,0.0,0.06851499938964843,-0.06851499938964843
2026-09-08,13,MSTR,long,0.0,0.06866500091552734,-0.06866500091552734
2026-09-08,13,MSTR,long,0.0,0.06868499755859375,-0.06868499755859375
2026-09-08,13,MSTR,long,0.0,0.06858000183105468,-0.06858000183105468
2026-09-08,13,MSTR,long,0.0,0.06857499694824219,-0.06857499694824219
2026-09-08,14,MSTR,long,0.0,0.06870500183105469,-0.06870500183105469
2026-09-08,14,MSTR,long,0.0,0.06902500152587891,-0.06902500152587891
2026-09-08,14,MSTR,long,0.0,0.06898000335693359,-0.06898000335693359
2026-09-08,14,TSLA,short,0.0,0.18306500244140625,-0.18306500244140625
2026-09-08,14,MSTR,long,0.0,0.06878749847412109,-0.06878749847412109
2026-09-08,14,MSTR,long,0.0,0.06848999786376953,-0.06848999786376953
2026-09-08,14,MSTR,long,0.0,0.06859500122070313,-0.06859500122070313
2026-09-08,14,MSTR,long,0.0,8.25159496307373,-8.25159496307373
2026-09-08,14,TSLA,short,0.0,19.57832565307617,-19.57832565307617
2026-09-08,14,TSLA,long,0.0,35.31417617797852,-35.31417617797852
2026-09-08,14,MSTR,long,0.0,0.06822599792480469,-0.06822599792480469
2026-09-08,15,MSTR,long,0.0,0.06835500335693359,-0.06835500335693359
2026-09-08,15,MSTR,long,0.0,0.06838500213623047,-0.06838500213623047
2026-09-08,15,MSTR,long,0.0,0.06828500366210938,-0.06828500366210938
2026-09-08,15,MSTR,long,0.0,0.06827999877929687,-0.06827999877929687
2026-09-08,15,TSLA,long,0.0,0.18401499938964844,-0.18401499938964844
2026-09-08,15,MSTR,long,0.0,0.06837000274658203,-0.06837000274658203
2026-09-08,15,MSTR,long,0.0,0.06836000061035157,-0.06836000061035157
2026-09-08,15,MSTR,long,0.0,0.06835500335693359,-0.06835500335693359
2026-09-08,15,TSLA,long,0.0,35.3467294921875,-35.3467294921875
2026-09-08,15,MSTR,long,0.0,12.09617935180664,-12.09617935180664
2026-09-09,9,MSTR,long,0.0,35.47812400817871,-35.47812400817871
2026-09-09,9,SNDK,long,0.0,2.597835021972656,-2.597835021972656
2026-09-09,9,SNDK,long,0.0,0.8684849853515625,-0.8684849853515625
2026-09-09,9,MSTR,long,0.0,0.06895494842529297,-0.06895494842529297
2026-09-09,9,NVDA,short,0.0,9.890099731445313,-9.890099731445313
2026-09-09,9,SNDK,long,0.0,1.7525250244140624,-1.7525250244140624
2026-09-09,9,MSTR,long,0.0,0.06894499969482422,-0.06894499969482422
2026-09-09,9,NVDA,short,0.0,0.11233249664306641,-0.11233249664306641
2026-09-09,9,TSLA,long,0.0,2.6141107788085938,-2.6141107788085938
2026-09-09,9,TSLA,long,0.0,2.599729248046875,-2.599729248046875
2026-09-09,9,MSTR,long,0.0,0.34161251068115234,-0.34161251068115234
2026-09-09,9,NVDA,short,0.0,9.770969787597656,-9.770969787597656
2026-09-09,9,SNDK,short,0.0,12.418385375976563,-12.418385375976563
2026-09-09,10,MSTR,long,0.0,0.06848000335693359,-0.06848000335693359
2026-09-09,10,TSLA,long,0.0,0.18560000610351562,-0.18560000610351562
2026-09-09,10,TSLA,long,0.0,0.18599000549316405,-0.18599000549316405
2026-09-09,10,MSTR,long,0.0,0.06809249877929688,-0.06809249877929688
2026-09-09,10,SNDK,short,0.0,4.49353759765625,-4.49353759765625
2026-09-09,10,MSTR,long,0.0,0.06815499877929687,-0.06815499877929687
2026-09-09,10,SNDK,short,0.0,0.9004324951171875,-0.9004324951171875
2026-09-09,10,TSLA,long,0.0,4.825729888916015,-4.825729888916015
2026-09-09,10,SNDK,short,0.0,0.8945,-0.8945
2026-09-09,10,TSLA,long,0.0,0.18543499755859374,-0.18543499755859374
2026-09-09,10,MSTR,long,0.0,0.06794999694824219,-0.06794999694824219
2026-09-09,10,MSTR,long,0.0,0.06890499877929687,-0.06890499877929687
2026-09-09,10,SNDK,short,0.0,0.895601806640625,-0.895601806640625
2026-09-09,10,SNDK,short,0.0,0.895322509765625,-0.895322509765625
2026-09-09,10,TSLA,long,0.0,4.089305053710937,-4.089305053710937
2026-09-09,10,MSTR,long,0.0,0.06823000335693359,-0.06823000335693359
2026-09-09,10,SNDK,short,0.0,0.895,-0.895
2026-09-09,10,SNDK,short,0.0,0.89177001953125,-0.89177001953125
2026-09-09,10,TSLA,long,0.0,0.9330999755859375,-0.9330999755859375
2026-09-09,11,TSLA,long,0.0,9.654059936523437,-9.654059936523437
2026-09-09,11,MSTR,long,0.0,0.0677699966430664,-0.0677699966430664
2026-09-09,11,TSLA,short,0.0,10.02536993408203,-10.02536993408203
2026-09-09,11,MSTR,long,0.0,0.06745999908447266,-0.06745999908447266
2026-09-09,11,MSTR,long,0.0,0.06732499694824219,-0.06732499694824219
2026-09-09,11,TSLA,short,0.0,0.18427044677734375,-0.18427044677734375
2026-09-09,11,MSTR,long,0.0,0.06702999877929687,-0.06702999877929687
2026-09-09,11,MSTR,long,0.0,9.042639709472656,-9.042639709472656
2026-09-09,11,TSLA,short,0.0,9.738484741210938,-9.738484741210938
2026-09-09,11,SNDK,short,0.0,19.510091186523436,-19.510091186523436
2026-09-09,11,MSTR,long,0.0,0.06694499969482422,-0.06694499969482422
2026-09-09,11,SNDK,short,0.0,12.432559692382812,-12.432559692382812
2026-09-09,11,SNDK,short,0.0,1.7721400146484374,-1.7721400146484374
2026-09-09,11,SNDK,short,0.0,0.8837424926757812,-0.8837424926757812
2026-09-09,11,MSTR,long,0.0,0.06718499755859375,-0.06718499755859375
2026-09-09,11,SNDK,short,0.0,0.8834849853515625,-0.8834849853515625
2026-09-09,12,SNDK,short,0.0,0.8833775024414062,-0.8833775024414062
2026-09-09,12,SNDK,short,0.0,0.8855750122070313,-0.8855750122070313
2026-09-09,12,MSTR,long,0.0,0.06733249664306641,-0.06733249664306641
2026-09-09,12,MSTR,long,0.0,0.06727500152587891,-0.06727500152587891
2026-09-09,12,SNDK,short,0.0,0.8845,-0.8845
2026-09-09,12,SNDK,short,0.0,0.8862000122070313,-0.8862000122070313
2026-09-09,12,SNDK,short,0.0,0.8855499877929688,-0.8855499877929688
2026-09-09,12,SNDK,short,0.0,0.889864990234375,-0.889864990234375
2026-09-09,12,SNDK,short,0.0,0.8892474975585938,-0.8892474975585938
2026-09-09,14,MSTR,long,0.0,0.06707499694824219,-0.06707499694824219
2026-09-09,15,MSTR,long,0.0,0.06659750366210937,-0.06659750366210937
2026-09-09,15,MSTR,long,0.0,0.06698000335693359,-0.06698000335693359
2026-09-09,15,MSTR,long,0.0,0.06672000122070312,-0.06672000122070312
2026-09-09,15,MSTR,long,0.0,23.390639785766602,-23.390639785766602
2026-09-10,9,SNDK,short,0.0,31.309400451660157,-31.309400451660157
2026-09-10,9,MSTR,long,0.0,14.929199645996095,-14.929199645996095
2026-09-10,9,SNDK,short,0.0,24.75106457519531,-24.75106457519531
2026-09-10,9,TSLA,long,0.0,4.714409851074219,-4.714409851074219
2026-09-10,9,MSTR,long,0.0,19.192638916015625,-19.192638916015625
2026-09-10,9,MSTR,long,0.0,11.828205390930176,-11.828205390930176
2026-09-10,9,SNDK,short,0.0,6.8201201171875,-6.8201201171875
2026-09-10,9,SNDK,long,0.0,2.5575450439453125,-2.5575450439453125
2026-09-10,9,TSLA,long,0.0,16.077137817382813,-16.077137817382813
2026-09-10,9,TSLA,long,0.0,0.18318499755859374,-0.18318499755859374
2026-09-10,9,TSLA,long,0.0,0.732760009765625,-0.732760009765625
2026-09-10,10,SNDK,long,0.0,0.845,-0.845
2026-09-10,10,TSLA,long,0.0,0.18307000732421874,-0.18307000732421874
2026-09-10,10,SNDK,long,0.0,0.849,-0.849
2026-09-10,10,TSLA,long,0.0,0.18418499755859374,-0.18418499755859374
2026-09-10,10,TSLA,long,0.0,0.18356500244140625,-0.18356500244140625
2026-09-10,10,SNDK,long,0.0,0.8460225219726563,-0.8460225219726563
2026-09-10,10,TSLA,long,0.0,0.18291749572753907,-0.18291749572753907
2026-09-10,10,MSTR,long,0.0,0.06532499694824219,-0.06532499694824219
2026-09-10,10,TSLA,long,0.0,0.18312249755859375,-0.18312249755859375
2026-09-10,10,MSTR,long,0.0,0.06513500213623047,-0.06513500213623047
2026-09-10,10,MSTR,long,0.0,0.06525499725341796,-0.06525499725341796
2026-09-10,10,TSLA,long,0.0,0.1843699951171875,-0.1843699951171875
2026-09-10,10,MSTR,long,0.0,0.06544499969482422,-0.06544499969482422
2026-09-10,10,TSLA,long,0.0,0.1839355926513672,-0.1839355926513672
2026-09-10,11,TSLA,long,0.0,0.1838000030517578,-0.1838000030517578
2026-09-10,11,TSLA,long,0.0,19.91784230041504,-19.91784230041504
2026-09-10,11,MSTR,long,0.0,0.06542250061035157,-0.06542250061035157
2026-09-10,11,TSLA,short,0.0,24.303422256469727,-24.303422256469727
2026-09-10,11,MSTR,long,0.0,0.06543250274658204,-0.06543250274658204
2026-09-10,11,MSTR,long,0.0,0.06538249969482422,-0.06538249969482422
2026-09-10,11,MSTR,long,0.0,0.06526280212402344,-0.06526280212402344
2026-09-10,11,TSLA,short,0.0,0.18292999267578125,-0.18292999267578125
2026-09-10,11,MSTR,long,0.0,0.06516500091552735,-0.06516500091552735
2026-09-10,11,MSTR,long,0.0,0.06520749664306641,-0.06520749664306641
2026-09-10,11,TSLA,short,0.0,0.18272000122070312,-0.18272000122070312
2026-09-10,11,MSTR,long,0.0,0.06530000305175782,-0.06530000305175782
2026-09-10,11,MSTR,long,0.0,0.06537750244140625,-0.06537750244140625
2026-09-10,11,MSTR,long,0.0,0.06515499877929687,-0.06515499877929687
2026-09-10,11,MSTR,long,0.0,0.06508589935302735,-0.06508589935302735
2026-09-10,12,MSTR,long,0.0,0.06520999908447266,-0.06520999908447266
2026-09-10,12,MSTR,long,0.0,0.06494750213623048,-0.06494750213623048
2026-09-10,12,MSTR,long,0.0,0.06466249847412109,-0.06466249847412109
2026-09-10,12,MSTR,long,0.0,0.06466795349121093,-0.06466795349121093
2026-09-10,12,TSLA,short,0.0,0.18317999267578125,-0.18317999267578125
2026-09-10,12,TSLA,short,0.0,0.1831800537109375,-0.1831800537109375
2026-09-10,12,MSTR,long,0.0,0.06474250030517578,-0.06474250030517578
2026-09-10,12,TSLA,short,0.0,0.18310000610351562,-0.18310000610351562
2026-09-10,12,MSTR,long,0.0,0.06466500091552735,-0.06466500091552735
2026-09-10,12,TSLA,short,0.0,0.1830500030517578,-0.1830500030517578
2026-09-10,12,MSTR,long,0.0,0.06481999969482422,-0.06481999969482422
2026-09-10,12,TSLA,short,0.0,0.18320249938964844,-0.18320249938964844
2026-09-10,12,MSTR,long,0.0,0.06477500152587891,-0.06477500152587891
2026-09-10,12,MSTR,long,0.0,0.06473000335693359,-0.06473000335693359
2026-09-10,12,MSTR,long,0.0,0.06472000122070312,-0.06472000122070312
2026-09-10,13,MSTR,long,0.0,0.06498500061035156,-0.06498500061035156
2026-09-10,13,TSLA,short,0.0,0.18290750122070312,-0.18290750122070312
2026-09-10,13,MSTR,long,0.0,0.06490499877929687,-0.06490499877929687
2026-09-10,13,MSTR,long,0.0,0.064875,-0.064875
2026-09-10,13,TSLA,short,0.0,0.18305999755859376,-0.18305999755859376
2026-09-10,13,MSTR,long,0.0,0.06494505310058593,-0.06494505310058593
2026-09-10,13,MSTR,long,0.0,0.06517900085449219,-0.06517900085449219
2026-09-10,13,TSLA,short,0.0,0.18342999267578125,-0.18342999267578125
2026-09-10,13,MSTR,long,0.0,0.0654699478149414,-0.0654699478149414
2026-09-10,13,MSTR,long,0.0,0.065125,-0.065125
2026-09-10,13,MSTR,long,0.0,0.06516999816894531,-0.06516999816894531
2026-09-10,13,MSTR,long,0.0,0.06510780334472656,-0.06510780334472656
2026-09-10,13,MSTR,long,0.0,0.06507685089111329,-0.06507685089111329
2026-09-10,14,MSTR,long,0.0,0.06505500030517578,-0.06505500030517578
2026-09-10,14,MSTR,long,0.0,0.06476499938964844,-0.06476499938964844
2026-09-10,14,MSTR,long,0.0,0.06469999694824219,-0.06469999694824219
2026-09-10,14,TSLA,short,0.0,0.182818603515625,-0.182818603515625
2026-09-10,14,MSTR,long,0.0,0.06473500061035156,-0.06473500061035156
2026-09-10,14,TSLA,short,0.0,0.18300035095214845,-0.18300035095214845
2026-09-10,14,MSTR,long,0.0,0.06476499938964844,-0.06476499938964844
2026-09-10,14,TSLA,short,0.0,0.1829949951171875,-0.1829949951171875
2026-09-10,14,MSTR,long,0.0,0.06488500213623047,-0.06488500213623047
2026-09-10,15,MSTR,long,0.0,0.0649749984741211,-0.0649749984741211
2026-09-10,15,MSTR,long,0.0,0.0648949966430664,-0.0648949966430664
2026-09-10,15,MSTR,long,0.0,0.06492024993896485,-0.06492024993896485
2026-09-10,15,MSTR,long,0.0,0.06484249877929688,-0.06484249877929688
2026-09-10,15,MSTR,long,0.0,0.0647699966430664,-0.0647699966430664
2026-09-10,15,MSTR,long,0.0,0.06487000274658203,-0.06487000274658203
2026-09-10,15,MSTR,long,0.0,0.06483999633789063,-0.06483999633789063
2026-09-10,15,MSTR,long,0.0,0.06471499633789063,-0.06471499633789063
2026-09-10,15,MSTR,long,0.0,0.06462249755859376,-0.06462249755859376
2026-09-10,15,MSTR,long,0.0,19.062400451660157,-19.062400451660157
2026-09-10,15,TSLA,short,0.0,21.78899963378906,-21.78899963378906
2026-09-11,9,SNDK,short,0.0,17.611019897460938,-17.611019897460938
2026-09-11,9,MSTR,long,0.0,28.414119201660156,-28.414119201660156
2026-09-11,9,SNDK,short,0.0,8.3027001953125,-8.3027001953125
2026-09-11,9,TSLA,long,0.0,2.567509765625,-2.567509765625
2026-09-11,9,MSTR,long,0.0,5.8702498626708985,-5.8702498626708985
2026-09-11,9,MSTR,long,0.0,20.49139599609375,-20.49139599609375
2026-09-11,9,SNDK,short,0.0,7.425765197753906,-7.425765197753906
2026-09-11,9,TSLA,long,0.0,13.398237945556641,-13.398237945556641
2026-09-11,9,TSLA,long,0.0,0.18375750732421875,-0.18375750732421875
2026-09-11,9,SNDK,short,0.0,0.829467529296875,-0.829467529296875
2026-09-11,9,MSTR,long,0.0,0.1331501007080078,-0.1331501007080078
2026-09-11,9,SNDK,short,0.0,6.5768603515625,-6.5768603515625
2026-09-11,9,MSTR,long,0.0,7.367249832153321,-7.367249832153321
2026-09-11,10,NVDA,long,0.0,0.5540750122070313,-0.5540750122070313
2026-09-11,10,SNDK,short,0.0,3.239030029296875,-3.239030029296875
2026-09-11,10,MSTR,long,0.0,2.8179301376342774,-2.8179301376342774
2026-09-11,10,TSLA,long,0.0,0.18346749877929688,-0.18346749877929688
2026-09-11,10,MSTR,long,0.0,13.260487976074218,-13.260487976074218
2026-09-11,10,SNDK,short,0.0,0.8144199829101563,-0.8144199829101563
2026-09-11,10,MSTR,long,0.0,0.06819750213623046,-0.06819750213623046
2026-09-11,10,NVDA,long,0.0,0.5531750106811524,-0.5531750106811524
2026-09-11,10,SNDK,short,0.0,4.937489868164063,-4.937489868164063
2026-09-11,10,TSLA,long,0.0,19.334399353027344,-19.334399353027344
2026-09-11,10,MSTR,long,0.0,0.068,-0.068
2026-09-11,10,SNDK,short,0.0,0.8197150268554687,-0.8197150268554687
2026-09-11,10,TSLA,long,0.0,0.18206500244140625,-0.18206500244140625
2026-09-11,10,SNDK,short,0.0,0.816907470703125,-0.816907470703125
2026-09-11,10,TSLA,long,0.0,0.18239250183105468,-0.18239250183105468
2026-09-11,10,MSTR,long,0.0,1.1493274688720703,-1.1493274688720703
2026-09-11,10,MSTR,long,0.0,0.06803500366210938,-0.06803500366210938
2026-09-11,11,TSLA,long,0.0,0.18239999389648437,-0.18239999389648437
2026-09-11,11,MSTR,long,0.0,0.068125,-0.068125
2026-09-11,11,MSTR,long,0.0,0.06788999938964843,-0.06788999938964843
2026-09-11,11,MSTR,long,0.0,0.06781999969482422,-0.06781999969482422
2026-09-11,11,TSLA,long,0.0,0.18356500244140625,-0.18356500244140625
2026-09-11,11,MSTR,long,0.0,0.06813999938964843,-0.06813999938964843
2026-09-11,11,TSLA,long,0.0,0.18273500061035156,-0.18273500061035156
2026-09-11,11,TSLA,long,0.0,0.18311500549316406,-0.18311500549316406
2026-09-11,11,MSTR,long,0.0,0.06824500274658203,-0.06824500274658203
2026-09-11,11,MSTR,long,0.0,0.06807499694824219,-0.06807499694824219
2026-09-11,11,TSLA,long,0.0,0.18272500610351564,-0.18272500610351564
2026-09-11,11,TSLA,long,0.0,0.18218499755859374,-0.18218499755859374
2026-09-11,11,MSTR,long,0.0,12.146679611206055,-12.146679611206055
2026-09-11,11,SNDK,short,0.0,13.1053603515625,-13.1053603515625
2026-09-11,12,MSTR,short,0.0,0.6008400192260742,-0.6008400192260742
2026-09-11,12,TSLA,long,0.0,5.12904150390625,-5.12904150390625
2026-09-11,12,SNDK,short,0.0,0.8173400268554688,-0.8173400268554688
2026-09-11,12,MSTR,short,0.0,0.06718499755859375,-0.06718499755859375
2026-09-11,12,SNDK,short,0.0,0.8159000244140625,-0.8159000244140625
2026-09-11,12,MSTR,short,0.0,0.06681400299072265,-0.06681400299072265
2026-09-11,12,TSLA,long,0.0,0.18240249633789063,-0.18240249633789063
2026-09-11,12,SNDK,short,0.0,0.8167224731445313,-0.8167224731445313
2026-09-11,12,MSTR,short,0.0,0.0665999984741211,-0.0665999984741211
2026-09-11,12,SNDK,short,0.0,0.816150634765625,-0.816150634765625
2026-09-11,12,MSTR,short,0.0,0.06659400177001953,-0.06659400177001953
2026-09-11,12,TSLA,long,0.0,0.18251524353027343,-0.18251524353027343
2026-09-11,12,SNDK,short,0.0,0.81277001953125,-0.81277001953125
2026-09-11,12,MSTR,short,0.0,0.06687999725341796,-0.06687999725341796
2026-09-11,12,TSLA,long,0.0,0.182875,-0.182875
2026-09-11,12,SNDK,short,0.0,0.8145,-0.8145
2026-09-11,12,MSTR,short,0.0,0.0668499984741211,-0.0668499984741211
2026-09-11,12,TSLA,long,0.0,0.18243499755859374,-0.18243499755859374
2026-09-11,12,SNDK,short,0.0,0.8147474975585938,-0.8147474975585938
2026-09-11,12,MSTR,short,0.0,0.06659500122070312,-0.06659500122070312
2026-09-11,12,TSLA,long,0.0,0.18269000244140626,-0.18269000244140626
2026-09-11,12,SNDK,short,0.0,0.8161475219726563,-0.8161475219726563
2026-09-11,12,MSTR,short,0.0,0.06698000335693359,-0.06698000335693359
2026-09-11,12,TSLA,long,0.0,0.1826094970703125,-0.1826094970703125
2026-09-11,12,SNDK,short,0.0,0.8134974975585938,-0.8134974975585938
2026-09-11,12,MSTR,short,0.0,0.06684500122070312,-0.06684500122070312
2026-09-11,12,TSLA,long,0.0,0.18277749633789062,-0.18277749633789062
2026-09-11,12,SNDK,short,0.0,0.8155150146484375,-0.8155150146484375
2026-09-11,13,TSLA,long,0.0,0.1824199981689453,-0.1824199981689453
2026-09-11,13,SNDK,short,0.0,0.8161199951171875,-0.8161199951171875
2026-09-11,13,TSLA,long,0.0,0.18237249755859375,-0.18237249755859375
2026-09-11,13,SNDK,short,0.0,0.8167210083007812,-0.8167210083007812
2026-09-11,13,TSLA,long,0.0,0.18263999938964845,-0.18263999938964845
2026-09-11,13,SNDK,short,0.0,0.818405029296875,-0.818405029296875
2026-09-11,13,SNDK,short,0.0,0.817155029296875,-0.817155029296875
2026-09-11,13,TSLA,long,0.0,0.1827725067138672,-0.1827725067138672
2026-09-11,13,SNDK,short,0.0,0.8170075073242188,-0.8170075073242188
2026-09-11,13,SNDK,short,0.0,0.8180250244140626,-0.8180250244140626
2026-09-11,13,TSLA,long,0.0,0.18303250122070314,-0.18303250122070314
2026-09-11,13,TSLA,long,0.0,0.1825,-0.1825
2026-09-11,14,MSTR,short,0.0,21.29975930786133,-21.29975930786133
2026-09-11,14,TSLA,long,0.0,0.18245500183105468,-0.18245500183105468
2026-09-11,14,TSLA,long,0.0,0.18266439819335936,-0.18266439819335936
2026-09-11,14,TSLA,long,0.0,0.18275999450683594,-0.18275999450683594
2026-09-11,14,MSTR,short,0.0,0.065875,-0.065875
2026-09-11,14,TSLA,long,0.0,0.1824600067138672,-0.1824600067138672
2026-09-11,14,MSTR,short,0.0,0.06566000366210938,-0.06566000366210938
2026-09-11,14,TSLA,long,0.0,0.18253250122070314,-0.18253250122070314
2026-09-11,14,MSTR,short,0.0,0.06580000305175782,-0.06580000305175782
2026-09-11,14,TSLA,long,0.0,0.18239999389648437,-0.18239999389648437
2026-09-11,14,TSLA,long,0.0,0.18240499877929686,-0.18240499877929686
2026-09-11,14,TSLA,long,0.0,0.1823175048828125,-0.1823175048828125
2026-09-11,14,TSLA,long,0.0,0.18215499877929686,-0.18215499877929686
2026-09-11,14,MSTR,short,0.0,0.06551249694824218,-0.06551249694824218
2026-09-11,14,TSLA,long,0.0,0.18222000122070312,-0.18222000122070312
2026-09-11,14,MSTR,short,0.0,0.06536000061035156,-0.06536000061035156
2026-09-11,15,TSLA,long,0.0,0.1826074981689453,-0.1826074981689453
2026-09-11,15,MSTR,short,0.0,0.06561000061035156,-0.06561000061035156
2026-09-11,15,MSTR,short,0.0,0.19763804626464843,-0.19763804626464843
2026-09-11,15,TSLA,long,0.0,0.1821824951171875,-0.1821824951171875
2026-09-11,15,MSTR,short,0.0,0.06583999633789063,-0.06583999633789063
2026-09-11,15,TSLA,long,0.0,0.18252499389648438,-0.18252499389648438
2026-09-11,15,MSTR,short,0.0,0.06562249755859376,-0.06562249755859376
2026-09-11,15,TSLA,long,0.0,0.18205525207519532,-0.18205525207519532
2026-09-11,15,TSLA,long,0.0,0.18302949523925782,-0.18302949523925782
2026-09-11,15,MSTR,short,0.0,0.06562000274658203,-0.06562000274658203
2026-09-11,15,TSLA,long,0.0,23.220045852661134,-23.220045852661134
2026-09-11,15,MSTR,short,0.0,20.440679809570312,-20.440679809570312
