date,timestamp,phase,cash,equity,gross_dollars,net_dollars,gross_exposure,net_exposure,costs_to_date,turnover_dollars_to_date,drawdown,SNDK_shares,SNDK_price,SNDK_weight,SNDK_pnl,TSLA_shares,TSLA_price,TSLA_weight,TSLA_pnl,MSTR_shares,MSTR_price,MSTR_weight,MSTR_pnl,NVDA_shares,NVDA_price,NVDA_weight,NVDA_pnl
2026-09-08,2026-09-08T09:30:00-04:00,open_before_orders,100000.0,100000.0,0.0,0.0,0.0,0.0,0.0,0.0,0.0,0,1769.4300537109375,0.0,0.0,0,357.2699890136719,0.0,0.0,0,137.61500549316406,0.0,0.0,0,233.2100067138672,0.0,0.0
2026-09-08,2026-09-08T09:35:00-04:00,bar_close,100000.0,100000.0,0.0,0.0,0.0,0.0,0.0,0.0,0.0,0,1773.510009765625,0.0,0.0,0,361.364990234375,0.0,0.0,0,136.63999938964844,0.0,0.0,0,231.83999633789062,0.0,0.0
2026-09-08,2026-09-08T09:35:00-04:00,open_before_orders,100000.0,100000.0,0.0,0.0,0.0,0.0,0.0,0.0,0.0,0,1772.8199462890625,0.0,0.0,0,361.489990234375,0.0,0.0,0,136.63999938964844,0.0,0.0,0,231.80999755859375,0.0,0.0
2026-09-08,2026-09-08T09:40:00-04:00,bar_close,100000.0,100000.0,0.0,0.0,0.0,0.0,0.0,0.0,0.0,0,1783.0,0.0,0.0,0,359.3299865722656,0.0,0.0,0,136.24130249023438,0.0,0.0,0,230.80999755859375,0.0,0.0
2026-09-08,2026-09-08T09:40:00-04:00,open_before_orders,100000.0,100000.0,0.0,0.0,0.0,0.0,0.0,0.0,0.0,0,1782.3900146484375,0.0,0.0,0,359.3349914550781,0.0,0.0,0,136.3699951171875,0.0,0.0,0,230.81649780273438,0.0,0.0
2026-09-08,2026-09-08T09:40:00-04:00,after_fill,111496.41998261718,99997.70025605468,11498.7197265625,-11498.7197265625,0.11498984173754809,-0.11498984173754809,2.2997439453125,11498.7197265625,-2.2997439453220636e-05,0,1782.3900146484375,0.0,0.0,-32,359.3349914550781,-0.11498984173754809,-2.2997439453120023,0,136.3699951171875,0.0,0.0,0,230.81649780273438,0.0,0.0
2026-09-08,2026-09-08T09:40:00-04:00,after_fill,95401.54222690429,99994.48192416992,27590.379150390625,4592.939697265625,0.2759190169244898,0.04593193153146838,5.518075830078125,27590.379150390625,-5.518075830079905e-05,0,1782.3900146484375,0.0,0.0,-32,359.3349914550781,-0.1149935426965107,-2.2997439453120023,118,136.3699951171875,0.16092547422797907,-3.2183318847655755,0,230.81649780273438,0.0,0.0
2026-09-08,2026-09-08T09:45:00-04:00,bar_close,95401.54222690429,100169.30107700195,27658.639709472656,4767.758850097656,0.2761189247812657,0.04759700625676318,5.518075830078125,27590.379150390625,0.0,0,1744.0550537109375,0.0,0.0,-32,357.6700134277344,-0.11426095926225126,50.979552929688,118,137.39999389648438,0.16185796551901444,118.32152407226567,0,229.76499938964844,0.0,0.0
2026-09-08,2026-09-08T09:45:00-04:00,open_before_orders,95401.54222690429,100173.70274936523,27663.680053710938,4772.1605224609375,0.27615710804786275,0.04763885522332035,5.518075830078125,27590.379150390625,0.0,0,1745.0,0.0,0.0,-32,357.67999267578125,-0.11425912641227119,50.660216992188,118,137.44000244140625,0.16189798163559155,123.04253237304692,0,229.77999877929688,0.0,0.0
2026-09-08,2026-09-08T09:45:00-04:00,after_fill,83953.49330932616,100171.4135974121,16217.920288085938,16217.920288085938,0.16190168138452748,0.16190168138452748,7.807227783203125,39036.138916015625,-2.2851825282499405e-05,0,1745.0,0.0,0.0,0,357.67999267578125,0.0,48.37106503906398,118,137.44000244140625,0.16190168138452748,123.04253237304692,0,229.77999877929688,0.0,0.0
2026-09-08,2026-09-08T09:50:00-04:00,bar_close,83953.49330932616,100173.18352539062,16219.690216064453,16219.690216064453,0.1619164894759813,0.1619164894759813,7.807227783203125,39036.138916015625,-5.1832363221482325e-06,0,1770.7518310546875,0.0,0.0,0,358.4753112792969,0.0,48.37106503906398,118,137.4550018310547,0.1619164894759813,124.81246035156255,0,230.36880493164062,0.0,0.0
2026-09-08,2026-09-08T09:50:00-04:00,open_before_orders,83953.49330932616,100170.82302124023,16217.329711914062,16217.329711914062,0.16189674021621384,0.16189674021621384,7.807227783203125,39036.138916015625,-2.8747346319080158e-05,0,1771.8800048828125,0.0,0.0,0,358.47711181640625,0.0,48.37106503906398,118,137.43499755859375,0.16189674021621384,122.45195620117192,0,230.3444061279297,0.0,0.0
2026-09-08,2026-09-08T09:55:00-04:00,bar_close,83953.49330932616,100156.07302124023,16202.579711914062,16202.579711914062,0.1617733126225702,0.1617733126225702,7.807227783203125,39036.138916015625,-0.00017599157903858131,0,1774.949951171875,0.0,0.0,0,358.6700134277344,0.0,48.37106503906398,118,137.30999755859375,0.1617733126225702,107.70195620117192,0,229.64500427246094,0.0,0.0
2026-09-08,2026-09-08T09:55:00-04:00,open_before_orders,83953.49330932616,100157.25417358398,16203.760864257812,16203.760864257812,0.16178319781186135,0.16178319781186135,7.807227783203125,39036.138916015625,-0.00016420053696530879,0,1774.4100341796875,0.0,0.0,0,358.67999267578125,0.0,48.37106503906398,118,137.32000732421875,0.16178319781186135,108.88310854492192,0,229.6699981689453,0.0,0.0
2026-09-08,2026-09-08T09:55:00-04:00,after_fill,30140.734008178704,100146.4937738037,70005.759765625,70005.759765625,0.6990335570184195,0.6990335570184195,18.567627563476563,92838.13781738281,-0.00027161794777230686,0,1774.4100341796875,0.0,0.0,150,358.67999267578125,0.5372329761527878,37.610665258791414,118,137.32000732421875,0.16180058086563176,108.88310854492192,0,229.6699981689453,0.0,0.0
2026-09-08,2026-09-08T10:00:00-04:00,bar_close,30140.734008178704,100403.78289733885,70263.04888916016,70263.04888916016,0.6998047968073366,0.6998047968073366,18.567627563476563,92838.13781738281,0.0,0,1779.875,0.0,0.0,150,360.17498779296875,0.5380897672370196,261.8599328369164,118,137.60000610351562,0.16171502957031703,141.92296450195317,0,229.57119750976562,0.0,0.0
2026-09-08,2026-09-08T10:00:00-04:00,open_before_orders,30140.734008178704,100410.48583923338,70269.75183105469,70269.75183105469,0.6998248364574509,0.6998248364574509,18.567627563476563,92838.13781738281,0.0,0,1780.4849853515625,0.0,0.0,150,360.20001220703125,0.5380912300092023,265.6135949462914,118,137.625,0.1617336064482485,144.87224428710942,0,229.5800018310547,0.0,0.0
2026-09-08,2026-09-08T10:00:00-04:00,after_fill,46377.23605817871,100407.2378892334,54030.00183105469,54030.00183105469,0.5381086360592765,0.5381086360592765,21.815577563476563,109077.88781738281,-3.234672128960003e-05,0,1780.4849853515625,0.0,0.0,150,360.20001220703125,0.5381086360592765,265.6135949462914,0,137.625,0.0,141.6242942871104,0,229.5800018310547,0.0,0.0
2026-09-08,2026-09-08T10:05:00-04:00,bar_close,46377.23605817871,100572.9849595459,54195.74890136719,54195.74890136719,0.5388698458454493,0.5388698458454493,21.815577563476563,109077.88781738281,0.0,0,1775.56494140625,0.0,0.0,150,361.30499267578125,0.5388698458454493,431.3606652587914,0,138.44000244140625,0.0,141.6242942871104,0,228.27999877929688,0.0,0.0
2026-09-08,2026-09-08T10:05:00-04:00,open_before_orders,46377.23605817871,100575.23715681152,54198.00109863281,54198.00109863281,0.5388801720062583,0.5388801720062583,21.815577563476563,109077.88781738281,0.0,0,1775.10498046875,0.0,0.0,150,361.32000732421875,0.5388801720062583,433.6128625244164,0,138.4600067138672,0.0,141.6242942871104,0,228.26199340820312,0.0,0.0
2026-09-08,2026-09-08T10:05:00-04:00,after_fill,54324.6864112793,100573.6473487793,46248.9609375,46248.9609375,0.45985168239064905,0.45985168239064905,23.405385595703123,117026.92797851562,-1.580715171212166e-05,0,1775.10498046875,0.0,0.0,128,361.32000732421875,0.45985168239064905,432.0230544921942,0,138.4600067138672,0.0,141.6242942871104,0,228.26199340820312,0.0,0.0
2026-09-08,2026-09-08T10:05:00-04:00,after_fill,103162.9833873169,100563.87773546143,95097.02752685547,-2599.1056518554688,0.9456380329427352,-0.02584532051053712,33.174998913574214,165874.9945678711,-0.00011294451468590871,0,1775.10498046875,0.0,0.0,128,361.32000732421875,0.45989635621609903,432.0230544921942,0,138.4600067138672,0.0,141.6242942871104,-214,228.26199340820312,-0.48574167672663615,-9.769613317868789
2026-09-08,2026-09-08T10:10:00-04:00,bar_close,103162.9833873169,100389.3726085083,95330.4076538086,-2773.6107788085938,0.9496065686710852,-0.027628529860674933,33.174998913574214,165874.9945678711,-0.0018480150140081086,0,1765.9010009765625,0.0,0.0,128,361.54998779296875,0.4609890194052051,461.4605544921942,0,137.91259765625,0.0,141.6242942871104,-214,229.21499633789062,-0.48861754926588,-213.7122402709938
2026-09-08,2026-09-08T10:10:00-04:00,open_before_orders,103162.9833873169,100392.04695543213,95327.73330688477,-2770.9364318847656,0.9495546330398502,-0.027601154831666003,33.174998913574214,165874.9945678711,-0.0018214245032678322,0,1765.0,0.0,0.0,128,361.54998779296875,0.4609767391040921,461.4605544921942,0,137.7899932861328,0.0,141.6242942871104,-214,229.20249938964844,-0.48857789393575807,-211.03789334716566
2026-09-08,2026-09-08T10:15:00-04:00,bar_close,103162.9833873169,100600.36986192627,95231.36352539062,-2562.613525390625,0.9466303519171491,-0.025473201827267682,33.174998913574214,165874.9945678711,0.0,0,1766.02001953125,0.0,0.0,128,361.9873046875,0.4605785750449407,517.4371169921942,0,137.66000366210938,0.0,141.6242942871104,-214,228.4906005859375,-0.48605177687220835,-58.69154935302504
2026-09-08,2026-09-08T10:15:00-04:00,open_before_orders,103162.9833873169,100590.805500354,95230.09976196289,-2572.1778869628906,0.9467077958892351,-0.025570705733675016,33.174998913574214,165874.9945678711,-9.507282712173382e-05,0,1765.1800537109375,0.0,0.0,128,361.94500732421875,0.46056854507778006,512.0230544921942,0,137.6999969482422,0.0,141.6242942871104,-214,228.50999450683594,-0.4861392508114551,-62.841848425290664
2026-09-08,2026-09-08T10:20:00-04:00,bar_close,103162.9833873169,100648.18248399658,95142.00402832031,-2514.8009033203125,0.9452928178156443,-0.024986053808971412,33.174998913574214,165874.9945678711,0.0,0,1758.260009765625,0.0,0.0,128,361.82501220703125,0.4601533820033365,496.6636794921942,0,138.5800018310547,0.0,141.6242942871104,-214,228.17010498046875,-0.4851394358123079,9.894510217287461
2026-09-08,2026-09-08T10:20:00-04:00,open_before_orders,103162.9833873169,100649.46031602783,95149.65588378906,-2513.5230712890625,0.9453568413087361,-0.024973040723684822,33.174998913574214,165874.9945678711,0.0,0,1757.824951171875,0.0,0.0,128,361.8598937988281,0.46019190029252566,501.1285232421942,0,138.65499877929688,0.0,141.6242942871104,-214,228.18499755859375,-0.4851649410162105,6.707498498537461
2026-09-08,2026-09-08T10:20:00-04:00,after_fill,71438.92518374024,100643.11677309571,63431.94122314453,29204.19158935547,0.6302660654494098,0.29017574699318577,39.51854184570312,197592.70922851562,-6.302609981423402e-05,0,1757.824951171875,0.0,0.0,128,361.8598937988281,0.46022090622129774,501.1285232421942,0,138.65499877929688,0.0,141.6242942871104,-75,228.18499755859375,-0.17004515922811203,0.3639555664085492
2026-09-08,2026-09-08T10:25:00-04:00,bar_close,71438.92518374024,100924.42950197755,63687.003494262695,29485.504318237305,0.6310365469345041,0.2921542828008709,39.51854184570312,197592.70922851562,0.0,0,1768.4749755859375,0.0,0.0,128,363.9551086425781,0.46159541486768746,769.3160232421942,0,138.95050048828125,0.0,141.6242942871104,-75,228.00999450683594,-0.16944113206681657,13.489184448244487
2026-09-08,2026-09-08T10:25:00-04:00,open_before_orders,71438.92518374024,100924.52674624024,63685.6015625,29485.6015625,0.6310220480164153,0.29215496483463504,39.51854184570312,197592.70922851562,0.0,0,1768.2900390625,0.0,0.0,128,363.95001220703125,0.4615885064255252,768.6636794921942,0,138.92999267578125,0.0,141.6242942871104,-75,228.0,-0.16943354159089014,14.2387724609398
2026-09-08,2026-09-08T10:25:00-04:00,after_fill,118015.20962592773,100915.20962592773,17100.0,-17100.0,0.16944918475011092,-0.16944918475011092,48.83566215820312,244178.31079101562,-9.231770128514949e-05,0,1768.2900390625,0.0,0.0,0,363.95001220703125,0.0,759.3465591796921,0,138.92999267578125,0.0,141.6242942871104,-75,228.0,-0.16944918475011092,14.2387724609398
2026-09-08,2026-09-08T10:30:00-04:00,bar_close,118015.20962592773,100919.53663703613,17095.6729888916,-17095.6729888916,0.16939904362004093,-0.16939904362004093,48.83566215820312,244178.31079101562,-4.9443969320384085e-05,0,1774.5699462890625,0.0,0.0,0,363.3699951171875,0.0,759.3465591796921,0,138.27999877929688,0.0,141.6242942871104,-75,227.9423065185547,-0.16939904362004093,18.565783569338237
2026-09-08,2026-09-08T10:30:00-04:00,open_before_orders,118015.20962592773,100918.20912238769,17097.00050354004,-17097.00050354004,0.16941442631830494,-0.16941442631830494,48.83566215820312,244178.31079101562,-6.259750782322548e-05,0,1775.0,0.0,0.0,0,363.3977966308594,0.0,759.3465591796921,0,138.30999755859375,0.0,141.6242942871104,-75,227.9600067138672,-0.16941442631830494,17.238268920900737
2026-09-08,2026-09-08T10:30:00-04:00,after_fill,100914.78972228698,100914.78972228698,0.0,0.0,0.0,0.0,52.25506225891113,261275.31129455566,-9.647827210268467e-05,0,1775.0,0.0,0.0,0,363.3977966308594,0.0,759.3465591796921,0,138.30999755859375,0.0,141.6242942871104,0,227.9600067138672,0.0,13.818868820195348
2026-09-08,2026-09-08T10:35:00-04:00,bar_close,100914.78972228698,100914.78972228698,0.0,0.0,0.0,0.0,52.25506225891113,261275.31129455566,-9.647827210268467e-05,0,1775.8499755859375,0.0,0.0,0,364.4580078125,0.0,759.3465591796921,0,138.5850067138672,0.0,141.6242942871104,0,227.7100067138672,0.0,13.818868820195348
2026-09-08,2026-09-08T10:35:00-04:00,open_before_orders,100914.78972228698,100914.78972228698,0.0,0.0,0.0,0.0,52.25506225891113,261275.31129455566,-9.647827210268467e-05,0,1775.2099609375,0.0,0.0,0,364.4703063964844,0.0,759.3465591796921,0,138.60499572753906,0.0,141.6242942871104,0,227.72000122070312,0.0,13.818868820195348
2026-09-08,2026-09-08T10:35:00-04:00,after_fill,99139.2247193573,100914.4346802948,1775.2099609375,1775.2099609375,0.017591239217278586,0.017591239217278586,52.61010425109863,263050.52125549316,-9.999616813483048e-05,1,1775.2099609375,0.017591239217278586,-0.35504199218735266,0,364.4703063964844,0.0,759.3465591796921,0,138.60499572753906,0.0,141.6242942871104,0,227.72000122070312,0.0,13.818868820195348
2026-09-08,2026-09-08T10:40:00-04:00,bar_close,99139.2247193573,100911.93968517761,1772.7149658203125,1772.7149658203125,0.017566949672662934,0.017566949672662934,52.61010425109863,263050.52125549316,-0.00012471756339549334,1,1772.7149658203125,0.017566949672662934,-2.8500371093748527,0,364.5249938964844,0.0,759.3465591796921,0,138.05999755859375,0.0,141.6242942871104,0,227.25,0.0,13.818868820195348
2026-09-08,2026-09-08T10:40:00-04:00,open_before_orders,99139.2247193573,100911.72337658386,1772.4986572265625,1772.4986572265625,0.01756484378541357,0.01756484378541357,52.61010425109863,263050.52125549316,-0.0001268608342209765,1,1772.4986572265625,0.01756484378541357,-3.0663457031248527,0,364.5249938964844,0.0,759.3465591796921,0,138.05999755859375,0.0,141.6242942871104,0,227.24000549316406,0.0,13.818868820195348
2026-09-08,2026-09-08T10:45:00-04:00,bar_close,99139.2247193573,100924.9346802948,1785.7099609375,1785.7099609375,0.01769344678393092,0.01769344678393092,52.61010425109863,263050.52125549316,0.0,1,1785.7099609375,0.01769344678393092,10.144958007812647,0,364.5,0.0,759.3465591796921,0,137.5749969482422,0.0,141.6242942871104,0,227.44000244140625,0.0,13.818868820195348
2026-09-08,2026-09-08T10:45:00-04:00,open_before_orders,99139.2247193573,100923.66466076355,1784.43994140625,1784.43994140625,0.017681085475882378,0.017681085475882378,52.61010425109863,263050.52125549316,-1.2583803351229328e-05,1,1784.43994140625,0.017681085475882378,8.874938476562647,0,364.5350036621094,0.0,759.3465591796921,0,137.60000610351562,0.0,141.6242942871104,0,227.44000244140625,0.0,13.818868820195348
2026-09-08,2026-09-08T10:45:00-04:00,after_fill,100923.30777277527,100923.30777277527,0.0,0.0,0.0,0.0,52.966992239379884,264834.9611968994,-1.6119975947304077e-05,0,1784.43994140625,0.0,8.51805048828146,0,364.5350036621094,0.0,759.3465591796921,0,137.60000610351562,0.0,141.6242942871104,0,227.44000244140625,0.0,13.818868820195348
2026-09-08,2026-09-08T10:50:00-04:00,bar_close,100923.30777277527,100923.30777277527,0.0,0.0,0.0,0.0,52.966992239379884,264834.9611968994,-1.6119975947304077e-05,0,1778.75,0.0,8.51805048828146,0,363.7850036621094,0.0,759.3465591796921,0,138.14500427246094,0.0,141.6242942871104,0,227.19000244140625,0.0,13.818868820195348
2026-09-08,2026-09-08T10:50:00-04:00,open_before_orders,100923.30777277527,100923.30777277527,0.0,0.0,0.0,0.0,52.966992239379884,264834.9611968994,-1.6119975947304077e-05,0,1779.4200439453125,0.0,8.51805048828146,0,363.82000732421875,0.0,759.3465591796921,0,138.17999267578125,0.0,141.6242942871104,0,227.17999267578125,0.0,13.818868820195348
2026-09-08,2026-09-08T10:50:00-04:00,after_fill,93804.20406095886,100921.88423674011,7117.68017578125,7117.68017578125,0.07052662789256657,0.07052662789256657,54.39052827453614,271952.64137268066,-3.0224875194106993e-05,4,1779.4200439453125,0.07052662789256657,7.094514453125157,0,363.82000732421875,0.0,759.3465591796921,0,138.17999267578125,0.0,141.6242942871104,0,227.17999267578125,0.0,13.818868820195348
2026-09-08,2026-09-08T10:55:00-04:00,bar_close,93804.20406095886,100934.44429533386,7130.240234375,7130.240234375,0.07064228949942936,0.07064228949942936,54.39052827453614,271952.64137268066,0.0,4,1782.56005859375,0.07064228949942936,19.654573046875157,0,364.3450012207031,0.0,759.3465591796921,0,137.68499755859375,0.0,141.6242942871104,0,227.10960388183594,0.0,13.818868820195348
2026-09-08,2026-09-08T10:55:00-04:00,open_before_orders,93804.20406095886,100934.26411955261,7130.06005859375,7130.06005859375,0.07064063052115264,0.07064063052115264,54.39052827453614,271952.64137268066,-1.7850772598970721e-06,4,1782.5150146484375,0.07064063052115264,19.474397265625157,0,364.3699951171875,0.0,759.3465591796921,0,137.6750030517578,0.0,141.6242942871104,0,227.10499572753906,0.0,13.818868820195348
2026-09-08,2026-09-08T11:00:00-04:00,bar_close,93804.20406095886,100923.00386564636,7118.7998046875,7118.7998046875,0.07053693936978327,0.07053693936978327,54.39052827453614,271952.64137268066,-0.0001133451495906046,4,1779.699951171875,0.07053693936978327,8.214143359375157,0,365.1099853515625,0.0,759.3465591796921,0,137.66000366210938,0.0,141.6242942871104,0,227.05499267578125,0.0,13.818868820195348
2026-09-08,2026-09-08T11:00:00-04:00,open_before_orders,93804.20406095886,100922.65230314636,7118.4482421875,7118.4482421875,0.07053370159957217,0.07053370159957217,54.39052827453614,271952.64137268066,-0.00011682822717085095,4,1779.612060546875,0.07053370159957217,7.862580859375157,0,365.1099853515625,0.0,759.3465591796921,0,137.68370056152344,0.0,141.6242942871104,0,227.05999755859375,0.0,13.818868820195348
2026-09-08,2026-09-08T11:05:00-04:00,bar_close,93804.20406095886,100903.42427580261,7099.22021484375,7099.22021484375,0.07035658369174093,0.07035658369174093,54.39052827453614,271952.64137268066,-0.0003073283827716988,4,1774.8050537109375,0.07035658369174093,-11.365446484374843,0,365.7650146484375,0.0,759.3465591796921,0,137.9250030517578,0.0,141.6242942871104,0,227.05999755859375,0.0,13.818868820195348
2026-09-08,2026-09-08T11:05:00-04:00,open_before_orders,93804.20406095886,100905.04390470886,7100.83984375,7100.83984375,0.07037150541707093,0.07037150541707093,54.39052827453614,271952.64137268066,-0.0002912820378638825,4,1775.2099609375,0.07037150541707093,-9.745817578124843,0,365.7401123046875,0.0,759.3465591796921,0,137.92999267578125,0.0,141.6242942871104,0,227.0500030517578,0.0,13.818868820195348
2026-09-08,2026-09-08T11:10:00-04:00,bar_close,93804.20406095886,100905.22408049011,7101.02001953125,7101.02001953125,0.07037316535630411,0.07037316535630411,54.39052827453614,271952.64137268066,-0.00028949696060398544,4,1775.2550048828125,0.07037316535630411,-9.565641796874843,0,364.8999938964844,0.0,759.3465591796921,0,138.15499877929688,0.0,141.6242942871104,0,227.21499633789062,0.0,13.818868820195348
2026-09-08,2026-09-08T11:10:00-04:00,open_before_orders,93804.20406095886,100907.24410002136,7103.0400390625,7103.0400390625,0.07039177516355337,0.07039177516355337,54.39052827453614,271952.64137268066,-0.00026948377734081763,4,1775.760009765625,0.07039177516355337,-7.545622265624843,0,364.8756103515625,0.0,759.3465591796921,0,138.19000244140625,0.0,141.6242942871104,0,227.22000122070312,0.0,13.818868820195348
2026-09-08,2026-09-08T11:10:00-04:00,after_fill,100905.82349201354,100905.82349201354,0.0,0.0,0.0,0.0,55.811136282348635,279055.68141174316,-0.0002835583384852569,0,1775.760009765625,0.0,-8.96623027343685,0,364.8756103515625,0.0,759.3465591796921,0,138.19000244140625,0.0,141.6242942871104,0,227.22000122070312,0.0,13.818868820195348
2026-09-08,2026-09-08T11:15:00-04:00,bar_close,100905.82349201354,100905.82349201354,0.0,0.0,0.0,0.0,55.811136282348635,279055.68141174316,-0.0002835583384852569,0,1780.510009765625,0.0,-8.96623027343685,0,364.7300109863281,0.0,759.3465591796921,0,138.2100067138672,0.0,141.6242942871104,0,227.38009643554688,0.0,13.818868820195348
2026-09-08,2026-09-08T11:15:00-04:00,open_before_orders,100905.82349201354,100905.82349201354,0.0,0.0,0.0,0.0,55.811136282348635,279055.68141174316,-0.0002835583384852569,0,1780.9599609375,0.0,-8.96623027343685,0,364.7250061035156,0.0,759.3465591796921,0,138.13999938964844,0.0,141.6242942871104,0,227.3896942138672,0.0,13.818868820195348
2026-09-08,2026-09-08T11:20:00-04:00,bar_close,100905.82349201354,100905.82349201354,0.0,0.0,0.0,0.0,55.811136282348635,279055.68141174316,-0.0002835583384852569,0,1798.85009765625,0.0,-8.96623027343685,0,365.57501220703125,0.0,759.3465591796921,0,137.9600067138672,0.0,141.6242942871104,0,227.10000610351562,0.0,13.818868820195348
2026-09-08,2026-09-08T11:20:00-04:00,open_before_orders,100905.82349201354,100905.82349201354,0.0,0.0,0.0,0.0,55.811136282348635,279055.68141174316,-0.0002835583384852569,0,1799.0,0.0,-8.96623027343685,0,365.510009765625,0.0,759.3465591796921,0,138.0,0.0,141.6242942871104,0,227.10000610351562,0.0,13.818868820195348
2026-09-08,2026-09-08T11:25:00-04:00,bar_close,100905.82349201354,100905.82349201354,0.0,0.0,0.0,0.0,55.811136282348635,279055.68141174316,-0.0002835583384852569,0,1790.0450439453125,0.0,-8.96623027343685,0,366.6499938964844,0.0,759.3465591796921,0,137.55999755859375,0.0,141.6242942871104,0,227.00999450683594,0.0,13.818868820195348
2026-09-08,2026-09-08T11:25:00-04:00,open_before_orders,100905.82349201354,100905.82349201354,0.0,0.0,0.0,0.0,55.811136282348635,279055.68141174316,-0.0002835583384852569,0,1790.6142578125,0.0,-8.96623027343685,0,366.6499938964844,0.0,759.3465591796921,0,137.5800018310547,0.0,141.6242942871104,0,227.00880432128906,0.0,13.818868820195348
2026-09-08,2026-09-08T11:25:00-04:00,after_fill,93741.9339693573,100904.3910006073,7162.45703125,7162.45703125,0.07098260997588195,0.07098260997588195,57.243627688598636,286218.13844299316,-0.0002977506334569391,4,1790.6142578125,0.07098260997588195,-10.398721679686787,0,366.6499938964844,0.0,759.3465591796921,0,137.5800018310547,0.0,141.6242942871104,0,227.00880432128906,0.0,13.818868820195348
2026-09-08,2026-09-08T11:30:00-04:00,bar_close,93741.9339693573,100873.9339693573,7132.0,7132.0,0.07070211024154668,0.07070211024154668,57.243627688598636,286218.13844299316,-0.000599501254492596,4,1783.0,0.07070211024154668,-40.85575292968679,0,367.82989501953125,0.0,759.3465591796921,0,137.22999572753906,0.0,141.6242942871104,0,226.8699951171875,0.0,13.818868820195348
2026-09-08,2026-09-08T11:30:00-04:00,open_before_orders,93741.9339693573,100874.78016076355,7132.84619140625,7132.84619140625,0.07070990568741438,0.07070990568741438,57.243627688598636,286218.13844299316,-0.0005911176802612106,4,1783.2115478515625,0.07070990568741438,-40.00956152343679,0,367.82000732421875,0.0,759.3465591796921,0,137.22999572753906,0.0,141.6242942871104,0,226.87159729003906,0.0,13.818868820195348
2026-09-08,2026-09-08T11:30:00-04:00,after_fill,95524.78887489928,100874.42351845397,5349.6346435546875,5349.6346435546875,0.05303261676212727,0.05303261676212727,57.60026999816895,288001.3499908447,-0.0005946510856518206,3,1783.2115478515625,0.05303261676212727,-40.3662038330076,0,367.82000732421875,0.0,759.3465591796921,0,137.22999572753906,0.0,141.6242942871104,0,226.87159729003906,0.0,13.818868820195348
2026-09-08,2026-09-08T11:30:00-04:00,after_fill,138183.37630033874,100865.89009428406,48016.75549316406,-37317.48620605469,0.476045523895943,-0.3699713170743082,66.13369416809083,330668.4708404541,-0.0006791953086818792,3,1783.2115478515625,0.05303710341081742,-40.3662038330076,-116,367.82000732421875,-0.4230084204851256,750.8131350097683,0,137.22999572753906,0.0,141.6242942871104,0,226.87159729003906,0.0,13.818868820195348
2026-09-08,2026-09-08T11:35:00-04:00,bar_close,138183.37630033874,101054.74348783874,47904.032958984375,-37128.6328125,0.47404041913924905,-0.3674110836466393,66.13369416809083,330668.4708404541,0.0,3,1795.9000244140625,0.05331466774630486,-2.300774145507603,-116,366.5201110839844,-0.42072575139294416,901.6010988769558,0,137.85000610351562,0.0,141.6242942871104,0,226.69000244140625,0.0,13.818868820195348
2026-09-08,2026-09-08T11:35:00-04:00,open_before_orders,138183.37630033874,101052.67525053406,47906.58093261719,-37130.70104980469,0.4740753355994304,-0.36743907034374584,66.13369416809083,330668.4708404541,-2.0466503929505997e-05,3,1795.97998046875,0.05331813262784228,-2.060905981445103,-116,366.5400085449219,-0.42075720297158814,899.2929934082058,0,137.85000610351562,0.0,141.6242942871104,0,226.6894989013672,0.0,13.818868820195348
2026-09-08,2026-09-08T11:35:00-04:00,after_fill,143570.2386537567,101051.59766254577,42518.64099121094,-42518.64099121094,0.4207616898171046,-0.4207616898171046,67.21128215637208,336056.41078186035,-3.112991220799444e-05,0,1795.97998046875,0.0,-3.1384939697254595,-116,366.5400085449219,-0.4207616898171046,899.2929934082058,0,137.85000610351562,0.0,141.6242942871104,0,226.6894989013672,0.0,13.818868820195348
2026-09-08,2026-09-08T11:35:00-04:00,after_fill,171421.7078950409,101046.02625441589,70375.681640625,-70375.681640625,0.6964715412304445,-0.6964715412304445,72.78269028625489,363913.4514312744,-8.626248627208177e-05,0,1795.97998046875,0.0,-3.1384939697254595,-192,366.5400085449219,-0.6964715412304445,893.7215852783265,0,137.85000610351562,0.0,141.6242942871104,0,226.6894989013672,0.0,13.818868820195348
2026-09-08,2026-09-08T11:40:00-04:00,bar_close,171421.7078950409,101213.06531691589,70208.642578125,-70208.642578125,0.6936717345561011,-0.6936717345561011,72.78269028625489,363913.4514312744,0.0,0,1794.6700439453125,0.0,-3.1384939697254595,-192,365.6700134277344,-0.6936717345561011,1060.7606477783265,0,137.8000030517578,0.0,141.6242942871104,0,226.66000366210938,0.0,13.818868820195348
2026-09-08,2026-09-08T11:40:00-04:00,open_before_orders,171421.7078950409,101234.18836379089,70187.51953125,-70187.51953125,0.6933183410235592,-0.6933183410235592,72.78269028625489,363913.4514312744,0.0,0,1793.825439453125,0.0,-3.1384939697254595,-192,365.55999755859375,-0.6933183410235592,1081.8836946533265,0,137.82000732421875,0.0,141.6242942871104,0,226.6649932861328,0.0,13.818868820195348
2026-09-08,2026-09-08T11:40:00-04:00,after_fill,167765.37679945983,101233.45724379577,66531.91955566406,-66531.91955566406,0.6572127571958584,-0.6572127571958584,73.51381028137207,367569.05140686035,-7.222066052414711e-06,0,1793.825439453125,0.0,-3.1384939697254595,-182,365.55999755859375,-0.6572127571958584,1081.1525746582047,0,137.82000732421875,0.0,141.6242942871104,0,226.6649932861328,0.0,13.818868820195348
2026-09-08,2026-09-08T11:40:00-04:00,after_fill,165971.19259491883,101233.09847870789,68325.74499511719,-64738.09411621094,0.6749348387226137,-0.6394953339280348,73.8725753692627,369362.8768463135,-1.0765978377569319e-05,1,1793.825439453125,0.017719752397289467,-3.49725905761602,-182,365.55999755859375,-0.6572150863253243,1081.1525746582047,0,137.82000732421875,0.0,141.6242942871104,0,226.6649932861328,0.0,13.818868820195348
2026-09-08,2026-09-08T11:45:00-04:00,bar_close,165971.19259491883,101147.3622726532,68423.83056640625,-64823.830322265625,0.6764766675967557,-0.6408850301753423,73.8725753692627,369362.8768463135,-0.0008576755791795954,1,1800.0001220703125,0.017795818710706717,2.67742355957148,-182,366.06500244140625,-0.6586808488860489,989.2416859863297,0,138.05499267578125,0.0,141.6242942871104,0,226.9145965576172,0.0,13.818868820195348
2026-09-08,2026-09-08T11:45:00-04:00,open_before_orders,165971.19259491883,101136.34921112977,68436.47839355469,-64834.84338378906,0.676675388496458,-0.6410637114104389,73.8725753692627,369362.8768463135,-0.0009664635459863957,1,1800.8175048828125,0.017805838543009597,3.49480637207148,-182,366.1300048828125,-0.6588695499534485,977.4112416503922,0,138.0800018310547,0.0,141.6242942871104,0,226.9199981689453,0.0,13.818868820195348
2026-09-08,2026-09-08T11:45:00-04:00,after_fill,99322.20457406923,101123.02207895204,1800.8175048828125,1800.8175048828125,0.01780818519720287,0.01780818519720287,87.19970754699708,435998.53773498535,-0.0010981101012966787,1,1800.8175048828125,0.01780818519720287,3.49480637207148,0,366.1300048828125,0.0,964.0841094726638,0,138.0800018310547,0.0,141.6242942871104,0,226.9199981689453,0.0,13.818868820195348
2026-09-08,2026-09-08T11:50:00-04:00,bar_close,99322.20457406923,101125.61997934266,1803.4154052734375,1803.4154052734375,0.017833417541883338,0.017833417541883338,87.19970754699708,435998.53773498535,-0.00107244781830107,1,1803.4154052734375,0.017833417541883338,6.09270676269648,0,366.0899963378906,0.0,964.0841094726638,0,138.47999572753906,0.0,141.6242942871104,0,226.63229370117188,0.0,13.818868820195348
2026-09-08,2026-09-08T11:50:00-04:00,open_before_orders,99322.20457406923,101125.25462289735,1803.050048828125,1803.050048828125,0.01782986906240005,0.01782986906240005,87.19970754699708,435998.53773498535,-0.0010760568406206206,1,1803.050048828125,0.01782986906240005,5.72735031738398,0,366.139892578125,0.0,964.0841094726638,0,138.42999267578125,0.0,141.6242942871104,0,226.63999938964844,0.0,13.818868820195348
2026-09-08,2026-09-08T11:50:00-04:00,after_fill,101124.89401288758,101124.89401288758,0.0,0.0,0.0,0.0,87.5603175567627,437801.5877838135,-0.0010796189772426246,0,1803.050048828125,0.0,5.366740307618329,0,366.139892578125,0.0,964.0841094726638,0,138.42999267578125,0.0,141.6242942871104,0,226.63999938964844,0.0,13.818868820195348
2026-09-08,2026-09-08T11:55:00-04:00,bar_close,101124.89401288758,101124.89401288758,0.0,0.0,0.0,0.0,87.5603175567627,437801.5877838135,-0.0010796189772426246,0,1803.7503662109375,0.0,5.366740307618329,0,367.17498779296875,0.0,964.0841094726638,0,138.64990234375,0.0,141.6242942871104,0,226.35989379882812,0.0,13.818868820195348
2026-09-08,2026-09-08T11:55:00-04:00,open_before_orders,101124.89401288758,101124.89401288758,0.0,0.0,0.0,0.0,87.5603175567627,437801.5877838135,-0.0010796189772426246,0,1804.989990234375,0.0,5.366740307618329,0,367.20001220703125,0.0,964.0841094726638,0,138.6699981689453,0.0,141.6242942871104,0,226.35989379882812,0.0,13.818868820195348
2026-09-08,2026-09-08T12:00:00-04:00,bar_close,101124.89401288758,101124.89401288758,0.0,0.0,0.0,0.0,87.5603175567627,437801.5877838135,-0.0010796189772426246,0,1798.3399658203125,0.0,5.366740307618329,0,367.7701110839844,0.0,964.0841094726638,0,139.2050018310547,0.0,141.6242942871104,0,226.25999450683594,0.0,13.818868820195348
2026-09-08,2026-09-08T12:00:00-04:00,open_before_orders,101124.89401288758,101124.89401288758,0.0,0.0,0.0,0.0,87.5603175567627,437801.5877838135,-0.0010796189772426246,0,1799.06005859375,0.0,5.366740307618329,0,367.7799987792969,0.0,964.0841094726638,0,139.22999572753906,0.0,141.6242942871104,0,226.27000427246094,0.0,13.818868820195348
2026-09-08,2026-09-08T12:05:00-04:00,bar_close,101124.89401288758,101124.89401288758,0.0,0.0,0.0,0.0,87.5603175567627,437801.5877838135,-0.0010796189772426246,0,1800.030029296875,0.0,5.366740307618329,0,367.6001892089844,0.0,964.0841094726638,0,139.15499877929688,0.0,141.6242942871104,0,226.17999267578125,0.0,13.818868820195348
2026-09-08,2026-09-08T12:05:00-04:00,open_before_orders,101124.89401288758,101124.89401288758,0.0,0.0,0.0,0.0,87.5603175567627,437801.5877838135,-0.0010796189772426246,0,1799.699951171875,0.0,5.366740307618329,0,367.6299133300781,0.0,964.0841094726638,0,139.15499877929688,0.0,141.6242942871104,0,226.19000244140625,0.0,13.818868820195348
2026-09-08,2026-09-08T12:10:00-04:00,bar_close,101124.89401288758,101124.89401288758,0.0,0.0,0.0,0.0,87.5603175567627,437801.5877838135,-0.0010796189772426246,0,1797.02001953125,0.0,5.366740307618329,0,367.2799987792969,0.0,964.0841094726638,0,138.38499450683594,0.0,141.6242942871104,0,225.9149932861328,0.0,13.818868820195348
2026-09-08,2026-09-08T12:10:00-04:00,open_before_orders,101124.89401288758,101124.89401288758,0.0,0.0,0.0,0.0,87.5603175567627,437801.5877838135,-0.0010796189772426246,0,1797.02001953125,0.0,5.366740307618329,0,367.2749938964844,0.0,964.0841094726638,0,138.3300018310547,0.0,141.6242942871104,0,225.91949462890625,0.0,13.818868820195348
2026-09-08,2026-09-08T12:15:00-04:00,bar_close,101124.89401288758,101124.89401288758,0.0,0.0,0.0,0.0,87.5603175567627,437801.5877838135,-0.0010796189772426246,0,1798.7899169921875,0.0,5.366740307618329,0,367.5950927734375,0.0,964.0841094726638,0,137.67999267578125,0.0,141.6242942871104,0,226.0522003173828,0.0,13.818868820195348
2026-09-08,2026-09-08T12:15:00-04:00,open_before_orders,101124.89401288758,101124.89401288758,0.0,0.0,0.0,0.0,87.5603175567627,437801.5877838135,-0.0010796189772426246,0,1798.6600341796875,0.0,5.366740307618329,0,367.6001892089844,0.0,964.0841094726638,0,137.64999389648438,0.0,141.6242942871104,0,226.05999755859375,0.0,13.818868820195348
2026-09-08,2026-09-08T12:20:00-04:00,bar_close,101124.89401288758,101124.89401288758,0.0,0.0,0.0,0.0,87.5603175567627,437801.5877838135,-0.0010796189772426246,0,1796.0899658203125,0.0,5.366740307618329,0,367.5,0.0,964.0841094726638,0,137.5,0.0,141.6242942871104,0,225.88999938964844,0.0,13.818868820195348
2026-09-08,2026-09-08T12:20:00-04:00,open_before_orders,101124.89401288758,101124.89401288758,0.0,0.0,0.0,0.0,87.5603175567627,437801.5877838135,-0.0010796189772426246,0,1796.3299560546875,0.0,5.366740307618329,0,367.5,0.0,964.0841094726638,0,137.5,0.0,141.6242942871104,0,225.88999938964844,0.0,13.818868820195348
2026-09-08,2026-09-08T12:25:00-04:00,bar_close,101124.89401288758,101124.89401288758,0.0,0.0,0.0,0.0,87.5603175567627,437801.5877838135,-0.0010796189772426246,0,1798.31005859375,0.0,5.366740307618329,0,368.1900939941406,0.0,964.0841094726638,0,137.5500030517578,0.0,141.6242942871104,0,225.97000122070312,0.0,13.818868820195348
2026-09-08,2026-09-08T12:25:00-04:00,open_before_orders,101124.89401288758,101124.89401288758,0.0,0.0,0.0,0.0,87.5603175567627,437801.5877838135,-0.0010796189772426246,0,1798.4449462890625,0.0,5.366740307618329,0,368.2099914550781,0.0,964.0841094726638,0,137.66000366210938,0.0,141.6242942871104,0,225.97000122070312,0.0,13.818868820195348
2026-09-08,2026-09-08T12:30:00-04:00,bar_close,101124.89401288758,101124.89401288758,0.0,0.0,0.0,0.0,87.5603175567627,437801.5877838135,-0.0010796189772426246,0,1795.6300048828125,0.0,5.366740307618329,0,368.2200012207031,0.0,964.0841094726638,0,137.41000366210938,0.0,141.6242942871104,0,225.66000366210938,0.0,13.818868820195348
2026-09-08,2026-09-08T12:30:00-04:00,open_before_orders,101124.89401288758,101124.89401288758,0.0,0.0,0.0,0.0,87.5603175567627,437801.5877838135,-0.0010796189772426246,0,1795.6500244140625,0.0,5.366740307618329,0,368.19000244140625,0.0,964.0841094726638,0,137.42999267578125,0.0,141.6242942871104,0,225.6699981689453,0.0,13.818868820195348
2026-09-08,2026-09-08T12:35:00-04:00,bar_close,101124.89401288758,101124.89401288758,0.0,0.0,0.0,0.0,87.5603175567627,437801.5877838135,-0.0010796189772426246,0,1794.7249755859375,0.0,5.366740307618329,0,368.44158935546875,0.0,964.0841094726638,0,137.8000030517578,0.0,141.6242942871104,0,225.66000366210938,0.0,13.818868820195348
2026-09-08,2026-09-08T12:35:00-04:00,open_before_orders,101124.89401288758,101124.89401288758,0.0,0.0,0.0,0.0,87.5603175567627,437801.5877838135,-0.0010796189772426246,0,1795.4461669921875,0.0,5.366740307618329,0,368.4599914550781,0.0,964.0841094726638,0,137.74000549316406,0.0,141.6242942871104,0,225.64999389648438,0.0,13.818868820195348
2026-09-08,2026-09-08T12:35:00-04:00,after_fill,97533.28350043642,101124.17583442079,3590.892333984375,3590.892333984375,0.03550973151923679,0.03550973151923679,88.27849602355957,441392.48011779785,-0.0010867132057675866,2,1795.4461669921875,0.03550973151923679,4.648561840821458,0,368.4599914550781,0.0,964.0841094726638,0,137.74000549316406,0.0,141.6242942871104,0,225.64999389648438,0.0,13.818868820195348
2026-09-08,2026-09-08T12:40:00-04:00,bar_close,97533.28350043642,101114.98345160829,3581.699951171875,3581.699951171875,0.03542204952133537,0.03542204952133537,88.27849602355957,441392.48011779785,-0.0011775163520275633,2,1790.8499755859375,0.03542204952133537,-4.543820971678542,0,368.8299865722656,0.0,964.0841094726638,0,138.53500366210938,0.0,141.6242942871104,0,226.02999877929688,0.0,13.818868820195348
2026-09-08,2026-09-08T12:40:00-04:00,open_before_orders,97533.28350043642,101114.52349067079,3581.239990234375,3581.239990234375,0.03541766174237862,0.03541766174237862,88.27849602355957,441392.48011779785,-0.0011820598856393527,2,1790.6199951171875,0.03541766174237862,-5.003781909178542,0,368.8299865722656,0.0,964.0841094726638,0,138.5800018310547,0.0,141.6242942871104,0,226.03030395507812,0.0,13.818868820195348
2026-09-08,2026-09-08T12:45:00-04:00,bar_close,97533.28350043642,101108.25884223329,3574.975341796875,3574.975341796875,0.03535789640463668,0.03535789640463668,88.27849602355957,441392.48011779785,-0.001243942620501537,2,1787.4876708984375,0.03535789640463668,-11.268430346678542,0,369.19000244140625,0.0,964.0841094726638,0,138.36000061035156,0.0,141.6242942871104,0,225.8300018310547,0.0,13.818868820195348
2026-09-08,2026-09-08T12:45:00-04:00,open_before_orders,97533.28350043642,101109.08354926454,3575.800048828125,3575.800048828125,0.035365764610910025,0.035365764610910025,88.27849602355957,441392.48011779785,-0.00123579609367519,2,1787.9000244140625,0.035365764610910025,-10.443723315428542,0,369.17999267578125,0.0,964.0841094726638,0,138.36000061035156,0.0,141.6242942871104,0,225.83999633789062,0.0,13.818868820195348
2026-09-08,2026-09-08T12:50:00-04:00,bar_close,97533.28350043642,101099.44219184267,3566.15869140625,3566.15869140625,0.035273772180060455,0.035273772180060455,88.27849602355957,441392.48011779785,-0.001331034249654972,2,1783.079345703125,0.035273772180060455,-20.085080737303542,0,369.04998779296875,0.0,964.0841094726638,0,138.36000061035156,0.0,141.6242942871104,0,226.00999450683594,0.0,13.818868820195348
2026-09-08,2026-09-08T12:50:00-04:00,open_before_orders,97533.28350043642,101099.18340278017,3565.89990234375,3565.89990234375,0.03527130271801671,0.03527130271801671,88.27849602355957,441392.48011779785,-0.001333590590222089,2,1782.949951171875,0.03527130271801671,-20.343869799803542,0,369.04998779296875,0.0,964.0841094726638,0,138.3300018310547,0.0,141.6242942871104,0,226.00999450683594,0.0,13.818868820195348
2026-09-08,2026-09-08T12:55:00-04:00,bar_close,97533.28350043642,101097.28350043642,3564.0,3564.0,0.03525317275201183,0.03525317275201183,88.27849602355957,441392.48011779785,-0.0013523579886124404,2,1782.0,0.03525317275201183,-22.243772143553542,0,369.0299987792969,0.0,964.0841094726638,0,137.77870178222656,0.0,141.6242942871104,0,225.9918975830078,0.0,13.818868820195348
2026-09-08,2026-09-08T12:55:00-04:00,open_before_orders,97533.28350043642,101096.81352973329,3563.530029296875,3563.530029296875,0.035248687914865046,0.035248687914865046,88.27849602355957,441392.48011779785,-0.001357000399548114,2,1781.7650146484375,0.035248687914865046,-22.713742846678542,0,369.05999755859375,0.0,964.0841094726638,0,137.7899932861328,0.0,141.6242942871104,0,226.0,0.0,13.818868820195348
2026-09-08,2026-09-08T13:00:00-04:00,bar_close,97533.28350043642,101091.89043403017,3558.60693359375,3558.60693359375,0.035201705283333294,0.035201705283333294,88.27849602355957,441392.48011779785,-0.0014056311613757089,2,1779.303466796875,0.035201705283333294,-27.636838549803542,0,368.2699890136719,0.0,964.0841094726638,0,137.4149932861328,0.0,141.6242942871104,0,225.75,0.0,13.818868820195348
2026-09-08,2026-09-08T13:00:00-04:00,open_before_orders,97533.28350043642,101091.18340278017,3557.89990234375,3557.89990234375,0.035194957488705214,0.035194957488705214,88.27849602355957,441392.48011779785,-0.0014126152767366396,2,1778.949951171875,0.035194957488705214,-28.343869799803542,0,368.2300109863281,0.0,964.0841094726638,0,137.4250030517578,0.0,141.6242942871104,0,225.75,0.0,13.818868820195348
2026-09-08,2026-09-08T13:00:00-04:00,after_fill,90416.06053578798,101089.76024281923,10673.69970703125,10673.69970703125,0.10558635890908091,0.10558635890908091,89.70165598449707,448508.27992248535,-0.0014266733729582093,6,1778.949951171875,0.10558635890908091,-29.767029760740115,0,368.2300109863281,0.0,964.0841094726638,0,137.4250030517578,0.0,141.6242942871104,0,225.75,0.0,13.818868820195348
2026-09-08,2026-09-08T13:00:00-04:00,after_fill,142694.26436353457,101079.30251050723,62962.361267089844,-41614.961853027344,0.6229006305276482,-0.41170606463871723,100.15938829650878,500796.94148254395,-0.0015299757501593403,6,1778.949951171875,0.10559728294446546,-29.767029760740115,-142,368.2300109863281,-0.5173033475831827,953.6263771606536,0,137.4250030517578,0.0,141.6242942871104,0,225.75,0.0,13.818868820195348
2026-09-08,2026-09-08T13:05:00-04:00,bar_close,142694.26436353457,101018.13631177676,63064.66320800781,-41676.12805175781,0.6242905037702194,-0.41256084870870047,100.15938829650878,500796.94148254395,-0.0021341807101542543,6,1782.3779296875,0.1058648275307595,-9.199158666990115,-142,368.80560302734375,-0.5184256762394599,871.8923073364349,0,137.8800048828125,0.0,141.6242942871104,0,226.28500366210938,0.0,13.818868820195348
2026-09-08,2026-09-08T13:05:00-04:00,open_before_orders,142694.26436353457,101016.84627271426,63061.77844238281,-41677.41809082031,0.6242699190205909,-0.4125788878649425,100.15938829650878,500796.94148254395,-0.0021469238267174395,6,1782.030029296875,0.1058455155778242,-11.286561010740115,-142,368.79998779296875,-0.5184244034427667,872.6896706176849,0,137.88999938964844,0.0,141.6242942871104,0,226.28709411621094,0.0,13.818868820195348
2026-09-08,2026-09-08T13:05:00-04:00,after_fill,130890.3044342377,101014.48595279238,51260.17883300781,-29875.818481445312,0.5074537414065889,-0.29575776384594316,102.51970821838378,512598.54109191895,-0.002170239269455032,6,1782.030029296875,0.10584798878032287,-11.286561010740115,-110,368.79998779296875,-0.401605752626266,870.3293506958144,0,137.88999938964844,0.0,141.6242942871104,0,226.28709411621094,0.0,13.818868820195348
2026-09-08,2026-09-08T13:10:00-04:00,bar_close,130890.3044342377,101036.54570621035,51261.338317871094,-29853.758728027344,0.5073544226949976,-0.29547485535416856,102.51970821838378,512598.54109191895,-0.001952331132149765,6,1783.9649658203125,0.10593978367041454,0.3230581298848847,-110,368.7049865722656,-0.4014146390245831,880.7794849731581,0,137.52000427246094,0.0,141.6242942871104,0,225.9799041748047,0.0,13.818868820195348
2026-09-08,2026-09-08T13:10:00-04:00,open_before_orders,130890.3044342377,101031.97661441348,51262.27459716797,-29858.32781982422,0.5073866345583776,-0.29553344218710015,102.51970821838378,512598.54109191895,-0.001997465013012678,6,1783.6622314453125,0.10592659618563877,-1.4933481201151153,-110,368.7300109863281,-0.4014600383727389,878.0267994262831,0,137.5,0.0,141.6242942871104,0,225.97000122070312,0.0,13.818868820195348
2026-09-08,2026-09-08T13:10:00-04:00,after_fill,134456.91543223575,101031.2631495209,47694.950134277344,-33425.652282714844,0.47208110289278826,-0.3308446439321129,103.23317311096191,516165.86555480957,-0.0020045126804471014,4,1783.6622314453125,0.07061822948033766,-2.206813012693601,-110,368.7300109863281,-0.40146287341245057,878.0267994262831,0,137.5,0.0,141.6242942871104,0,225.97000122070312,0.0,13.818868820195348
2026-09-08,2026-09-08T13:10:00-04:00,after_fill,99789.36227531437,101024.33102531437,13034.3291015625,1234.96875,0.12902168189855567,0.012224468476713251,110.16529731750488,550826.4865875244,-0.0020729887982346984,4,1783.6622314453125,0.07062307518763447,-2.206813012693601,-16,368.7300109863281,-0.058398606710921216,871.0946752197415,0,137.5,0.0,141.6242942871104,0,225.97000122070312,0.0,13.818868820195348
2026-09-08,2026-09-08T13:15:00-04:00,bar_close,99789.36227531437,101030.47750968937,13028.96484375,1241.115234375,0.12896073704591224,0.012284562688085586,110.16529731750488,550826.4865875244,-0.002012273298122147,4,1783.760009765625,0.0706226498669989,-1.8156997314436012,-16,368.37030029296875,-0.05833808717891332,876.8500463134915,0,137.64999389648438,0.0,141.6242942871104,0,226.07699584960938,0.0,13.818868820195348
2026-09-08,2026-09-08T13:15:00-04:00,open_before_orders,99789.36227531437,101029.73776359562,13030.13525390625,1240.37548828125,0.12897326611295473,0.012277330573535335,110.16529731750488,550826.4865875244,-0.0020195805735169214,4,1783.8138427734375,0.07062529834324503,-1.6003677001936012,-16,368.42999267578125,-0.0583479677697097,875.8949681884915,0,137.59500122070312,0.0,141.6242942871104,0,226.0767059326172,0.0,13.818868820195348
2026-09-08,2026-09-08T13:15:00-04:00,after_fill,92652.6798531464,101028.3107125214,20165.390625,8375.630859375,0.1996013838376564,0.08290379993790126,111.59234839172363,557961.7419586182,-0.0020336771064894954,8,1783.8138427734375,0.14125259188777883,-3.027418774412581,-16,368.42999267578125,-0.05834879194987758,875.8949681884915,0,137.59500122070312,0.0,141.6242942871104,0,226.0767059326172,0.0,13.818868820195348
2026-09-08,2026-09-08T13:20:00-04:00,bar_close,92652.6798531464,101018.6417672089,20135.5615234375,8365.9619140625,0.1993252054391964,0.08281602056520748,111.59234839172363,557961.7419586182,-0.0021291877780202917,8,1781.34521484375,0.14107061300220194,-22.77644221191258,-16,367.79998779296875,-0.058254592436994455,885.9750463134915,0,137.32000732421875,0.0,141.6242942871104,0,226.14500427246094,0.0,13.818868820195348
2026-09-08,2026-09-08T13:20:00-04:00,open_before_orders,92652.6798531464,101021.2384468964,20137.521484375,8368.55859375,0.19933948339943036,0.08283959613254079,111.59234839172363,557961.7419586182,-0.002103537553234891,8,1781.6300048828125,0.14108953976598557,-20.49812189941258,-16,367.78009033203125,-0.05824994363344478,886.2934056884915,0,137.3300018310547,0.0,141.6242942871104,0,226.14999389648438,0.0,13.818868820195348
2026-09-08,2026-09-08T13:25:00-04:00,bar_close,92652.6798531464,101056.9200875214,20160.400390625,8404.240234375,0.19949549593600197,0.08316343133252448,111.59234839172363,557961.7419586182,-0.001751071245145619,8,1785.2900390625,0.1413294636342632,8.782151538087419,-16,367.3800048828125,-0.05816603230173874,892.6947728759915,0,137.0399932861328,0.0,141.6242942871104,0,225.75979614257812,0.0,13.818868820195348
2026-09-08,2026-09-08T13:25:00-04:00,open_before_orders,92652.6798531464,101052.3595406464,20156.16015625,8399.6796875,0.1994625385084904,0.08312205400925238,111.59234839172363,557961.7419586182,-0.0017961207185370753,8,1784.739990234375,0.14129229625887138,4.381760913087419,-16,367.3900146484375,-0.05817024224961901,892.5346166259915,0,137.02999877929688,0.0,141.6242942871104,0,225.7550048828125,0.0,13.818868820195348
2026-09-08,2026-09-08T13:25:00-04:00,after_fill,106927.74419103703,101049.50395666203,5878.240234375,-5878.240234375,0.058171886097491896,-0.058171886097491896,114.44793237609863,572239.6618804932,-0.0018243284221847178,0,1784.739990234375,0.0,1.5261769287135394,-16,367.3900146484375,-0.058171886097491896,892.5346166259915,0,137.02999877929688,0.0,141.6242942871104,0,225.7550048828125,0.0,13.818868820195348
2026-09-08,2026-09-08T13:25:00-04:00,after_fill,106560.28069838566,101049.4304786591,5510.8502197265625,-5510.8502197265625,0.05453618287230638,-0.05453618287230638,114.52141037902832,572607.0518951416,-0.0018250542442030948,0,1784.739990234375,0.0,1.5261769287135394,-15,367.3900146484375,-0.05453618287230638,892.4611386230617,0,137.02999877929688,0.0,141.6242942871104,0,225.7550048828125,0.0,13.818868820195348
2026-09-08,2026-09-08T13:30:00-04:00,bar_close,106560.28069838566,101047.48086318058,5512.799835205078,-5512.799835205078,0.05455652914959326,-0.05455652914959326,114.52141037902832,572607.0518951416,-0.0018443127132048431,0,1782.0899658203125,0.0,1.5261769287135394,-15,367.5199890136719,-0.05455652914959326,890.5115231445461,0,137.32989501953125,0.0,141.6242942871104,0,225.64999389648438,0.0,13.818868820195348
2026-09-08,2026-09-08T13:30:00-04:00,open_before_orders,106560.28069838566,101047.40578993839,5512.874908447266,-5512.874908447266,0.05455731263311858,-0.05455731263311858,114.52141037902832,572607.0518951416,-0.00184505429313353,0,1782.0699462890625,0.0,1.5261769287135394,-15,367.5249938964844,-0.05455731263311858,890.4364499023586,0,137.3300018310547,0.0,141.6242942871104,0,225.6699981689453,0.0,13.818868820195348
2026-09-08,2026-09-08T13:30:00-04:00,after_fill,106192.68219949039,101047.3322849396,5145.349914550781,-5145.349914550781,0.05092019549849768,-0.05092019549849768,114.59491537780762,572974.5768890381,-0.001845780381819262,0,1782.0699462890625,0.0,1.5261769287135394,-14,367.5249938964844,-0.05092019549849768,890.3629449035798,0,137.3300018310547,0.0,141.6242942871104,0,225.6699981689453,0.0,13.818868820195348
2026-09-08,2026-09-08T13:30:00-04:00,after_fill,104410.25583921207,101046.97587095035,6927.419860839844,-3363.2799682617188,0.068556429335273,-0.03328432087425406,114.95132936706544,574756.6468353271,-0.001849301069790532,1,1782.0699462890625,0.01763605423050947,1.1697629394557225,-14,367.5249938964844,-0.05092037510476353,890.3629449035798,0,137.3300018310547,0.0,141.6242942871104,0,225.6699981689453,0.0,13.818868820195348
2026-09-08,2026-09-08T13:35:00-04:00,bar_close,104410.25583921207,101045.59098325504,6934.574768066406,-3364.6648559570312,0.06862817764325395,-0.03329848262765481,114.95132936706544,574756.6468353271,-0.0018629811092880644,1,1784.9549560546875,0.01766484750779957,4.0547727050807225,-14,367.8299865722656,-0.05096333013545438,886.0930474426423,0,137.77000427246094,0.0,141.6242942871104,0,225.9499969482422,0.0,13.818868820195348
2026-09-08,2026-09-08T13:35:00-04:00,open_before_orders,104410.25583921207,101046.08060727848,6934.085144042969,-3364.1752319335938,0.0686229995500043,-0.03329347572627441,114.95132936706544,574756.6468353271,-0.0018581445611678404,1,1784.9549560546875,0.017664761911864942,4.0547727050807225,-14,367.7950134277344,-0.05095823763813936,886.5826714660798,0,137.74000549316406,0.0,141.6242942871104,0,225.94500732421875,0.0,13.818868820195348
2026-09-08,2026-09-08T13:35:00-04:00,after_fill,106194.85380427555,101045.72361628727,5149.130187988281,-5149.130187988281,0.05095841767180247,-0.05095841767180247,115.30832035827638,576541.6017913818,-0.0018616709488138428,0,1784.9549560546875,0.0,3.6977817138697446,-14,367.7950134277344,-0.05095841767180247,886.5826714660798,0,137.74000549316406,0.0,141.6242942871104,0,225.94500732421875,0.0,13.818868820195348
2026-09-08,2026-09-08T13:35:00-04:00,after_fill,105826.98523184513,101045.65005728458,4781.335174560547,-4781.335174560547,0.04731856514209095,-0.04731856514209095,115.38187936096192,576909.3968048096,-0.0018623975709548546,0,1784.9549560546875,0.0,3.6977817138697446,-13,367.7950134277344,-0.04731856514209095,886.5091124633946,0,137.74000549316406,0.0,141.6242942871104,0,225.94500732421875,0.0,13.818868820195348
2026-09-08,2026-09-08T13:40:00-04:00,bar_close,105826.98523184513,101052.72213980411,4774.263092041016,-4774.263092041016,0.0472452695082863,-0.0472452695082863,115.38187936096192,576909.3968048096,-0.001792538932940957,0,1783.6600341796875,0.0,3.6977817138697446,-13,367.2510070800781,-0.0472452695082863,893.5811949829258,0,137.4199981689453,0.0,141.6242942871104,0,226.1304931640625,0.0,13.818868820195348
2026-09-08,2026-09-08T13:40:00-04:00,open_before_orders,105826.98523184513,101052.4753746674,4774.509857177734,-4774.509857177734,0.047247826829333116,-0.047247826829333116,115.38187936096192,576909.3968048096,-0.0017949765001374907,0,1783.498046875,0.0,3.6977817138697446,-13,367.2699890136719,-0.047247826829333116,893.3344298462071,0,137.3699951171875,0.0,141.6242942871104,0,226.13499450683594,0.0,13.818868820195348
2026-09-08,2026-09-08T13:45:00-04:00,bar_close,105826.98523184513,101061.57513663029,4765.410095214844,-4765.410095214844,0.04715353079320447,-0.04715353079320447,115.38187936096192,576909.3968048096,-0.0017050882705782477,0,1785.260009765625,0.0,3.6977817138697446,-13,366.57000732421875,-0.04715353079320447,902.4341918090977,0,137.1898956298828,0.0,141.6242942871104,0,225.89500427246094,0.0,13.818868820195348
2026-09-08,2026-09-08T13:45:00-04:00,open_before_orders,105826.98523184513,101061.70526358341,4765.279968261719,-4765.279968261719,0.04715218247933958,-0.04715218247933958,115.38187936096192,576909.3968048096,-0.00170380286536842,0,1785.5,0.0,3.6977817138697446,-13,366.55999755859375,-0.04715218247933958,902.5643187622227,0,137.16000366210938,0.0,141.6242942871104,0,225.8979949951172,0.0,13.818868820195348
2026-09-08,2026-09-08T13:50:00-04:00,bar_close,105826.98523184513,101061.18515249943,4765.800079345703,-4765.800079345703,0.04715757164488226,-0.04715757164488226,115.38187936096192,576909.3968048096,-0.0017089405672890967,0,1787.4599609375,0.0,3.6977817138697446,-13,366.6000061035156,-0.04715757164488226,902.0442076782383,0,137.11000061035156,0.0,141.6242942871104,0,226.0,0.0,13.818868820195348
2026-09-08,2026-09-08T13:50:00-04:00,open_before_orders,105826.98523184513,101061.18396231388,4765.80126953125,-4765.80126953125,0.04715758397713247,-0.04715758397713247,115.38187936096192,576909.3968048096,-0.0017089523240439997,0,1787.06005859375,0.0,3.6977817138697446,-13,366.60009765625,-0.04715758397713247,902.0430174926914,0,137.14999389648438,0.0,141.6242942871104,0,225.99000549316406,0.0,13.818868820195348
2026-09-08,2026-09-08T13:50:00-04:00,after_fill,101060.23080205997,101060.23080205997,0.0,0.0,0.0,0.0,116.33503961486817,581675.1980743408,-0.0017183677228268524,0,1787.06005859375,0.0,3.6977817138697446,0,366.60009765625,0.0,901.089857238785,0,137.14999389648438,0.0,141.6242942871104,0,225.99000549316406,0.0,13.818868820195348
2026-09-08,2026-09-08T13:55:00-04:00,bar_close,101060.23080205997,101060.23080205997,0.0,0.0,0.0,0.0,116.33503961486817,581675.1980743408,-0.0017183677228268524,0,1791.3699951171875,0.0,3.6977817138697446,0,366.4549865722656,0.0,901.089857238785,0,137.41000366210938,0.0,141.6242942871104,0,226.10009765625,0.0,13.818868820195348
2026-09-08,2026-09-08T13:55:00-04:00,open_before_orders,101060.23080205997,101060.23080205997,0.0,0.0,0.0,0.0,116.33503961486817,581675.1980743408,-0.0017183677228268524,0,1791.3699951171875,0.0,3.6977817138697446,0,366.4549865722656,0.0,901.089857238785,0,137.47000122070312,0.0,141.6242942871104,0,226.11000061035156,0.0,13.818868820195348
2026-09-08,2026-09-08T14:00:00-04:00,bar_close,101060.23080205997,101060.23080205997,0.0,0.0,0.0,0.0,116.33503961486817,581675.1980743408,-0.0017183677228268524,0,1789.0,0.0,3.6977817138697446,0,365.78009033203125,0.0,901.089857238785,0,137.1750030517578,0.0,141.6242942871104,0,225.76499938964844,0.0,13.818868820195348
2026-09-08,2026-09-08T14:00:00-04:00,open_before_orders,101060.23080205997,101060.23080205997,0.0,0.0,0.0,0.0,116.33503961486817,581675.1980743408,-0.0017183677228268524,0,1788.93994140625,0.0,3.6977817138697446,0,365.7972106933594,0.0,901.089857238785,0,137.19000244140625,0.0,141.6242942871104,0,225.76620483398438,0.0,13.818868820195348
2026-09-08,2026-09-08T14:05:00-04:00,bar_close,101060.23080205997,101060.23080205997,0.0,0.0,0.0,0.0,116.33503961486817,581675.1980743408,-0.0017183677228268524,0,1791.4700927734375,0.0,3.6977817138697446,0,366.18499755859375,0.0,901.089857238785,0,137.39999389648438,0.0,141.6242942871104,0,225.88499450683594,0.0,13.818868820195348
2026-09-08,2026-09-08T14:05:00-04:00,open_before_orders,101060.23080205997,101060.23080205997,0.0,0.0,0.0,0.0,116.33503961486817,581675.1980743408,-0.0017183677228268524,0,1791.47998046875,0.0,3.6977817138697446,0,366.18499755859375,0.0,901.089857238785,0,137.41000366210938,0.0,141.6242942871104,0,225.88999938964844,0.0,13.818868820195348
2026-09-08,2026-09-08T14:10:00-04:00,bar_close,101060.23080205997,101060.23080205997,0.0,0.0,0.0,0.0,116.33503961486817,581675.1980743408,-0.0017183677228268524,0,1795.094970703125,0.0,3.6977817138697446,0,366.01971435546875,0.0,901.089857238785,0,137.8699951171875,0.0,141.6242942871104,0,225.9600067138672,0.0,13.818868820195348
2026-09-08,2026-09-08T14:10:00-04:00,open_before_orders,101060.23080205997,101060.23080205997,0.0,0.0,0.0,0.0,116.33503961486817,581675.1980743408,-0.0017183677228268524,0,1794.3759765625,0.0,3.6977817138697446,0,365.9700012207031,0.0,901.089857238785,0,137.88999938964844,0.0,141.6242942871104,0,225.96499633789062,0.0,13.818868820195348
2026-09-08,2026-09-08T14:15:00-04:00,bar_close,101060.23080205997,101060.23080205997,0.0,0.0,0.0,0.0,116.33503961486817,581675.1980743408,-0.0017183677228268524,0,1796.2850341796875,0.0,3.6977817138697446,0,365.94000244140625,0.0,901.089857238785,0,137.85000610351562,0.0,141.6242942871104,0,225.88499450683594,0.0,13.818868820195348
2026-09-08,2026-09-08T14:15:00-04:00,open_before_orders,101060.23080205997,101060.23080205997,0.0,0.0,0.0,0.0,116.33503961486817,581675.1980743408,-0.0017183677228268524,0,1796.699951171875,0.0,3.6977817138697446,0,365.9100036621094,0.0,901.089857238785,0,137.9499969482422,0.0,141.6242942871104,0,225.88999938964844,0.0,13.818868820195348
2026-09-08,2026-09-08T14:15:00-04:00,after_fill,87884.83611819767,101057.5962500336,13172.760131835938,13172.760131835938,0.1303490348142093,0.1303490348142093,118.96959164123535,594847.9582061768,-0.0017443920538257052,0,1796.699951171875,0.0,3.6977817138697446,36,365.9100036621094,0.1303490348142093,898.4553052124193,0,137.9499969482422,0.0,141.6242942871104,0,225.88999938964844,0.0,13.818868820195348
2026-09-08,2026-09-08T14:20:00-04:00,bar_close,87884.83611819767,101073.79559085392,13188.95947265625,13188.95947265625,0.13048841587037133,0.13048841587037133,118.96959164123535,594847.9582061768,-0.0015843735750672439,0,1796.1700439453125,0.0,3.6977817138697446,36,366.3599853515625,0.13048841587037133,914.6546460327318,0,138.01499938964844,0.0,141.6242942871104,0,225.9600067138672,0.0,13.818868820195348
2026-09-08,2026-09-08T14:20:00-04:00,open_before_orders,87884.83611819767,101071.99603030704,13187.159912109375,13187.159912109375,0.13047293444323715,0.13047293444323715,118.96959164123535,594847.9582061768,-0.0016021497885774227,0,1796.93505859375,0.0,3.6977817138697446,36,366.30999755859375,0.13047293444323715,912.8550854858568,0,138.0500030517578,0.0,141.6242942871104,0,225.97000122070312,0.0,13.818868820195348
2026-09-08,2026-09-08T14:25:00-04:00,bar_close,87884.83611819767,101065.51958987735,13180.683471679688,13180.683471679688,0.13041721375565812,0.13041721375565812,118.96959164123535,594847.9582061768,-0.0016661246229131565,0,1794.1199951171875,0.0,3.6977817138697446,36,366.1300964355469,0.13041721375565812,906.3786450561693,0,137.9600067138672,0.0,141.6242942871104,0,225.91000366210938,0.0,13.818868820195348
2026-09-08,2026-09-08T14:25:00-04:00,open_before_orders,87884.83611819767,101065.51629397892,13180.68017578125,13180.68017578125,0.13041718539725605,0.13041718539725605,118.96959164123535,594847.9582061768,-0.001666157180080674,0,1795.0,0.0,3.6977817138697446,36,366.1300048828125,0.13041718539725605,906.3753491577318,0,137.9600067138672,0.0,141.6242942871104,0,225.90499877929688,0.0,13.818868820195348
2026-09-08,2026-09-08T14:30:00-04:00,bar_close,87884.83611819767,101044.4566015961,13159.620483398438,13159.620483398438,0.1302359468890505,0.1302359468890505,118.96959164123535,594847.9582061768,-0.001874186628661234,0,1795.0699462890625,0.0,3.6977817138697446,36,365.5450134277344,0.1302359468890505,885.3156567749193,0,137.57000732421875,0.0,141.6242942871104,0,226.0800018310547,0.0,13.818868820195348
2026-09-08,2026-09-08T14:30:00-04:00,open_before_orders,87884.83611819767,101045.71563479923,13160.879516601562,13160.879516601562,0.13024678418002192,0.13024678418002192,118.96959164123535,594847.9582061768,-0.00186174979063769,0,1795.68994140625,0.0,3.6977817138697446,36,365.5799865722656,0.13024678418002192,886.5746899780443,0,137.5749969482422,0.0,141.6242942871104,0,226.0800018310547,0.0,13.818868820195348
2026-09-08,2026-09-08T14:30:00-04:00,after_fill,95560.48040027164,101044.18019885563,5483.699798583984,5483.699798583984,0.05427031807068974,0.05427031807068974,120.50502758483887,602525.1379241943,-0.0018769169586509982,0,1795.68994140625,0.0,3.6977817138697446,15,365.5799865722656,0.05427031807068974,885.039254034441,0,137.5749969482422,0.0,141.6242942871104,0,226.0800018310547,0.0,13.818868820195348
2026-09-08,2026-09-08T14:30:00-04:00,after_fill,100946.47281052555,101043.10278489078,10870.769622802734,96.62997436523438,0.10758546920263683,0.0009563242982645589,121.58244154968263,607912.2077484131,-0.001887559746253209,-3,1795.68994140625,-0.05331457245218613,2.620367749025718,15,365.5799865722656,0.054270896750450694,885.039254034441,0,137.5749969482422,0.0,141.6242942871104,0,226.0800018310547,0.0,13.818868820195348
2026-09-08,2026-09-08T14:35:00-04:00,bar_close,100946.47281052555,101028.97262742008,10876.499816894531,82.49981689453125,0.10765723469252186,0.0008165956235027588,121.58244154968263,607912.2077484131,-0.002027138654318583,-3,1799.0,-0.053420319534509556,-7.309808032224282,15,365.29998779296875,0.054236915158012315,880.8392723449879,0,137.4324951171875,0.0,141.6242942871104,0,226.14500427246094,0.0,13.818868820195348
2026-09-08,2026-09-08T14:35:00-04:00,open_before_orders,100946.47281052555,101029.58777024235,10877.084930419922,83.11495971679688,0.10766237070229541,0.0008226793907722731,121.58244154968263,607912.2077484131,-0.0020210622207321727,-3,1798.9949951171875,-0.053419845655761564,-7.294793383786782,15,365.3399963378906,0.05424252504653384,881.439400518816,0,137.35000610351562,0.0,141.6242942871104,0,226.14500427246094,0.0,13.818868820195348
2026-09-08,2026-09-08T14:35:00-04:00,after_fill,95548.40842817692,101028.50837324528,5480.099945068359,5480.099945068359,0.05424310457818873,0.05424310457818873,122.66183854675295,613309.1927337646,-0.0020317245968969333,0,1798.9949951171875,0.0,-8.374190380857726,15,365.3399963378906,0.05424310457818873,881.439400518816,0,137.35000610351562,0.0,141.6242942871104,0,226.14500427246094,0.0,13.818868820195348
2026-09-08,2026-09-08T14:40:00-04:00,bar_close,95548.40842817692,101036.30820845035,5487.8997802734375,5487.8997802734375,0.05431611543991912,0.05431611543991912,122.66183854675295,613309.1927337646,-0.00195467715540365,0,1799.4000244140625,0.0,-8.374190380857726,15,365.8599853515625,0.05431611543991912,889.2392357238941,0,137.0,0.0,141.6242942871104,0,226.0970001220703,0.0,13.818868820195348
2026-09-08,2026-09-08T14:40:00-04:00,open_before_orders,95548.40842817692,101036.45835493473,5488.0499267578125,5488.0499267578125,0.05431752078520644,0.05431752078520644,122.66183854675295,613309.1927337646,-0.0019531939955462763,0,1799.594970703125,0.0,-8.374190380857726,15,365.8699951171875,0.05431752078520644,889.3893822082691,0,136.97999572753906,0.0,141.6242942871104,0,226.09010314941406,0.0,13.818868820195348
2026-09-08,2026-09-08T14:45:00-04:00,bar_close,95548.40842817692,101045.41175459293,5497.003326416016,5497.003326416016,0.05440131551709129,0.05440131551709129,122.66183854675295,613309.1927337646,-0.0018647515453926733,0,1799.1700439453125,0.0,-8.374190380857726,15,366.4668884277344,0.05440131551709129,898.3427818664723,0,137.1649932861328,0.0,141.6242942871104,0,226.2100067138672,0.0,13.818868820195348
2026-09-08,2026-09-08T14:45:00-04:00,open_before_orders,95548.40842817692,101045.30830000309,5496.899871826172,5496.899871826172,0.05440034737195219,0.05440034737195219,122.66183854675295,613309.1927337646,-0.0018657734787090874,0,1799.6180419921875,0.0,-8.374190380857726,15,366.4599914550781,0.05440034737195219,898.2393272766285,0,137.19000244140625,0.0,141.6242942871104,0,226.2050018310547,0.0,13.818868820195348
2026-09-08,2026-09-08T14:45:00-04:00,after_fill,101044.20892002873,101044.20892002873,0.0,0.0,0.0,0.0,123.76121852111818,618806.0926055908,-0.001876633248438342,0,1799.6180419921875,0.0,-8.374190380857726,0,366.4599914550781,0.0,897.1399473022639,0,137.19000244140625,0.0,141.6242942871104,0,226.2050018310547,0.0,13.818868820195348
2026-09-08,2026-09-08T14:50:00-04:00,bar_close,101044.20892002873,101044.20892002873,0.0,0.0,0.0,0.0,123.76121852111818,618806.0926055908,-0.001876633248438342,0,1793.0400390625,0.0,-8.374190380857726,0,365.95001220703125,0.0,897.1399473022639,0,136.35000610351562,0.0,141.6242942871104,0,225.56399536132812,0.0,13.818868820195348
2026-09-08,2026-09-08T14:50:00-04:00,open_before_orders,101044.20892002873,101044.20892002873,0.0,0.0,0.0,0.0,123.76121852111818,618806.0926055908,-0.001876633248438342,0,1793.0400390625,0.0,-8.374190380857726,0,365.95001220703125,0.0,897.1399473022639,0,136.38999938964844,0.0,141.6242942871104,0,225.5800018310547,0.0,13.818868820195348
2026-09-08,2026-09-08T14:55:00-04:00,bar_close,101044.20892002873,101044.20892002873,0.0,0.0,0.0,0.0,123.76121852111818,618806.0926055908,-0.001876633248438342,0,1790.699951171875,0.0,-8.374190380857726,0,367.010009765625,0.0,897.1399473022639,0,136.4199981689453,0.0,141.6242942871104,0,225.9123992919922,0.0,13.818868820195348
2026-09-08,2026-09-08T14:55:00-04:00,open_before_orders,101044.20892002873,101044.20892002873,0.0,0.0,0.0,0.0,123.76121852111818,618806.0926055908,-0.001876633248438342,0,1790.699951171875,0.0,-8.374190380857726,0,367.0199890136719,0.0,897.1399473022639,0,136.45199584960938,0.0,141.6242942871104,0,225.89999389648438,0.0,13.818868820195348
2026-09-08,2026-09-08T15:00:00-04:00,bar_close,101044.20892002873,101044.20892002873,0.0,0.0,0.0,0.0,123.76121852111818,618806.0926055908,-0.001876633248438342,0,1791.489990234375,0.0,-8.374190380857726,0,367.05499267578125,0.0,897.1399473022639,0,136.52000427246094,0.0,141.6242942871104,0,225.6750030517578,0.0,13.818868820195348
2026-09-08,2026-09-08T15:00:00-04:00,open_before_orders,101044.20892002873,101044.20892002873,0.0,0.0,0.0,0.0,123.76121852111818,618806.0926055908,-0.001876633248438342,0,1792.199951171875,0.0,-8.374190380857726,0,367.0299987792969,0.0,897.1399473022639,0,136.5399932861328,0.0,141.6242942871104,0,225.67999267578125,0.0,13.818868820195348
2026-09-08,2026-09-08T15:05:00-04:00,bar_close,101044.20892002873,101044.20892002873,0.0,0.0,0.0,0.0,123.76121852111818,618806.0926055908,-0.001876633248438342,0,1790.5543212890625,0.0,-8.374190380857726,0,366.7799987792969,0.0,897.1399473022639,0,136.63999938964844,0.0,141.6242942871104,0,225.55999755859375,0.0,13.818868820195348
2026-09-08,2026-09-08T15:05:00-04:00,open_before_orders,101044.20892002873,101044.20892002873,0.0,0.0,0.0,0.0,123.76121852111818,618806.0926055908,-0.001876633248438342,0,1789.4300537109375,0.0,-8.374190380857726,0,366.82501220703125,0.0,897.1399473022639,0,136.7100067138672,0.0,141.6242942871104,0,225.5699005126953,0.0,13.818868820195348
2026-09-08,2026-09-08T15:10:00-04:00,bar_close,101044.20892002873,101044.20892002873,0.0,0.0,0.0,0.0,123.76121852111818,618806.0926055908,-0.001876633248438342,0,1778.0,0.0,-8.374190380857726,0,367.1449890136719,0.0,897.1399473022639,0,136.7001953125,0.0,141.6242942871104,0,225.52000427246094,0.0,13.818868820195348
2026-09-08,2026-09-08T15:10:00-04:00,open_before_orders,101044.20892002873,101044.20892002873,0.0,0.0,0.0,0.0,123.76121852111818,618806.0926055908,-0.001876633248438342,0,1778.5,0.0,-8.374190380857726,0,367.1099853515625,0.0,897.1399473022639,0,136.7082061767578,0.0,141.6242942871104,0,225.50999450683594,0.0,13.818868820195348
2026-09-08,2026-09-08T15:15:00-04:00,bar_close,101044.20892002873,101044.20892002873,0.0,0.0,0.0,0.0,123.76121852111818,618806.0926055908,-0.001876633248438342,0,1780.89501953125,0.0,-8.374190380857726,0,367.29998779296875,0.0,897.1399473022639,0,136.77000427246094,0.0,141.6242942871104,0,225.5500030517578,0.0,13.818868820195348
2026-09-08,2026-09-08T15:15:00-04:00,open_before_orders,101044.20892002873,101044.20892002873,0.0,0.0,0.0,0.0,123.76121852111818,618806.0926055908,-0.001876633248438342,0,1780.5999755859375,0.0,-8.374190380857726,0,367.29998779296875,0.0,897.1399473022639,0,136.77000427246094,0.0,141.6242942871104,0,225.55499267578125,0.0,13.818868820195348
2026-09-08,2026-09-08T15:20:00-04:00,bar_close,101044.20892002873,101044.20892002873,0.0,0.0,0.0,0.0,123.76121852111818,618806.0926055908,-0.001876633248438342,0,1775.9549560546875,0.0,-8.374190380857726,0,366.78009033203125,0.0,897.1399473022639,0,136.57000732421875,0.0,141.6242942871104,0,225.360107421875,0.0,13.818868820195348
2026-09-08,2026-09-08T15:20:00-04:00,open_before_orders,101044.20892002873,101044.20892002873,0.0,0.0,0.0,0.0,123.76121852111818,618806.0926055908,-0.001876633248438342,0,1775.4588623046875,0.0,-8.374190380857726,0,366.7799987792969,0.0,897.1399473022639,0,136.57000732421875,0.0,141.6242942871104,0,225.36000061035156,0.0,13.818868820195348
2026-09-08,2026-09-08T15:25:00-04:00,bar_close,101044.20892002873,101044.20892002873,0.0,0.0,0.0,0.0,123.76121852111818,618806.0926055908,-0.001876633248438342,0,1770.530029296875,0.0,-8.374190380857726,0,366.8699951171875,0.0,897.1399473022639,0,136.5334014892578,0.0,141.6242942871104,0,225.48500061035156,0.0,13.818868820195348
2026-09-08,2026-09-08T15:25:00-04:00,open_before_orders,101044.20892002873,101044.20892002873,0.0,0.0,0.0,0.0,123.76121852111818,618806.0926055908,-0.001876633248438342,0,1770.969970703125,0.0,-8.374190380857726,0,366.8999938964844,0.0,897.1399473022639,0,136.55999755859375,0.0,141.6242942871104,0,225.49000549316406,0.0,13.818868820195348
2026-09-08,2026-09-08T15:25:00-04:00,after_fill,99272.88475533147,101043.8547260346,1770.969970703125,1770.969970703125,0.017526745941203917,0.017526745941203917,124.11541251525881,620577.062576294,-0.001880132007107349,1,1770.969970703125,0.017526745941203917,-8.728384374998313,0,366.8999938964844,0.0,897.1399473022639,0,136.55999755859375,0.0,141.6242942871104,0,225.49000549316406,0.0,13.818868820195348
2026-09-08,2026-09-08T15:30:00-04:00,bar_close,99272.88475533147,101045.20470162053,1772.3199462890625,1772.3199462890625,0.017539871897163255,0.017539871897163255,124.11541251525881,620577.062576294,-0.0018667968324221906,1,1772.3199462890625,0.017539871897163255,-7.378408789060813,0,368.2749938964844,0.0,897.1399473022639,0,137.14999389648438,0.0,141.6242942871104,0,225.5500030517578,0.0,13.818868820195348
2026-09-08,2026-09-08T15:30:00-04:00,open_before_orders,99272.88475533147,101044.88475533147,1772.0,1772.0,0.01753676105713509,0.01753676105713509,124.11541251525881,620577.062576294,-0.0018699572893214889,1,1772.0,0.01753676105713509,-7.698355078123313,0,368.2799987792969,0.0,897.1399473022639,0,137.13999938964844,0.0,141.6242942871104,0,225.5500030517578,0.0,13.818868820195348
2026-09-08,2026-09-08T15:30:00-04:00,after_fill,101044.53035533147,101044.53035533147,0.0,0.0,0.0,0.0,124.46981251525881,622349.062576294,-0.001873458082934043,0,1772.0,0.0,-8.052755078123255,0,368.2799987792969,0.0,897.1399473022639,0,137.13999938964844,0.0,141.6242942871104,0,225.5500030517578,0.0,13.818868820195348
2026-09-08,2026-09-08T15:35:00-04:00,bar_close,101044.53035533147,101044.53035533147,0.0,0.0,0.0,0.0,124.46981251525881,622349.062576294,-0.001873458082934043,0,1767.4200439453125,0.0,-8.052755078123255,0,368.0,0.0,897.1399473022639,0,136.82000732421875,0.0,141.6242942871104,0,225.8249969482422,0.0,13.818868820195348
2026-09-08,2026-09-08T15:35:00-04:00,open_before_orders,101044.53035533147,101044.53035533147,0.0,0.0,0.0,0.0,124.46981251525881,622349.062576294,-0.001873458082934043,0,1767.4200439453125,0.0,-8.052755078123255,0,368.0299987792969,0.0,897.1399473022639,0,136.80999755859375,0.0,141.6242942871104,0,225.8249969482422,0.0,13.818868820195348
2026-09-08,2026-09-08T15:40:00-04:00,bar_close,101044.53035533147,101044.53035533147,0.0,0.0,0.0,0.0,124.46981251525881,622349.062576294,-0.001873458082934043,0,1759.4549560546875,0.0,-8.052755078123255,0,367.9100036621094,0.0,897.1399473022639,0,136.72999572753906,0.0,141.6242942871104,0,225.82000732421875,0.0,13.818868820195348
2026-09-08,2026-09-08T15:40:00-04:00,open_before_orders,101044.53035533147,101044.53035533147,0.0,0.0,0.0,0.0,124.46981251525881,622349.062576294,-0.001873458082934043,0,1759.8499755859375,0.0,-8.052755078123255,0,367.8900146484375,0.0,897.1399473022639,0,136.74000549316406,0.0,141.6242942871104,0,225.8300018310547,0.0,13.818868820195348
2026-09-08,2026-09-08T15:45:00-04:00,bar_close,101044.53035533147,101044.53035533147,0.0,0.0,0.0,0.0,124.46981251525881,622349.062576294,-0.001873458082934043,0,1750.7200927734375,0.0,-8.052755078123255,0,367.9700012207031,0.0,897.1399473022639,0,136.64999389648438,0.0,141.6242942871104,0,225.5749969482422,0.0,13.818868820195348
2026-09-08,2026-09-08T15:45:00-04:00,open_before_orders,101044.53035533147,101044.53035533147,0.0,0.0,0.0,0.0,124.46981251525881,622349.062576294,-0.001873458082934043,0,1751.469970703125,0.0,-8.052755078123255,0,367.9800109863281,0.0,897.1399473022639,0,136.72000122070312,0.0,141.6242942871104,0,225.5800018310547,0.0,13.818868820195348
2026-09-08,2026-09-08T15:50:00-04:00,bar_close,101044.53035533147,101044.53035533147,0.0,0.0,0.0,0.0,124.46981251525881,622349.062576294,-0.001873458082934043,0,1744.6724853515625,0.0,-8.052755078123255,0,368.4949951171875,0.0,897.1399473022639,0,136.67999267578125,0.0,141.6242942871104,0,225.4499969482422,0.0,13.818868820195348
2026-09-08,2026-09-08T15:50:00-04:00,open_before_orders,101044.53035533147,101044.53035533147,0.0,0.0,0.0,0.0,124.46981251525881,622349.062576294,-0.001873458082934043,0,1745.300048828125,0.0,-8.052755078123255,0,368.5199890136719,0.0,897.1399473022639,0,136.7100067138672,0.0,141.6242942871104,0,225.4600067138672,0.0,13.818868820195348
2026-09-08,2026-09-08T15:55:00-04:00,bar_close,101044.53035533147,101044.53035533147,0.0,0.0,0.0,0.0,124.46981251525881,622349.062576294,-0.001873458082934043,0,1740.6099853515625,0.0,-8.052755078123255,0,368.1600036621094,0.0,897.1399473022639,0,136.63999938964844,0.0,141.6242942871104,0,224.9600067138672,0.0,13.818868820195348
2026-09-08,2026-09-08T15:55:00-04:00,open_before_orders,101044.53035533147,101044.53035533147,0.0,0.0,0.0,0.0,124.46981251525881,622349.062576294,-0.001873458082934043,0,1740.1800537109375,0.0,-8.052755078123255,0,368.1950988769531,0.0,897.1399473022639,0,136.67999267578125,0.0,141.6242942871104,0,224.97000122070312,0.0,13.818868820195348
2026-09-08,2026-09-08T16:00:00-04:00,bar_close,101044.53035533147,101044.53035533147,0.0,0.0,0.0,0.0,124.46981251525881,622349.062576294,-0.001873458082934043,0,1737.8499755859375,0.0,-8.052755078123255,0,368.0400085449219,0.0,897.1399473022639,0,136.50999450683594,0.0,141.6242942871104,0,225.77000427246094,0.0,13.818868820195348
2026-09-09,2026-09-09T09:30:00-04:00,open_before_orders,101044.53035533147,101044.53035533147,0.0,0.0,0.0,0.0,124.46981251525881,622349.062576294,-0.001873458082934043,0,1749.719970703125,0.0,-8.052755078123255,0,368.3550109863281,0.0,897.1399473022639,0,141.97799682617188,0.0,141.6242942871104,0,225.27000427246094,0.0,13.818868820195348
2026-09-09,2026-09-09T09:35:00-04:00,bar_close,101044.53035533147,101044.53035533147,0.0,0.0,0.0,0.0,124.46981251525881,622349.062576294,-0.001873458082934043,0,1735.8349609375,0.0,-8.052755078123255,0,373.95001220703125,0.0,897.1399473022639,0,139.11959838867188,0.0,141.6242942871104,0,225.0800018310547,0.0,13.818868820195348
2026-09-09,2026-09-09T09:35:00-04:00,open_before_orders,101044.53035533147,101044.53035533147,0.0,0.0,0.0,0.0,124.46981251525881,622349.062576294,-0.001873458082934043,0,1735.3564453125,0.0,-8.052755078123255,0,373.92498779296875,0.0,897.1399473022639,0,139.12989807128906,0.0,141.6242942871104,0,225.06500244140625,0.0,13.818868820195348
2026-09-09,2026-09-09T09:40:00-04:00,bar_close,101044.53035533147,101044.53035533147,0.0,0.0,0.0,0.0,124.46981251525881,622349.062576294,-0.001873458082934043,0,1731.6351318359375,0.0,-8.052755078123255,0,371.75,0.0,897.1399473022639,0,138.54800415039062,0.0,141.6242942871104,0,225.92999267578125,0.0,13.818868820195348
2026-09-09,2026-09-09T09:40:00-04:00,open_before_orders,101044.53035533147,101044.53035533147,0.0,0.0,0.0,0.0,124.46981251525881,622349.062576294,-0.001873458082934043,0,1731.8900146484375,0.0,-8.052755078123255,0,371.7900085449219,0.0,897.1399473022639,0,138.60499572753906,0.0,141.6242942871104,0,225.91000366210938,0.0,13.818868820195348
2026-09-09,2026-09-09T09:40:00-04:00,after_fill,58761.55175369268,101036.07545059209,42274.523696899414,42274.523696899414,0.4184101916901175,0.4184101916901175,132.9247172546387,664623.5862731934,-0.001956976357501583,0,1731.8900146484375,0.0,-8.052755078123255,0,371.7900085449219,0.0,897.1399473022639,305,138.60499572753906,0.4184101916901175,133.16938954772922,0,225.91000366210938,0.0,13.818868820195348
2026-09-09,2026-09-09T09:45:00-04:00,bar_close,58761.55175369268,100857.04339187627,42095.491638183594,42095.491638183594,0.4173778074638093,0.4173778074638093,132.9247172546387,664623.5862731934,-0.003725470397009767,0,1735.8951416015625,0.0,-8.052755078123255,0,373.6199951171875,0.0,897.1399473022639,305,138.01800537109375,0.4173778074638093,-45.86266916809109,0,224.77000427246094,0.0,13.818868820195348
2026-09-09,2026-09-09T09:45:00-04:00,open_before_orders,58761.55175369268,100824.07029312139,42062.51853942871,42062.51853942871,0.4171872690434159,0.4171872690434159,132.9247172546387,664623.5862731934,-0.004051181496074419,0,1736.969970703125,0.0,-8.052755078123255,0,373.635009765625,0.0,897.1399473022639,305,137.90989685058594,0.4171872690434159,-78.8357679229739,0,224.77499389648438,0.0,13.818868820195348
2026-09-09,2026-09-09T09:45:00-04:00,after_fill,42071.11681526799,100820.7328736176,58749.61605834961,58749.61605834961,0.5827136381957703,0.5827136381957703,136.26213675842288,681310.6837921143,-0.004084148812331212,0,1736.969970703125,0.0,-8.052755078123255,0,373.635009765625,0.0,897.1399473022639,426,137.90989685058594,0.5827136381957703,-82.17318742675707,0,224.77499389648438,0.0,13.818868820195348
2026-09-09,2026-09-09T09:50:00-04:00,bar_close,42071.11681526799,100814.68764656682,58743.57083129883,58743.57083129883,0.5826886161393499,0.5826886161393499,136.26213675842288,681310.6837921143,-0.004143864083905879,0,1752.5250244140625,0.0,-8.052755078123255,0,373.4200134277344,0.0,897.1399473022639,426,137.8957061767578,0.5826886161393499,-88.21841447753832,0,224.67999267578125,0.0,13.818868820195348
2026-09-09,2026-09-09T09:50:00-04:00,open_before_orders,42071.11681526799,100812.25655525822,58741.139739990234,58741.139739990234,0.582678552659839,0.582678552659839,136.26213675842288,681310.6837921143,-0.004167878612474585,0,1752.5250244140625,0.0,-8.052755078123255,0,373.44439697265625,0.0,897.1399473022639,426,137.88999938964844,0.582678552659839,-90.64950578613207,0,224.6649932861328,0.0,13.818868820195348
2026-09-09,2026-09-09T09:50:00-04:00,after_fill,60682.54370288701,100808.5335252747,40125.989822387695,40125.989822387695,0.3980415984558223,0.3980415984558223,139.9851667419434,699925.8337097168,-0.004204655022141068,0,1752.5250244140625,0.0,-8.052755078123255,0,373.44439697265625,0.0,897.1399473022639,291,137.88999938964844,0.3980415984558223,-94.37253576965304,0,224.6649932861328,0.0,13.818868820195348
2026-09-09,2026-09-09T09:50:00-04:00,after_fill,5401.718996783493,100797.4795711243,95395.76057434082,95395.76057434082,0.946410177915491,0.946410177915491,151.03912089233404,755195.6044616699,-0.004313846929826171,0,1752.5250244140625,0.0,-8.052755078123255,148,373.44439697265625,0.5483249282334872,886.0859931518717,291,137.88999938964844,0.39808524968200376,-94.37253576965304,0,224.6649932861328,0.0,13.818868820195348
2026-09-09,2026-09-09T09:55:00-04:00,bar_close,5401.718996783493,100130.90790059208,94729.1889038086,94729.1889038086,0.9460534303539303,0.9460534303539303,151.03912089233404,755195.6044616699,-0.010898299092734431,0,1774.1099853515625,0.0,-8.052755078123255,148,371.29998779296875,0.5488055521069977,568.7134345581217,291,136.69000244140625,0.39724787824693253,-443.5716477081296,0,224.6199951171875,0.0,13.818868820195348
2026-09-09,2026-09-09T09:55:00-04:00,open_before_orders,5401.718996783493,100131.11934163212,94729.40034484863,94729.40034484863,0.9460535442697525,0.9460535442697525,151.03912089233404,755195.6044616699,-0.010896210459996225,0,1774.0550537109375,0.0,-8.052755078123255,148,371.389892578125,0.5489372780706455,582.0193427612467,291,136.64500427246094,0.397116266199107,-456.66611487121554,0,224.6199951171875,0.0,13.818868820195348
2026-09-09,2026-09-09T09:55:00-04:00,after_fill,60356.42995752568,100120.12620081182,39763.69624328613,39763.69624328613,0.3971598693706372,0.3971598693706372,162.03226171264654,810161.3085632324,-0.011004801648388018,0,1774.0550537109375,0.0,-8.052755078123255,0,371.389892578125,0.0,571.0262019409347,291,136.64500427246094,0.3971598693706372,-456.66611487121554,0,224.6199951171875,0.0,13.818868820195348
2026-09-09,2026-09-09T09:55:00-04:00,after_fill,75111.13888685917,100117.17466871953,25006.03578186035,25006.03578186035,0.24976769335135066,0.24976769335135066,164.9837938049317,824918.9690246582,-0.01103395713567945,0,1774.0550537109375,0.0,-8.052755078123255,0,371.389892578125,0.0,571.0262019409347,183,136.64500427246094,0.24976769335135066,-459.6176469634993,0,224.6199951171875,0.0,13.818868820195348
2026-09-09,2026-09-09T09:55:00-04:00,after_fill,73336.7290221375,100116.81985770879,26780.09083557129,26780.09083557129,0.26748842875385515,0.26748842875385515,165.3386048156739,826693.0240783691,-0.011037461989291342,1,1774.0550537109375,0.017719850233280647,-8.407566088865451,0,371.389892578125,0.0,571.0262019409347,183,136.64500427246094,0.24976857852057452,-459.6176469634993,0,224.6199951171875,0.0,13.818868820195348
2026-09-09,2026-09-09T10:00:00-04:00,bar_close,73336.7290221375,100171.96739494023,26835.238372802734,26835.238372802734,0.2678916973548251,0.2678916973548251,165.3386048156739,826693.0240783691,-0.010492709884071028,1,1792.0,0.0178892363462806,9.537380200197049,0,371.0799865722656,0.0,571.0262019409347,183,136.84829711914062,0.25000246100854445,-422.41505602111647,0,224.85009765625,0.0,13.818868820195348
2026-09-09,2026-09-09T10:00:00-04:00,open_before_orders,73336.7290221375,100193.03012382207,26856.30110168457,26856.30110168457,0.2680456022589057,0.2680456022589057,165.3386048156739,826693.0240783691,-0.0102846504406926,1,1792.619873046875,0.017891662432321813,10.157253247072049,0,371.0299987792969,0.0,571.0262019409347,183,136.9600067138672,0.2501539398265839,-401.97220018615553,0,224.85499572753906,0.0,13.818868820195348
2026-09-09,2026-09-09T10:00:00-04:00,after_fill,83606.67512557683,100190.97572372136,16584.30059814453,16584.30059814453,0.16552688980568545,0.16552688980568545,167.3930049163819,836965.0245819092,-0.010304943981184311,1,1792.619873046875,0.0178920292980284,10.157253247072049,0,371.0299987792969,0.0,571.0262019409347,108,136.9600067138672,0.14763486050765703,-404.02660028686296,0,224.85499572753906,0.0,13.818868820195348
2026-09-09,2026-09-09T10:00:00-04:00,after_fill,62090.93436131902,100186.67343602606,38095.73907470703,38095.73907470703,0.3802475695435977,0.3802475695435977,171.69529261169438,858476.4630584717,-0.010347442348236369,13,1792.619873046875,0.23260636919430328,5.85496555175996,0,371.0299987792969,0.0,571.0262019409347,108,136.9600067138672,0.14764120034929443,-404.02660028686296,0,224.85499572753906,0.0,13.818868820195348
2026-09-09,2026-09-09T10:00:00-04:00,after_fill,5683.095234903005,100175.39412406317,94492.29888916016,94492.29888916016,0.9432685512785233,0.9432685512785233,182.97460457458502,914873.0228729248,-0.010458860359732314,13,1792.619873046875,0.23263255965579974,5.85496555175996,152,371.0299987792969,0.5629781675189445,559.7468899780433,108,136.9600067138672,0.147657824103779,-404.02660028686296,0,224.85499572753906,0.0,13.818868820195348
2026-09-09,2026-09-09T10:05:00-04:00,bar_close,5683.095234903005,100279.96449759832,94596.86926269531,94596.86926269531,0.9433277099431051,0.9433277099431051,182.97460457458502,914873.0228729248,-0.009425905236317034,13,1802.1005859375,0.23361902583988825,129.10423312988496,152,371.1700134277344,0.5626033308215502,581.0291165405433,108,136.58999633789062,0.14710535328166663,-443.9877208923317,0,224.21499633789062,0.0,13.818868820195348
2026-09-09,2026-09-09T10:05:00-04:00,open_before_orders,5683.095234903005,100296.87556937567,94613.78033447266,94613.78033447266,0.9433372654667393,0.9433372654667393,182.97460457458502,914873.0228729248,-0.009258856218088418,13,1802.469970703125,0.23362751318143066,133.90623508300996,152,371.20001220703125,0.5625539333619739,585.5889309936683,108,136.65989685058594,0.14715581892333474,-436.43846552123796,0,224.21499633789062,0.0,13.818868820195348
2026-09-09,2026-09-09T10:05:00-04:00,after_fill,18799.821462539723,100294.25169935613,81494.4302368164,81494.4302368164,0.8125533503266528,0.8125533503266528,185.59847459411625,927992.372970581,-0.009284775031307091,13,1802.469970703125,0.23363362527875617,133.90623508300996,152,371.20001220703125,0.5625686507398406,585.5889309936683,12,136.65989685058594,0.016351074308055876,-439.0623355407679,0,224.21499633789062,0.0,13.818868820195348
2026-09-09,2026-09-09T10:05:00-04:00,after_fill,5062.674130789235,100291.5048192658,95228.83068847656,95228.83068847656,0.9495204091322328,0.9495204091322328,188.3453546844483,941726.7734222412,-0.009311908948560932,13,1802.469970703125,0.2336400242609518,133.90623508300996,189,371.20001220703125,0.6995288627242925,582.8420509033313,12,136.65989685058594,0.016351522146988526,-439.0623355407679,0,224.21499633789062,0.0,13.818868820195348
2026-09-09,2026-09-09T10:10:00-04:00,bar_close,5062.674130789235,100366.87096916814,95304.1968383789,95304.1968383789,0.9495583145922278,0.9495583145922278,188.3453546844483,941726.7734222412,-0.00856743565233109,13,1797.2149658203125,0.23278392890061525,65.59117160644746,189,371.9849853515625,0.7004817580996668,731.2019752197375,12,136.27000427246094,0.016292627591945785,-443.7410464782679,0,224.28500366210938,0.0,13.818868820195348
2026-09-09,2026-09-09T10:10:00-04:00,open_before_orders,5062.674130789235,100367.51168572088,95304.83755493164,95304.83755493164,0.9495586365970504,0.9495586365970504,188.3453546844483,941726.7734222412,-0.008561106599240587,13,1797.4150390625,0.23280835716022638,68.19212375488496,189,371.9800109863281,0.7004679193059847,730.2618201904406,12,136.18499755859375,0.01628236013083926,-444.76112704467414,0,224.2899932861328,0.0,13.818868820195348
2026-09-09,2026-09-09T10:10:00-04:00,after_fill,5434.579745773366,100367.43728971868,94932.85754394531,94932.85754394531,0.9458531582301337,0.9458531582301337,188.41975068664556,942098.7534332275,-0.008561841489334476,13,1797.4150390625,0.2328085297262649,68.19212375488496,188,371.9800109863281,0.6967622563039508,730.187424188247,12,136.18499755859375,0.016282372199917964,-444.76112704467414,0,224.2899932861328,0.0,13.818868820195348
2026-09-09,2026-09-09T10:15:00-04:00,bar_close,5434.579745773366,100285.93478727728,94851.3550415039,94851.3550415039,0.9458091530252872,0.9458091530252872,188.41975068664556,942098.7534332275,-0.009366930202532098,13,1801.56884765625,0.23353618899010817,122.19163547363496,188,371.25,0.69596000823093,592.9453587585595,12,136.3300018310547,0.016312955804249046,-443.0210757751429,0,224.25,0.0,13.818868820195348
2026-09-09,2026-09-09T10:15:00-04:00,open_before_orders,5434.579745773366,100269.02298307806,94834.44323730469,94834.44323730469,0.9458000129642179,0.9458000129642179,188.41975068664556,942098.7534332275,-0.009533986455686816,13,1800.864990234375,0.2334843222417544,113.04148898925996,188,371.2099914550781,0.6960023775770947,585.423752313247,12,136.30999755859375,0.016313313145368713,-443.26112704467414,0,224.2449951171875,0.0,13.818868820195348
2026-09-09,2026-09-09T10:15:00-04:00,after_fill,19838.618283663993,100266.14159909368,80427.52331542969,80427.52331542969,0.8021404038564967,0.8021404038564967,191.30113467102055,956505.6733551025,-0.009562449013948537,5,1800.864990234375,0.08980424306317644,110.16010500488483,188,371.2099914550781,0.6960223788464351,585.423752313247,12,136.30999755859375,0.016313781946885153,-443.26112704467414,0,224.2449951171875,0.0,13.818868820195348
2026-09-09,2026-09-09T10:20:00-04:00,bar_close,19838.618283663993,100274.57555905462,80435.95727539062,80435.95727539062,0.8021570455615596,0.8021570455615596,191.30113467102055,956505.6733551025,-0.009479137633699897,5,1789.0,0.08920506469490892,50.83515383300983,188,371.6099853515625,0.6967137667408982,660.6226048523095,12,135.69000244140625,0.01623821412575248,-450.70106845092414,0,223.85000610351562,0.0,13.818868820195348
2026-09-09,2026-09-09T10:20:00-04:00,open_before_orders,19838.618283663993,100274.99560299993,80436.37731933594,80436.37731933594,0.8021578743098895,0.8021578743098895,191.30113467102055,956505.6733551025,-0.009474988403562312,5,1789.0,0.08920469102201978,50.83515383300983,188,371.6099853515625,0.6967108482625919,660.6226048523095,12,135.72500610351562,0.016242335025277842,-450.28102450561164,0,223.85000610351562,0.0,13.818868820195348
2026-09-09,2026-09-09T10:20:00-04:00,after_fill,26993.187083663994,100273.56440299994,73280.37731933594,73280.37731933594,0.7308045520833562,0.7308045520833562,192.73233467102054,963661.6733551025,-0.009489125919979635,1,1789.0,0.01784119284729922,49.40395383300984,188,371.6099853515625,0.6967207923846739,660.6226048523095,12,135.72500610351562,0.016242566851383023,-450.28102450561164,0,223.85000610351562,0.0,13.818868820195348
2026-09-09,2026-09-09T10:20:00-04:00,after_fill,27128.884944766287,100273.53725799872,73144.65231323242,73144.65231323242,0.7294512023150729,0.7294512023150729,192.75947967224124,963797.398361206,-0.009489394060631207,1,1789.0,0.017841197677079985,49.40395383300984,188,371.6099853515625,0.6967209809936258,660.6226048523095,11,135.72500610351562,0.014889023644367136,-450.3081695068324,0,223.85000610351562,0.0,13.818868820195348
2026-09-09,2026-09-09T10:25:00-04:00,bar_close,27128.884944766287,100110.00652679754,72981.12158203125,72981.12158203125,0.7290092580554931,0.7290092580554931,192.75947967224124,963797.398361206,-0.01110476465671395,1,1774.030029296875,0.01772080624949316,34.43398312988484,188,370.8106994628906,0.6963580756571297,510.35685778199695,11,135.8800048828125,0.014930376148870194,-448.6031829345668,0,223.91000366210938,0.0,13.818868820195348
2026-09-09,2026-09-09T10:25:00-04:00,open_before_orders,27128.884944766287,100120.688930362,72991.8039855957,72991.8039855957,0.7290381714848613,0.7290381714848613,192.75947967224124,963797.398361206,-0.01099924295760113,1,1773.344970703125,0.01771207319534685,33.74892453613484,188,370.8699951171875,0.6963951190000981,521.5044407898095,11,135.89999389648438,0.014930979289416313,-448.3833037841762,0,223.91000366210938,0.0,13.818868820195348
2026-09-09,2026-09-09T10:25:00-04:00,after_fill,28901.875246475272,100120.33426136785,71218.45901489258,71218.45901489258,0.7113286181104245,0.7113286181104245,193.11414866638188,965570.7433319092,-0.011002746408360964,0,1773.344970703125,0.0,33.3942555419942,188,370.8699951171875,0.6963975859291012,521.5044407898095,11,135.89999389648438,0.01493103218132329,-448.3833037841762,0,223.91000366210938,0.0,13.818868820195348
2026-09-09,2026-09-09T10:25:00-04:00,after_fill,47070.870481265316,100116.6997354157,53045.82925415039,53045.82925415039,0.5298399706975732,0.5298399706975732,196.74867461853032,983743.3730926514,-0.01103864856761061,0,1773.344970703125,0.0,33.3942555419942,139,370.8699951171875,0.5149083964765692,517.8699148376618,11,135.89999389648438,0.01493157422100397,-448.3833037841762,0,223.91000366210938,0.0,13.818868820195348
2026-09-09,2026-09-09T10:30:00-04:00,bar_close,47070.870481265316,100193.19898773504,53122.32850646973,53122.32850646973,0.5301989460679122,0.5301989460679122,196.74867461853032,983743.3730926514,-0.010282982388469364,0,1784.94677734375,0.0,33.3942555419942,139,371.2699890136719,0.5150701743660037,573.4690664489899,11,137.8000030517578,0.015128771701908527,-427.48320307616837,0,224.88499450683594,0.0,13.818868820195348
2026-09-09,2026-09-09T10:30:00-04:00,open_before_orders,47070.870481265316,100193.30892731024,53122.43844604492,53122.43844604492,0.5301994615686861,0.5301994615686861,196.74867461853032,983743.3730926514,-0.01028189639591115,0,1785.0,0.0,33.3942555419942,139,371.2699890136719,0.5150696091925727,573.4690664489899,11,137.80999755859375,0.015129852376113424,-427.37326350097305,0,224.875,0.0,13.818868820195348
2026-09-09,2026-09-09T10:30:00-04:00,after_fill,73796.9634024079,100187.96263946845,26390.999237060547,26390.999237060547,0.26341487082664733,0.26341487082664733,202.0949624603272,1010474.8123016357,-0.010334707486000405,0,1785.0,0.0,33.3942555419942,67,371.2699890136719,0.24828421108262586,568.122778607194,11,137.80999755859375,0.01513065974402146,-427.37326350097305,0,224.875,0.0,13.818868820195348
2026-09-09,2026-09-09T10:30:00-04:00,after_fill,5291.696302029493,100174.26432571113,94882.56802368164,94882.56802368164,0.9471750919495268,0.9471750919495268,215.79327621765142,1078966.3810882568,-0.010470020604806507,0,1785.0,0.0,33.3942555419942,67,371.2699890136719,0.24831816266736959,568.122778607194,508,137.80999755859375,0.6988569292821571,-441.07157725829165,0,224.875,0.0,13.818868820195348
2026-09-09,2026-09-09T10:35:00-04:00,bar_close,5291.696302029493,100185.63108596504,94893.93478393555,94893.93478393555,0.947181085304649,0.947181085304649,215.79327621765142,1078966.3810882568,-0.010357738771587743,0,1791.0,0.0,33.3942555419942,67,372.8399963378906,0.24933994509855564,673.3132693298503,508,137.62530517578125,0.6978411402060933,-534.8953077270417,0,224.9199981689453,0.0,13.818868820195348
2026-09-09,2026-09-09T10:35:00-04:00,open_before_orders,5291.696302029493,100210.73176345527,94919.03546142578,94919.03546142578,0.9471943153302144,0.9471943153302144,215.79327621765142,1078966.3810882568,-0.010109792125341688,0,1791.20361328125,0.0,33.3942555419942,67,372.79998779296875,0.2492507413386408,670.6326968200847,508,137.67999267578125,0.6979435739915736,-507.11405772704165,0,224.9199981689453,0.0,13.818868820195348
2026-09-09,2026-09-09T10:35:00-04:00,after_fill,75219.14429407052,100196.74347619942,24977.599182128906,24977.599182128906,0.2492855387866178,0.2492855387866178,229.7815634735108,1148907.8173675537,-0.010247969627250275,0,1791.20361328125,0.0,33.3942555419942,67,372.79998779296875,0.2492855387866178,670.6326968200847,0,137.67999267578125,0.0,-521.1023449828936,0,224.9199981689453,0.0,13.818868820195348
2026-09-09,2026-09-09T10:40:00-04:00,bar_close,75219.14429407052,100128.61890344552,24909.474609375,24909.474609375,0.24877477470647347,0.24877477470647347,229.7815634735108,1148907.8173675537,-0.010920910002976902,0,1790.385009765625,0.0,33.3942555419942,67,371.783203125,0.24877477470647347,602.5081240661784,0,137.66000366210938,0.0,-521.1023449828936,0,224.4499969482422,0.0,13.818868820195348
2026-09-09,2026-09-09T10:40:00-04:00,open_before_orders,75219.14429407052,100123.98157434395,24904.837280273438,24904.837280273438,0.24873998105819556,0.24873998105819556,229.7815634735108,1148907.8173675537,-0.01096671793779136,0,1790.64501953125,0.0,33.3942555419942,67,371.7139892578125,0.24873998105819556,597.8707949646159,0,137.60989379882812,0.0,-521.1023449828936,0,224.4499969482422,0.0,13.818868820195348
2026-09-09,2026-09-09T10:45:00-04:00,bar_close,75219.14429407052,100127.04450159005,24907.90020751953,24907.90020751953,0.24876296240946158,0.24876296240946158,229.7815634735108,1148907.8173675537,-0.010936462079611409,0,1791.760009765625,0.0,33.3942555419942,67,371.75970458984375,0.24876296240946158,600.9337222107097,0,136.3719940185547,0.0,-521.1023449828936,0,224.4550018310547,0.0,13.818868820195348
2026-09-09,2026-09-09T10:45:00-04:00,open_before_orders,75219.14429407052,100126.72962121895,24907.585327148438,24907.585327148438,0.24876059990548216,0.24876059990548216,229.7815634735108,1148907.8173675537,-0.010939572494938377,0,1792.4200439453125,0.0,33.3942555419942,67,371.7550048828125,0.24876059990548216,600.6188418396159,0,136.32000732421875,0.0,-521.1023449828936,0,224.4600067138672,0.0,13.818868820195348
2026-09-09,2026-09-09T10:50:00-04:00,bar_close,75219.14429407052,100228.9042122834,25009.75991821289,25009.75991821289,0.24952642268983177,0.24952642268983177,229.7815634735108,1148907.8173675537,-0.009930283116361238,0,1790.6800537109375,0.0,33.3942555419942,67,373.2799987792969,0.24952642268983177,702.793432904069,0,136.44000244140625,0.0,-521.1023449828936,0,224.66000366210938,0.0,13.818868820195348
2026-09-09,2026-09-09T10:50:00-04:00,open_before_orders,75219.14429407052,100228.23355798653,25009.089263916016,25009.089263916016,0.24952140106756582,0.24952140106756582,229.7815634735108,1148907.8173675537,-0.009936907897057479,0,1790.0,0.0,33.3942555419942,67,373.2699890136719,0.24952140106756582,702.122778607194,0,136.4600067138672,0.0,-521.1023449828936,0,224.6649932861328,0.0,13.818868820195348
2026-09-09,2026-09-09T10:50:00-04:00,after_fill,100223.23174013375,100223.23174013375,0.0,0.0,0.0,0.0,234.783381326294,1173916.9066314697,-0.009986316283034813,0,1790.0,0.0,33.3942555419942,0,373.2699890136719,0.0,697.1209607544115,0,136.4600067138672,0.0,-521.1023449828936,0,224.6649932861328,0.0,13.818868820195348
2026-09-09,2026-09-09T10:55:00-04:00,bar_close,100223.23174013375,100223.23174013375,0.0,0.0,0.0,0.0,234.783381326294,1173916.9066314697,-0.009986316283034813,0,1783.2950439453125,0.0,33.3942555419942,0,373.18499755859375,0.0,697.1209607544115,0,135.5894012451172,0.0,-521.1023449828936,0,224.27000427246094,0.0,13.818868820195348
2026-09-09,2026-09-09T10:55:00-04:00,open_before_orders,100223.23174013375,100223.23174013375,0.0,0.0,0.0,0.0,234.783381326294,1173916.9066314697,-0.009986316283034813,0,1783.5400390625,0.0,33.3942555419942,0,373.239990234375,0.0,697.1209607544115,0,135.58999633789062,0.0,-521.1023449828936,0,224.27000427246094,0.0,13.818868820195348
2026-09-09,2026-09-09T11:00:00-04:00,bar_close,100223.23174013375,100223.23174013375,0.0,0.0,0.0,0.0,234.783381326294,1173916.9066314697,-0.009986316283034813,0,1790.56494140625,0.0,33.3942555419942,0,371.30999755859375,0.0,697.1209607544115,0,135.50999450683594,0.0,-521.1023449828936,0,224.46499633789062,0.0,13.818868820195348
2026-09-09,2026-09-09T11:00:00-04:00,open_before_orders,100223.23174013375,100223.23174013375,0.0,0.0,0.0,0.0,234.783381326294,1173916.9066314697,-0.009986316283034813,0,1790.594970703125,0.0,33.3942555419942,0,371.30999755859375,0.0,697.1209607544115,0,135.5399932861328,0.0,-521.1023449828936,0,224.47000122070312,0.0,13.818868820195348
2026-09-09,2026-09-09T11:00:00-04:00,after_fill,159620.94942958688,100211.34982021188,59409.599609375,-59409.599609375,0.5928430234295929,-0.5928430234295929,246.66530124816902,1233326.5062408447,-0.010103686907661835,0,1790.594970703125,0.0,33.3942555419942,-160,371.30999755859375,-0.5928430234295929,685.2390408325446,0,135.5399932861328,0.0,-521.1023449828936,0,224.47000122070312,0.0,13.818868820195348
2026-09-09,2026-09-09T11:05:00-04:00,bar_close,159620.94942958688,100412.95138271188,59207.998046875,-59207.998046875,0.5896450331512599,-0.5896450331512599,246.66530124816902,1233326.5062408447,-0.008112249372987046,0,1791.6099853515625,0.0,33.3942555419942,-160,370.04998779296875,-0.5896450331512599,886.8406033325446,0,134.99000549316406,0.0,-521.1023449828936,0,224.47999572753906,0.0,13.818868820195348
2026-09-09,2026-09-09T11:05:00-04:00,open_before_orders,159620.94942958688,100407.35079677438,59213.5986328125,-59213.5986328125,0.5897337013966387,-0.5897337013966387,246.66530124816902,1233326.5062408447,-0.008167572441488025,0,1791.6099853515625,0.0,33.3942555419942,-160,370.0849914550781,-0.5897337013966387,881.2400173950446,0,134.9199981689453,0.0,-521.1023449828936,0,224.47500610351562,0.0,13.818868820195348
2026-09-09,2026-09-09T11:05:00-04:00,after_fill,100395.50807704782,100395.50807704782,0.0,0.0,0.0,0.0,258.5080209747315,1292540.1048736572,-0.008284555843221852,0,1791.6099853515625,0.0,33.3942555419942,0,370.0849914550781,0.0,869.3972976684818,0,134.9199981689453,0.0,-521.1023449828936,0,224.47500610351562,0.0,13.818868820195348
2026-09-09,2026-09-09T11:10:00-04:00,bar_close,100395.50807704782,100395.50807704782,0.0,0.0,0.0,0.0,258.5080209747315,1292540.1048736572,-0.008284555843221852,0,1783.1263427734375,0.0,33.3942555419942,0,369.1449890136719,0.0,869.3972976684818,0,134.64999389648438,0.0,-521.1023449828936,0,224.47999572753906,0.0,13.818868820195348
2026-09-09,2026-09-09T11:10:00-04:00,open_before_orders,100395.50807704782,100395.50807704782,0.0,0.0,0.0,0.0,258.5080209747315,1292540.1048736572,-0.008284555843221852,0,1784.0,0.0,33.3942555419942,0,369.1199951171875,0.0,869.3972976684818,0,134.64999389648438,0.0,-521.1023449828936,0,224.49000549316406,0.0,13.818868820195348
2026-09-09,2026-09-09T11:10:00-04:00,after_fill,95042.43767704783,100394.43767704783,5352.0,5352.0,0.0533097263537298,0.0533097263537298,259.5784209747315,1297892.1048736572,-0.008295129346277519,3,1784.0,0.0533097263537298,32.32385554199391,0,369.1199951171875,0.0,869.3972976684818,0,134.64999389648438,0.0,-521.1023449828936,0,224.49000549316406,0.0,13.818868820195348
2026-09-09,2026-09-09T11:15:00-04:00,bar_close,95042.43767704783,100362.44255986033,5320.0048828125,5320.0048828125,0.053007925545847774,0.053007925545847774,259.5784209747315,1297892.1048736572,-0.008611179859494666,3,1773.3349609375,0.053007925545847774,0.32873835449390754,0,368.5799865722656,0.0,869.3972976684818,0,134.00999450683594,0.0,-521.1023449828936,0,224.2899932861328,0.0,13.818868820195348
2026-09-09,2026-09-09T11:15:00-04:00,open_before_orders,95042.43767704783,100362.93767704783,5320.5,5320.5,0.053012597310777544,0.053012597310777544,259.5784209747315,1297892.1048736572,-0.008606289049428395,3,1773.5,0.053012597310777544,0.8238555419939075,0,368.5408935546875,0.0,869.3972976684818,0,134.00999450683594,0.0,-521.1023449828936,0,224.3000030517578,0.0,13.818868820195348
2026-09-09,2026-09-09T11:20:00-04:00,bar_close,95042.43767704783,100424.04802861033,5381.6103515625,5381.6103515625,0.05358886100697022,0.05358886100697022,259.5784209747315,1297892.1048736572,-0.008002635752551113,3,1793.8701171875,0.05358886100697022,61.93420710449391,0,368.4179992675781,0.0,869.3972976684818,0,134.1300048828125,0.0,-521.1023449828936,0,224.4199981689453,0.0,13.818868820195348
2026-09-09,2026-09-09T11:20:00-04:00,open_before_orders,95042.43767704783,100423.14751591501,5380.7098388671875,5380.7098388671875,0.053580374365526186,0.053580374365526186,259.5784209747315,1297892.1048736572,-0.00801153109423225,3,1793.5699462890625,0.053580374365526186,61.03369440918141,0,368.4150085449219,0.0,869.3972976684818,0,134.05999755859375,0.0,-521.1023449828936,0,224.4199981689453,0.0,13.818868820195348
2026-09-09,2026-09-09T11:20:00-04:00,after_fill,100422.07137394724,100422.07137394724,0.0,0.0,0.0,0.0,260.6545629425049,1303272.8147125244,-0.008022161316938337,0,1793.5699462890625,0.0,59.95755244140855,0,368.4150085449219,0.0,869.3972976684818,0,134.05999755859375,0.0,-521.1023449828936,0,224.4199981689453,0.0,13.818868820195348
2026-09-09,2026-09-09T11:25:00-04:00,bar_close,100422.07137394724,100422.07137394724,0.0,0.0,0.0,0.0,260.6545629425049,1303272.8147125244,-0.008022161316938337,0,1773.27001953125,0.0,59.95755244140855,0,367.489990234375,0.0,869.3972976684818,0,132.9600067138672,0.0,-521.1023449828936,0,223.63499450683594,0.0,13.818868820195348
2026-09-09,2026-09-09T11:25:00-04:00,open_before_orders,100422.07137394724,100422.07137394724,0.0,0.0,0.0,0.0,260.6545629425049,1303272.8147125244,-0.008022161316938337,0,1773.6446533203125,0.0,59.95755244140855,0,367.489990234375,0.0,869.3972976684818,0,132.97999572753906,0.0,-521.1023449828936,0,223.6300048828125,0.0,13.818868820195348
2026-09-09,2026-09-09T11:30:00-04:00,bar_close,100422.07137394724,100422.07137394724,0.0,0.0,0.0,0.0,260.6545629425049,1303272.8147125244,-0.008022161316938337,0,1775.8199462890625,0.0,59.95755244140855,0,368.67999267578125,0.0,869.3972976684818,0,133.88999938964844,0.0,-521.1023449828936,0,223.59010314941406,0.0,13.818868820195348
2026-09-09,2026-09-09T11:30:00-04:00,open_before_orders,100422.07137394724,100422.07137394724,0.0,0.0,0.0,0.0,260.6545629425049,1303272.8147125244,-0.008022161316938337,0,1776.0799560546875,0.0,59.95755244140855,0,368.67498779296875,0.0,869.3972976684818,0,133.88999938964844,0.0,-521.1023449828936,0,223.60000610351562,0.0,13.818868820195348
2026-09-09,2026-09-09T11:30:00-04:00,after_fill,96869.20102985544,100421.36094196481,3552.159912109375,3552.159912109375,0.03537255299858192,0.03537255299858192,261.3649949249268,1306824.9746246338,-0.008029179025025979,2,1776.0799560546875,0.03537255299858192,59.247120458986956,0,368.67498779296875,0.0,869.3972976684818,0,133.88999938964844,0.0,-521.1023449828936,0,223.60000610351562,0.0,13.818868820195348
2026-09-09,2026-09-09T11:35:00-04:00,bar_close,96869.20102985544,100414.29746540231,3545.096435546875,3545.096435546875,0.03530469788695515,0.03530469788695515,261.3649949249268,1306824.9746246338,-0.008098952652657698,2,1772.5482177734375,0.03530469788695515,52.183643896486956,0,369.364990234375,0.0,869.3972976684818,0,134.38999938964844,0.0,-521.1023449828936,0,224.2899932861328,0.0,13.818868820195348
2026-09-09,2026-09-09T11:35:00-04:00,open_before_orders,96869.20102985544,100413.48105915231,3544.280029296875,3544.280029296875,0.035296854485195914,0.035296854485195914,261.3649949249268,1306824.9746246338,-0.008107017183654586,2,1772.1400146484375,0.035296854485195914,51.367237646486956,0,369.364990234375,0.0,869.3972976684818,0,134.4600067138672,0.0,-521.1023449828936,0,224.2949981689453,0.0,13.818868820195348
2026-09-09,2026-09-09T11:40:00-04:00,bar_close,96869.20102985544,100418.91099079294,3549.7099609375,3549.7099609375,0.035349018684966226,0.035349018684966226,261.3649949249268,1306824.9746246338,-0.008053379852942633,2,1774.85498046875,0.035349018684966226,56.797169287111956,0,371.1099853515625,0.0,869.3972976684818,0,134.7449951171875,0.0,-521.1023449828936,0,224.52130126953125,0.0,13.818868820195348
2026-09-09,2026-09-09T11:40:00-04:00,open_before_orders,96869.20102985544,100418.80112751169,3549.60009765625,3549.60009765625,0.035347963307677525,0.035347963307677525,261.3649949249268,1306824.9746246338,-0.008054465091862695,2,1774.800048828125,0.035347963307677525,56.687306005861956,0,371.12799072265625,0.0,869.3972976684818,0,134.72000122070312,0.0,-521.1023449828936,0,224.5050048828125,0.0,13.818868820195348
2026-09-09,2026-09-09T11:40:00-04:00,after_fill,98643.6461186738,100418.44616750193,1774.800048828125,1774.800048828125,0.017674044127985098,0.017674044127985098,261.71995493469245,1308599.774673462,-0.008057971417299692,1,1774.800048828125,0.017674044127985098,56.332345996096365,0,371.12799072265625,0.0,869.3972976684818,0,134.72000122070312,0.0,-521.1023449828936,0,224.5050048828125,0.0,13.818868820195348
2026-09-09,2026-09-09T11:45:00-04:00,bar_close,98643.6461186738,100411.51513722849,1767.8690185546875,1767.8690185546875,0.017606237851690715,0.017606237851690715,261.71995493469245,1308599.774673462,-0.008126436729122388,1,1767.8690185546875,0.017606237851690715,49.401315722658865,0,370.20001220703125,0.0,869.3972976684818,0,134.64999389648438,0.0,-521.1023449828936,0,224.17999267578125,0.0,13.818868820195348
2026-09-09,2026-09-09T11:45:00-04:00,open_before_orders,98643.6461186738,100411.13110402536,1767.4849853515625,1767.4849853515625,0.017602480580768062,0.017602480580768062,261.71995493469245,1308599.774673462,-0.00813023024205839,1,1767.4849853515625,0.017602480580768062,49.017282519533865,0,370.1686096191406,0.0,869.3972976684818,0,134.61500549316406,0.0,-521.1023449828936,0,224.17999267578125,0.0,13.818868820195348
2026-09-09,2026-09-09T11:50:00-04:00,bar_close,98643.6461186738,100409.59606984568,1765.949951171875,1765.949951171875,0.017587461958750106,0.017587461958750106,261.71995493469245,1308599.774673462,-0.008145393441413185,1,1765.949951171875,0.017587461958750106,47.482248339846365,0,370.2449951171875,0.0,869.3972976684818,0,134.3300018310547,0.0,-521.1023449828936,0,224.3000030517578,0.0,13.818868820195348
2026-09-09,2026-09-09T11:50:00-04:00,open_before_orders,98643.6461186738,100409.94616750193,1766.300048828125,1766.300048828125,0.017590887319883803,0.017590887319883803,261.71995493469245,1308599.774673462,-0.008141935146721457,1,1766.300048828125,0.017590887319883803,47.832345996096365,0,370.2449951171875,0.0,869.3972976684818,0,134.3699951171875,0.0,-521.1023449828936,0,224.30499267578125,0.0,13.818868820195348
2026-09-09,2026-09-09T11:50:00-04:00,after_fill,79016.73678051462,100406.02157055368,21389.284790039062,21389.284790039062,0.21302790864001278,0.21302790864001278,265.64455188293465,1328222.7594146729,-0.008180702652162752,1,1766.300048828125,0.017591574899588812,47.832345996096365,53,370.2449951171875,0.19543633374042396,865.4727007202382,0,134.3699951171875,0.0,-521.1023449828936,0,224.30499267578125,0.0,13.818868820195348
2026-09-09,2026-09-09T11:55:00-04:00,bar_close,79016.73678051462,100427.14657055368,21410.409790039062,21410.409790039062,0.21319344939266477,0.21319344939266477,265.64455188293465,1328222.7594146729,-0.007972028089335392,1,1767.550048828125,0.01760032131935918,49.082345996096365,53,370.6199951171875,0.1955931280733056,885.3477007202382,0,134.4199981689453,0.0,-521.1023449828936,0,224.42750549316406,0.0,13.818868820195348
2026-09-09,2026-09-09T11:55:00-04:00,open_before_orders,79016.73678051462,100425.80306469431,21409.066284179688,21409.066284179688,0.2131829234204676,0.2131829234204676,265.64455188293465,1328222.7594146729,-0.007985299355506292,1,1766.969970703125,0.017594780592044088,48.502267871096365,53,370.6055908203125,0.19558814282842352,884.5842729858632,0,134.4499969482422,0.0,-521.1023449828936,0,224.4199981689453,0.0,13.818868820195348
2026-09-09,2026-09-09T12:00:00-04:00,bar_close,79016.73678051462,100426.28182445993,21409.545043945312,21409.545043945312,0.21318667439433947,0.21318667439433947,265.64455188293465,1328222.7594146729,-0.007980570125457054,1,1766.4200439453125,0.017589220788169033,47.952341113283865,53,370.625,0.19559745360617045,885.6129595093007,0,134.27999877929688,0.0,-521.1023449828936,0,224.4199981689453,0.0,13.818868820195348
2026-09-09,2026-09-09T12:00:00-04:00,open_before_orders,79016.73678051462,100426.35152660837,21409.61474609375,21409.61474609375,0.2131872204918366,0.2131872204918366,265.64455188293465,1328222.7594146729,-0.007979881601653305,1,1766.7550048828125,0.017592543969046845,48.287302050783865,53,370.6199951171875,0.19559467652278975,885.3477007202382,0,134.2100067138672,0.0,-521.1023449828936,0,224.44000244140625,0.0,13.818868820195348
2026-09-09,2026-09-09T12:00:00-04:00,after_fill,77249.62842463084,100425.9981756074,23176.369750976562,23176.369750976562,0.23078057646437117,0.23078057646437117,265.9979028839112,1329989.5144195557,-0.00798337203316346,2,1766.7550048828125,0.0351852117375706,47.93395104980755,53,370.6199951171875,0.19559536472680056,885.3477007202382,0,134.2100067138672,0.0,-521.1023449828936,0,224.44000244140625,0.0,13.818868820195348
2026-09-09,2026-09-09T12:05:00-04:00,bar_close,77249.62842463084,100437.5037603242,23187.87533569336,23187.87533569336,0.23086869413866556,0.23086869413866556,265.9979028839112,1329989.5144195557,-0.007869718879987109,2,1771.31494140625,0.03527198257800533,57.05382409668255,53,370.6650085449219,0.19559671156066025,887.7334123901601,0,135.16000366210938,0.0,-521.1023449828936,0,224.14999389648438,0.0,13.818868820195348
2026-09-09,2026-09-09T12:05:00-04:00,open_before_orders,77249.62842463084,100438.12174128123,23188.49331665039,23188.49331665039,0.23087342649020937,0.23087342649020937,265.9979028839112,1329989.5144195557,-0.007863614411061981,2,1771.1500244140625,0.035268481602560665,56.72399011230755,53,370.6828918457031,0.1956049448876487,888.6812273315663,0,135.17999267578125,0.0,-521.1023449828936,0,224.14999389648438,0.0,13.818868820195348
2026-09-09,2026-09-09T12:05:00-04:00,after_fill,80791.2200134492,100437.41328127147,19646.193267822266,19646.193267822266,0.19560632463526104,0.19560632463526104,266.70636289367684,1333531.8144683838,-0.007870612639834351,0,1771.1500244140625,0.0,56.015530102542016,53,370.6828918457031,0.19560632463526104,888.6812273315663,0,135.17999267578125,0.0,-521.1023449828936,0,224.14999389648438,0.0,13.818868820195348
2026-09-09,2026-09-09T12:05:00-04:00,after_fill,81161.82876871653,100437.33914469309,19275.510375976562,19275.510375976562,0.19191578092493744,0.19191578092493744,266.78049947204596,1333902.4973602295,-0.007871344967317562,0,1771.1500244140625,0.0,56.015530102542016,52,370.6828918457031,0.19191578092493744,888.6070907531976,0,135.17999267578125,0.0,-521.1023449828936,0,224.14999389648438,0.0,13.818868820195348
2026-09-09,2026-09-09T12:05:00-04:00,after_fill,39788.47799437571,100429.06612914134,60640.588134765625,60640.588134765625,0.6038151152056729,0.6038151152056729,275.05351502380375,1375267.5751190186,-0.007953066524880814,0,1771.1500244140625,0.0,56.015530102542016,52,370.6828918457031,0.19193159031460333,888.6070907531976,306,135.17999267578125,0.4118835248910696,-529.3753605346501,0,224.14999389648438,0.0,13.818868820195348
2026-09-09,2026-09-09T12:10:00-04:00,bar_close,39788.47799437571,100220.11605589915,60431.63806152344,60431.63806152344,0.6029891047802903,0.6029891047802903,275.05351502380375,1375267.5751190186,-0.01001709327927447,0,1768.31494140625,0.0,56.015530102542016,52,369.9599914550781,0.19195666810976197,851.0162704406976,306,134.6199951171875,0.4110324366705284,-700.7346134643376,0,223.97000122070312,0.0,13.818868820195348
2026-09-09,2026-09-09T12:10:00-04:00,open_before_orders,39788.47799437571,100232.06530516673,60443.587310791016,60443.587310791016,0.6030364347653054,0.6030364347653054,275.05351502380375,1375267.5751190186,-0.00989905756959275,0,1768.4000244140625,0.0,56.015530102542016,52,369.92498779296875,0.19191562407367455,849.19608001101,306,134.6649932861328,0.4111208106916309,-686.965173767072,0,223.97000122070312,0.0,13.818868820195348
2026-09-09,2026-09-09T12:10:00-04:00,after_fill,40158.32899717112,100231.99132016917,60073.66232299805,60073.66232299805,0.5993461920865752,0.5993461920865752,275.1275000213623,1375637.5001068115,-0.009899788399747589,0,1768.4000244140625,0.0,56.015530102542016,51,369.92498779296875,0.18822507793123194,849.122095013452,306,134.6649932861328,0.41112111415534325,-686.965173767072,0,223.97000122070312,0.0,13.818868820195348
2026-09-09,2026-09-09T12:10:00-04:00,after_fill,54968.51562879344,100229.02869031687,45260.51306152344,45260.51306152344,0.45157090368866415,0.45157090368866415,278.09012987365725,1390450.6493682861,-0.00992905351166462,0,1768.4000244140625,0.0,56.015530102542016,51,369.92498779296875,0.18823064160117983,849.122095013452,196,134.6649932861328,0.26334026208748434,-689.9278036193682,0,223.97000122070312,0.0,13.818868820195348
2026-09-09,2026-09-09T12:15:00-04:00,bar_close,54968.51562879344,100249.60290906687,45281.08728027344,45281.08728027344,0.45168345775241053,0.45168345775241053,278.09012987365725,1390450.6493682861,-0.009725819613289666,0,1766.2049560546875,0.0,56.015530102542016,51,370.63580322265625,0.1885536243121206,885.3736819275146,196,134.5850067138672,0.2631298334402899,-705.6051717834307,0,223.88999938964844,0.0,13.818868820195348
2026-09-09,2026-09-09T12:15:00-04:00,open_before_orders,54968.51562879344,100241.42547986766,45272.90985107422,45272.90985107422,0.4516387275454973,0.4516387275454973,278.09012987365725,1390450.6493682861,-0.009806596960659997,0,1765.6400146484375,0.0,56.015530102542016,51,370.6099853515625,0.18855587061384876,884.0569705017333,196,134.5500030517578,0.26308285693164857,-712.4658895568682,0,223.8800048828125,0.0,13.818868820195348
2026-09-09,2026-09-09T12:20:00-04:00,bar_close,54968.51562879344,100154.06500623484,45185.549377441406,45185.549377441406,0.451160413455295,0.451160413455295,278.09012987365725,1390450.6493682861,-0.010669551215984119,0,1768.8050537109375,0.0,56.015530102542016,51,370.04998779296875,0.18843518110090232,855.497095013452,196,134.25,0.2627252323543927,-771.2664877013995,0,223.75,0.0,13.818868820195348
2026-09-09,2026-09-09T12:20:00-04:00,open_before_orders,54968.51562879344,100159.94476697703,45191.429138183594,45191.429138183594,0.45119263237736246,0.45119263237736246,278.09012987365725,1390450.6493682861,-0.010611470434805148,0,1769.0,0.0,56.015530102542016,51,370.04998779296875,0.18842411925594163,855.497095013452,196,134.27999877929688,0.2627685131214208,-765.386726959212,0,223.7449951171875,0.0,13.818868820195348
2026-09-09,2026-09-09T12:25:00-04:00,bar_close,54968.51562879344,100144.67435071727,45176.15872192383,45176.15872192383,0.45110894827729064,0.45110894827729064,278.09012987365725,1390450.6493682861,-0.01076231291703944,0,1772.241943359375,0.0,56.015530102542016,51,369.5199890136719,0.1881829419475494,828.4671572693114,196,134.33999633789062,0.2629260063297412,-753.627205474837,0,223.9405059814453,0.0,13.818868820195348
2026-09-09,2026-09-09T12:25:00-04:00,open_before_orders,54968.51562879344,100160.35470960398,45191.83908081055,45191.83908081055,0.4511948785708252,0.4511948785708252,278.09012987365725,1390450.6493682861,-0.010607420986357141,0,1772.4000244140625,0.0,56.015530102542016,51,369.5199890136719,0.18815348142821864,828.4671572693114,196,134.4199981689453,0.26304139714260655,-737.9468465881182,0,223.94500732421875,0.0,13.818868820195348
2026-09-09,2026-09-09T12:25:00-04:00,after_fill,53489.599924939066,100160.05898560802,46670.459060668945,46670.459060668945,0.46595878170733723,0.46595878170733723,278.38585386962893,1391929.2693481445,-0.01061034217336665,0,1772.4000244140625,0.0,56.015530102542016,51,369.5199890136719,0.18815403695404348,828.4671572693114,207,134.4199981689453,0.27780474475329375,-738.2425705840906,0,223.94500732421875,0.0,13.818868820195348
2026-09-09,2026-09-09T12:30:00-04:00,bar_close,53489.599924939066,100171.78469361583,46682.18476867676,46682.18476867676,0.4660212944339397,0.4660212944339397,278.38585386962893,1391929.2693481445,-0.010494514623431872,0,1771.0899658203125,0.0,56.015530102542016,51,368.7351989746094,0.18773245585294632,788.4428652771239,207,134.6699981689453,0.2782888385809934,-686.4925705840906,0,223.86000061035156,0.0,13.818868820195348
2026-09-09,2026-09-09T12:30:00-04:00,open_before_orders,53489.599924939066,100179.25979127208,46689.65986633301,46689.65986633301,0.46606113843936336,0.46606113843936336,278.38585386962893,1391929.2693481445,-0.010420674967313026,0,1771.0999755859375,0.0,56.015530102542016,51,368.760009765625,0.18773107864074454,789.7082156189208,207,134.6999969482422,0.27833005979861886,-680.2828232696374,0,223.86000061035156,0.0,13.818868820195348
2026-09-09,2026-09-09T12:35:00-04:00,bar_close,53489.599924939066,100297.4302472047,46807.830322265625,46807.830322265625,0.4666902253317718,0.4666902253317718,278.38585386962893,1391929.2693481445,-0.009253377062893975,0,1779.181640625,0.0,56.015530102542016,51,369.2099914550781,0.18773870395083,812.6572817810302,207,135.16000366210938,0.2789515213809418,-585.0614334991296,0,223.8800048828125,0.0,13.818868820195348
2026-09-09,2026-09-09T12:35:00-04:00,open_before_orders,53489.599924939066,100293.35093201915,46803.75100708008,46803.75100708008,0.4666685335781093,0.4666685335781093,278.38585386962893,1391929.2693481445,-0.009293672888360471,0,1779.72998046875,0.0,56.015530102542016,51,369.1300048828125,0.18770566616907464,808.5779665954833,207,135.16000366210938,0.27896286740903464,-585.0614334991296,0,223.88499450683594,0.0,13.818868820195348
2026-09-09,2026-09-09T12:40:00-04:00,bar_close,53489.599924939066,100200.48523988048,46710.885314941406,46710.885314941406,0.4661742426008747,0.4661742426008747,278.38585386962893,1391929.2693481445,-0.010211008164511926,0,1778.0,0.0,56.015530102542016,51,369.0950012207031,0.18786181541128746,806.7927798279052,207,134.72000122070312,0.27831242718958726,-676.1419388702234,0,224.14999389648438,0.0,13.818868820195348
2026-09-09,2026-09-09T12:40:00-04:00,open_before_orders,53489.599924939066,100198.12954224864,46708.52961730957,46708.52961730957,0.4661616921463077,0.4661616921463077,278.38585386962893,1391929.2693481445,-0.010234277947871795,0,1778.4949951171875,0.0,56.015530102542016,51,369.1300048828125,0.18788404868461733,808.5779665954833,207,134.6999969482422,0.27827764346169037,-680.2828232696374,0,224.15989685058594,0.0,13.818868820195348
2026-09-09,2026-09-09T12:40:00-04:00,after_fill,9185.140218884379,100189.27042213145,91004.13020324707,91004.13020324707,0.9083221169274488,0.9083221169274488,287.24497398681643,1436224.869934082,-0.010321789096628842,0,1778.4949951171875,0.0,56.015530102542016,171,369.1300048828125,0.6300198670876606,799.7188464782957,207,134.6999969482422,0.27830224983978824,-680.2828232696374,0,224.15989685058594,0.0,13.818868820195348
2026-09-09,2026-09-09T12:45:00-04:00,bar_close,9185.140218884379,100213.61530128184,91028.47508239746,91028.47508239746,0.9083443882223966,0.9083443882223966,287.24497398681643,1436224.869934082,-0.010081308291242097,0,1779.14501953125,0.0,56.015530102542016,171,369.3450012207031,0.6302336765205234,836.4832202575926,207,134.63999938964844,0.27811071170187324,-692.7023178985437,0,224.16000366210938,0.0,13.818868820195348
2026-09-09,2026-09-09T12:45:00-04:00,open_before_orders,9185.140218884379,100213.39118018809,91028.25096130371,91028.25096130371,0.9083441832402509,0.9083441832402509,287.24497398681643,1436224.869934082,-0.010083522178638948,0,1779.699951171875,0.0,56.015530102542016,171,369.3800048828125,0.6302948148056313,842.4688464782957,207,134.61000061035156,0.2780493684346196,-698.9120652129968,0,224.16000366210938,0.0,13.818868820195348
2026-09-09,2026-09-09T12:45:00-04:00,after_fill,14703.046441903789,100212.28737818309,85509.2409362793,85509.2409362793,0.8532810014961824,0.8532810014961824,288.3487759918213,1441743.8799591064,-0.010094425629566417,0,1779.699951171875,0.0,56.015530102542016,171,369.3800048828125,0.6303017572744495,842.4688464782957,166,134.61000061035156,0.22297924422173282,-700.0158672180005,0,224.16000366210938,0.0,13.818868820195348
2026-09-09,2026-09-09T12:50:00-04:00,bar_close,14703.046441903789,100324.2113283784,85621.16488647461,85621.16488647461,0.8534446845161016,0.8534446845161016,288.3487759918213,1441743.8799591064,-0.008988831244860052,0,1781.9300537109375,0.0,56.015530102542016,171,370.18499755859375,0.6309706674426017,980.1225940368895,166,134.4550018310547,0.2224740170735,-725.7456645812817,0,224.1199951171875,0.0,13.818868820195348
2026-09-09,2026-09-09T12:50:00-04:00,open_before_orders,14703.046441903789,100327.50448023387,85624.45803833008,85624.45803833008,0.8534494950504772,0.8534494950504772,288.3487759918213,1441743.8799591064,-0.008956301208232209,0,1781.83154296875,0.0,56.015530102542016,171,370.17999267578125,0.6309414260376611,979.266759075952,166,134.47999572753906,0.222508069012816,-721.5966777648755,0,224.1199951171875,0.0,13.818868820195348
2026-09-09,2026-09-09T12:50:00-04:00,after_fill,40240.357452633776,100322.39599633495,60082.03854370117,60082.03854370117,0.598889589378389,0.598889589378389,293.4572598907471,1467286.2994537354,-0.009006763250566707,0,1781.83154296875,0.0,56.015530102542016,102,370.17999267578125,0.3763701901050001,974.1582751770329,166,134.47999572753906,0.22251939927338887,-721.5966777648755,0,224.1199951171875,0.0,13.818868820195348
2026-09-09,2026-09-09T12:55:00-04:00,bar_close,40240.357452633776,100209.5227358369,59969.165283203125,59969.165283203125,0.5984377896029732,0.5984377896029732,293.4572598907471,1467286.2994537354,-0.010121735003907895,0,1779.5999755859375,0.0,56.015530102542016,102,369.0815124511719,0.3756760160335188,862.1132922668767,166,134.47500610351562,0.22276177356945442,-722.4249553527661,0,224.10499572753906,0.0,13.818868820195348
2026-09-09,2026-09-09T12:55:00-04:00,open_before_orders,40240.357452633776,100217.60559106151,59977.248138427734,59977.248138427734,0.5984701768186842,0.5984701768186842,293.4572598907471,1467286.2994537354,-0.010041891866374497,0,1779.60498046875,0.0,56.015530102542016,102,369.05499267578125,0.3756187251822264,859.4082751770329,166,134.5399932861328,0.2228514516364578,-711.637083038313,0,224.11000061035156,0.0,13.818868820195348
2026-09-09,2026-09-09T12:55:00-04:00,after_fill,77876.43798371288,100210.07686921093,22333.638885498047,22333.638885498047,0.22286819432986538,0.22286819432986538,300.98598174133303,1504929.908706665,-0.010116261226886691,0,1779.60498046875,0.0,56.015530102542016,0,369.05499267578125,0.0,851.8795533264492,166,134.5399932861328,0.22286819432986538,-711.637083038313,0,224.11000061035156,0.0,13.818868820195348
2026-09-09,2026-09-09T13:00:00-04:00,bar_close,77876.43798371288,100234.14757843944,22357.709594726562,22357.709594726562,0.22305481849117603,0.22305481849117603,300.98598174133303,1504929.908706665,-0.009878488695515997,0,1777.8399658203125,0.0,56.015530102542016,0,368.8039855957031,0.0,851.8795533264492,166,134.68499755859375,0.22305481849117603,-687.5663738097974,0,224.05999755859375,0.0,13.818868820195348
2026-09-09,2026-09-09T13:00:00-04:00,open_before_orders,77876.43798371288,100221.69808503124,22345.26010131836,22345.26010131836,0.22295830671677444,0.22295830671677444,300.98598174133303,1504929.908706665,-0.010001465859747039,0,1778.679931640625,0.0,56.015530102542016,0,368.80999755859375,0.0,851.8795533264492,166,134.61000061035156,0.22295830671677444,-700.0158672180005,0,224.0500030517578,0.0,13.818868820195348
2026-09-09,2026-09-09T13:05:00-04:00,bar_close,77876.43798371288,100190.98849030468,22314.550506591797,22314.550506591797,0.2227201352420147,0.2227201352420147,300.98598174133303,1504929.908706665,-0.010304817871778837,0,1774.625,0.0,56.015530102542016,0,368.43499755859375,0.0,851.8795533264492,166,134.4250030517578,0.2227201352420147,-730.725461944563,0,224.07659912109375,0.0,13.818868820195348
2026-09-09,2026-09-09T13:05:00-04:00,open_before_orders,77876.43798371288,100186.83697052929,22310.398986816406,22310.398986816406,0.22268792649257085,0.22268792649257085,300.98598174133303,1504929.908706665,-0.010345826940379887,0,1775.0,0.0,56.015530102542016,0,368.44500732421875,0.0,851.8795533264492,166,134.39999389648438,0.22268792649257085,-734.8769817199536,0,224.07989501953125,0.0,13.818868820195348
2026-09-09,2026-09-09T13:10:00-04:00,bar_close,77876.43798371288,100196.79909821483,22320.361114501953,22320.361114501953,0.22276521121820572,0.22276521121820572,300.98598174133303,1504929.908706665,-0.0102474201882089,0,1773.949951171875,0.0,56.015530102542016,0,368.4849853515625,0.0,851.8795533264492,166,134.4600067138672,0.22276521121820572,-724.9148540344067,0,224.09410095214844,0.0,13.818868820195348
2026-09-09,2026-09-09T13:10:00-04:00,open_before_orders,77876.43798371288,100198.4581863496,22322.02020263672,22322.02020263672,0.22277808068784963,0.22277808068784963,300.98598174133303,1504929.908706665,-0.010231031573240235,0,1774.0,0.0,56.015530102542016,0,368.45001220703125,0.0,851.8795533264492,166,134.47000122070312,0.22277808068784963,-723.2557658996411,0,224.08999633789062,0.0,13.818868820195348
2026-09-09,2026-09-09T13:15:00-04:00,bar_close,77876.43798371288,100276.47838898632,22400.040405273438,22400.040405273438,0.22338279888909326,0.22338279888909326,300.98598174133303,1504929.908706665,-0.009460341316344545,0,1776.3800048828125,0.0,56.015530102542016,0,368.5299987792969,0.0,851.8795533264492,166,134.94000244140625,0.22338279888909326,-645.2355632629224,0,224.41050720214844,0.0,13.818868820195348
2026-09-09,2026-09-09T13:15:00-04:00,open_before_orders,77876.43798371288,100286.42025299999,22409.98226928711,22409.98226928711,0.22345978860100685,0.22345978860100685,300.98598174133303,1504929.908706665,-0.009362134730463212,0,1775.9100341796875,0.0,56.015530102542016,0,368.5299987792969,0.0,851.8795533264492,166,134.99989318847656,0.22345978860100685,-635.2936992492505,0,224.4149932861328,0.0,13.818868820195348
2026-09-09,2026-09-09T13:20:00-04:00,bar_close,77876.43798371288,100288.09707184765,22411.659088134766,22411.659088134766,0.22347277236777932,0.22347277236777932,300.98598174133303,1504929.908706665,-0.009345570969991002,0,1776.52001953125,0.0,56.015530102542016,0,368.260986328125,0.0,851.8795533264492,166,135.00999450683594,0.22347277236777932,-633.6168804015942,0,224.22999572753906,0.0,13.818868820195348
2026-09-09,2026-09-09T13:20:00-04:00,open_before_orders,77876.43798371288,100283.13500519725,22406.697021484375,22406.697021484375,0.22343434935817602,0.22343434935817602,300.98598174133303,1504929.908706665,-0.009394586690179896,0,1776.5799560546875,0.0,56.015530102542016,0,368.3500061035156,0.0,851.8795533264492,166,134.9801025390625,0.22343434935817602,-638.5789470519849,0,224.23500061035156,0.0,13.818868820195348
2026-09-09,2026-09-09T13:25:00-04:00,bar_close,77876.43798371288,100355.32686921093,22478.888885498047,22478.888885498047,0.223992981606187,0.223992981606187,300.98598174133303,1504929.908706665,-0.008681469262357577,0,1775.9599609375,0.0,56.015530102542016,0,368.07000732421875,0.0,851.8795533264492,166,135.4149932861328,0.223992981606187,-566.387083038313,0,224.30999755859375,0.0,13.818868820195348
2026-09-09,2026-09-09T13:25:00-04:00,open_before_orders,77876.43798371288,100353.66778107616,22477.22979736328,22477.22979736328,0.22398015233880517,0.22398015233880517,300.98598174133303,1504929.908706665,-0.008697857877326243,0,1776.22998046875,0.0,56.015530102542016,0,368.05499267578125,0.0,851.8795533264492,166,135.40499877929688,0.22398015233880517,-568.0461711730786,0,224.31500244140625,0.0,13.818868820195348
2026-09-09,2026-09-09T13:30:00-04:00,bar_close,77876.43798371288,100377.73849030468,22501.300506591797,22501.300506591797,0.2241662428842742,0.2241662428842742,300.98598174133303,1504929.908706665,-0.008460085345955548,0,1775.4549560546875,0.0,56.015530102542016,0,368.1650085449219,0.0,851.8795533264492,166,135.5500030517578,0.2241662428842742,-543.975461944563,0,224.27000427246094,0.0,13.818868820195348
2026-09-09,2026-09-09T13:30:00-04:00,open_before_orders,77876.43798371288,100384.37737580272,22507.939392089844,22507.939392089844,0.22421755237698268,0.22421755237698268,300.98598174133303,1504929.908706665,-0.008394505865294444,0,1775.4549560546875,0.0,56.015530102542016,0,368.1300048828125,0.0,851.8795533264492,166,135.58999633789062,0.22421755237698268,-537.3365764465161,0,224.27000427246094,0.0,13.818868820195348
2026-09-09,2026-09-09T13:30:00-04:00,after_fill,93601.73187099316,100381.23168788769,6779.499816894531,6779.499816894531,0.06753752372728225,0.06753752372728225,304.1316696563721,1520658.3482818604,-0.008425579240464276,0,1775.4549560546875,0.0,56.015530102542016,0,368.1300048828125,0.0,851.8795533264492,50,135.58999633789062,0.06753752372728225,-540.4822643615553,0,224.27000427246094,0.0,13.818868820195348
2026-09-09,2026-09-09T13:30:00-04:00,after_fill,75559.7539576875,100377.62401383984,24817.870056152344,24817.870056152344,0.24724504390271793,0.24724504390271793,307.73934370422364,1538696.7185211182,-0.008461216154298956,0,1775.4549560546875,0.0,56.015530102542016,49,368.1300048828125,0.17970509280804178,848.2718792785963,50,135.58999633789062,0.06753995109467613,-540.4822643615553,0,224.27000427246094,0.0,13.818868820195348
2026-09-09,2026-09-09T13:35:00-04:00,bar_close,75559.7539576875,100406.65431779492,24846.900360107422,24846.900360107422,0.24746268590391468,0.24746268590391468,307.73934370422364,1538696.7185211182,-0.008174452320614978,0,1773.0,0.0,56.015530102542016,49,369.1000061035156,0.18012651075723501,895.8019390930494,50,135.22000122070312,0.06733617514667964,-558.9820202209303,0,224.25,0.0,13.818868820195348
2026-09-09,2026-09-09T13:35:00-04:00,open_before_orders,75559.7539576875,100404.39940446484,24844.645446777344,24844.645446777344,0.24744578518610746,0.24744578518610746,307.73934370422364,1538696.7185211182,-0.008196726547993416,0,1772.8800048828125,0.0,56.015530102542016,49,369.1050109863281,0.18013299860967857,896.0471783508619,50,135.1699981689453,0.06731278657642889,-561.4821728088209,0,224.25,0.0,13.818868820195348
2026-09-09,2026-09-09T13:40:00-04:00,bar_close,75559.7539576875,100375.48253434766,24815.728576660156,24815.728576660156,0.24722898411141805,0.24722898411141805,307.73934370422364,1538696.7185211182,-0.008482369872492401,0,1770.2900390625,0.0,56.015530102542016,49,368.8669128417969,0.18006866092088883,884.3803692688307,50,134.8249969482422,0.06716032319052923,-578.7322338439772,0,224.26499938964844,0.0,13.818868820195348
2026-09-09,2026-09-09T13:40:00-04:00,open_before_orders,75559.7539576875,100375.13884538281,24815.384887695312,24815.384887695312,0.24722640658979078,0.24722640658979078,307.73934370422364,1538696.7185211182,-0.00848576486158048,0,1770.5,0.0,56.015530102542016,49,368.864990234375,0.1800683389272919,884.2861615051588,50,134.82000732421875,0.06715806766249886,-578.981715045149,0,224.26499938964844,0.0,13.818868820195348
2026-09-09,2026-09-09T13:45:00-04:00,bar_close,75559.7539576875,100373.14342301953,24813.38946533203,24813.38946533203,0.2472114414187146,0.2472114414187146,307.73934370422364,1538696.7185211182,-0.008505475814920782,0,1772.13134765625,0.0,56.015530102542016,49,368.8599853515625,0.18006947541787804,884.0409222473463,50,134.78500366210938,0.06714196600083655,-580.7318981506178,0,224.33999633789062,0.0,13.818868820195348
2026-09-09,2026-09-09T13:45:00-04:00,open_before_orders,75559.7539576875,100373.89339250195,24814.139434814453,24814.139434814453,0.24721706607296054,0.24721706607296054,307.73934370422364,1538696.7185211182,-0.00849806755201532,0,1772.199951171875,0.0,56.015530102542016,49,368.8599853515625,0.18006812998226013,884.0409222473463,50,134.8000030517578,0.06714893609070043,-579.9819286681959,0,224.3300018310547,0.0,13.818868820195348
2026-09-09,2026-09-09T13:50:00-04:00,bar_close,75559.7539576875,100369.5843104707,24809.830352783203,24809.830352783203,0.24718474748325728,0.24718474748325728,307.73934370422364,1538696.7185211182,-0.008540633034100908,0,1776.8399658203125,0.0,56.015530102542016,49,368.6700134277344,0.17998311721686022,874.7322979797682,50,134.89999389648438,0.06720163026639706,-574.9823864318678,0,224.17999267578125,0.0,13.818868820195348
2026-09-09,2026-09-09T13:50:00-04:00,open_before_orders,75559.7539576875,100367.23402970898,24807.480072021484,24807.480072021484,0.24716711894918217,0.24716711894918217,307.73934370422364,1538696.7185211182,-0.008563849309152882,0,1776.5,0.0,56.015530102542016,49,368.6300048828125,0.1799677993906971,872.7718792785963,50,134.89219665527344,0.06719931955848507,-575.3722484924147,0,224.1999969482422,0.0,13.818868820195348
2026-09-09,2026-09-09T13:55:00-04:00,bar_close,75559.7539576875,100386.38338273633,24826.629425048828,24826.629425048828,0.24731072669879967,0.24731072669879967,307.73934370422364,1538696.7185211182,-0.008374690356660164,0,1778.2650146484375,0.0,56.015530102542016,49,368.8699951171875,0.18005061196228453,884.5314007629713,50,135.0399932861328,0.06726011473651512,-567.9824169494459,0,224.3612060546875,0.0,13.818868820195348
2026-09-09,2026-09-09T13:55:00-04:00,open_before_orders,75559.7539576875,100385.8589991914,24826.105041503906,24826.105041503906,0.247306794891339,0.247306794891339,307.73934370422364,1538696.7185211182,-0.008379870262316569,0,1778.2650146484375,0.0,56.015530102542016,49,368.8999938964844,0.180066195389864,886.0013409485182,50,135.00010681152344,0.06724059950147503,-569.9767406799147,0,224.36000061035156,0.0,13.818868820195348
2026-09-09,2026-09-09T14:00:00-04:00,bar_close,75559.7539576875,100395.78374284375,24836.02978515625,24836.02978515625,0.2473812032661837,0.2473812032661837,307.73934370422364,1538696.7185211182,-0.008281832792833677,0,1770.574951171875,0.0,56.015530102542016,49,368.94000244140625,0.18006792163637567,887.9617596496901,50,135.15939331054688,0.06731328162980803,-562.0124157287428,0,224.23500061035156,0.0,13.818868820195348
2026-09-09,2026-09-09T14:00:00-04:00,open_before_orders,75559.7539576875,100396.29323381055,24836.539276123047,24836.539276123047,0.24738502265498807,0.24738502265498807,307.73934370422364,1538696.7185211182,-0.008276799997341988,0,1770.699951171875,0.0,56.015530102542016,49,368.9599914550781,0.1800767637824534,888.9412213196119,50,135.14999389648438,0.06730825887253465,-562.4823864318678,0,224.23500061035156,0.0,13.818868820195348
2026-09-09,2026-09-09T14:05:00-04:00,bar_close,75559.7539576875,100378.98845475781,24819.234497070312,24819.234497070312,0.24725527602080472,0.24725527602080472,307.73934370422364,1538696.7185211182,-0.008447738089822687,0,1769.429931640625,0.0,56.015530102542016,49,368.7598876953125,0.1800101273705738,879.1361370910963,50,135.0,0.0672451486502309,-569.9820812560865,0,224.35000610351562,0.0,13.818868820195348
2026-09-09,2026-09-09T14:05:00-04:00,open_before_orders,75559.7539576875,100377.02477067578,24817.27081298828,24817.27081298828,0.2472405500131781,0.2472405500131781,307.73934370422364,1538696.7185211182,-0.008467135529697134,0,1769.1800537109375,0.0,56.015530102542016,49,368.7300109863281,0.17999906432381538,877.6721783508619,50,134.99000549316406,0.06724148568936272,-570.4818065978834,0,224.36500549316406,0.0,13.818868820195348
2026-09-09,2026-09-09T14:10:00-04:00,bar_close,75559.7539576875,100328.82372087109,24769.069763183594,24769.069763183594,0.24687890124272394,0.24687890124272394,307.73934370422364,1538696.7185211182,-0.008943269636007889,0,1769.425048828125,0.0,56.015530102542016,49,368.17999267578125,0.17981691573804734,850.7212811340651,50,134.56500244140625,0.06706198550467661,-591.731959185774,0,224.11500549316406,0.0,13.818868820195348
2026-09-09,2026-09-09T14:10:00-04:00,open_before_orders,75559.7539576875,100329.40889543164,24769.65493774414,24769.65493774414,0.24688329384617747,0.24688329384617747,307.73934370422364,1538696.7185211182,-0.00893748923148252,0,1769.4300537109375,0.0,56.015530102542016,49,368.17999267578125,0.17981586695000198,850.7212811340651,50,134.5767059326172,0.06706742689617548,-591.1467846252272,0,224.11500549316406,0.0,13.818868820195348
2026-09-09,2026-09-09T14:15:00-04:00,bar_close,75559.7539576875,100313.60353654492,24753.849578857422,24753.849578857422,0.2467646331720047,0.2467646331720047,307.73934370422364,1538696.7185211182,-0.009093615922891485,0,1773.135009765625,0.0,56.015530102542016,49,368.30999755859375,0.17990770188807326,857.0915203918776,50,134.13319396972656,0.06685693128393147,-613.3223827697584,0,224.11500549316406,0.0,13.818868820195348
2026-09-09,2026-09-09T14:15:00-04:00,open_before_orders,75559.7539576875,100316.16371720898,24756.409759521484,24756.409759521484,0.24678385658077737,0.24678385658077737,307.73934370422364,1538696.7185211182,-0.009068326238591773,0,1772.739990234375,0.0,56.015530102542016,49,368.3399963378906,0.17991776351651334,858.5614605774244,50,134.15499877929688,0.06686609306426404,-612.2321422912428,0,224.1199951171875,0.0,13.818868820195348
2026-09-09,2026-09-09T14:20:00-04:00,bar_close,75559.7539576875,100337.93407243359,24778.180114746094,24778.180114746094,0.24694728214016062,0.24694728214016062,307.73934370422364,1538696.7185211182,-0.008853276801474963,0,1773.010009765625,0.0,56.015530102542016,49,368.82000732421875,0.18011313992014702,882.0819989075026,50,134.1199951171875,0.0668341422200136,-613.9823253967115,0,223.93499755859375,0.0,13.818868820195348
2026-09-09,2026-09-09T14:20:00-04:00,open_before_orders,75559.7539576875,100338.94353288281,24779.189575195312,24779.189575195312,0.2469548582308398,0.2469548582308398,307.73934370422364,1538696.7185211182,-0.008843305264531476,0,1772.904052734375,0.0,56.015530102542016,49,368.80999755859375,0.18010643967412998,881.5915203918776,50,134.14999389648438,0.06684841855670978,-612.4823864318678,0,223.9362030029297,0.0,13.818868820195348
2026-09-09,2026-09-09T14:25:00-04:00,bar_close,75559.7539576875,100371.56148332226,24811.807525634766,24811.807525634766,0.24719957684186766,0.24719957684186766,307.73934370422364,1538696.7185211182,-0.008521102351003451,0,1771.0799560546875,0.0,56.015530102542016,49,369.35321044921875,0.18031309909449733,908.2089520325026,50,134.27000427246094,0.06688647774737032,-606.4818676330397,0,224.1649932861328,0.0,13.818868820195348
2026-09-09,2026-09-09T14:25:00-04:00,open_before_orders,75559.7539576875,100368.14934342969,24808.395385742188,24808.395385742188,0.24717398445651623,0.24717398445651623,307.73934370422364,1538696.7185211182,-0.008554807761672834,0,1771.259033203125,0.0,56.015530102542016,49,369.3550109863281,0.18032010808929833,908.2971783508619,50,134.1999969482422,0.06685387636721789,-609.9822338439772,0,224.1649932861328,0.0,13.818868820195348
2026-09-09,2026-09-09T14:30:00-04:00,bar_close,75559.7539576875,100401.16350358594,24841.409545898438,24841.409545898438,0.24742153057829055,0.24742153057829055,307.73934370422364,1538696.7185211182,-0.00822869105456181,0,1767.9000244140625,0.0,56.015530102542016,49,369.8399963378906,0.1804975080782743,932.0614605774244,50,134.38499450683594,0.06692402250001626,-600.7323559142897,0,224.19500732421875,0.0,13.818868820195348
2026-09-09,2026-09-09T14:30:00-04:00,open_before_orders,75559.7539576875,100398.14443009961,24838.39047241211,24838.39047241211,0.24739889978450139,0.24739889978450139,307.73934370422364,1538696.7185211182,-0.008258513721539518,0,1767.4300537109375,0.0,56.015530102542016,49,369.8446960449219,0.18050522954454162,932.2917462219557,50,134.32000732421875,0.06689367023995978,-603.981715045149,0,224.19500732421875,0.0,13.818868820195348
2026-09-09,2026-09-09T14:30:00-04:00,after_fill,85543.56358954175,100396.14726874097,14852.583679199219,14852.583679199219,0.1479397774044231,0.1479397774044231,309.73650506286623,1548682.525314331,-0.008278241852825219,0,1767.4300537109375,0.0,56.015530102542016,22,369.8446960449219,0.08104477646147346,930.2945848633135,50,134.32000732421875,0.06689500094294963,-603.981715045149,0,224.19500732421875,0.0,13.818868820195348
2026-09-09,2026-09-09T14:30:00-04:00,after_fill,92258.22075567945,100394.80406866773,8136.583312988281,8136.583312988281,0.08104586077406004,0.08104586077406004,311.07970513610843,1555398.525680542,-0.008291510098414445,0,1767.4300537109375,0.0,56.015530102542016,22,369.8446960449219,0.08104586077406004,930.2945848633135,0,134.32000732421875,0.0,-605.3249151183909,0,224.19500732421875,0.0,13.818868820195348
2026-09-09,2026-09-09T14:35:00-04:00,bar_close,92258.22075567945,100390.1909705232,8131.97021484375,8131.97021484375,0.08100363328556151,0.08100363328556151,311.07970513610843,1555398.525680542,-0.008337078677756016,0,1768.18994140625,0.0,56.015530102542016,22,369.635009765625,0.08100363328556151,925.6814867187823,0,133.91000366210938,0.0,-605.3249151183909,0,224.11500549316406,0.0,13.818868820195348
2026-09-09,2026-09-09T14:35:00-04:00,open_before_orders,92258.22075567945,100390.1909705232,8131.97021484375,8131.97021484375,0.08100363328556151,0.08100363328556151,311.07970513610843,1555398.525680542,-0.008337078677756016,0,1768.18994140625,0.0,56.015530102542016,22,369.635009765625,0.08100363328556151,925.6814867187823,0,133.91000366210938,0.0,-605.3249151183909,0,224.11500549316406,0.0,13.818868820195348
2026-09-09,2026-09-09T14:40:00-04:00,bar_close,92258.22075567945,100384.03099737866,8125.810241699219,8125.810241699219,0.08094723992416093,0.08094723992416093,311.07970513610843,1555398.525680542,-0.008397927421091578,0,1769.56005859375,0.0,56.015530102542016,22,369.3550109863281,0.08094723992416093,919.521513574251,0,133.7100067138672,0.0,-605.3249151183909,0,224.16000366210938,0.0,13.818868820195348
2026-09-09,2026-09-09T14:40:00-04:00,open_before_orders,92258.22075567945,100384.03099737866,8125.810241699219,8125.810241699219,0.08094723992416093,0.08094723992416093,311.07970513610843,1555398.525680542,-0.008397927421091578,0,1769.1500244140625,0.0,56.015530102542016,22,369.3550109863281,0.08094723992416093,919.521513574251,0,133.7100067138672,0.0,-605.3249151183909,0,224.1649932861328,0.0,13.818868820195348
2026-09-09,2026-09-09T14:45:00-04:00,bar_close,92258.22075567945,100373.36064825757,8115.139892578125,8115.139892578125,0.08084953856448364,0.08084953856448364,311.07970513610843,1555398.525680542,-0.008503330045378399,0,1769.5799560546875,0.0,56.015530102542016,22,368.8699951171875,0.08084953856448364,908.8511644531573,0,133.77999877929688,0.0,-605.3249151183909,0,224.15699768066406,0.0,13.818868820195348
2026-09-09,2026-09-09T14:45:00-04:00,open_before_orders,92258.22075567945,100373.36064825757,8115.139892578125,8115.139892578125,0.08084953856448364,0.08084953856448364,311.07970513610843,1555398.525680542,-0.008503330045378399,0,1770.0,0.0,56.015530102542016,22,368.8699951171875,0.08084953856448364,908.8511644531573,0,133.8000030517578,0.0,-605.3249151183909,0,224.14999389648438,0.0,13.818868820195348
2026-09-09,2026-09-09T14:50:00-04:00,bar_close,92258.22075567945,100361.26091681226,8103.0401611328125,8103.0401611328125,0.08073872415621886,0.08073872415621886,311.07970513610843,1555398.525680542,-0.008622852230925404,0,1767.9200439453125,0.0,56.015530102542016,22,368.32000732421875,0.08073872415621886,896.7514330078448,0,133.52499389648438,0.0,-605.3249151183909,0,223.8997039794922,0.0,13.818868820195348
2026-09-09,2026-09-09T14:50:00-04:00,open_before_orders,92258.22075567945,100361.59056769116,8103.369812011719,8103.369812011719,0.08074174359110238,0.08074174359110238,311.07970513610843,1555398.525680542,-0.008619595911254718,0,1767.9200439453125,0.0,56.015530102542016,22,368.3349914550781,0.08074174359110238,897.081083886751,0,133.52499389648438,0.0,-605.3249151183909,0,223.88999938964844,0.0,13.818868820195348
2026-09-09,2026-09-09T14:55:00-04:00,bar_close,92258.22075567945,100362.99443732007,8104.773681640625,8104.773681640625,0.08075460210289279,0.08075460210289279,311.07970513610843,1555398.525680542,-0.00860572836658835,0,1766.75,0.0,56.015530102542016,22,368.3988037109375,0.08075460210289279,898.4849535156573,0,133.3000030517578,0.0,-605.3249151183909,0,223.77000427246094,0.0,13.818868820195348
2026-09-09,2026-09-09T14:55:00-04:00,open_before_orders,92258.22075567945,100362.36064825757,8104.139892578125,8104.139892578125,0.08074879706128978,0.08074879706128978,311.07970513610843,1555398.525680542,-0.008611988989335906,0,1766.4749755859375,0.0,56.015530102542016,22,368.3699951171875,0.08074879706128978,897.8511644531573,0,133.3000030517578,0.0,-605.3249151183909,0,223.76499938964844,0.0,13.818868820195348
2026-09-09,2026-09-09T15:00:00-04:00,bar_close,92258.22075567945,100377.32048712476,8119.0997314453125,8119.0997314453125,0.08088579862506627,0.08088579862506627,311.07970513610843,1555398.525680542,-0.008464214417237437,0,1759.2900390625,0.0,56.015530102542016,22,369.04998779296875,0.08088579862506627,912.8110033203448,0,133.35499572753906,0.0,-605.3249151183909,0,223.6699981689453,0.0,13.818868820195348
2026-09-09,2026-09-09T15:00:00-04:00,open_before_orders,92258.22075567945,100376.57256232007,8118.351806640625,8118.351806640625,0.08087895013151841,0.08087895013151841,311.07970513610843,1555398.525680542,-0.008471602482640783,0,1759.5350341796875,0.0,56.015530102542016,22,369.0159912109375,0.08087895013151841,912.0630785156573,0,133.35499572753906,0.0,-605.3249151183909,0,223.6750030517578,0.0,13.818868820195348
2026-09-09,2026-09-09T15:05:00-04:00,bar_close,92258.22075567945,100375.56078253491,8117.340026855469,8117.340026855469,0.08086968544506368,0.08086968544506368,311.07970513610843,1555398.525680542,-0.008481596930183799,0,1747.510009765625,0.0,56.015530102542016,22,368.9700012207031,0.08086968544506368,911.051298730501,0,133.19000244140625,0.0,-605.3249151183909,0,223.5885009765625,0.0,13.818868820195348
2026-09-09,2026-09-09T15:05:00-04:00,open_before_orders,92258.22075567945,100374.4610510896,8116.240295410156,8116.240295410156,0.08085961518915724,0.08085961518915724,311.07970513610843,1555398.525680542,-0.008492460171773297,0,1748.199951171875,0.0,56.015530102542016,22,368.9200134277344,0.08085961518915724,909.9515672851885,0,133.19500732421875,0.0,-605.3249151183909,0,223.5800018310547,0.0,13.818868820195348
2026-09-09,2026-09-09T15:10:00-04:00,bar_close,92258.22075567945,100374.79070196851,8116.5699462890625,8116.5699462890625,0.08086263382992921,0.08086263382992921,311.07970513610843,1555398.525680542,-0.008489203852102722,0,1748.780029296875,0.0,56.015530102542016,22,368.93499755859375,0.08086263382992921,910.2812181640948,0,133.25999450683594,0.0,-605.3249151183909,0,223.97000122070312,0.0,13.818868820195348
2026-09-09,2026-09-09T15:10:00-04:00,open_before_orders,92258.22075567945,100374.79070196851,8116.5699462890625,8116.5699462890625,0.08086263382992921,0.08086263382992921,311.07970513610843,1555398.525680542,-0.008489203852102722,0,1748.780029296875,0.0,56.015530102542016,22,368.93499755859375,0.08086263382992921,910.2812181640948,0,133.27999877929688,0.0,-605.3249151183909,0,223.97000122070312,0.0,13.818868820195348
2026-09-09,2026-09-09T15:15:00-04:00,bar_close,92258.22075567945,100387.22075567945,8129.0,8129.0,0.08097644240778624,0.08097644240778624,311.07970513610843,1555398.525680542,-0.008366418714869539,0,1748.030029296875,0.0,56.015530102542016,22,369.5,0.08097644240778624,922.7112718750323,0,133.80499267578125,0.0,-605.3249151183909,0,223.62010192871094,0.0,13.818868820195348
2026-09-09,2026-09-09T15:15:00-04:00,open_before_orders,92258.22075567945,100387.0005408357,8128.77978515625,8128.77978515625,0.08097442638351968,0.08097442638351968,311.07970513610843,1555398.525680542,-0.008368594015993658,0,1748.0,0.0,56.015530102542016,22,369.489990234375,0.08097442638351968,922.4910570312823,0,133.76010131835938,0.0,-605.3249151183909,0,223.625,0.0,13.818868820195348
2026-09-09,2026-09-09T15:20:00-04:00,bar_close,92258.22075567945,100384.0464392732,8125.82568359375,8125.82568359375,0.08094738130036853,0.08094738130036853,311.07970513610843,1555398.525680542,-0.008397774884732256,0,1756.949951171875,0.0,56.015530102542016,22,369.355712890625,0.08094738130036853,919.5369554687823,0,133.79620361328125,0.0,-605.3249151183909,0,224.22500610351562,0.0,13.818868820195348
2026-09-09,2026-09-09T15:20:00-04:00,open_before_orders,92258.22075567945,100383.92088995679,8125.700134277344,8125.700134277344,0.080946231849072,0.080946231849072,311.07970513610843,1555398.525680542,-0.008399015071653637,0,1756.8699951171875,0.0,56.015530102542016,22,369.3500061035156,0.080946231849072,919.411406152376,0,133.75050354003906,0.0,-605.3249151183909,0,224.22500610351562,0.0,13.818868820195348
2026-09-09,2026-09-09T15:25:00-04:00,bar_close,92258.22075567945,100379.74083624585,8121.520080566406,8121.520080566406,0.08090796024085598,0.08090796024085598,311.07970513610843,1555398.525680542,-0.008440306000918718,0,1753.4200439453125,0.0,56.015530102542016,22,369.1600036621094,0.08090796024085598,915.2313524414385,0,134.52999877929688,0.0,-605.3249151183909,0,224.22900390625,0.0,13.818868820195348
2026-09-09,2026-09-09T15:25:00-04:00,open_before_orders,92258.22075567945,100378.86064825757,8120.639892578125,8120.639892578125,0.08089990103627548,0.08089990103627548,311.07970513610843,1555398.525680542,-0.008449000573399701,0,1753.0699462890625,0.0,56.015530102542016,22,369.1199951171875,0.08089990103627548,914.3511644531573,0,134.53460693359375,0.0,-605.3249151183909,0,224.22500610351562,0.0,13.818868820195348
2026-09-09,2026-09-09T15:30:00-04:00,bar_close,92258.22075567945,100374.4610510896,8116.240295410156,8116.240295410156,0.08085961518915724,0.08085961518915724,311.07970513610843,1555398.525680542,-0.008492460171773297,0,1751.5,0.0,56.015530102542016,22,368.9200134277344,0.08085961518915724,909.9515672851885,0,134.39999389648438,0.0,-605.3249151183909,0,224.13499450683594,0.0,13.818868820195348
2026-09-09,2026-09-09T15:30:00-04:00,open_before_orders,92258.22075567945,100374.26299200757,8116.042236328125,8116.042236328125,0.08085780153598114,0.08085780153598114,311.07970513610843,1555398.525680542,-0.008494416616381839,0,1751.5,0.0,56.015530102542016,22,368.9110107421875,0.08085780153598114,909.7535082031573,0,134.360107421875,0.0,-605.3249151183909,0,224.13999938964844,0.0,13.818868820195348
2026-09-09,2026-09-09T15:30:00-04:00,after_fill,87461.41844740308,100373.30382337964,12911.885375976562,12911.885375976562,0.12863864079533305,0.12863864079533305,312.0388737640381,1560194.3688201904,-0.008503891366398952,0,1751.5,0.0,56.015530102542016,35,368.9110107421875,0.12863864079533305,908.7943395752263,0,134.360107421875,0.0,-605.3249151183909,0,224.13999938964844,0.0,13.818868820195348
2026-09-09,2026-09-09T15:35:00-04:00,bar_close,87461.41844740308,100379.91866102612,12918.500213623047,12918.500213623047,0.12869606178151677,0.12869606178151677,312.0388737640381,1560194.3688201904,-0.008438549432479237,0,1757.260009765625,0.0,56.015530102542016,35,369.1000061035156,0.12869606178151677,915.4091772217107,0,134.82000732421875,0.0,-605.3249151183909,0,223.8800048828125,0.0,13.818868820195348
2026-09-09,2026-09-09T15:35:00-04:00,open_before_orders,87461.41844740308,100379.39314833081,12917.974700927734,12917.974700927734,0.12869150027475082,0.12869150027475082,312.0388737640381,1560194.3688201904,-0.008443740491980045,0,1757.487060546875,0.0,56.015530102542016,35,369.0849914550781,0.12869150027475082,914.8836645263982,0,134.86000061035156,0.0,-605.3249151183909,0,223.875,0.0,13.818868820195348
2026-09-09,2026-09-09T15:40:00-04:00,bar_close,87461.41844740308,100381.31896009839,12919.900512695312,12919.900512695312,0.12870821629501578,0.12870821629501578,312.0388737640381,1560194.3688201904,-0.008424717158077688,0,1758.4649658203125,0.0,56.015530102542016,35,369.1400146484375,0.12870821629501578,916.8094762939763,0,133.92999267578125,0.0,-605.3249151183909,0,223.8300018310547,0.0,13.818868820195348
2026-09-09,2026-09-09T15:40:00-04:00,open_before_orders,87461.41844740308,100381.84340467847,12920.42495727539,12920.42495727539,0.12871276835580817,0.12871276835580817,312.0388737640381,1560194.3688201904,-0.008419536649510895,0,1757.9200439453125,0.0,56.015530102542016,35,369.1549987792969,0.12871276835580817,917.3339208740545,0,133.9600067138672,0.0,-605.3249151183909,0,223.8249969482422,0.0,13.818868820195348
2026-09-09,2026-09-09T15:45:00-04:00,bar_close,87461.41844740308,100365.91887464917,12904.500427246094,12904.500427246094,0.12857452581451495,0.12857452581451495,312.0388737640381,1560194.3688201904,-0.008576840523692897,0,1762.6700439453125,0.0,56.015530102542016,35,368.70001220703125,0.12857452581451495,901.4093908447576,0,133.4600067138672,0.0,-605.3249151183909,0,223.83680725097656,0.0,13.818868820195348
2026-09-09,2026-09-09T15:45:00-04:00,open_before_orders,87461.41844740308,100365.91887464917,12904.500427246094,12904.500427246094,0.12857452581451495,0.12857452581451495,312.0388737640381,1560194.3688201904,-0.008576840523692897,0,1763.4090576171875,0.0,56.015530102542016,35,368.70001220703125,0.12857452581451495,901.4093908447576,0,133.44000244140625,0.0,-605.3249151183909,0,223.82000732421875,0.0,13.818868820195348
2026-09-09,2026-09-09T15:50:00-04:00,bar_close,87461.41844740308,100379.56831922925,12918.149871826172,12918.149871826172,0.12869302078231296,0.12869302078231296,312.0388737640381,1560194.3688201904,-0.008442010138813183,0,1759.0799560546875,0.0,56.015530102542016,35,369.0899963378906,0.12869302078231296,915.0588354248357,0,133.7100067138672,0.0,-605.3249151183909,0,223.92100524902344,0.0,13.818868820195348
2026-09-09,2026-09-09T15:50:00-04:00,open_before_orders,87461.41844740308,100380.26793470776,12918.849487304688,12918.849487304688,0.12869909348825148,0.12869909348825148,312.0388737640381,1560194.3688201904,-0.008435099277079305,0,1760.0,0.0,56.015530102542016,35,369.1099853515625,0.12869909348825148,915.7584509033513,0,133.67999267578125,0.0,-605.3249151183909,0,223.91000366210938,0.0,13.818868820195348
2026-09-09,2026-09-09T15:55:00-04:00,bar_close,87461.41844740308,100341.0681056062,12879.649658203125,12879.649658203125,0.12835870597518106,0.12835870597518106,312.0388737640381,1560194.3688201904,-0.008822318552850983,0,1763.9000244140625,0.0,56.015530102542016,35,367.989990234375,0.12835870597518106,876.5586218017888,0,133.3000030517578,0.0,-605.3249151183909,0,223.75999450683594,0.0,13.818868820195348
2026-09-09,2026-09-09T15:55:00-04:00,open_before_orders,87461.41844740308,100340.71883192456,12879.300384521484,12879.300384521484,0.12835567189921093,0.12835567189921093,312.0388737640381,1560194.3688201904,-0.008825768708250914,0,1764.25,0.0,56.015530102542016,35,367.9800109863281,0.12835567189921093,876.2093481201482,0,133.27999877929688,0.0,-605.3249151183909,0,223.77000427246094,0.0,13.818868820195348
2026-09-09,2026-09-09T15:55:00-04:00,after_fill,100338.14297184766,100338.14297184766,0.0,0.0,0.0,0.0,314.6147338409424,1573073.669204712,-0.008851213275136272,0,1764.25,0.0,56.015530102542016,0,367.9800109863281,0.0,873.6334880432441,0,133.27999877929688,0.0,-605.3249151183909,0,223.77000427246094,0.0,13.818868820195348
2026-09-09,2026-09-09T16:00:00-04:00,bar_close,100338.14297184766,100338.14297184766,0.0,0.0,0.0,0.0,314.6147338409424,1573073.669204712,-0.008851213275136272,0,1763.75,0.0,56.015530102542016,0,367.79998779296875,0.0,873.6334880432441,0,132.69000244140625,0.0,-605.3249151183909,0,223.6999969482422,0.0,13.818868820195348
2026-09-10,2026-09-10T09:30:00-04:00,open_before_orders,100338.14297184766,100338.14297184766,0.0,0.0,0.0,0.0,314.6147338409424,1573073.669204712,-0.008851213275136272,0,1724.5999755859375,0.0,56.015530102542016,0,360.3999938964844,0.0,873.6334880432441,0,128.04010009765625,0.0,-605.3249151183909,0,220.48500061035156,0.0,13.818868820195348
2026-09-10,2026-09-10T09:35:00-04:00,bar_close,100338.14297184766,100338.14297184766,0.0,0.0,0.0,0.0,314.6147338409424,1573073.669204712,-0.008851213275136272,0,1692.52001953125,0.0,56.015530102542016,0,360.0799865722656,0.0,873.6334880432441,0,128.64999389648438,0.0,-605.3249151183909,0,218.8000030517578,0.0,13.818868820195348
2026-09-10,2026-09-10T09:35:00-04:00,open_before_orders,100338.14297184766,100338.14297184766,0.0,0.0,0.0,0.0,314.6147338409424,1573073.669204712,-0.008851213275136272,0,1692.4000244140625,0.0,56.015530102542016,0,360.0799865722656,0.0,873.6334880432441,0,128.6999969482422,0.0,-605.3249151183909,0,218.7899932861328,0.0,13.818868820195348
2026-09-10,2026-09-10T09:35:00-04:00,after_fill,134179.37386003125,100331.37337175,33848.00048828125,-33848.00048828125,0.3373620767939346,-0.3373620767939346,321.3843339385986,1606921.6696929932,-0.008918083965829493,-20,1692.4000244140625,-0.3373620767939346,49.24593000488676,0,360.0799865722656,0.0,873.6334880432441,0,128.6999969482422,0.0,-605.3249151183909,0,218.7899932861328,0.0,13.818868820195348
2026-09-10,2026-09-10T09:35:00-04:00,after_fill,73034.64880990612,100319.14687203991,94980.49903869629,27284.49806213379,0.9467833609056382,0.2719769746141879,333.61083364868165,1668054.1682434082,-0.009038858379174508,-20,1692.4000244140625,-0.33740319314572514,49.24593000488676,0,360.0799865722656,0.0,873.6334880432441,475,128.6999969482422,0.6093801677599131,-617.5514148284783,0,218.7899932861328,0.0,13.818868820195348
2026-09-10,2026-09-10T09:40:00-04:00,bar_close,73034.64880990612,100478.04793405163,95714.60029602051,27443.399124145508,0.9525921558392775,0.27312830701247176,333.61083364868165,1668054.1682434082,-0.007469220052636949,-20,1706.780029296875,-0.3397319244134029,-238.35416765136324,0,362.68499755859375,0.0,873.6334880432441,475,129.63999938964844,0.6128602314258746,-171.05025516050955,0,219.0281982421875,0.0,13.818868820195348
2026-09-10,2026-09-10T09:40:00-04:00,open_before_orders,73034.64880990612,100493.24591683972,95737.3959350586,27458.597106933594,0.95267492916174,0.27323823463376,333.61083364868165,1668054.1682434082,-0.007319093074451777,-20,1706.969970703125,-0.33971834726399,-242.15299577636324,0,362.64691162109375,0.0,873.6334880432441,475,129.67999267578125,0.6129565818977499,-152.0534442474236,0,219.02000427246094,0.0,13.818868820195348
2026-09-10,2026-09-10T09:40:00-04:00,after_fill,38888.421515960814,100486.41803695691,61597.996520996094,61597.996520996094,0.612998231246949,0.612998231246949,340.43871353149416,1702193.5676574707,-0.00738653945786405,0,1706.969970703125,0.0,-248.98087565917376,0,362.64691162109375,0.0,873.6334880432441,475,129.67999267578125,0.612998231246949,-152.0534442474236,0,219.02000427246094,0.0,13.818868820195348
2026-09-10,2026-09-10T09:45:00-04:00,bar_close,38888.421515960814,100258.42006637585,61369.99855041504,61369.99855041504,0.6121181493762337,0.6121181493762337,340.43871353149416,1702193.5676574707,-0.009638722976753278,0,1704.5150146484375,0.0,-248.98087565917376,0,365.31500244140625,0.0,873.6334880432441,475,129.1999969482422,0.6121181493762337,-380.0514148284783,0,218.30499267578125,0.0,13.818868820195348
2026-09-10,2026-09-10T09:45:00-04:00,open_before_orders,38888.421515960814,100291.67354537976,61403.252029418945,61403.252029418945,0.6122467584672953,0.6122467584672953,340.43871353149416,1702193.5676574707,-0.00931024225752819,0,1705.030029296875,0.0,-248.98087565917376,0,365.3894958496094,0.0,873.6334880432441,475,129.27000427246094,0.6122467584672953,-346.79793582457205,0,218.30999755859375,0.0,13.818868820195348
2026-09-10,2026-09-10T09:45:00-04:00,after_fill,81926.72355640576,100283.06416309522,18356.340606689453,18356.340606689453,0.1830452705038574,0.1830452705038574,349.0480958160401,1745240.4790802002,-0.00939528647454313,0,1705.030029296875,0.0,-248.98087565917376,0,365.3894958496094,0.0,873.6334880432441,142,129.27000427246094,0.1830452705038574,-355.4073181091153,0,218.30999755859375,0.0,13.818868820195348
2026-09-10,2026-09-10T09:50:00-04:00,bar_close,81926.72355640576,100411.57398975537,18484.85043334961,18484.85043334961,0.1840908343418215,0.1840908343418215,349.0480958160401,1745240.4790802002,-0.008125855378811386,0,1703.969970703125,0.0,-248.98087565917376,0,366.3039855957031,0.0,873.6334880432441,142,130.1750030517578,0.1840908343418215,-226.89749144895904,0,218.64999389648438,0.0,13.818868820195348
2026-09-10,2026-09-10T09:50:00-04:00,open_before_orders,81926.72355640576,100402.35881031201,18475.63525390625,18475.63525390625,0.1840159481592645,0.1840159481592645,349.0480958160401,1745240.4790802002,-0.008216883712147238,0,1703.625,0.0,-248.98087565917376,0,366.3699951171875,0.0,873.6334880432441,142,130.110107421875,0.1840159481592645,-236.11267089231842,0,218.66000366210938,0.0,13.818868820195348
2026-09-10,2026-09-10T09:55:00-04:00,bar_close,81926.72355640576,100393.82398975537,18467.10043334961,18467.10043334961,0.18394657857871888,0.18394657857871888,349.0480958160401,1745240.4790802002,-0.008301191402015462,0,1695.68505859375,0.0,-248.98087565917376,0,366.31500244140625,0.0,873.6334880432441,142,130.0500030517578,0.18394657857871888,-244.64749144895904,0,217.5699005126953,0.0,13.818868820195348
2026-09-10,2026-09-10T09:55:00-04:00,open_before_orders,81926.72355640576,100400.92442310498,18474.20086669922,18474.20086669922,0.18400429052670955,0.18400429052670955,349.0480958160401,1745240.4790802002,-0.008231052712069253,0,1694.5814208984375,0.0,-248.98087565917376,0,366.3800048828125,0.0,873.6334880432441,142,130.10000610351562,0.18400429052670955,-237.54705809934967,0,217.5959930419922,0.0,13.818868820195348
2026-09-10,2026-09-10T09:55:00-04:00,after_fill,148932.88550016796,100387.52050993359,85493.76672363281,-48545.364990234375,0.8516373976501691,-0.48357967946255526,362.4520089874268,1812260.0449371338,-0.008363457716623834,0,1694.5814208984375,0.0,-248.98087565917376,0,366.3800048828125,0.0,873.6334880432441,142,130.10000610351562,0.1840288590938069,-237.54705809934967,-308,217.5959930419922,-0.6676085385563622,0.4149556487973314
2026-09-10,2026-09-10T10:00:00-04:00,bar_close,148932.88550016796,100500.4095785371,85471.75540161133,-48432.47592163086,0.8504617618977813,-0.48191321930666153,362.4520089874268,1812260.0449371338,-0.00724832980946033,0,1690.550048828125,0.0,-248.98087565917376,0,366.07000732421875,0.0,873.6334880432441,142,130.4199981689453,0.18427427129555993,-192.10818480833404,-308,217.3769989013672,-0.6661874906022215,67.86515096129733
2026-09-10,2026-09-10T10:00:00-04:00,open_before_orders,148932.88550016796,100511.78781340038,85497.2985534668,-48421.09768676758,0.8506196179913951,-0.48174546230001497,362.4520089874268,1812260.0449371338,-0.007135934629065366,0,1690.0,0.0,-248.98087565917376,0,366.1400146484375,0.0,873.6334880432441,142,130.5500030517578,0.18443707784569008,-173.64749144895904,-308,217.39999389648438,-0.666182540145705,60.78269246520358
2026-09-10,2026-09-10T10:00:00-04:00,after_fill,157286.4146554414,100510.11677336131,77142.0983581543,-56776.29788208008,0.7675058077198419,-0.5648814239277431,364.1230490264893,1820615.2451324463,-0.0071524413059704806,0,1690.0,0.0,-248.98087565917376,0,366.1400146484375,0.0,873.6334880432441,78,130.5500030517578,0.10131219189604934,-175.3185314880211,-308,217.39999389648438,-0.6661936158237926,60.78269246520358
2026-09-10,2026-09-10T10:05:00-04:00,bar_close,157286.4146554414,100333.91535734569,77458.69882202148,-56952.4992980957,0.7720091311711235,-0.5676295906050882,364.1230490264893,1820615.2451324463,-0.008892974013976596,0,1698.780029296875,0.0,-248.98087565917376,0,368.3399963378906,0.0,873.6334880432441,78,131.4499969482422,0.10218977028301764,-105.11900756223986,-308,218.1999969482422,-0.6698193608881058,-185.61824747620267
2026-09-10,2026-09-10T10:05:00-04:00,open_before_orders,157286.4146554414,100338.55399870311,77457.18084716797,-56947.86065673828,0.7719583127355923,-0.5675571192452539,364.1230490264893,1820615.2451324463,-0.008847153116586126,0,1698.0,0.0,-248.98087565917376,0,368.3699951171875,0.0,873.6334880432441,78,131.47000122070312,0.10220059674516922,-103.55867431028673,-308,218.19000244140625,-0.6697577159904231,-182.53993937073392
2026-09-10,2026-09-10T10:10:00-04:00,bar_close,157286.4146554414,100253.9658334199,77378.7492980957,-57032.448822021484,0.7718273153070749,-0.5688797280776455,364.1230490264893,1820615.2451324463,-0.009682722272129074,0,1697.5,0.0,-248.98087565917376,0,367.1700134277344,0.0,873.6334880432441,78,130.4250030517578,0.10147379361471469,-185.0685314880211,-308,218.1999969482422,-0.6703535216923603,-185.61824747620267
2026-09-10,2026-09-10T10:10:00-04:00,open_before_orders,157286.4146554414,100257.39939665233,77379.2314453125,-57029.01525878906,0.7718056912604921,-0.5688259979012912,364.1230490264893,1820615.2451324463,-0.009648805239870328,0,1697.5,0.0,-248.98087565917376,0,367.1300048828125,0.0,873.6334880432441,78,130.45010375976562,0.10148984667960052,-183.11067626341173,-308,218.19520568847656,-0.6703158445808917,-184.14253946839017
2026-09-10,2026-09-10T10:10:00-04:00,after_fill,167459.48772708446,100255.36437503368,67204.12335205078,-67204.12335205078,0.6703294509075312,-0.6703294509075312,366.15807064514166,1830790.353225708,-0.009668907358053258,0,1697.5,0.0,-248.98087565917376,0,367.1300048828125,0.0,873.6334880432441,0,130.45010375976562,0.0,-185.14569788206427,-308,218.19520568847656,-0.6703294509075312,-184.14253946839017
2026-09-10,2026-09-10T10:10:00-04:00,after_fill,100241.92355036327,100241.92355036327,0.0,0.0,0.0,0.0,379.59889531555183,1897994.4765777588,-0.009801676977562845,0,1697.5,0.0,-248.98087565917376,0,367.1300048828125,0.0,873.6334880432441,0,130.45010375976562,0.0,-185.14569788206427,0,218.19520568847656,0.0,-197.5833641388017
2026-09-10,2026-09-10T10:15:00-04:00,bar_close,100241.92355036327,100241.92355036327,0.0,0.0,0.0,0.0,379.59889531555183,1897994.4765777588,-0.009801676977562845,0,1692.844970703125,0.0,-248.98087565917376,0,365.82000732421875,0.0,873.6334880432441,0,130.1999969482422,0.0,-185.14569788206427,0,217.99000549316406,0.0,-197.5833641388017
2026-09-10,2026-09-10T10:15:00-04:00,open_before_orders,100241.92355036327,100241.92355036327,0.0,0.0,0.0,0.0,379.59889531555183,1897994.4765777588,-0.009801676977562845,0,1692.0450439453125,0.0,-248.98087565917376,0,365.8349914550781,0.0,873.6334880432441,0,130.16000366210938,0.0,-185.14569788206427,0,217.97999572753906,0.0,-197.5833641388017
2026-09-10,2026-09-10T10:20:00-04:00,bar_close,100241.92355036327,100241.92355036327,0.0,0.0,0.0,0.0,379.59889531555183,1897994.4765777588,-0.009801676977562845,0,1691.7900390625,0.0,-248.98087565917376,0,365.4549865722656,0.0,873.6334880432441,0,129.5399932861328,0.0,-185.14569788206427,0,218.1898956298828,0.0,-197.5833641388017
2026-09-10,2026-09-10T10:20:00-04:00,open_before_orders,100241.92355036327,100241.92355036327,0.0,0.0,0.0,0.0,379.59889531555183,1897994.4765777588,-0.009801676977562845,0,1690.375,0.0,-248.98087565917376,0,365.4549865722656,0.0,873.6334880432441,0,129.5399932861328,0.0,-185.14569788206427,0,218.1750030517578,0.0,-197.5833641388017
2026-09-10,2026-09-10T10:25:00-04:00,bar_close,100241.92355036327,100241.92355036327,0.0,0.0,0.0,0.0,379.59889531555183,1897994.4765777588,-0.009801676977562845,0,1704.8699951171875,0.0,-248.98087565917376,0,366.69000244140625,0.0,873.6334880432441,0,130.6300048828125,0.0,-185.14569788206427,0,218.82040405273438,0.0,-197.5833641388017
2026-09-10,2026-09-10T10:25:00-04:00,open_before_orders,100241.92355036327,100241.92355036327,0.0,0.0,0.0,0.0,379.59889531555183,1897994.4765777588,-0.009801676977562845,0,1704.27001953125,0.0,-248.98087565917376,0,366.69000244140625,0.0,873.6334880432441,0,130.64999389648438,0.0,-185.14569788206427,0,218.80499267578125,0.0,-197.5833641388017
2026-09-10,2026-09-10T10:25:00-04:00,after_fill,83384.70356787425,100238.55278052074,16853.849212646484,16853.849212646484,0.1681373956939418,0.1681373956939418,382.9696651580811,1914848.3257904053,-0.009834973731327579,0,1704.27001953125,0.0,-248.98087565917376,0,366.69000244140625,0.0,873.6334880432441,129,130.64999389648438,0.1681373956939418,-188.51646772459208,0,218.80499267578125,0.0,-197.5833641388017
2026-09-10,2026-09-10T10:30:00-04:00,bar_close,83384.70356787425,100201.78927649242,16817.085708618164,16817.085708618164,0.16783218972481456,0.16783218972481456,382.9696651580811,1914848.3257904053,-0.010198126778954264,0,1707.6488037109375,0.0,-248.98087565917376,0,366.2998962402344,0.0,873.6334880432441,129,130.36500549316406,0.16783218972481456,-225.2799717529124,0,218.22999572753906,0.0,-197.5833641388017
2026-09-10,2026-09-10T10:30:00-04:00,open_before_orders,83384.70356787425,100189.53411902172,16804.83055114746,16804.83055114746,0.16773039917706276,0.16773039917706276,382.9696651580811,1914848.3257904053,-0.010319184276117777,0,1707.71826171875,0.0,-248.98087565917376,0,366.2449951171875,0.0,873.6334880432441,129,130.27000427246094,0.16773039917706276,-237.5351292236155,0,218.22999572753906,0.0,-197.5833641388017
2026-09-10,2026-09-10T10:30:00-04:00,after_fill,100186.17315291149,100186.17315291149,0.0,0.0,0.0,0.0,386.3306312683106,1931653.1563415527,-0.010352384187773511,0,1707.71826171875,0.0,-248.98087565917376,0,366.2449951171875,0.0,873.6334880432441,0,130.27000427246094,0.0,-240.89609533384282,0,218.22999572753906,0.0,-197.5833641388017
2026-09-10,2026-09-10T10:30:00-04:00,after_fill,59891.166300128294,100178.11576301893,40286.949462890625,40286.949462890625,0.4021531963946429,0.4021531963946429,394.3880211608887,1971940.1058044434,-0.010431975776571734,0,1707.71826171875,0.0,-248.98087565917376,110,366.2449951171875,0.4021531963946429,865.5760981506755,0,130.27000427246094,0.0,-240.89609533384282,0,218.22999572753906,0.0,-197.5833641388017
2026-09-10,2026-09-10T10:35:00-04:00,bar_close,59891.166300128294,100290.80130989393,40399.635009765625,40399.635009765625,0.40282492992485547,0.40282492992485547,394.3880211608887,1971940.1058044434,-0.009318858274507513,0,1703.699951171875,0.0,-248.98087565917376,110,367.2694091796875,0.40282492992485547,978.2616450256755,0,130.44500732421875,0.0,-240.89609533384282,0,217.97999572753906,0.0,-197.5833641388017
2026-09-10,2026-09-10T10:35:00-04:00,open_before_orders,59891.166300128294,100293.06724006971,40401.900939941406,40401.900939941406,0.40283842195425235,0.40283842195425235,394.3880211608887,1971940.1058044434,-0.009296475221781897,0,1703.7349853515625,0.0,-248.98087565917376,110,367.2900085449219,0.40283842195425235,980.5275752014568,0,130.50999450683594,0.0,-240.89609533384282,0,217.97999572753906,0.0,-197.5833641388017
2026-09-10,2026-09-10T10:35:00-04:00,after_fill,67235.49731099255,100291.59808003552,33056.10076904297,33056.10076904297,0.3295999007081657,0.3295999007081657,395.8571811950684,1979285.9059753418,-0.009310987710674623,0,1703.7349853515625,0.0,-248.98087565917376,90,367.2900085449219,0.3295999007081657,979.0584151672774,0,130.50999450683594,0.0,-240.89609533384282,0,217.97999572753906,0.0,-197.5833641388017
2026-09-10,2026-09-10T10:40:00-04:00,bar_close,67235.49731099255,100416.69665181286,33181.19934082031,33181.19934082031,0.3304350814872307,0.3304350814872307,395.8571811950684,1979285.9059753418,-0.008075253283409856,0,1701.1199951171875,0.0,-248.98087565917376,90,368.67999267578125,0.3304350814872307,1104.1569869446212,0,130.84010314941406,0.0,-240.89609533384282,0,218.3300018310547,0.0,-197.5833641388017
2026-09-10,2026-09-10T10:40:00-04:00,open_before_orders,67235.49731099255,100422.0964320863,33186.59912109375,33186.59912109375,0.33047108455395835,0.33047108455395835,395.8571811950684,1979285.9059753418,-0.008021913790490331,0,1700.808349609375,0.0,-248.98087565917376,90,368.739990234375,0.33047108455395835,1109.5567672180587,0,130.85000610351562,0.0,-240.89609533384282,0,218.33999633789062,0.0,-197.5833641388017
2026-09-10,2026-09-10T10:40:00-04:00,after_fill,100415.45911226208,100415.45911226208,0.0,0.0,0.0,0.0,402.49450101928716,2012472.5050964355,-0.008087477805291066,0,1700.808349609375,0.0,-248.98087565917376,0,368.739990234375,0.0,1102.919447393837,0,130.85000610351562,0.0,-240.89609533384282,0,218.33999633789062,0.0,-197.5833641388017
2026-09-10,2026-09-10T10:40:00-04:00,after_fill,97013.16208970349,100414.77878892224,3401.61669921875,3401.61669921875,0.033875657948409646,0.033875657948409646,403.1748243591309,2015874.1217956543,-0.008094198097623462,2,1700.808349609375,0.033875657948409646,-249.66119899901742,0,368.739990234375,0.0,1102.919447393837,0,130.85000610351562,0.0,-240.89609533384282,0,218.33999633789062,0.0,-197.5833641388017
2026-09-10,2026-09-10T10:40:00-04:00,after_fill,112948.79405842297,100411.5910249757,19340.436431884766,-12537.203033447266,0.19261159229191135,-0.12485812549597831,406.36258830566413,2031812.9415283203,-0.008125687103443191,2,1700.808349609375,0.03387673339796653,-249.66119899901742,0,368.739990234375,0.0,1102.919447393837,0,130.85000610351562,0.0,-240.89609533384282,-73,218.33999633789062,-0.15873485889394484,-200.77112808533457
2026-09-10,2026-09-10T10:45:00-04:00,bar_close,112948.79405842297,100404.32404194347,19331.710250854492,-12544.470016479492,0.1925386225674778,-0.1249395395684263,406.36258830566413,2031812.9415283203,-0.008197470985446653,2,1696.81005859375,0.033799541499525756,-257.6577810302674,0,368.6000061035156,0.0,1102.919447393837,0,130.85000610351562,0.0,-240.89609533384282,-73,218.3300018310547,-0.15873908106795206,-200.04152908631113
2026-09-10,2026-09-10T10:45:00-04:00,open_before_orders,112948.79405842297,100404.27361164562,19330.200622558594,-12544.520446777344,0.19252368377591186,-0.12494010459453529,406.36258830566413,2031812.9415283203,-0.0081979691402565,2,1696.4200439453125,0.033791789590688286,-258.4378103271424,0,368.6199951171875,0.0,1102.919447393837,0,130.88999938964844,0.0,-240.89609533384282,-73,218.32000732421875,-0.15873189418522357,-199.3119300872877
2026-09-10,2026-09-10T10:50:00-04:00,bar_close,112948.79405842297,100422.19423542492,19305.779998779297,-12526.599822998047,0.19224614783381214,-0.1247393558602324,406.36258830566413,2031812.9415283203,-0.008020947680718482,2,1694.7950439453125,0.03375339598678988,-261.6878103271424,0,367.8599853515625,0.0,1102.919447393837,0,131.39999389648438,0.0,-240.89609533384282,-73,218.02999877929688,-0.15849275184702227,-178.14130630799082
2026-09-10,2026-09-10T10:50:00-04:00,open_before_orders,112948.79405842297,100423.24567280285,19305.648483276367,-12525.548385620117,0.1922428253930138,-0.12472757977202435,406.36258830566413,2031812.9415283203,-0.008010561492071022,2,1695.0250244140625,0.03375762281049472,-261.2278493896424,0,367.8711853027344,0.0,1102.919447393837,0,131.44500732421875,0.0,-240.89609533384282,-73,218.0218963623047,-0.15848520258251908,-177.54982986756113
2026-09-10,2026-09-10T10:55:00-04:00,bar_close,112948.79405842297,100426.29892597668,19303.31495666504,-12522.495132446289,0.1922137444385294,-0.12469338476444808,406.36258830566413,2031812.9415283203,-0.007980401195207043,2,1695.2049560546875,0.03376017983704065,-260.8679861083924,0,367.6199951171875,0.0,1102.919447393837,0,131.66000366210938,0.0,-240.89609533384282,-73,217.98500061035156,-0.15845356460148874,-174.856439974983
2026-09-10,2026-09-10T10:55:00-04:00,open_before_orders,112948.79405842297,100426.79405842297,19306.0,-12522.0,0.1922395330948113,-0.12468783970854797,406.36258830566413,2031812.9415283203,-0.007975510234413119,2,1696.0,0.03377584669313166,-259.2778982177674,0,367.760009765625,0.0,1102.919447393837,0,131.75,0.0,-240.89609533384282,-73,218.0,-0.15846368640167963,-175.95139541931894
2026-09-10,2026-09-10T11:00:00-04:00,bar_close,112948.79405842297,100409.76880512707,19310.1453704834,-12539.025253295898,0.19231341332893692,-0.1248785392348761,406.36258830566413,2031812.9415283203,-0.008143687147480483,2,1692.780029296875,0.03371743704703041,-265.7178396240174,0,367.6050109863281,0.0,1102.919447393837,0,131.52000427246094,0.0,-240.89609533384282,-73,218.14500427246094,-0.1585959762819065,-186.53670730896738
2026-09-10,2026-09-10T11:00:00-04:00,open_before_orders,112948.79405842297,100409.52443562023,19310.629486083984,-12539.269622802734,0.19231870277869326,-0.12488127688367413,406.36258830566413,2031812.9415283203,-0.008146101050439447,2,1692.8399658203125,0.033718712947509555,-265.5979665771424,0,367.6000061035156,0.0,1102.919447393837,0,131.49000549316406,0.0,-240.89609533384282,-73,218.14999389648438,-0.1585999898311837,-186.90094986267832
2026-09-10,2026-09-10T11:00:00-04:00,after_fill,111478.09995400402,100409.23035561535,20781.029510498047,-11068.869598388672,0.20696333829966335,-0.11023757038258833,406.65666831054693,2033283.3415527344,-0.008149005997963865,2,1692.8399658203125,0.033718811703363306,-265.5979665771424,4,367.6000061035156,0.014644072255174207,1102.6253673889541,0,131.49000549316406,0.0,-240.89609533384282,-73,218.14999389648438,-0.15860045434112585,-186.90094986267832
2026-09-10,2026-09-10T11:05:00-04:00,bar_close,111478.09995400402,100410.38558327648,20775.615005493164,-11067.714370727539,0.20690703341899502,-0.11022479703106414,406.65666831054693,2033283.3415527344,-0.00813759455999219,2,1696.0799560546875,0.03378295872886624,-259.1179861083924,4,365.4476013183594,0.014558159465099207,1094.0157482483291,0,130.74000549316406,0.0,-240.89609533384282,-73,218.10499572753906,-0.15856591522502958,-183.6160835296705
2026-09-10,2026-09-10T11:05:00-04:00,open_before_orders,111478.09995400402,100407.52597939465,20776.40673828125,-11070.573974609375,0.2069208113199097,-0.11025641620610438,406.65666831054693,2033283.3415527344,-0.008165841972531895,2,1695.5281982421875,0.03377293049905719,-260.2215017333924,4,365.4649963378906,0.014559267057845458,1094.0853283264541,0,130.84500122070312,0.0,-240.89609533384282,-73,218.1300048828125,-0.15858861376300704,-185.44175186463144
2026-09-10,2026-09-10T11:05:00-04:00,after_fill,113173.28904660656,100407.186873755,19080.878540039062,-12766.102172851562,0.19003498787422488,-0.1271433108558531,406.99577395019537,2034978.8697509766,-0.008169191687140476,1,1695.5281982421875,0.016886522280262932,-260.56060737304074,4,365.4649963378906,0.01455931622892297,1094.0853283264541,0,130.84500122070312,0.0,-240.89609533384282,-73,218.1300048828125,-0.15858914936503898,-185.44175186463144
2026-09-10,2026-09-10T11:05:00-04:00,after_fill,114634.85665996105,100406.89450175792,17619.0185546875,-14227.962158203125,0.17547618260794856,-0.14170303970464918,407.28814594726566,2036440.7297363281,-0.008172079762817308,1,1695.5281982421875,0.01688657145164969,-260.56060737304074,0,365.4649963378906,0.0,1093.792956329384,0,130.84500122070312,0.0,-240.89609533384282,-73,218.1300048828125,-0.15858961115629888,-185.44175186463144
2026-09-10,2026-09-10T11:05:00-04:00,after_fill,171635.99358078625,100395.49199387219,74631.55798339844,-71240.50158691406,0.7433755888955025,-0.7095986101772612,418.69065383300784,2093453.269165039,-0.008284714714210994,1,1695.5281982421875,0.016888489359120597,-260.56060737304074,-156,365.4649963378906,-0.5678794764230131,1082.3904484436498,0,130.84500122070312,0.0,-240.89609533384282,-73,218.1300048828125,-0.1586076231133688,-185.44175186463144
2026-09-10,2026-09-10T11:10:00-04:00,bar_close,171635.99358078625,100308.97321030285,74726.16368103027,-71327.0203704834,0.7449599102601029,-0.711073178078921,418.69065383300784,2093453.269165039,-0.00913935468285898,1,1699.5716552734375,0.01694336609059091,-256.51715034179074,-156,365.9800109863281,-0.5691702335958425,1002.0481632873998,0,130.86000061035156,0.0,-240.89609533384282,-73,218.27000427246094,-0.15884631057366938,-195.66170730896738
2026-09-10,2026-09-10T11:10:00-04:00,open_before_orders,171635.99358078625,100307.96199509289,74726.61166381836,-71328.03158569336,0.7449718863540864,-0.7110904275892153,418.69065383300784,2093453.269165039,-0.009149343553479738,1,1699.2900390625,0.016940729382435564,-256.79876655272824,-156,365.9800109863281,-0.5691759714613701,1002.0481632873998,0,130.86500549316406,0.0,-240.89609533384282,-73,218.27999877929688,-0.15885518551028074,-196.39130630799082
2026-09-10,2026-09-10T11:10:00-04:00,after_fill,114531.69329057628,100296.54341875011,17633.729949951172,-14235.149871826172,0.1758159289331461,-0.14193061282673233,430.1092301757813,2150546.1508789062,-0.00926213723047098,1,1699.2900390625,0.01694265805320688,-256.79876655272824,0,365.9800109863281,0.0,990.6295869446258,0,130.86500549316406,0.0,-240.89609533384282,-73,218.27999877929688,-0.15887327087993922,-196.39130630799082
2026-09-10,2026-09-10T11:10:00-04:00,after_fill,112832.06339350597,100296.2035607423,19333.019989013672,-12535.859832763672,0.1927592401571315,-0.1249883783005963,430.4490881835938,2152245.4409179688,-0.009265494377036831,2,1699.2900390625,0.033885430928267596,-257.13862456054085,0,365.9800109863281,0.0,990.6295869446258,0,130.86500549316406,0.0,-240.89609533384282,-73,218.27999877929688,-0.1588738092288639,-196.39130630799082
2026-09-10,2026-09-10T11:15:00-04:00,bar_close,112832.06339350597,100300.18100825207,19344.282287597656,-12531.882385253906,0.19286388213004452,-0.12494376639482696,430.4490881835938,2152245.4409179688,-0.009226204809213434,2,1703.0999755859375,0.03396005786760878,-249.51875151366585,0,366.3900146484375,0.0,990.6295869446258,0,130.7949981689453,0.0,-240.89609533384282,-73,218.32989501953125,-0.15890382426243574,-200.0337318451002
2026-09-10,2026-09-10T11:15:00-04:00,open_before_orders,112832.06339350597,100301.18283930676,19343.84051513672,-12530.880554199219,0.19285755130253673,-0.1249325302003171,430.4490881835938,2152245.4409179688,-0.009216308636083803,2,1703.239990234375,0.03396251055110981,-249.23872221679085,0,366.3999938964844,0.0,990.6295869446258,0,130.76499938964844,0.0,-240.89609533384282,-73,218.32000732421875,-0.1588950407514269,-199.3119300872877
2026-09-10,2026-09-10T11:20:00-04:00,bar_close,112832.06339350597,100308.46805659191,19305.135375976562,-12523.595336914062,0.19245768328437649,-0.12485082844499744,430.4490881835938,2152245.4409179688,-0.009144344634565038,2,1695.385009765625,0.03380342741968952,-264.94868315429085,0,365.8597106933594,0.0,990.6295869446258,0,130.5449981689453,0.0,-240.89609533384282,-73,218.0050048828125,-0.15865425586468695,-176.31675186463144
2026-09-10,2026-09-10T11:20:00-04:00,open_before_orders,112832.06339350597,100308.71698847668,19304.506561279297,-12523.346405029297,0.1924509368761737,-0.1248480369504473,430.4490881835938,2152245.4409179688,-0.00914188566404539,2,1695.2900390625,0.033801449962863196,-265.13862456054085,0,365.8599853515625,0.0,990.6295869446258,0,130.52560424804688,0.0,-240.89609533384282,-73,217.99899291992188,-0.1586494869133105,-175.87787857361582
2026-09-10,2026-09-10T11:25:00-04:00,bar_close,112832.06339350597,100301.47850886242,19308.364669799805,-12530.584884643555,0.19250329064784186,-0.12492921411458935,430.4490881835938,2152245.4409179688,-0.009213387986840238,2,1694.4449462890625,0.03378703826662625,-266.82881010741585,0,365.8583068847656,0.0,990.6295869446258,0,130.38499450683594,0.0,-240.89609533384282,-73,218.0749969482422,-0.1587162523812156,-181.42617264099863
2026-09-10,2026-09-10T11:25:00-04:00,open_before_orders,112832.06339350597,100303.21189204113,19307.908142089844,-12528.851501464844,0.1924954124387505,-0.12490977372638835,430.4490881835938,2152245.4409179688,-0.009196265479051835,2,1694.76416015625,0.03379281935618108,-266.19038237304085,0,365.80999755859375,0.0,990.6295869446258,0,130.3300018310547,0.0,-240.89609533384282,-73,218.05999755859375,-0.15870259308256945,-180.3312171966627
2026-09-10,2026-09-10T11:25:00-04:00,after_fill,112613.95978394787,100303.16828004162,19089.84814453125,-12310.79150390625,0.1903214870664236,-0.12273581896770312,430.4927001831055,2152463.5009155273,-0.009196696282125605,2,1694.76416015625,0.03379283404936024,-266.19038237304085,0,365.80999755859375,0.0,990.6295869446258,0,130.3300018310547,0.0,-240.89609533384282,-72,218.05999755859375,-0.15652865301706337,-180.3748291961747
2026-09-10,2026-09-10T11:25:00-04:00,after_fill,110918.85667095959,100302.82932720959,20784.6123046875,-10616.02734375,0.20721860434149456,-0.10583975960556621,430.83165301513674,2154158.2650756836,-0.009200044487287284,3,1694.76416015625,0.050689422367964164,-266.52933520507213,0,365.80999755859375,0.0,990.6295869446258,0,130.3300018310547,0.0,-240.89609533384282,-72,218.05999755859375,-0.15652918197353038,-180.3748291961747
2026-09-10,2026-09-10T11:30:00-04:00,bar_close,110918.85667095959,100297.86716900647,20792.609619140625,-10620.989501953125,0.20730859195743548,-0.10589447015913384,430.83165301513674,2154158.2650756836,-0.009249061111841983,3,1695.27001953125,0.050707060899150815,-265.01175708007213,0,366.1600036621094,0.0,990.6295869446258,0,130.24000549316406,0.0,-240.89609533384282,-72,218.14999389648438,-0.15660153105828464,-186.8545655242997
2026-09-10,2026-09-10T11:30:00-04:00,open_before_orders,110918.85667095959,100296.85752545178,20790.679321289062,-10621.999145507812,0.20729143299442984,-0.10590560270357749,430.83165301513674,2154158.2650756836,-0.009259034457517079,3,1694.780029296875,0.05069291514542617,-266.48172778319713,0,366.0802917480469,0.0,990.6295869446258,0,130.26499938964844,0.0,-240.89609533384282,-72,218.1436004638672,-0.15659851784900367,-186.3942383758622
2026-09-10,2026-09-10T11:30:00-04:00,after_fill,114307.73881754163,100296.17961344006,17401.119262695312,-14011.559204101562,0.17349732890886202,-0.13970182371955434,431.5095650268555,2157547.8251342773,-0.009265730930543281,1,1694.780029296875,0.016897752594653846,-267.1596397949156,0,366.0802917480469,0.0,990.6295869446258,0,130.26499938964844,0.0,-240.89609533384282,-72,218.1436004638672,-0.15659957631420818,-186.3942383758622
2026-09-10,2026-09-10T11:35:00-04:00,bar_close,114307.73881754163,100276.12895426038,17420.869873046875,-14031.60986328125,0.17372898270727197,-0.13992971218186517,431.5095650268555,2157547.8251342773,-0.009463793062553849,1,1694.6300048828125,0.016899635262703404,-267.3096642089781,0,365.3301086425781,0.0,990.6295869446258,0,130.39999389648438,0.0,-240.89609533384282,-72,218.4199981689453,-0.15682934744456856,-206.2948731414872
2026-09-10,2026-09-10T11:35:00-04:00,open_before_orders,114307.73881754163,100276.06889566663,17420.809814453125,-14031.669921875,0.17372848782672967,-0.13993039492278472,431.5095650268555,2157547.8251342773,-0.009464386326496821,1,1694.5699462890625,0.016899046451972474,-267.3697228027281,0,365.44000244140625,0.0,990.6295869446258,0,130.4149932861328,0.0,-240.89609533384282,-72,218.4199981689453,-0.15682944137475718,-206.2948731414872
2026-09-10,2026-09-10T11:35:00-04:00,after_fill,114089.27513537304,100276.02521166699,17202.38981628418,-13813.249923706055,0.17155037587471808,-0.13775226824705553,431.5532490264893,2157766.2451324463,-0.009464817840794004,1,1694.5699462890625,0.01689905381383128,-267.3697228027281,0,365.44000244140625,0.0,990.6295869446258,0,130.4149932861328,0.0,-240.89609533384282,-71,218.4199981689453,-0.1546513220608868,-206.33855714112178
2026-09-10,2026-09-10T11:40:00-04:00,bar_close,114089.27513537304,100266.20462450878,17216.000442504883,-13823.070510864258,0.17170292330280001,-0.13786370554895208,431.5532490264893,2157766.2451324463,-0.009561826443489685,1,1696.4649658203125,0.016919608876923956,-265.4747032714781,0,365.9800109863281,0.0,990.6295869446258,0,130.6699981689453,0.0,-240.89609533384282,-71,218.5850067138672,-0.15478331442587606,-218.0541638305749
2026-09-10,2026-09-10T11:40:00-04:00,open_before_orders,114089.27513537304,100266.24466357128,17216.040481567383,-13823.030471801758,0.17170325406454873,-0.1378632511687549,431.5532490264893,2157766.2451324463,-0.00956143093419437,1,1696.5050048828125,0.016920001447896914,-265.4346642089781,0,365.9800109863281,0.0,990.6295869446258,0,130.60000610351562,0.0,-240.89609533384282,-71,218.5850067138672,-0.1547832526166518,-218.0541638305749
2026-09-10,2026-09-10T11:45:00-04:00,bar_close,114089.27513537304,100257.25012621777,17228.34507751465,-13832.025009155273,0.17184138858611434,-0.13796533409545542,431.5532490264893,2157766.2451324463,-0.009650279746032386,1,1698.1600341796875,0.016938027245329466,-263.7796349121031,0,366.864990234375,0.0,990.6295869446258,0,130.7550048828125,0.0,-240.89609533384282,-71,218.73500061035156,-0.15490336134078486,-228.70373048096553
2026-09-10,2026-09-10T11:45:00-04:00,open_before_orders,114089.27513537304,100257.25012621777,17228.34507751465,-13832.025009155273,0.17184138858611434,-0.13796533409545542,431.5532490264893,2157766.2451324463,-0.009650279746032386,1,1698.1600341796875,0.016938027245329466,-263.7796349121031,0,366.8299865722656,0.0,990.6295869446258,0,130.7550048828125,0.0,-240.89609533384282,-71,218.73500061035156,-0.15490336134078486,-228.70373048096553
2026-09-10,2026-09-10T11:50:00-04:00,bar_close,114089.27513537304,100248.27467760937,17237.260467529297,-13841.000457763672,0.17194570702551223,-0.13806721863568475,431.5532490264893,2157766.2451324463,-0.00973893999760811,1,1698.1300048828125,0.01693924419491374,-263.8096642089781,0,366.9150085449219,0.0,990.6295869446258,0,130.3300018310547,0.0,-240.89609533384282,-71,218.86099243164062,-0.1550064628305985,-237.64914979248897
2026-09-10,2026-09-10T11:50:00-04:00,open_before_orders,114089.27513537304,100248.17273363964,17237.017684936523,-13841.102401733398,0.1719434600642093,-0.138068375954436,431.5532490264893,2157766.2451324463,-0.00973994700888936,1,1697.9576416015625,0.016937542054886647,-263.9820274902281,0,366.8699951171875,0.0,990.6295869446258,0,130.30999755859375,0.0,-240.89609533384282,-71,218.86000061035156,-0.15500591800932265,-237.57873048096553
2026-09-10,2026-09-10T11:50:00-04:00,after_fill,115786.89318544629,100247.83314211133,15539.060043334961,-15539.060043334961,0.15500644309495237,-0.15500644309495237,431.89284055480965,2159464.202774048,-0.009743301523147951,0,1697.9576416015625,0.0,-264.3216190185483,0,366.8699951171875,0.0,990.6295869446258,0,130.30999755859375,0.0,-240.89609533384282,-71,218.86000061035156,-0.15500644309495237,-237.57873048096553
2026-09-10,2026-09-10T11:55:00-04:00,bar_close,115786.89318544629,100252.80366213086,15534.08952331543,-15534.08952331543,0.15494917803663602,-0.15494917803663602,431.89284055480965,2159464.202774048,-0.009694202299853183,0,1697.8699951171875,0.0,-264.3216190185483,0,365.8999938964844,0.0,990.6295869446258,0,130.220703125,0.0,-240.89609533384282,-71,218.7899932861328,-0.15494917803663602,-232.60821046143428
2026-09-10,2026-09-10T11:55:00-04:00,open_before_orders,115786.89318544629,100253.15792543652,15533.735260009766,-15533.735260009766,0.1549450968074543,-0.1549450968074543,431.89284055480965,2159464.202774048,-0.009690702856518962,0,1697.219970703125,0.0,-264.3216190185483,0,365.8999938964844,0.0,990.6295869446258,0,130.1717987060547,0.0,-240.89609533384282,-71,218.78500366210938,-0.1549450968074543,-232.25394715577022
2026-09-10,2026-09-10T12:00:00-04:00,bar_close,115786.89318544629,100253.51327211621,15533.379913330078,-15533.379913330078,0.1549410031264253,-0.1549410031264253,431.89284055480965,2159464.202774048,-0.009687192711523185,0,1698.469970703125,0.0,-264.3216190185483,0,366.7991943359375,0.0,990.6295869446258,0,130.49000549316406,0.0,-240.89609533384282,-71,218.77999877929688,-0.1549410031264253,-231.89860047608272
2026-09-10,2026-09-10T12:00:00-04:00,open_before_orders,115786.89318544629,100253.51327211621,15533.379913330078,-15533.379913330078,0.1549410031264253,-0.1549410031264253,431.89284055480965,2159464.202774048,-0.009687192711523185,0,1698.3199462890625,0.0,-264.3216190185483,0,366.75,0.0,990.6295869446258,0,130.4199981689453,0.0,-240.89609533384282,-71,218.77999877929688,-0.1549410031264253,-231.89860047608272
2026-09-10,2026-09-10T12:05:00-04:00,bar_close,115786.89318544629,100241.79766542675,15545.095520019531,-15545.095520019531,0.1550759850886135,-0.1550759850886135,431.89284055480965,2159464.202774048,-0.009802920479768384,0,1697.5400390625,0.0,-264.3216190185483,0,366.1700134277344,0.0,990.6295869446258,0,129.94000244140625,0.0,-240.89609533384282,-71,218.94500732421875,-0.1550759850886135,-243.61420716553584
2026-09-10,2026-09-10T12:05:00-04:00,open_before_orders,115786.89318544629,100242.86370546582,15544.029479980469,-15544.029479980469,0.15506370134887637,-0.15506370134887637,431.89284055480965,2159464.202774048,-0.009792390044781052,0,1697.155029296875,0.0,-264.3216190185483,0,366.1471862792969,0.0,990.6295869446258,0,129.89500427246094,0.0,-240.89609533384282,-71,218.92999267578125,-0.15506370134887637,-242.54816712647334
2026-09-10,2026-09-10T12:10:00-04:00,bar_close,115786.89318544629,100243.21796877148,15543.675216674805,-15543.675216674805,0.1550596193102768,-0.1550596193102768,431.89284055480965,2159464.202774048,-0.009788890601446831,0,1692.4200439453125,0.0,-264.3216190185483,0,366.45001220703125,0.0,990.6295869446258,0,129.2949981689453,0.0,-240.89609533384282,-71,218.9250030517578,-0.1550596193102768,-242.19390382080928
2026-09-10,2026-09-10T12:10:00-04:00,open_before_orders,115786.89318544629,100243.57331545117,15543.319869995117,-15543.319869995117,0.15505552481736332,-0.15505552481736332,431.89284055480965,2159464.202774048,-0.009785380456451054,0,1692.81005859375,0.0,-264.3216190185483,0,366.5199890136719,0.0,990.6295869446258,0,129.3249969482422,0.0,-240.89609533384282,-71,218.9199981689453,-0.15505552481736332,-241.83855714112178
2026-09-10,2026-09-10T12:10:00-04:00,after_fill,110707.44732362988,100242.55762941601,20621.750045776367,-10464.889694213867,0.2057185145057088,-0.10439567726215879,432.9085265899659,2164542.632949829,-0.009795413490266691,3,1692.81005859375,0.050661418621775,-265.33730505370477,0,366.5199890136719,0.0,990.6295869446258,0,129.3249969482422,0.0,-240.89609533384282,-71,218.9199981689453,-0.1550570958839338,-241.83855714112178
2026-09-10,2026-09-10T12:15:00-04:00,bar_close,110707.44732362988,100284.5417450166,20578.53546142578,-10422.905578613281,0.2052014707685333,-0.10393332209778205,432.9085265899659,2164542.632949829,-0.009380690793525992,3,1692.60498046875,0.05063407433537562,-265.95253942870477,0,366.2900085449219,0.0,990.6295869446258,0,129.34500122070312,0.0,-240.89609533384282,-71,218.32000732421875,-0.15456739643315767,-199.23920716553584
2026-09-10,2026-09-10T12:15:00-04:00,open_before_orders,110707.44732362988,100284.22214967968,20579.63508605957,-10423.225173950195,0.2052130898053269,-0.10393684021792543,432.9085265899659,2164542.632949829,-0.009383847783689947,3,1692.7349853515625,0.05063812479370074,-265.56252478026727,0,366.3599853515625,0.0,990.6295869446258,0,129.33590698242188,0.0,-240.89609533384282,-71,218.3300018310547,-0.15457496501162615,-199.9488171508874
2026-09-10,2026-09-10T12:15:00-04:00,after_fill,110489.07365579846,100284.17848367932,20361.305084228516,-10204.89517211914,0.20303606602852314,-0.1017597723431511,432.9521925903321,2164760.96295166,-0.009384279120188688,3,1692.7349853515625,0.05063814684268602,-265.56252478026727,0,366.3599853515625,0.0,990.6295869446258,0,129.33590698242188,0.0,-240.89609533384282,-70,218.3300018310547,-0.15239791918583712,-199.99248315125442
2026-09-10,2026-09-10T12:20:00-04:00,bar_close,110489.07365579846,100268.12205667737,20329.848571777344,-10220.951599121094,0.20275485522991776,-0.10193620254843926,432.9521925903321,2164760.96295166,-0.00954288588398522,3,1684.816162109375,0.050409326340739254,-289.31899450682977,0,366.42340087890625,0.0,990.6295869446258,0,129.1699981689453,0.0,-240.89609533384282,-70,218.22000122070312,-0.15234552888917852,-192.29244042664504
2026-09-10,2026-09-10T12:20:00-04:00,open_before_orders,110489.07365579846,100268.64354105237,20330.370056152344,-10220.430114746094,0.20275900159982324,-0.10193047151935995,432.9521925903321,2164760.96295166,-0.009537734616578142,3,1684.989990234375,0.050414265040231644,-288.79751013182977,0,366.360107421875,0.0,990.6295869446258,0,129.13999938964844,0.0,-240.89609533384282,-70,218.22000122070312,-0.1523447365595916,-192.29244042664504
2026-09-10,2026-09-10T12:20:00-04:00,after_fill,108803.74666756604,100268.30654305432,22015.36004638672,-8535.440124511719,0.21956449455874194,-0.08512600261027323,433.289190588379,2166445.9529418945,-0.009541063511722125,4,1684.989990234375,0.06721924597423436,-289.13450812987685,0,366.360107421875,0.0,990.6295869446258,0,129.13999938964844,0.0,-240.89609533384282,-70,218.22000122070312,-0.15234524858450757,-192.29244042664504
2026-09-10,2026-09-10T12:20:00-04:00,after_fill,112730.9210975343,100267.52095104993,25943.320068359375,-12463.400146484375,0.2587410142614852,-0.12430146899282511,434.0747825927735,2170373.912963867,-0.009548823656956529,4,1684.989990234375,0.06721977263433004,-289.13450812987685,0,366.360107421875,0.0,990.6295869446258,0,129.13999938964844,0.0,-240.89609533384282,-88,218.22000122070312,-0.19152124162715517,-193.0780324310399
2026-09-10,2026-09-10T12:25:00-04:00,bar_close,112730.9210975343,100258.32075573743,25935.000732421875,-12472.600341796875,0.2586817785987873,-0.12440464041068744,434.0747825927735,2170373.912963867,-0.00963970397576186,4,1682.800048828125,0.06713856909404996,-297.89427375487685,0,366.1499938964844,0.0,990.6295869446258,0,129.4416961669922,0.0,-240.89609533384282,-88,218.22500610351562,-0.19154320950473738,-193.5184621185399
2026-09-10,2026-09-10T12:25:00-04:00,open_before_orders,112730.9210975343,100259.32136608899,25931.599731445312,-12471.599731445312,0.25864527485437616,-0.1243934186020096,434.0747825927735,2170373.912963867,-0.009629819860842437,4,1682.5,0.06712592812618327,-299.09446906737685,0,366.20001220703125,0.0,990.6295869446258,0,129.48500061035156,0.0,-240.89609533384282,-88,218.1999969482422,-0.19151934672819287,-191.3176564544774
2026-09-10,2026-09-10T12:30:00-04:00,bar_close,112730.9210975343,100295.9611365968,25889.0400390625,-12434.9599609375,0.2581264464259259,-0.12398265912225384,434.0747825927735,2170373.912963867,-0.009267889063549473,4,1681.760009765625,0.06707189365183602,-302.05443000487685,0,366.1300964355469,0.0,990.6295869446258,0,129.3105010986328,0.0,-240.89609533384282,-88,217.75,-0.19105455277408986,-151.7179250091649
2026-09-10,2026-09-10T12:30:00-04:00,open_before_orders,112730.9210975343,100297.6808631593,25890.759765625,-12433.240234375,0.258139166756497,-0.12396338706313895,434.0747825927735,2170373.912963867,-0.009250901456988037,4,1682.18994140625,0.06708788984667904,-300.33470344237685,0,366.1000061035156,0.0,990.6295869446258,0,129.3300018310547,0.0,-240.89609533384282,-88,217.75,-0.191051276909818,-151.7179250091649
2026-09-10,2026-09-10T12:35:00-04:00,bar_close,112730.9210975343,100268.52107312024,25886.239868164062,-12462.400024414062,0.25816916008252155,-0.12429025471838694,434.0747825927735,2170373.912963867,-0.009538944365321211,4,1677.97998046875,0.0669394526820673,-317.17454719237685,0,365.760009765625,0.0,990.6295869446258,0,129.19000244140625,0.0,-240.89609533384282,-88,217.88999938964844,-0.19122970740045422,-164.0378712982274
2026-09-10,2026-09-10T12:35:00-04:00,open_before_orders,112730.9210975343,100267.68171765149,25884.519653320312,-12463.239379882812,0.2581541650300618,-0.12429966631699572,434.0747825927735,2170373.912963867,-0.009547235590670278,4,1677.6600341796875,0.06692724935653303,-318.45433234862685,0,365.7449951171875,0.0,990.6295869446258,0,129.15499877929688,0.0,-240.89609533384282,-88,217.88499450683594,-0.19122691567352876,-163.5974416107274
2026-09-10,2026-09-10T12:40:00-04:00,bar_close,112730.9210975343,100271.05232312024,25901.618774414062,-12459.868774414062,0.2583160161812896,-0.12426187305048457,434.0747825927735,2170373.912963867,-0.00951394046060372,4,1680.21875,0.06702707156540251,-308.21946906737685,0,366.3999938964844,0.0,990.6295869446258,0,129.6300048828125,0.0,-240.89609533384282,-88,217.96299743652344,-0.19128894461588708,-170.4616994232274
2026-09-10,2026-09-10T12:40:00-04:00,open_before_orders,112730.9210975343,100274.2023475343,25904.7177734375,-12456.71875,0.25833880666191594,-0.12422655536891743,434.0747825927735,2170373.912963867,-0.0094828242491245,4,1680.9998779296875,0.06705612564649925,-305.09495734862685,0,366.4049987792969,0.0,990.6295869446258,0,129.63999938964844,0.0,-240.89609533384282,-88,217.96270751953125,-0.19128268101541668,-170.4361867279149
2026-09-10,2026-09-10T12:45:00-04:00,bar_close,112730.9210975343,100240.7218787843,25953.4794921875,-12490.19921875,0.25891153820272406,-0.12460204779703925,434.0747825927735,2170373.912963867,-0.009813547192540462,4,1682.9100341796875,0.06715474520284241,-297.45433234862685,0,366.7799987792969,0.0,990.6295869446258,0,129.5050048828125,0.0,-240.89609533384282,-88,218.42999267578125,-0.19175679299988166,-211.5572804779149
2026-09-10,2026-09-10T12:45:00-04:00,open_before_orders,112730.9210975343,100244.17024304211,25958.670776367188,-12486.750854492188,0.2589544181315518,-0.12456336188147445,434.0747825927735,2170373.912963867,-0.009779483954482693,4,1683.989990234375,0.06719552812503866,-293.13450812987685,0,366.75,0.0,990.6295869446258,0,129.5500030517578,0.0,-240.89609533384282,-88,218.4398956298828,-0.1917588900065131,-212.4287404388524
2026-09-10,2026-09-10T12:50:00-04:00,bar_close,112730.9210975343,100231.26155163586,25963.379272460938,-12499.659545898438,0.2590347449541524,-0.12470819335601221,434.0747825927735,2170373.912963867,-0.009906997115944227,4,1682.9649658203125,0.0671632757990701,-297.23460578612685,0,366.3500061035156,0.0,990.6295869446258,0,129.47000122070312,0.0,-240.89609533384282,-88,218.5399932861328,-0.1918714691550823,-221.2373341888524
2026-09-10,2026-09-10T12:50:00-04:00,open_before_orders,112730.9210975343,100230.06123425305,25965.69970703125,-12500.85986328125,0.25906099814052214,-0.1247216624368294,434.0747825927735,2170373.912963867,-0.009918853954056006,4,1683.10498046875,0.06716966785184637,-296.67454719237685,0,366.3500061035156,0.0,990.6295869446258,0,129.4600067138672,0.0,-240.89609533384282,-88,218.55999755859375,-0.19189133028867578,-222.9977101654149
2026-09-10,2026-09-10T12:55:00-04:00,bar_close,112730.9210975343,100250.53010632336,26009.030639648438,-12480.390991210938,0.2594403302612352,-0.1244920199222341,434.0747825927735,2170373.912963867,-0.009716660679223277,4,1691.0799560546875,0.06747415516950056,-264.77464484862685,0,366.0899963378906,0.0,990.6295869446258,0,129.41000366210938,0.0,-240.89609533384282,-88,218.6898956298828,-0.19196617509173466,-234.4287404388524
2026-09-10,2026-09-10T12:55:00-04:00,open_before_orders,112730.9210975343,100251.6408240968,26010.16015625,-12479.2802734375,0.25944872265869307,-0.12447956134038597,434.0747825927735,2170373.912963867,-0.009705688913741795,4,1691.3599853515625,0.06748458065915354,-263.65452766112685,0,366.1000061035156,0.0,990.6295869446258,0,129.44000244140625,0.0,-240.89609533384282,-88,218.69000244140625,-0.1919641419995395,-234.4381398529149
2026-09-10,2026-09-10T12:55:00-04:00,after_fill,116112.96452424329,100250.96428010266,22627.440185546875,-15862.000244140625,0.22570795550978917,-0.15822291943069958,434.7513265869141,2173756.6329345703,-0.009712371873373038,2,1691.3599853515625,0.0337425180395448,-264.33107165526735,0,366.1000061035156,0.0,990.6295869446258,0,129.44000244140625,0.0,-240.89609533384282,-88,218.69000244140625,-0.19196543747024436,-234.4381398529149
2026-09-10,2026-09-10T13:00:00-04:00,bar_close,116112.96452424329,100248.78459260266,22635.820068359375,-15864.179931640625,0.22579645389565817,-0.15824810241950044,434.7513265869141,2173756.6329345703,-0.009733903013546374,2,1692.9100341796875,0.033774175738078865,-261.23097399901735,0,365.8500061035156,0.0,990.6295869446258,0,129.9600067138672,0.0,-240.89609533384282,-88,218.75,-0.1920222781575793,-239.7179250091649
2026-09-10,2026-09-10T13:00:00-04:00,open_before_orders,116112.96452424329,100247.1951150636,22635.989624023438,-15865.769409179688,0.22580172540530313,-0.15826646711630163,434.7513265869141,2173756.6329345703,-0.009749604009077206,2,1692.5550537109375,0.03376762914450075,-261.94093493651735,0,365.81500244140625,0.0,990.6295869446258,0,129.97000122070312,0.0,-240.89609533384282,-88,218.75999450683594,-0.1920340962608024,-240.5974416107274
2026-09-10,2026-09-10T13:05:00-04:00,bar_close,116112.96452424329,100248.37504670423,22642.449340820312,-15864.589477539062,0.22586350482261217,-0.15825283422447484,434.7513265869141,2173756.6329345703,-0.00973794854307608,2,1694.4649658203125,0.033805335299068665,-258.12111071776735,0,366.1758117675781,0.0,990.6295869446258,0,129.77279663085938,0.0,-240.89609533384282,-88,218.7899932861328,-0.1920581695235435,-243.2373341888524
2026-09-10,2026-09-10T13:05:00-04:00,open_before_orders,116112.96452424329,100248.3249978761,22642.399291992188,-15864.639526367188,0.22586311833611084,-0.15825341248049085,434.7513265869141,2173756.6329345703,-0.009738442929695168,2,1694.43994140625,0.03380485292781,-258.17115954589235,0,366.2149963378906,0.0,990.6295869446258,0,129.80999755859375,0.0,-240.89609533384282,-88,218.7899932861328,-0.19205826540830084,-243.2373341888524
2026-09-10,2026-09-10T13:10:00-04:00,bar_close,116112.96452424329,100246.68510529798,22662.759399414062,-15866.279418945312,0.22606991319073902,-0.1582723598518949,434.7513265869141,2173756.6329345703,-0.009754641929308194,2,1699.1199951171875,0.03389877666942206,-248.81105212401735,0,365.9849853515625,0.0,990.6295869446258,0,129.75,0.0,-240.89609533384282,-88,218.9149932861328,-0.19217113652131695,-254.2373341888524
2026-09-10,2026-09-10T13:10:00-04:00,open_before_orders,116112.96452424329,100246.86418244641,22662.060302734375,-15866.100341796875,0.22606253559702452,-0.1582702907586319,434.7513265869141,2173756.6329345703,-0.009752872989868488,2,1698.989990234375,0.03389612241919632,-249.07106188964235,0,365.9599914550781,0.0,990.6295869446258,0,129.75,0.0,-240.89609533384282,-88,218.91000366210938,-0.1921664131778282,-253.7982472747899
2026-09-10,2026-09-10T13:10:00-04:00,after_fill,119510.26490871595,100246.18458645033,19264.080322265625,-19264.080322265625,0.192167715925913,-0.192167715925913,435.4309225830078,2177154.612915039,-0.009759586097436879,0,1698.989990234375,0.0,-249.75065788573602,0,365.9599914550781,0.0,990.6295869446258,0,129.75,0.0,-240.89609533384282,-88,218.91000366210938,-0.192167715925913,-253.7982472747899
2026-09-10,2026-09-10T13:10:00-04:00,after_fill,119291.3111230531,100246.14080444959,19045.170318603516,-19045.170318603516,0.18998407485585883,-0.18998407485585883,435.4747045837403,2177373.522918701,-0.009760018579797358,0,1698.989990234375,0.0,-249.75065788573602,0,365.9599914550781,0.0,990.6295869446258,0,129.75,0.0,-240.89609533384282,-87,218.91000366210938,-0.18998407485585883,-253.84202927552178
2026-09-10,2026-09-10T13:15:00-04:00,bar_close,119291.3111230531,100260.93064514783,19030.380477905273,-19030.380477905273,0.18980853614115395,-0.18980853614115395,435.4747045837403,2177373.522918701,-0.009613923264200075,0,1697.52001953125,0.0,-249.75065788573602,0,366.0400085449219,0.0,990.6295869446258,0,129.6199951171875,0.0,-240.89609533384282,-87,218.74000549316406,-0.18980853614115395,-239.0521885772796
2026-09-10,2026-09-10T13:15:00-04:00,open_before_orders,119291.3111230531,100260.0611230531,19031.25,-19031.25,0.18981885495403997,-0.18981885495403997,435.4747045837403,2177373.522918701,-0.009622512478069223,0,1697.6400146484375,0.0,-249.75065788573602,0,366.1199951171875,0.0,990.6295869446258,0,129.65499877929688,0.0,-240.89609533384282,-87,218.75,-0.18981885495403997,-239.92171067200616
2026-09-10,2026-09-10T13:15:00-04:00,after_fill,114197.372495099,100259.04253904431,24124.170043945312,-13938.329956054688,0.24061839643591781,-0.13902317041005677,436.4932885925293,2182466.4429626465,-0.009632574138317085,3,1697.6400146484375,0.05079761301293052,-250.76924189452438,0,366.1199951171875,0.0,990.6295869446258,0,129.65499877929688,0.0,-240.89609533384282,-87,218.75,-0.18982078342298728,-239.92171067200616
2026-09-10,2026-09-10T13:20:00-04:00,bar_close,114197.372495099,100259.34315244763,24131.429489135742,-13938.029342651367,0.24069008164598793,-0.13901975521082494,436.4932885925293,2182466.4429626465,-0.009629604653322188,3,1698.9000244140625,0.0508351632175815,-246.98921259764938,0,366.1700134277344,0.0,990.6295869446258,0,129.88999938964844,0.0,-240.89609533384282,-87,218.7899932861328,-0.18985491842840643,-243.40112656556084
2026-09-10,2026-09-10T13:20:00-04:00,open_before_orders,114197.372495099,100258.99557249158,24131.987274169922,-13938.376922607422,0.2406964795166081,-0.13902370398803143,436.4932885925293,2182466.4429626465,-0.009633038077955458,3,1698.93505859375,0.050836387764288345,-246.88411005858688,0,366.18170166015625,0.0,990.6295869446258,0,129.89010620117188,0.0,-240.89609533384282,-87,218.79519653320312,-0.18986009175231977,-243.85380906067803
2026-09-10,2026-09-10T13:20:00-04:00,after_fill,119293.1583098451,100257.97621145642,19035.182098388672,-19035.182098388672,0.18986202213219552,-0.18986202213219552,437.51264962768556,2187563.2481384277,-0.009643107413736529,0,1698.93505859375,0.0,-247.90347109374306,0,366.18170166015625,0.0,990.6295869446258,0,129.89010620117188,0.0,-240.89609533384282,-87,218.79519653320312,-0.18986202213219552,-243.85380906067803
2026-09-10,2026-09-10T13:20:00-04:00,after_fill,119074.31935427258,100257.93245241711,18816.38690185547,-18816.38690185547,0.18767978195426896,-0.18767978195426896,437.5564086669922,2187782.043334961,-0.009643539669281997,0,1698.93505859375,0.0,-247.90347109374306,0,366.18170166015625,0.0,990.6295869446258,0,129.89010620117188,0.0,-240.89609533384282,-86,218.79519653320312,-0.18767978195426896,-243.8975680999829
2026-09-10,2026-09-10T13:25:00-04:00,bar_close,119074.31935427258,100273.85930178234,18800.460052490234,-18800.460052490234,0.18749113860182362,-0.18749113860182362,437.5564086669922,2187782.043334961,-0.009486212884500578,0,1698.0,0.0,-247.90347109374306,0,366.44000244140625,0.0,990.6295869446258,0,130.27499389648438,0.0,-240.89609533384282,-86,218.61000061035156,-0.18749113860182362,-227.97071873474852
2026-09-10,2026-09-10T13:25:00-04:00,open_before_orders,119074.31935427258,100272.99977419445,18801.319580078125,-18801.319580078125,0.18750131762704778,-0.18750131762704778,437.5564086669922,2187782.043334961,-0.009494703371773494,0,1697.760009765625,0.0,-247.90347109374306,0,366.44000244140625,0.0,990.6295869446258,0,130.35800170898438,0.0,-240.89609533384282,-86,218.6199951171875,-0.18750131762704778,-228.83024632263914
2026-09-10,2026-09-10T13:30:00-04:00,bar_close,119074.31935427258,100266.97914431164,18807.340209960938,-18807.340209960938,0.18757262231758298,-0.18757262231758298,437.5564086669922,2187782.043334961,-0.009554175670412168,0,1701.300048828125,0.0,-247.90347109374306,0,366.8299865722656,0.0,990.6295869446258,0,130.41409301757812,0.0,-240.89609533384282,-86,218.69000244140625,-0.18757262231758298,-234.85087620545164
2026-09-10,2026-09-10T13:30:00-04:00,open_before_orders,119074.31935427258,100267.40956423352,18806.909790039062,-18806.909790039062,0.187567524400747,-0.187567524400747,437.5564086669922,2187782.043334961,-0.009549923945487704,0,1701.60986328125,0.0,-247.90347109374306,0,366.8599853515625,0.0,990.6295869446258,0,130.34500122070312,0.0,-240.89609533384282,-86,218.68499755859375,-0.187567524400747,-234.42045628357664
2026-09-10,2026-09-10T13:35:00-04:00,bar_close,119074.31935427258,100284.17888186047,18790.14047241211,-18790.14047241211,0.1873689417604724,-0.1873689417604724,437.5564086669922,2187782.043334961,-0.009384275186921087,0,1699.6800537109375,0.0,-247.90347109374306,0,367.2250061035156,0.0,990.6295869446258,0,130.89999389648438,0.0,-240.89609533384282,-86,218.49000549316406,-0.1873689417604724,-217.65113865662352
2026-09-10,2026-09-10T13:35:00-04:00,open_before_orders,119074.31935427258,100284.17888186047,18790.14047241211,-18790.14047241211,0.1873689417604724,-0.1873689417604724,437.5564086669922,2187782.043334961,-0.009384275186921087,0,1700.175048828125,0.0,-247.90347109374306,0,367.260009765625,0.0,990.6295869446258,0,130.9398956298828,0.0,-240.89609533384282,-86,218.49000549316406,-0.1873689417604724,-217.65113865662352
2026-09-10,2026-09-10T13:40:00-04:00,bar_close,119074.31935427258,100312.12993166516,18762.189422607422,-18762.189422607422,0.18703809235621496,-0.18703809235621496,437.5564086669922,2187782.043334961,-0.00910817231835026,0,1700.050048828125,0.0,-247.90347109374306,0,366.19989013671875,0.0,990.6295869446258,0,130.27999877929688,0.0,-240.89609533384282,-86,218.1649932861328,-0.18703809235621496,-189.70008885193602
2026-09-10,2026-09-10T13:40:00-04:00,open_before_orders,119074.31935427258,100312.55903933117,18761.760314941406,-18761.760314941406,0.18703301455588606,-0.18703301455588606,437.5564086669922,2187782.043334961,-0.009103933556001809,0,1699.72998046875,0.0,-247.90347109374306,0,366.1705017089844,0.0,990.6295869446258,0,130.25,0.0,-240.89609533384282,-86,218.16000366210938,-0.18703301455588606,-189.2709811859204
2026-09-10,2026-09-10T13:40:00-04:00,after_fill,125664.07017122814,100311.24082552502,25352.829345703125,-25352.829345703125,0.2527416582334997,-0.2527416582334997,438.87462247314454,2194373.1123657227,-0.009116954985100567,0,1699.72998046875,0.0,-247.90347109374306,-18,366.1705017089844,-0.06570618583241139,989.3113731384738,0,130.25,0.0,-240.89609533384282,-86,218.16000366210938,-0.18703547240108828,-189.2709811859204
2026-09-10,2026-09-10T13:45:00-04:00,bar_close,125664.07017122814,100272.23762117932,25391.832550048828,-25391.832550048828,0.253228941055222,-0.253228941055222,438.87462247314454,2194373.1123657227,-0.009502231984660603,0,1700.656982421875,0.0,-247.90347109374306,-18,367.3818054199219,-0.06594918647912805,967.5079063415988,0,130.33999633789062,0.0,-240.89609533384282,-86,218.36000061035156,-0.18727975457609392,-206.47071873474852
2026-09-10,2026-09-10T13:45:00-04:00,open_before_orders,125664.07017122814,100271.56055819103,25392.50961303711,-25392.50961303711,0.25323740322462585,-0.25323740322462585,438.87462247314454,2194373.1123657227,-0.009508920070960603,0,1701.0050048828125,0.0,-247.90347109374306,-18,367.385009765625,-0.06595020700753469,967.4502281189425,0,130.33999633789062,0.0,-240.89609533384282,-86,218.36720275878906,-0.1872871962170911,-207.09010350037352
2026-09-10,2026-09-10T13:50:00-04:00,bar_close,125664.07017122814,100290.09904085705,25373.971130371094,-25373.971130371094,0.2530057440668597,-0.2530057440668597,438.87462247314454,2194373.1123657227,-0.009325795348318455,0,1701.0001220703125,0.0,-247.90347109374306,-18,366.3900146484375,-0.06575943514608694,985.3601402283175,0,130.25999450683594,0.0,-240.89609533384282,-86,218.35989379882812,-0.1872463089207728,-206.4615329437329
2026-09-10,2026-09-10T13:50:00-04:00,open_before_orders,125664.07017122814,100287.79056917736,25376.27960205078,-25376.27960205078,0.2530345863442521,-0.2530345863442521,438.87462247314454,2194373.1123657227,-0.009348598629670413,0,1701.989013671875,0.0,-247.90347109374306,-18,366.4700012207031,-0.06577530509481605,983.9203819275363,0,130.21560668945312,0.0,-240.89609533384282,-86,218.3699951171875,-0.18725928124943605,-207.33024632263914
2026-09-10,2026-09-10T13:50:00-04:00,after_fill,127129.65700010998,100287.49739317638,26842.159606933594,-26842.159606933594,0.2676521032497113,-0.2676521032497113,439.1677984741211,2195838.9923706055,-0.009351494647366732,0,1701.989013671875,0.0,-247.90347109374306,-22,366.4700012207031,-0.08039227457483683,983.6272059265593,0,130.21560668945312,0.0,-240.89609533384282,-86,218.3699951171875,-0.18725982867487442,-207.33024632263914
2026-09-10,2026-09-10T13:55:00-04:00,bar_close,127129.65700010998,100267.73710875255,26861.919891357422,-26861.919891357422,0.26790192604249563,-0.26790192604249563,439.1677984741211,2195838.9923706055,-0.009546688432620631,0,1706.699951171875,0.0,-247.90347109374306,-22,366.42999267578125,-0.08039933952158064,984.5073939148406,0,130.19500732421875,0.0,-240.89609533384282,-86,218.61000061035156,-0.187502586520915,-227.97071873474852
2026-09-10,2026-09-10T13:55:00-04:00,open_before_orders,127129.65700010998,100266.93162779552,26862.725372314453,-26862.725372314453,0.2679121115626889,-0.2679121115626889,439.1677984741211,2195838.9923706055,-0.009554645042635923,0,1707.0,0.0,-247.90347109374306,-22,366.44000244140625,-0.08040218168475514,984.2871790710906,0,130.15370178222656,0.0,-240.89609533384282,-86,218.61680603027344,-0.18750992987793375,-228.55598484802977
2026-09-10,2026-09-10T13:55:00-04:00,after_fill,119066.3646103883,100265.31929178478,18801.045318603516,-18801.045318603516,0.18751294516791087,-0.18751294516791087,440.7801344848633,2203900.6724243164,-0.009570571836111541,0,1707.0,0.0,-247.90347109374306,0,366.44000244140625,0.0,982.6748430603484,0,130.15370178222656,0.0,-240.89609533384282,-86,218.61680603027344,-0.18751294516791087,-228.55598484802977
2026-09-10,2026-09-10T14:00:00-04:00,bar_close,119066.3646103883,100286.46760721446,18779.897003173828,-18779.897003173828,0.18726252356128284,-0.18726252356128284,440.7801344848633,2203900.6724243164,-0.009361666961468895,0,1709.0899658203125,0.0,-247.90347109374306,0,365.4565124511719,0.0,982.6748430603484,0,130.0500030517578,0.0,-240.89609533384282,-86,218.3708953857422,-0.18726252356128284,-207.40766941834227
2026-09-10,2026-09-10T14:00:00-04:00,open_before_orders,119066.3646103883,100288.26408548595,18778.100524902344,-18778.100524902344,0.18724125595489266,-0.18724125595489266,440.7801344848633,2203900.6724243164,-0.009343921194939653,0,1708.989990234375,0.0,-247.90347109374306,0,365.4549865722656,0.0,982.6748430603484,0,130.11000061035156,0.0,-240.89609533384282,-86,218.35000610351562,-0.18724125595489266,-205.6111911468579
2026-09-10,2026-09-10T14:05:00-04:00,bar_close,119066.3646103883,100299.44450540782,18766.92010498047,-18766.92010498047,0.1871089136886358,-0.1871089136886358,440.7801344848633,2203900.6724243164,-0.009233480047511344,0,1707.3900146484375,0.0,-247.90347109374306,0,365.4150085449219,0.0,982.6748430603484,0,129.67990112304688,0.0,-240.89609533384282,-86,218.22000122070312,-0.1871089136886358,-194.4307712249829
2026-09-10,2026-09-10T14:05:00-04:00,open_before_orders,119066.3646103883,100300.31321878673,18766.051391601562,-18766.051391601562,0.18709863199197457,-0.18709863199197457,440.7801344848633,2203900.6724243164,-0.009224898822206451,0,1707.75,0.0,-247.90347109374306,0,365.4024963378906,0.0,982.6748430603484,0,129.64999389648438,0.0,-240.89609533384282,-86,218.20989990234375,-0.18709863199197457,-193.56205784607664
2026-09-10,2026-09-10T14:10:00-04:00,bar_close,119066.3646103883,100302.02440042736,18764.340209960938,-18764.340209960938,0.18707837974485575,-0.18707837974485575,440.7801344848633,2203900.6724243164,-0.009207995623116472,0,1707.2900390625,0.0,-247.90347109374306,0,365.510009765625,0.0,982.6748430603484,0,129.42999267578125,0.0,-240.89609533384282,-86,218.19000244140625,-0.18707837974485575,-191.85087620545164
2026-09-10,2026-09-10T14:10:00-04:00,open_before_orders,119066.3646103883,100302.8852402711,18763.479370117188,-18763.479370117188,0.18706819175909153,-0.18706819175909153,440.7801344848633,2203900.6724243164,-0.009199492173267543,0,1707.2900390625,0.0,-247.90347109374306,0,365.5,0.0,982.6748430603484,0,129.44000244140625,0.0,-240.89609533384282,-86,218.17999267578125,-0.18706819175909153,-190.99003636170164
2026-09-10,2026-09-10T14:15:00-04:00,bar_close,119066.3646103883,100302.82487650157,18763.53973388672,-18763.53973388672,0.187068906154831,-0.187068906154831,440.7801344848633,2203900.6724243164,-0.009200088451763011,0,1711.510009765625,0.0,-247.90347109374306,0,365.6000061035156,0.0,982.6748430603484,0,129.2899932861328,0.0,-240.89609533384282,-86,218.18069458007812,-0.187068906154831,-191.0504001312329
2026-09-10,2026-09-10T14:15:00-04:00,open_before_orders,119066.3646103883,100303.70146341564,18762.663146972656,-18762.663146972656,0.18705853197068778,-0.18705853197068778,440.7801344848633,2203900.6724243164,-0.009191429451002264,0,1711.280029296875,0.0,-247.90347109374306,0,365.55999755859375,0.0,982.6748430603484,0,129.2899932861328,0.0,-240.89609533384282,-86,218.17050170898438,-0.18705853197068778,-190.1738132171704
2026-09-10,2026-09-10T14:20:00-04:00,bar_close,119066.3646103883,100303.75264139415,18762.61196899414,-18762.61196899414,0.1870579262978745,-0.1870579262978745,440.7801344848633,2203900.6724243164,-0.009190923910538662,0,1711.36865234375,0.0,-247.90347109374306,0,365.6499938964844,0.0,982.6748430603484,0,129.5500030517578,0.0,-240.89609533384282,-86,218.16990661621094,-0.1870579262978745,-190.12263523865477
2026-09-10,2026-09-10T14:20:00-04:00,open_before_orders,119066.3646103883,100303.744767859,18762.619842529297,-18762.619842529297,0.18705801947826708,-0.18705801947826708,440.7801344848633,2203900.6724243164,-0.009191001685994626,0,1711.9000244140625,0.0,-247.90347109374306,0,365.6499938964844,0.0,982.6748430603484,0,129.52999877929688,0.0,-240.89609533384282,-86,218.1699981689453,-0.18705801947826708,-190.13050877381102
2026-09-10,2026-09-10T14:25:00-04:00,bar_close,119066.3646103883,100303.744767859,18762.619842529297,-18762.619842529297,0.18705801947826708,-0.18705801947826708,440.7801344848633,2203900.6724243164,-0.009191001685994626,0,1711.010009765625,0.0,-247.90347109374306,0,365.8900146484375,0.0,982.6748430603484,0,129.67999267578125,0.0,-240.89609533384282,-86,218.1699981689453,-0.18705801947826708,-190.13050877381102
2026-09-10,2026-09-10T14:25:00-04:00,open_before_orders,119066.3646103883,100303.31434793712,18763.050262451172,-18763.050262451172,0.18706311336198694,-0.18706311336198694,440.7801344848633,2203900.6724243164,-0.009195253410919091,0,1712.0,0.0,-247.90347109374306,0,365.8900146484375,0.0,982.6748430603484,0,129.6999969482422,0.0,-240.89609533384282,-86,218.1750030517578,-0.18706311336198694,-190.56092869568602
2026-09-10,2026-09-10T14:30:00-04:00,bar_close,119066.3646103883,100315.35429544689,18751.010314941406,-18751.010314941406,0.18692064087932425,-0.18692064087932425,440.7801344848633,2203900.6724243164,-0.009076321776217755,0,1716.4549560546875,0.0,-247.90347109374306,0,365.8500061035156,0.0,982.6748430603484,0,129.30999755859375,0.0,-240.89609533384282,-86,218.03500366210938,-0.18692064087932425,-178.5209811859204
2026-09-10,2026-09-10T14:30:00-04:00,open_before_orders,119066.3646103883,100315.77552957775,18750.589080810547,-18750.589080810547,0.18691565690265738,-0.18691565690265738,440.7801344848633,2203900.6724243164,-0.009072160789325157,0,1716.31005859375,0.0,-247.90347109374306,0,365.8212890625,0.0,982.6748430603484,0,129.3300018310547,0.0,-240.89609533384282,-86,218.0301055908203,-0.18691565690265738,-178.09974705506102
2026-09-10,2026-09-10T14:35:00-04:00,bar_close,119066.3646103883,100326.62919779064,18739.735412597656,-18739.735412597656,0.186787252421816,-0.186787252421816,440.7801344848633,2203900.6724243164,-0.008964947323318206,0,1720.4150390625,0.0,-247.90347109374306,0,365.5784912109375,0.0,982.6748430603484,0,129.3699951171875,0.0,-240.89609533384282,-86,217.90390014648438,-0.186787252421816,-167.2460788421704
2026-09-10,2026-09-10T14:35:00-04:00,open_before_orders,119066.3646103883,100326.96513529064,18739.399475097656,-18739.399475097656,0.18678327855156016,-0.18678327855156016,440.7801344848633,2203900.6724243164,-0.008961628903864871,0,1720.0987548828125,0.0,-247.90347109374306,0,365.63720703125,0.0,982.6748430603484,0,129.39999389648438,0.0,-240.89609533384282,-86,217.89999389648438,-0.18678327855156016,-166.9101413421704
2026-09-10,2026-09-10T14:35:00-04:00,after_fill,127734.43024153453,100325.23117537242,27409.19906616211,-27409.19906616211,0.27320344787693296,-0.27320344787693296,442.51409440307623,2212570.472015381,-0.008978757108735635,0,1720.0987548828125,0.0,-247.90347109374306,0,365.63720703125,0.0,982.6748430603484,-67,129.39999389648438,-0.08641694107745743,-242.63005525205517,-86,217.89999389648438,-0.18678650679947553,-166.9101413421704
2026-09-10,2026-09-10T14:40:00-04:00,bar_close,127734.43024153453,100304.34003157359,27430.090209960938,-27430.090209960938,0.27346862759205187,-0.27346862759205187,442.51409440307623,2212570.472015381,-0.009185121619939673,0,1721.699951171875,0.0,-247.90347109374306,0,366.0299987792969,0.0,982.6748430603484,-67,129.5,-0.08650174057542105,-249.33046418760205,-86,218.06500244140625,-0.1869668870166308,-181.10087620545164
2026-09-10,2026-09-10T14:40:00-04:00,open_before_orders,127734.43024153453,100305.91952986461,27428.510711669922,-27428.510711669922,0.2734485745230967,-0.2734485745230967,442.51409440307623,2212570.472015381,-0.00916951920027742,0,1721.5,0.0,-247.90347109374306,0,366.0007019042969,0.0,982.6748430603484,-67,129.47000122070312,-0.08648034056658449,-247.32054597471142,-86,218.07000732421875,-0.18696823395651221,-181.53129612732664
2026-09-10,2026-09-10T14:45:00-04:00,bar_close,127734.43024153453,100303.35933394176,27431.070907592773,-27431.070907592773,0.2734810786971354,-0.2734810786971354,442.51409440307623,2212570.472015381,-0.009194809035304785,0,1719.8499755859375,0.0,-247.90347109374306,0,366.04998779296875,0.0,982.6748430603484,-67,129.7100067138672,-0.08664286527927176,-263.4009140167036,-86,217.9127960205078,-0.1868382134178636,-168.01112400818602
2026-09-10,2026-09-10T14:45:00-04:00,open_before_orders,127734.43024153453,100304.75088972789,27429.67935180664,-27429.67935180664,0.27346341133893076,-0.27346341133893076,442.51409440307623,2212570.472015381,-0.009181063127833955,0,1720.0,0.0,-247.90347109374306,0,366.0199890136719,0.0,982.6748430603484,-67,129.67999267578125,-0.08662161495051508,-261.3899734649458,-86,217.9199981689453,-0.1868417963884157,-168.63050877381102
2026-09-10,2026-09-10T14:50:00-04:00,bar_close,127734.43024153453,100310.56450361949,27423.86573791504,-27423.86573791504,0.2733896063053808,-0.2733896063053808,442.51409440307623,2212570.472015381,-0.009123635750921455,0,1713.760009765625,0.0,-247.90347109374306,0,366.0450134277344,0.0,982.6748430603484,-67,129.5800018310547,-0.08654980824444865,-254.6905868682661,-86,217.9302978515625,-0.18683979806093215,-169.51628147888914
2026-09-10,2026-09-10T14:50:00-04:00,open_before_orders,127734.43024153453,100313.51053328258,27420.919708251953,-27420.919708251953,0.27335220911398656,-0.27335220911398656,442.51409440307623,2212570.472015381,-0.009094534617097971,0,1713.68994140625,0.0,-247.90347109374306,0,365.989990234375,0.0,982.6748430603484,-67,129.52999877929688,-0.08651386908978213,-251.34038240049267,-86,217.93499755859375,-0.18683834002420444,-169.92045628357664
2026-09-10,2026-09-10T14:50:00-04:00,after_fill,119054.184621338,100311.77483129894,18742.409790039062,-18742.409790039062,0.18684157290168013,-0.18684157290168013,444.2497963867188,2221248.9819335938,-0.009111680030240432,0,1713.68994140625,0.0,-247.90347109374306,0,365.989990234375,0.0,982.6748430603484,0,129.52999877929688,0.0,-253.07608438413445,-86,217.93499755859375,-0.18684157290168013,-169.92045628357664
2026-09-10,2026-09-10T14:55:00-04:00,bar_close,119054.184621338,100290.70525122082,18763.479370117188,-18763.479370117188,0.18709091059950228,-0.18709091059950228,444.2497963867188,2221248.9819335938,-0.009319807150323656,0,1710.6600341796875,0.0,-247.90347109374306,0,366.4649963378906,0.0,982.6748430603484,0,129.7899932861328,0.0,-253.07608438413445,-86,218.17999267578125,-0.18709091059950228,-190.99003636170164
2026-09-10,2026-09-10T14:55:00-04:00,open_before_orders,119054.184621338,100290.70525122082,18763.479370117188,-18763.479370117188,0.18709091059950228,-0.18709091059950228,444.2497963867188,2221248.9819335938,-0.009319807150323656,0,1711.280029296875,0.0,-247.90347109374306,0,366.4200134277344,0.0,982.6748430603484,0,129.77000427246094,0.0,-253.07608438413445,-86,218.17999267578125,-0.18709091059950228,-190.99003636170164
2026-09-10,2026-09-10T15:00:00-04:00,bar_close,119054.184621338,100286.3354392091,18767.849182128906,-18767.849182128906,0.18714263613217252,-0.18714263613217252,444.2497963867188,2221248.9819335938,-0.009362972528367819,0,1710.31005859375,0.0,-247.90347109374306,0,366.2699890136719,0.0,982.6748430603484,0,129.9199981689453,0.0,-253.07608438413445,-86,218.23080444335938,-0.18714263613217252,-195.3598483734204
2026-09-10,2026-09-10T15:00:00-04:00,open_before_orders,119054.184621338,100286.40498876965,18767.77963256836,-18767.77963256836,0.18714181283764264,-0.18714181283764264,444.2497963867188,2221248.9819335938,-0.009362285511840485,0,1709.56005859375,0.0,-247.90347109374306,0,366.2699890136719,0.0,982.6748430603484,0,129.9499969482422,0.0,-253.07608438413445,-86,218.22999572753906,-0.18714181283764264,-195.29029881287352
2026-09-10,2026-09-10T15:00:00-04:00,after_fill,120763.40276792004,100286.06307675793,20477.33969116211,-20477.33969116211,0.2041892867555182,-0.2041892867555182,444.59170839843756,2222958.5419921875,-0.009365662948033093,-1,1709.56005859375,-0.017046835882721514,-248.24538310546177,0,366.2699890136719,0.0,982.6748430603484,0,129.9499969482422,0.0,-253.07608438413445,-86,218.22999572753906,-0.18714245087279668,-195.29029881287352
2026-09-10,2026-09-10T15:05:00-04:00,bar_close,120763.40276792004,100313.43340756847,20449.969360351562,-20449.969360351562,0.2038607259833721,-0.2038607259833721,444.59170839843756,2222958.5419921875,-0.009095296471520409,-1,1707.989990234375,-0.017026533059584324,-246.67531474608677,0,365.5150146484375,0.0,982.6748430603484,0,129.77940368652344,0.0,-253.07608438413445,-86,217.92999267578125,-0.18683419292378778,-169.49003636170164
2026-09-10,2026-09-10T15:05:00-04:00,open_before_orders,120763.40276792004,100313.55450131847,20449.848266601562,-20449.848266601562,0.2038592727399843,-0.2038592727399843,444.59170839843756,2222958.5419921875,-0.009094100297066254,-1,1707.155029296875,-0.017018188995331005,-245.84035380858677,0,365.4599914550781,0.0,982.6748430603484,0,129.7899932861328,0.0,-253.07608438413445,-86,217.93829345703125,-0.1868410837446533,-170.20390354920164
2026-09-10,2026-09-10T15:10:00-04:00,bar_close,120763.40276792004,100315.27425839855,20448.128509521484,-20448.128509521484,0.2038386343524305,-0.2038386343524305,444.59170839843756,2222958.5419921875,-0.009077112389049513,-1,1703.56005859375,-0.01698206052057048,-242.24538310546177,0,365.9750061035156,0.0,982.6748430603484,0,129.8784942626953,0.0,-253.07608438413445,-86,217.96009826660156,-0.18685657383186,-172.07911717224852
2026-09-10,2026-09-10T15:10:00-04:00,open_before_orders,120763.40276792004,100313.056271338,20450.34649658203,-20450.34649658203,0.2038652520093261,-0.2038652520093261,444.59170839843756,2222958.5419921875,-0.009099021855568656,-1,1703.0,-0.016976852897329083,-241.68532451171177,0,365.9750061035156,0.0,982.6748430603484,0,129.8404998779297,0.0,-253.07608438413445,-86,217.99240112304688,-0.186888399111997,-174.8571628265454
2026-09-10,2026-09-10T15:10:00-04:00,after_fill,119060.06216792004,100312.71567133801,18747.34649658203,-18747.34649658203,0.18688903366952353,-0.18688903366952353,444.93230839843756,2224661.5419921875,-0.00910238633159699,0,1703.0,0.0,-242.02592451171176,0,365.9750061035156,0.0,982.6748430603484,0,129.8404998779297,0.0,-253.07608438413445,-86,217.99240112304688,-0.18688903366952353,-174.8571628265454
2026-09-10,2026-09-10T15:15:00-04:00,bar_close,119060.06216792004,100314.64206293957,18745.42010498047,-18745.42010498047,0.18686624125338738,-0.18686624125338738,444.93230839843756,2224661.5419921875,-0.009083357270044723,0,1700.800048828125,0.0,-242.02592451171176,0,364.82000732421875,0.0,982.6748430603484,0,129.66000366210938,0.0,-253.07608438413445,-86,217.97000122070312,-0.18686624125338738,-172.9307712249829
2026-09-10,2026-09-10T15:15:00-04:00,open_before_orders,119060.06216792004,100314.64206293957,18745.42010498047,-18745.42010498047,0.18686624125338738,-0.18686624125338738,444.93230839843756,2224661.5419921875,-0.009083357270044723,0,1700.875,0.0,-242.02592451171176,0,364.82000732421875,0.0,982.6748430603484,0,129.68499755859375,0.0,-253.07608438413445,-86,217.97000122070312,-0.18686624125338738,-172.9307712249829
2026-09-10,2026-09-10T15:15:00-04:00,after_fill,118842.04857269909,100314.59846893932,18527.450103759766,-18527.450103759766,0.18469345824572553,-0.18469345824572553,444.9759023986817,2224879.511993408,-0.009083787895320161,0,1700.875,0.0,-242.02592451171176,0,364.82000732421875,0.0,982.6748430603484,0,129.68499755859375,0.0,-253.07608438413445,-85,217.97000122070312,-0.18469345824572553,-172.97436522522548
2026-09-10,2026-09-10T15:15:00-04:00,after_fill,133431.93030560925,100311.67990888073,33120.250396728516,-33120.250396728516,0.3301734197534492,-0.3301734197534492,447.89446245727544,2239472.312286377,-0.009112617682033197,0,1700.875,0.0,-242.02592451171176,-40,364.82000732421875,-0.1454745878667797,979.756283001756,0,129.68499755859375,0.0,-253.07608438413445,-85,217.97000122070312,-0.18469883188666952,-172.97436522522548
2026-09-10,2026-09-10T15:20:00-04:00,bar_close,133431.93030560925,100327.43025983288,33104.50004577637,-33104.50004577637,0.32996459652201515,-0.32996459652201515,447.89446245727544,2239472.312286377,-0.008957034363722305,0,1702.81005859375,0.0,-242.02592451171176,-40,364.06500244140625,-0.14515073355254207,1009.956478314256,0,129.5850067138672,0.0,-253.07608438413445,-85,218.13999938964844,-0.18481386296947305,-187.42420958557705
2026-09-10,2026-09-10T15:20:00-04:00,open_before_orders,133431.93030560925,100331.33033002331,33100.59997558594,-33100.59997558594,0.32991289826126086,-0.32991289826126086,447.89446245727544,2239472.312286377,-0.00891850913569936,0,1702.8699951171875,0.0,-242.02592451171176,-40,364.010009765625,-0.1451231668386233,1012.156185345506,0,129.5399932861328,0.0,-253.07608438413445,-85,218.1199951171875,-0.18478973142263758,-185.72384642639736
2026-09-10,2026-09-10T15:25:00-04:00,bar_close,133431.93030560925,100317.20420087292,33114.72610473633,-33114.72610473633,0.33010016944280207,-0.33010016944280207,447.89446245727544,2239472.312286377,-0.009058048251671003,0,1708.155029296875,0.0,-242.02592451171176,-40,364.1400146484375,-0.1451954398247749,1006.955990033006,0,129.72000122070312,0.0,-253.07608438413445,-85,218.22500610351562,-0.18490472961802717,-194.64978026428798
2026-09-10,2026-09-10T15:25:00-04:00,open_before_orders,133431.93030560925,100314.4051286073,33117.52517700195,-33117.52517700195,0.33013728322013064,-0.33013728322013064,447.89446245727544,2239472.312286377,-0.009085697727711395,0,1708.0799560546875,0.0,-242.02592451171176,-40,364.2099914550781,-0.14522739420650327,1004.156917767381,0,129.74000549316406,0.0,-253.07608438413445,-85,218.22500610351562,-0.18490988901362737,-194.64978026428798
2026-09-10,2026-09-10T15:25:00-04:00,after_fill,118860.61696747449,100311.49144867566,18549.125518798828,-18549.125518798828,0.18491525996589814,-0.18491525996589814,450.80814238891605,2254040.71194458,-0.00911447930811149,0,1708.0799560546875,0.0,-242.02592451171176,0,364.2099914550781,0.0,1001.2432378357407,0,129.74000549316406,0.0,-253.07608438413445,-85,218.22500610351562,-0.18491525996589814,-194.64978026428798
2026-09-10,2026-09-10T15:30:00-04:00,bar_close,118860.61696747449,100305.11670807507,18555.500259399414,-18555.500259399414,0.18499056547038145,-0.18499056547038145,450.80814238891605,2254040.71194458,-0.00917744954280808,0,1713.449951171875,0.0,-242.02592451171176,0,363.94500732421875,0.0,1001.2432378357407,0,129.6649932861328,0.0,-253.07608438413445,-85,218.3000030517578,-0.18499056547038145,-201.02452086487392
2026-09-10,2026-09-10T15:30:00-04:00,open_before_orders,118860.61696747449,100304.27495697644,18556.342010498047,-18556.342010498047,0.18500050988312738,-0.18500050988312738,450.80814238891605,2254040.71194458,-0.009185764432394605,0,1713.260009765625,0.0,-242.02592451171176,0,363.9599914550781,0.0,1001.2432378357407,0,129.67999267578125,0.0,-253.07608438413445,-85,218.30990600585938,-0.18500050988312738,-201.86627196350673
2026-09-10,2026-09-10T15:35:00-04:00,bar_close,118860.61696747449,100285.99248627332,18574.624481201172,-18574.624481201172,0.18521653942591815,-0.18521653942591815,450.80814238891605,2254040.71194458,-0.009366360246897742,0,1709.0,0.0,-242.02592451171176,0,364.3999938964844,0.0,1001.2432378357407,0,129.42999267578125,0.0,-253.07608438413445,-85,218.52499389648438,-0.18521653942591815,-220.14874266663173
2026-09-10,2026-09-10T15:35:00-04:00,open_before_orders,118860.61696747449,100285.88094452527,18574.73602294922,-18574.73602294922,0.18521785766855983,-0.18521785766855983,450.80814238891605,2254040.71194458,-0.009367462065856924,0,1708.2010498046875,0.0,-242.02592451171176,0,364.3999938964844,0.0,1001.2432378357407,0,129.42999267578125,0.0,-253.07608438413445,-85,218.52630615234375,-0.18521785766855983,-220.2602844146786
2026-09-10,2026-09-10T15:40:00-04:00,bar_close,118860.61696747449,100300.86644867566,18559.750518798828,-18559.750518798828,0.1850407795659066,-0.1850407795659066,450.80814238891605,2254040.71194458,-0.009219433969888557,0,1708.56494140625,0.0,-242.02592451171176,0,363.55999755859375,0.0,1001.2432378357407,0,129.3300018310547,0.0,-253.07608438413445,-85,218.35000610351562,-0.1850407795659066,-205.27478026428798
2026-09-10,2026-09-10T15:40:00-04:00,open_before_orders,118860.61696747449,100300.0169155946,18560.600051879883,-18560.600051879883,0.1850508167660547,-0.1850508167660547,450.80814238891605,2254040.71194458,-0.009227825730565353,0,1708.56005859375,0.0,-242.02592451171176,0,363.57501220703125,0.0,1001.2432378357407,0,129.30050659179688,0.0,-253.07608438413445,-85,218.36000061035156,-0.1850508167660547,-206.12431334534267
2026-09-10,2026-09-10T15:45:00-04:00,bar_close,118860.61696747449,100291.51639679578,18569.10057067871,-18569.10057067871,0.18515125942668442,-0.18515125942668442,450.80814238891605,2254040.71194458,-0.009311794584726307,0,1708.0999755859375,0.0,-242.02592451171176,0,363.8349914550781,0.0,1001.2432378357407,0,129.22000122070312,0.0,-253.07608438413445,-85,218.4600067138672,-0.18515125942668442,-214.6248321441708
2026-09-10,2026-09-10T15:45:00-04:00,open_before_orders,118860.61696747449,100290.66686371472,18569.950103759766,-18569.950103759766,0.1851612984984388,-0.1851612984984388,450.80814238891605,2254040.71194458,-0.009320186345403103,0,1708.3599853515625,0.0,-242.02592451171176,0,363.8500061035156,0.0,1001.2432378357407,0,129.2449951171875,0.0,-253.07608438413445,-85,218.47000122070312,-0.1851612984984388,-215.47436522522548
2026-09-10,2026-09-10T15:45:00-04:00,after_fill,100942.49395935681,100287.0839556947,655.4100036621094,-655.4100036621094,0.006535338129401185,-0.006535338129401185,454.3910504089356,2271955.2520446777,-0.009355578618289617,0,1708.3599853515625,0.0,-242.02592451171176,0,363.8500061035156,0.0,1001.2432378357407,0,129.2449951171875,0.0,-253.07608438413445,-3,218.47000122070312,-0.006535338129401185,-219.0572732452456
2026-09-10,2026-09-10T15:50:00-04:00,bar_close,100942.49395935681,100286.15396301892,656.3399963378906,-656.3399963378906,0.006544672124727404,-0.006544672124727404,454.3910504089356,2271955.2520446777,-0.00936476516574769,0,1710.2049560546875,0.0,-242.02592451171176,0,363.7499084472656,0.0,1001.2432378357407,0,129.08999633789062,0.0,-253.07608438413445,-3,218.77999877929688,-0.006544672124727404,-219.98726592102685
2026-09-10,2026-09-10T15:50:00-04:00,open_before_orders,100942.49395935681,100286.24395935681,656.25,-656.25,0.0065437688569327575,-0.0065437688569327575,454.3910504089356,2271955.2520446777,-0.009363876174198982,0,1709.25,0.0,-242.02592451171176,0,363.739990234375,0.0,1001.2432378357407,0,129.0399932861328,0.0,-253.07608438413445,-3,218.75,-0.0065437688569327575,-219.89726958313622
2026-09-10,2026-09-10T15:55:00-04:00,bar_close,100942.49395935681,100287.11393921521,655.3800201416016,-655.3800201416016,0.00653503719868569,-0.00653503719868569,454.3910504089356,2271955.2520446777,-0.009355282438501034,0,1695.5699462890625,0.0,-242.02592451171176,0,363.17999267578125,0.0,1001.2432378357407,0,128.7100067138672,0.0,-253.07608438413445,-3,218.4600067138672,-0.00653503719868569,-219.02728972473778
2026-09-10,2026-09-10T15:55:00-04:00,open_before_orders,100942.49395935681,100287.1739520326,655.3200073242188,-655.3200073242188,0.0065344348783590075,-0.0065344348783590075,454.3910504089356,2271955.2520446777,-0.00935468962674102,0,1695.06005859375,0.0,-242.02592451171176,0,363.1499938964844,0.0,1001.2432378357407,0,128.8000030517578,0.0,-253.07608438413445,-3,218.44000244140625,-0.0065344348783590075,-218.96727690735497
2026-09-10,2026-09-10T15:55:00-04:00,after_fill,100287.04288803112,100287.04288803112,0.0,0.0,0.0,0.0,454.52211441040043,2272610.572052002,-0.009355984288194619,0,1695.06005859375,0.0,-242.02592451171176,0,363.1499938964844,0.0,1001.2432378357407,0,128.8000030517578,0.0,-253.07608438413445,0,218.44000244140625,0.0,-219.09834090881986
2026-09-10,2026-09-10T16:00:00-04:00,bar_close,100287.04288803112,100287.04288803112,0.0,0.0,0.0,0.0,454.52211441040043,2272610.572052002,-0.009355984288194619,0,1692.8900146484375,0.0,-242.02592451171176,0,363.6099853515625,0.0,1001.2432378357407,0,128.6300048828125,0.0,-253.07608438413445,0,218.3800048828125,0.0,-219.09834090881986
2026-09-11,2026-09-11T09:30:00-04:00,open_before_orders,100287.04288803112,100287.04288803112,0.0,0.0,0.0,0.0,454.52211441040043,2272610.572052002,-0.009355984288194619,0,1713.0001220703125,0.0,-242.02592451171176,0,364.1400146484375,0.0,1001.2432378357407,0,130.52999877929688,0.0,-253.07608438413445,0,221.25,0.0,-219.09834090881986
2026-09-11,2026-09-11T09:35:00-04:00,bar_close,100287.04288803112,100287.04288803112,0.0,0.0,0.0,0.0,454.52211441040043,2272610.572052002,-0.009355984288194619,0,1678.8099365234375,0.0,-242.02592451171176,0,364.4599914550781,0.0,1001.2432378357407,0,130.25999450683594,0.0,-253.07608438413445,0,219.79989624023438,0.0,-219.09834090881986
2026-09-11,2026-09-11T09:35:00-04:00,open_before_orders,100287.04288803112,100287.04288803112,0.0,0.0,0.0,0.0,454.52211441040043,2272610.572052002,-0.009355984288194619,0,1677.239990234375,0.0,-242.02592451171176,0,364.45001220703125,0.0,1001.2432378357407,0,130.33999633789062,0.0,-253.07608438413445,0,219.77999877929688,0.0,-219.09834090881986
2026-09-11,2026-09-11T09:35:00-04:00,after_fill,132148.22919052135,100280.66937606822,31867.559814453125,-31867.559814453125,0.3177836766819414,-0.3177836766819414,460.89562637329107,2304478.131866455,-0.009418942386302698,-19,1677.239990234375,-0.3177836766819414,-248.39943647460314,0,364.45001220703125,0.0,1001.2432378357407,0,130.33999633789062,0.0,-253.07608438413445,0,219.77999877929688,0.0,-219.09834090881986
2026-09-11,2026-09-11T09:35:00-04:00,after_fill,69085.76710828258,100268.05940564586,94917.41192626953,31182.29229736328,0.946636570897122,0.3109892869394406,473.50559679565436,2367527.9839782715,-0.009543504756250765,-19,1677.239990234375,-0.3178236419788407,-248.39943647460314,173,364.45001220703125,0.6288129289182813,988.633267413381,0,130.33999633789062,0.0,-253.07608438413445,0,219.77999877929688,0.0,-219.09834090881986
2026-09-11,2026-09-11T09:40:00-04:00,bar_close,69085.76710828258,101018.825671515,94969.35763549805,31933.058563232422,0.9401154389213735,0.31610997604614616,473.50559679565436,2367527.9839782715,-0.0021273711555029884,-19,1658.8499755859375,-0.3120027314376137,101.01084184570936,173,366.7699890136719,0.6281127074837598,1389.989254962209,0,130.4250030517578,0.0,-253.07608438413445,0,219.60000610351562,0.0,-219.09834090881986
2026-09-11,2026-09-11T09:40:00-04:00,open_before_orders,69085.76710828258,100989.67628797008,95004.4306640625,31903.9091796875,0.940734084473736,0.3159125799028618,473.50559679565436,2367527.9839782715,-0.002415311267594089,-19,1660.5400390625,-0.3124107522854371,68.89963579102186,173,366.787109375,0.6283233321882989,1392.9510774719747,0,130.4499969482422,0.0,-253.07608438413445,0,219.62879943847656,0.0,-219.09834090881986
2026-09-11,2026-09-11T09:40:00-04:00,after_fill,132527.2461961732,100976.98545398569,31550.2607421875,-31550.2607421875,0.3124500162125029,-0.3124500162125029,486.19643078002935,2430982.1539001465,-0.0025406724147472026,-19,1660.5400390625,-0.3124500162125029,68.89963579102186,0,366.787109375,0.0,1380.2602434875953,0,130.4499969482422,0.0,-253.07608438413445,0,219.62879943847656,0.0,-219.09834090881986
2026-09-11,2026-09-11T09:40:00-04:00,after_fill,100970.67540183726,100970.67540183726,0.0,0.0,0.0,0.0,492.5064829284668,2462532.414642334,-0.0026030036513621235,0,1660.5400390625,0.0,62.58958364258797,0,366.787109375,0.0,1380.2602434875953,0,130.4499969482422,0.0,-253.07608438413445,0,219.62879943847656,0.0,-219.09834090881986
2026-09-11,2026-09-11T09:40:00-04:00,after_fill,38733.58192781687,100958.2304721284,62224.64854431152,62224.64854431152,0.6163405227421247,0.6163405227421247,504.9514126373291,2524757.0631866455,-0.002725935734979368,0,1660.5400390625,0.0,62.58958364258797,0,366.787109375,0.0,1380.2602434875953,477,130.4499969482422,0.6163405227421247,-265.5210140929994,0,219.62879943847656,0.0,-219.09834090881986
2026-09-11,2026-09-11T09:45:00-04:00,bar_close,38733.58192781687,101400.69426302196,62667.11233520508,62667.11233520508,0.6180146279142198,0.6180146279142198,504.9514126373291,2524757.0631866455,0.0,0,1651.1611328125,0.0,62.58958364258797,0,367.07501220703125,0.0,1380.2602434875953,477,131.37759399414062,0.6180146279142198,176.9427768005553,0,220.05999755859375,0.0,-219.09834090881986
2026-09-11,2026-09-11T09:45:00-04:00,open_before_orders,38733.58192781687,101389.96583894969,62656.38391113281,62656.38391113281,0.6179742087166471,0.6179742087166471,504.9514126373291,2524757.0631866455,-0.00010580227433587552,0,1650.1700439453125,0.0,62.58958364258797,0,367.07501220703125,0.0,1380.2602434875953,477,131.3551025390625,0.6179742087166471,166.21435272828967,0,220.07000732421875,0.0,-219.09834090881986
2026-09-11,2026-09-11T09:45:00-04:00,after_fill,49371.2172808198,101387.83788628856,52016.62060546875,52016.62060546875,0.5130459598498189,0.5130459598498189,507.07936529846194,2535396.8264923096,-0.00012678785709341334,0,1650.1700439453125,0.0,62.58958364258797,0,367.07501220703125,0.0,1380.2602434875953,396,131.3551025390625,0.5130459598498189,164.08640006715723,0,220.07000732421875,0.0,-219.09834090881986
2026-09-11,2026-09-11T09:50:00-04:00,bar_close,49371.2172808198,102165.89788384715,52794.680603027344,52794.680603027344,0.5167544327075737,0.5167544327075737,507.07936529846194,2535396.8264923096,0.0,0,1658.7080078125,0.0,62.58958364258797,0,367.5150146484375,0.0,1380.2602434875953,396,133.3199005126953,0.5167544327075737,942.146397625751,0,219.80999755859375,0.0,-219.09834090881986
2026-09-11,2026-09-11T09:50:00-04:00,open_before_orders,49371.2172808198,102098.6571611909,52727.439880371094,52727.439880371094,0.5164361740539475,0.5164361740539475,507.07936529846194,2535396.8264923096,-0.0006581523194040262,0,1658.93505859375,0.0,62.58958364258797,0,367.5150146484375,0.0,1380.2602434875953,396,133.1501007080078,0.5164361740539475,874.905674969501,0,219.77999877929688,0.0,-219.09834090881986
2026-09-11,2026-09-11T09:50:00-04:00,after_fill,30726.474978878883,102094.92895837108,71368.45397949219,71368.45397949219,0.6990401453591537,0.6990401453591537,510.80756811828616,2554037.8405914307,-0.0006946439755930456,0,1658.93505859375,0.0,62.58958364258797,0,367.5150146484375,0.0,1380.2602434875953,536,133.1501007080078,0.6990401453591537,871.1774721496768,0,219.77999877929688,0.0,-219.09834090881986
2026-09-11,2026-09-11T09:55:00-04:00,bar_close,30726.474978878883,102470.07825036327,71743.60327148438,71743.60327148438,0.7001419779947327,0.7001419779947327,510.80756811828616,2554037.8405914307,0.0,0,1644.1949462890625,0.0,62.58958364258797,0,364.9849853515625,0.0,1380.2602434875953,536,133.85000610351562,0.7001419779947327,1246.3267641418643,0,221.16000366210938,0.0,-219.09834090881986
2026-09-11,2026-09-11T09:55:00-04:00,open_before_orders,30726.474978878883,102523.6733431367,71797.19836425781,71797.19836425781,0.7002987312399509,0.7002987312399509,510.80756811828616,2554037.8405914307,0.0,0,1644.215087890625,0.0,62.58958364258797,0,364.9849853515625,0.0,1380.2602434875953,536,133.9499969482422,0.7002987312399509,1299.9218569153018,0,221.16000366210938,0.0,-219.09834090881986
2026-09-11,2026-09-11T09:55:00-04:00,after_fill,30860.398185827737,102523.64655313731,71663.24836730957,71663.24836730957,0.698992386406847,0.698992386406847,510.8343581176758,2554171.790588379,-2.613054967959272e-07,0,1644.215087890625,0.0,62.58958364258797,0,364.9849853515625,0.0,1380.2602434875953,535,133.9499969482422,0.698992386406847,1299.8950669159094,0,221.16000366210938,0.0,-219.09834090881986
2026-09-11,2026-09-11T10:00:00-04:00,bar_close,30860.398185827737,104021.64818582774,73161.25,73161.25,0.7033271561829352,0.7033271561829352,510.8343581176758,2554171.790588379,0.0,0,1629.760009765625,0.0,62.58958364258797,0,368.3999938964844,0.0,1380.2602434875953,535,136.75,0.7033271561829352,2797.896699606339,0,221.58999633789062,0.0,-219.09834090881986
2026-09-11,2026-09-11T10:00:00-04:00,open_before_orders,30860.398185827737,104016.30112467051,73155.90293884277,73155.90293884277,0.70331190542106,0.70331190542106,510.8343581176758,2554171.790588379,-5.1403349691891975e-05,0,1630.0,0.0,62.58958364258797,0,368.30999755859375,0.0,1380.2602434875953,535,136.74000549316406,0.70331190542106,2792.5496384491125,0,221.6300048828125,0.0,-219.09834090881986
2026-09-11,2026-09-11T10:00:00-04:00,after_fill,31270.536158303934,104016.21908066722,72745.68292236328,72745.68292236328,0.6993686519786607,0.6993686519786607,510.91640212097167,2554582.0106048584,-5.2192070162382365e-05,0,1630.0,0.0,62.58958364258797,0,368.30999755859375,0.0,1380.2602434875953,532,136.74000549316406,0.6993686519786607,2792.467594445814,0,221.6300048828125,0.0,-219.09834090881986
2026-09-11,2026-09-11T10:05:00-04:00,bar_close,31270.536158303934,104417.55697129222,73147.02081298828,73147.02081298828,0.7005241545068783,0.7005241545068783,510.91640212097167,2554582.0106048584,0.0,0,1619.449951171875,0.0,62.58958364258797,0,366.6799011230469,0.0,1380.2602434875953,532,137.49440002441406,0.7005241545068783,3193.805485070814,0,221.50999450683594,0.0,-219.09834090881986
2026-09-11,2026-09-11T10:05:00-04:00,open_before_orders,31270.536158303934,104399.25973008128,73128.72357177734,73128.72357177734,0.700471667719175,0.700471667719175,510.91640212097167,2554582.0106048584,-0.00017523146242515164,0,1619.5150146484375,0.0,62.58958364258797,0,366.6799011230469,0.0,1380.2602434875953,532,137.4600067138672,0.700471667719175,3175.5082438598765,0,221.5198974609375,0.0,-219.09834090881986
2026-09-11,2026-09-11T10:05:00-04:00,after_fill,55733.523777133276,104394.36615384226,48660.842376708984,48660.842376708984,0.4661251767648001,0.4661251767648001,515.8099783599854,2579049.8917999268,-0.00022209691667396392,0,1619.5150146484375,0.0,62.58958364258797,0,366.6799011230469,0.0,1380.2602434875953,354,137.4600067138672,0.4661251767648001,3170.614667620859,0,221.5198974609375,0.0,-219.09834090881986
2026-09-11,2026-09-11T10:10:00-04:00,bar_close,55733.523777133276,103888.14334500437,48154.619567871094,48154.619567871094,0.4635237286699155,0.4635237286699155,515.8099783599854,2579049.8917999268,-0.005070159096265736,0,1628.1287841796875,0.0,62.58958364258797,0,366.92498779296875,0.0,1380.2602434875953,354,136.02999877929688,0.4635237286699155,2664.3918587829685,0,221.3800048828125,0.0,-219.09834090881986
2026-09-11,2026-09-11T10:10:00-04:00,open_before_orders,55733.523777133276,103879.2955056489,48145.771728515625,48145.771728515625,0.4634780347147953,0.4634780347147953,515.8099783599854,2579049.8917999268,-0.00515489426544713,0,1628.8399658203125,0.0,62.58958364258797,0,366.93499755859375,0.0,1380.2602434875953,354,136.0050048828125,0.4634780347147953,2655.5440194274997,0,221.3800048828125,0.0,-219.09834090881986
2026-09-11,2026-09-11T10:10:00-04:00,after_fill,103869.6663513032,103869.6663513032,0.0,0.0,0.0,0.0,525.4391327056885,2627195.6635284424,-0.005247112036337431,0,1628.8399658203125,0.0,62.58958364258797,0,366.93499755859375,0.0,1380.2602434875953,0,136.0050048828125,0.0,2645.914865081795,0,221.3800048828125,0.0,-219.09834090881986
2026-09-11,2026-09-11T10:10:00-04:00,after_fill,31202.006208798324,103855.13572539989,72653.12951660156,72653.12951660156,0.6995622220233906,0.6995622220233906,539.9697586090089,2699848.793045044,-0.005386270874417787,0,1628.8399658203125,0.0,62.58958364258797,198,366.93499755859375,0.6995622220233906,1365.729617584293,0,136.0050048828125,0.0,2645.914865081795,0,221.3800048828125,0.0,-219.09834090881986
2026-09-11,2026-09-11T10:15:00-04:00,bar_close,31202.006208798324,103487.84355010692,72285.8373413086,72285.8373413086,0.6984959282324703,0.6984959282324703,539.9697586090089,2699848.793045044,-0.00890380361456744,0,1637.4200439453125,0.0,62.58958364258797,198,365.0799865722656,0.6984959282324703,998.4374422913243,0,136.4499969482422,0.0,2645.914865081795,0,221.1699981689453,0.0,-219.09834090881986
2026-09-11,2026-09-11T10:15:00-04:00,open_before_orders,31202.006208798324,103472.02433623973,72270.0181274414,72270.0181274414,0.6984498330929994,0.6984498330929994,539.9697586090089,2699848.793045044,-0.009055303173894802,0,1637.1650390625,0.0,62.58958364258797,198,365.0000915527344,0.6984498330929994,982.6182284241368,0,136.39500427246094,0.0,2645.914865081795,0,221.1699981689453,0.0,-219.09834090881986
2026-09-11,2026-09-11T10:15:00-04:00,after_fill,103457.57033261424,103457.57033261424,0.0,0.0,0.0,0.0,554.4237622344972,2772118.8111724854,-0.009193728205515339,0,1637.1650390625,0.0,62.58958364258797,0,365.0000915527344,0.0,968.1642247986456,0,136.39500427246094,0.0,2645.914865081795,0,221.1699981689453,0.0,-219.09834090881986
2026-09-11,2026-09-11T10:15:00-04:00,after_fill,62530.88535061961,103449.3866323579,40918.50128173828,40918.50128173828,0.3955412652871099,0.3955412652871099,562.6074624908448,2813037.3124542236,-0.009272102958705508,0,1637.1650390625,0.0,62.58958364258797,0,365.0000915527344,0.0,968.1642247986456,300,136.39500427246094,0.3955412652871099,2637.731164825447,0,221.1699981689453,0.0,-219.09834090881986
2026-09-11,2026-09-11T10:20:00-04:00,bar_close,62530.88535061961,103609.88315335399,41078.997802734375,41078.997802734375,0.3964775999402774,0.3964775999402774,562.6074624908448,2813037.3124542236,-0.007735038449140141,0,1645.7099609375,0.0,62.58958364258797,0,364.84991455078125,0.0,968.1642247986456,300,136.92999267578125,0.3964775999402774,2798.227685821541,0,221.2550048828125,0.0,-219.09834090881986
2026-09-11,2026-09-11T10:20:00-04:00,open_before_orders,62530.88535061961,103615.88443509227,41084.999084472656,41084.999084472656,0.39651255508231836,0.39651255508231836,562.6074624908448,2813037.3124542236,-0.0076775645729803,0,1645.8299560546875,0.0,62.58958364258797,0,364.79998779296875,0.0,968.1642247986456,300,136.9499969482422,0.39651255508231836,2804.228967559822,0,221.27000427246094,0.0,-219.09834090881986
2026-09-11,2026-09-11T10:20:00-04:00,after_fill,103607.66743527538,103607.66743527538,0.0,0.0,0.0,0.0,570.8244623077393,2854122.3115386963,-0.007756258233847624,0,1645.8299560546875,0.0,62.58958364258797,0,364.79998779296875,0.0,968.1642247986456,0,136.9499969482422,0.0,2796.011967742932,0,221.27000427246094,0.0,-219.09834090881986
2026-09-11,2026-09-11T10:20:00-04:00,after_fill,98669.19006913768,103606.67993730174,4937.4898681640625,4937.4898681640625,0.04765609583428421,0.04765609583428421,571.8119602813721,2859059.8014068604,-0.007765715436278686,3,1645.8299560546875,0.04765609583428421,61.602085668955624,0,364.79998779296875,0.0,968.1642247986456,0,136.9499969482422,0.0,2796.011967742932,0,221.27000427246094,0.0,-219.09834090881986
2026-09-11,2026-09-11T10:20:00-04:00,after_fill,26424.34640661326,103592.23385778513,77167.88745117188,77167.88745117188,0.7449196197188924,0.7449196197188924,586.2580397979737,2931290.198989868,-0.007904064579235315,3,1645.8299560546875,0.047662741542405705,61.602085668955624,198,364.79998779296875,0.6972568781764867,953.7181452820369,0,136.9499969482422,0.0,2796.011967742932,0,221.27000427246094,0.0,-219.09834090881986
2026-09-11,2026-09-11T10:25:00-04:00,bar_close,26424.34640661326,103385.87967077341,76961.53326416016,76961.53326416016,0.7444104892199968,0.7444104892199968,586.2580397979737,2931290.198989868,-0.00988030490698455,3,1648.9849853515625,0.047849425587014306,71.06717355958062,198,363.7099914550781,0.6965610636329824,737.8988703796931,0,135.99000549316406,0.0,2796.011967742932,0,221.4499969482422,0.0,-219.09834090881986
2026-09-11,2026-09-11T10:25:00-04:00,open_before_orders,26424.34640661326,103387.3287674531,76962.98236083984,76962.98236083984,0.7444140716117256,0.7444140716117256,586.2580397979737,2931290.198989868,-0.009866427004439071,3,1649.4599609375,0.04786253733223715,72.49210031739312,198,363.7101135253906,0.6965515342794883,737.9230403015681,0,136.0,0.0,2796.011967742932,0,221.4600067138672,0.0,-219.09834090881986
2026-09-11,2026-09-11T10:30:00-04:00,bar_close,26424.34640661326,103906.54574743357,77482.19934082031,77482.19934082031,0.7456912245851852,0.7456912245851852,586.2580397979737,2931290.198989868,-0.004893920511845895,3,1642.68994140625,0.04742790541990922,52.182041723643124,198,366.43499755859375,0.6982633191652761,1277.4500788757869,0,135.8800048828125,0.0,2796.011967742932,0,221.60000610351562,0.0,-219.09834090881986
2026-09-11,2026-09-11T10:30:00-04:00,open_before_orders,26424.34640661326,103906.72592321482,77482.37951660156,77482.37951660156,0.7456916655603183,0.7456916655603183,586.2580397979737,2931290.198989868,-0.004892194980369413,3,1642.75,0.04742955719384217,52.362217504893124,198,366.43499755859375,0.6982621083664762,1277.4500788757869,0,135.8699951171875,0.0,2796.011967742932,0,221.58999633789062,0.0,-219.09834090881986
2026-09-11,2026-09-11T10:30:00-04:00,after_fill,28066.76785661326,103906.39737321483,75839.62951660156,75839.62951660156,0.7298841210344151,0.7298841210344151,586.5865897979736,2932932.948989868,-0.0048953414818728724,2,1642.75,0.03161980477678405,52.03366750489295,198,366.43499755859375,0.6982643162576311,1277.4500788757869,0,135.8699951171875,0.0,2796.011967742932,0,221.58999633789062,0.0,-219.09834090881986
2026-09-11,2026-09-11T10:30:00-04:00,after_fill,100606.3865473115,103891.8865473115,3285.5,3285.5,0.03162422118982131,0.03162422118982131,601.0974157012939,3005487.0785064697,-0.00503431069666993,2,1642.75,0.03162422118982131,52.03366750489295,0,366.43499755859375,0.0,1262.9392529724719,0,135.8699951171875,0.0,2796.011967742932,0,221.58999633789062,0.0,-219.09834090881986
2026-09-11,2026-09-11T10:35:00-04:00,bar_close,100606.3865473115,103885.12653754588,3278.739990234375,3278.739990234375,0.031561207070863816,0.031561207070863816,601.0974157012939,3005487.0785064697,-0.005099050860696952,2,1639.3699951171875,0.031561207070863816,45.27365773926795,0,365.6700134277344,0.0,1262.9392529724719,0,135.25,0.0,2796.011967742932,0,220.15499877929688,0.0,-219.09834090881986
2026-09-11,2026-09-11T10:35:00-04:00,open_before_orders,100606.3865473115,103885.24665473338,3278.860107421875,3278.860107421875,0.03156232682701609,0.03156232682701609,601.0974157012939,3005487.0785064697,-0.00509790050637926,2,1639.4300537109375,0.03156232682701609,45.39377492676795,0,365.5611877441406,0.0,1262.9392529724719,0,135.26730346679688,0.0,2796.011967742932,0,220.1595001220703,0.0,-219.09834090881986
2026-09-11,2026-09-11T10:40:00-04:00,bar_close,100606.3865473115,103874.9666254365,3268.580078125,3268.580078125,0.031466484989701095,0.031466484989701095,601.0974157012939,3005487.0785064697,-0.005196351663397825,2,1634.2900390625,0.031466484989701095,35.11374562989295,0,364.1499938964844,0.0,1262.9392529724719,0,134.4199981689453,0.0,2796.011967742932,0,220.10000610351562,0.0,-219.09834090881986
2026-09-11,2026-09-11T10:40:00-04:00,open_before_orders,100606.3865473115,103874.016430124,3267.6298828125,3267.6298828125,0.03145762525713669,0.03145762525713669,601.0974157012939,3005487.0785064697,-0.005205451620723611,2,1633.81494140625,0.03145762525713669,34.16355031739295,0,364.1300048828125,0.0,1262.9392529724719,0,134.40060424804688,0.0,2796.011967742932,0,220.10980224609375,0.0,-219.09834090881986
2026-09-11,2026-09-11T10:45:00-04:00,bar_close,100606.3865473115,103863.52643988963,3257.139892578125,3257.139892578125,0.03135980458417397,0.03135980458417397,601.0974157012939,3005487.0785064697,-0.005305913559679576,2,1628.5699462890625,0.03135980458417397,23.673560083017946,0,364.7799987792969,0.0,1262.9392529724719,0,134.2899932861328,0.0,2796.011967742932,0,219.78810119628906,0.0,-219.09834090881986
2026-09-11,2026-09-11T10:45:00-04:00,open_before_orders,100606.3865473115,103864.3865473115,3258.0,3258.0,0.03136782595366258,0.03136782595366258,601.0974157012939,3005487.0785064697,-0.005297676368091975,2,1629.0,0.03136782595366258,24.533667504892946,0,364.7850036621094,0.0,1262.9392529724719,0,134.3800048828125,0.0,2796.011967742932,0,219.77999877929688,0.0,-219.09834090881986
2026-09-11,2026-09-11T10:45:00-04:00,after_fill,97347.7349473115,103863.7349473115,6516.0,6516.0,0.06273604548599632,0.06273604548599632,601.749015701294,3008745.0785064697,-0.005303916697964706,4,1629.0,0.06273604548599632,23.882067504892802,0,364.7850036621094,0.0,1262.9392529724719,0,134.3800048828125,0.0,2796.011967742932,0,219.77999877929688,0.0,-219.09834090881986
2026-09-11,2026-09-11T10:45:00-04:00,after_fill,92969.4394193574,103862.85946330271,10893.420043945312,10893.420043945312,0.10488272805346963,0.10488272805346963,602.624499710083,3013122.498550415,-0.005312301150102616,4,1629.0,0.06273657430260007,23.882067504892802,12,364.7850036621094,0.04214615375086955,1262.0637689636833,0,134.3800048828125,0.0,2796.011967742932,0,219.77999877929688,0.0,-219.09834090881986
2026-09-11,2026-09-11T10:45:00-04:00,after_fill,86114.68849428416,103861.4887872529,17746.80029296875,17746.80029296875,0.1708698816105055,0.1708698816105055,603.9951757598877,3019975.8787994385,-0.005325428023490231,4,1629.0,0.0627374022468251,23.882067504892802,12,364.7850036621094,0.04214670996014608,1262.0637689636833,51,134.3800048828125,0.06598576940353433,2794.6412916931276,0,219.77999877929688,0.0,-219.09834090881986
2026-09-11,2026-09-11T10:45:00-04:00,after_fill,141927.6433602876,103850.32396331494,73570.91998291016,-38077.319396972656,0.7084322626561959,-0.3666557594025749,615.1599996978761,3075799.99848938,-0.005432352799953244,4,1629.0,0.06274414706979416,23.882067504892802,12,364.7850036621094,0.042151241102450804,1262.0637689636833,51,134.3800048828125,0.06599286345456554,2794.6412916931276,-254,219.77999877929688,-0.5375440110293853,-230.26316484680865
2026-09-11,2026-09-11T10:50:00-04:00,bar_close,141927.6433602876,103863.86983123486,73690.89346313477,-38063.773529052734,0.7094949724372179,-0.3664775209213884,615.1599996978761,3075799.99848938,-0.005302624923599675,4,1629.969970703125,0.06277331947487079,27.761950317392802,12,366.20001220703125,0.04230922796950179,1279.0438715027458,51,135.27999877929688,0.06642617831354218,2840.5409804138308,-254,219.989501953125,-0.5379862466793032,-283.4769709991524
2026-09-11,2026-09-11T10:50:00-04:00,open_before_orders,141927.6433602876,103863.74776092236,73680.86502075195,-38063.895599365234,0.7093992524740533,-0.3664791269325482,615.1599996978761,3075799.99848938,-0.005303793982865512,4,1629.5,0.0627552937431392,25.882067504892802,12,366.2099914550781,0.04231043065744571,1279.1636224793083,51,135.21499633789062,0.06639433837016766,2837.225855902112,-254,219.97000122070312,-0.5379391897033008,-278.52378496399615
2026-09-11,2026-09-11T10:50:00-04:00,after_fill,143556.8174602876,103863.42186092236,72051.36502075195,-39693.395599365234,0.6937126057451859,-0.3821691495251949,615.4858996978761,3077429.49848938,-0.005306915105495191,3,1629.5,0.04706661799132628,25.556167504892983,12,366.2099914550781,0.042310563418037496,1279.1636224793083,51,135.21499633789062,0.0663945467006317,2837.225855902112,-254,219.97000122070312,-0.5379408776351904,-278.52378496399615
2026-09-11,2026-09-11T10:50:00-04:00,after_fill,138417.61996547558,103862.39422695019,77189.5348815918,-34555.22573852539,0.743190405498689,-0.3327019947471903,616.5135336700441,3082567.6683502197,-0.005316756687715474,3,1629.5,0.04706708367725586,25.556167504892983,12,366.2099914550781,0.04231098204667276,1279.1636224793083,89,135.21499633789062,0.11586613965182069,2836.1982219299443,-254,219.97000122070312,-0.5379462001229396,-278.52378496399615
2026-09-11,2026-09-11T10:55:00-04:00,bar_close,138417.61996547558,104016.67533962108,77168.55537414551,-34400.94462585449,0.7418863862182218,-0.3307252852827031,616.5135336700441,3082567.6683502197,-0.003839216730394779,3,1631.864990234375,0.04706548209427666,32.65113820801798,12,364.9800109863281,0.04210632687053053,1264.4038568543083,89,136.0500030517578,0.11640874150295212,2910.513819464124,-254,219.625,-0.5363058357504624,-190.8934749054024
2026-09-11,2026-09-11T10:55:00-04:00,open_before_orders,138417.61996547558,104014.27066127636,77166.15069580078,-34403.34930419922,0.7418804189580218,-0.3307560499677406,616.5135336700441,3082567.6683502197,-0.003862246175006079,3,1630.469970703125,0.04702633476168195,28.466079614267983,12,364.9800109863281,0.042107300315537236,1264.4038568543083,89,136.07000732421875,0.11642854941792143,2912.2941997131475,-254,219.625,-0.5363182344628812,-190.8934749054024
2026-09-11,2026-09-11T10:55:00-04:00,after_fill,143308.05159560253,104013.29237929394,72274.7407836914,-39294.759216308594,0.6948606195459613,-0.37778593790701936,617.491815652466,3087459.078262329,-0.003871615116502136,0,1630.469970703125,0.0,27.48779763184666,12,364.9800109863281,0.04210769634966215,1264.4038568543083,89,136.07000732421875,0.11642964446980882,2912.2941997131475,-254,219.625,-0.5363232787264903,-190.8934749054024
2026-09-11,2026-09-11T10:55:00-04:00,after_fill,147686.9357754121,104012.41642726757,67894.98065185547,-43674.51934814453,0.6527584204269706,-0.4198971704371917,618.3677676788332,3091838.838394165,-0.003880004050813346,0,1630.469970703125,0.0,27.48779763184666,0,364.9800109863281,0.0,1263.5279048279408,89,136.07000732421875,0.11643062499488945,2912.2941997131475,-254,219.625,-0.5363277954320812,-190.8934749054024
2026-09-11,2026-09-11T10:55:00-04:00,after_fill,134506.8002754121,104009.78092726757,54717.48065185547,-30497.01934814453,0.5260801451944078,-0.2932129947420101,621.0032676788331,3105016.338394165,-0.003905244059069113,0,1630.469970703125,0.0,27.48779763184666,0,364.9800109863281,0.0,1263.5279048279408,89,136.07000732421875,0.11643357522619883,2912.2941997131475,-194,219.625,-0.409646569968209,-193.52897490540636
2026-09-11,2026-09-11T10:55:00-04:00,after_fill,90547.3977872163,104000.99080479442,98668.09301757812,13453.593017578125,0.9487226251793512,0.12936023891185772,629.7933901519776,3148966.9507598877,-0.00398942647750633,0,1630.469970703125,0.0,27.48779763184666,0,364.9800109863281,0.0,1263.5279048279408,412,136.07000732421875,0.5390414320456045,2903.5040772400025,-194,219.625,-0.40968119313374673,-193.52897490540636
2026-09-11,2026-09-11T11:00:00-04:00,bar_close,90547.3977872163,104078.43654454051,98685.39923095703,13531.038757324219,0.9481829522748881,0.13000809011512765,629.7933901519776,3148966.9507598877,-0.003247733777615003,0,1634.6600341796875,0.0,27.48779763184666,0,364.9100036621094,0.0,1263.5279048279408,412,136.18499755859375,0.5390955211950079,2950.8800538025025,-194,219.47000122070312,-0.40908743107988027,-163.4592117218126
2026-09-11,2026-09-11T11:00:00-04:00,open_before_orders,90547.3977872163,104109.09837925731,98708.29940795898,13561.700592041016,0.9481236601279185,0.13026431698253038,629.7933901519776,3148966.9507598877,-0.002954087425352303,0,1634.9849853515625,0.0,27.48779763184666,0,364.79998779296875,0.0,1263.5279048279408,412,136.25,0.5391939885552244,2977.6610596618775,-194,219.4499969482422,-0.40892967157269405,-159.57838286439073
2026-09-11,2026-09-11T11:00:00-04:00,after_fill,146671.17078721628,104097.8713792573,42573.299407958984,-42573.299407958984,0.40897377481286523,-0.40897377481286523,641.0203901519776,3205101.9507598877,-0.003061607657827259,0,1634.9849853515625,0.0,27.48779763184666,0,364.79998779296875,0.0,1263.5279048279408,0,136.25,0.0,2966.4340596618713,-194,219.4499969482422,-0.40897377481286523,-159.57838286439073
2026-09-11,2026-09-11T11:00:00-04:00,after_fill,113527.59385812387,104091.24398934946,9436.349868774414,-9436.349868774414,0.09065459790008787,-0.09065459790008787,647.6477800598145,3238238.9002990723,-0.0031250777302945787,0,1634.9849853515625,0.0,27.48779763184666,0,364.79998779296875,0.0,1263.5279048279408,0,136.25,0.0,2966.4340596618713,-43,219.4499969482422,-0.09065459790008787,-166.20577277222765
2026-09-11,2026-09-11T11:00:00-04:00,after_fill,40917.87724780894,104076.7249498353,82031.5474395752,63158.84770202637,0.7881834048786045,0.6068489158596099,662.1668195739746,3310834.097869873,-0.0032641256062964086,0,1634.9849853515625,0.0,27.48779763184666,199,364.79998779296875,0.6975161603691071,1249.008865313779,0,136.25,0.0,2966.4340596618713,-43,219.4499969482422,-0.09066724450949729,-166.20577277222765
2026-09-11,2026-09-11T11:05:00-04:00,bar_close,40917.87724780894,104125.25571155405,82134.25862121582,63207.37846374512,0.7888024673739357,0.6070321559530292,662.1668195739746,3310834.097869873,-0.002799349728307865,0,1637.9300537109375,0.0,27.48779763184666,199,365.17999267578125,0.6979173116634824,1324.6298369934666,0,135.7899932861328,0.0,2966.4340596618713,-43,220.0800018310547,-0.09088515571045325,-193.29598273316515
2026-09-11,2026-09-11T11:05:00-04:00,open_before_orders,40917.87724780894,104126.25168323374,82135.25459289551,63208.374435424805,0.7888044874866154,0.607035914705864,662.1668195739746,3310834.097869873,-0.002789811373757445,0,1637.4849853515625,0.0,27.48779763184666,199,365.18499755859375,0.6979202010962396,1325.625808673154,0,135.77999877929688,0.0,2966.4340596618713,-43,220.0800018310547,-0.09088428639037567,-193.29598273316515
2026-09-11,2026-09-11T11:10:00-04:00,bar_close,40917.87724780894,104239.09518909312,82253.25788879395,63321.21794128418,0.7890826156883255,0.6074613159910629,662.1668195739746,3310834.097869873,-0.001709116621529061,0,1634.6201171875,0.0,27.48779763184666,199,365.7650146484375,0.6982719658396942,1441.0492095520603,0,135.75999450683594,0.0,2966.4340596618713,-43,220.13999938964844,-0.0908106498486313,-195.8758777526964
2026-09-11,2026-09-11T11:10:00-04:00,open_before_orders,40917.87724780894,104245.92558765269,82260.34680175781,63328.04833984375,0.7890989152625555,0.6074870358995075,662.1668195739746,3310834.097869873,-0.0016437023487028135,0,1635.0400390625,0.0,27.48779763184666,199,365.79998779296875,0.6982929755810314,1448.008865313779,0,135.7100067138672,0.0,2966.4340596618713,-43,220.14300537109375,-0.09080593968152402,-196.00513495484483
2026-09-11,2026-09-11T11:10:00-04:00,after_fill,31449.834787005715,104244.0323578065,72794.19757080078,72794.19757080078,0.6983056576413168,0.6983056576413168,664.060049420166,3320300.24710083,-0.0016618336850519055,0,1635.0400390625,0.0,27.48779763184666,199,365.79998779296875,0.6983056576413168,1448.008865313779,0,135.7100067138672,0.0,2966.4340596618713,0,220.14300537109375,0.0,-197.89836480103622
2026-09-11,2026-09-11T11:15:00-04:00,bar_close,31449.834787005715,104232.05640565806,72782.22161865234,72782.22161865234,0.6982709938619371,0.6982709938619371,664.060049420166,3320300.24710083,-0.001776526582451532,0,1624.6800537109375,0.0,27.48779763184666,199,365.73980712890625,0.6982709938619371,1436.0329131653416,0,135.68499755859375,0.0,2966.4340596618713,0,219.7805938720703,0.0,-197.89836480103622
2026-09-11,2026-09-11T11:15:00-04:00,open_before_orders,31449.834787005715,104229.2506805604,72779.41589355469,72779.41589355469,0.6982628716828013,0.6982628716828013,664.060049420166,3320300.24710083,-0.0018033968251486288,0,1624.6800537109375,0.0,27.48779763184666,199,365.7257080078125,0.6982628716828013,1433.2271880676853,0,135.63999938964844,0.0,2966.4340596618713,0,219.7982940673828,0.0,-197.89836480103622
2026-09-11,2026-09-11T11:20:00-04:00,bar_close,31449.834787005715,104504.72187196666,73054.88708496094,73054.88708496094,0.6990582413535696,0.6990582413535696,664.060049420166,3320300.24710083,0.0,0,1631.7449951171875,0.0,27.48779763184666,199,367.1099853515625,0.6990582413535696,1708.6983794739353,0,136.35000610351562,0.0,2966.4340596618713,0,220.16000366210938,0.0,-197.89836480103622
2026-09-11,2026-09-11T11:20:00-04:00,open_before_orders,31449.834787005715,104508.7057586854,73058.87097167969,73058.87097167969,0.6990697132961862,0.6990697132961862,664.060049420166,3320300.24710083,0.0,0,1631.421142578125,0.0,27.48779763184666,199,367.1300048828125,0.6990697132961862,1712.6822661926853,0,136.27999877929688,0.0,2966.4340596618713,0,220.18739318847656,0.0,-197.89836480103622
2026-09-11,2026-09-11T11:20:00-04:00,after_fill,104494.09398449108,104494.09398449108,0.0,0.0,0.0,0.0,678.6718236145019,3393359.1180725098,-0.00013981394265916158,0,1631.421142578125,0.0,27.48779763184666,0,367.1300048828125,0.0,1698.0704919983546,0,136.27999877929688,0.0,2966.4340596618713,0,220.18739318847656,0.0,-197.89836480103622
2026-09-11,2026-09-11T11:25:00-04:00,bar_close,104494.09398449108,104494.09398449108,0.0,0.0,0.0,0.0,678.6718236145019,3393359.1180725098,-0.00013981394265916158,0,1640.385009765625,0.0,27.48779763184666,0,365.4700012207031,0.0,1698.0704919983546,0,136.14999389648438,0.0,2966.4340596618713,0,220.16690063476562,0.0,-197.89836480103622
2026-09-11,2026-09-11T11:25:00-04:00,open_before_orders,104494.09398449108,104494.09398449108,0.0,0.0,0.0,0.0,678.6718236145019,3393359.1180725098,-0.00013981394265916158,0,1640.7099609375,0.0,27.48779763184666,0,365.4700012207031,0.0,1698.0704919983546,0,136.2100067138672,0.0,2966.4340596618713,0,220.14999389648438,0.0,-197.89836480103622
2026-09-11,2026-09-11T11:30:00-04:00,bar_close,104494.09398449108,104494.09398449108,0.0,0.0,0.0,0.0,678.6718236145019,3393359.1180725098,-0.00013981394265916158,0,1642.0150146484375,0.0,27.48779763184666,0,366.3299865722656,0.0,1698.0704919983546,0,136.33999633789062,0.0,2966.4340596618713,0,220.1800994873047,0.0,-197.89836480103622
2026-09-11,2026-09-11T11:30:00-04:00,open_before_orders,104494.09398449108,104494.09398449108,0.0,0.0,0.0,0.0,678.6718236145019,3393359.1180725098,-0.00013981394265916158,0,1642.0150146484375,0.0,27.48779763184666,0,366.2300109863281,0.0,1698.0704919983546,0,136.35000610351562,0.0,2966.4340596618713,0,220.17999267578125,0.0,-197.89836480103622
2026-09-11,2026-09-11T11:30:00-04:00,after_fill,67497.46502865001,104486.69613826915,36989.23110961914,36989.23110961914,0.3540090028367881,0.3540090028367881,686.0696698364258,3430348.349182129,-0.0002106008323083941,0,1642.0150146484375,0.0,27.48779763184666,101,366.2300109863281,0.3540090028367881,1690.6726457764307,0,136.35000610351562,0.0,2966.4340596618713,0,220.17999267578125,0.0,-197.89836480103622
2026-09-11,2026-09-11T11:35:00-04:00,bar_close,67497.46502865001,104448.42660701915,36950.96157836914,36950.96157836914,0.353772314037768,0.353772314037768,686.0696698364258,3430348.349182129,-0.0005767859359528948,0,1639.6400146484375,0.0,27.48779763184666,101,365.8511047363281,0.353772314037768,1652.4031145264307,0,136.4600067138672,0.0,2966.4340596618713,0,219.8300018310547,0.0,-197.89836480103622
2026-09-11,2026-09-11T11:35:00-04:00,open_before_orders,67497.46502865001,104458.41626156017,36960.951232910156,36960.951232910156,0.35383411462376807,0.35383411462376807,686.0696698364258,3430348.349182129,-0.0004811991188692355,0,1639.8399658203125,0.0,27.48779763184666,101,365.95001220703125,0.35383411462376807,1662.3927690674464,0,136.49000549316406,0.0,2966.4340596618713,0,219.8300018310547,0.0,-197.89836480103622
2026-09-11,2026-09-11T11:35:00-04:00,after_fill,64217.129161023055,104457.76032557384,40240.63116455078,40240.63116455078,0.38523352443254405,0.38523352443254405,686.7256058227539,3433628.0291137695,-0.0004874754953831939,2,1639.8399658203125,0.031397187929537475,26.83186164551853,101,365.95001220703125,0.3538363365030066,1662.3927690674464,0,136.49000549316406,0.0,2966.4340596618713,0,219.8300018310547,0.0,-197.89836480103622
2026-09-11,2026-09-11T11:40:00-04:00,bar_close,64217.129161023055,104448.79551234141,40231.66635131836,40231.66635131836,0.38518075918419453,0.38518075918419453,686.7256058227539,3433628.0291137695,-0.0005732560355529159,2,1641.6500244140625,0.031434541994696134,30.45197883301853,101,365.8254089355469,0.35374621718949845,1649.8078386475245,0,136.10000610351562,0.0,2966.4340596618713,0,219.75,0.0,-197.89836480103622
2026-09-11,2026-09-11T11:40:00-04:00,open_before_orders,64217.129161023055,104449.0633956422,40231.93423461914,40231.93423461914,0.38518233602751184,0.38518233602751184,686.7256058227539,3433628.0291137695,-0.0005706927725325217,2,1641.300048828125,0.031427760009892114,29.75202766114353,101,365.8349914550781,0.3537545760176197,1650.7756731201807,0,136.14999389648438,0.0,2966.4340596618713,0,219.75,0.0,-197.89836480103622
2026-09-11,2026-09-11T11:40:00-04:00,after_fill,67499.07273865977,104448.40687562266,36949.33413696289,36949.33413696289,0.3537567995743795,0.3537567995743795,687.3821258422852,3436910.629211426,-0.0005769747374154699,0,1641.300048828125,0.0,29.09550764161213,101,365.8349914550781,0.3537567995743795,1650.7756731201807,0,136.14999389648438,0.0,2966.4340596618713,0,219.75,0.0,-197.89836480103622
2026-09-11,2026-09-11T11:45:00-04:00,bar_close,67499.07273865977,104414.57273865977,36915.5,36915.5,0.3535473931631761,0.3535473931631761,687.3821258422852,3436910.629211426,-0.0009007194122467865,0,1645.3299560546875,0.0,29.09550764161213,101,365.5,0.3535473931631761,1616.94153615729,0,135.96499633789062,0.0,2966.4340596618713,0,219.57000732421875,0.0,-197.89836480103622
2026-09-11,2026-09-11T11:45:00-04:00,open_before_orders,67499.07273865977,104409.52397156993,36910.451232910156,36910.451232910156,0.35351613367149004,0.35351613367149004,687.3821258422852,3436910.629211426,-0.0009490289483107262,0,1644.7099609375,0.0,29.09550764161213,101,365.45001220703125,0.35351613367149004,1611.8927690674464,0,135.94000244140625,0.0,2966.4340596618713,0,219.57000732421875,0.0,-197.89836480103622
2026-09-11,2026-09-11T11:50:00-04:00,bar_close,67499.07273865977,104300.44224549571,36801.36950683594,36801.36950683594,0.35284001404534054,0.35284001404534054,687.3821258422852,3436910.629211426,-0.0019927862629031123,0,1647.4300537109375,0.0,29.09550764161213,101,364.3699951171875,0.35284001404534054,1502.8110429932276,0,135.39999389648438,0.0,2966.4340596618713,0,219.72999572753906,0.0,-197.89836480103622
2026-09-11,2026-09-11T11:50:00-04:00,open_before_orders,67499.07273865977,104300.44224549571,36801.36950683594,36801.36950683594,0.35284001404534054,0.35284001404534054,687.3821258422852,3436910.629211426,-0.0019927862629031123,0,1647.280029296875,0.0,29.09550764161213,101,364.3699951171875,0.35284001404534054,1502.8110429932276,0,135.35000610351562,0.0,2966.4340596618713,0,219.74000549316406,0.0,-197.89836480103622
2026-09-11,2026-09-11T11:50:00-04:00,after_fill,104293.08197159434,104293.08197159434,0.0,0.0,0.0,0.0,694.7423997436524,3473711.9987182617,-0.002063213638765715,0,1647.280029296875,0.0,29.09550764161213,0,364.3699951171875,0.0,1495.4507690918617,0,135.35000610351562,0.0,2966.4340596618713,0,219.74000549316406,0.0,-197.89836480103622
2026-09-11,2026-09-11T11:55:00-04:00,bar_close,104293.08197159434,104293.08197159434,0.0,0.0,0.0,0.0,694.7423997436524,3473711.9987182617,-0.002063213638765715,0,1638.1700439453125,0.0,29.09550764161213,0,365.1099853515625,0.0,1495.4507690918617,0,133.48500061035156,0.0,2966.4340596618713,0,219.59779357910156,0.0,-197.89836480103622
2026-09-11,2026-09-11T11:55:00-04:00,open_before_orders,104293.08197159434,104293.08197159434,0.0,0.0,0.0,0.0,694.7423997436524,3473711.9987182617,-0.002063213638765715,0,1638.1700439453125,0.0,29.09550764161213,0,365.1199951171875,0.0,1495.4507690918617,0,133.47999572753906,0.0,2966.4340596618713,0,219.61000061035156,0.0,-197.89836480103622
2026-09-11,2026-09-11T12:00:00-04:00,bar_close,104293.08197159434,104293.08197159434,0.0,0.0,0.0,0.0,694.7423997436524,3473711.9987182617,-0.002063213638765715,0,1640.5450439453125,0.0,29.09550764161213,0,365.1199951171875,0.0,1495.4507690918617,0,133.52499389648438,0.0,2966.4340596618713,0,219.68499755859375,0.0,-197.89836480103622
2026-09-11,2026-09-11T12:00:00-04:00,open_before_orders,104293.08197159434,104293.08197159434,0.0,0.0,0.0,0.0,694.7423997436524,3473711.9987182617,-0.002063213638765715,0,1640.550048828125,0.0,29.09550764161213,0,365.17999267578125,0.0,1495.4507690918617,0,133.52000427246094,0.0,2966.4340596618713,0,219.67999267578125,0.0,-197.89836480103622
2026-09-11,2026-09-11T12:05:00-04:00,bar_close,104293.08197159434,104293.08197159434,0.0,0.0,0.0,0.0,694.7423997436524,3473711.9987182617,-0.002063213638765715,0,1640.9000244140625,0.0,29.09550764161213,0,366.360107421875,0.0,1495.4507690918617,0,134.22000122070312,0.0,2966.4340596618713,0,219.92999267578125,0.0,-197.89836480103622
2026-09-11,2026-09-11T12:05:00-04:00,open_before_orders,104293.08197159434,104293.08197159434,0.0,0.0,0.0,0.0,694.7423997436524,3473711.9987182617,-0.002063213638765715,0,1641.7899169921875,0.0,29.09550764161213,0,366.360107421875,0.0,1495.4507690918617,0,134.23500061035156,0.0,2966.4340596618713,0,219.94000244140625,0.0,-197.89836480103622
2026-09-11,2026-09-11T12:10:00-04:00,bar_close,104293.08197159434,104293.08197159434,0.0,0.0,0.0,0.0,694.7423997436524,3473711.9987182617,-0.002063213638765715,0,1634.52001953125,0.0,29.09550764161213,0,365.45001220703125,0.0,1495.4507690918617,0,134.32000732421875,0.0,2966.4340596618713,0,219.875,0.0,-197.89836480103622
2026-09-11,2026-09-11T12:10:00-04:00,open_before_orders,104293.08197159434,104293.08197159434,0.0,0.0,0.0,0.0,694.7423997436524,3473711.9987182617,-0.002063213638765715,0,1634.6800537109375,0.0,29.09550764161213,0,365.4700012207031,0.0,1495.4507690918617,0,134.3699951171875,0.0,2966.4340596618713,0,219.87010192871094,0.0,-197.89836480103622
2026-09-11,2026-09-11T12:10:00-04:00,after_fill,101873.93832750255,104292.59823961192,2418.659912109375,2418.659912109375,0.02319109843780583,0.02319109843780583,695.2261317260743,3476130.658630371,-0.0020678422673464647,0,1634.6800537109375,0.0,29.09550764161213,0,365.4700012207031,0.0,1495.4507690918617,18,134.3699951171875,0.02319109843780583,2965.95032767945,0,219.87010192871094,0.0,-197.89836480103622
2026-09-11,2026-09-11T12:15:00-04:00,bar_close,101873.93832750255,104279.18832750255,2405.25,2405.25,0.023065484480431466,0.023065484480431466,695.2261317260743,3476130.658630371,-0.0021961560954818493,0,1631.1500244140625,0.0,29.09550764161213,0,365.07000732421875,0.0,1495.4507690918617,18,133.625,0.023065484480431466,2952.540415570075,0,219.5800018310547,0.0,-197.89836480103622
2026-09-11,2026-09-11T12:15:00-04:00,open_before_orders,101873.93832750255,104279.24243516856,2405.3041076660156,2405.3041076660156,0.023065991385211846,0.023065991385211846,695.2261317260743,3476130.658630371,-0.0021956383619052833,0,1631.800048828125,0.0,29.09550764161213,0,365.0799865722656,0.0,1495.4507690918617,18,133.6280059814453,0.023065991385211846,2952.5945232360905,0,219.5800018310547,0.0,-197.89836480103622
2026-09-11,2026-09-11T12:20:00-04:00,bar_close,101873.93832750255,104270.27841539317,2396.340087890625,2396.340087890625,0.022982005268500933,0.022982005268500933,695.2261317260743,3476130.658630371,-0.002281411309817294,0,1633.8299560546875,0.0,29.09550764161213,0,364.7799987792969,0.0,1495.4507690918617,18,133.1300048828125,0.022982005268500933,2943.6305034607,0,219.25999450683594,0.0,-197.89836480103622
2026-09-11,2026-09-11T12:20:00-04:00,open_before_orders,101873.93832750255,104271.5382725709,2397.5999450683594,2397.5999450683594,0.02299381005390863,0.02299381005390863,695.2261317260743,3476130.658630371,-0.0022693562645597076,0,1633.4449462890625,0.0,29.09550764161213,0,364.80499267578125,0.0,1495.4507690918617,18,133.1999969482422,0.02299381005390863,2944.8903606384342,0,219.27499389648438,0.0,-197.89836480103622
2026-09-11,2026-09-11T12:20:00-04:00,after_fill,104004.71203868419,104271.11203258067,266.3999938964844,266.3999938964844,0.0025548782275693458,0.0025548782275693458,695.6523717163087,3478261.858581543,-0.002273434776365435,0,1633.4449462890625,0.0,29.09550764161213,0,364.80499267578125,0.0,1495.4507690918617,2,133.1999969482422,0.0025548782275693458,2944.4641206481997,0,219.27499389648438,0.0,-197.89836480103622
2026-09-11,2026-09-11T12:25:00-04:00,bar_close,104004.71203868419,104271.11203258067,266.3999938964844,266.3999938964844,0.0025548782275693458,0.0025548782275693458,695.6523717163087,3478261.858581543,-0.002273434776365435,0,1632.68505859375,0.0,29.09550764161213,0,364.3500061035156,0.0,1495.4507690918617,2,133.1999969482422,0.0025548782275693458,2944.4641206481997,0,219.20620727539062,0.0,-197.89836480103622
2026-09-11,2026-09-11T12:25:00-04:00,open_before_orders,104004.71203868419,104271.08804576426,266.3760070800781,266.3760070800781,0.002554648772468611,0.002554648772468611,695.6523717163087,3478261.858581543,-0.002273664296157385,0,1632.30126953125,0.0,29.09550764161213,0,364.3450012207031,0.0,1495.4507690918617,2,133.18800354003906,0.002554648772468611,2944.4401338317934,0,219.2100067138672,0.0,-197.89836480103622
2026-09-11,2026-09-11T12:25:00-04:00,after_fill,104271.03477056285,104271.03477056285,0.0,0.0,0.0,0.0,695.7056469177247,3478528.234588623,-0.0022741740642291397,0,1632.30126953125,0.0,29.09550764161213,0,364.3450012207031,0.0,1495.4507690918617,0,133.18800354003906,0.0,2944.3868586303774,0,219.2100067138672,0.0,-197.89836480103622
2026-09-11,2026-09-11T12:30:00-04:00,bar_close,104271.03477056285,104271.03477056285,0.0,0.0,0.0,0.0,695.7056469177247,3478528.234588623,-0.0022741740642291397,0,1625.5799560546875,0.0,29.09550764161213,0,365.05999755859375,0.0,1495.4507690918617,0,133.75999450683594,0.0,2944.3868586303774,0,219.16000366210938,0.0,-197.89836480103622
2026-09-11,2026-09-11T12:30:00-04:00,open_before_orders,104271.03477056285,104271.03477056285,0.0,0.0,0.0,0.0,695.7056469177247,3478528.234588623,-0.0022741740642291397,0,1625.5400390625,0.0,29.09550764161213,0,365.0304870605469,0.0,1495.4507690918617,0,133.75999450683594,0.0,2944.3868586303774,0,219.16000366210938,0.0,-197.89836480103622
2026-09-11,2026-09-11T12:30:00-04:00,after_fill,102645.16962349253,104270.70966255503,1625.5400390625,1625.5400390625,0.01558961327033389,0.01558961327033389,696.0307549255372,3480153.7746276855,-0.0022772848864851536,1,1625.5400390625,0.01558961327033389,28.77039963379957,0,365.0304870605469,0.0,1495.4507690918617,0,133.75999450683594,0.0,2944.3868586303774,0,219.16000366210938,0.0,-197.89836480103622
2026-09-11,2026-09-11T12:35:00-04:00,bar_close,102645.16962349253,104274.46967232066,1629.300048828125,1629.300048828125,0.015625109904161112,0.015625109904161112,696.0307549255372,3480153.7746276855,-0.0022413069290668775,1,1629.300048828125,0.015625109904161112,32.53040939942457,0,365.6777038574219,0.0,1495.4507690918617,0,133.75,0.0,2944.3868586303774,0,219.14500427246094,0.0,-197.89836480103622
2026-09-11,2026-09-11T12:35:00-04:00,open_before_orders,102645.16962349253,104274.16962349253,1629.0,1629.0,0.01562227736631137,0.01562227736631137,696.0307549255372,3480153.7746276855,-0.0022441779705359988,1,1629.0,0.01562227736631137,32.23036057129957,0,365.75,0.0,1495.4507690918617,0,133.6999969482422,0.0,2944.3868586303774,0,219.14500427246094,0.0,-197.89836480103622
2026-09-11,2026-09-11T12:35:00-04:00,after_fill,104273.84382349253,104273.84382349253,0.0,0.0,0.0,0.0,696.3565549255371,3481782.7746276855,-0.002247295414175232,0,1629.0,0.0,31.9045605712995,0,365.75,0.0,1495.4507690918617,0,133.6999969482422,0.0,2944.3868586303774,0,219.14500427246094,0.0,-197.89836480103622
2026-09-11,2026-09-11T12:40:00-04:00,bar_close,104273.84382349253,104273.84382349253,0.0,0.0,0.0,0.0,696.3565549255371,3481782.7746276855,-0.002247295414175232,0,1629.9200439453125,0.0,31.9045605712995,0,364.8125915527344,0.0,1495.4507690918617,0,133.16000366210938,0.0,2944.3868586303774,0,218.7550048828125,0.0,-197.89836480103622
2026-09-11,2026-09-11T12:40:00-04:00,open_before_orders,104273.84382349253,104273.84382349253,0.0,0.0,0.0,0.0,696.3565549255371,3481782.7746276855,-0.002247295414175232,0,1629.4949951171875,0.0,31.9045605712995,0,364.8699951171875,0.0,1495.4507690918617,0,133.19000244140625,0.0,2944.3868586303774,0,218.75999450683594,0.0,-197.89836480103622
2026-09-11,2026-09-11T12:45:00-04:00,bar_close,104273.84382349253,104273.84382349253,0.0,0.0,0.0,0.0,696.3565549255371,3481782.7746276855,-0.002247295414175232,0,1632.300048828125,0.0,31.9045605712995,0,365.375,0.0,1495.4507690918617,0,133.96009826660156,0.0,2944.3868586303774,0,219.11990356445312,0.0,-197.89836480103622
2026-09-11,2026-09-11T12:45:00-04:00,open_before_orders,104273.84382349253,104273.84382349253,0.0,0.0,0.0,0.0,696.3565549255371,3481782.7746276855,-0.002247295414175232,0,1632.2950439453125,0.0,31.9045605712995,0,365.3800048828125,0.0,1495.4507690918617,0,133.9600067138672,0.0,2944.3868586303774,0,219.11500549316406,0.0,-197.89836480103622
2026-09-11,2026-09-11T12:50:00-04:00,bar_close,104273.84382349253,104273.84382349253,0.0,0.0,0.0,0.0,696.3565549255371,3481782.7746276855,-0.002247295414175232,0,1626.9949951171875,0.0,31.9045605712995,0,365.239990234375,0.0,1495.4507690918617,0,133.6999969482422,0.0,2944.3868586303774,0,218.96969604492188,0.0,-197.89836480103622
2026-09-11,2026-09-11T12:50:00-04:00,open_before_orders,104273.84382349253,104273.84382349253,0.0,0.0,0.0,0.0,696.3565549255371,3481782.7746276855,-0.002247295414175232,0,1626.9949951171875,0.0,31.9045605712995,0,365.218994140625,0.0,1495.4507690918617,0,133.69000244140625,0.0,2944.3868586303774,0,218.96499633789062,0.0,-197.89836480103622
2026-09-11,2026-09-11T12:50:00-04:00,after_fill,102646.52342937632,104273.51842449351,1626.9949951171875,1626.9949951171875,0.01560314660615702,0.01560314660615702,696.6819539245606,3483409.7696228027,-0.0022504090208039784,1,1626.9949951171875,0.01560314660615702,31.579161572276007,0,365.218994140625,0.0,1495.4507690918617,0,133.69000244140625,0.0,2944.3868586303774,0,218.96499633789062,0.0,-197.89836480103622
2026-09-11,2026-09-11T12:55:00-04:00,bar_close,102646.52342937632,104277.05358074351,1630.5301513671875,1630.5301513671875,0.015636519208942167,0.015636519208942167,696.6819539245606,3483409.7696228027,-0.0022165825924281846,1,1630.5301513671875,0.015636519208942167,35.11431782227601,0,365.58990478515625,0.0,1495.4507690918617,0,133.30999755859375,0.0,2944.3868586303774,0,219.02499389648438,0.0,-197.89836480103622
2026-09-11,2026-09-11T12:55:00-04:00,open_before_orders,102646.52342937632,104277.5534586732,1631.030029296875,1631.030029296875,0.015641237976908206,0.015641237976908206,696.6819539245606,3483409.7696228027,-0.0022117994700455723,1,1631.030029296875,0.015641237976908206,35.61419575196351,0,365.55499267578125,0.0,1495.4507690918617,0,133.3000030517578,0.0,2944.3868586303774,0,219.02499389648438,0.0,-197.89836480103622
2026-09-11,2026-09-11T12:55:00-04:00,after_fill,104277.22725266733,104277.22725266733,0.0,0.0,0.0,0.0,697.00815993042,3485040.7996520996,-0.002214920798584652,0,1631.030029296875,0.0,35.28798974610413,0,365.55499267578125,0.0,1495.4507690918617,0,133.3000030517578,0.0,2944.3868586303774,0,219.02499389648438,0.0,-197.89836480103622
2026-09-11,2026-09-11T12:55:00-04:00,after_fill,80011.77457713633,104272.37513255625,24260.600555419922,24260.600555419922,0.23266565592831884,0.23266565592831884,701.860280041504,3509301.4002075195,-0.002261348702134458,0,1631.030029296875,0.0,35.28798974610413,0,365.55499267578125,0.0,1495.4507690918617,182,133.3000030517578,0.23266565592831884,2939.534738519291,0,219.02499389648438,0.0,-197.89836480103622
2026-09-11,2026-09-11T13:00:00-04:00,bar_close,80011.77457713633,104305.13379954844,24293.35922241211,24293.35922241211,0.2329066493419069,0.2329066493419069,701.860280041504,3509301.4002075195,-0.0019478947486636367,0,1632.580810546875,0.0,35.28798974610413,0,364.82000732421875,0.0,1495.4507690918617,182,133.47999572753906,0.2329066493419069,2972.2934055114783,0,219.10499572753906,0.0,-197.89836480103622
2026-09-11,2026-09-11T13:00:00-04:00,open_before_orders,80011.77457713633,104314.59815501719,24302.82357788086,24302.82357788086,0.23297624692725688,0.23297624692725688,701.860280041504,3509301.4002075195,-0.0018573342982203256,0,1632.239990234375,0.0,35.28798974610413,0,364.8399963378906,0.0,1495.4507690918617,182,133.53199768066406,0.23297624692725688,2981.7577609802283,0,219.11000061035156,0.0,-197.89836480103622
2026-09-11,2026-09-11T13:05:00-04:00,bar_close,80011.77457713633,104350.63379954844,24338.85922241211,24338.85922241211,0.23324112500519795,0.23324112500519795,701.860280041504,3509301.4002075195,-0.001512524320241515,0,1633.5400390625,0.0,35.28798974610413,0,364.7200012207031,0.0,1495.4507690918617,182,133.72999572753906,0.23324112500519795,3017.7934055114783,0,219.05760192871094,0.0,-197.89836480103622
2026-09-11,2026-09-11T13:05:00-04:00,open_before_orders,80011.77457713633,104345.1740217164,24333.399444580078,24333.399444580078,0.23320100495990156,0.23320100495990156,701.860280041504,3509301.4002075195,-0.0015647666458199483,0,1633.4420166015625,0.0,35.28798974610413,0,364.7449951171875,0.0,1495.4507690918617,182,133.6999969482422,0.23320100495990156,3012.333627679447,0,219.05499267578125,0.0,-197.89836480103622
2026-09-11,2026-09-11T13:05:00-04:00,after_fill,76728.41308009042,104344.51748072519,27616.104400634766,27616.104400634766,0.2646627256265389,0.2646627256265389,702.5168210327149,3512584.105163574,-0.0015710488113720444,0,1633.4420166015625,0.0,35.28798974610413,9,364.7449951171875,0.03146025335409767,1494.7942281006508,182,133.6999969482422,0.23320247227244126,3012.333627679447,0,219.05499267578125,0.0,-197.89836480103622
2026-09-11,2026-09-11T13:10:00-04:00,bar_close,76728.41308009042,104355.70318018808,27627.290100097656,27627.290100097656,0.2647415451017026,0.2647415451017026,702.5168210327149,3512584.105163574,-0.0014640175417597323,0,1636.5150146484375,0.0,35.28798974610413,9,365.2799987792969,0.03150302176908533,1499.6092610596352,182,133.73500061035156,0.23323852333261733,3018.7042941833533,0,219.1199951171875,0.0,-197.89836480103622
2026-09-11,2026-09-11T13:10:00-04:00,open_before_orders,76728.41308009042,104339.32384669199,27610.910766601562,27610.910766601562,0.26462612319752876,0.26462612319752876,702.5168210327149,3512584.105163574,-0.001620744518495254,0,1636.81005859375,0.0,35.28798974610413,9,365.2799987792969,0.03150796715765664,1499.6092610596352,182,133.64500427246094,0.2331181560398721,3002.3249606872596,0,219.1199951171875,0.0,-197.89836480103622
2026-09-11,2026-09-11T13:15:00-04:00,bar_close,76728.41308009042,104274.5686587037,27546.15557861328,27546.15557861328,0.2641694512184782,0.2641694512184782,702.5168210327149,3512584.105163574,-0.0022403597698581468,0,1633.8201904296875,0.0,35.28798974610413,9,365.364990234375,0.031534869473995225,1500.3741841553383,182,133.28500366210938,0.23263458174448295,2936.804849603275,0,218.98500061035156,0.0,-197.89836480103622
2026-09-11,2026-09-11T13:15:00-04:00,open_before_orders,76728.41308009042,104280.9905337037,27552.57745361328,27552.57745361328,0.26421476543904004,0.26421476543904004,702.5168210327149,3512584.105163574,-0.0021789115397476966,0,1634.31005859375,0.0,35.28798974610413,9,365.375,0.031533791376264254,1500.4642720459633,182,133.31979370117188,0.2326809740627758,2943.13663671265,0,218.98500061035156,0.0,-197.89836480103622
2026-09-11,2026-09-11T13:20:00-04:00,bar_close,76728.41308009042,104308.94753443613,27580.534454345703,27580.534454345703,0.2644119714201927,0.2644119714201927,702.5168210327149,3512584.105163574,-0.0019114027180714421,0,1633.4100341796875,0.0,35.28798974610413,9,365.5450134277344,0.03154000877789984,1501.9943928955727,182,133.46499633789062,0.23287196264229285,2969.5635165954627,0,219.3179931640625,0.0,-197.89836480103622
2026-09-11,2026-09-11T13:20:00-04:00,open_before_orders,76728.41308009042,104309.33077418222,27580.917694091797,27580.917694091797,0.26441467402184116,0.26441467402184116,702.5168210327149,3512584.105163574,-0.00190773565757818,0,1634.0150146484375,0.0,35.28798974610413,9,365.5450134277344,0.031539892897710926,1501.9943928955727,182,133.46710205078125,0.23287478112413024,2969.9467563415565,0,219.3394012451172,0.0,-197.89836480103622
2026-09-11,2026-09-11T13:25:00-04:00,bar_close,76728.41308009042,104323.85262476816,27595.439544677734,27595.439544677734,0.2645170672898073,0.2645170672898073,702.5168210327149,3512584.105163574,-0.0017687821562356598,0,1636.050048828125,0.0,35.28798974610413,9,365.2799987792969,0.03151263978754904,1499.6092610596352,182,133.55999755859375,0.23300442750225822,2986.8537387634315,0,219.32000732421875,0.0,-197.89836480103622
2026-09-11,2026-09-11T13:25:00-04:00,open_before_orders,76728.41308009042,104329.85238062753,27601.43930053711,27601.43930053711,0.26455936312301614,0.26455936312301614,702.5168210327149,3512584.105163574,-0.001711373007248329,0,1636.050048828125,0.0,35.28798974610413,9,365.3399963378906,0.0315160032532698,1500.149239086979,182,133.58999633789062,0.23304335986974634,2992.3135165954627,0,219.30999755859375,0.0,-197.89836480103622
2026-09-11,2026-09-11T13:25:00-04:00,after_fill,78364.13591890878,104329.52517061777,29237.489349365234,25965.389251708984,0.2802417561236957,0.24887862960409213,702.8440310424805,3514220.1552124023,-0.0017145039426799125,-1,1636.050048828125,-0.015681563259801783,34.96077973633851,9,365.3399963378906,0.03151610209730955,1500.149239086979,182,133.58999633789062,0.23304409076658436,2992.3135165954627,0,219.30999755859375,0.0,-197.89836480103622
2026-09-11,2026-09-11T13:30:00-04:00,bar_close,78364.13591890878,104344.79015474863,29244.12420654297,25980.654235839844,0.2802643444217239,0.24898851391918286,702.8440310424805,3514220.1552124023,-0.0015684397079346324,-1,1631.7349853515625,-0.01563791525127049,39.27584321290101,9,365.95001220703125,0.03156410689004002,1505.6393819092445,182,133.6199951171875,0.23306232228041335,2997.773294427494,0,219.25,0.0,-197.89836480103622
2026-09-11,2026-09-11T13:30:00-04:00,open_before_orders,78364.13591890878,104339.68920260019,29239.20538330078,25975.553283691406,0.28023090356849684,0.24895179851699314,702.8440310424805,3514220.1552124023,-0.001617248580950581,-1,1631.8260498046875,-0.01563955252575184,39.18477875977601,9,366.0,0.03156996177747779,1506.0892720459633,182,133.58999633789062,0.2330213892652672,2992.3135165954627,0,219.25599670410156,0.0,-197.89836480103622
2026-09-11,2026-09-11T13:30:00-04:00,after_fill,78730.06271890878,104339.61600260019,28873.20538330078,25609.553283691406,0.2767233241742163,0.2454441971786939,702.9172310424806,3514586.1552124023,-0.001617949001068375,-1,1631.8260498046875,-0.015639563497761213,39.18477875977601,8,366.0,0.028062207933820967,1506.0160720459633,182,133.58999633789062,0.23302155274263414,2992.3135165954627,0,219.25599670410156,0.0,-197.89836480103622
2026-09-11,2026-09-11T13:30:00-04:00,after_fill,77097.91030389414,104339.28963739023,27241.379333496094,27241.379333496094,0.2610845773262202,0.2610845773262202,703.2435962524415,3516217.981262207,-0.0016210718529646728,0,1631.8260498046875,0.0,38.85841354981517,8,366.0,0.028062295710232096,1506.0160720459633,182,133.58999633789062,0.2330222816159881,2992.3135165954627,0,219.25599670410156,0.0,-197.89836480103622
2026-09-11,2026-09-11T13:35:00-04:00,bar_close,77097.91030389414,104367.7072399293,27269.796936035156,27269.796936035156,0.2612857717890175,0.2612857717890175,703.2435962524415,3516217.981262207,-0.0013491557256644082,0,1631.14501953125,0.0,38.85841354981517,8,366.1099853515625,0.028063085414718785,1506.8959548584633,182,133.74130249023438,0.23322268637429872,3019.851236322025,0,219.2100067138672,0.0,-197.89836480103622
2026-09-11,2026-09-11T13:35:00-04:00,open_before_orders,77097.91030389414,104375.23018914805,27277.319885253906,27277.319885253906,0.2613390153566334,0.2613390153566334,703.2435962524415,3516217.981262207,-0.0012771717778762293,0,1631.155029296875,0.0,38.85841354981517,8,366.1700134277344,0.02806566368393449,1507.3761794678383,182,133.77999877929688,0.23327335167269891,3026.8939609314,0,219.22000122070312,0.0,-197.89836480103622
2026-09-11,2026-09-11T13:40:00-04:00,bar_close,77097.91030389414,104282.67916375742,27184.76885986328,27184.76885986328,0.26068345268704146,0.26068345268704146,703.2435962524415,3516217.981262207,-0.0021627537465623847,0,1634.955078125,0.0,38.85841354981517,8,366.0899963378906,0.02808443352422976,1506.7360427490883,182,133.27499389648438,0.2325990191628117,2934.983072259525,0,219.05999755859375,0.0,-197.89836480103622
2026-09-11,2026-09-11T13:40:00-04:00,open_before_orders,77097.91030389414,104280.00481683359,27182.094512939453,27182.094512939453,0.2606644923030492,0.2606644923030492,703.2435962524415,3516217.981262207,-0.002188343451309138,0,1634.469970703125,0.0,38.85841354981517,8,366.06500244140625,0.028083236327761545,1506.5360915772133,182,133.2613983154297,0.23258125597528764,2932.508676507572,0,219.07000732421875,0.0,-197.89836480103622
2026-09-11,2026-09-11T13:40:00-04:00,after_fill,77463.90209333505,104279.9316038331,26816.029510498047,26816.029510498047,0.25715426830518123,0.25715426830518123,703.3168092529298,3516584.0462646484,-0.0021890439958232033,0,1634.469970703125,0.0,38.85841354981517,7,366.06500244140625,0.02457284903891952,1506.462878576725,182,133.2613983154297,0.23258141926626172,2932.508676507572,0,219.07000732421875,0.0,-197.89836480103622
2026-09-11,2026-09-11T13:40:00-04:00,after_fill,80732.18824675302,104279.27781584482,30084.969451904297,23547.089569091797,0.2885038147754894,0.2258079463369079,703.9705972412111,3519852.9862060547,-0.0021952998190442052,-2,1634.469970703125,-0.03134793421929076,38.20462556153416,7,366.06500244140625,0.024573003100530573,1506.462878576725,182,133.2613983154297,0.23258287745566808,2932.508676507572,0,219.07000732421875,0.0,-197.89836480103622
2026-09-11,2026-09-11T13:45:00-04:00,bar_close,80732.18824675302,104304.24543669443,30115.316955566406,23572.057189941406,0.2887257065086996,0.22599326701661476,703.9705972412111,3519852.9862060547,-0.0019563951204513153,-2,1635.81494140625,-0.03136621974604242,35.51468415528416,7,365.3699951171875,0.02452047809858895,1501.5978273071937,182,133.44009399414062,0.23283900866406823,2965.0312900329627,0,219.2899932861328,0.0,-197.89836480103622
2026-09-11,2026-09-11T13:45:00-04:00,open_before_orders,80732.18824675302,104304.22877409677,30115.30029296875,23572.04052734375,0.2887255928826509,0.22599314336906062,703.9705972412111,3519852.9862060547,-0.001956554557864143,-2,1635.81494140625,-0.03136622475679516,35.51468415528416,7,365.3699951171875,0.02452048201573465,1501.5978273071937,182,133.44000244140625,0.23283888611012113,2965.0146274353065,0,219.3000030517578,0.0,-197.89836480103622
2026-09-11,2026-09-11T13:45:00-04:00,after_fill,83289.26669458018,104303.71725610361,27557.710327148438,21014.450561523438,0.2642064065606044,0.2014736493995253,704.4821152343751,3522410.576171875,-0.0019614490591349787,-2,1635.81494140625,-0.03136637858053953,35.51468415528416,0,365.3699951171875,0.0,1501.0863093140297,182,133.44000244140625,0.23284002798006484,2965.0146274353065,0,219.3000030517578,0.0,-197.89836480103622
2026-09-11,2026-09-11T13:45:00-04:00,after_fill,80016.98248579112,104303.06293012705,24286.080444335938,24286.080444335938,0.23284148865892135,0.23284148865892135,705.1364412109376,3525682.2060546875,-0.0019677100301404016,0,1635.81494140625,0.0,34.860358178721526,0,365.3699951171875,0.0,1501.0863093140297,182,133.44000244140625,0.23284148865892135,2965.0146274353065,0,219.3000030517578,0.0,-197.89836480103622
2026-09-11,2026-09-11T13:50:00-04:00,bar_close,80016.98248579112,104309.43359663096,24292.451110839844,24292.451110839844,0.23288834262852764,0.23288834262852764,705.1364412109376,3525682.2060546875,-0.0019067517926647515,0,1638.2099609375,0.0,34.860358178721526,0,365.44000244140625,0.0,1501.0863093140297,182,133.47500610351562,0.23288834262852764,2971.3852939392127,0,219.2801055908203,0.0,-197.89836480103622
2026-09-11,2026-09-11T13:50:00-04:00,open_before_orders,80016.98248579112,104319.42560102549,24302.443115234375,24302.443115234375,0.2329618187141885,0.2329618187141885,705.1364412109376,3525682.2060546875,-0.0018111424908177076,0,1638.2423095703125,0.0,34.860358178721526,0,365.43499755859375,0.0,1501.0863093140297,182,133.5299072265625,0.2329618187141885,2981.377298333744,0,219.2899932861328,0.0,-197.89836480103622
2026-09-11,2026-09-11T13:55:00-04:00,bar_close,80016.98248579112,104202.96237470713,24185.979888916016,24185.979888916016,0.2321045327093945,0.2321045327093945,705.1364412109376,3525682.2060546875,-0.0029255302872494005,0,1635.8499755859375,0.0,34.860358178721526,0,365.0350036621094,0.0,1501.0863093140297,182,132.88999938964844,0.2321045327093945,2864.9140720153846,0,219.2550048828125,0.0,-197.89836480103622
2026-09-11,2026-09-11T13:55:00-04:00,open_before_orders,80016.98248579112,104201.14337446299,24184.160888671875,24184.160888671875,0.23209112784647992,0.23209112784647992,705.1364412109376,3525682.2060546875,-0.0029429355381416222,0,1636.22998046875,0.0,34.860358178721526,0,365.0,0.0,1501.0863093140297,182,132.8800048828125,0.23209112784647992,2863.095071771244,0,219.25950622558594,0.0,-197.89836480103622
2026-09-11,2026-09-11T14:00:00-04:00,bar_close,80016.98248579112,104202.96237470713,24185.979888916016,24185.979888916016,0.2321045327093945,0.2321045327093945,705.1364412109376,3525682.2060546875,-0.0029255302872494005,0,1633.75,0.0,34.860358178721526,0,365.1199951171875,0.0,1501.0863093140297,182,132.88999938964844,0.2321045327093945,2864.9140720153846,0,219.14500427246094,0.0,-197.89836480103622
2026-09-11,2026-09-11T14:00:00-04:00,open_before_orders,80016.98248579112,104197.52203657237,24180.53955078125,24180.53955078125,0.23206443951991587,0.23206443951991587,705.1364412109376,3525682.2060546875,-0.002977586602513016,0,1634.239990234375,0.0,34.860358178721526,0,365.1199951171875,0.0,1501.0863093140297,182,132.860107421875,0.23206443951991587,2859.473733880619,0,219.13999938964844,0.0,-197.89836480103622
2026-09-11,2026-09-11T14:05:00-04:00,bar_close,80016.98248579112,103949.98248579112,23933.0,23933.0,0.23023572902738482,0.23023572902738482,705.1364412109376,3525682.2060546875,-0.005346188806360397,0,1637.5799560546875,0.0,34.860358178721526,0,365.05999755859375,0.0,1501.0863093140297,182,131.5,0.23023572902738482,2611.934183099369,0,219.139892578125,0.0,-197.89836480103622
2026-09-11,2026-09-11T14:05:00-04:00,open_before_orders,80016.98248579112,103946.34170820322,23929.35922241211,23929.35922241211,0.23020876761191159,0.23020876761191159,705.1364412109376,3525682.2060546875,-0.005381025881046719,0,1637.2249755859375,0.0,34.860358178721526,0,365.07000732421875,0.0,1501.0863093140297,182,131.47999572753906,0.23020876761191159,2608.2934055114783,0,219.1300048828125,0.0,-197.89836480103622
2026-09-11,2026-09-11T14:05:00-04:00,after_fill,103941.55583635875,103941.55583635875,0.0,0.0,0.0,0.0,709.9223130554201,3549611.5652770996,-0.005426819882701772,0,1637.2249755859375,0.0,34.860358178721526,0,365.07000732421875,0.0,1501.0863093140297,0,131.47999572753906,0.0,2603.507533666998,0,219.1300048828125,0.0,-197.89836480103622
2026-09-11,2026-09-11T14:05:00-04:00,after_fill,107215.35089754038,103940.9009463685,3274.449951171875,-3274.449951171875,0.03150299758187999,-0.03150299758187999,710.5772030456544,3552886.0152282715,-0.005433086250517527,-2,1637.2249755859375,-0.03150299758187999,34.20546818848743,0,365.07000732421875,0.0,1501.0863093140297,0,131.47999572753906,0.0,2603.507533666998,0,219.1300048828125,0.0,-197.89836480103622
2026-09-11,2026-09-11T14:10:00-04:00,bar_close,107215.35089754038,103948.27081941538,3267.080078125,-3267.080078125,0.03142986460833726,-0.03142986460833726,710.5772030456544,3552886.0152282715,-0.005362567024455256,-2,1633.5400390625,-0.03142986460833726,41.57534123536243,0,364.885009765625,0.0,1501.0863093140297,0,131.0800018310547,0.0,2603.507533666998,0,219.19500732421875,0.0,-197.89836480103622
2026-09-11,2026-09-11T14:10:00-04:00,open_before_orders,107215.35089754038,103948.13092683726,3267.219970703125,-3267.219970703125,0.031431252698547525,-0.031431252698547525,710.5772030456544,3552886.0152282715,-0.005363905597898566,-2,1633.6099853515625,-0.031431252698547525,41.43544865723743,0,364.9100036621094,0.0,1501.0863093140297,0,131.11000061035156,0.0,2603.507533666998,0,219.1999969482422,0.0,-197.89836480103622
2026-09-11,2026-09-11T14:10:00-04:00,after_fill,103947.47748284311,103947.47748284311,0.0,0.0,0.0,0.0,711.230647039795,3556153.2351989746,-0.005370158129583857,0,1633.6099853515625,0.0,40.782004663096814,0,364.9100036621094,0.0,1501.0863093140297,0,131.11000061035156,0.0,2603.507533666998,0,219.1999969482422,0.0,-197.89836480103622
2026-09-11,2026-09-11T14:15:00-04:00,bar_close,103947.47748284311,103947.47748284311,0.0,0.0,0.0,0.0,711.230647039795,3556153.2351989746,-0.005370158129583857,0,1632.22998046875,0.0,40.782004663096814,0,365.3500061035156,0.0,1501.0863093140297,0,131.1999969482422,0.0,2603.507533666998,0,219.1999969482422,0.0,-197.89836480103622
2026-09-11,2026-09-11T14:15:00-04:00,open_before_orders,103947.47748284311,103947.47748284311,0.0,0.0,0.0,0.0,711.230647039795,3556153.2351989746,-0.005370158129583857,0,1632.2850341796875,0.0,40.782004663096814,0,365.32879638671875,0.0,1501.0863093140297,0,131.2010040283203,0.0,2603.507533666998,0,219.18739318847656,0.0,-197.89836480103622
2026-09-11,2026-09-11T14:20:00-04:00,bar_close,103947.47748284311,103947.47748284311,0.0,0.0,0.0,0.0,711.230647039795,3556153.2351989746,-0.005370158129583857,0,1634.9599609375,0.0,40.782004663096814,0,365.489990234375,0.0,1501.0863093140297,0,131.8249969482422,0.0,2603.507533666998,0,219.25999450683594,0.0,-197.89836480103622
2026-09-11,2026-09-11T14:20:00-04:00,open_before_orders,103947.47748284311,103947.47748284311,0.0,0.0,0.0,0.0,711.230647039795,3556153.2351989746,-0.005370158129583857,0,1634.81494140625,0.0,40.782004663096814,0,365.5199890136719,0.0,1501.0863093140297,0,131.75,0.0,2603.507533666998,0,219.27999877929688,0.0,-197.89836480103622
2026-09-11,2026-09-11T14:20:00-04:00,after_fill,105581.96546126108,103947.15051985483,1634.81494140625,-1634.81494140625,0.01572736658225168,-0.01572736658225168,711.5576100280763,3557788.050140381,-0.005373286701370383,-1,1634.81494140625,-0.01572736658225168,40.455041674815675,0,365.5199890136719,0.0,1501.0863093140297,0,131.75,0.0,2603.507533666998,0,219.27999877929688,0.0,-197.89836480103622
2026-09-11,2026-09-11T14:25:00-04:00,bar_close,105581.96546126108,103949.50550032358,1632.4599609375,-1632.4599609375,0.01570435523555635,-0.01570435523555635,711.5576100280763,3557788.050140381,-0.005350752880368126,-1,1632.4599609375,-0.01570435523555635,42.810022143565675,0,364.9549865722656,0.0,1501.0863093140297,0,131.2801055908203,0.0,2603.507533666998,0,219.36990356445312,0.0,-197.89836480103622
2026-09-11,2026-09-11T14:25:00-04:00,open_before_orders,105581.96546126108,103949.25550032358,1632.7099609375,-1632.7099609375,0.015706798024468945,-0.015706798024468945,711.5576100280763,3557788.050140381,-0.0053531450255792645,-1,1632.7099609375,-0.015706798024468945,42.560022143565675,0,364.9200134277344,0.0,1501.0863093140297,0,131.32000732421875,0.0,2603.507533666998,0,219.36500549316406,0.0,-197.89836480103622
2026-09-11,2026-09-11T14:30:00-04:00,bar_close,105581.96546126108,103949.61048079233,1632.35498046875,-1632.35498046875,0.015703329458558908,-0.015703329458558908,711.5576100280763,3557788.050140381,-0.005349748366265783,-1,1632.35498046875,-0.015703329458558908,42.915002612315675,0,365.0101013183594,0.0,1501.0863093140297,0,131.6300048828125,0.0,2603.507533666998,0,219.50999450683594,0.0,-197.89836480103622
2026-09-11,2026-09-11T14:30:00-04:00,open_before_orders,105581.96546126108,103949.29541731576,1632.6700439453125,-1632.6700439453125,0.01570640798853692,-0.01570640798853692,711.5576100280763,3557788.050140381,-0.005352763076612366,-1,1632.6700439453125,-0.01570640798853692,42.599939135753175,0,365.06500244140625,0.0,1501.0863093140297,0,131.60000610351562,0.0,2603.507533666998,0,219.5050048828125,0.0,-197.89836480103622
2026-09-11,2026-09-11T14:35:00-04:00,bar_close,105581.96546126108,103945.66541243295,1636.300048828125,-1636.300048828125,0.015741878627989495,-0.015741878627989495,711.5576100280763,3557788.050140381,-0.005387497071799308,-1,1636.300048828125,-0.015741878627989495,38.969934252940675,0,364.81500244140625,0.0,1501.0863093140297,0,131.7050018310547,0.0,2603.507533666998,0,219.9149932861328,0.0,-197.89836480103622
2026-09-11,2026-09-11T14:35:00-04:00,open_before_orders,105581.96546126108,103945.66541243295,1636.300048828125,-1636.300048828125,0.015741878627989495,-0.015741878627989495,711.5576100280763,3557788.050140381,-0.005387497071799308,-1,1636.300048828125,-0.015741878627989495,38.969934252940675,0,364.79998779296875,0.0,1501.0863093140297,0,131.74000549316406,0.0,2603.507533666998,0,219.9149932861328,0.0,-197.89836480103622
2026-09-11,2026-09-11T14:35:00-04:00,after_fill,107217.93825007943,103945.33815242318,3272.60009765625,-3272.60009765625,0.03148385637898816,-0.03148385637898816,711.8848700378419,3559424.350189209,-0.005390628485659965,-2,1636.300048828125,-0.03148385637898816,38.64267424317495,0,364.79998779296875,0.0,1501.0863093140297,0,131.74000549316406,0.0,2603.507533666998,0,219.9149932861328,0.0,-197.89836480103622
2026-09-11,2026-09-11T14:40:00-04:00,bar_close,107217.93825007943,103948.15846492318,3269.77978515625,-3269.77978515625,0.031455870247664094,-0.031455870247664094,711.8848700378419,3559424.350189209,-0.005363642097497179,-2,1634.889892578125,-0.031455870247664094,41.46298674317495,0,364.8399963378906,0.0,1501.0863093140297,0,132.10499572753906,0.0,2603.507533666998,0,219.71499633789062,0.0,-197.89836480103622
2026-09-11,2026-09-11T14:40:00-04:00,open_before_orders,107217.93825007943,103948.90822078256,3269.030029296875,-3269.030029296875,0.03144843063049407,-0.03144843063049407,711.8848700378419,3559424.350189209,-0.005356467997943093,-2,1634.5150146484375,-0.03144843063049407,42.21274260254995,0,364.80999755859375,0.0,1501.0863093140297,0,132.13999938964844,0.0,2603.507533666998,0,219.72000122070312,0.0,-197.89836480103622
2026-09-11,2026-09-11T14:40:00-04:00,after_fill,101379.81089714974,103947.74082879037,9105.989990234375,2567.929931640625,0.08760161517346121,0.02470404754510438,713.0522620300294,3565261.3101501465,-0.005367638282597564,-2,1634.5150146484375,-0.03144878381417841,42.21274260254995,16,364.80999755859375,0.05615283135928279,1499.918917321842,0,132.13999938964844,0.0,2603.507533666998,0,219.72000122070312,0.0,-197.89836480103622
2026-09-11,2026-09-11T14:45:00-04:00,bar_close,101379.81089714974,103941.89488152474,9106.7158203125,2562.083984375,0.08761352514010386,0.024649194507136124,713.0522620300294,3565261.3101501465,-0.005423575701620997,-2,1636.157958984375,-0.031482165316483866,38.92685393067495,16,364.6499938964844,0.05613135982361999,1497.358858728092,0,131.5399932861328,0.0,2603.507533666998,0,219.64999389648438,0.0,-197.89836480103622
2026-09-11,2026-09-11T14:45:00-04:00,open_before_orders,101379.81089714974,103942.03111199349,9106.10009765625,2562.22021484375,0.08760748659841736,0.024650472839837595,713.0522620300294,3565261.3101501465,-0.005422272169367304,-2,1635.969970703125,-0.03147850687928988,39.30283049317495,16,364.635009765625,0.056128979719127475,1497.119112634342,0,131.4949951171875,0.0,2603.507533666998,0,219.65499877929688,0.0,-197.89836480103622
2026-09-11,2026-09-11T14:50:00-04:00,bar_close,101379.81089714974,103934.92759636849,9103.27685546875,2555.11669921875,0.08758631064642047,0.024583811797527305,713.0522620300294,3565261.3101501465,-0.005490242732904882,-2,1637.0400390625,-0.031501249424446584,37.16269377442495,16,364.3247985839844,0.05608506122197388,1492.155733728092,0,131.0500030517578,0.0,2603.507533666998,0,219.4600067138672,0.0,-197.89836480103622
2026-09-11,2026-09-11T14:50:00-04:00,open_before_orders,101379.81089714974,103934.40074089974,9103.330078125,2554.58984375,0.0875872667108447,0.02457886730033101,713.0522620300294,3565261.3101501465,-0.005495283992050903,-2,1637.18505859375,-0.03150419970525684,36.87265471192495,16,364.30999755859375,0.05608306700558785,1491.918917321842,0,131.02499389648438,0.0,2603.507533666998,0,219.44000244140625,0.0,-197.89836480103622
2026-09-11,2026-09-11T14:50:00-04:00,after_fill,101744.04803270883,103934.32787890024,8739.020080566406,2190.2798461914062,0.08408213396779486,0.021073690385946645,713.1251240295411,3565625.620147705,-0.0054959811779836665,-2,1637.18505859375,-0.03150422179092411,36.87265471192495,15,364.30999755859375,0.05257791217687075,1491.8460553223304,0,131.02499389648438,0.0,2603.507533666998,0,219.44000244140625,0.0,-197.89836480103622
2026-09-11,2026-09-11T14:50:00-04:00,after_fill,100106.53553710337,103934.00044188852,7101.835021972656,3827.4649047851562,0.06833023834143118,0.03682591729859532,713.4525610412599,3567262.805206299,-0.0054991142855017605,-1,1637.18505859375,-0.01575216052141793,36.545217700206194,15,364.30999755859375,0.05257807782001325,1491.8460553223304,0,131.02499389648438,0.0,2603.507533666998,0,219.44000244140625,0.0,-197.89836480103622
2026-09-11,2026-09-11T14:55:00-04:00,bar_close,100106.53553710337,103938.89558349008,7100.840026855469,3832.3600463867188,0.06831744735205156,0.036871279273006444,713.4525610412599,3567262.805206299,-0.005452274727342221,-1,1634.239990234375,-0.01572308403952256,39.490286059581194,15,364.44000244140625,0.052594363312529,1493.7961285645179,0,130.6699981689453,0.0,2603.507533666998,0,219.27999877929688,0.0,-197.89836480103622
2026-09-11,2026-09-11T14:55:00-04:00,open_before_orders,100106.53553710337,103939.13557372446,7100.600036621094,3832.6000366210938,0.06831498066081769,0.03687350308876308,713.4525610412599,3567262.805206299,-0.0054499783613827235,-1,1634.0,-0.0157207387860273,39.730276293956194,15,364.44000244140625,0.052594241874790386,1493.7961285645179,0,130.72000122070312,0.0,2603.507533666998,0,219.27000427246094,0.0,-197.89836480103622
2026-09-11,2026-09-11T14:55:00-04:00,after_fill,98472.20873710337,103938.80877372446,5466.600036621094,5466.600036621094,0.052594407239377944,0.052594407239377944,713.7793610412599,3568896.805206299,-0.0054531053736026625,0,1634.0,0.0,39.403476293956146,15,364.44000244140625,0.052594407239377944,1493.7961285645179,0,130.72000122070312,0.0,2603.507533666998,0,219.27000427246094,0.0,-197.89836480103622
2026-09-11,2026-09-11T15:00:00-04:00,bar_close,98472.20873710337,103950.5838286561,5478.375091552734,5478.375091552734,0.05270172508682446,0.05270172508682446,713.7793610412599,3568896.805206299,-0.0053404348085415165,0,1632.22998046875,0.0,39.403476293956146,15,365.2250061035156,0.05270172508682446,1505.5711834961585,0,131.22999572753906,0.0,2603.507533666998,0,219.35000610351562,0.0,-197.89836480103622
2026-09-11,2026-09-11T15:00:00-04:00,open_before_orders,98472.20873710337,103950.43368217173,5478.224945068359,5478.224945068359,0.0527003568048405,0.0527003568048405,713.7793610412599,3568896.805206299,-0.005341871497315687,0,1632.2099609375,0.0,39.403476293956146,15,365.2149963378906,0.0527003568048405,1505.4210370117835,0,131.22000122070312,0.0,2603.507533666998,0,219.33999633789062,0.0,-197.89836480103622
2026-09-11,2026-09-11T15:00:00-04:00,after_fill,103949.33803718272,103949.33803718272,0.0,0.0,0.0,0.0,714.8750060302735,3574375.030151367,-0.005352355264969799,0,1632.2099609375,0.0,39.403476293956146,0,365.2149963378906,0.0,1504.3253920227698,0,131.22000122070312,0.0,2603.507533666998,0,219.33999633789062,0.0,-197.89836480103622
2026-09-11,2026-09-11T15:05:00-04:00,bar_close,103949.33803718272,103949.33803718272,0.0,0.0,0.0,0.0,714.8750060302735,3574375.030151367,-0.005352355264969799,0,1630.1600341796875,0.0,39.403476293956146,0,364.9849853515625,0.0,1504.3253920227698,0,131.69500732421875,0.0,2603.507533666998,0,219.22000122070312,0.0,-197.89836480103622
2026-09-11,2026-09-11T15:05:00-04:00,open_before_orders,103949.33803718272,103949.33803718272,0.0,0.0,0.0,0.0,714.8750060302735,3574375.030151367,-0.005352355264969799,0,1630.0,0.0,39.403476293956146,0,364.9849853515625,0.0,1504.3253920227698,0,131.75869750976562,0.0,2603.507533666998,0,219.22000122070312,0.0,-197.89836480103622
2026-09-11,2026-09-11T15:05:00-04:00,after_fill,77724.11323657847,103944.09404102183,26219.98080444336,26219.98080444336,0.25225079930078154,0.25225079930078154,720.1190021911622,3600595.0109558105,-0.005402532866183307,0,1630.0,0.0,39.403476293956146,0,364.9849853515625,0.0,1504.3253920227698,199,131.75869750976562,0.25225079930078154,2598.2635375061072,0,219.22000122070312,0.0,-197.89836480103622
2026-09-11,2026-09-11T15:10:00-04:00,bar_close,77724.11323657847,103928.43177905894,26204.31854248047,26204.31854248047,0.25213811171699513,0.25213811171699513,720.1190021911622,3600595.0109558105,-0.005552398485981991,0,1631.0,0.0,39.403476293956146,0,364.3999938964844,0.0,1504.3253920227698,199,131.67999267578125,0.25213811171699513,2582.6012755432166,0,218.85009765625,0.0,-197.89836480103622
2026-09-11,2026-09-11T15:10:00-04:00,open_before_orders,77724.11323657847,103928.43177905894,26204.31854248047,26204.31854248047,0.25213811171699513,0.25213811171699513,720.1190021911622,3600595.0109558105,-0.005552398485981991,0,1631.27001953125,0.0,39.403476293956146,0,364.364990234375,0.0,1504.3253920227698,199,131.67999267578125,0.25213811171699513,2582.6012755432166,0,218.86500549316406,0.0,-197.89836480103622
2026-09-11,2026-09-11T15:10:00-04:00,after_fill,84247.88829868785,103927.12676304331,32729.39862060547,19679.23846435547,0.31492642623739026,0.18935612940810603,721.4240182067872,3607120.0910339355,-0.0055648856372307876,-4,1631.27001953125,-0.06278514841464213,38.09846027833191,0,364.364990234375,0.0,1504.3253920227698,199,131.67999267578125,0.25214127782274814,2582.6012755432166,0,218.86500549316406,0.0,-197.89836480103622
2026-09-11,2026-09-11T15:15:00-04:00,bar_close,84247.88829868785,103845.74729221812,32631.679306030273,19597.858993530273,0.31423221611768004,0.18872086247675235,721.4240182067872,3607120.0910339355,-0.0063435716828996735,-4,1629.2275390625,-0.06275567682046386,46.26838215333191,0,365.0299987792969,0.0,1504.3253920227698,199,131.22999572753906,0.2514765392972162,2493.0518828430213,0,219.11000061035156,0.0,-197.89836480103622
2026-09-11,2026-09-11T15:15:00-04:00,open_before_orders,84247.88829868785,103849.08226841441,32634.314086914062,19601.193969726562,0.3142474962134524,0.18874691563536566,721.4240182067872,3607120.0910339355,-0.006311660693551158,-4,1629.1400146484375,-0.06275029028904336,46.61847980958191,0,365.04998779296875,0.0,1504.3253920227698,199,131.2449951171875,0.25149720592440905,2496.0367613830604,0,219.10009765625,0.0,-197.89836480103622
2026-09-11,2026-09-11T15:15:00-04:00,after_fill,82618.42245603648,103848.75644041148,31005.174072265625,21230.333984375,0.29856086038022445,0.20443512962581295,721.7498462097169,3608749.231048584,-0.006314778405138499,-3,1629.1400146484375,-0.047062865377205734,46.29265180665243,0,365.04998779296875,0.0,1504.3253920227698,199,131.2449951171875,0.25149799500301867,2496.0367613830604,0,219.10009765625,0.0,-197.89836480103622
2026-09-11,2026-09-11T15:15:00-04:00,after_fill,80255.54006194469,103848.28395842906,33367.583984375,23592.743896484375,0.3213108846144458,0.2271847256130747,722.2223281921388,3611111.6409606934,-0.006319299387184896,-3,1629.1400146484375,-0.04706307950068553,46.29265180665243,0,365.04998779296875,0.0,1504.3253920227698,217,131.2449951171875,0.27424780511376023,2495.564279400638,0,219.10009765625,0.0,-197.89836480103622
2026-09-11,2026-09-11T15:20:00-04:00,bar_close,80255.54006194469,103760.96901702281,33292.14892578125,23505.428955078125,0.3208542599512482,0.22653440091930785,722.2223281921388,3611111.6409606934,-0.007154779462958283,-3,1631.1199951171875,-0.047159929515970186,40.35271040040243,0,364.8599853515625,0.0,1504.3253920227698,217,130.8699951171875,0.273694330435278,2414.189279400638,0,218.99020385742188,0.0,-197.89836480103622
2026-09-11,2026-09-11T15:20:00-04:00,open_before_orders,80255.54006194469,103759.5412979066,33291.41114807129,23504.001235961914,0.3208515644116765,0.22652375812339987,722.2223281921388,3611111.6409606934,-0.007168440708744894,-3,1631.2349853515625,-0.047163903144138326,40.00773969727743,0,364.82501220703125,0.0,1504.3253920227698,217,130.86500549316406,0.2736876612675382,2413.106530987552,0,218.9949951171875,0.0,-197.89836480103622
2026-09-11,2026-09-11T15:25:00-04:00,bar_close,80255.54006194469,103838.68350982066,33375.01893615723,23583.143447875977,0.32141219252843034,0.2271132746559289,722.2223281921388,3611111.6409606934,-0.0064111620558372495,-3,1631.979248046875,-0.04714945893625073,37.77495161133993,0,364.4549865722656,0.0,1504.3253920227698,217,131.24000549316406,0.2742627335921796,2494.481530987552,0,219.0399932861328,0.0,-197.89836480103622
2026-09-11,2026-09-11T15:25:00-04:00,open_before_orders,80255.54006194469,103834.97231292125,33374.43225097656,23579.432250976562,0.3214180300486625,0.22708565067958641,722.2223281921388,3611111.6409606934,-0.006446672943398957,-3,1632.5,-0.04716618968453805,36.21269575196493,0,364.3800048828125,0.0,1504.3253920227698,217,131.2301025390625,0.2742518403641245,2492.332589947513,0,219.02999877929688,0.0,-197.89836480103622
2026-09-11,2026-09-11T15:30:00-04:00,bar_close,80255.54006194469,103761.8387374818,33304.29867553711,23506.29867553711,0.3209686632461981,0.22654088402392536,722.2223281921388,3611111.6409606934,-0.007146457472434475,-3,1633.0,-0.04721388961113638,34.71269575196493,0,364.110595703125,0.0,1504.3253920227698,217,130.89999389648438,0.27375477363506173,2420.69901450806,0,218.41000366210938,0.0,-197.89836480103622
2026-09-11,2026-09-11T15:30:00-04:00,open_before_orders,80255.54006194469,103749.35942839977,33290.73904418945,23493.819366455078,0.3208765743480497,0.22644784985558197,722.2223281921388,3611111.6409606934,-0.007265866750268635,-3,1632.8199462890625,-0.04721436224623388,35.25285688477743,0,364.1105041503906,0.0,1504.3253920227698,217,130.83999633789062,0.27366221210181585,2407.679544293216,0,218.4199981689453,0.0,-197.89836480103622
2026-09-11,2026-09-11T15:30:00-04:00,after_fill,85153.0202088441,103748.37973643199,38189.19888305664,18595.35952758789,0.3680944124628698,0.17923518010429224,723.2020201599122,3616010.1007995605,-0.0072752410120648925,-6,1632.8199462890625,-0.09442961617928879,34.27316491700549,0,364.1105041503906,0.0,1504.3253920227698,217,130.83999633789062,0.27366479628358104,2407.679544293216,0,218.4199981689453,0.0,-197.89836480103622
2026-09-11,2026-09-11T15:35:00-04:00,bar_close,85153.0202088441,103752.90004588023,38219.39936828613,18599.879837036133,0.3683694561924077,0.17927093921048126,723.2020201599122,3616010.1007995605,-0.007231988065667494,-6,1634.9599609375,-0.09454925849096323,21.433077026380488,0,365.05999755859375,0.0,1504.3253920227698,217,130.9199981689453,0.2738201977014445,2425.0399416320834,0,218.47000122070312,0.0,-197.89836480103622
2026-09-11,2026-09-11T15:35:00-04:00,open_before_orders,85153.0202088441,103753.61112070933,38214.350677490234,18600.590911865234,0.36831827118798577,0.1792765640727905,723.2020201599122,3616010.1007995605,-0.007225184088678782,-6,1634.47998046875,-0.09452085355759764,24.312959838880488,0,365.05999755859375,0.0,1504.3253920227698,217,130.91000366210938,0.2737974176303881,2422.871133648685,0,218.4600067138672,0.0,-197.89836480103622
2026-09-11,2026-09-11T15:40:00-04:00,bar_close,85153.0202088441,103791.74904490367,38232.62825012207,18638.72883605957,0.3683590324080713,0.179578136100162,723.2020201599122,3616010.1007995605,-0.006860258277786135,-6,1632.824951171875,-0.09439044815395463,34.24313562013049,0,365.0899963378906,0.0,1504.3253920227698,217,131.0399932861328,0.27396858425411663,2451.078882061771,0,218.4700927734375,0.0,-197.89836480103622
2026-09-11,2026-09-11T15:40:00-04:00,open_before_orders,85153.0202088441,103787.41142893687,38228.29063415527,18634.391220092773,0.368332634062563,0.17954384798248602,723.2020201599122,3616010.1007995605,-0.006901763106836545,-6,1632.824951171875,-0.0943943930400385,34.24313562013049,0,365.0799865722656,0.0,1504.3253920227698,217,131.02000427246094,0.2739382410225245,2446.741266094974,0,218.48500061035156,0.0,-197.89836480103622
2026-09-11,2026-09-11T15:40:00-04:00,after_fill,89999.79081889354,103786.44188090526,33380.55047607422,13786.651062011719,0.3216272749226564,0.13283672522304862,724.1715681915284,3620857.8409576416,-0.006911040305559668,-6,1632.824951171875,-0.0943952748498039,34.24313562013049,0,365.0799865722656,0.0,1504.3253920227698,180,131.02000427246094,0.22723200007285252,2445.771718063359,0,218.48500061035156,0.0,-197.89836480103622
2026-09-11,2026-09-11T15:40:00-04:00,after_fill,80200.88172192089,103784.48249096386,23583.60076904297,23583.60076904297,0.2272362900792641,0.2272362900792641,726.1309581329347,3630654.790664673,-0.00692978888661977,0,1632.824951171875,0.0,32.28374567872379,0,365.0799865722656,0.0,1504.3253920227698,180,131.02000427246094,0.2272362900792641,2445.771718063359,0,218.48500061035156,0.0,-197.89836480103622
2026-09-11,2026-09-11T15:45:00-04:00,bar_close,80200.88172192089,103821.3828205537,23620.501098632812,23620.501098632812,0.22751094675225825,0.22751094675225825,726.1309581329347,3630654.790664673,-0.006576705099752722,0,1634.7099609375,0.0,32.28374567872379,0,366.07000732421875,0.0,1504.3253920227698,180,131.22500610351562,0.22751094675225825,2482.6720476532028,0,218.7657928466797,0.0,-197.89836480103622
2026-09-11,2026-09-11T15:45:00-04:00,open_before_orders,80200.88172192089,103824.08271069042,23623.20098876953,23623.20098876953,0.2275310349198696,0.2275310349198696,726.1309581329347,3630654.790664673,-0.006550870982708457,0,1634.5699462890625,0.0,32.28374567872379,0,366.0589904785156,0.0,1504.3253920227698,180,131.24000549316406,0.2275310349198696,2485.3719377899215,0,218.75999450683594,0.0,-197.89836480103622
2026-09-11,2026-09-11T15:45:00-04:00,after_fill,80332.09547941295,103824.05646268932,23491.960983276367,23491.960983276367,0.2262670308178389,0.2262670308178389,726.1572061340333,3630786.030670166,-0.006551122138829024,0,1634.5699462890625,0.0,32.28374567872379,0,366.0589904785156,0.0,1504.3253920227698,179,131.24000549316406,0.2262670308178389,2485.3456897888245,0,218.75999450683594,0.0,-197.89836480103622
2026-09-11,2026-09-11T15:45:00-04:00,after_fill,83600.58154401256,103823.4026347108,26761.100875854492,20222.821090698242,0.25775596057095107,0.19478095089841757,726.811034112549,3634055.170562744,-0.006557378344699827,-2,1634.5699462890625,-0.031487504836266736,31.629917700208352,0,366.0589904785156,0.0,1504.3253920227698,179,131.24000549316406,0.22626845573468432,2485.3456897888245,0,218.75999450683594,0.0,-197.89836480103622
2026-09-11,2026-09-11T15:50:00-04:00,bar_close,83600.58154401256,103893.56135663463,26834.13996887207,20292.97981262207,0.258284917934026,0.19532471067155466,726.811034112549,3634055.170562744,-0.005886058942028871,-2,1635.2900390625,-0.03148010363123567,30.189732153333352,0,366.0199890136719,0.0,1504.3253920227698,179,131.63999938964844,0.22680481430279034,2556.9445972595277,0,218.75999450683594,0.0,-197.89836480103622
2026-09-11,2026-09-11T15:50:00-04:00,open_before_orders,83600.58154401256,103884.98263654186,26828.401092529297,20284.401092529297,0.25825100425142994,0.19525826137448088,726.811034112549,3634055.170562744,-0.005968145118778412,-2,1636.0,-0.03149637143847454,28.769810278333352,0,366.0199890136719,0.0,1504.3253920227698,179,131.60000610351562,0.2267546328129554,2549.785799041754,0,218.75,0.0,-197.89836480103622
2026-09-11,2026-09-11T15:55:00-04:00,bar_close,83600.58154401256,103776.41264447643,26718.590866088867,20175.831100463867,0.2574630417956636,0.1944163474756394,726.811034112549,3634055.170562744,-0.007007005865136917,-2,1635.68994140625,-0.0315233471600121,29.389927465833352,0,365.7049865722656,0.0,1504.3253920227698,179,130.99000549316406,0.2259396946356515,2440.5956897888245,0,218.72000122070312,0.0,-197.89836480103622
2026-09-11,2026-09-11T15:55:00-04:00,open_before_orders,83600.58154401256,103786.3712473817,26722.94985961914,20185.78970336914,0.2574803371429493,0.19449364556021495,726.811034112549,3634055.170562744,-0.006911716168140125,-2,1634.2900390625,-0.03149334579136718,32.18973215333335,0,365.6700134277344,0.0,1504.3253920227698,179,131.02999877929688,0.22598699135158212,2447.754488006598,0,218.67999267578125,0.0,-197.89836480103622
2026-09-11,2026-09-11T15:55:00-04:00,after_fill,107050.26045155039,103781.68037342539,3268.580078125,-3268.580078125,0.03149476927299744,-0.03149476927299744,731.5019080688478,3657509.5403442383,-0.006956601174822108,-2,1634.2900390625,-0.03149476927299744,32.18973215333335,0,365.6700134277344,0.0,1504.3253920227698,0,131.02999877929688,0.0,2443.0636140502975,0,218.67999267578125,0.0,-197.89836480103622
2026-09-11,2026-09-11T15:55:00-04:00,after_fill,103781.02665740976,103781.02665740976,0.0,0.0,0.0,0.0,732.1556240844728,3660778.1204223633,-0.006962856309366994,0,1634.2900390625,0.0,31.53601613770843,0,365.6700134277344,0.0,1504.3253920227698,0,131.02999877929688,0.0,2443.0636140502975,0,218.67999267578125,0.0,-197.89836480103622
2026-09-11,2026-09-11T16:00:00-04:00,bar_close,103781.02665740976,103781.02665740976,0.0,0.0,0.0,0.0,732.1556240844728,3660778.1204223633,-0.006962856309366994,0,1633.6700439453125,0.0,31.53601613770843,0,365.4700012207031,0.0,1504.3253920227698,0,130.97000122070312,0.0,2443.0636140502975,0,218.1999969482422,0.0,-197.89836480103622
