date,timestamp,phase,cash,equity,gross_dollars,net_dollars,gross_exposure,net_exposure,costs_to_date,turnover_dollars_to_date,drawdown,SNDK_shares,SNDK_price,SNDK_weight,SNDK_pnl,TSLA_shares,TSLA_price,TSLA_weight,TSLA_pnl,MSTR_shares,MSTR_price,MSTR_weight,MSTR_pnl,NVDA_shares,NVDA_price,NVDA_weight,NVDA_pnl
2026-08-31,2026-08-31T09:30:00-04:00,open_before_orders,100000.0,100000.0,0.0,0.0,0.0,0.0,0.0,0.0,0.0,0,1486.2049560546875,0.0,0.0,0,347.1499938964844,0.0,0.0,0,128.56500244140625,0.0,0.0,0,218.86199951171875,0.0,0.0
2026-08-31,2026-08-31T09:35:00-04:00,bar_close,100000.0,100000.0,0.0,0.0,0.0,0.0,0.0,0.0,0.0,0,1516.219970703125,0.0,0.0,0,352.55999755859375,0.0,0.0,0,127.17990112304688,0.0,0.0,0,217.1699981689453,0.0,0.0
2026-08-31,2026-08-31T09:35:00-04:00,open_before_orders,100000.0,100000.0,0.0,0.0,0.0,0.0,0.0,0.0,0.0,0,1516.385009765625,0.0,0.0,0,352.40008544921875,0.0,0.0,0,127.1449966430664,0.0,0.0,0,217.13999938964844,0.0,0.0
2026-08-31,2026-08-31T09:35:00-04:00,after_fill,30232.338808691406,99986.04925791016,69753.71044921875,69753.71044921875,0.697634429672201,0.697634429672201,13.95074208984375,69753.71044921875,-0.0001395074208984104,46,1516.385009765625,0.697634429672201,-13.950742089844425,0,352.40008544921875,0.0,0.0,0,127.1449966430664,0.0,0.0,0,217.13999938964844,0.0,0.0
2026-08-31,2026-08-31T09:35:00-04:00,after_fill,12555.649644398498,99982.51462700347,87426.86498260498,87426.86498260498,0.8744215456948765,0.8744215456948765,17.485372996520997,87426.86498260498,-0.00017485372996528525,46,1516.385009765625,0.6976590927868055,-13.950742089844425,0,352.40008544921875,0.0,0.0,139,127.1449966430664,0.17676245290807108,-3.5346309066771937,0,217.13999938964844,0.0,0.0
2026-08-31,2026-08-31T09:35:00-04:00,after_fill,19719.836500260924,99981.0815030075,94592.48496246338,80261.24500274658,0.9461038382508191,0.8027643209713856,18.918496992492678,94592.48496246338,-0.00018918496992492706,46,1516.385009765625,0.697669092998564,-13.950742089844425,0,352.40008544921875,0.0,0.0,139,127.1449966430664,0.1767649866125384,-3.5346309066771937,-33,217.13999938964844,-0.07166975863971677,-1.4331239959719824
2026-08-31,2026-08-31T09:40:00-04:00,bar_close,19719.836500260924,99746.67191896209,94337.28521728516,80026.83541870117,0.9457687499982784,0.8023008074266172,18.918496992492678,94592.48496246338,-0.0025332808103790683,46,1510.89697265625,0.6967777411025092,-266.4004491210944,0,353.67999267578125,0.0,0.0,139,127.19999694824219,0.17725703760993855,4.1104115127564,-33,216.8249969482422,-0.0717339712858306,8.961956570434268
2026-08-31,2026-08-31T09:40:00-04:00,open_before_orders,19719.836500260924,99764.91817292938,94356.44892120361,80045.08167266846,0.9457878646043603,0.80233696512356,18.918496992492678,94592.48496246338,-0.0023508182707062675,46,1511.5,0.6969283519030268,-238.66119130859443,0,353.82000732421875,0.0,0.0,139,127.13500213623047,0.17713406296093334,-4.923867356872506,-33,216.83889770507812,-0.07172544974040014,8.50323159484833
2026-08-31,2026-08-31T09:40:00-04:00,after_fill,69589.36060026092,99754.94227292937,44476.94892120361,30165.581672668457,0.44586210876163657,0.30239686360737367,28.894396992492677,144471.98496246338,-0.0024505772707063,13,1511.5,0.19697770909674828,-248.63709130859934,0,353.82000732421875,0.0,0.0,139,127.13500213623047,0.17715177708775684,-4.923867356872506,-33,216.83889770507812,-0.07173262257713145,8.50323159484833
2026-08-31,2026-08-31T09:40:00-04:00,after_fill,69716.47017539672,99754.91684592895,44349.81391906738,30038.446670532227,0.4445877488682135,0.3011224671454188,28.919823992919923,144599.1199645996,-0.002450831540710463,13,1511.5,0.19697775930532396,-248.63709130859934,0,353.82000732421875,0.0,0.0,138,127.13500213623047,0.17587734870149221,-4.9492943572986405,-33,216.83889770507812,-0.07173264086139736,8.50323159484833
2026-08-31,2026-08-31T09:40:00-04:00,after_fill,62559.355414404294,99753.4857092041,37194.130294799805,37194.130294799805,0.37286045725987055,0.37286045725987055,30.35096071777344,151754.8035888672,-0.0024651429079589615,13,1511.5,0.19698058529284024,-248.63709130859934,0,353.82000732421875,0.0,0.0,138,127.13500213623047,0.1758798719670303,-4.9492943572986405,0,216.83889770507812,0.0,7.072094869995453
2026-08-31,2026-08-31T09:45:00-04:00,bar_close,62559.355414404294,99892.1764288086,37332.8210144043,37332.8210144043,0.37373118044945935,0.37373118044945935,30.35096071777344,151754.8035888672,-0.0010782357119140107,13,1528.06005859375,0.19886222797313893,-33.35632958984934,0,355.82000732421875,0.0,0.0,138,126.58000183105469,0.17486895247632042,-81.53933647155645,0,218.05499267578125,0.0,7.072094869995453
2026-08-31,2026-08-31T09:45:00-04:00,open_before_orders,62559.355414404294,99923.28560544434,37363.93019104004,37363.93019104004,0.3739261570979033,0.3739261570979033,30.35096071777344,151754.8035888672,-0.0007671439455565476,13,1530.4000244140625,0.19910474517361965,-2.936773925786838,0,355.82000732421875,0.0,0.0,138,126.58499908447266,0.17482141192428363,-80.84971549987677,0,218.0800018310547,0.0,7.072094869995453
2026-08-31,2026-08-31T09:45:00-04:00,after_fill,82450.57669172363,99919.30656538086,17468.729873657227,17468.729873657227,0.17482837375604482,0.17482837375604482,34.33000078125,171650.00390625,-0.0008069343461913903,0,1530.4000244140625,0.0,-6.915813989260641,0,355.82000732421875,0.0,0.0,138,126.58499908447266,0.17482837375604482,-80.84971549987677,0,218.0800018310547,0.0,7.072094869995453
2026-08-31,2026-08-31T09:45:00-04:00,after_fill,99915.81281940613,99915.81281940613,0.0,0.0,0.0,0.0,37.823746755981446,189118.73377990723,-0.0008418718059387542,0,1530.4000244140625,0.0,-6.915813989260641,0,355.82000732421875,0.0,0.0,0,126.58499908447266,0.0,-84.34346147460747,0,218.0800018310547,0.0,7.072094869995453
2026-08-31,2026-08-31T09:45:00-04:00,after_fill,161184.0372378296,99903.55672330322,61280.48051452637,-61280.48051452637,0.6133963847178251,-0.6133963847178251,50.07984285888672,250399.2142944336,-0.0009644327669677821,0,1530.4000244140625,0.0,-6.915813989260641,0,355.82000732421875,0.0,0.0,0,126.58499908447266,0.0,-84.34346147460747,-281,218.0800018310547,-0.6133963847178251,-5.184001232904848
2026-08-31,2026-08-31T09:50:00-04:00,bar_close,161184.0372378296,99956.94740933838,61227.08982849121,-61227.08982849121,0.6125346103033468,-0.6125346103033468,50.07984285888672,250399.2142944336,-0.00043052590661618595,0,1523.7950439453125,0.0,-6.915813989260641,0,359.4200134277344,0.0,0.0,0,126.88990020751953,0.0,-84.34346147460747,-281,217.88999938964844,-0.6125346103033468,48.2066848022514
2026-08-31,2026-08-31T09:50:00-04:00,open_before_orders,161184.0372378296,99962.5686098999,61221.46862792969,-61221.46862792969,0.6124439325568366,-0.6124439325568366,50.07984285888672,250399.2142944336,-0.0003743139010009555,0,1523.625,0.0,-6.915813989260641,0,359.4200134277344,0.0,0.0,0,126.9000015258789,0.0,-84.34346147460747,-281,217.8699951171875,-0.6124439325568366,53.82788536377484
2026-08-31,2026-08-31T09:50:00-04:00,after_fill,99950.32431617432,99950.32431617432,0.0,0.0,0.0,0.0,62.324136584472654,311620.6829223633,-0.0004967568382568954,0,1523.625,0.0,-6.915813989260641,0,359.4200134277344,0.0,0.0,0,126.9000015258789,0.0,-84.34346147460747,0,217.8699951171875,0.0,41.58359163819114
2026-08-31,2026-08-31T09:50:00-04:00,after_fill,85226.98005913696,99947.38023613891,14720.400177001953,14720.400177001953,0.14728150094802944,0.14728150094802944,65.26821661987304,326341.08309936523,-0.0005261976386109479,0,1523.625,0.0,-6.915813989260641,0,359.4200134277344,0.0,0.0,116,126.9000015258789,0.14728150094802944,-87.28754151000794,0,217.8699951171875,0.0,41.58359163819114
2026-08-31,2026-08-31T09:55:00-04:00,bar_close,85226.98005913696,99920.69984673461,14693.719787597656,14693.719787597656,0.14705381177409602,0.14705381177409602,65.26821661987304,326341.08309936523,-0.0007930015326538253,0,1525.68505859375,0.0,-6.915813989260641,0,360.3999938964844,0.0,0.0,116,126.66999816894531,0.14705381177409602,-113.96793091430482,0,218.15499877929688,0.0,41.58359163819114
2026-08-31,2026-08-31T09:55:00-04:00,open_before_orders,85226.98005913696,99919.54048394164,14692.560424804688,14692.560424804688,0.14704391507050588,0.14704391507050588,65.26821661987304,326341.08309936523,-0.00080459516058351,0,1526.074951171875,0.0,-6.915813989260641,0,360.5050048828125,0.0,0.0,116,126.66000366210938,0.14704391507050588,-115.12729370727357,0,218.1407012939453,0.0,41.58359163819114
2026-08-31,2026-08-31T10:00:00-04:00,bar_close,85226.98005913696,99953.7602715393,14726.780212402344,14726.780212402344,0.14733592985791477,0.14733592985791477,65.26821661987304,326341.08309936523,-0.0004623972846069524,0,1530.9949951171875,0.0,-6.915813989260641,0,360.1300048828125,0.0,0.0,116,126.95500183105469,0.14733592985791477,-80.90750610961732,0,218.86380004882812,0.0,41.58359163819114
2026-08-31,2026-08-31T10:00:00-04:00,open_before_orders,85226.98005913696,99957.81981133422,14730.839752197266,14730.839752197266,0.14737055870167085,0.14737055870167085,65.26821661987304,326341.08309936523,-0.00042180188665774665,0,1530.030029296875,0.0,-6.915813989260641,0,360.1400146484375,0.0,0.0,116,126.98999786376953,0.14737055870167085,-76.84796631469544,0,218.8800048828125,0.0,41.58359163819114
2026-08-31,2026-08-31T10:05:00-04:00,bar_close,85226.98005913696,99933.50682305297,14706.526763916016,14706.526763916016,0.14716312107365642,0.14716312107365642,65.26821661987304,326341.08309936523,-0.000664931769470245,0,1524.7149658203125,0.0,-6.915813989260641,0,360.5400085449219,0.0,0.0,116,126.78040313720703,0.14716312107365642,-101.16095459594544,0,219.07119750976562,0.0,41.58359163819114
2026-08-31,2026-08-31T10:05:00-04:00,open_before_orders,85226.98005913696,99931.71998833618,14704.739929199219,14704.739929199219,0.14714787187607223,0.14714787187607223,65.26821661987304,326341.08309936523,-0.000682800116638238,0,1525.2950439453125,0.0,-6.915813989260641,0,360.4100036621094,0.0,0.0,116,126.76499938964844,0.14714787187607223,-102.94778931274232,0,219.07000732421875,0.0,41.58359163819114
2026-08-31,2026-08-31T10:10:00-04:00,bar_close,85226.98005913696,99921.28041314086,14694.300354003906,14694.300354003906,0.14705876759432945,0.14705876759432945,65.26821661987304,326341.08309936523,-0.0007871958685913283,0,1517.6650390625,0.0,-6.915813989260641,0,360.7922058105469,0.0,0.0,116,126.67500305175781,0.14705876759432945,-113.38736450805482,0,219.38099670410156,0.0,41.58359163819114
2026-08-31,2026-08-31T10:10:00-04:00,open_before_orders,85226.98005913696,99916.05974053344,14689.079681396484,14689.079681396484,0.14701420091566614,0.14701420091566614,65.26821661987304,326341.08309936523,-0.0008394025946656392,0,1518.2850341796875,0.0,-6.915813989260641,0,360.760009765625,0.0,0.0,116,126.62999725341797,0.14701420091566614,-118.60803711547669,0,219.3800048828125,0.0,41.58359163819114
2026-08-31,2026-08-31T10:15:00-04:00,bar_close,85226.98005913696,99870.24012993774,14643.260070800781,14643.260070800781,0.1466228583384694,0.1466228583384694,65.26821661987304,326341.08309936523,-0.0012975987006226264,0,1511.425048828125,0.0,-6.915813989260641,0,360.889892578125,0.0,0.0,116,126.23500061035156,0.1466228583384694,-164.42764771117982,0,220.19000244140625,0.0,41.58359163819114
2026-08-31,2026-08-31T10:15:00-04:00,open_before_orders,85226.98005913696,99874.29966973266,14647.319610595703,14647.319610595703,0.14665754512454054,0.14665754512454054,65.26821661987304,326341.08309936523,-0.0012570033026734206,0,1511.425048828125,0.0,-6.915813989260641,0,360.889892578125,0.0,0.0,116,126.2699966430664,0.14665754512454054,-160.36810791625794,0,220.17010498046875,0.0,41.58359163819114
2026-08-31,2026-08-31T10:20:00-04:00,bar_close,85226.98005913696,99929.98005913696,14703.0,14703.0,0.1471330224553132,0.1471330224553132,65.26821661987304,326341.08309936523,-0.0007001994086304197,0,1519.3199462890625,0.0,-6.915813989260641,0,361.67999267578125,0.0,0.0,116,126.75,0.1471330224553132,-104.68771851196107,0,219.92039489746094,0.0,41.58359163819114
2026-08-31,2026-08-31T10:20:00-04:00,open_before_orders,85226.98005913696,99913.74012993774,14686.760070800781,14686.760070800781,0.1469943978846219,0.1469943978846219,65.26821661987304,326341.08309936523,-0.0008625987006226632,0,1518.510009765625,0.0,-6.915813989260641,0,361.7200012207031,0.0,0.0,116,126.61000061035156,0.1469943978846219,-120.92764771117982,0,219.92999267578125,0.0,41.58359163819114
2026-08-31,2026-08-31T10:20:00-04:00,after_fill,66358.31699017639,99909.96715191955,33551.650161743164,33551.650161743164,0.3358188488914796,0.3358188488914796,69.04119463806153,345205.9731903076,-0.0009003284808044576,0,1518.510009765625,0.0,-6.915813989260641,0,361.7200012207031,0.0,0.0,265,126.61000061035156,0.3358188488914796,-124.70062572936877,0,219.92999267578125,0.0,41.58359163819114
2026-08-31,2026-08-31T10:25:00-04:00,bar_close,66358.31699017639,99721.8173945343,33363.50040435791,33363.50040435791,0.33456570764610377,0.33456570764610377,69.04119463806153,345205.9731903076,-0.002781826054657044,0,1512.219970703125,0.0,-6.915813989260641,0,361.8800048828125,0.0,0.0,265,125.9000015258789,0.33456570764610377,-312.8503831146227,0,219.5500030517578,0.0,41.58359163819114
2026-08-31,2026-08-31T10:25:00-04:00,open_before_orders,66358.31699017639,99708.56658581848,33350.24959564209,33350.24959564209,0.33447727449714926,0.33447727449714926,69.04119463806153,345205.9731903076,-0.002914334141815189,0,1511.550048828125,0.0,-6.915813989260641,0,361.82000732421875,0.0,0.0,265,125.8499984741211,0.33447727449714926,-326.101191830443,0,219.5677947998047,0.0,41.58359163819114
2026-08-31,2026-08-31T10:25:00-04:00,after_fill,99701.89653589934,99701.89653589934,0.0,0.0,0.0,0.0,75.71124455718994,378556.2227859497,-0.002981034641006519,0,1511.550048828125,0.0,-6.915813989260641,0,361.82000732421875,0.0,0.0,0,125.8499984741211,0.0,-332.77124174957135,0,219.5677947998047,0.0,41.58359163819114
2026-08-31,2026-08-31T10:30:00-04:00,bar_close,99701.89653589934,99701.89653589934,0.0,0.0,0.0,0.0,75.71124455718994,378556.2227859497,-0.002981034641006519,0,1513.876953125,0.0,-6.915813989260641,0,363.58319091796875,0.0,0.0,0,126.60150146484375,0.0,-332.77124174957135,0,220.07000732421875,0.0,41.58359163819114
2026-08-31,2026-08-31T10:30:00-04:00,open_before_orders,99701.89653589934,99701.89653589934,0.0,0.0,0.0,0.0,75.71124455718994,378556.2227859497,-0.002981034641006519,0,1513.8199462890625,0.0,-6.915813989260641,0,363.57000732421875,0.0,0.0,0,126.61000061035156,0.0,-332.77124174957135,0,220.07000732421875,0.0,41.58359163819114
2026-08-31,2026-08-31T10:30:00-04:00,after_fill,54239.81571873931,99692.80593785552,45452.99021911621,45452.99021911621,0.45593049359499194,0.45593049359499194,84.80184260101319,424009.2130050659,-0.0030719406214447798,0,1513.8199462890625,0.0,-6.915813989260641,0,363.57000732421875,0.0,0.0,359,126.61000061035156,0.45593049359499194,-341.86183979339694,0,220.07000732421875,0.0,41.58359163819114
2026-08-31,2026-08-31T10:35:00-04:00,bar_close,54239.81571873931,99671.26681432036,45431.451095581055,45431.451095581055,0.45581291928611917,0.45581291928611917,84.80184260101319,424009.2130050659,-0.003287331856796416,0,1520.7750244140625,0.0,-6.915813989260641,0,363.8949890136719,0.0,0.0,359,126.55000305175781,0.45581291928611917,-363.4009633285532,0,220.3249969482422,0.0,41.58359163819114
2026-08-31,2026-08-31T10:35:00-04:00,open_before_orders,54239.81571873931,99699.98473271636,45460.16901397705,45460.16901397705,0.45596966876023387,0.45596966876023387,84.80184260101319,424009.2130050659,-0.003000152672836376,0,1520.489990234375,0.0,-6.915813989260641,0,363.8949890136719,0.0,0.0,359,126.62999725341797,0.45596966876023387,-334.6830449325571,0,220.33999633789062,0.0,41.58359163819114
2026-08-31,2026-08-31T10:35:00-04:00,after_fill,92094.61242367553,99692.4122588806,7597.799835205078,7597.799835205078,0.07621241840828528,0.07621241840828528,92.37431643676759,461871.5821838379,-0.0030758774111939724,0,1520.489990234375,0.0,-6.915813989260641,0,363.8949890136719,0.0,0.0,60,126.62999725341797,0.07621241840828528,-342.25551876831014,0,220.33999633789062,0.0,41.58359163819114
2026-08-31,2026-08-31T10:40:00-04:00,bar_close,92094.61242367553,99736.81258847045,7642.200164794922,7642.200164794922,0.07662366548977081,0.07662366548977081,92.37431643676759,461871.5821838379,-0.0026318741152955294,0,1523.27001953125,0.0,-6.915813989260641,0,363.29998779296875,0.0,0.0,60,127.37000274658203,0.07662366548977081,-297.8551891784664,0,219.6999969482422,0.0,41.58359163819114
2026-08-31,2026-08-31T10:40:00-04:00,open_before_orders,92094.61242367553,99738.61251522826,7644.000091552734,7644.000091552734,0.07664032914419815,0.07664032914419815,92.37431643676759,461871.5821838379,-0.002613874847717357,0,1523.4000244140625,0.0,-6.915813989260641,0,363.2099914550781,0.0,0.0,60,127.4000015258789,0.07664032914419815,-296.0552624206539,0,219.6999969482422,0.0,41.58359163819114
2026-08-31,2026-08-31T10:40:00-04:00,after_fill,79097.21330800475,99736.01355519713,20638.800247192383,20638.800247192383,0.2069342809232114,0.2069342809232114,94.97327646789552,474866.38233947754,-0.0026398644480286615,0,1523.4000244140625,0.0,-6.915813989260641,0,363.2099914550781,0.0,0.0,162,127.4000015258789,0.2069342809232114,-298.6542224517834,0,219.6999969482422,0.0,41.58359163819114
2026-08-31,2026-08-31T10:45:00-04:00,bar_close,79097.21330800475,99937.70400014342,20840.490692138672,20840.490692138672,0.20853481576991967,0.20853481576991967,94.97327646789552,474866.38233947754,-0.0006229599985657641,0,1530.1800537109375,0.0,-6.915813989260641,0,365.05499267578125,0.0,0.0,162,128.64500427246094,0.20853481576991967,-96.96377750549436,0,219.94500732421875,0.0,41.58359163819114
2026-08-31,2026-08-31T10:45:00-04:00,open_before_orders,79097.21330800475,99943.37212148131,20846.158813476562,20846.158813476562,0.20857970239525264,0.20857970239525264,94.97327646789552,474866.38233947754,-0.0005662787851868911,0,1531.1300048828125,0.0,-6.915813989260641,0,365.05499267578125,0.0,0.0,162,128.67999267578125,0.20857970239525264,-91.29565616760374,0,219.94500732421875,0.0,41.58359163819114
2026-08-31,2026-08-31T10:50:00-04:00,bar_close,79097.21330800475,99872.09419789733,20774.880889892578,20774.880889892578,0.20801487198943672,0.20801487198943672,94.97327646789552,474866.38233947754,-0.00127905802102668,0,1520.5999755859375,0.0,-6.915813989260641,0,363.8599853515625,0.0,0.0,162,128.24000549316406,0.20801487198943672,-162.5735797515881,0,219.8000030517578,0.0,41.58359163819114
2026-08-31,2026-08-31T10:50:00-04:00,open_before_orders,79097.21330800475,99876.95400014342,20779.740692138672,20779.740692138672,0.20805340831788716,0.20805340831788716,94.97327646789552,474866.38233947754,-0.0012304599985657472,0,1521.2349853515625,0.0,-6.915813989260641,0,363.8599853515625,0.0,0.0,162,128.27000427246094,0.20805340831788716,-157.71377750549436,0,219.7899932861328,0.0,41.58359163819114
2026-08-31,2026-08-31T10:50:00-04:00,after_fill,99872.79805200499,99872.79805200499,0.0,0.0,0.0,0.0,99.12922460632325,495646.1230316162,-0.0012720194799501483,0,1521.2349853515625,0.0,-6.915813989260641,0,363.8599853515625,0.0,0.0,0,128.27000427246094,0.0,-161.86972564392272,0,219.7899932861328,0.0,41.58359163819114
2026-08-31,2026-08-31T10:55:00-04:00,bar_close,99872.79805200499,99872.79805200499,0.0,0.0,0.0,0.0,99.12922460632325,495646.1230316162,-0.0012720194799501483,0,1526.469970703125,0.0,-6.915813989260641,0,362.2945861816406,0.0,0.0,0,128.2852020263672,0.0,-161.86972564392272,0,219.625,0.0,41.58359163819114
2026-08-31,2026-08-31T10:55:00-04:00,open_before_orders,99872.79805200499,99872.79805200499,0.0,0.0,0.0,0.0,99.12922460632325,495646.1230316162,-0.0012720194799501483,0,1526.93505859375,0.0,-6.915813989260641,0,362.3299865722656,0.0,0.0,0,128.2449951171875,0.0,-161.86972564392272,0,219.6300048828125,0.0,41.58359163819114
2026-08-31,2026-08-31T11:00:00-04:00,bar_close,99872.79805200499,99872.79805200499,0.0,0.0,0.0,0.0,99.12922460632325,495646.1230316162,-0.0012720194799501483,0,1523.989990234375,0.0,-6.915813989260641,0,363.8900146484375,0.0,0.0,0,128.51089477539062,0.0,-161.86972564392272,0,219.72500610351562,0.0,41.58359163819114
2026-08-31,2026-08-31T11:00:00-04:00,open_before_orders,99872.79805200499,99872.79805200499,0.0,0.0,0.0,0.0,99.12922460632325,495646.1230316162,-0.0012720194799501483,0,1525.31005859375,0.0,-6.915813989260641,0,363.80999755859375,0.0,0.0,0,128.5399932861328,0.0,-161.86972564392272,0,219.75,0.0,41.58359163819114
2026-08-31,2026-08-31T11:00:00-04:00,after_fill,92244.72244897764,99871.27274194639,7626.55029296875,7626.55029296875,0.07636380396067151,0.07636380396067151,100.654534664917,503272.67332458496,-0.0012872725805360696,5,1525.31005859375,0.07636380396067151,-8.441124047854828,0,363.80999755859375,0.0,0.0,0,128.5399932861328,0.0,-161.86972564392272,0,219.75,0.0,41.58359163819114
2026-08-31,2026-08-31T11:05:00-04:00,bar_close,92244.72244897764,99865.64774194639,7620.92529296875,7620.92529296875,0.07631177952864512,0.07631177952864512,100.654534664917,503272.67332458496,-0.0013435225805360496,5,1524.18505859375,0.07631177952864512,-14.066124047854828,0,364.4599914550781,0.0,0.0,0,128.70950317382812,0.0,-161.86972564392272,0,219.4199981689453,0.0,41.58359163819114
2026-08-31,2026-08-31T11:05:00-04:00,open_before_orders,92244.72244897764,99864.72244897764,7620.0,7620.0,0.07630322112889434,0.07630322112889434,100.654534664917,503272.67332458496,-0.0013527755102236139,5,1524.0,0.07630322112889434,-14.991417016604828,0,364.4750061035156,0.0,0.0,0,128.7100067138672,0.0,-161.86972564392272,0,219.39999389648438,0.0,41.58359163819114
2026-08-31,2026-08-31T11:10:00-04:00,bar_close,92244.72244897764,99879.47220483702,7634.749755859375,7634.749755859375,0.07643962855752491,0.07643962855752491,100.654534664917,503272.67332458496,-0.001205277951629835,5,1526.949951171875,0.07643962855752491,-0.24166115722982795,0,364.6050109863281,0.0,0.0,0,129.3300018310547,0.0,-161.86972564392272,0,219.39199829101562,0.0,41.58359163819114
2026-08-31,2026-08-31T11:10:00-04:00,open_before_orders,92244.72244897764,99879.72244897764,7635.0,7635.0,0.07644194249638858,0.07644194249638858,100.654534664917,503272.67332458496,-0.0012027755102236304,5,1527.0,0.07644194249638858,0.00858298339517205,0,364.6600036621094,0.0,0.0,0,129.2899932861328,0.0,-161.86972564392272,0,219.36000061035156,0.0,41.58359163819114
2026-08-31,2026-08-31T11:10:00-04:00,after_fill,99878.19544897764,99878.19544897764,0.0,0.0,0.0,0.0,102.181534664917,510907.67332458496,-0.001218045510223642,0,1527.0,0.0,-1.5184170166048716,0,364.6600036621094,0.0,0.0,0,129.2899932861328,0.0,-161.86972564392272,0,219.36000061035156,0.0,41.58359163819114
2026-08-31,2026-08-31T11:15:00-04:00,bar_close,99878.19544897764,99878.19544897764,0.0,0.0,0.0,0.0,102.181534664917,510907.67332458496,-0.001218045510223642,0,1534.4649658203125,0.0,-1.5184170166048716,0,364.81500244140625,0.0,0.0,0,128.57000732421875,0.0,-161.86972564392272,0,219.25509643554688,0.0,41.58359163819114
2026-08-31,2026-08-31T11:15:00-04:00,open_before_orders,99878.19544897764,99878.19544897764,0.0,0.0,0.0,0.0,102.181534664917,510907.67332458496,-0.001218045510223642,0,1534.5999755859375,0.0,-1.5184170166048716,0,364.81500244140625,0.0,0.0,0,128.5800018310547,0.0,-161.86972564392272,0,219.27000427246094,0.0,41.58359163819114
2026-08-31,2026-08-31T11:20:00-04:00,bar_close,99878.19544897764,99878.19544897764,0.0,0.0,0.0,0.0,102.181534664917,510907.67332458496,-0.001218045510223642,0,1535.2950439453125,0.0,-1.5184170166048716,0,364.6499938964844,0.0,0.0,0,128.44000244140625,0.0,-161.86972564392272,0,219.6699981689453,0.0,41.58359163819114
2026-08-31,2026-08-31T11:20:00-04:00,open_before_orders,99878.19544897764,99878.19544897764,0.0,0.0,0.0,0.0,102.181534664917,510907.67332458496,-0.001218045510223642,0,1534.97998046875,0.0,-1.5184170166048716,0,364.6549987792969,0.0,0.0,0,128.4499969482422,0.0,-161.86972564392272,0,219.67999267578125,0.0,41.58359163819114
2026-08-31,2026-08-31T11:25:00-04:00,bar_close,99878.19544897764,99878.19544897764,0.0,0.0,0.0,0.0,102.181534664917,510907.67332458496,-0.001218045510223642,0,1538.338134765625,0.0,-1.5184170166048716,0,363.8100891113281,0.0,0.0,0,128.73500061035156,0.0,-161.86972564392272,0,220.1999969482422,0.0,41.58359163819114
2026-08-31,2026-08-31T11:25:00-04:00,open_before_orders,99878.19544897764,99878.19544897764,0.0,0.0,0.0,0.0,102.181534664917,510907.67332458496,-0.001218045510223642,0,1539.0400390625,0.0,-1.5184170166048716,0,363.8599853515625,0.0,0.0,0,128.82000732421875,0.0,-161.86972564392272,0,220.2100067138672,0.0,41.58359163819114
2026-08-31,2026-08-31T11:30:00-04:00,bar_close,99878.19544897764,99878.19544897764,0.0,0.0,0.0,0.0,102.181534664917,510907.67332458496,-0.001218045510223642,0,1532.510009765625,0.0,-1.5184170166048716,0,364.1199035644531,0.0,0.0,0,129.38999938964844,0.0,-161.86972564392272,0,220.27000427246094,0.0,41.58359163819114
2026-08-31,2026-08-31T11:30:00-04:00,open_before_orders,99878.19544897764,99878.19544897764,0.0,0.0,0.0,0.0,102.181534664917,510907.67332458496,-0.001218045510223642,0,1532.010009765625,0.0,-1.5184170166048716,0,364.0899963378906,0.0,0.0,0,129.3300018310547,0.0,-161.86972564392272,0,220.25,0.0,41.58359163819114
2026-08-31,2026-08-31T11:30:00-04:00,after_fill,79181.2565959503,99874.05688891905,20692.80029296875,20692.80029296875,0.20718894313048178,0.20718894313048178,106.32009472351075,531600.4736175537,-0.0012594311108095058,0,1532.010009765625,0.0,-1.5184170166048716,0,364.0899963378906,0.0,0.0,160,129.3300018310547,0.20718894313048178,-166.00828570251906,0,220.25,0.0,41.58359163819114
2026-08-31,2026-08-31T11:35:00-04:00,bar_close,79181.2565959503,99941.2565959503,20760.0,20760.0,0.20772202298726364,0.20772202298726364,106.32009472351075,531600.4736175537,-0.0005874340404969924,0,1524.4549560546875,0.0,-1.5184170166048716,0,363.1499938964844,0.0,0.0,160,129.75,0.20772202298726364,-98.80857867126906,0,219.8011932373047,0.0,41.58359163819114
2026-08-31,2026-08-31T11:35:00-04:00,open_before_orders,79181.2565959503,99949.25708423155,20768.00048828125,20768.00048828125,0.2077854412742574,0.2077854412742574,106.32009472351075,531600.4736175537,-0.0005074291576845358,0,1524.4949951171875,0.0,-1.5184170166048716,0,363.114990234375,0.0,0.0,160,129.8000030517578,0.2077854412742574,-90.80809039001906,0,219.8000030517578,0.0,41.58359163819114
2026-08-31,2026-08-31T11:40:00-04:00,bar_close,79181.2565959503,99874.05688891905,20692.80029296875,20692.80029296875,0.20718894313048178,0.20718894313048178,106.32009472351075,531600.4736175537,-0.0012594311108095058,0,1521.699951171875,0.0,-1.5184170166048716,0,364.19000244140625,0.0,0.0,160,129.3300018310547,0.20718894313048178,-166.00828570251906,0,219.75,0.0,41.58359163819114
2026-08-31,2026-08-31T11:40:00-04:00,open_before_orders,79181.2565959503,99880.4558147003,20699.19921875,20699.19921875,0.20723973524061065,0.20723973524061065,106.32009472351075,531600.4736175537,-0.0011954418529970257,0,1521.989990234375,0.0,-1.5184170166048716,0,364.19000244140625,0.0,0.0,160,129.3699951171875,0.20723973524061065,-159.60935992126906,0,219.75999450683594,0.0,41.58359163819114
2026-08-31,2026-08-31T11:40:00-04:00,after_fill,80862.73017048644,99880.119452713,19017.389282226562,19017.389282226562,0.19040214795928542,0.19040214795928542,106.65645671081543,533282.2835540771,-0.0011988054728699904,0,1521.989990234375,0.0,-1.5184170166048716,0,364.19000244140625,0.0,0.0,147,129.3699951171875,0.19040214795928542,-159.94572190857434,0,219.75999450683594,0.0,41.58359163819114
2026-08-31,2026-08-31T11:45:00-04:00,bar_close,80862.73017048644,99965.37972187804,19102.6495513916,19102.6495513916,0.1910926523216204,0.1910926523216204,106.65645671081543,533282.2835540771,-0.0003462027812196622,0,1520.2900390625,0.0,-1.5184170166048716,0,364.9100036621094,0.0,0.0,147,129.9499969482422,0.1910926523216204,-74.68545274353528,0,219.72000122070312,0.0,41.58359163819114
2026-08-31,2026-08-31T11:45:00-04:00,open_before_orders,80862.73017048644,99963.91052937316,19101.18035888672,19101.18035888672,0.19108076362492915,0.19108076362492915,106.65645671081543,533282.2835540771,-0.0003608947062684331,0,1519.6400146484375,0.0,-1.5184170166048716,0,364.9100036621094,0.0,0.0,147,129.94000244140625,0.19108076362492915,-76.15464524841809,0,219.72999572753906,0.0,41.58359163819114
2026-08-31,2026-08-31T11:50:00-04:00,bar_close,80862.73017048644,99949.9453499298,19087.21517944336,19087.21517944336,0.19096774002845182,0.19096774002845182,106.65645671081543,533282.2835540771,-0.0005005465007020815,0,1516.0849609375,0.0,-1.5184170166048716,0,365.318115234375,0.0,0.0,147,129.84500122070312,0.19096774002845182,-90.11982469177747,0,219.99000549316406,0.0,41.58359163819114
2026-08-31,2026-08-31T11:50:00-04:00,open_before_orders,80862.73017048644,99944.79981159972,19082.06964111328,19082.06964111328,0.19092608797139832,0.19092608797139832,106.65645671081543,533282.2835540771,-0.0005520018840028396,0,1516.3399658203125,0.0,-1.5184170166048716,0,365.3299865722656,0.0,0.0,147,129.80999755859375,0.19092608797139832,-95.26536302185559,0,220.0,0.0,41.58359163819114
2026-08-31,2026-08-31T11:50:00-04:00,after_fill,99940.9833976715,99940.9833976715,0.0,0.0,0.0,0.0,110.47287063903809,552364.3531951904,-0.0005901660232849881,0,1516.3399658203125,0.0,-1.5184170166048716,0,365.3299865722656,0.0,0.0,0,129.80999755859375,0.0,-99.08177695007544,0,220.0,0.0,41.58359163819114
2026-08-31,2026-08-31T11:50:00-04:00,after_fill,90841.12399479064,99939.16378971252,9098.039794921875,9098.039794921875,0.0910357806681829,0.0910357806681829,112.29247859802247,561462.3929901123,-0.0006083621028748487,6,1516.3399658203125,0.0910357806681829,-3.3380249755900877,0,365.3299865722656,0.0,0.0,0,129.80999755859375,0.0,-99.08177695007544,0,220.0,0.0,41.58359163819114
2026-08-31,2026-08-31T11:55:00-04:00,bar_close,90841.12399479064,99917.74411197814,9076.6201171875,9076.6201171875,0.0908409231799239,0.0908409231799239,112.29247859802247,561462.3929901123,-0.000822558880218538,6,1512.77001953125,0.0908409231799239,-24.757702709965088,0,367.0400085449219,0.0,0.0,0,129.88999938964844,0.0,-99.08177695007544,0,220.05499267578125,0.0,41.58359163819114
2026-08-31,2026-08-31T11:55:00-04:00,open_before_orders,90841.12399479064,99916.60373111877,9075.479736328125,9075.479736328125,0.09083054665019194,0.09083054665019194,112.29247859802247,561462.3929901123,-0.0008339626888123064,6,1512.5799560546875,0.09083054665019194,-25.898083569340088,0,367.0899963378906,0.0,0.0,0,129.89999389648438,0.0,-99.08177695007544,0,220.0500030517578,0.0,41.58359163819114
2026-08-31,2026-08-31T11:55:00-04:00,after_fill,69660.76938614807,99912.36850724182,30251.59912109375,30251.59912109375,0.30278132300407895,0.30278132300407895,116.5277024749756,582638.5123748779,-0.0008763149275818893,20,1512.5799560546875,0.30278132300407895,-30.133307446292747,0,367.0899963378906,0.0,0.0,0,129.89999389648438,0.0,-99.08177695007544,0,220.0500030517578,0.0,41.58359163819114
2026-08-31,2026-08-31T11:55:00-04:00,after_fill,133521.65401706847,99899.59377536926,94125.25848388672,-33622.06024169922,0.9421986108925877,-0.3365585281287591,129.3024343475342,646512.1717376709,-0.0010040622463074467,20,1512.5799560546875,0.3028200413819143,-30.133307446292747,-174,367.0899963378906,-0.6393785695106734,-12.774731872559641,0,129.89999389648438,0.0,-99.08177695007544,0,220.0500030517578,0.0,41.58359163819114
2026-08-31,2026-08-31T12:00:00-04:00,bar_close,133521.65401706847,100201.59261570129,93853.05944824219,-33320.06140136719,0.9366423925834458,-0.33253025756943944,129.3024343475342,646512.1717376709,0.0,20,1513.324951171875,0.3020560675070032,-15.233405102542747,-174,365.44000244140625,-0.6345863250764426,274.3242061157216,0,129.8350067138672,0.0,-99.08177695007544,0,219.48980712890625,0.0,41.58359163819114
2026-08-31,2026-08-31T12:00:00-04:00,open_before_orders,133521.65401706847,100195.99532566222,93864.85791015625,-33325.65869140625,0.9368124704492612,-0.33260469725451064,129.3024343475342,646512.1717376709,-5.5860290170572924e-05,20,1513.47998046875,0.30210388659737525,-12.132819165042747,-174,365.489990234375,-0.6347085838518859,265.6263301391591,0,129.86000061035156,0.0,-99.08177695007544,0,219.5,0.0,41.58359163819114
2026-08-31,2026-08-31T12:00:00-04:00,after_fill,163785.1997065216,100189.94140574036,63595.25830078125,-63595.25830078125,0.6347469357551453,-0.6347469357551453,135.3563542694092,676781.7713470459,-0.00011627769236777219,0,1513.47998046875,0.0,-18.186739086915622,-174,365.489990234375,-0.6347469357551453,265.6263301391591,0,129.86000061035156,0.0,-99.08177695007544,0,219.5,0.0,41.58359163819114
2026-08-31,2026-08-31T12:05:00-04:00,bar_close,163785.1997065216,100478.08111521302,63307.118591308594,-63307.118591308594,0.6300589928535517,-0.6300589928535517,135.3563542694092,676781.7713470459,0.0,0,1506.9200439453125,0.0,-18.186739086915622,-174,363.8340148925781,-0.6300589928535517,553.7660396118154,0,129.72000122070312,0.0,-99.08177695007544,0,219.3000030517578,0.0,41.58359163819114
2026-08-31,2026-08-31T12:05:00-04:00,open_before_orders,163785.1997065216,100474.42779490052,63310.771911621094,-63310.771911621094,0.6301182629360977,-0.6301182629360977,135.3563542694092,676781.7713470459,-3.635937581558668e-05,0,1506.47998046875,0.0,-18.186739086915622,-174,363.8550109863281,-0.6301182629360977,550.1127192993154,0,129.75,0.0,-99.08177695007544,0,219.2899932861328,0.0,41.58359163819114
2026-08-31,2026-08-31T12:05:00-04:00,after_fill,133649.57417722474,100468.40187497865,93440.3715209961,-33181.172302246094,0.9300473559564715,-0.33026475670963934,141.38227419128418,706911.3709564209,-9.633185792301546e-05,20,1506.47998046875,0.2998912996234161,-24.212659008793707,-174,363.8550109863281,-0.6301560563330554,550.1127192993154,0,129.75,0.0,-99.08177695007544,0,219.2899932861328,0.0,41.58359163819114
2026-08-31,2026-08-31T12:10:00-04:00,bar_close,133649.57417722474,100153.92311521302,93515.65106201172,-33495.65106201172,0.9337193007850036,-0.3344417274945853,141.38227419128418,706911.3709564209,-0.0032261563557159922,20,1500.5,0.2996387866452092,-143.8122683837937,-174,364.9750061035156,-0.6340805141397945,355.23356890869036,0,129.7899932861328,0.0,-99.08177695007544,0,219.27999877929688,0.0,41.58359163819114
2026-08-31,2026-08-31T12:10:00-04:00,open_before_orders,133649.57417722474,100163.98744626771,93520.59649658203,-33485.58673095703,0.9336748554139832,-0.334307644740283,141.38227419128418,706911.3709564209,-0.0031259919124565494,20,1500.875244140625,0.29968360533685007,-136.3073855712937,-174,364.9602966308594,-0.6339912500771331,357.79301715087786,0,129.81500244140625,0.0,-99.08177695007544,0,219.2899932861328,0.0,41.58359163819114
2026-08-31,2026-08-31T12:10:00-04:00,after_fill,118318.17605223694,100160.921779776,78192.26403808594,-18157.254272460938,0.7806663781510259,-0.18128082239881263,144.44794068298341,722239.703414917,-0.003156502711007647,20,1500.875244140625,0.2996927778761066,-136.3073855712937,-132,364.9602966308594,-0.48097360027491926,354.72735065918096,0,129.81500244140625,0.0,-99.08177695007544,0,219.2899932861328,0.0,41.58359163819114
2026-08-31,2026-08-31T12:10:00-04:00,after_fill,101805.24644115297,100157.6198542389,94701.89172363281,-1647.6265869140625,0.9455285764723053,-0.01645033687214095,147.7498662200928,738749.3311004639,-0.003189364858656729,31,1500.875244140625,0.46453911980008217,-139.60931110840465,-132,364.9602966308594,-0.48098945667222315,354.72735065918096,0,129.81500244140625,0.0,-99.08177695007544,0,219.2899932861328,0.0,41.58359163819114
2026-08-31,2026-08-31T12:15:00-04:00,bar_close,101805.24644115297,99794.47092845765,94763.70642089844,-2010.7755126953125,0.949588745140342,-0.020149167523888484,147.7498662200928,738749.3311004639,-0.0068035752590807075,31,1496.0150146484375,0.46471978880822673,-290.27642536621715,-132,366.57000732421875,-0.48486895633211524,142.24553913574346,0,130.39999389648438,0.0,-99.08177695007544,0,219.72999572753906,0.0,41.58359163819114
2026-08-31,2026-08-31T12:15:00-04:00,open_before_orders,101805.24644115297,99803.61729076234,94772.85278320312,-2001.629150390625,0.949593365008977,-0.02005567738651385,147.7498662200928,738749.3311004639,-0.006712546825782928,31,1496.31005859375,0.46476884381123157,-281.13006306152965,-132,366.57000732421875,-0.4848245211977454,142.24553913574346,0,130.49000549316406,0.0,-99.08177695007544,0,219.72000122070312,0.0,41.58359163819114
2026-08-31,2026-08-31T12:15:00-04:00,after_fill,101438.60311982728,99803.54397676088,94406.2827758789,-1635.0591430664062,0.9459211468268229,-0.01638277638163959,147.82318022155764,739115.9011077881,-0.006713276477470553,31,1496.31005859375,0.4647691852225917,-281.13006306152965,-131,366.57000732421875,-0.4811519616042313,142.17222513427987,0,130.49000549316406,0.0,-99.08177695007544,0,219.72000122070312,0.0,41.58359163819114
2026-08-31,2026-08-31T12:20:00-04:00,bar_close,101438.60311982728,99946.4342965851,94433.89245605469,-1492.1688232421875,0.9448450374510383,-0.014929685423436572,147.82318022155764,739115.9011077881,-0.005291172091735241,31,1499.06005859375,0.4649576760138009,-195.88006306152965,-131,366.1300048828125,-0.4798873614372375,199.81254495849862,0,130.36000061035156,0.0,-99.08177695007544,0,219.77000427246094,0.0,41.58359163819114
2026-08-31,2026-08-31T12:20:00-04:00,open_before_orders,101438.60311982728,99943.81573579408,94436.5110168457,-1494.7873840332031,0.944895993029652,-0.014956276914469026,147.82318022155764,739115.9011077881,-0.005317233106853614,31,1499.06005859375,0.46496985805759145,-195.88006306152965,-131,366.1499938964844,-0.4799261349720605,197.193984167483,0,130.32000732421875,0.0,-99.08177695007544,0,219.77999877929688,0.0,41.58359163819114
2026-08-31,2026-08-31T12:20:00-04:00,after_fill,146401.41051728823,99934.82137544252,49464.7092590332,-46466.5891418457,0.49496970703735516,-0.46496895178585035,156.81754057312014,784087.7028656006,-0.005406748752969981,1,1499.06005859375,0.015000377625752393,-204.8744234130936,-131,366.1499938964844,-0.47996932941160275,197.193984167483,0,130.32000732421875,0.0,-99.08177695007544,0,219.77999877929688,0.0,41.58359163819114
2026-08-31,2026-08-31T12:20:00-04:00,after_fill,98426.16818700868,99925.22824560243,1499.06005859375,1499.06005859375,0.015001817708229469,0.015001817708229469,166.41067041320804,832053.35206604,-0.005502223604137768,1,1499.06005859375,0.015001817708229469,-204.8744234130936,0,366.1499938964844,0.0,187.60085432739288,0,130.32000732421875,0.0,-99.08177695007544,0,219.77999877929688,0.0,41.58359163819114
2026-08-31,2026-08-31T12:25:00-04:00,bar_close,98426.16818700868,99921.33823095399,1495.1700439453125,1495.1700439453125,0.014963470970429152,0.014963470970429152,166.41067041320804,832053.35206604,-0.005540938661245387,1,1495.1700439453125,0.014963470970429152,-208.7644380615311,0,365.79998779296875,0.0,187.60085432739288,0,130.2899932861328,0.0,-99.08177695007544,0,219.9550018310547,0.0,41.58359163819114
2026-08-31,2026-08-31T12:25:00-04:00,open_before_orders,98426.16818700868,99921.25314794618,1495.0849609375,1495.0849609375,0.014962632211225731,0.014962632211225731,166.41067041320804,832053.35206604,-0.005541785443019753,1,1495.0849609375,0.014962632211225731,-208.8495210693436,0,365.8395080566406,0.0,187.60085432739288,0,130.28500366210938,0.0,-99.08177695007544,0,219.9550018310547,0.0,41.58359163819114
2026-08-31,2026-08-31T12:25:00-04:00,after_fill,53564.64884911805,99912.28263818055,46347.6337890625,46347.6337890625,0.46388324403421427,0.46388324403421427,175.38118017883303,876905.900894165,-0.005631063718102847,31,1495.0849609375,0.46388324403421427,-217.82003083496966,0,365.8395080566406,0.0,187.60085432739288,0,130.28500366210938,0.0,-99.08177695007544,0,219.9550018310547,0.0,41.58359163819114
2026-08-31,2026-08-31T12:30:00-04:00,bar_close,53564.64884911805,99954.2870327118,46389.63818359375,46389.63818359375,0.4641085396208361,0.4641085396208361,175.38118017883303,876905.900894165,-0.005213018368659061,31,1496.43994140625,0.4641085396208361,-175.81563630371966,0,365.0899963378906,0.0,187.60085432739288,0,130.28500366210938,0.0,-99.08177695007544,0,220.22540283203125,0.0,41.58359163819114
2026-08-31,2026-08-31T12:30:00-04:00,open_before_orders,53564.64884911805,99948.39884911805,46383.75,46383.75,0.4640769690570115,0.4640769690570115,175.38118017883303,876905.900894165,-0.005271620041067515,31,1496.25,0.4640769690570115,-181.70381989746966,0,365.1099853515625,0.0,187.60085432739288,0,130.32000732421875,0.0,-99.08177695007544,0,220.2299041748047,0.0,41.58359163819114
2026-08-31,2026-08-31T12:35:00-04:00,bar_close,53564.64884911805,100071.76310693055,46507.1142578125,46507.1142578125,0.4647376324140292,0.4647376324140292,175.38118017883303,876905.900894165,-0.004043847212971463,31,1500.2294921875,0.4647376324140292,-58.33956208496966,0,364.7799987792969,0.0,187.60085432739288,0,130.25999450683594,0.0,-99.08177695007544,0,219.88999938964844,0.0,41.58359163819114
2026-08-31,2026-08-31T12:35:00-04:00,open_before_orders,53564.64884911805,100067.74809228211,46503.09924316406,46503.09924316406,0.4647161561013552,0.4647161561013552,175.38118017883303,876905.900894165,-0.004083806322499273,31,1500.0999755859375,0.4647161561013552,-62.35457673340716,0,364.75,0.0,187.60085432739288,0,130.27999877929688,0.0,-99.08177695007544,0,219.889892578125,0.0,41.58359163819114
2026-08-31,2026-08-31T12:35:00-04:00,after_fill,62563.44858266297,100065.9479723114,37502.49938964844,37502.49938964844,0.3747778355132908,0.3747778355132908,177.18130014953616,885906.5007476807,-0.004101721871350605,25,1500.0999755859375,0.3747778355132908,-64.15469670410675,0,364.75,0.0,187.60085432739288,0,130.27999877929688,0.0,-99.08177695007544,0,219.889892578125,0.0,41.58359163819114
2026-08-31,2026-08-31T12:40:00-04:00,bar_close,62563.44858266297,100117.9499254364,37554.50134277344,37554.50134277344,0.37510258021406184,0.37510258021406184,177.18130014953616,885906.5007476807,-0.003584176626180491,25,1502.1800537109375,0.37510258021406184,-12.152743579106755,0,364.69720458984375,0.0,187.60085432739288,0,129.99000549316406,0.0,-99.08177695007544,0,219.8300018310547,0.0,41.58359163819114
2026-08-31,2026-08-31T12:40:00-04:00,open_before_orders,62563.44858266297,100114.95004750672,37551.50146484375,37551.50146484375,0.37508385557826024,0.37508385557826024,177.18130014953616,885906.5007476807,-0.0036140326693731017,25,1502.06005859375,0.37508385557826024,-15.152621508794255,0,364.6400146484375,0.0,187.60085432739288,0,130.07000732421875,0.0,-99.08177695007544,0,219.83999633789062,0.0,41.58359163819114
2026-08-31,2026-08-31T12:45:00-04:00,bar_close,62563.44858266297,100141.8238268036,37578.375244140625,37578.375244140625,0.3752515563240874,0.3752515563240874,177.18130014953616,885906.5007476807,-0.0033465735479547565,25,1503.135009765625,0.3752515563240874,11.721157788080745,0,364.8999938964844,0.0,187.60085432739288,0,130.56629943847656,0.0,-99.08177695007544,0,219.73500061035156,0.0,41.58359163819114
2026-08-31,2026-08-31T12:45:00-04:00,open_before_orders,62563.44858266297,100135.94919301453,37572.50061035156,37572.50061035156,0.37521490446882,0.37521490446882,177.18130014953616,885906.5007476807,-0.0034050403670247142,25,1502.9000244140625,0.37521490446882,5.846523999018245,0,364.95001220703125,0.0,187.60085432739288,0,130.5449981689453,0.0,-99.08177695007544,0,219.73500061035156,0.0,41.58359163819114
2026-08-31,2026-08-31T12:50:00-04:00,bar_close,62563.44858266297,100136.82504750672,37573.37646484375,37573.37646484375,0.37522036920002466,0.37522036920002466,177.18130014953616,885906.5007476807,-0.0033963234958179767,25,1502.93505859375,0.37522036920002466,6.722378491205745,0,365.489990234375,0.0,187.60085432739288,0,130.6199951171875,0.0,-99.08177695007544,0,219.99000549316406,0.0,41.58359163819114
2026-08-31,2026-08-31T12:50:00-04:00,open_before_orders,62563.44858266297,100123.45224477234,37560.003662109375,37560.003662109375,0.37513692167032187,0.37513692167032187,177.18130014953616,885906.5007476807,-0.003529415236682709,25,1502.400146484375,0.37513692167032187,-6.650424243169255,0,365.44000244140625,0.0,187.60085432739288,0,130.65859985351562,0.0,-99.08177695007544,0,219.99000549316406,0.0,41.58359163819114
2026-08-31,2026-08-31T12:55:00-04:00,bar_close,62563.44858266297,100115.9479723114,37552.49938964844,37552.49938964844,0.3750900845491085,0.3750900845491085,177.18130014953616,885906.5007476807,-0.003604100903224605,25,1502.0999755859375,0.3750900845491085,-14.154696704106755,0,365.8900146484375,0.0,187.60085432739288,0,130.52000427246094,0.0,-99.08177695007544,0,219.88999938964844,0.0,41.58359163819114
2026-08-31,2026-08-31T12:55:00-04:00,open_before_orders,62563.44858266297,100119.69858266297,37556.25,37556.25,0.37511349446374936,0.37511349446374936,177.18130014953616,885906.5007476807,-0.0035667732561404097,25,1502.25,0.37511349446374936,-10.404086352544255,0,365.82000732421875,0.0,187.60085432739288,0,130.52999877929688,0.0,-99.08177695007544,0,219.88999938964844,0.0,41.58359163819114
2026-08-31,2026-08-31T12:55:00-04:00,after_fill,92602.43958266298,100113.68958266298,7511.25,7511.25,0.07502720188729063,0.07502720188729063,183.19030014953614,915951.5007476807,-0.0036265773440897764,5,1502.25,0.07502720188729063,-16.41308635254245,0,365.82000732421875,0.0,187.60085432739288,0,130.52999877929688,0.0,-99.08177695007544,0,219.88999938964844,0.0,41.58359163819114
2026-08-31,2026-08-31T13:00:00-04:00,bar_close,92602.43958266298,100131.38977797548,7528.9501953125,7528.9501953125,0.07519070904744937,0.07519070904744937,183.19030014953614,915951.5007476807,-0.003450417577541165,5,1505.7900390625,0.07519070904744937,1.2871089599575498,0,366.05499267578125,0.0,187.60085432739288,0,129.92999267578125,0.0,-99.08177695007544,0,220.17999267578125,0.0,41.58359163819114
2026-08-31,2026-08-31T13:00:00-04:00,open_before_orders,92602.43958266298,100131.53931410829,7529.0997314453125,7529.0997314453125,0.07519209015479981,0.07519209015479981,183.19030014953614,915951.5007476807,-0.003448929331237638,5,1505.8199462890625,0.07519209015479981,1.4366450927700498,0,366.0299987792969,0.0,187.60085432739288,0,129.96499633789062,0.0,-99.08177695007544,0,220.19000244140625,0.0,41.58359163819114
2026-08-31,2026-08-31T13:00:00-04:00,after_fill,100130.033494162,100130.033494162,0.0,0.0,0.0,0.0,184.6961200958252,923480.600479126,-0.003463915882827573,0,1505.8199462890625,0.0,-0.06917485351823416,0,366.0299987792969,0.0,187.60085432739288,0,129.96499633789062,0.0,-99.08177695007544,0,220.19000244140625,0.0,41.58359163819114
2026-08-31,2026-08-31T13:05:00-04:00,bar_close,100130.033494162,100130.033494162,0.0,0.0,0.0,0.0,184.6961200958252,923480.600479126,-0.003463915882827573,0,1505.3499755859375,0.0,-0.06917485351823416,0,365.30999755859375,0.0,187.60085432739288,0,130.25,0.0,-99.08177695007544,0,220.0299072265625,0.0,41.58359163819114
2026-08-31,2026-08-31T13:05:00-04:00,open_before_orders,100130.033494162,100130.033494162,0.0,0.0,0.0,0.0,184.6961200958252,923480.600479126,-0.003463915882827573,0,1505.0301513671875,0.0,-0.06917485351823416,0,365.3399963378906,0.0,187.60085432739288,0,130.34500122070312,0.0,-99.08177695007544,0,220.0200958251953,0.0,41.58359163819114
2026-08-31,2026-08-31T13:10:00-04:00,bar_close,100130.033494162,100130.033494162,0.0,0.0,0.0,0.0,184.6961200958252,923480.600479126,-0.003463915882827573,0,1505.3399658203125,0.0,-0.06917485351823416,0,365.7449951171875,0.0,187.60085432739288,0,130.63470458984375,0.0,-99.08177695007544,0,219.92999267578125,0.0,41.58359163819114
2026-08-31,2026-08-31T13:10:00-04:00,open_before_orders,100130.033494162,100130.033494162,0.0,0.0,0.0,0.0,184.6961200958252,923480.600479126,-0.003463915882827573,0,1505.18994140625,0.0,-0.06917485351823416,0,365.7099914550781,0.0,187.60085432739288,0,130.66000366210938,0.0,-99.08177695007544,0,219.92999267578125,0.0,41.58359163819114
2026-08-31,2026-08-31T13:10:00-04:00,after_fill,91097.08761779481,100128.22726623231,9031.1396484375,9031.1396484375,0.09019574095149492,0.09019574095149492,186.5023480255127,932511.7401275635,-0.0034818922206480973,6,1505.18994140625,0.09019574095149492,-1.8754027832037536,0,365.7099914550781,0.0,187.60085432739288,0,130.66000366210938,0.0,-99.08177695007544,0,219.92999267578125,0.0,41.58359163819114
2026-08-31,2026-08-31T13:15:00-04:00,bar_close,91097.08761779481,100121.65744201356,9024.56982421875,9024.56982421875,0.09013604104032555,0.09013604104032555,186.5023480255127,932511.7401275635,-0.0035472778664111804,6,1504.094970703125,0.09013604104032555,-8.445227001953754,0,366.739990234375,0.0,187.60085432739288,0,131.0850067138672,0.0,-99.08177695007544,0,219.8300018310547,0.0,41.58359163819114
2026-08-31,2026-08-31T13:15:00-04:00,open_before_orders,91097.08761779481,100122.60226623231,9025.5146484375,9025.5146484375,0.09014462712862864,0.09014462712862864,186.5023480255127,932511.7401275635,-0.003537874579562339,6,1504.25244140625,0.09014462712862864,-7.500402783203754,0,366.739990234375,0.0,187.60085432739288,0,131.07000732421875,0.0,-99.08177695007544,0,219.82000732421875,0.0,41.58359163819114
2026-08-31,2026-08-31T13:15:00-04:00,after_fill,92601.03920871278,100122.30141574403,7521.26220703125,7521.26220703125,0.07512074833158545,0.07512074833158545,186.80319851379394,934015.9925689697,-0.0035408687697869867,5,1504.25244140625,0.07512074833158545,-7.801253271484711,0,366.739990234375,0.0,187.60085432739288,0,131.07000732421875,0.0,-99.08177695007544,0,219.82000732421875,0.0,41.58359163819114
2026-08-31,2026-08-31T13:15:00-04:00,after_fill,100332.62301475527,100120.75478965761,15254.392639160156,-211.86822509765625,0.15235994446114504,-0.002116126926357751,188.34982460021973,941749.1230010986,-0.00355626144119614,5,1504.25244140625,0.07512190876739365,-7.801253271484711,0,366.739990234375,0.0,187.60085432739288,-59,131.07000732421875,-0.0772380356937514,-100.62840303650046,0,219.82000732421875,0.0,41.58359163819114
2026-08-31,2026-08-31T13:20:00-04:00,bar_close,100332.62301475527,100099.54282981875,15244.979598999023,-233.08018493652344,0.15229819405786219,-0.0023284840104893165,188.34982460021973,941749.1230010986,-0.003767371761013494,5,1501.18994140625,0.07498485502368643,-23.11375327148471,0,366.4649963378906,0.0,187.60085432739288,-59,131.1699981689453,-0.07731333903417575,-106.52786287536765,0,219.80999755859375,0.0,41.58359163819114
2026-08-31,2026-08-31T13:20:00-04:00,open_before_orders,100332.62301475527,100101.14352256777,15240.679931640625,-231.4794921875,0.15225280546574993,-0.002312456022396118,188.34982460021973,941749.1230010986,-0.003751440995504618,5,1500.9200439453125,0.07497017472167691,-24.46324057617221,0,366.4601135253906,0.0,187.60085432739288,-59,131.1199951171875,-0.07728263074407303,-103.57768282165671,0,219.77999877929688,0.0,41.58359163819114
2026-08-31,2026-08-31T13:25:00-04:00,bar_close,100332.62301475527,100121.31643516543,15235.306823730469,-211.30657958984375,0.15216846288268937,-0.002110505405975934,188.34982460021973,941749.1230010986,-0.003550671709569242,5,1502.4000244140625,0.07502897873835672,-17.06333823242221,0,365.6549987792969,0.0,187.60085432739288,-59,130.90350341796875,-0.07713948414433267,-90.80467256775046,0,219.77999877929688,0.0,41.58359163819114
2026-08-31,2026-08-31T13:25:00-04:00,open_before_orders,100332.62301475527,100119.22808677675,15233.394927978516,-213.39492797851562,0.15215254071650663,-0.0021314080427543743,188.34982460021973,941749.1230010986,-0.003571455828508374,5,1502.0,0.07501056633687614,-19.06346030273471,0,365.6300964355469,0.0,187.60085432739288,-59,130.90499877929688,-0.07714197437963051,-90.89289888610983,0,219.78500366210938,0.0,41.58359163819114
2026-08-31,2026-08-31T13:25:00-04:00,after_fill,107841.12101475528,100117.72608677676,7723.394927978516,-7723.394927978516,0.07714313168962991,-0.07714313168962991,189.85182460021974,949259.1230010986,-0.0035864043623907715,0,1502.0,0.0,-20.56546030273421,0,365.6300964355469,0.0,187.60085432739288,-59,130.90499877929688,-0.07714313168962991,-90.89289888610983,0,219.78500366210938,0.0,41.58359163819114
2026-08-31,2026-08-31T13:30:00-04:00,bar_close,107841.12101475528,100137.19619480899,7703.924819946289,-7703.924819946289,0.07693369809315324,-0.07693369809315324,189.85182460021974,949259.1230010986,-0.003392629682220538,0,1498.4200439453125,0.0,-20.56546030273421,0,365.239990234375,0.0,187.60085432739288,-59,130.5749969482422,-0.07693369809315324,-71.42279085388327,0,219.3699951171875,0.0,41.58359163819114
2026-08-31,2026-08-31T13:30:00-04:00,open_before_orders,107841.12101475528,100137.49058262637,7703.630432128906,-7703.630432128906,0.07693053208450851,-0.07693053208450851,189.85182460021974,949259.1230010986,-0.0033896998112067367,0,1498.4200439453125,0.0,-20.56546030273421,0,365.19000244140625,0.0,187.60085432739288,-59,130.57000732421875,-0.07693053208450851,-71.12840303650046,0,219.36000061035156,0.0,41.58359163819114
2026-08-31,2026-08-31T13:35:00-04:00,bar_close,107841.12101475528,100136.31123081973,7704.809783935547,-7704.809783935547,0.07694321559514544,-0.07694321559514544,189.85182460021974,949259.1230010986,-0.003401437214962333,0,1498.344970703125,0.0,-20.56546030273421,0,366.3299865722656,0.0,187.60085432739288,-59,130.58999633789062,-0.07694321559514544,-72.30775484314108,0,219.21009826660156,0.0,41.58359163819114
2026-08-31,2026-08-31T13:35:00-04:00,open_before_orders,107841.12101475528,100130.83579747012,7710.285217285156,-7710.285217285156,0.07700210585358923,-0.07700210585358923,189.85182460021974,949259.1230010986,-0.0034559310238492236,0,1498.5899658203125,0.0,-20.56546030273421,0,366.3349914550781,0.0,187.60085432739288,-59,130.68280029296875,-0.07700210585358923,-77.78318819275046,0,219.2100067138672,0.0,41.58359163819114
2026-08-31,2026-08-31T13:35:00-04:00,after_fill,107710.41207790225,100130.80966091006,7579.6024169921875,-7579.6024169921875,0.07569700517413452,-0.07569700517413452,189.87796116027835,949389.8058013916,-0.0034561911458556027,0,1498.5899658203125,0.0,-20.56546030273421,0,366.3349914550781,0.0,187.60085432739288,-58,130.68280029296875,-0.07569700517413452,-77.8093247528086,0,219.2100067138672,0.0,41.58359163819114
2026-08-31,2026-08-31T13:35:00-04:00,after_fill,92721.51523976748,100127.81248097842,22565.502075195312,7406.2972412109375,0.22536697363164854,0.07396843152463692,192.87514109191898,964375.7054595947,-0.0034860203374401655,10,1498.5899658203125,0.14966770257814271,-23.562640234375067,0,366.3349914550781,0.0,187.60085432739288,-58,130.68280029296875,-0.07569927105350581,-77.8093247528086,0,219.2100067138672,0.0,41.58359163819114
2026-08-31,2026-08-31T13:35:00-04:00,after_fill,162677.5046110138,100113.81848430482,92535.48544311523,-62563.686126708984,0.9243028269631163,-0.6249255804433961,206.86913776550296,1034345.6888275146,-0.0036252944608935467,10,1498.5899658203125,0.14968862325986013,-23.562640234375067,-191,366.3349914550781,-0.6989043513397638,173.60685765380913,-58,130.68280029296875,-0.07570985236349233,-77.8093247528086,0,219.2100067138672,0.0,41.58359163819114
2026-08-31,2026-08-31T13:40:00-04:00,bar_close,162677.5046110138,99994.43197917787,92705.27233886719,-62683.07263183594,0.9271043447516305,-0.6268656303271828,206.86913776550296,1034345.6888275146,-0.0048134790261428195,10,1501.1099853515625,0.1501193572122239,1.637555078124933,-191,367.0199890136719,-0.7010472134709324,42.77232396240288,-58,130.91990661621094,-0.07593777406847434,-91.56149150085548,0,219.3419952392578,0.0,41.58359163819114
2026-08-31,2026-08-31T13:40:00-04:00,open_before_orders,162677.5046110138,100003.7269926056,92708.7776184082,-62673.7776184082,0.927053224978937,-0.6267144185840432,206.86913776550296,1034345.6888275146,-0.004720971154529741,10,1501.75,0.15016940319744695,8.037701562499933,-191,367.0199890136719,-0.700982053466814,42.77232396240288,-58,130.8699951171875,-0.07590176831467614,-88.6666245574961,0,219.33999633789062,0.0,41.58359163819114
2026-08-31,2026-08-31T13:40:00-04:00,after_fill,177692.00111101381,100000.72349260561,77691.2776184082,-77691.2776184082,0.7769071553182608,-0.7769071553182608,209.87263776550296,1049363.1888275146,-0.00475086324608498,0,1501.75,0.0,5.034201562501039,-191,367.0199890136719,-0.7010031073104668,42.77232396240288,-58,130.8699951171875,-0.07590404800779406,-88.6666245574961,0,219.33999633789062,0.0,41.58359163819114
2026-08-31,2026-08-31T13:40:00-04:00,after_fill,177324.90771800233,100000.6500886078,77324.25762939453,-77324.25762939453,0.7732375495647243,-0.7732375495647243,209.9460417633057,1049730.2088165283,-0.004751593793454023,0,1501.75,0.0,5.034201562501039,-190,367.0199890136719,-0.6973334458406868,42.69891996460501,-58,130.8699951171875,-0.0759041037240376,-88.6666245574961,0,219.33999633789062,0.0,41.58359163819114
2026-08-31,2026-08-31T13:40:00-04:00,after_fill,169732.9299092621,99999.13199666445,69733.79791259766,-69733.79791259766,0.6973440320954354,-0.6973440320954354,211.46413370666505,1057320.6685333252,-0.004766702481105112,0,1501.75,0.0,5.034201562501039,-190,367.0199890136719,-0.6973440320954354,42.69891996460501,0,130.8699951171875,0.0,-90.18471650085485,0,219.33999633789062,0.0,41.58359163819114
2026-08-31,2026-08-31T13:45:00-04:00,bar_close,169732.9299092621,99944.0303731293,69788.89953613281,-69788.89953613281,0.6982798199710794,-0.6982798199710794,211.46413370666505,1057320.6685333252,-0.005315096946082787,0,1500.68994140625,0.0,5.034201562501039,-190,367.30999755859375,-0.6982798199710794,-12.402703570551239,0,131.0500030517578,0.0,-90.18471650085485,0,219.64999389648438,0.0,41.58359163819114
2026-08-31,2026-08-31T13:45:00-04:00,open_before_orders,169732.9299092621,99940.23246053164,69792.69744873047,-69792.69744873047,0.6983443577269342,-0.6983443577269342,211.46413370666505,1057320.6685333252,-0.005352895364956867,0,1500.486572265625,0.0,5.034201562501039,-190,367.3299865722656,-0.6983443577269342,-16.20061616820749,0,131.0500030517578,0.0,-90.18471650085485,0,219.66000366210938,0.0,41.58359163819114
2026-08-31,2026-08-31T13:45:00-04:00,after_fill,136666.6191779999,99933.62052077334,36732.99865722656,-36732.99865722656,0.36757398026613897,-0.36757398026613897,218.07607346496584,1090380.367324829,-0.005418700162231116,0,1500.486572265625,0.0,5.034201562501039,-100,367.3299865722656,-0.36757398026613897,-22.812555926502682,0,131.0500030517578,0.0,-90.18471650085485,0,219.66000366210938,0.0,41.58359163819114
2026-08-31,2026-08-31T13:45:00-04:00,after_fill,133665.04583883975,99933.02032614444,39733.97180175781,-33732.02551269531,0.39760603324187355,-0.33754634256631544,218.6762680938721,1093381.3404693604,-0.005424673550877057,2,1500.486572265625,0.030029845337779075,4.434006933594901,-100,367.3299865722656,-0.36757618790409446,-22.812555926502682,0,131.0500030517578,0.0,-90.18471650085485,0,219.66000366210938,0.0,41.58359163819114
2026-08-31,2026-08-31T13:50:00-04:00,bar_close,133665.04583883975,99904.94622946475,39763.8994140625,-33760.099609375,0.3980173246150551,-0.33792220389002325,218.6762680938721,1093381.3404693604,-0.005704078734257267,2,1500.949951171875,0.030047560362515924,5.360764746094901,-100,367.6199951171875,-0.3679697642525392,-51.81341041869018,0,130.89999389648438,0.0,-90.18471650085485,0,219.74989318847656,0.0,41.58359163819114
2026-08-31,2026-08-31T13:50:00-04:00,open_before_orders,133665.04583883975,99905.5473036835,39762.49853515625,-33759.49853515625,0.39800090794047643,-0.33791415438161104,218.6762680938721,1093381.3404693604,-0.005698096591564283,2,1500.75,0.0300433767794327,4.960862402344901,-100,367.6099853515625,-0.36795753116104374,-50.81243385619018,0,130.9199981689453,0.0,-90.18471650085485,0,219.74000549316406,0.0,41.58359163819114
2026-08-31,2026-08-31T13:55:00-04:00,bar_close,133665.04583883975,99832.95514059757,39837.91052246094,-33832.09069824219,0.3990456905373189,-0.33888700029559876,218.6762680938721,1093381.3404693604,-0.006420564241028104,2,1501.4549560546875,0.030079345120860065,6.370774511719901,-100,368.3500061035156,-0.36896634541645884,-124.81450905150268,0,131.51499938964844,0.0,-90.18471650085485,0,219.88499450683594,0.0,41.58359163819114
2026-08-31,2026-08-31T13:55:00-04:00,open_before_orders,133665.04583883975,99833.04522848819,39838.00061035156,-33832.00061035156,0.39904623282976304,-0.33888579210340786,218.6762680938721,1093381.3404693604,-0.006419667648561056,2,1501.5,0.030080220363177593,6.460862402344901,-100,368.3500061035156,-0.36896601246658545,-124.81450905150268,0,131.5399932861328,0.0,-90.18471650085485,0,219.88499450683594,0.0,41.58359163819114
2026-08-31,2026-08-31T13:55:00-04:00,after_fill,160549.21837430727,99827.66731839906,66727.5510559082,-60721.5510559082,0.6684274294728488,-0.6082637477868494,224.05417818298343,1120270.890914917,-0.0064731908650620396,2,1501.5,0.030081840842999665,6.460862402344901,-173,368.3500061035156,-0.6383455886298491,-130.19241914061422,0,131.5399932861328,0.0,-90.18471650085485,0,219.88499450683594,0.0,41.58359163819114
2026-08-31,2026-08-31T14:00:00-04:00,bar_close,160549.21837430727,99818.12953763735,66735.30905151367,-60731.08883666992,0.6685690200831754,-0.6084174199414416,224.05417818298343,1120270.890914917,-0.006568114858990448,2,1501.0550537109375,0.030075800070866902,5.570969824219901,-173,368.3999938964844,-0.6384932200123086,-138.84030732420797,0,131.48989868164062,0.0,-90.18471650085485,0,219.60499572753906,0.0,41.58359163819114
2026-08-31,2026-08-31T14:00:00-04:00,open_before_orders,160549.21837430727,99820.94579129945,66734.67248535156,-60728.27258300781,0.668543780629739,-0.6083720415750757,224.05417818298343,1120270.890914917,-0.006540086321513816,2,1501.5999755859375,0.030085869527331593,6.660813574219901,-173,368.3900146484375,-0.6384579111024073,-137.1138974120986,0,131.40499877929688,0.0,-90.18471650085485,0,219.61000061035156,0.0,41.58359163819114
2026-08-31,2026-08-31T14:00:00-04:00,after_fill,163551.8176854889,99820.34515130921,63731.47253417969,-63731.47253417969,0.6384617528378062,-0.6384617528378062,224.65481817321782,1123274.0908660889,-0.0065460641425826305,0,1501.5999755859375,0.0,6.060173583985488,-173,368.3900146484375,-0.6384617528378062,-137.1138974120986,0,131.40499877929688,0.0,-90.18471650085485,0,219.61000061035156,0.0,41.58359163819114
2026-08-31,2026-08-31T14:00:00-04:00,after_fill,129653.15796156312,99813.56677503968,29839.591186523438,-29839.591186523438,0.2989532600691052,-0.2989532600691052,231.43319444274908,1157165.9722137451,-0.006613525385813945,0,1501.5999755859375,0.0,6.060173583985488,-81,368.3900146484375,-0.2989532600691052,-143.8922736816312,0,131.40499877929688,0.0,-90.18471650085485,0,219.61000061035156,0.0,41.58359163819114
2026-08-31,2026-08-31T14:05:00-04:00,bar_close,129653.15796156312,99871.07855482484,29782.07940673828,-29782.07940673828,0.29820524457828124,-0.29820524457828124,231.43319444274908,1157165.9722137451,-0.006041144035107138,0,1502.4200439453125,0.0,6.060173583985488,-81,367.67999267578125,-0.29820524457828124,-86.38049389647495,0,131.55499267578125,0.0,-90.18471650085485,0,219.6300048828125,0.0,41.58359163819114
2026-08-31,2026-08-31T14:05:00-04:00,open_before_orders,129653.15796156312,99871.07855482484,29782.07940673828,-29782.07940673828,0.29820524457828124,-0.29820524457828124,231.43319444274908,1157165.9722137451,-0.006041144035107138,0,1502.6522216796875,0.0,6.060173583985488,-81,367.67999267578125,-0.29820524457828124,-86.38049389647495,0,131.52000427246094,0.0,-90.18471650085485,0,219.63600158691406,0.0,41.58359163819114
2026-08-31,2026-08-31T14:10:00-04:00,bar_close,129653.15796156312,99899.02365370179,29754.134307861328,-29754.134307861328,0.29784209314200616,-0.29784209314200616,231.43319444274908,1157165.9722137451,-0.00576302269195661,0,1502.3050537109375,0.0,6.060173583985488,-81,367.3349914550781,-0.29784209314200616,-58.43539501952182,0,131.5800018310547,0.0,-90.18471650085485,0,219.60000610351562,0.0,41.58359163819114
2026-08-31,2026-08-31T14:10:00-04:00,open_before_orders,129653.15796156312,99896.99914808656,29756.158813476562,-29756.158813476562,0.2978683951193194,-0.2978683951193194,231.43319444274908,1157165.9722137451,-0.005783171420841171,0,1502.5400390625,0.0,6.060173583985488,-81,367.3599853515625,-0.2978683951193194,-60.459900634756195,0,131.57000732421875,0.0,-90.18471650085485,0,219.60499572753906,0.0,41.58359163819114
2026-08-31,2026-08-31T14:15:00-04:00,bar_close,129653.15796156312,99873.50845594789,29779.649505615234,-29779.649505615234,0.29817365952203845,-0.29817365952203845,231.43319444274908,1157165.9722137451,-0.006016960640121138,0,1502.135009765625,0.0,6.060173583985488,-81,367.6499938964844,-0.29817365952203845,-83.95059277342807,0,131.67999267578125,0.0,-90.18471650085485,0,219.3300018310547,0.0,41.58359163819114
2026-08-31,2026-08-31T14:15:00-04:00,open_before_orders,129653.15796156312,99869.87225599671,29783.285705566406,-29783.285705566406,0.2982209252177957,-0.2982209252177957,231.43319444274908,1157165.9722137451,-0.0060531496269211615,0,1502.75,0.0,6.060173583985488,-81,367.69488525390625,-0.2982209252177957,-87.58679272459995,0,131.6999969482422,0.0,-90.18471650085485,0,219.3249969482422,0.0,41.58359163819114
2026-08-31,2026-08-31T14:20:00-04:00,bar_close,129653.15796156312,99873.10306044007,29780.054901123047,-29780.054901123047,0.29817892894647613,-0.29817892894647613,231.43319444274908,1157165.9722137451,-0.006020995306222576,0,1507.0579833984375,0.0,6.060173583985488,-81,367.6549987792969,-0.29817892894647613,-84.35598828124057,0,131.66000366210938,0.0,-90.18471650085485,0,219.42770385742188,0.0,41.58359163819114
2026-08-31,2026-08-31T14:20:00-04:00,open_before_orders,129653.15796156312,99873.10306044007,29780.054901123047,-29780.054901123047,0.29817892894647613,-0.29817892894647613,231.43319444274908,1157165.9722137451,-0.006020995306222576,0,1506.6099853515625,0.0,6.060173583985488,-81,367.6549987792969,-0.29817892894647613,-84.35598828124057,0,131.6649932861328,0.0,-90.18471650085485,0,219.42999267578125,0.0,41.58359163819114
2026-08-31,2026-08-31T14:20:00-04:00,after_fill,124872.68707443544,99872.14715744325,25000.539916992188,-25000.539916992188,0.2503254473700274,-0.2503254473700274,232.38909743957527,1161945.487197876,-0.0060305088537168094,0,1506.6099853515625,0.0,6.060173583985488,-68,367.6549987792969,-0.2503254473700274,-85.31189127806647,0,131.6649932861328,0.0,-90.18471650085485,0,219.42999267578125,0.0,41.58359163819114
2026-08-31,2026-08-31T14:25:00-04:00,bar_close,124872.68707443544,99888.80059982606,24983.886474609375,-24983.886474609375,0.2501169933424236,-0.2501169933424236,232.38909743957527,1161945.487197876,-0.005864766811293443,0,1507.6800537109375,0.0,6.060173583985488,-68,367.41009521484375,-0.2501169933424236,-68.65844889525397,0,131.22000122070312,0.0,-90.18471650085485,0,219.57000732421875,0.0,41.58359163819114
2026-08-31,2026-08-31T14:25:00-04:00,open_before_orders,124872.68707443544,99888.806825412,24983.880249023438,-24983.880249023438,0.2501169154286811,-0.2501169154286811,232.38909743957527,1161945.487197876,-0.00586470485165147,0,1507.8800048828125,0.0,6.060173583985488,-68,367.4100036621094,-0.2501169154286811,-68.65222330931647,0,131.1649932861328,0.0,-90.18471650085485,0,219.57000732421875,0.0,41.58359163819114
2026-08-31,2026-08-31T14:25:00-04:00,after_fill,107968.44673394471,99885.42665337831,8083.020080566406,-8083.020080566406,0.08092291689973999,-0.08092291689973999,235.76926947326666,1178846.347366333,-0.0058983457412482565,0,1507.8800048828125,0.0,6.060173583985488,-22,367.4100036621094,-0.08092291689973999,-72.03239534300883,0,131.1649932861328,0.0,-90.18471650085485,0,219.57000732421875,0.0,41.58359163819114
2026-08-31,2026-08-31T14:30:00-04:00,bar_close,107968.44673394471,99883.22920464784,8085.217529296875,-8085.217529296875,0.08094669739532859,-0.08094669739532859,235.76926947326666,1178846.347366333,-0.005920215672541529,0,1506.5074462890625,0.0,6.060173583985488,-22,367.5098876953125,-0.08094669739532859,-74.22984407347758,0,131.0800018310547,0.0,-90.18471650085485,0,218.97000122070312,0.0,41.58359163819114
2026-08-31,2026-08-31T14:30:00-04:00,open_before_orders,107968.44673394471,99885.20643853456,8083.240295410156,-8083.240295410156,0.08092529998808448,-0.08092529998808448,235.76926947326666,1178846.347366333,-0.005900537411723028,0,1506.3599853515625,0.0,6.060173583985488,-22,367.4200134277344,-0.08092529998808448,-72.25261018675883,0,131.05999755859375,0.0,-90.18471650085485,0,218.9499969482422,0.0,41.58359163819114
2026-08-31,2026-08-31T14:30:00-04:00,after_fill,112161.52787183534,99884.36765455018,12277.160217285156,-12277.160217285156,0.12291373020196396,-0.12291373020196396,236.60805345764166,1183040.267288208,-0.0059088853416902065,0,1506.3599853515625,0.0,6.060173583985488,-22,367.4200134277344,-0.08092597956234775,-72.25261018675883,-32,131.05999755859375,-0.04198775063961621,-91.0235004852293,0,218.9499969482422,0.0,41.58359163819114
2026-08-31,2026-08-31T14:35:00-04:00,bar_close,112161.52787183534,99922.88791822206,12238.639953613281,-12238.639953613281,0.12248084706708551,-0.12248084706708551,236.60805345764166,1183040.267288208,-0.005525515523672753,0,1508.222412109375,0.0,6.060173583985488,-22,366.2799987792969,-0.08064378583352609,-47.17228792113383,-32,130.63999938964844,-0.04183706123355941,-77.5835590789793,0,218.39500427246094,0.0,41.58359163819114
2026-08-31,2026-08-31T14:35:00-04:00,open_before_orders,112161.52787183534,99922.2477815033,12239.280090332031,-12239.280090332031,0.12248803807031305,-0.12248803807031305,236.60805345764166,1183040.267288208,-0.005531886432747157,0,1508.429931640625,0.0,6.060173583985488,-22,366.2799987792969,-0.08064430246570359,-47.17228792113383,-32,130.66000366210938,-0.041843735604609474,-78.2236957977293,0,218.39500427246094,0.0,41.58359163819114
2026-08-31,2026-08-31T14:40:00-04:00,bar_close,112161.52787183534,99920.2447297455,12241.283142089844,-12241.283142089844,0.12251054003319217,-0.12251054003319217,236.60805345764166,1183040.267288208,-0.005551821643845711,0,1507.9100341796875,0.0,6.060173583985488,-22,365.6000061035156,-0.08049620130566938,-32.21244905394633,-32,131.19009399414062,-0.042014338727522776,-95.1865864227293,0,218.05099487304688,0.0,41.58359163819114
2026-08-31,2026-08-31T14:40:00-04:00,open_before_orders,112161.52787183534,99921.11783765565,12240.410034179688,-12240.410034179688,0.12250073156774516,-0.12250073156774516,236.60805345764166,1183040.267288208,-0.005543132107775128,0,1508.7999267578125,0.0,6.060173583985488,-22,365.57501220703125,-0.08048999493402169,-31.66258333129008,-32,131.17999267578125,-0.04201073663372347,-94.8633442352293,0,218.0699005126953,0.0,41.58359163819114
2026-08-31,2026-08-31T14:40:00-04:00,after_fill,107962.92855425722,99920.27828570253,8042.6502685546875,-8042.6502685546875,0.08049067122849977,-0.08049067122849977,237.44760541076667,1187238.027053833,-0.0055514876808892,0,1508.7999267578125,0.0,6.060173583985488,-22,365.57501220703125,-0.08049067122849977,-31.66258333129008,0,131.17999267578125,0.0,-95.70289618835432,0,218.0699005126953,0.0,41.58359163819114
2026-08-31,2026-08-31T14:45:00-04:00,bar_close,107962.92855425722,99914.00887652284,8048.919677734375,-8048.919677734375,0.08055846991067594,-0.08055846991067594,237.44760541076667,1187238.027053833,-0.005613883470200642,0,1504.5,0.0,6.060173583985488,-22,365.8599853515625,-0.08055846991067594,-37.93199251097758,0,132.0800018310547,0.0,-95.70289618835432,0,218.13999938964844,0.0,41.58359163819114
2026-08-31,2026-08-31T14:45:00-04:00,open_before_orders,107962.92855425722,99914.66884966737,8048.259704589844,-8048.259704589844,0.0805513324244645,-0.0805513324244645,237.44760541076667,1187238.027053833,-0.0056073151406983435,0,1504.800048828125,0.0,6.060173583985488,-22,365.8299865722656,-0.0805513324244645,-37.27201936644633,0,132.0998992919922,0.0,-95.70289618835432,0,218.14990234375,0.0,41.58359163819114
2026-08-31,2026-08-31T14:50:00-04:00,bar_close,107962.92855425722,99910.92855425722,8052.0,-8052.0,0.08059178426739687,-0.08059178426739687,237.44760541076667,1187238.027053833,-0.005644540129159825,0,1501.405029296875,0.0,6.060173583985488,-22,366.0,-0.08059178426739687,-41.01231477660258,0,132.14999389648438,0.0,-95.70289618835432,0,218.00999450683594,0.0,41.58359163819114
2026-08-31,2026-08-31T14:50:00-04:00,open_before_orders,107962.92855425722,99910.92855425722,8052.0,-8052.0,0.08059178426739687,-0.08059178426739687,237.44760541076667,1187238.027053833,-0.005644540129159825,0,1501.5999755859375,0.0,6.060173583985488,-22,366.0,-0.08059178426739687,-41.01231477660258,0,132.1699981689453,0.0,-95.70289618835432,0,218.01800537109375,0.0,41.58359163819114
2026-08-31,2026-08-31T14:50:00-04:00,after_fill,99909.31815425721,99909.31815425721,0.0,0.0,0.0,0.0,239.05800541076667,1195290.027053833,-0.005660567505301306,0,1501.5999755859375,0.0,6.060173583985488,0,366.0,0.0,-42.62271477660215,0,132.1699981689453,0.0,-95.70289618835432,0,218.01800537109375,0.0,41.58359163819114
2026-08-31,2026-08-31T14:55:00-04:00,bar_close,99909.31815425721,99909.31815425721,0.0,0.0,0.0,0.0,239.05800541076667,1195290.027053833,-0.005660567505301306,0,1480.8599853515625,0.0,6.060173583985488,0,365.9399108886719,0.0,-42.62271477660215,0,132.02999877929688,0.0,-95.70289618835432,0,218.42990112304688,0.0,41.58359163819114
2026-08-31,2026-08-31T14:55:00-04:00,open_before_orders,99909.31815425721,99909.31815425721,0.0,0.0,0.0,0.0,239.05800541076667,1195290.027053833,-0.005660567505301306,0,1481.219970703125,0.0,6.060173583985488,0,365.9049987792969,0.0,-42.62271477660215,0,131.98800659179688,0.0,-95.70289618835432,0,218.4250030517578,0.0,41.58359163819114
2026-08-31,2026-08-31T15:00:00-04:00,bar_close,99909.31815425721,99909.31815425721,0.0,0.0,0.0,0.0,239.05800541076667,1195290.027053833,-0.005660567505301306,0,1472.2099609375,0.0,6.060173583985488,0,365.79998779296875,0.0,-42.62271477660215,0,132.33999633789062,0.0,-95.70289618835432,0,218.57000732421875,0.0,41.58359163819114
2026-08-31,2026-08-31T15:00:00-04:00,open_before_orders,99909.31815425721,99909.31815425721,0.0,0.0,0.0,0.0,239.05800541076667,1195290.027053833,-0.005660567505301306,0,1472.2099609375,0.0,6.060173583985488,0,365.7799987792969,0.0,-42.62271477660215,0,132.36000061035156,0.0,-95.70289618835432,0,218.60000610351562,0.0,41.58359163819114
2026-08-31,2026-08-31T15:05:00-04:00,bar_close,99909.31815425721,99909.31815425721,0.0,0.0,0.0,0.0,239.05800541076667,1195290.027053833,-0.005660567505301306,0,1468.050048828125,0.0,6.060173583985488,0,365.7485046386719,0.0,-42.62271477660215,0,132.67999267578125,0.0,-95.70289618835432,0,218.83999633789062,0.0,41.58359163819114
2026-08-31,2026-08-31T15:05:00-04:00,open_before_orders,99909.31815425721,99909.31815425721,0.0,0.0,0.0,0.0,239.05800541076667,1195290.027053833,-0.005660567505301306,0,1468.2049560546875,0.0,6.060173583985488,0,365.7401123046875,0.0,-42.62271477660215,0,132.6699981689453,0.0,-95.70289618835432,0,218.8350067138672,0.0,41.58359163819114
2026-08-31,2026-08-31T15:10:00-04:00,bar_close,99909.31815425721,99909.31815425721,0.0,0.0,0.0,0.0,239.05800541076667,1195290.027053833,-0.005660567505301306,0,1465.8175048828125,0.0,6.060173583985488,0,366.3580017089844,0.0,-42.62271477660215,0,133.16000366210938,0.0,-95.70289618835432,0,218.8000030517578,0.0,41.58359163819114
2026-08-31,2026-08-31T15:10:00-04:00,open_before_orders,99909.31815425721,99909.31815425721,0.0,0.0,0.0,0.0,239.05800541076667,1195290.027053833,-0.005660567505301306,0,1465.885009765625,0.0,6.060173583985488,0,366.364990234375,0.0,-42.62271477660215,0,133.1699981689453,0.0,-95.70289618835432,0,218.80999755859375,0.0,41.58359163819114
2026-08-31,2026-08-31T15:10:00-04:00,after_fill,94656.82792486268,99908.26786626893,5251.43994140625,5251.43994140625,0.05256261622346916,0.05256261622346916,240.1082933990479,1200541.4669952393,-0.005671020411812111,0,1465.885009765625,0.0,6.060173583985488,0,366.364990234375,0.0,-42.62271477660215,0,133.1699981689453,0.0,-95.70289618835432,24,218.80999755859375,0.05256261622346916,40.53330364991052
2026-08-31,2026-08-31T15:15:00-04:00,bar_close,94656.82792486268,99911.50810064393,5254.68017578125,5254.68017578125,0.052593342605619056,0.052593342605619056,240.1082933990479,1200541.4669952393,-0.005638772240479262,0,1456.7650146484375,0.0,6.060173583985488,0,366.037109375,0.0,-42.62271477660215,0,133.02000427246094,0.0,-95.70289618835432,24,218.94500732421875,0.052593342605619056,43.77353802491052
2026-08-31,2026-08-31T15:15:00-04:00,open_before_orders,94656.82792486268,99911.62785162049,5254.7999267578125,5254.7999267578125,0.052594478137837526,0.052594478137837526,240.1082933990479,1200541.4669952393,-0.0056375804285414555,0,1456.85498046875,0.0,6.060173583985488,0,366.0299987792969,0.0,-42.62271477660215,0,133.02999877929688,0.0,-95.70289618835432,24,218.9499969482422,0.052594478137837526,43.89328900147302
2026-08-31,2026-08-31T15:15:00-04:00,after_fill,84456.80346460878,99909.58825464784,15452.784790039062,15452.784790039062,0.15466768565448663,0.15466768565448663,242.14789037170416,1210739.4518585205,-0.005657879352943818,7,1456.85498046875,0.10207213383052688,4.020576611328579,0,366.0299987792969,0.0,-42.62271477660215,0,133.02999877929688,0.0,-95.70289618835432,24,218.9499969482422,0.052595551823959766,43.89328900147302
2026-08-31,2026-08-31T15:15:00-04:00,after_fill,101481.23774039003,99906.1826866791,32480.624633789062,-1575.0550537109375,0.32511125698449733,-0.01576534115661839,245.55345834045417,1227767.2917022705,-0.005691772993536404,7,1456.85498046875,0.10207561323070138,4.020576611328579,0,366.0299987792969,0.0,-42.62271477660215,-128,133.02999877929688,-0.17043829907055785,-99.1084641571033,24,218.9499969482422,0.052597344683238074,43.89328900147302
2026-08-31,2026-08-31T15:20:00-04:00,bar_close,101481.23774039003,99996.08344351503,32437.404296875,-1485.154296875,0.3243867477589557,-0.01485212466060155,245.55345834045417,1227767.2917022705,-0.0047970429604971,7,1460.5150146484375,0.10224005531490729,29.64081586914108,0,365.6499938964844,0.0,-42.62271477660215,-128,132.50999450683594,-0.16961943620977865,-32.5479172821033,24,218.85499572753906,0.05252725623426979,41.61325970459802
2026-08-31,2026-08-31T15:20:00-04:00,open_before_orders,101481.23774039003,100000.12970816347,32436.333374023438,-1481.1080322265625,0.32436291301505693,-0.014811061111110267,245.55345834045417,1227767.2917022705,-0.004756772837864132,7,1460.7275390625,0.10225079510674653,31.12848676757858,0,365.69000244140625,0.0,-42.62271477660215,-128,132.49000549316406,-0.1695869870630836,-29.9893235321033,24,218.85499572753906,0.052525130845226795,41.61325970459802
2026-08-31,2026-08-31T15:20:00-04:00,after_fill,111704.28549527284,99998.08468960878,22211.240600585938,-11706.200805664062,0.22211666022933338,-0.11706425020038912,247.59847689514166,1237992.384475708,-0.004777125720124564,0,1460.7275390625,0.0,29.083468212891603,0,365.69000244140625,0.0,-42.62271477660215,-128,132.49000549316406,-0.16959045521486127,-29.9893235321033,24,218.85499572753906,0.05252620501447213,41.61325970459802
2026-08-31,2026-08-31T15:20:00-04:00,after_fill,111923.09672000124,99998.04091860964,21992.3856048584,-11925.055801391602,0.21992816462032924,-0.11925289427517523,247.64224789428715,1238211.2394714355,-0.004777561347463877,0,1460.7275390625,0.0,29.083468212891603,0,365.69000244140625,0.0,-42.62271477660215,-128,132.49000549316406,-0.16959052944775224,-29.9893235321033,23,218.85499572753906,0.050337635172577,41.569488705452386
2026-08-31,2026-08-31T15:20:00-04:00,after_fill,111790.58021650698,99998.01442060854,21859.895599365234,-11792.565795898438,0.2186032965356574,-0.11792799951303946,247.6687458953858,1238343.7294769287,-0.004777825066683117,0,1460.7275390625,0.0,29.083468212891603,0,365.69000244140625,0.0,-42.62271477660215,-127,132.49000549316406,-0.16826564802434843,-30.015821533201233,23,218.85499572753906,0.05033764851130897,41.569488705452386
2026-08-31,2026-08-31T15:25:00-04:00,bar_close,111790.58021650698,99999.46070967104,21886.73956298828,-11791.119506835938,0.21886857596694614,-0.11791183095546041,247.6687458953858,1238343.7294769287,-0.004763430991413631,0,1462.4949951171875,0.0,29.083468212891603,0,366.5,0.0,-42.62271477660215,-127,132.58999633789062,-0.16839020346120329,-42.71465881347467,23,219.47000122070312,0.05047837250574286,55.714615048225824
2026-08-31,2026-08-31T15:25:00-04:00,open_before_orders,111790.58021650698,100009.85081587221,21876.809204101562,-11780.729400634766,0.21874654372176677,-0.11779569016980362,247.6687458953858,1238343.7294769287,-0.004660024297278409,0,1462.280029296875,0.0,29.083468212891603,0,366.5199890136719,0.0,-42.62271477660215,-127,132.50999450683594,-0.1682711169457852,-32.55442626952936,23,219.47999572753906,0.05047542677598157,55.944488705452386
2026-08-31,2026-08-31T15:25:00-04:00,after_fill,112010.01631623537,100009.80691987307,21657.329208374023,-12000.209396362305,0.2165520549972232,-0.11999032660843713,247.71264189453132,1238563.2094726562,-0.004660461168670249,0,1462.280029296875,0.0,29.083468212891603,0,366.5199890136719,0.0,-42.62271477660215,-127,132.50999450683594,-0.16827119080283015,-32.55442626952936,22,219.47999572753906,0.04828086419439302,55.90059270630718
2026-08-31,2026-08-31T15:25:00-04:00,after_fill,111347.33383370668,100009.67440987856,20994.779235839844,-11337.659423828125,0.20992748311323434,-0.11336562678288488,247.84515188903816,1239225.7594451904,-0.004661779963705315,0,1462.280029296875,0.0,29.083468212891603,0,366.5199890136719,0.0,-42.62271477660215,-122,132.50999450683594,-0.1616465549480596,-32.68693626403547,22,219.47999572753906,0.04828092816517472,55.90059270630718
2026-08-31,2026-08-31T15:30:00-04:00,bar_close,111347.33383370668,99996.41488839418,21022.999267578125,-11350.9189453125,0.21023752992586642,-0.11351325903014864,247.84515188903816,1239225.7594451904,-0.0047937442820642495,0,1475.1700439453125,0.0,29.083468212891603,0,366.6650085449219,0.0,-42.62271477660215,-122,132.67999267578125,-0.16187539447800753,-53.42671287536359,22,219.82000732421875,0.04836213544785889,63.380847833260304
2026-08-31,2026-08-31T15:30:00-04:00,open_before_orders,111347.33383370668,99993.97436715395,21025.43978881836,-11353.359466552734,0.21026706780968596,-0.11354043619534428,247.84515188903816,1239225.7594451904,-0.004818033372910202,0,1475.989990234375,0.0,29.083468212891603,0,366.6300048828125,0.0,-42.62271477660215,-122,132.6999969482422,-0.1619037520025151,-55.86723411559797,22,219.82000732421875,0.04836331580717084,63.380847833260304
2026-08-31,2026-08-31T15:35:00-04:00,bar_close,111347.33383370668,100000.52398873598,21017.350006103516,-11346.809844970703,0.21017239878133942,-0.11346750389276763,247.84515188903816,1239225.7594451904,-0.0047528487922600116,0,1473.614990234375,0.0,29.083468212891603,0,367.4100036621094,0.0,-42.62271477660215,-122,132.63999938964844,-0.1618199513370535,-48.54753196716047,22,219.78500366210938,0.048352447444285886,62.610767266854054
2026-08-31,2026-08-31T15:35:00-04:00,open_before_orders,111347.33383370668,99993.20428658754,21024.669708251953,-11354.12954711914,0.21026098581653382,-0.1135490119366253,247.84515188903816,1239225.7594451904,-0.004825697537649942,0,1473.6099853515625,0.0,29.083468212891603,0,367.4100036621094,0.0,-42.62271477660215,-122,132.6999969482422,-0.16190499887657955,-55.86723411559797,22,219.78500366210938,0.04835598693995427,62.610767266854054
2026-08-31,2026-08-31T15:35:00-04:00,after_fill,111567.07488036806,99993.16032958681,20804.884704589844,-11573.91455078125,0.2080630778746766,-0.11574706222538167,247.8891088897706,1239445.5444488525,-0.004826135016155142,0,1473.6099853515625,0.0,29.083468212891603,0,367.4100036621094,0.0,-42.62271477660215,-122,132.6999969482422,-0.16190507005002913,-55.86723411559797,21,219.78500366210938,0.04615800782464747,62.56681026612205
2026-08-31,2026-08-31T15:35:00-04:00,after_fill,101249.74192892763,99991.09727560732,31120.15460205078,-1258.6446533203125,0.3112292539032122,-0.01258756716961598,249.9521628692628,1249760.8143463135,-0.004846667394526549,7,1473.6099853515625,0.10316188319274833,27.020414233398697,0,367.4100036621094,0.0,-42.62271477660215,-122,132.6999969482422,-0.1619084105364141,-55.86723411559797,21,219.78500366210938,0.046158960174049794,62.56681026612205
2026-08-31,2026-08-31T15:40:00-04:00,bar_close,101249.74192892763,100065.59732138368,31172.695541381836,-1184.1446075439453,0.3115226049294799,-0.011833683496045024,249.9521628692628,1249760.8143463135,-0.004105211696433186,7,1482.699951171875,0.10372095841159976,90.6501749755862,0,366.389892578125,0.0,-42.62271477660215,-122,132.61000061035156,-0.1616781442127625,-44.88768089294172,21,219.77980041503906,0.046123502305117706,62.457542077645485
2026-08-31,2026-08-31T15:40:00-04:00,open_before_orders,101249.74192892763,100064.14796530458,31169.95425415039,-1185.5939636230469,0.3114997218080346,-0.011848339167731982,249.9521628692628,1249760.8143463135,-0.004119636295938034,7,1482.4000244140625,0.10370147932000984,88.5506876708987,0,366.3299865722656,0.0,-42.62271477660215,-122,132.60470581054688,-0.1616740304878833,-44.24171531676984,21,219.77999877929688,0.04612421200014148,62.46170772705955
2026-08-31,2026-08-31T15:40:00-04:00,after_fill,110142.36319538271,100062.36908527529,22275.554107666016,-10079.994110107422,0.2226166970790219,-0.10073711228560894,251.73104289855968,1258655.2144927979,-0.004137340455985128,1,1482.4000244140625,0.014814760413584946,86.77180764160221,0,366.3299865722656,0.0,-42.62271477660215,-122,132.60470581054688,-0.1616769046823154,-44.24171531676984,21,219.77999877929688,0.04612503198312153,62.46170772705955
2026-08-31,2026-08-31T15:40:00-04:00,after_fill,110362.09923816225,100062.32512927553,22055.77410888672,-10299.774108886719,0.22042036381217164,-0.1029335875973292,251.77499889831554,1258874.9944915771,-0.004137777924528296,1,1482.4000244140625,0.014814766921504928,86.77180764160221,0,366.3299865722656,0.0,-42.62271477660215,-122,132.60470581054688,-0.16167697570475043,-44.24171531676984,20,219.77999877929688,0.0439286211859163,62.41775172730377
2026-08-31,2026-08-31T15:45:00-04:00,bar_close,110362.09923816225,100100.2008616974,22031.50311279297,-10261.898376464844,0.2200944945478442,-0.10251626158715814,251.77499889831554,1258874.9944915771,-0.0037608227518031168,1,1485.574462890625,0.014840873945329604,89.94624611816471,0,366.82501220703125,0.0,-42.62271477660215,-122,132.35000610351562,-0.16130537806750117,-13.168351058957342,20,219.96139526367188,0.04394824253501343,66.04568141480377
2026-08-31,2026-08-31T15:45:00-04:00,open_before_orders,110362.09923816225,100100.14867663881,22031.450927734375,-10261.950561523438,0.22009408796089067,-0.10251683636028758,251.77499889831554,1258874.9944915771,-0.0037613421193907204,1,1485.550048828125,0.014840637785933877,89.92183205566471,0,366.82501220703125,0.0,-42.62271477660215,-122,132.35000610351562,-0.1613054621605891,-13.168351058957342,20,219.9600067138672,0.04394798801436767,66.01791041871002
2026-08-31,2026-08-31T15:45:00-04:00,after_fill,111847.35217698061,100099.85156662905,20545.90087890625,-11747.500610351562,0.20525405939518668,-0.1173578224792084,252.07210890808116,1260360.5445404053,-0.003764299082804734,0,1485.550048828125,0.0,89.62472204589903,0,366.82501220703125,0.0,-42.62271477660215,-122,132.35000610351562,-0.16130594093719755,-13.168351058957342,20,219.9600067138672,0.04394811845798915,66.01791041871002
2026-08-31,2026-08-31T15:45:00-04:00,after_fill,116245.6724712311,100098.97172660219,16146.700744628906,-16146.700744628906,0.1613073587681798,-0.1613073587681798,252.95194893493664,1264759.7446746826,-0.003773055619723853,0,1485.550048828125,0.0,89.62472204589903,0,366.82501220703125,0.0,-42.62271477660215,-122,132.35000610351562,-0.1613073587681798,-13.168351058957342,0,219.9600067138672,0.0,65.13807039185485
2026-08-31,2026-08-31T15:50:00-04:00,bar_close,116245.6724712311,100022.11299247133,16223.559478759766,-16223.559478759766,0.16219972757405068,-0.16219972757405068,252.95194893493664,1264759.7446746826,-0.004537985973466663,0,1489.6199951171875,0.0,89.62472204589903,0,366.6000061035156,0.0,-42.62271477660215,-122,132.97999572753906,-0.16219972757405068,-90.02708518981672,0,219.52000427246094,0.0,65.13807039185485
2026-08-31,2026-08-31T15:50:00-04:00,open_before_orders,116245.6724712311,100022.11299247133,16223.559478759766,-16223.559478759766,0.16219972757405068,-0.16219972757405068,252.95194893493664,1264759.7446746826,-0.004537985973466663,0,1489.9599609375,0.0,89.62472204589903,0,366.6700134277344,0.0,-42.62271477660215,-122,132.97999572753906,-0.16219972757405068,-90.02708518981672,0,219.52999877929688,0.0,65.13807039185485
2026-08-31,2026-08-31T15:50:00-04:00,after_fill,100018.86828057558,100018.86828057558,0.0,0.0,0.0,0.0,256.1966608306886,1280983.3041534424,-0.004570278706963804,0,1489.9599609375,0.0,89.62472204589903,0,366.6700134277344,0.0,-42.62271477660215,0,132.97999572753906,0.0,-93.27179708557014,0,219.52999877929688,0.0,65.13807039185485
2026-08-31,2026-08-31T15:55:00-04:00,bar_close,100018.86828057558,100018.86828057558,0.0,0.0,0.0,0.0,256.1966608306886,1280983.3041534424,-0.004570278706963804,0,1545.7900390625,0.0,89.62472204589903,0,368.7250061035156,0.0,-42.62271477660215,0,132.96499633789062,0.0,-93.27179708557014,0,220.72999572753906,0.0,65.13807039185485
2026-08-31,2026-08-31T15:55:00-04:00,open_before_orders,100018.86828057558,100018.86828057558,0.0,0.0,0.0,0.0,256.1966608306886,1280983.3041534424,-0.004570278706963804,0,1545.8199462890625,0.0,89.62472204589903,0,368.7099914550781,0.0,-42.62271477660215,0,132.76499938964844,0.0,-93.27179708557014,0,220.72999572753906,0.0,65.13807039185485
2026-08-31,2026-08-31T16:00:00-04:00,bar_close,100018.86828057558,100018.86828057558,0.0,0.0,0.0,0.0,256.1966608306886,1280983.3041534424,-0.004570278706963804,0,1569.6099853515625,0.0,89.62472204589903,0,367.9200134277344,0.0,-42.62271477660215,0,132.9499969482422,0.0,-93.27179708557014,0,220.8800048828125,0.0,65.13807039185485
2026-09-01,2026-09-01T09:30:00-04:00,open_before_orders,100018.86828057558,100018.86828057558,0.0,0.0,0.0,0.0,256.1966608306886,1280983.3041534424,-0.004570278706963804,0,1526.530029296875,0.0,89.62472204589903,0,360.8550109863281,0.0,-42.62271477660215,0,128.0,0.0,-93.27179708557014,0,216.61000061035156,0.0,65.13807039185485
2026-09-01,2026-09-01T09:35:00-04:00,bar_close,100018.86828057558,100018.86828057558,0.0,0.0,0.0,0.0,256.1966608306886,1280983.3041534424,-0.004570278706963804,0,1543.2349853515625,0.0,89.62472204589903,0,356.135009765625,0.0,-42.62271477660215,0,126.26000213623047,0.0,-93.27179708557014,0,215.66000366210938,0.0,65.13807039185485
2026-09-01,2026-09-01T09:35:00-04:00,open_before_orders,100018.86828057558,100018.86828057558,0.0,0.0,0.0,0.0,256.1966608306886,1280983.3041534424,-0.004570278706963804,0,1543.22998046875,0.0,89.62472204589903,0,356.0799865722656,0.0,-42.62271477660215,0,126.1500015258789,0.0,-93.27179708557014,0,215.6300048828125,0.0,65.13807039185485
2026-09-01,2026-09-01T09:35:00-04:00,after_fill,98475.32965411074,100018.55963457949,1543.22998046875,1543.22998046875,0.015429436157718952,0.015429436157718952,256.5053068267823,1282526.5341339111,-0.004573350481351435,1,1543.22998046875,0.015429436157718952,89.31607604980536,0,356.0799865722656,0.0,-42.62271477660215,0,126.1500015258789,0.0,-93.27179708557014,0,215.6300048828125,0.0,65.13807039185485
2026-09-01,2026-09-01T09:35:00-04:00,after_fill,67940.9236247742,100012.45397450564,32071.530349731445,32071.530349731445,0.3206753666689036,0.3206753666689036,262.6109669006349,1313054.8345031738,-0.004634116570891411,1,1543.22998046875,0.01543037810933164,89.31607604980536,0,356.0799865722656,0.0,-42.62271477660215,242,126.1500015258789,0.305244988559572,-99.37745715942219,0,215.6300048828125,0.0,65.13807039185485
2026-09-01,2026-09-01T09:40:00-04:00,bar_close,67940.9236247742,99725.77840687869,31784.854782104492,31784.854782104492,0.3187225538859479,0.3187225538859479,262.6109669006349,1313054.8345031738,-0.007487232040903624,1,1540.9051513671875,0.015451422651025424,86.99124694824286,0,354.260009765625,0.0,-42.62271477660215,242,124.9749984741211,0.3032711312349225,-383.7281956848128,0,216.2949981689453,0.0,65.13807039185485
2026-09-01,2026-09-01T09:40:00-04:00,open_before_orders,67940.9236247742,99741.47986867068,31800.556243896484,31800.556243896484,0.3188298016609357,0.3188298016609357,262.6109669006349,1313054.8345031738,-0.00733096450854509,1,1540.9000244140625,0.015448938861173517,86.98611999511786,0,354.3399963378906,0.0,-42.62271477660215,242,125.03990173339844,0.3033808627997622,-368.02160693969563,0,216.30780029296875,0.0,65.13807039185485
2026-09-01,2026-09-01T09:40:00-04:00,after_fill,69481.51546918337,99741.1716886658,30259.656219482422,30259.656219482422,0.3033818001851387,0.3033818001851387,262.91914690551766,1314595.734527588,-0.007334031645192862,0,1540.9000244140625,0.0,86.67793999023502,0,354.3399963378906,0.0,-42.62271477660215,242,125.03990173339844,0.3033818001851387,-368.02160693969563,0,216.30780029296875,0.0,65.13807039185485
2026-09-01,2026-09-01T09:40:00-04:00,after_fill,99735.1197574219,99735.1197574219,0.0,0.0,0.0,0.0,268.97107814941415,1344855.3907470703,-0.00739426300288526,0,1540.9000244140625,0.0,86.67793999023502,0,354.3399963378906,0.0,-42.62271477660215,0,125.03990173339844,0.0,-374.07353818359115,0,216.30780029296875,0.0,65.13807039185485
2026-09-01,2026-09-01T09:45:00-04:00,bar_close,99735.1197574219,99735.1197574219,0.0,0.0,0.0,0.0,268.97107814941415,1344855.3907470703,-0.00739426300288526,0,1535.6700439453125,0.0,86.67793999023502,0,355.010009765625,0.0,-42.62271477660215,0,127.18499755859375,0.0,-374.07353818359115,0,215.64990234375,0.0,65.13807039185485
2026-09-01,2026-09-01T09:45:00-04:00,open_before_orders,99735.1197574219,99735.1197574219,0.0,0.0,0.0,0.0,268.97107814941415,1344855.3907470703,-0.00739426300288526,0,1537.5899658203125,0.0,86.67793999023502,0,354.9700012207031,0.0,-42.62271477660215,0,127.30000305175781,0.0,-374.07353818359115,0,215.6300048828125,0.0,65.13807039185485
2026-09-01,2026-09-01T09:45:00-04:00,after_fill,29960.766004724137,99721.16767708742,69760.40167236328,69760.40167236328,0.6995546010678321,0.6995546010678321,282.9231584838868,1414615.7924194336,-0.007533119957353507,0,1537.5899658203125,0.0,86.67793999023502,0,354.9700012207031,0.0,-42.62271477660215,548,127.30000305175781,0.6995546010678321,-388.0256185180624,0,215.6300048828125,0.0,65.13807039185485
2026-09-01,2026-09-01T09:50:00-04:00,bar_close,29960.766004724137,100444.52332894289,70483.75732421875,70483.75732421875,0.7017182718204905,0.7017182718204905,282.9231584838868,1414615.7924194336,-0.0003339811618382482,0,1542.6673583984375,0.0,86.67793999023502,0,358.19500732421875,0.0,-42.62271477660215,548,128.6199951171875,0.7017182718204905,335.33003333740635,0,216.36000061035156,0.0,65.13807039185485
2026-09-01,2026-09-01T09:50:00-04:00,open_before_orders,29960.766004724137,100422.6070081421,70461.84100341797,70461.84100341797,0.701653174545698,0.701653174545698,282.9231584838868,1414615.7924194336,-0.0005521015773310989,0,1543.155029296875,0.0,86.67793999023502,0,358.239990234375,0.0,-42.62271477660215,548,128.5800018310547,0.701653174545698,313.4137125366251,0,216.35499572753906,0.0,65.13807039185485
2026-09-01,2026-09-01T09:50:00-04:00,after_fill,30217.874576385515,100422.55557614137,70204.68099975586,70204.68099975586,0.6990927545806777,0.6990927545806777,282.9745904846192,1414872.9524230957,-0.0005526134501711022,0,1543.155029296875,0.0,86.67793999023502,0,358.239990234375,0.0,-42.62271477660215,546,128.5800018310547,0.6990927545806777,313.36228053589,0,216.35499572753906,0.0,65.13807039185485
2026-09-01,2026-09-01T09:55:00-04:00,bar_close,30217.874576385515,100217.80557614137,69999.93099975586,69999.93099975586,0.6984779859959395,0.6984779859959395,282.9745904846192,1414872.9524230957,-0.002590371314647233,0,1541.699951171875,0.0,86.67793999023502,0,358.30999755859375,0.0,-42.62271477660215,546,128.2050018310547,0.6984779859959395,108.61228053589002,0,216.83999633789062,0.0,65.13807039185485
2026-09-01,2026-09-01T09:55:00-04:00,open_before_orders,30217.874576385515,100187.77124386598,69969.89666748047,69969.89666748047,0.6983875955995417,0.6983875955995417,282.9745904846192,1414872.9524230957,-0.002889285584725232,0,1542.77001953125,0.0,86.67793999023502,0,358.34991455078125,0.0,-42.62271477660215,546,128.14999389648438,0.6983875955995417,78.5779482604994,0,216.8300018310547,0.0,65.13807039185485
2026-09-01,2026-09-01T09:55:00-04:00,after_fill,100173.77726453249,100173.77726453249,0.0,0.0,0.0,0.0,296.9685698181153,1484842.8490905762,-0.0030285595356026596,0,1542.77001953125,0.0,86.67793999023502,0,358.34991455078125,0.0,-42.62271477660215,0,128.14999389648438,0.0,64.58396892700694,0,216.8300018310547,0.0,65.13807039185485
2026-09-01,2026-09-01T09:55:00-04:00,after_fill,30281.56828046267,100159.80161786501,69878.23333740234,69878.23333740234,0.697667449502401,0.697667449502401,310.9442164855958,1554721.0824279785,-0.0031676510320997053,0,1542.77001953125,0.0,86.67793999023502,195,358.34991455078125,0.697667449502401,-56.598361444077455,0,128.14999389648438,0.0,64.58396892700694,0,216.8300018310547,0.0,65.13807039185485
2026-09-01,2026-09-01T10:00:00-04:00,bar_close,30281.56828046267,100247.56590009158,69965.9976196289,69965.9976196289,0.6979321342261637,0.6979321342261637,310.9442164855958,1554721.0824279785,-0.002294184090330331,0,1539.010009765625,0.0,86.67793999023502,195,358.79998779296875,0.6979321342261637,31.165920782485045,0,128.22999572753906,0.0,64.58396892700694,0,216.94000244140625,0.0,65.13807039185485
2026-09-01,2026-09-01T10:00:00-04:00,open_before_orders,30281.56828046267,100257.31947064822,69975.75119018555,69975.75119018555,0.6979615210106626,0.6979615210106626,310.9442164855958,1554721.0824279785,-0.0021971124658687335,0,1540.1199951171875,0.0,86.67793999023502,195,358.8500061035156,0.6979615210106626,40.91949133912567,0,128.3000030517578,0.0,64.58396892700694,0,216.97000122070312,0.0,65.13807039185485
2026-09-01,2026-09-01T10:05:00-04:00,bar_close,30281.56828046267,100191.02018475955,69909.45190429688,69909.45190429688,0.6977616534433799,0.6977616534433799,310.9442164855958,1554721.0824279785,-0.002856950762468391,0,1542.72998046875,0.0,86.67793999023502,195,358.510009765625,0.6977616534433799,-25.379794549546205,0,129.14999389648438,0.0,64.58396892700694,0,217.07479858398438,0.0,65.13807039185485
2026-09-01,2026-09-01T10:05:00-04:00,open_before_orders,30281.56828046267,100191.99613690798,69910.42785644531,69910.42785644531,0.6977645974925559,0.6977645974925559,310.9442164855958,1554721.0824279785,-0.0028472376774094643,0,1542.8599853515625,0.0,86.67793999023502,195,358.5150146484375,0.6977645974925559,-24.403842401108705,0,129.14999389648438,0.0,64.58396892700694,0,217.08999633789062,0.0,65.13807039185485
2026-09-01,2026-09-01T10:10:00-04:00,bar_close,30281.56828046267,100331.42042279665,70049.85214233398,70049.85214233398,0.6981845950864034,0.6981845950864034,310.9442164855958,1554721.0824279785,-0.0014596287149253317,0,1535.5,0.0,86.67793999023502,195,359.2300109863281,0.6981845950864034,115.02044348756317,0,129.5301055908203,0.0,64.58396892700694,0,217.8000030517578,0.0,65.13807039185485
2026-09-01,2026-09-01T10:10:00-04:00,open_before_orders,30281.56828046267,100332.39042401736,70050.82214355469,70050.82214355469,0.6981875130006477,0.6981875130006477,310.9442164855958,1554721.0824279785,-0.00144997485599474,0,1535.9849853515625,0.0,86.67793999023502,195,359.2349853515625,0.6981875130006477,115.9904447082663,0,129.57000732421875,0.0,64.58396892700694,0,217.8000030517578,0.0,65.13807039185485
2026-09-01,2026-09-01T10:15:00-04:00,bar_close,30281.56828046267,100304.09971356814,70022.53143310547,70022.53143310547,0.6981023869718609,0.6981023869718609,310.9442164855958,1554721.0824279785,-0.0017315358704490524,0,1535.06005859375,0.0,86.67793999023502,195,359.08990478515625,0.6981023869718609,87.69973425904755,0,129.2021942138672,0.0,64.58396892700694,0,217.88499450683594,0.0,65.13807039185485
2026-09-01,2026-09-01T10:15:00-04:00,open_before_orders,30281.56828046267,100292.41804242556,70010.84976196289,70010.84976196289,0.6980672231109932,0.6980672231109932,310.9442164855958,1554721.0824279785,-0.0018477967605150525,0,1534.6199951171875,0.0,86.67793999023502,195,359.0299987792969,0.6980672231109932,76.01806311646942,0,129.22000122070312,0.0,64.58396892700694,0,217.872802734375,0.0,65.13807039185485
2026-09-01,2026-09-01T10:20:00-04:00,bar_close,30281.56828046267,100237.81828046267,69956.25,69956.25,0.6979027596576806,0.6979027596576806,310.9442164855958,1554721.0824279785,-0.002391196488663594,0,1532.35009765625,0.0,86.67793999023502,195,358.75,0.6979027596576806,21.418301153578795,0,129.31500244140625,0.0,64.58396892700694,0,217.8350067138672,0.0,65.13807039185485
2026-09-01,2026-09-01T10:20:00-04:00,open_before_orders,30281.56828046267,100243.66804242556,69962.09976196289,69962.09976196289,0.6979203886708657,0.6979203886708657,310.9442164855958,1554721.0824279785,-0.002332977204437925,0,1532.3499755859375,0.0,86.67793999023502,195,358.7799987792969,0.6979203886708657,27.26806311646942,0,129.27000427246094,0.0,64.58396892700694,0,217.83999633789062,0.0,65.13807039185485
2026-09-01,2026-09-01T10:25:00-04:00,bar_close,30281.56828046267,100170.54304242556,69888.97476196289,69888.97476196289,0.6976998690359758,0.6976998690359758,310.9442164855958,1554721.0824279785,-0.003060747870322289,0,1535.0,0.0,86.67793999023502,195,358.4049987792969,0.6976998690359758,-45.85693688353058,0,129.10499572753906,0.0,64.58396892700694,0,217.74000549316406,0.0,65.13807039185485
2026-09-01,2026-09-01T10:25:00-04:00,open_before_orders,30281.56828046267,100170.54304242556,69888.97476196289,69888.97476196289,0.6976998690359758,0.6976998690359758,310.9442164855958,1554721.0824279785,-0.003060747870322289,0,1535.1650390625,0.0,86.67793999023502,195,358.4049987792969,0.6976998690359758,-45.85693688353058,0,129.19940185546875,0.0,64.58396892700694,0,217.7449951171875,0.0,65.13807039185485
2026-09-01,2026-09-01T10:25:00-04:00,after_fill,100156.56524747316,100156.56524747316,0.0,0.0,0.0,0.0,324.9220114379884,1624610.0571899414,-0.0031998607474519325,0,1535.1650390625,0.0,86.67793999023502,0,358.4049987792969,0.0,-59.83473183593014,0,129.19940185546875,0.0,64.58396892700694,0,217.7449951171875,0.0,65.13807039185485
2026-09-01,2026-09-01T10:30:00-04:00,bar_close,100156.56524747316,100156.56524747316,0.0,0.0,0.0,0.0,324.9220114379884,1624610.0571899414,-0.0031998607474519325,0,1536.64501953125,0.0,86.67793999023502,0,358.3599853515625,0.0,-59.83473183593014,0,128.61000061035156,0.0,64.58396892700694,0,217.61000061035156,0.0,65.13807039185485
2026-09-01,2026-09-01T10:30:00-04:00,open_before_orders,100156.56524747316,100156.56524747316,0.0,0.0,0.0,0.0,324.9220114379884,1624610.0571899414,-0.0031998607474519325,0,1536.64501953125,0.0,86.67793999023502,0,358.4049987792969,0.0,-59.83473183593014,0,128.61000061035156,0.0,64.58396892700694,0,217.61000061035156,0.0,65.13807039185485
2026-09-01,2026-09-01T10:35:00-04:00,bar_close,100156.56524747316,100156.56524747316,0.0,0.0,0.0,0.0,324.9220114379884,1624610.0571899414,-0.0031998607474519325,0,1544.1099853515625,0.0,86.67793999023502,0,358.9700012207031,0.0,-59.83473183593014,0,129.0,0.0,64.58396892700694,0,217.9199981689453,0.0,65.13807039185485
2026-09-01,2026-09-01T10:35:00-04:00,open_before_orders,100156.56524747316,100156.56524747316,0.0,0.0,0.0,0.0,324.9220114379884,1624610.0571899414,-0.0031998607474519325,0,1544.300048828125,0.0,86.67793999023502,0,358.9700012207031,0.0,-59.83473183593014,0,129.0699005126953,0.0,64.58396892700694,0,217.9001007080078,0.0,65.13807039185485
2026-09-01,2026-09-01T10:35:00-04:00,after_fill,64630.56034420168,100149.46146724856,35518.901123046875,35518.901123046875,0.354658932785799,0.354658932785799,332.0257916625977,1660128.9583129883,-0.003270560547306234,23,1544.300048828125,0.354658932785799,79.57415976563061,0,358.9700012207031,0.0,-59.83473183593014,0,129.0699005126953,0.0,64.58396892700694,0,217.9001007080078,0.0,65.13807039185485
2026-09-01,2026-09-01T10:35:00-04:00,after_fill,123451.82092992555,100137.69486181032,94351.92831420898,-23314.126068115234,0.9422218920099402,-0.23282067856953018,343.79239710083016,1718961.9855041504,-0.0033876667391009585,23,1544.300048828125,0.354700606720205,79.57415976563061,0,358.9700012207031,0.0,-59.83473183593014,0,129.0699005126953,0.0,64.58396892700694,-270,217.9001007080078,-0.5875212852897351,53.37146495361958
2026-09-01,2026-09-01T10:40:00-04:00,bar_close,123451.82092992555,100271.72016088259,94391.40252685547,-23180.10076904297,0.9413561707668688,-0.23117286441133433,343.79239710083016,1718961.9855041504,-0.0020537907575465253,23,1548.07177734375,0.35509165317776725,166.3239156250056,0,358.6549987792969,0.0,-59.83473183593014,0,128.82000732421875,0.0,64.58396892700694,-270,217.72500610351562,-0.5862645175891016,100.6470081665102
2026-09-01,2026-09-01T10:40:00-04:00,open_before_orders,123451.82092992555,100296.18250219118,94416.0791015625,-23155.638427734375,0.9413726100641945,-0.23087258009275172,343.79239710083016,1718961.9855041504,-0.0018103312782542513,23,1549.1400146484375,0.3552500149857214,190.8933736328181,0,358.70001220703125,0.0,-59.83473183593014,0,128.7899932861328,0.0,64.58396892700694,-270,217.72540283203125,-0.5861225950784731,100.53989146729145
2026-09-01,2026-09-01T10:45:00-04:00,bar_close,123451.82092992555,100274.80075780641,94551.07949829102,-23177.02017211914,0.9429196446538957,-0.2311350408773044,343.79239710083016,1718961.9855041504,-0.002023131365073705,23,1551.6099853515625,0.3558923018882956,247.7026998046931,0,359.1960144042969,0.0,-59.83473183593014,0,129.32000732421875,0.0,64.58396892700694,-270,218.01499938964844,-0.5870273427656001,22.34882091065083
2026-09-01,2026-09-01T10:45:00-04:00,open_before_orders,123451.82092992555,100279.49103490602,94563.86944580078,-23172.32989501953,0.9430030853754962,-0.23107745817091888,343.79239710083016,1718961.9855041504,-0.001976451760451914,23,1551.989990234375,0.3559628136022886,256.4428121093806,0,359.20001220703125,0.0,-59.83473183593014,0,129.36000061035156,0.0,64.58396892700694,-270,218.02999877929688,-0.5870402717732075,18.298985705572704
2026-09-01,2026-09-01T10:45:00-04:00,after_fill,145175.33522123416,100275.14546293337,72836.00958251953,-44900.18975830078,0.7263615449896635,-0.44776987907634697,348.13796907348643,1740689.8453674316,-0.0020197007150937196,9,1551.989990234375,0.13929583295665826,252.0972401367253,0,359.20001220703125,0.0,-59.83473183593014,0,129.36000061035156,0.0,64.58396892700694,-270,218.02999877929688,-0.5870657120330053,18.298985705572704
2026-09-01,2026-09-01T10:50:00-04:00,bar_close,145175.33522123416,100435.52415556033,72855.99124145508,-44739.81106567383,0.7254006175007512,-0.44545803331875117,348.13796907348643,1740689.8453674316,-0.0004235447092574285,9,1562.010009765625,0.13997129209100004,342.2774159179753,0,358.54998779296875,0.0,-59.83473183593014,0,129.0,0.0,64.58396892700694,-270,217.77000427246094,-0.5854293254097512,88.49750255127583
2026-09-01,2026-09-01T10:50:00-04:00,open_before_orders,145175.33522123416,100442.68174833377,72857.74356079102,-44732.65347290039,0.7253663710746119,-0.4453550292990107,348.13796907348643,1740689.8453674316,-0.0003523093443500436,9,1562.5050048828125,0.14000567088780058,346.7323719726628,0,358.510009765625,0.0,-59.83473183593014,0,129.0,0.0,64.58396892700694,-270,217.75999450683594,-0.5853607001868113,91.20013927002583
2026-09-01,2026-09-01T10:55:00-04:00,bar_close,145175.33522123416,100399.83946317752,72820.30654907227,-44775.49575805664,0.725303017797949,-0.44597178638396556,348.13796907348643,1740689.8453674316,-0.0007786937326738075,9,1558.0450439453125,0.1396656157069917,306.5927235351628,0,358.0299987792969,0.0,-59.83473183593014,0,128.62030029296875,0.0,64.58396892700694,-270,217.77000427246094,-0.5856374020909573,88.49750255127583
2026-09-01,2026-09-01T10:55:00-04:00,open_before_orders,145175.33522123416,100399.61424345095,72820.0813293457,-44775.7209777832,0.7253024015886171,-0.4459750300355752,348.13796907348643,1740689.8453674316,-0.0007809352138412606,9,1558.02001953125,0.13966368577652094,306.3675038086003,0,358.0127868652344,0.0,-59.83473183593014,0,128.6199951171875,0.0,64.58396892700694,-270,217.77000427246094,-0.5856387158120961,88.49750255127583
2026-09-01,2026-09-01T10:55:00-04:00,after_fill,135825.3454800232,100397.74461942751,82168.2014465332,-35427.6008605957,0.8184267660394555,-0.352872477314,350.0075930969239,1750037.9654846191,-0.000799542496172756,15,1558.02001953125,0.23277714436272773,304.4978797851618,0,358.0127868652344,0.0,-59.83473183593014,0,128.6199951171875,0.0,64.58396892700694,-270,217.77000427246094,-0.5856496216767277,88.49750255127583
2026-09-01,2026-09-01T11:00:00-04:00,bar_close,135825.3454800232,100449.49709135134,82373.84765625,-35375.848388671875,0.8200523650341138,-0.35217546541323325,350.0075930969239,1750037.9654846191,-0.0002844801925397933,15,1566.5999755859375,0.2339384498104403,433.1972206054743,0,357.6499938964844,0.0,-59.83473183593014,0,128.22000122070312,0.0,64.58396892700694,-270,218.05499267578125,-0.5861139152236735,11.550633654791454
2026-09-01,2026-09-01T11:00:00-04:00,open_before_orders,135825.3454800232,100441.39604765017,82360.34957885742,-35383.94943237305,0.8199841182990432,-0.35228452435673663,350.0075930969239,1750037.9654846191,-0.0003651051767279423,15,1565.8800048828125,0.23384979697115327,422.3976600585993,0,357.635009765625,0.0,-59.83473183593014,0,128.22999572753906,0.0,64.58396892700694,-270,218.0449981689453,-0.5861343213278899,14.24915050049458
2026-09-01,2026-09-01T11:00:00-04:00,after_fill,145218.74645331423,100439.51699164431,72965.06954956055,-44779.22946166992,0.7264577900711191,-0.4458327837776755,351.8866491027833,1759433.245513916,-0.0003838063301038197,9,1565.8800048828125,0.14031250314672183,420.51860405274056,0,357.635009765625,0.0,-59.83473183593014,0,128.22999572753906,0.0,64.58396892700694,-270,218.0449981689453,-0.5861452869243973,14.24915050049458
2026-09-01,2026-09-01T11:05:00-04:00,bar_close,145218.74645331423,100331.47277167361,73100.02368164062,-44887.273681640625,0.7285851753416981,-0.4473897615735345,351.8866491027833,1759433.245513916,-0.0014591077169487932,9,1567.375,0.1405977068840818,433.97356010742806,0,358.0801086425781,0.0,-59.83473183593014,0,127.72480010986328,0.0,64.58396892700694,-270,218.4949951171875,-0.5879874684576163,-107.25002552489605
2026-09-01,2026-09-01T11:05:00-04:00,open_before_orders,145218.74645331423,100332.77492621462,73098.63143920898,-44885.97152709961,0.7285618432557676,-0.44737097683293464,351.8866491027833,1759433.245513916,-0.0014461481288817746,9,1567.3699951171875,0.14059543321141646,433.92851616211556,0,358.114990234375,0.0,-59.83473183593014,0,127.72000122070312,0.0,64.58396892700694,-270,218.49000549316406,-0.5879664100443511,-105.90282703856792
2026-09-01,2026-09-01T11:10:00-04:00,bar_close,145218.74645331423,100448.06490424197,72860.22207641602,-44770.681549072266,0.7253521722481594,-0.44570974654168355,351.8866491027833,1759433.245513916,-0.000298733919257832,9,1560.530029296875,0.13982121285323793,372.36882377930306,0,358.3500061035156,0.0,-59.83473183593014,0,127.5999984741211,0.0,64.58396892700694,-270,217.8350067138672,-0.5855309593949215,70.94684337158833
2026-09-01,2026-09-01T11:10:00-04:00,open_before_orders,145218.74645331423,100442.91973212283,72857.77130126953,-44775.826721191406,0.7253649286139654,-0.445783802786764,351.8866491027833,1759433.245513916,-0.00034994082987982456,9,1560.1080322265625,0.1397905629136007,368.57085014649056,0,358.3500061035156,0.0,-59.83473183593014,0,127.58999633789062,0.0,64.58396892700694,-270,217.83999633789062,-0.5855743657003647,69.5996448852602
2026-09-01,2026-09-01T11:15:00-04:00,bar_close,145218.74645331423,100383.17498114627,72870.93182373047,-44835.57147216797,0.7259277447382683,-0.4466442855646764,351.8866491027833,1759433.245513916,-0.0009445456463079704,9,1557.52001953125,0.13964172958679597,345.27873588867806,0,359.010009765625,0.0,-59.83473183593014,0,127.20500183105469,0.0,64.58396892700694,-270,217.97500610351562,-0.5862860151514724,33.147008166510204
2026-09-01,2026-09-01T11:15:00-04:00,open_before_orders,145218.74645331423,100383.17607977908,72870.93292236328,-44835.570373535156,0.7259277477378224,-0.44664426973203447,351.8866491027833,1759433.245513916,-0.0009445347122535308,9,1557.5201416015625,0.139641739002894,345.27983452149056,0,359.031005859375,0.0,-59.83473183593014,0,127.18000030517578,0.0,64.58396892700694,-270,217.97500610351562,-0.5862860087349284,33.147008166510204
2026-09-01,2026-09-01T11:15:00-04:00,after_fill,159233.6241914734,100380.3725435242,58853.25164794922,-58853.25164794922,0.5863023831918026,-0.5863023831918026,354.6901853576661,1773450.92678833,-0.0009724366807600804,0,1557.5201416015625,0.0,342.47629826660705,0,359.031005859375,0.0,-59.83473183593014,0,127.18000030517578,0.0,64.58396892700694,-270,217.97500610351562,-0.5863023831918026,33.147008166510204
2026-09-01,2026-09-01T11:15:00-04:00,after_fill,159015.60559036868,100380.32894852298,58635.2766418457,-58635.2766418457,0.5841311465707094,-0.5841311465707094,354.7337803588868,1773668.9017944336,-0.0009728705564943096,0,1557.5201416015625,0.0,342.47629826660705,0,359.031005859375,0.0,-59.83473183593014,0,127.18000030517578,0.0,64.58396892700694,-269,217.97500610351562,-0.5841311465707094,33.103413165292295
2026-09-01,2026-09-01T11:20:00-04:00,bar_close,159015.60559036868,100330.56460526126,58685.04098510742,-58685.04098510742,0.584916881670075,-0.584916881670075,354.7337803588868,1773668.9017944336,-0.0014681461699354026,0,1553.3900146484375,0.0,342.47629826660705,0,358.55999755859375,0.0,-59.83473183593014,0,127.58000183105469,0.0,64.58396892700694,-269,218.16000366210938,-0.584916881670075,-16.660930096426455
2026-09-01,2026-09-01T11:20:00-04:00,open_before_orders,159015.60559036868,100330.56460526126,58685.04098510742,-58685.04098510742,0.584916881670075,-0.584916881670075,354.7337803588868,1773668.9017944336,-0.0014681461699354026,0,1553.5,0.0,342.47629826660705,0,358.5675048828125,0.0,-59.83473183593014,0,127.59500122070312,0.0,64.58396892700694,-269,218.16000366210938,-0.584916881670075,-16.660930096426455
2026-09-01,2026-09-01T11:25:00-04:00,bar_close,159015.60559036868,100225.65476944583,58789.95082092285,-58789.95082092285,0.5865758717781427,-0.5865758717781427,354.7337803588868,1773668.9017944336,-0.0025122528512238063,0,1560.52001953125,0.0,342.47629826660705,0,359.05999755859375,0.0,-59.83473183593014,0,127.7699966430664,0.0,64.58396892700694,-269,218.5500030517578,-0.5865758717781427,-121.57076591185614
2026-09-01,2026-09-01T11:25:00-04:00,open_before_orders,159015.60559036868,100228.34739639895,58787.25819396973,-58787.25819396973,0.5865332485376473,-0.5865332485376473,354.7337803588868,1773668.9017944336,-0.0024854546985995096,0,1560.52001953125,0.0,342.47629826660705,0,359.07000732421875,0.0,-59.83473183593014,0,127.80999755859375,0.0,64.58396892700694,-269,218.5399932861328,-0.5865332485376473,-118.87813895873114
2026-09-01,2026-09-01T11:30:00-04:00,bar_close,159015.60559036868,100158.40476944583,58857.20082092285,-58857.20082092285,0.5876411565899634,-0.5876411565899634,354.7337803588868,1773668.9017944336,-0.0031815530533533254,0,1567.199951171875,0.0,342.47629826660705,0,359.4700012207031,0.0,-59.83473183593014,0,127.77999877929688,0.0,64.58396892700694,-269,218.8000030517578,-0.5876411565899634,-188.82076591185614
2026-09-01,2026-09-01T11:30:00-04:00,open_before_orders,159015.60559036868,100158.40476944583,58857.20082092285,-58857.20082092285,0.5876411565899634,-0.5876411565899634,354.7337803588868,1773668.9017944336,-0.0031815530533533254,0,1566.949951171875,0.0,342.47629826660705,0,359.489990234375,0.0,-59.83473183593014,0,127.76000213623047,0.0,64.58396892700694,-269,218.8000030517578,-0.5876411565899634,-188.82076591185614
2026-09-01,2026-09-01T11:30:00-04:00,after_fill,150918.38635743107,100156.78564942325,50761.60070800781,-50761.60070800781,0.5068213838819429,-0.5068213838819429,356.3529003814698,1781764.5019073486,-0.003197667214816291,0,1566.949951171875,0.0,342.47629826660705,0,359.489990234375,0.0,-59.83473183593014,0,127.76000213623047,0.0,64.58396892700694,-232,218.8000030517578,-0.5068213838819429,-190.43988593443646
2026-09-01,2026-09-01T11:35:00-04:00,bar_close,150918.38635743107,100154.46692383732,50763.91943359375,-50763.91943359375,0.5068562690488612,-0.5068562690488612,356.3529003814698,1781764.5019073486,-0.0032207441442341223,0,1569.8499755859375,0.0,342.47629826660705,0,359.92999267578125,0.0,-59.83473183593014,0,127.69000244140625,0.0,64.58396892700694,-232,218.80999755859375,-0.5068562690488612,-192.75861152037396
2026-09-01,2026-09-01T11:35:00-04:00,open_before_orders,150918.38635743107,100154.46692383732,50763.91943359375,-50763.91943359375,0.5068562690488612,-0.5068562690488612,356.3529003814698,1781764.5019073486,-0.0032207441442341223,0,1570.3499755859375,0.0,342.47629826660705,0,359.9599914550781,0.0,-59.83473183593014,0,127.6500015258789,0.0,64.58396892700694,-232,218.80999755859375,-0.5068562690488612,-192.75861152037396
2026-09-01,2026-09-01T11:35:00-04:00,after_fill,136474.0382265961,100151.57863186955,36322.45959472656,-36322.45959472656,0.3626748583588305,-0.3626748583588305,359.24119234924325,1796205.9617462158,-0.0032494896371387805,0,1570.3499755859375,0.0,342.47629826660705,0,359.9599914550781,0.0,-59.83473183593014,0,127.6500015258789,0.0,64.58396892700694,-166,218.80999755859375,-0.3626748583588305,-195.64690348814474
2026-09-01,2026-09-01T11:40:00-04:00,bar_close,136474.0382265961,100042.84883450627,36431.189392089844,-36431.189392089844,0.3641558573802247,-0.3641558573802247,359.24119234924325,1796205.9617462158,-0.004331614177700116,0,1579.1600341796875,0.0,342.47629826660705,0,359.614990234375,0.0,-59.83473183593014,0,127.81999969482422,0.0,64.58396892700694,-166,219.46499633789062,-0.3641558573802247,-304.376700851426
2026-09-01,2026-09-01T11:40:00-04:00,open_before_orders,136474.0382265961,100042.84883450627,36431.189392089844,-36431.189392089844,0.3641558573802247,-0.3641558573802247,359.24119234924325,1796205.9617462158,-0.004331614177700116,0,1578.9300537109375,0.0,342.47629826660705,0,359.614990234375,0.0,-59.83473183593014,0,127.875,0.0,64.58396892700694,-166,219.46499633789062,-0.3641558573802247,-304.376700851426
2026-09-01,2026-09-01T11:45:00-04:00,bar_close,136474.0382265961,100038.69731473087,36435.340911865234,-36435.340911865234,0.3642124686733607,-0.3642124686733607,359.24119234924325,1796205.9617462158,-0.004372931843496519,0,1596.2650146484375,0.0,342.47629826660705,0,358.5553894042969,0.0,-59.83473183593014,0,128.35000610351562,0.0,64.58396892700694,-166,219.49000549316406,-0.3642124686733607,-308.5282206268166
2026-09-01,2026-09-01T11:45:00-04:00,open_before_orders,136474.0382265961,100040.35893582462,36433.679290771484,-36433.679290771484,0.3641898097761075,-0.3641898097761075,359.24119234924325,1796205.9617462158,-0.004356394693549981,0,1595.9949951171875,0.0,342.47629826660705,0,358.5,0.0,-59.83473183593014,0,128.2100067138672,0.0,64.58396892700694,-166,219.47999572753906,-0.3641898097761075,-306.8665995330666
2026-09-01,2026-09-01T11:45:00-04:00,after_fill,100033.07219996647,100033.07219996647,0.0,0.0,0.0,0.0,366.52792820739757,1832639.6410369873,-0.00442891534459422,0,1595.9949951171875,0.0,342.47629826660705,0,358.5,0.0,-59.83473183593014,0,128.2100067138672,0.0,64.58396892700694,0,219.47999572753906,0.0,-314.1533353912164
2026-09-01,2026-09-01T11:50:00-04:00,bar_close,100033.07219996647,100033.07219996647,0.0,0.0,0.0,0.0,366.52792820739757,1832639.6410369873,-0.00442891534459422,0,1603.070068359375,0.0,342.47629826660705,0,358.44500732421875,0.0,-59.83473183593014,0,128.0399932861328,0.0,64.58396892700694,0,219.72000122070312,0.0,-314.1533353912164
2026-09-01,2026-09-01T11:50:00-04:00,open_before_orders,100033.07219996647,100033.07219996647,0.0,0.0,0.0,0.0,366.52792820739757,1832639.6410369873,-0.00442891534459422,0,1603.0699462890625,0.0,342.47629826660705,0,358.44500732421875,0.0,-59.83473183593014,0,128.08689880371094,0.0,64.58396892700694,0,219.72999572753906,0.0,-314.1533353912164
2026-09-01,2026-09-01T11:50:00-04:00,after_fill,75982.21379579167,100028.26299012761,24046.049194335938,24046.049194335938,0.24039254982073605,0.24039254982073605,371.3371380462647,1856685.6902313232,-0.004476778617712895,15,1603.0699462890625,0.24039254982073605,337.66708842774096,0,358.44500732421875,0.0,-59.83473183593014,0,128.08689880371094,0.0,64.58396892700694,0,219.72999572753906,0.0,-314.1533353912164
2026-09-01,2026-09-01T11:55:00-04:00,bar_close,75982.21379579167,99979.43791688542,23997.22412109375,23997.22412109375,0.2400215946507225,0.2400215946507225,371.3371380462647,1856685.6902313232,-0.004962706222024993,15,1599.81494140625,0.2400215946507225,288.84201518555346,0,358.7650146484375,0.0,-59.83473183593014,0,127.96499633789062,0.0,64.58396892700694,0,220.1300048828125,0.0,-314.1533353912164
2026-09-01,2026-09-01T11:55:00-04:00,open_before_orders,75982.21379579167,99979.36467469792,23997.15087890625,23997.15087890625,0.24002103791102886,0.24002103791102886,371.3371380462647,1856685.6902313232,-0.004963435158990004,15,1599.81005859375,0.24002103791102886,288.76877299805346,0,358.7598876953125,0.0,-59.83473183593014,0,128.02000427246094,0.0,64.58396892700694,0,220.1300048828125,0.0,-314.1533353912164
2026-09-01,2026-09-01T11:55:00-04:00,after_fill,102172.44528273016,99974.12558058172,50192.62145996094,-2198.3197021484375,0.5020561187054784,-0.021988886518207507,376.57623216247566,1882881.160812378,-0.005015576820714185,15,1599.81005859375,0.24003361609363544,288.76877299805346,0,358.7598876953125,0.0,-59.83473183593014,0,128.02000427246094,0.0,64.58396892700694,-119,220.1300048828125,-0.26202250261184296,-319.3924295074248
2026-09-01,2026-09-01T12:00:00-04:00,bar_close,102172.44528273016,99956.61984327703,50203.674560546875,-2215.825439453125,0.502254624448703,-0.02216787085164884,376.57623216247566,1882881.160812378,-0.005189801259620541,15,1599.594970703125,0.24004337679852705,285.54245463867846,0,358.70001220703125,0.0,-59.83473183593014,0,127.79499816894531,0.0,64.58396892700694,-119,220.25,-0.2622112476501759,-333.6718484527373
2026-09-01,2026-09-01T12:00:00-04:00,open_before_orders,102172.44528273016,99968.84579542547,50215.90051269531,-2203.5994873046875,0.5023154975246615,-0.02204286215141561,376.57623216247566,1882881.160812378,-0.005068123456733131,15,1600.4100341796875,0.24013631768662297,297.76840678711596,0,358.75,0.0,-59.83473183593014,0,127.77100372314453,0.0,64.58396892700694,-119,220.25,-0.26217917983803857,-333.6718484527373
2026-09-01,2026-09-01T12:00:00-04:00,after_fill,126173.79456532293,99964.04456532293,26209.75,-26209.75,0.26219177219137896,-0.26219177219137896,381.37746226501474,1906887.3113250732,-0.005115907312169599,0,1600.4100341796875,0.0,292.9671766845786,0,358.75,0.0,-59.83473183593014,0,127.77100372314453,0.0,64.58396892700694,-119,220.25,-0.26219177219137896,-333.6718484527373
2026-09-01,2026-09-01T12:05:00-04:00,bar_close,126173.79456532293,100004.92176258855,26168.872802734375,-26168.872802734375,0.2616758489633062,-0.2616758489633062,381.37746226501474,1906887.3113250732,-0.00470908030261763,0,1592.344970703125,0.0,292.9671766845786,0,358.7699890136719,0.0,-59.83473183593014,0,127.52999877929688,0.0,64.58396892700694,-119,219.906494140625,-0.2616758489633062,-292.7946511871123
2026-09-01,2026-09-01T12:05:00-04:00,open_before_orders,126173.79456532293,100006.88463795476,26166.909927368164,-26166.909927368164,0.2616510855437372,-0.2616510855437372,381.37746226501474,1906887.3113250732,-0.004689544943816792,0,1591.6800537109375,0.0,292.9671766845786,0,358.7799987792969,0.0,-59.83473183593014,0,127.56999969482422,0.0,64.58396892700694,-119,219.88999938964844,-0.2616510855437372,-290.8317758209014
2026-09-01,2026-09-01T12:10:00-04:00,bar_close,126173.79456532293,100028.30376637273,26145.490798950195,-26145.490798950195,0.2613809273424841,-0.2613809273424841,381.37746226501474,1906887.3113250732,-0.004476372795421457,0,1594.199951171875,0.0,292.9671766845786,0,358.54998779296875,0.0,-59.83473183593014,0,127.31999969482422,0.0,64.58396892700694,-119,219.7100067138672,-0.2613809273424841,-269.41264740293263
2026-09-01,2026-09-01T12:10:00-04:00,open_before_orders,126173.79456532293,100028.30376637273,26145.490798950195,-26145.490798950195,0.2613809273424841,-0.2613809273424841,381.37746226501474,1906887.3113250732,-0.004476372795421457,0,1593.9100341796875,0.0,292.9671766845786,0,358.57000732421875,0.0,-59.83473183593014,0,127.30000305175781,0.0,64.58396892700694,-119,219.7100067138672,-0.2613809273424841,-269.41264740293263
2026-09-01,2026-09-01T12:10:00-04:00,after_fill,152533.72233082587,100023.03072621161,52510.69160461426,-52510.69160461426,0.5249860079560009,-0.5249860079560009,386.65050242614757,1933252.5121307373,-0.004528852302420283,0,1593.9100341796875,0.0,292.9671766845786,0,358.57000732421875,0.0,-59.83473183593014,0,127.30000305175781,0.0,64.58396892700694,-239,219.7100067138672,-0.5249860079560009,-274.68568756406603
2026-09-01,2026-09-01T12:15:00-04:00,bar_close,152533.72233082587,100001.52160145575,52532.20072937012,-52532.20072937012,0.5253140141080153,-0.5253140141080153,386.65050242614757,1933252.5121307373,-0.004742920132111417,0,1589.4849853515625,0.0,292.9671766845786,0,358.2250061035156,0.0,-59.83473183593014,0,126.69000244140625,0.0,64.58396892700694,-239,219.8000030517578,-0.5253140141080153,-296.1948123199254
2026-09-01,2026-09-01T12:15:00-04:00,open_before_orders,152533.72233082587,100000.32908131415,52533.39324951172,-52533.39324951172,0.5253322037249976,-0.5253322037249976,386.65050242614757,1933252.5121307373,-0.004754788592658876,0,1589.4849853515625,0.0,292.9671766845786,0,358.239990234375,0.0,-59.83473183593014,0,126.66999816894531,0.0,64.58396892700694,-239,219.80499267578125,-0.5253322037249976,-297.38733246152697
2026-09-01,2026-09-01T12:15:00-04:00,after_fill,169894.8438333283,99996.85616242987,69897.98767089844,-69897.98767089844,0.6990018521918294,-0.6990018521918294,390.12342131042493,1950617.106552124,-0.004789352537807212,0,1589.4849853515625,0.0,292.9671766845786,0,358.239990234375,0.0,-59.83473183593014,0,126.66999816894531,0.0,64.58396892700694,-318,219.80499267578125,-0.6990018521918294,-300.8602513458027
2026-09-01,2026-09-01T12:20:00-04:00,bar_close,169894.8438333283,100081.12596833808,69813.71786499023,-69813.71786499023,0.6975712672045344,-0.6975712672045344,390.12342131042493,1950617.106552124,-0.003950664089810485,0,1586.6949462890625,0.0,292.9671766845786,0,357.9599914550781,0.0,-59.83473183593014,0,126.44999694824219,0.0,64.58396892700694,-318,219.5399932861328,-0.6975712672045344,-216.59044543759956
2026-09-01,2026-09-01T12:20:00-04:00,open_before_orders,169894.8438333283,100079.5344156037,69815.30941772461,-69815.30941772461,0.6975982634751295,-0.6975982634751295,390.12342131042493,1950617.106552124,-0.003966503890060591,0,1586.4078369140625,0.0,292.9671766845786,0,357.9320068359375,0.0,-59.83473183593014,0,126.44999694824219,0.0,64.58396892700694,-318,219.5449981689453,-0.6975982634751295,-218.18199817197456
2026-09-01,2026-09-01T12:25:00-04:00,bar_close,169894.8438333283,100154.2646096955,69740.57922363281,-69740.57922363281,0.6963315990129244,-0.6963315990129244,390.12342131042493,1950617.106552124,-0.0032227576594164864,0,1587.0,0.0,292.9671766845786,0,356.7799987792969,0.0,-59.83473183593014,0,126.07499694824219,0.0,64.58396892700694,-318,219.30999755859375,-0.6963315990129244,-143.45180408017768
2026-09-01,2026-09-01T12:25:00-04:00,open_before_orders,169894.8438333283,100151.08150422675,69743.76232910156,-69743.76232910156,0.696385513581879,-0.696385513581879,390.12342131042493,1950617.106552124,-0.003254437259916587,0,1586.02001953125,0.0,292.9671766845786,0,356.7300109863281,0.0,-59.83473183593014,0,126.08999633789062,0.0,64.58396892700694,-318,219.32000732421875,-0.696385513581879,-146.63490954892768
2026-09-01,2026-09-01T12:25:00-04:00,after_fill,195217.6090472016,100146.01593807075,95071.59310913086,-95071.59310913086,0.9493297583392847,-0.9493297583392847,395.1889874664308,1975944.9373321533,-0.0033048518986097397,0,1586.02001953125,0.0,292.9671766845786,-71,356.7300109863281,-0.25290902032180457,-64.90029799193508,0,126.08999633789062,0.0,64.58396892700694,-318,219.32000732421875,-0.6964207380174802,-146.63490954892768
2026-09-01,2026-09-01T12:30:00-04:00,bar_close,195217.6090472016,100056.25891902778,95161.35012817383,-95161.35012817383,0.9510784348351937,-0.9510784348351937,395.1889874664308,1975944.9373321533,-0.004198151392855065,0,1583.6099853515625,0.0,292.9671766845786,-71,356.8297119140625,-0.25320664413808575,-71.9790638610757,0,126.6500015258789,0.0,64.58396892700694,-318,219.5800018310547,-0.6978717906971079,-229.3131627227558
2026-09-01,2026-09-01T12:30:00-04:00,open_before_orders,195217.6090472016,100054.13788631294,95163.47116088867,-95163.47116088867,0.9511197954553233,-0.9511197954553233,395.1889874664308,1975944.9373321533,-0.004219260799914859,0,1584.1199951171875,0.0,292.9671766845786,-71,356.7699890136719,-0.25316963151241995,-67.73873793334133,0,126.6500015258789,0.0,64.58396892700694,-318,219.60000610351562,-0.6979501639429033,-235.67452136533393
2026-09-01,2026-09-01T12:30:00-04:00,after_fill,174877.65249554755,100050.07070843817,74827.58178710938,-74827.58178710938,0.747901338372552,-0.747901338372552,399.25616534118666,1996280.8267059326,-0.004259739059746526,0,1584.1199951171875,0.0,292.9671766845786,-14,356.7699890136719,-0.049922801761399946,-71.80591580809414,0,126.6500015258789,0.0,64.58396892700694,-318,219.60000610351562,-0.6979785366111521,-235.67452136533393
2026-09-01,2026-09-01T12:30:00-04:00,after_fill,171708.77885731513,100049.43706044013,77995.82177734375,-71659.341796875,0.779572819887295,-0.7162393302981345,399.8898133392335,1999449.066696167,-0.004266045390351136,2,1584.1199951171875,0.03166674479458023,292.33352868653174,-14,356.7699890136719,-0.0499231179399245,-71.80591580809414,0,126.6500015258789,0.0,64.58396892700694,-318,219.60000610351562,-0.6979829571527902,-235.67452136533393
2026-09-01,2026-09-01T12:35:00-04:00,bar_close,171708.77885731513,100122.85069569404,77859.1283569336,-71585.9281616211,0.7776359523918556,-0.7149809225787432,399.8898133392335,1999449.066696167,-0.0035354021053771723,2,1568.300048828125,0.03132751490655614,260.69363610840674,-14,357.3299865722656,-0.049964815996063776,-79.64588162840664,0,126.26010131835938,0.0,64.58396892700694,-318,219.2449951171875,-0.6963436214892357,-122.78102771299018
2026-09-01,2026-09-01T12:35:00-04:00,open_before_orders,171708.77885731513,100122.86198719795,77859.13708496094,-71585.91687011719,0.7776359518659811,-0.7149807291692322,399.8898133392335,1999449.066696167,-0.0035352897275949813,2,1568.3050537109375,0.03132761134837449,260.70364587403174,-14,357.32989501953125,-0.04996479755955328,-79.64459989012539,0,126.33000183105469,0.0,64.58396892700694,-318,219.2449951171875,-0.6963435429580535,-122.78102771299018
2026-09-01,2026-09-01T12:35:00-04:00,after_fill,173276.77025001534,100122.54832618721,76290.83203125,-73154.22192382812,0.7619745332759974,-0.7306468237853923,400.2034743499757,2001017.371749878,-0.003538411413511522,1,1568.3050537109375,0.01566385474530261,260.38998486328956,-14,357.32989501953125,-0.04996495408781954,-79.64459989012539,0,126.33000183105469,0.0,64.58396892700694,-318,219.2449951171875,-0.6963457244428752,-122.78102771299018
2026-09-01,2026-09-01T12:35:00-04:00,after_fill,168273.15119603585,100121.54780248116,71288.21350097656,-68151.60339355469,0.7120166943644666,-0.6806886718132197,401.2039980560304,2006019.9902801514,-0.0035483690450163197,1,1568.3050537109375,0.015664011275623453,260.38998486328956,0,357.32989501953125,0.0,-80.64512359618038,0,126.33000183105469,0.0,64.58396892700694,-318,219.2449951171875,-0.6963526830888431,-122.78102771299018
2026-09-01,2026-09-01T12:35:00-04:00,after_fill,168053.86235191964,100121.50395348214,71068.96850585938,-67932.3583984375,0.709827216927135,-0.6784991806555346,401.24784705505385,2006239.2352752686,-0.003548805448643222,1,1568.3050537109375,0.015664018135800217,260.38998486328956,0,357.32989501953125,0.0,-80.64512359618038,0,126.33000183105469,0.0,64.58396892700694,-317,219.2449951171875,-0.6941631987913348,-122.82487671200943
2026-09-01,2026-09-01T12:40:00-04:00,bar_close,168053.86235191964,100072.4617476716,71124.5417175293,-67981.40060424805,0.7107304094993363,-0.6793217576245923,401.24784705505385,2006239.2352752686,-0.004036894047332762,1,1571.570556640625,0.015704325937371987,263.65548779297706,0,357.7654113769531,0.0,-80.64512359618038,0,126.55999755859375,0.0,64.58396892700694,-317,219.41000366210938,-0.6950260835619643,-175.1325854522438
2026-09-01,2026-09-01T12:40:00-04:00,open_before_orders,168053.86235191964,100067.7964186921,71129.38600158691,-67986.06593322754,0.7108119549667664,-0.6794000504294918,401.24784705505385,2006239.2352752686,-0.004083325357800871,1,1571.6600341796875,0.015705952268637247,263.74496533203956,0,357.7001037597656,0.0,-80.64512359618038,0,126.58000183105469,0.0,64.58396892700694,-317,219.4250030517578,-0.695106002698129,-179.8873919707985
2026-09-01,2026-09-01T12:40:00-04:00,after_fill,169625.20805409248,100067.48208668525,69557.72596740723,-69557.72596740723,0.6951081861653279,-0.6951081861653279,401.56217906188976,2007810.8953094482,-0.004086453721752092,0,1571.6600341796875,0.0,263.43063332520364,0,357.7001037597656,0.0,-80.64512359618038,0,126.58000183105469,0.0,64.58396892700694,-317,219.4250030517578,-0.6951081861653279,-179.8873919707985
2026-09-01,2026-09-01T12:45:00-04:00,bar_close,169625.20805409248,100167.33786061103,69457.87019348145,-69457.87019348145,0.6934183505020001,-0.6934183505020001,401.56217906188976,2007810.8953094482,-0.003092647183873587,0,1566.022216796875,0.0,263.43063332520364,0,356.8299865722656,0.0,-80.64512359618038,0,126.09510040283203,0.0,64.58396892700694,-317,219.11000061035156,-0.6934183505020001,-80.03161804501724
2026-09-01,2026-09-01T12:45:00-04:00,open_before_orders,169625.20805409248,100170.50611927803,69454.70193481445,-69454.70193481445,0.6933647899523565,-0.6933647899523565,401.56217906188976,2007810.8953094482,-0.0030611153449707773,0,1567.0999755859375,0.0,263.43063332520364,0,356.875,0.0,-80.64512359618038,0,126.08999633789062,0.0,64.58396892700694,-317,219.10000610351562,-0.6933647899523565,-76.86335937802505
2026-09-01,2026-09-01T12:45:00-04:00,after_fill,166490.38126293037,100169.8792792878,72588.90188598633,-66320.50198364258,0.7246579751144373,-0.6620802826239975,402.18901905212414,2010945.0952606201,-0.0030673539194266963,2,1567.0999755859375,0.0312888462452199,262.80379333496967,0,356.875,0.0,-80.64512359618038,0,126.08999633789062,0.0,64.58396892700694,-317,219.10000610351562,-0.6933691288692174,-76.86335937802505
2026-09-01,2026-09-01T12:50:00-04:00,bar_close,166490.38126293037,100093.37284007881,72683.56848144531,-66397.00842285156,0.7261576507924586,-0.6633506948450563,402.18901905212414,2010945.0952606201,-0.0038287780863677234,2,1571.6400146484375,0.03140347797370118,271.88387145996967,0,356.7699890136719,0.0,-80.64512359618038,0,126.2300033569336,0.0,64.58396892700694,-317,219.3699951171875,-0.6947541728187575,-162.44987671200943
2026-09-01,2026-09-01T12:50:00-04:00,open_before_orders,166490.38126293037,100096.5410987458,72680.40022277832,-66393.84016418457,0.7261030143996554,-0.6632980464198726,402.18901905212414,2010945.0952606201,-0.003797246247464914,2,1571.6400146484375,0.031402483989891435,271.88387145996967,0,356.7900085449219,0.0,-80.64512359618038,0,126.20999908447266,0.0,64.58396892700694,-317,219.36000061035156,-0.694700530409764,-159.28161804501724
2026-09-01,2026-09-01T12:50:00-04:00,after_fill,150770.8378364167,100093.3978187165,88396.8003692627,-50677.440017700195,0.8831431672382826,-0.506301525595967,405.332299081421,2026661.4954071045,-0.0038285294884903287,12,1571.6400146484375,0.1884208208211578,268.7405914306728,0,356.7900085449219,0.0,-80.64512359618038,0,126.20999908447266,0.0,64.58396892700694,-317,219.36000061035156,-0.6947223464171247,-159.28161804501724
2026-09-01,2026-09-01T12:55:00-04:00,bar_close,150770.8378364167,100078.78458324287,88369.50442504883,-50692.05325317383,0.882999376871383,-0.5065214717012229,405.332299081421,2026661.4954071045,-0.003973966536167217,12,1569.893798828125,0.1882389525850801,247.7860015869228,0,357.2200927734375,0.0,-80.64512359618038,0,126.31999969482422,0.0,64.58396892700694,-317,219.33999633789062,-0.6947604242863029,-152.94026367490005
2026-09-01,2026-09-01T12:55:00-04:00,open_before_orders,150770.8378364167,100091.16519847725,88388.23123168945,-50679.67263793945,0.8830772531863198,-0.5063351249577668,405.332299081421,2026661.4954071045,-0.003850749461388636,12,1571.18994140625,0.1883710641142765,263.3397125244228,0,357.260009765625,0.0,-80.64512359618038,0,126.36000061035156,0.0,64.58396892700694,-317,219.35000610351562,-0.6947061890720433,-156.11335937802505
2026-09-01,2026-09-01T12:55:00-04:00,after_fill,135193.8726329804,100088.05042839056,72814.38079833984,-35105.822204589844,0.7275032382655504,-0.3507493857092042,408.44706916809093,2042235.345840454,-0.0038817489595092125,12,1571.18994140625,0.1883769262781731,263.3397125244228,0,357.260009765625,0.0,-80.64512359618038,0,126.36000061035156,0.0,64.58396892700694,-246,219.35000610351562,-0.5391263119873774,-159.2281294646964
2026-09-01,2026-09-01T12:55:00-04:00,after_fill,113192.81412145696,100083.65109655462,94811.03997802734,-13109.163024902344,0.947317957920614,-0.1309820623176049,412.84640100402845,2064232.0050201416,-0.003925532954855426,26,1571.18994140625,0.40816794780150456,258.9403806884802,0,357.260009765625,0.0,-80.64512359618038,0,126.36000061035156,0.0,64.58396892700694,-246,219.35000610351562,-0.5391500101191095,-159.2281294646964
2026-09-01,2026-09-01T13:00:00-04:00,bar_close,113192.81412145696,100005.2070657929,94894.94934082031,-13187.607055664062,0.9489000835565434,-0.13186920404042568,412.84640100402845,2064232.0050201416,-0.0047062408454825455,26,1571.2950439453125,0.4085154397580589,261.6730467041052,0,356.8299865722656,0.0,-80.64512359618038,0,126.2699966430664,0.0,64.58396892700694,-246,219.67999267578125,-0.5403846437984846,-240.40482624204014
2026-09-01,2026-09-01T13:00:00-04:00,open_before_orders,113192.81412145696,100012.61478063665,94902.35705566406,-13180.199340820312,0.9489038684151874,-0.13178536897299598,412.84640100402845,2064232.0050201416,-0.004632516160839484,26,1571.5799560546875,0.4085592497210957,269.0807615478552,0,356.7900085449219,0.0,-80.64512359618038,0,126.28500366210938,0.0,64.58396892700694,-246,219.67999267578125,-0.5403446186940917,-240.40482624204014
2026-09-01,2026-09-01T13:05:00-04:00,bar_close,113192.81412145696,100085.5872232636,94562.10385131836,-13107.22689819336,0.9448123998151317,-0.1309601837970408,412.84640100402845,2064232.0050201416,-0.00390626380990855,26,1566.43994140625,0.4069261080090454,135.44038068848022,0,356.19000244140625,0.0,-80.64512359618038,0,126.29499816894531,0.0,64.58396892700694,-246,218.84010314941406,-0.5378862918060862,-33.79200275571202
2026-09-01,2026-09-01T13:05:00-04:00,open_before_orders,113192.81412145696,100096.28439733587,94577.6732788086,-13096.529724121094,0.9448669733172018,-0.13083931939105692,412.84640100402845,2064232.0050201416,-0.003799801047547513,26,1566.945068359375,0.4070138269630725,148.57368146973022,0,356.1600036621094,0.0,-80.64512359618038,0,126.2603988647461,0.0,64.58396892700694,-246,218.85000610351562,-0.5378531463541294,-36.228129464696394
2026-09-01,2026-09-01T13:10:00-04:00,bar_close,113192.81412145696,100161.72381994329,94515.09030151367,-13031.090301513672,0.9436248368829959,-0.13010049951755162,412.84640100402845,2064232.0050201416,-0.003148520470917182,26,1567.0,0.40676216868272214,150.00190412598022,0,356.6199951171875,0.0,-80.64512359618038,0,126.33000183105469,0.0,64.58396892700694,-246,218.5897979736328,-0.5368626682002737,27.78307048647548
2026-09-01,2026-09-01T13:10:00-04:00,open_before_orders,113192.81412145696,100182.14221593938,94533.15139770508,-13010.671905517578,0.9436127967192188,-0.12987017064851233,412.84640100402845,2064232.0050201416,-0.0029453080312540347,26,1567.739990234375,0.40687131303535323,169.24165021973022,0,356.66949462890625,0.0,-80.64512359618038,0,126.30999755859375,0.0,64.58396892700694,-246,218.5850067138672,-0.5367414836838655,28.96172038881923
2026-09-01,2026-09-01T13:10:00-04:00,after_fill,114760.2405636933,100181.82866794134,92965.4114074707,-14578.411895751953,0.9279668043953372,-0.14551952274771277,413.15994900207534,2065799.745010376,-0.0029484285924208375,25,1567.739990234375,0.39122364082381217,168.9281022216819,0,356.66949462890625,0.0,-80.64512359618038,0,126.30999755859375,0.0,64.58396892700694,-246,218.5850067138672,-0.536743163571525,28.96172038881923
2026-09-01,2026-09-01T13:10:00-04:00,after_fill,114541.61183997808,100181.78495094,92746.82640075684,-14359.826889038086,0.9257853256076028,-0.14333770251817968,413.2036660034181,2066018.3300170898,-0.002948863682351477,25,1567.739990234375,0.3912238115447116,168.9281022216819,0,356.66949462890625,0.0,-80.64512359618038,0,126.30999755859375,0.0,64.58396892700694,-245,218.5850067138672,-0.5345615140628913,28.918003387479985
2026-09-01,2026-09-01T13:15:00-04:00,bar_close,114541.61183997808,100156.03482886968,92659.82627868652,-14385.577011108398,0.9251546992351338,-0.14363165470446318,413.2036660034181,2066018.3300170898,-0.0032051396958313605,25,1565.4849853515625,0.39076152226533534,112.55298015136941,0,357.06500244140625,0.0,-80.64512359618038,0,126.12000274658203,0.0,64.58396892700694,-245,218.4600067138672,-0.5343931769697985,59.543003387479985
2026-09-01,2026-09-01T13:15:00-04:00,open_before_orders,114541.61183997808,100137.46068641363,92646.14944458008,-14404.151153564453,0.9251897223028949,-0.1438437828843284,413.2036660034181,2066018.3300170898,-0.0033899973508532133,25,1564.8399658203125,0.3906729697092832,96.42749187011941,0,357.1000061035156,0.0,-80.64512359618038,0,126.08000183105469,0.0,64.58396892700694,-245,218.47000122070312,-0.5345167525936116,57.0943492126753
2026-09-01,2026-09-01T13:15:00-04:00,after_fill,125493.30082476813,100135.26991046149,81692.26968383789,-25358.03091430664,0.8158191390194995,-0.2532377546590844,415.39444195556655,2076972.209777832,-0.003411800871858328,18,1564.8399658203125,0.2812906921802076,94.23671591797029,0,357.1000061035156,0.0,-80.64512359618038,0,126.08000183105469,0.0,64.58396892700694,-245,218.47000122070312,-0.534528446839292,57.0943492126753
2026-09-01,2026-09-01T13:20:00-04:00,bar_close,125493.30082476813,100217.23882830817,81646.84129333496,-25276.06199645996,0.814698571302808,-0.25221271601548334,415.39444195556655,2076972.209777832,-0.0025960118267560617,18,1565.85498046875,0.2812429276436623,112.50697958984529,0,356.9849853515625,0.0,-80.64512359618038,0,126.01000213623047,0.0,64.58396892700694,-245,218.2100067138672,-0.5334556436591457,120.79300338747998
2026-09-01,2026-09-01T13:20:00-04:00,open_before_orders,125493.30082476813,100198.18438494879,81622.88206481934,-25295.116439819336,0.8146143821452344,-0.25245084624127206,415.39444195556655,2076972.209777832,-0.0027856496377880458,18,1564.66015625,0.2810817679519812,91.00014365234529,0,356.9849853515625,0.0,-80.64512359618038,0,126.0374984741211,0.0,64.58396892700694,-245,218.1999969482422,-0.5335326141932533,123.24539596560498
2026-09-01,2026-09-01T13:20:00-04:00,after_fill,131750.68972164314,100196.9326568238,75364.24143981934,-31553.757064819336,0.7521611634354431,-0.31491739545452446,416.64617008056655,2083230.850402832,-0.0027981073610157114,14,1564.66015625,0.21862188399045934,89.74841552734506,0,356.9849853515625,0.0,-80.64512359618038,0,126.0374984741211,0.0,64.58396892700694,-245,218.1999969482422,-0.5335392794449838,123.24539596560498
2026-09-01,2026-09-01T13:25:00-04:00,bar_close,131750.68972164314,100140.8592773072,75396.37194824219,-31609.830444335938,0.7529031854965086,-0.3156536769552067,416.64617008056655,2083230.850402832,-0.003356173149038799,14,1563.8050537109375,0.21862475427065098,77.77697998047006,0,356.9794921875,0.0,-80.64512359618038,0,125.91629791259766,0.0,64.58396892700694,-245,218.3800048828125,-0.5342784312258576,79.14345199587842
2026-09-01,2026-09-01T13:25:00-04:00,open_before_orders,131750.68972164314,100132.38784176033,75387.90051269531,-31618.301879882812,0.7528822805247705,-0.31576498435101097,416.64617008056655,2083230.850402832,-0.0034404844282038827,14,1563.199951171875,0.21855864808687972,69.30554443359506,0,356.95001220703125,0.0,-80.64512359618038,0,125.88999938964844,0.0,64.58396892700694,-245,218.3800048828125,-0.5343236324378907,79.14345199587842
2026-09-01,2026-09-01T13:30:00-04:00,bar_close,131750.68972164314,100148.56434017341,75394.12538146973,-31602.125381469727,0.7528228275482753,-0.31555245539144394,416.64617008056655,2083230.850402832,-0.0032794891321796804,14,1564.0,0.2186351860784157,80.50622802734506,0,356.9400939941406,0.0,-80.64512359618038,0,125.91999816894531,0.0,64.58396892700694,-245,218.3596954345703,-0.5341876414698596,84.11926681521436
2026-09-01,2026-09-01T13:30:00-04:00,open_before_orders,131750.68972164314,100144.88414913337,75383.24502563477,-31605.805572509766,0.7527418466366773,-0.31560080019108266,416.64617008056655,2083230.850402832,-0.0033161159367443016,14,1563.47998046875,0.2185705232227973,73.22595458984506,0,357.07000732421875,0.0,-80.64512359618038,0,125.8949966430664,0.0,64.58396892700694,-245,218.34500122070312,-0.53417132341388,87.7193492126753
2026-09-01,2026-09-01T13:30:00-04:00,after_fill,108383.10200800178,100140.21156610725,52020.32989501953,-8242.890441894531,0.5194749350082856,-0.08231349138355887,421.3187531066896,2106593.7655334473,-0.003362619442526582,14,1563.47998046875,0.21858072181236338,73.22595458984506,0,357.07000732421875,0.0,-80.64512359618038,0,125.8949966430664,0.0,64.58396892700694,-138,218.34500122070312,-0.30089421319592224,83.0467661865514
2026-09-01,2026-09-01T13:35:00-04:00,bar_close,108383.10200800178,100114.78383173225,52030.78350830078,-8268.318176269531,0.5197112905497697,-0.08258838365137454,421.3187531066896,2106593.7655334473,-0.003615686918465366,14,1562.9451904296875,0.21856145344919758,65.73889404297006,0,357.1199035644531,0.0,-80.64512359618038,0,126.37000274658203,0.0,64.58396892700694,-138,218.47500610351562,-0.3011498371005721,65.1060923584264
2026-09-01,2026-09-01T13:35:00-04:00,open_before_orders,108383.10200800178,100125.78129877326,52043.158111572266,-8257.320709228516,0.5197777978508508,-0.08246947591438854,421.3187531066896,2106593.7655334473,-0.003506235514547651,14,1563.7799072265625,0.21865416096823112,77.42492919922006,0,357.1199035644531,0.0,-80.64512359618038,0,126.33999633789062,0.0,64.58396892700694,-138,218.47999572753906,-0.30112363688261967,64.41752424319202
2026-09-01,2026-09-01T13:35:00-04:00,after_fill,109946.5691592469,100125.46854279182,50479.3782043457,-9821.100616455078,0.5041612183095227,-0.09808793665976921,421.6315090881349,2108157.545440674,-0.0035093481932331194,13,1563.7799072265625,0.2030366408248767,77.1121732177744,0,357.1199035644531,0.0,-80.64512359618038,0,126.33999633789062,0.0,64.58396892700694,-138,218.47999572753906,-0.3011245774846459,64.41752424319202
2026-09-01,2026-09-01T13:35:00-04:00,after_fill,101205.6214901795,100123.72070282599,41740.17837524414,-1081.9007873535156,0.41688600945156473,-0.010805639060944117,423.37934905395525,2116896.7452697754,-0.0035267434295516153,13,1563.7799072265625,0.2030401851953103,77.1121732177744,0,357.1199035644531,0.0,-80.64512359618038,0,126.33999633789062,0.0,64.58396892700694,-98,218.47999572753906,-0.21384582425625442,62.669684277370834
2026-09-01,2026-09-01T13:40:00-04:00,bar_close,101205.6214901795,100117.73220795294,41699.88928222656,-1087.8892822265625,0.4165085281357791,-0.010866099922908013,423.37934905395525,2116896.7452697754,-0.00358634344187847,13,1562.0,0.20282121410643553,53.9733792724619,0,356.8500061035156,0.0,-80.64512359618038,0,125.95999908447266,0.0,64.58396892700694,-98,218.30499267578125,-0.21368731402934354,79.81998334963646
2026-09-01,2026-09-01T13:40:00-04:00,open_before_orders,101205.6214901795,100121.32360809942,41702.50271606445,-1084.2978820800781,0.4165196904437536,-0.010829839668563497,423.37934905395525,2116896.7452697754,-0.0035506003215221016,13,1562.2386474609375,0.20284492538759505,57.0757962646494,0,356.82000732421875,0.0,-80.64512359618038,0,125.93000030517578,0.0,64.58396892700694,-98,218.3000030517578,-0.21367476505615857,80.30896650393333
2026-09-01,2026-09-01T13:40:00-04:00,after_fill,109015.25248883673,100119.76136945197,33891.309478759766,-8895.491119384766,0.3385076933383554,-0.08884850500751305,424.9415877014162,2124707.93850708,-0.003566148375685918,8,1562.2386474609375,0.12482959416542115,55.51355761718878,0,356.82000732421875,0.0,-80.64512359618038,0,125.93000030517578,0.0,64.58396892700694,-98,218.3000030517578,-0.2136780991729342,80.30896650393333
2026-09-01,2026-09-01T13:45:00-04:00,bar_close,109015.25248883673,100118.16301129767,33890.68908691406,-8897.089477539062,0.33850690092156127,-0.08886588816591735,424.9415877014162,2124707.93850708,-0.0035820559063289847,8,1562.0999755859375,0.12482050637782197,54.40418261718878,0,357.0,0.0,-80.64512359618038,0,126.09500122070312,0.0,64.58396892700694,-98,218.30499267578125,-0.21368639454373933,79.81998334963646
2026-09-01,2026-09-01T13:45:00-04:00,open_before_orders,109015.25248883673,100114.32316754767,33886.84924316406,-8900.929321289062,0.33848152962540906,-0.08890765116988099,424.9415877014162,2124707.93850708,-0.003620271641615491,8,1561.6199951171875,0.12478693922776403,50.56433886718878,0,357.05999755859375,0.0,-80.64512359618038,0,126.11000061035156,0.0,64.58396892700694,-98,218.30499267578125,-0.21369459039764502,79.81998334963646
2026-09-01,2026-09-01T13:45:00-04:00,after_fill,112137.86783107306,100113.69851954962,30763.609252929688,-12024.169311523438,0.30728671208688135,-0.12010513535443332,425.5662356994631,2127831.1784973145,-0.003626488400445993,6,1561.6199951171875,0.09359078836622403,49.93969086914149,0,357.05999755859375,0.0,-80.64512359618038,0,126.11000061035156,0.0,64.58396892700694,-98,218.30499267578125,-0.21369592372065735,79.81998334963646
2026-09-01,2026-09-01T13:50:00-04:00,bar_close,112137.86783107306,100106.58758815314,30700.640594482422,-12031.280242919922,0.3066795236372198,-0.12018470045565446,425.5662356994631,2127831.1784973145,-0.0036972593717619073,6,1555.780029296875,0.09324741159078265,14.899895947266486,0,356.4949951171875,0.0,-80.64512359618038,0,125.68000030517578,0.0,64.58396892700694,-98,218.02000427246094,-0.2134321120464371,107.74884687502708
2026-09-01,2026-09-01T13:50:00-04:00,open_before_orders,112137.86783107306,100109.34002955939,30703.393035888672,-12028.527801513672,0.30669858603425865,-0.12015390170349735,425.5662356994631,2127831.1784973145,-0.0036698659206162443,6,1556.23876953125,0.09327234216538063,17.652337353516486,0,356.4700012207031,0.0,-80.64512359618038,0,125.71499633789062,0.0,64.58396892700694,-98,218.02000427246094,-0.21342624386887799,107.74884687502708
2026-09-01,2026-09-01T13:50:00-04:00,after_fill,111919.80422279975,100109.29642555854,30485.37303161621,-11810.507797241211,0.3045208998575391,-0.11797613427463778,425.6098397003176,2128049.198501587,-0.003670299885918493,6,1556.23876953125,0.09327238279145067,17.652337353516486,0,356.4700012207031,0.0,-80.64512359618038,0,125.71499633789062,0.0,64.58396892700694,-97,218.02000427246094,-0.21124851706608846,107.70524287417356
2026-09-01,2026-09-01T13:50:00-04:00,after_fill,104137.05413637398,100107.74018678901,38266.56687927246,-4029.313949584961,0.38225382780463973,-0.04024977431382174,427.16607846984886,2135830.392349243,-0.003685788226781006,11,1556.23876953125,0.17100202674540899,16.096098583984713,0,356.4700012207031,0.0,-80.64512359618038,0,125.71499633789062,0.0,64.58396892700694,-97,218.02000427246094,-0.21125180105923075,107.70524287417356
2026-09-01,2026-09-01T13:55:00-04:00,bar_close,104137.05413637398,100122.8437176728,38283.60934448242,-4014.210418701172,0.38236638036804915,-0.040092852636312196,427.16607846984886,2135830.392349243,-0.0035354715535708126,11,1557.699951171875,0.17113676386586849,32.16909663085971,0,356.2099914550781,0.0,-80.64512359618038,0,125.5,0.0,64.58396892700694,-97,218.02999877929688,-0.2112296165021807,106.73577571108763
2026-09-01,2026-09-01T13:55:00-04:00,open_before_orders,104137.05413637398,100118.55489931343,38279.32052612305,-4018.499237060547,0.38233992255101507,-0.04013740750754787,427.16607846984886,2135830.392349243,-0.0035781556724530095,11,1557.31005859375,0.1711012575217336,27.880278271484713,0,356.2900085449219,0.0,-80.64512359618038,0,125.48999786376953,0.0,64.58396892700694,-97,218.02999877929688,-0.21123866502928149,106.73577571108763
2026-09-01,2026-09-01T13:55:00-04:00,after_fill,113479.04571586616,100116.68612724311,28935.460174560547,-13362.359588623047,0.28901735858281485,-0.1334678574123017,429.03485054016136,2145174.2527008057,-0.0035967544757897763,5,1557.31005859375,0.07777475058525657,26.01150620117187,0,356.2900085449219,0.0,-80.64512359618038,0,125.48999786376953,0.0,64.58396892700694,-97,218.02999877929688,-0.21124260799755826,106.73577571108763
2026-09-01,2026-09-01T13:55:00-04:00,after_fill,113260.9721110871,100116.64252124335,28717.43017578125,-13144.32958984375,0.2868397246710287,-0.13129015575062564,429.0784565399172,2145392.282699585,-0.0035971884609861116,5,1557.31005859375,0.07777478446020154,26.01150620117187,0,356.2900085449219,0.0,-80.64512359618038,0,125.48999786376953,0.0,64.58396892700694,-96,218.02999877929688,-0.2090649402108272,106.6921697113321
2026-09-01,2026-09-01T14:00:00-04:00,bar_close,113260.9721110871,100149.77203784492,28744.799926757812,-13111.200073242188,0.2870181263707284,-0.1309159252832616,429.0784565399172,2145392.282699585,-0.003267469618489671,5,1563.3599853515625,0.07805110054373339,56.26113999023437,0,356.5198974609375,0.0,-80.64512359618038,0,125.0999984741211,0.0,64.58396892700694,-96,218.0,-0.208967025826995,109.5720525238321
2026-09-01,2026-09-01T14:00:00-04:00,open_before_orders,113260.9721110871,100148.75189624335,28747.62060546875,-13112.22021484375,0.2870492149043656,-0.13092744509116142,429.0784565399172,2145392.282699585,-0.0032776224955176625,5,1563.5400390625,0.07806088490660208,57.16140854492187,0,356.5199890136719,0.0,-80.64512359618038,0,125.06999969482422,0.0,64.58396892700694,-96,218.02000427246094,-0.2089883299977635,107.6516423675821
2026-09-01,2026-09-01T14:00:00-04:00,after_fill,121077.10876636054,100147.1883562043,20929.92041015625,-20929.92041015625,0.2089915928114981,-0.2089915928114981,430.64199657897973,2153209.9828948975,-0.0032931835016764,0,1563.5400390625,0.0,55.59786850585988,0,356.5199890136719,0.0,-80.64512359618038,0,125.06999969482422,0.0,64.58396892700694,-96,218.02000427246094,-0.2089915928114981,107.6516423675821
2026-09-01,2026-09-01T14:00:00-04:00,after_fill,100143.00237212225,100143.00237212225,0.0,0.0,0.0,0.0,434.827980661011,2174139.9033050537,-0.003334844170705731,0,1563.5400390625,0.0,55.59786850585988,0,356.5199890136719,0.0,-80.64512359618038,0,125.06999969482422,0.0,64.58396892700694,0,218.02000427246094,0.0,103.46565828554958
2026-09-01,2026-09-01T14:05:00-04:00,bar_close,100143.00237212225,100143.00237212225,0.0,0.0,0.0,0.0,434.827980661011,2174139.9033050537,-0.003334844170705731,0,1555.8299560546875,0.0,55.59786850585988,0,355.9465026855469,0.0,-80.64512359618038,0,125.2699966430664,0.0,64.58396892700694,0,217.80999755859375,0.0,103.46565828554958
2026-09-01,2026-09-01T14:05:00-04:00,open_before_orders,100143.00237212225,100143.00237212225,0.0,0.0,0.0,0.0,434.827980661011,2174139.9033050537,-0.003334844170705731,0,1555.4364013671875,0.0,55.59786850585988,0,355.9549865722656,0.0,-80.64512359618038,0,125.25499725341797,0.0,64.58396892700694,0,217.81500244140625,0.0,103.46565828554958
2026-09-01,2026-09-01T14:10:00-04:00,bar_close,100143.00237212225,100143.00237212225,0.0,0.0,0.0,0.0,434.827980661011,2174139.9033050537,-0.003334844170705731,0,1555.56494140625,0.0,55.59786850585988,0,355.8999938964844,0.0,-80.64512359618038,0,125.22000122070312,0.0,64.58396892700694,0,217.73330688476562,0.0,103.46565828554958
2026-09-01,2026-09-01T14:10:00-04:00,open_before_orders,100143.00237212225,100143.00237212225,0.0,0.0,0.0,0.0,434.827980661011,2174139.9033050537,-0.003334844170705731,0,1555.56494140625,0.0,55.59786850585988,0,355.8999938964844,0.0,-80.64512359618038,0,125.23999786376953,0.0,64.58396892700694,0,217.72999572753906,0.0,103.46565828554958
2026-09-01,2026-09-01T14:15:00-04:00,bar_close,100143.00237212225,100143.00237212225,0.0,0.0,0.0,0.0,434.827980661011,2174139.9033050537,-0.003334844170705731,0,1550.506591796875,0.0,55.59786850585988,0,355.1300048828125,0.0,-80.64512359618038,0,125.11000061035156,0.0,64.58396892700694,0,217.51499938964844,0.0,103.46565828554958
2026-09-01,2026-09-01T14:15:00-04:00,open_before_orders,100143.00237212225,100143.00237212225,0.0,0.0,0.0,0.0,434.827980661011,2174139.9033050537,-0.003334844170705731,0,1550.0799560546875,0.0,55.59786850585988,0,355.1300048828125,0.0,-80.64512359618038,0,125.08000183105469,0.0,64.58396892700694,0,217.5,0.0,103.46565828554958
2026-09-01,2026-09-01T14:20:00-04:00,bar_close,100143.00237212225,100143.00237212225,0.0,0.0,0.0,0.0,434.827980661011,2174139.9033050537,-0.003334844170705731,0,1545.02001953125,0.0,55.59786850585988,0,354.989990234375,0.0,-80.64512359618038,0,124.85970306396484,0.0,64.58396892700694,0,217.77499389648438,0.0,103.46565828554958
2026-09-01,2026-09-01T14:20:00-04:00,open_before_orders,100143.00237212225,100143.00237212225,0.0,0.0,0.0,0.0,434.827980661011,2174139.9033050537,-0.003334844170705731,0,1544.989990234375,0.0,55.59786850585988,0,355.0199890136719,0.0,-80.64512359618038,0,124.88999938964844,0.0,64.58396892700694,0,217.77499389648438,0.0,103.46565828554958
2026-09-01,2026-09-01T14:20:00-04:00,after_fill,67691.7236192414,100136.51341416327,32444.789794921875,32444.789794921875,0.3240055868605157,0.3240055868605157,441.31693861999537,2206584.6930999756,-0.0033994250015392247,21,1544.989990234375,0.3240055868605157,49.10891054687818,0,355.0199890136719,0.0,-80.64512359618038,0,124.88999938964844,0.0,64.58396892700694,0,217.77499389648438,0.0,103.46565828554958
2026-09-01,2026-09-01T14:25:00-04:00,bar_close,67691.7236192414,100097.93052842109,32406.206909179688,32406.206909179688,0.32374502387917503,0.32374502387917503,441.31693861999537,2206584.6930999756,-0.0037834180606617362,21,1543.1527099609375,0.32374502387917503,10.526024804690678,0,354.75,0.0,-80.64512359618038,0,124.95999908447266,0.0,64.58396892700694,0,217.72000122070312,0.0,103.46565828554958
2026-09-01,2026-09-01T14:25:00-04:00,open_before_orders,67691.7236192414,100088.6327989289,32396.9091796875,32396.9091796875,0.32368220320054364,0.32368220320054364,441.31693861999537,2206584.6930999756,-0.003875952963687257,21,1542.7099609375,0.32368220320054364,1.2282953125031781,0,354.7300109863281,0.0,-80.64512359618038,0,124.8949966430664,0.0,64.58396892700694,0,217.6999969482422,0.0,103.46565828554958
2026-09-01,2026-09-01T14:25:00-04:00,after_fill,76946.13213291328,100086.78154697578,23140.6494140625,23140.6494140625,0.23120585012718614,0.23120585012718614,443.16819057312034,2215840.9528656006,-0.0038943773994704056,15,1542.7099609375,0.23120585012718614,-0.622956640621851,0,354.7300109863281,0.0,-80.64512359618038,0,124.8949966430664,0.0,64.58396892700694,0,217.6999969482422,0.0,103.46565828554958
2026-09-01,2026-09-01T14:30:00-04:00,bar_close,76946.13213291328,100099.90654697578,23153.7744140625,23153.7744140625,0.23130665365003802,0.23130665365003802,443.16819057312034,2215840.9528656006,-0.003763751895337286,15,1543.5849609375,0.23130665365003802,12.502043359378149,0,354.7300109863281,0.0,-80.64512359618038,0,124.90499877929688,0.0,64.58396892700694,0,217.4593048095703,0.0,103.46565828554958
2026-09-01,2026-09-01T14:30:00-04:00,open_before_orders,76946.13213291328,100104.57024326484,23158.438110351562,23158.438110351562,0.2313424657243328,0.2313424657243328,443.16819057312034,2215840.9528656006,-0.0037173368340891466,15,1543.8958740234375,0.2313424657243328,17.16573964844065,0,354.75,0.0,-80.64512359618038,0,124.91000366210938,0.0,64.58396892700694,0,217.4600067138672,0.0,103.46565828554958
2026-09-01,2026-09-01T14:30:00-04:00,after_fill,97012.7643659455,100100.55611399238,3087.791748046875,3087.791748046875,0.03084689903750948,0.03084689903750948,447.1823198455813,2235911.5992279053,-0.0037572871319840884,2,1543.8958740234375,0.03084689903750948,13.151610375982273,0,354.75,0.0,-80.64512359618038,0,124.91000366210938,0.0,64.58396892700694,0,217.4600067138672,0.0,103.46565828554958
2026-09-01,2026-09-01T14:35:00-04:00,bar_close,97012.7643659455,100097.83345774238,3085.069091796875,3085.069091796875,0.03082053811983131,0.03082053811983131,447.1823198455813,2235911.5992279053,-0.0037843841487640306,2,1542.5345458984375,0.03082053811983131,10.428954125982273,0,354.5799865722656,0.0,-80.64512359618038,0,124.80999755859375,0.0,64.58396892700694,0,217.1999969482422,0.0,103.46565828554958
2026-09-01,2026-09-01T14:35:00-04:00,open_before_orders,97012.7643659455,100098.42427805488,3085.659912109375,3085.659912109375,0.03082625859861673,0.03082625859861673,447.1823198455813,2235911.5992279053,-0.0037785040572461126,2,1542.8299560546875,0.03082625859861673,11.019774438482273,0,354.5400085449219,0.0,-80.64512359618038,0,124.79499816894531,0.0,64.58396892700694,0,217.19500732421875,0.0,103.46565828554958
2026-09-01,2026-09-01T14:40:00-04:00,bar_close,97012.7643659455,100094.58443430488,3081.820068359375,3081.820068359375,0.030789079007386932,0.030789079007386932,447.1823198455813,2235911.5992279053,-0.00381671979253273,2,1540.9100341796875,0.030789079007386932,7.179930688482273,0,354.30999755859375,0.0,-80.64512359618038,0,124.39800262451172,0.0,64.58396892700694,0,216.8300018310547,0.0,103.46565828554958
2026-09-01,2026-09-01T14:40:00-04:00,open_before_orders,97012.7643659455,100094.96431711738,3082.199951171875,3082.199951171875,0.03079275737995127,0.03079275737995127,447.1823198455813,2235911.5992279053,-0.003812939039474106,2,1541.0999755859375,0.03079275737995127,7.559813500982273,0,354.3500061035156,0.0,-80.64512359618038,0,124.41000366210938,0.0,64.58396892700694,0,216.8300018310547,0.0,103.46565828554958
2026-09-01,2026-09-01T14:45:00-04:00,bar_close,97012.7643659455,100067.96431711738,3055.199951171875,3055.199951171875,0.03053124915672198,0.03053124915672198,447.1823198455813,2235911.5992279053,-0.004081654362262155,2,1527.5999755859375,0.03053124915672198,-19.440186499017727,0,353.29998779296875,0.0,-80.64512359618038,0,124.0,0.0,64.58396892700694,0,216.51499938964844,0.0,103.46565828554958
2026-09-01,2026-09-01T14:45:00-04:00,open_before_orders,97012.7643659455,100068.74434641426,3055.97998046875,3055.97998046875,0.03053880610202994,0.03053880610202994,447.1823198455813,2235911.5992279053,-0.004073891183584588,2,1527.989990234375,0.03053880610202994,-18.660157202142727,0,353.3299865722656,0.0,-80.64512359618038,0,123.98999786376953,0.0,64.58396892700694,0,216.51499938964844,0.0,103.46565828554958
2026-09-01,2026-09-01T14:45:00-04:00,after_fill,86314.69524831856,100066.60516042793,13751.909912109375,13751.909912109375,0.13742756527077293,0.13742756527077293,449.3215058319094,2246607.529159546,-0.004095181259614833,9,1527.989990234375,0.13742756527077293,-20.79934318846972,0,353.3299865722656,0.0,-80.64512359618038,0,123.98999786376953,0.0,64.58396892700694,0,216.51499938964844,0.0,103.46565828554958
2026-09-01,2026-09-01T14:45:00-04:00,after_fill,118814.55274121407,100060.103888675,46258.26867675781,-18754.448852539062,0.4623048235910678,-0.18743183470411853,455.8227775848391,2279113.8879241943,-0.004159884642489731,9,1527.989990234375,0.1374364944434746,-20.79934318846972,-92,353.3299865722656,-0.32486832914759317,-87.14639534910748,0,123.98999786376953,0.0,64.58396892700694,0,216.51499938964844,0.0,103.46565828554958
2026-09-01,2026-09-01T14:50:00-04:00,bar_close,118814.55274121407,100060.463263675,46367.17053222656,-18754.089477539062,0.46339152368345327,-0.18742756994957235,455.8227775848391,2279113.8879241943,-0.0041563079917813495,9,1534.06005859375,0.13798197686694047,33.83127204590528,-92,353.9198913574219,-0.32540954681651285,-141.41763558348248,0,124.48999786376953,0.0,64.58396892700694,0,216.72000122070312,0.0,103.46565828554958
2026-09-01,2026-09-01T14:50:00-04:00,open_before_orders,118814.55274121407,100065.11157910469,46365.400634765625,-18749.441162109375,0.46335231034157476,-0.1873724104858199,455.8227775848391,2279113.8879241943,-0.004110046007295809,9,1534.219970703125,0.13798994992787744,35.27048103028028,-92,353.885009765625,-0.32536236041369737,-138.20852913816998,0,124.52100372314453,0.0,64.58396892700694,0,216.7299041748047,0.0,103.46565828554958
2026-09-01,2026-09-01T14:55:00-04:00,bar_close,118814.55274121407,100108.13184277657,46408.4208984375,-18706.4208984375,0.46358292822129177,-0.1868621514965099,455.8227775848391,2279113.8879241943,-0.0036818903021471616,9,1539.0,0.13836038836239092,78.29074470215528,-92,353.885009765625,-0.3252225398589008,-138.20852913816998,0,124.96499633789062,0.0,64.58396892700694,0,216.7449951171875,0.0,103.46565828554958
2026-09-01,2026-09-01T14:55:00-04:00,open_before_orders,118814.55274121407,100107.46448437813,46403.14904785156,-18707.088256835938,0.4635333567467671,-0.18687006361803518,455.8227775848391,2279113.8879241943,-0.0036885321327934095,9,1538.6700439453125,0.13833164656436595,75.32114020996778,-92,353.8599853515625,-0.3252017101824011,-135.90628304441998,0,124.95999908447266,0.0,64.58396892700694,0,216.74000549316406,0.0,103.46565828554958
2026-09-01,2026-09-01T14:55:00-04:00,after_fill,128044.72660083321,100105.6180803254,37171.12878417969,-27939.108520507812,0.3713191077283328,-0.27909630904120974,457.6691816375735,2288345.908187866,-0.0037069083202388997,3,1538.6700439453125,0.04611139934356153,73.47473615723356,-92,353.8599853515625,-0.3252077083847713,-135.90628304441998,0,124.95999908447266,0.0,64.58396892700694,0,216.74000549316406,0.0,103.46565828554958
2026-09-01,2026-09-01T14:55:00-04:00,after_fill,96898.81995415353,100099.39014458322,6031.4500732421875,3200.5701904296875,0.060254613584861824,0.03197392297602208,463.897117379761,2319485.5868988037,-0.0037688913485078857,3,1538.6700439453125,0.046114268280441954,73.47473615723356,-4,353.8599853515625,-0.014140345304419872,-142.13421878660665,0,124.95999908447266,0.0,64.58396892700694,0,216.74000549316406,0.0,103.46565828554958
2026-09-01,2026-09-01T15:00:00-04:00,bar_close,96898.81995415353,100093.69007134103,6029.710205078125,3194.8701171875,0.060240662531079577,0.031918796428729725,463.897117379761,2319485.5868988037,-0.0038256208678112413,3,1537.4300537109375,0.04607972947990465,69.75476545410856,-4,354.3550109863281,-0.014160933051174924,-144.11432132566915,0,125.45999908447266,0.0,64.58396892700694,0,217.30999755859375,0.0,103.46565828554958
2026-09-01,2026-09-01T15:00:00-04:00,open_before_orders,96898.81995415353,100093.59009575509,6029.8101806640625,3194.7701416015625,0.06024172152178387,0.03191782948883408,463.897117379761,2319485.5868988037,-0.003826615866768468,3,1537.4300537109375,0.04607977550530898,69.75476545410856,-4,354.3800048828125,-0.014161946016474896,-144.21429691160665,0,125.43000030517578,0.0,64.58396892700694,0,217.32000732421875,0.0,103.46565828554958
2026-09-01,2026-09-01T15:00:00-04:00,after_fill,95481.01643061837,100093.30659175118,4612.2901611328125,4612.2901611328125,0.04607990602153728,0.04607990602153728,464.1806213836673,2320903.106918335,-0.0038294374175062984,3,1537.4300537109375,0.04607990602153728,69.75476545410856,0,354.3800048828125,0.0,-144.49780091551293,0,125.43000030517578,0.0,64.58396892700694,0,217.32000732421875,0.0,103.46565828554958
2026-09-01,2026-09-01T15:00:00-04:00,after_fill,89330.06627173166,100092.07664770822,10762.010375976562,10762.010375976562,0.10752110193352629,0.10752110193352629,465.410565426636,2327052.8271331787,-0.003841678336414356,7,1537.4300537109375,0.10752110193352629,68.52482141113978,0,354.3800048828125,0.0,-144.49780091551293,0,125.43000030517578,0.0,64.58396892700694,0,217.32000732421875,0.0,103.46565828554958
2026-09-01,2026-09-01T15:05:00-04:00,bar_close,89330.06627173166,100095.40147680978,10765.335205078125,10765.335205078125,0.10755074704977581,0.10755074704977581,465.410565426636,2327052.8271331787,-0.003808588242886879,7,1537.905029296875,0.10755074704977581,71.84965051270228,0,354.67999267578125,0.0,-144.49780091551293,0,125.88500213623047,0.0,64.58396892700694,0,217.3699951171875,0.0,103.46565828554958
2026-09-01,2026-09-01T15:05:00-04:00,open_before_orders,89330.06627173166,100095.43651098947,10765.370239257812,10765.370239257812,0.10755105941394125,0.10755105941394125,465.410565426636,2327052.8271331787,-0.0038082395680386627,7,1537.9100341796875,0.10755105941394125,71.88468469238978,0,354.67999267578125,0.0,-144.49780091551293,0,125.92500305175781,0.0,64.58396892700694,0,217.375,0.0,103.46565828554958
2026-09-01,2026-09-01T15:05:00-04:00,after_fill,100093.28343694162,100093.28343694162,0.0,0.0,0.0,0.0,467.5636394744876,2337818.1973724365,-0.003829667863881392,0,1537.9100341796875,0.0,69.7316106445378,0,354.67999267578125,0.0,-144.49780091551293,0,125.92500305175781,0.0,64.58396892700694,0,217.375,0.0,103.46565828554958
2026-09-01,2026-09-01T15:10:00-04:00,bar_close,100093.28343694162,100093.28343694162,0.0,0.0,0.0,0.0,467.5636394744876,2337818.1973724365,-0.003829667863881392,0,1537.9300537109375,0.0,69.7316106445378,0,355.6400146484375,0.0,-144.49780091551293,0,125.43579864501953,0.0,64.58396892700694,0,217.6999969482422,0.0,103.46565828554958
2026-09-01,2026-09-01T15:10:00-04:00,open_before_orders,100093.28343694162,100093.28343694162,0.0,0.0,0.0,0.0,467.5636394744876,2337818.1973724365,-0.003829667863881392,0,1538.260009765625,0.0,69.7316106445378,0,355.6400146484375,0.0,-144.49780091551293,0,125.38500213623047,0.0,64.58396892700694,0,217.69500732421875,0.0,103.46565828554958
2026-09-01,2026-09-01T15:15:00-04:00,bar_close,100093.28343694162,100093.28343694162,0.0,0.0,0.0,0.0,467.5636394744876,2337818.1973724365,-0.003829667863881392,0,1542.0899658203125,0.0,69.7316106445378,0,356.03009033203125,0.0,-144.49780091551293,0,125.75,0.0,64.58396892700694,0,217.82620239257812,0.0,103.46565828554958
2026-09-01,2026-09-01T15:15:00-04:00,open_before_orders,100093.28343694162,100093.28343694162,0.0,0.0,0.0,0.0,467.5636394744876,2337818.1973724365,-0.003829667863881392,0,1542.18505859375,0.0,69.7316106445378,0,356.010009765625,0.0,-144.49780091551293,0,125.7699966430664,0.0,64.58396892700694,0,217.82000732421875,0.0,103.46565828554958
2026-09-01,2026-09-01T15:20:00-04:00,bar_close,100093.28343694162,100093.28343694162,0.0,0.0,0.0,0.0,467.5636394744876,2337818.1973724365,-0.003829667863881392,0,1539.31494140625,0.0,69.7316106445378,0,356.260009765625,0.0,-144.49780091551293,0,125.71499633789062,0.0,64.58396892700694,0,217.86959838867188,0.0,103.46565828554958
2026-09-01,2026-09-01T15:20:00-04:00,open_before_orders,100093.28343694162,100093.28343694162,0.0,0.0,0.0,0.0,467.5636394744876,2337818.1973724365,-0.003829667863881392,0,1539.1600341796875,0.0,69.7316106445378,0,356.29998779296875,0.0,-144.49780091551293,0,125.69999694824219,0.0,64.58396892700694,0,217.85499572753906,0.0,103.46565828554958
2026-09-01,2026-09-01T15:25:00-04:00,bar_close,100093.28343694162,100093.28343694162,0.0,0.0,0.0,0.0,467.5636394744876,2337818.1973724365,-0.003829667863881392,0,1537.969970703125,0.0,69.7316106445378,0,356.20001220703125,0.0,-144.49780091551293,0,125.63999938964844,0.0,64.58396892700694,0,217.66000366210938,0.0,103.46565828554958
2026-09-01,2026-09-01T15:25:00-04:00,open_before_orders,100093.28343694162,100093.28343694162,0.0,0.0,0.0,0.0,467.5636394744876,2337818.1973724365,-0.003829667863881392,0,1537.8682861328125,0.0,69.7316106445378,0,356.20001220703125,0.0,-144.49780091551293,0,125.61000061035156,0.0,64.58396892700694,0,217.64999389648438,0.0,103.46565828554958
2026-09-01,2026-09-01T15:30:00-04:00,bar_close,100093.28343694162,100093.28343694162,0.0,0.0,0.0,0.0,467.5636394744876,2337818.1973724365,-0.003829667863881392,0,1539.330810546875,0.0,69.7316106445378,0,356.614990234375,0.0,-144.49780091551293,0,125.88999938964844,0.0,64.58396892700694,0,217.58999633789062,0.0,103.46565828554958
2026-09-01,2026-09-01T15:30:00-04:00,open_before_orders,100093.28343694162,100093.28343694162,0.0,0.0,0.0,0.0,467.5636394744876,2337818.1973724365,-0.003829667863881392,0,1539.6400146484375,0.0,69.7316106445378,0,356.6199951171875,0.0,-144.49780091551293,0,125.86000061035156,0.0,64.58396892700694,0,217.60000610351562,0.0,103.46565828554958
2026-09-01,2026-09-01T15:35:00-04:00,bar_close,100093.28343694162,100093.28343694162,0.0,0.0,0.0,0.0,467.5636394744876,2337818.1973724365,-0.003829667863881392,0,1537.1400146484375,0.0,69.7316106445378,0,355.8919982910156,0.0,-144.49780091551293,0,126.01000213623047,0.0,64.58396892700694,0,217.30999755859375,0.0,103.46565828554958
2026-09-01,2026-09-01T15:35:00-04:00,open_before_orders,100093.28343694162,100093.28343694162,0.0,0.0,0.0,0.0,467.5636394744876,2337818.1973724365,-0.003829667863881392,0,1537.1400146484375,0.0,69.7316106445378,0,355.885009765625,0.0,-144.49780091551293,0,126.01000213623047,0.0,64.58396892700694,0,217.3032989501953,0.0,103.46565828554958
2026-09-01,2026-09-01T15:40:00-04:00,bar_close,100093.28343694162,100093.28343694162,0.0,0.0,0.0,0.0,467.5636394744876,2337818.1973724365,-0.003829667863881392,0,1536.3199462890625,0.0,69.7316106445378,0,355.375,0.0,-144.49780091551293,0,126.05000305175781,0.0,64.58396892700694,0,217.10000610351562,0.0,103.46565828554958
2026-09-01,2026-09-01T15:40:00-04:00,open_before_orders,100093.28343694162,100093.28343694162,0.0,0.0,0.0,0.0,467.5636394744876,2337818.1973724365,-0.003829667863881392,0,1536.625,0.0,69.7316106445378,0,355.4100036621094,0.0,-144.49780091551293,0,126.06999969482422,0.0,64.58396892700694,0,217.10000610351562,0.0,103.46565828554958
2026-09-01,2026-09-01T15:45:00-04:00,bar_close,100093.28343694162,100093.28343694162,0.0,0.0,0.0,0.0,467.5636394744876,2337818.1973724365,-0.003829667863881392,0,1538.4739990234375,0.0,69.7316106445378,0,356.29998779296875,0.0,-144.49780091551293,0,126.37000274658203,0.0,64.58396892700694,0,217.375,0.0,103.46565828554958
2026-09-01,2026-09-01T15:45:00-04:00,open_before_orders,100093.28343694162,100093.28343694162,0.0,0.0,0.0,0.0,467.5636394744876,2337818.1973724365,-0.003829667863881392,0,1538.5849609375,0.0,69.7316106445378,0,356.29998779296875,0.0,-144.49780091551293,0,126.34500122070312,0.0,64.58396892700694,0,217.375,0.0,103.46565828554958
2026-09-01,2026-09-01T15:50:00-04:00,bar_close,100093.28343694162,100093.28343694162,0.0,0.0,0.0,0.0,467.5636394744876,2337818.1973724365,-0.003829667863881392,0,1542.3499755859375,0.0,69.7316106445378,0,356.0799865722656,0.0,-144.49780091551293,0,125.86229705810547,0.0,64.58396892700694,0,217.59500122070312,0.0,103.46565828554958
2026-09-01,2026-09-01T15:50:00-04:00,open_before_orders,100093.28343694162,100093.28343694162,0.0,0.0,0.0,0.0,467.5636394744876,2337818.1973724365,-0.003829667863881392,0,1543.0400390625,0.0,69.7316106445378,0,356.04998779296875,0.0,-144.49780091551293,0,125.87000274658203,0.0,64.58396892700694,0,217.5800018310547,0.0,103.46565828554958
2026-09-01,2026-09-01T15:55:00-04:00,bar_close,100093.28343694162,100093.28343694162,0.0,0.0,0.0,0.0,467.5636394744876,2337818.1973724365,-0.003829667863881392,0,1533.7900390625,0.0,69.7316106445378,0,355.8800048828125,0.0,-144.49780091551293,0,125.0,0.0,64.58396892700694,0,216.89999389648438,0.0,103.46565828554958
2026-09-01,2026-09-01T15:55:00-04:00,open_before_orders,100093.28343694162,100093.28343694162,0.0,0.0,0.0,0.0,467.5636394744876,2337818.1973724365,-0.003829667863881392,0,1534.68994140625,0.0,69.7316106445378,0,355.9100036621094,0.0,-144.49780091551293,0,125.06999969482422,0.0,64.58396892700694,0,216.91000366210938,0.0,103.46565828554958
2026-09-01,2026-09-01T16:00:00-04:00,bar_close,100093.28343694162,100093.28343694162,0.0,0.0,0.0,0.0,467.5636394744876,2337818.1973724365,-0.003829667863881392,0,1536.989990234375,0.0,69.7316106445378,0,356.1199951171875,0.0,-144.49780091551293,0,124.91000366210938,0.0,64.58396892700694,0,217.5399932861328,0.0,103.46565828554958
2026-09-02,2026-09-02T09:30:00-04:00,open_before_orders,100093.28343694162,100093.28343694162,0.0,0.0,0.0,0.0,467.5636394744876,2337818.1973724365,-0.003829667863881392,0,1531.6199951171875,0.0,69.7316106445378,0,360.6099853515625,0.0,-144.49780091551293,0,123.3499984741211,0.0,64.58396892700694,0,218.78500366210938,0.0,103.46565828554958
2026-09-02,2026-09-02T09:35:00-04:00,bar_close,100093.28343694162,100093.28343694162,0.0,0.0,0.0,0.0,467.5636394744876,2337818.1973724365,-0.003829667863881392,0,1552.136474609375,0.0,69.7316106445378,0,356.69000244140625,0.0,-144.49780091551293,0,122.19499969482422,0.0,64.58396892700694,0,219.86500549316406,0.0,103.46565828554958
2026-09-02,2026-09-02T09:35:00-04:00,open_before_orders,100093.28343694162,100093.28343694162,0.0,0.0,0.0,0.0,467.5636394744876,2337818.1973724365,-0.003829667863881392,0,1553.6700439453125,0.0,69.7316106445378,0,356.70001220703125,0.0,-144.49780091551293,0,122.25,0.0,64.58396892700694,0,219.86000061035156,0.0,103.46565828554958
2026-09-02,2026-09-02T09:35:00-04:00,after_fill,67459.6870999055,100086.75802275706,32627.070922851562,32627.070922851562,0.32598788858195443,0.32598788858195443,474.0890536590579,2370445.268295288,-0.0038946115223602584,21,1553.6700439453125,0.32598788858195443,63.20619645997067,0,356.70001220703125,0.0,-144.49780091551293,0,122.25,0.0,64.58396892700694,0,219.86000061035156,0.0,103.46565828554958
2026-09-02,2026-09-02T09:40:00-04:00,bar_close,67459.6870999055,100330.35751006175,32870.67041015625,32870.67041015625,0.3276243723826039,0.3276243723826039,474.0890536590579,2370445.268295288,-0.0014702072682089007,21,1565.27001953125,0.3276243723826039,306.80568376465817,0,352.2950134277344,0.0,-144.49780091551293,0,122.35299682617188,0.0,64.58396892700694,0,219.8800048828125,0.0,103.46565828554958
2026-09-02,2026-09-02T09:40:00-04:00,open_before_orders,67459.6870999055,100358.49679228831,32898.80969238281,32898.80969238281,0.3278128981990771,0.3278128981990771,474.0890536590579,2370445.268295288,-0.0011901533309298662,21,1566.6099853515625,0.3278128981990771,334.94496599122067,0,352.2672119140625,0.0,-144.49780091551293,0,122.30500030517578,0.0,64.58396892700694,0,219.8800048828125,0.0,103.46565828554958
2026-09-02,2026-09-02T09:40:00-04:00,after_fill,100351.91703034984,100351.91703034984,0.0,0.0,0.0,0.0,480.6688155975345,2403344.077987671,-0.0012556378810471003,0,1566.6099853515625,0.0,328.36520405274496,0,352.2672119140625,0.0,-144.49780091551293,0,122.30500030517578,0.0,64.58396892700694,0,219.8800048828125,0.0,103.46565828554958
2026-09-02,2026-09-02T09:45:00-04:00,bar_close,100351.91703034984,100351.91703034984,0.0,0.0,0.0,0.0,480.6688155975345,2403344.077987671,-0.0012556378810471003,0,1581.989990234375,0.0,328.36520405274496,0,350.70989990234375,0.0,-144.49780091551293,0,124.5199966430664,0.0,64.58396892700694,0,219.5500946044922,0.0,103.46565828554958
2026-09-02,2026-09-02T09:45:00-04:00,open_before_orders,100351.91703034984,100351.91703034984,0.0,0.0,0.0,0.0,480.6688155975345,2403344.077987671,-0.0012556378810471003,0,1582.989990234375,0.0,328.36520405274496,0,350.6499938964844,0.0,-144.49780091551293,0,124.53500366210938,0.0,64.58396892700694,0,219.5850067138672,0.0,103.46565828554958
2026-09-02,2026-09-02T09:45:00-04:00,after_fill,30224.687327169915,100337.8943889375,70113.20706176758,70113.20706176758,0.6987709627430425,0.6987709627430425,494.691457009888,2473457.2850494385,-0.0013951970889529708,0,1582.989990234375,0.0,328.36520405274496,0,350.6499938964844,0.0,-144.49780091551293,563,124.53500366210938,0.6987709627430425,50.56132751466066,0,219.5850067138672,0.0,103.46565828554958
2026-09-02,2026-09-02T09:50:00-04:00,bar_close,30224.687327169915,99742.97135426952,69518.28402709961,69518.28402709961,0.6969742637822857,0.6969742637822857,494.691457009888,2473457.2850494385,-0.007316120618392152,0,1555.1033935546875,0.0,328.36520405274496,0,351.55999755859375,0.0,-144.49780091551293,563,123.47830200195312,0.6969742637822857,-544.3617071533081,0,219.94000244140625,0.0,103.46565828554958
2026-09-02,2026-09-02T09:50:00-04:00,open_before_orders,30224.687327169915,99665.10526540234,69440.41793823242,69440.41793823242,0.6967375166395164,0.6967375166395164,494.691457009888,2473457.2850494385,-0.008091076588917834,0,1554.81005859375,0.0,328.36520405274496,0,351.6600036621094,0.0,-144.49780091551293,563,123.33999633789062,0.6967375166395164,-622.2277960204956,0,219.9499969482422,0.0,103.46565828554958
2026-09-02,2026-09-02T09:50:00-04:00,after_fill,99651.21718181469,99651.21718181469,0.0,0.0,0.0,0.0,508.57954059753445,2542897.702987671,-0.008229296620923754,0,1554.81005859375,0.0,328.36520405274496,0,351.6600036621094,0.0,-144.49780091551293,0,123.33999633789062,0.0,-636.1158796081436,0,219.9499969482422,0.0,103.46565828554958
2026-09-02,2026-09-02T09:50:00-04:00,after_fill,82064.7003986726,99647.70058177807,17583.00018310547,17583.00018310547,0.1764516399319781,0.1764516399319781,512.0961406341555,2560480.7031707764,-0.00826429529921846,0,1554.81005859375,0.0,328.36520405274496,50,351.6600036621094,0.1764516399319781,-148.01440095213547,0,123.33999633789062,0.0,-636.1158796081436,0,219.9499969482422,0.0,103.46565828554958
2026-09-02,2026-09-02T09:55:00-04:00,bar_close,82064.7003986726,99684.20113109448,17619.500732421875,17619.500732421875,0.17675319190500918,0.17675319190500918,512.0961406341555,2560480.7031707764,-0.00790102652545921,0,1519.449951171875,0.0,328.36520405274496,50,352.3900146484375,0.17675319190500918,-111.51385163572922,0,123.93000030517578,0.0,-636.1158796081436,0,219.8699951171875,0.0,103.46565828554958
2026-09-02,2026-09-02T09:55:00-04:00,open_before_orders,82064.7003986726,99684.20113109448,17619.500732421875,17619.500732421875,0.17675319190500918,0.17675319190500918,512.0961406341555,2560480.7031707764,-0.00790102652545921,0,1519.5,0.0,328.36520405274496,50,352.3900146484375,0.17675319190500918,-111.51385163572922,0,123.98999786376953,0.0,-636.1158796081436,0,219.86500549316406,0.0,103.46565828554958
2026-09-02,2026-09-02T09:55:00-04:00,after_fill,82417.01993531811,99684.13065309155,17267.110717773438,17267.110717773438,0.17321825053442372,0.17321825053442372,512.1666186370852,2560833.093185425,-0.007901727952100202,0,1519.5,0.0,328.36520405274496,49,352.3900146484375,0.17321825053442372,-111.58432963865926,0,123.98999786376953,0.0,-636.1158796081436,0,219.86500549316406,0.0,103.46565828554958
2026-09-02,2026-09-02T09:55:00-04:00,after_fill,88493.80433531811,99682.91505309155,23345.110717773438,11189.110717773438,0.23419370014751004,0.11224702559926211,513.3822186370852,2566911.093185425,-0.007913826113077227,-4,1519.5,-0.06097333727412397,327.1496040527454,49,352.3900146484375,0.17322036287338607,-111.58432963865926,0,123.98999786376953,0.0,-636.1158796081436,0,219.86500549316406,0.0,103.46565828554958
2026-09-02,2026-09-02T10:00:00-04:00,bar_close,88493.80433531811,99636.84358092358,23333.35955810547,11143.039245605469,0.2341840499910503,0.11183653400817797,513.3822186370852,2566911.093185425,-0.008372348724741574,-4,1523.7900390625,-0.06117375799143617,309.9894478027454,49,351.79998779296875,0.17301029199961415,-140.495645556628,0,123.4000015258789,0.0,-636.1158796081436,0,221.4600067138672,0.0,103.46565828554958
2026-09-02,2026-09-02T10:00:00-04:00,open_before_orders,88493.80433531811,99633.85465880444,23329.490753173828,11140.050323486328,0.23415224506836088,0.11180988993786667,513.3822186370852,2566911.093185425,-0.008402095731113168,-4,1523.6800537109375,-0.06117117756524711,310.4293892089954,49,351.7300109863281,0.1729810675031138,-143.92450908201863,0,123.34500122070312,0.0,-636.1158796081436,0,221.4600067138672,0.0,103.46565828554958
2026-09-02,2026-09-02T10:00:00-04:00,after_fill,105725.12791954052,99630.40770469677,6094.72021484375,-6094.72021484375,0.06117329392958444,-0.06117329392958444,516.8291727447512,2584145.863723755,-0.008436401263916093,-4,1523.6800537109375,-0.06117329392958444,310.4293892089954,0,351.7300109863281,0.0,-147.3714631896837,0,123.34500122070312,0.0,-636.1158796081436,0,221.4600067138672,0.0,103.46565828554958
2026-09-02,2026-09-02T10:05:00-04:00,bar_close,105725.12791954052,99621.48778282177,6103.64013671875,-6103.64013671875,0.06126830940353845,-0.06126830940353845,516.8291727447512,2584145.863723755,-0.008525176067097018,-4,1525.9100341796875,-0.06126830940353845,301.5094673339954,0,351.07110595703125,0.0,-147.3714631896837,0,123.57499694824219,0.0,-636.1158796081436,0,221.91659545898438,0.0,103.46565828554958
2026-09-02,2026-09-02T10:05:00-04:00,open_before_orders,105725.12791954052,99621.48778282177,6103.64013671875,-6103.64013671875,0.06126830940353845,-0.06126830940353845,516.8291727447512,2584145.863723755,-0.008525176067097018,-4,1525.9100341796875,-0.06126830940353845,301.5094673339954,0,351.14990234375,0.0,-147.3714631896837,0,123.52999877929688,0.0,-636.1158796081436,0,221.91000366210938,0.0,103.46565828554958
2026-09-02,2026-09-02T10:10:00-04:00,bar_close,105725.12791954052,99609.96776329052,6115.16015625,-6115.16015625,0.06139104643404606,-0.06139104643404606,516.8291727447512,2584145.863723755,-0.008639828132536498,-4,1528.7900390625,-0.06139104643404606,289.9894478027454,0,351.6499938964844,0.0,-147.3714631896837,0,123.46009826660156,0.0,-636.1158796081436,0,222.21499633789062,0.0,103.46565828554958
2026-09-02,2026-09-02T10:10:00-04:00,open_before_orders,105725.12791954052,99611.80809532177,6113.31982421875,-6113.31982421875,0.06137143719315601,-0.06137143719315601,516.8291727447512,2584145.863723755,-0.00862151237639519,-4,1528.3299560546875,-0.06137143719315601,291.8297798339954,0,351.71990966796875,0.0,-147.3714631896837,0,123.5,0.0,-636.1158796081436,0,222.1999969482422,0.0,103.46565828554958
2026-09-02,2026-09-02T10:10:00-04:00,after_fill,99610.58543135693,99610.58543135693,0.0,0.0,0.0,0.0,518.0518367095949,2590259.1835479736,-0.00863368084091276,0,1528.3299560546875,0.0,290.60711586915204,0,351.71990966796875,0.0,-147.3714631896837,0,123.5,0.0,-636.1158796081436,0,222.1999969482422,0.0,103.46565828554958
2026-09-02,2026-09-02T10:10:00-04:00,after_fill,48600.99865212109,99600.38555397655,50999.38690185547,50999.38690185547,0.5120400550479527,0.5120400550479527,528.251714089966,2641258.570449829,-0.008735194298048587,0,1528.3299560546875,0.0,290.60711586915204,145,351.71990966796875,0.5120400550479527,-157.5713405700517,0,123.5,0.0,-636.1158796081436,0,222.1999969482422,0.0,103.46565828554958
2026-09-02,2026-09-02T10:15:00-04:00,bar_close,48600.99865212109,99759.17400612499,51158.175354003906,51158.175354003906,0.5128167495739581,0.5128167495739581,528.251714089966,2641258.570449829,-0.007154865032341751,0,1525.02001953125,0.0,290.60711586915204,145,352.81500244140625,0.5128167495739581,1.2171115783858113,0,123.80500030517578,0.0,-636.1158796081436,0,222.42999267578125,0.0,103.46565828554958
2026-09-02,2026-09-02T10:15:00-04:00,open_before_orders,48600.99865212109,99757.17388405467,51156.175231933594,51156.175231933594,0.5128069815950397,0.5128069815950397,528.251714089966,2641258.570449829,-0.007174771085961651,0,1525.7698974609375,0.0,290.60711586915204,145,352.80120849609375,0.5128069815950397,-0.7830104919266887,0,123.8499984741211,0.0,-636.1158796081436,0,222.43499755859375,0.0,103.46565828554958
2026-09-02,2026-09-02T10:20:00-04:00,bar_close,48600.99865212109,100020.89794411327,51419.89929199219,51419.89929199219,0.5140915583533662,0.5140915583533662,528.251714089966,2641258.570449829,-0.0045500786442719265,0,1534.5,0.0,290.60711586915204,145,354.6199951171875,0.5140915583533662,262.94104956666706,0,123.67620086669922,0.0,-636.1158796081436,0,222.97250366210938,0.0,103.46565828554958
2026-09-02,2026-09-02T10:20:00-04:00,open_before_orders,48600.99865212109,100020.89794411327,51419.89929199219,51419.89929199219,0.5140915583533662,0.5140915583533662,528.251714089966,2641258.570449829,-0.0045500786442719265,0,1534.56005859375,0.0,290.60711586915204,145,354.6199951171875,0.5140915583533662,262.94104956666706,0,123.6500015258789,0.0,-636.1158796081436,0,222.9600067138672,0.0,103.46565828554958
2026-09-02,2026-09-02T10:20:00-04:00,after_fill,84765.00390617384,100013.6636962129,15248.659790039062,15248.659790039062,0.15246576544137205,0.15246576544137205,535.4859619903566,2677429.809951782,-0.004622076913148865,0,1534.56005859375,0.0,290.60711586915204,43,354.6199951171875,0.15246576544137205,255.70680166628154,0,123.6500015258789,0.0,-636.1158796081436,0,222.9600067138672,0.0,103.46565828554958
2026-09-02,2026-09-02T10:25:00-04:00,bar_close,84765.00390617384,100021.03857414259,15256.03466796875,15256.03466796875,0.15252825690926924,0.15252825690926924,535.4859619903566,2677429.809951782,-0.00454867903524514,0,1531.8634033203125,0.0,290.60711586915204,43,354.79150390625,0.15252825690926924,263.08167959596904,0,123.66999816894531,0.0,-636.1158796081436,0,223.19000244140625,0.0,103.46565828554958
2026-09-02,2026-09-02T10:25:00-04:00,open_before_orders,84765.00390617384,100021.18948356641,15256.185577392578,15256.185577392578,0.15252953555305584,0.15252953555305584,535.4859619903566,2677429.809951782,-0.004547177121373536,0,1531.3299560546875,0.0,290.60711586915204,43,354.7950134277344,0.15252953555305584,263.23258901979716,0,123.63999938964844,0.0,-636.1158796081436,0,223.19009399414062,0.0,103.46565828554958
2026-09-02,2026-09-02T10:30:00-04:00,bar_close,84765.00390617384,100030.86343376173,15265.85952758789,15265.85952758789,0.15261149412847577,0.15261149412847577,535.4859619903566,2677429.809951782,-0.004450897912137597,0,1535.0,0.0,290.60711586915204,43,355.0199890136719,0.15261149412847577,272.90653921510966,0,123.62999725341797,0.0,-636.1158796081436,0,222.8300018310547,0.0,103.46565828554958
2026-09-02,2026-09-02T10:30:00-04:00,open_before_orders,84765.00390617384,100031.72427360548,15266.72036743164,15266.72036743164,0.15261878647292237,0.15261878647292237,535.4859619903566,2677429.809951782,-0.004442330473008571,0,1533.656982421875,0.0,290.60711586915204,43,355.0400085449219,0.15261878647292237,273.76737905885966,0,123.58999633789062,0.0,-636.1158796081436,0,222.83999633789062,0.0,103.46565828554958
2026-09-02,2026-09-02T10:30:00-04:00,after_fill,73046.34036013501,100029.38100954908,26983.040649414062,26983.040649414062,0.26975115088274104,0.26975115088274104,537.8292260467531,2689146.1302337646,-0.004465651619575017,0,1533.656982421875,0.0,290.60711586915204,76,355.0400085449219,0.26975115088274104,271.4241150024609,0,123.58999633789062,0.0,-636.1158796081436,0,222.83999633789062,0.0,103.46565828554958
2026-09-02,2026-09-02T10:35:00-04:00,bar_close,73046.34036013501,100044.19924685376,26997.85888671875,26997.85888671875,0.26985931308323996,0.26985931308323996,537.8292260467531,2689146.1302337646,-0.004318174307705425,0,1542.04443359375,0.0,290.60711586915204,76,355.2349853515625,0.26985931308323996,286.2423523071484,0,123.41999816894531,0.0,-636.1158796081436,0,223.35499572753906,0.0,103.46565828554958
2026-09-02,2026-09-02T10:35:00-04:00,open_before_orders,73046.34036013501,100044.19924685376,26997.85888671875,26997.85888671875,0.26985931308323996,0.26985931308323996,537.8292260467531,2689146.1302337646,-0.004318174307705425,0,1542.3599853515625,0.0,290.60711586915204,76,355.2349853515625,0.26985931308323996,286.2423523071484,0,123.45659637451172,0.0,-636.1158796081436,0,223.35009765625,0.0,103.46565828554958
2026-09-02,2026-09-02T10:35:00-04:00,after_fill,71503.67190278639,100043.8907748567,28540.218872070312,28540.218872070312,0.2852769784443761,0.2852769784443761,538.1376980438234,2690688.490219116,-0.0043212443503818365,1,1542.3599853515625,0.015416833285928066,290.2986438720818,76,355.2349853515625,0.26986014515844803,286.2423523071484,0,123.45659637451172,0.0,-636.1158796081436,0,223.35009765625,0.0,103.46565828554958
2026-09-02,2026-09-02T10:35:00-04:00,after_fill,96290.57437046217,100038.93240268873,53332.07971191406,3748.3580322265625,0.5331132433244625,0.037468992743127455,543.0960702117922,2715480.35105896,-0.004370592149552821,1,1542.3599853515625,0.015417597412406099,290.2986438720818,76,355.2349853515625,0.2698735206213889,286.2423523071484,0,123.45659637451172,0.0,-636.1158796081436,-111,223.35009765625,-0.24782212529066755,98.5072861175795
2026-09-02,2026-09-02T10:40:00-04:00,bar_close,96290.57437046217,100013.8780508821,53403.5744934082,3723.303680419922,0.5339616414657885,0.03722787030141647,543.0960702117922,2715480.35105896,-0.004619943565588702,1,1541.6400146484375,0.015414260947506982,289.5786731689568,76,355.54998779296875,0.2701804949360955,310.1825378540234,0,123.43000030517578,0.0,-636.1158796081436,-111,223.78500366210938,-0.24836688558218603,50.23271946718887
2026-09-02,2026-09-02T10:40:00-04:00,open_before_orders,96290.57437046217,100010.76818760084,53400.46463012695,3720.193817138672,0.5339471498704821,0.037197932628217675,543.0960702117922,2715480.35105896,-0.004650894229123792,1,1540.81005859375,0.015406441591404323,288.7487171142693,76,355.5199890136719,0.2701660996579456,307.9026306274609,0,123.44000244140625,0.0,-636.1158796081436,-111,223.78500366210938,-0.24837460862113223,50.23271946718887
2026-09-02,2026-09-02T10:40:00-04:00,after_fill,87043.86504682936,100008.91921553054,62645.32498168945,12965.054168701172,0.6263973800844872,0.1296389789070714,544.9450422821046,2724725.2114105225,-0.004669295974557119,7,1540.81005859375,0.10784708498760906,286.8997450439583,76,355.5199890136719,0.27017109450817023,307.9026306274609,0,123.44000244140625,0.0,-636.1158796081436,-111,223.78500366210938,-0.24837920058870788,50.23271946718887
2026-09-02,2026-09-02T10:40:00-04:00,after_fill,117920.01908609939,100002.74274942947,93527.65548706055,-17917.276336669922,0.9352509032817916,-0.17916784924153636,551.1215083831788,2755607.5419158936,-0.004730766755373317,7,1540.81005859375,0.10785374594356097,286.8997450439583,76,355.5199890136719,0.27018778107656666,307.9026306274609,0,123.44000244140625,0.0,-636.1158796081436,-249,223.78500366210938,-0.557209376261664,44.056253366114106
2026-09-02,2026-09-02T10:45:00-04:00,bar_close,117920.01908609939,100001.53709147048,93668.38165283203,-17918.481994628906,0.9366694190625733,-0.17918206575403972,551.1215083831788,2755607.5419158936,-0.004742765968988816,7,1542.8499755859375,0.10799783826545534,301.1791639892708,76,356.25,0.27074583838881144,363.3834655883984,0,123.83999633789062,0.0,-636.1158796081436,-249,224.07000732421875,-0.5579257424083065,-26.90965849912027
2026-09-02,2026-09-02T10:45:00-04:00,open_before_orders,117920.01908609939,100003.03794596267,93664.89764404297,-17916.98114013672,0.9366205224150834,-0.17916436848466827,551.1215083831788,2755607.5419158936,-0.004727828835680459,7,1542.9200439453125,0.1080011220604446,301.6696425048958,76,356.2304992675781,0.270726954904763,361.9014099243359,0,123.83999633789062,0.0,-636.1158796081436,-249,224.05999755859375,-0.5578924454498758,-24.41722685849527
2026-09-02,2026-09-02T10:45:00-04:00,after_fill,144988.12232684647,99997.62324237381,66591.37969970703,-44990.499084472656,0.6659296245302064,-0.4499156842500634,556.536211972046,2782681.0598602295,-0.004781718236520627,7,1542.9200439453125,0.10800697014007149,301.6696425048958,0,356.2304992675781,0.0,356.4867063354686,0,123.83999633789062,0.0,-636.1158796081436,-249,224.05999755859375,-0.5579226543901349,-24.41722685849527
2026-09-02,2026-09-02T10:45:00-04:00,after_fill,124926.15016344315,99993.61165025955,86649.3402709961,-24932.538513183594,0.8665487608754772,-0.24934131392701703,560.5478040863038,2802739.0204315186,-0.0048216432835530565,20,1542.9200439453125,0.3086037234742301,297.6580503906371,0,356.2304992675781,0.0,356.4867063354686,0,123.83999633789062,0.0,-636.1158796081436,-249,224.05999755859375,-0.5579450374012471,-24.41722685849527
2026-09-02,2026-09-02T10:50:00-04:00,bar_close,124926.15016344315,99777.38122728592,86268.76893615723,-25148.768936157227,0.8646124790511688,-0.25204879730076385,560.5478040863038,2802739.0204315186,-0.006973659131921939,20,1528.0,0.30628184087520244,-0.7428285156129277,0,353.9700012207031,0.0,356.4867063354686,0,123.47010040283203,0.0,-636.1158796081436,-249,223.72999572753906,-0.5583306381759663,57.75322907412192
2026-09-02,2026-09-02T10:50:00-04:00,open_before_orders,124926.15016344315,99763.66868761307,86250.07913208008,-25162.481475830078,0.8645439794536057,-0.2522208917017736,560.5478040863038,2802739.0204315186,-0.007110132077271403,20,1527.18994140625,0.30616154387591604,-16.944000390612928,0,353.9700012207031,0.0,356.4867063354686,0,123.44999694824219,0.0,-636.1158796081436,-249,223.72000122070312,-0.5583824355776896,60.241861276270356
2026-09-02,2026-09-02T10:50:00-04:00,after_fill,141721.8797010408,99760.30886974197,69450.98977661133,-41961.57083129883,0.6961785760636946,-0.4206239065086343,563.9076219573975,2819538.1097869873,-0.007143570393706167,9,1527.18994140625,0.13777733477753015,-20.3038182617056,0,353.9700012207031,0.0,356.4867063354686,0,123.44999694824219,0.0,-636.1158796081436,-249,223.72000122070312,-0.5584012412861644,60.241861276270356
2026-09-02,2026-09-02T10:55:00-04:00,bar_close,141721.8797010408,99731.6588605867,69432.3018951416,-41990.2208404541,0.696191186313264,-0.42103201049880823,563.9076219573975,2819538.1097869873,-0.007428707299559578,9,1524.56005859375,0.13757958790722788,-43.9727635742056,0,352.5700988769531,0.0,356.4867063354686,0,123.12999725341797,0.0,-636.1158796081436,-249,223.74000549316406,-0.5586115984060361,55.26079743349692
2026-09-02,2026-09-02T10:55:00-04:00,open_before_orders,141721.8797010408,99737.65199413162,69423.35563659668,-41984.22770690918,0.6960596549904886,-0.42094662213804124,563.9076219573975,2819538.1097869873,-0.007369061121224929,9,1524.39599609375,0.1375565164262237,-45.4493260742056,0,352.5950012207031,0.0,356.4867063354686,0,123.19999694824219,0.0,-636.1158796081436,-249,223.7100067138672,-0.5585031385642649,62.73049347841879
2026-09-02,2026-09-02T10:55:00-04:00,after_fill,152390.51751930252,99735.51783973709,58752.58366394043,-52654.99967956543,0.5890838583537383,-0.5279463206294837,566.0417763519288,2830208.8817596436,-0.007390301120743681,2,1524.39599609375,0.03056876886212733,-47.583480468736525,0,352.5950012207031,0.0,356.4867063354686,0,123.19999694824219,0.0,-636.1158796081436,-249,223.7100067138672,-0.558515089491611,62.73049347841879
2026-09-02,2026-09-02T11:00:00-04:00,bar_close,152390.51751930252,99663.95801002518,58826.139587402344,-52726.559509277344,0.5902448664690302,-0.529043403072288,566.0417763519288,2830208.8817596436,-0.008102494555547235,2,1524.89501953125,0.03060073169837106,-46.585433593736525,0,351.3699951171875,0.0,356.4867063354686,0,122.61000061035156,0.0,-636.1158796081436,-249,224.00140380859375,-0.5596441347706591,-9.827383108495269
2026-09-02,2026-09-02T11:00:00-04:00,open_before_orders,152390.51751930252,99652.15684730545,58838.54084777832,-52738.36067199707,0.5904392108435261,-0.5292244778284806,566.0417763519288,2830208.8817596436,-0.00821994467589926,2,1525.0450439453125,0.03060736650752279,-46.285384765611525,0,351.3500061035156,0.0,356.4867063354686,0,122.61000061035156,0.0,-636.1158796081436,-249,224.0500030517578,-0.5598318443360033,-21.92859465634683
2026-09-02,2026-09-02T11:00:00-04:00,after_fill,155439.99758917556,99651.54682928786,55788.450759887695,-55788.450759887695,0.5598352713526702,-0.5598352713526702,566.6517943695069,2833258.971847534,-0.008226015831028999,0,1525.0450439453125,0.0,-46.89540278318964,0,351.3500061035156,0.0,356.4867063354686,0,122.61000061035156,0.0,-636.1158796081436,-249,224.0500030517578,-0.5598352713526702,-21.92859465634683
2026-09-02,2026-09-02T11:00:00-04:00,after_fill,169328.3195583467,99648.76860925002,69679.55094909668,-69679.55094909668,0.6992515002601707,-0.6992515002601707,569.4300144073487,2847150.072036743,-0.008253665841926883,0,1525.0450439453125,0.0,-46.89540278318964,0,351.3500061035156,0.0,356.4867063354686,0,122.61000061035156,0.0,-636.1158796081436,-311,224.0500030517578,-0.6992515002601707,-24.706814694189234
2026-09-02,2026-09-02T11:05:00-04:00,bar_close,169328.3195583467,99213.37050744338,70114.94905090332,-70114.94905090332,0.706708669328425,-0.706708669328425,569.4300144073487,2847150.072036743,-0.0125869303407522,0,1526.3499755859375,0.0,-46.89540278318964,0,353.5150146484375,0.0,356.4867063354686,0,122.36499786376953,0.0,-636.1158796081436,-311,225.4499969482422,-0.706708669328425,-460.10491650082986
2026-09-02,2026-09-02T11:05:00-04:00,open_before_orders,169328.3195583467,99216.45032616897,70111.86923217773,-70111.86923217773,0.7066556906812185,-0.7066556906812185,569.4300144073487,2847150.072036743,-0.012556278693234613,0,1526.06005859375,0.0,-46.89540278318964,0,353.5201110839844,0.0,356.4867063354686,0,122.41000366210938,0.0,-636.1158796081436,-311,225.44009399414062,-0.7066556906812185,-457.0250977752439
2026-09-02,2026-09-02T11:05:00-04:00,after_fill,168651.8640123079,99216.31506211258,69435.54895019531,-69435.54895019531,0.6998400304095798,-0.6998400304095798,569.5652784637452,2847826.3923187256,-0.012557624897848507,0,1526.06005859375,0.0,-46.89540278318964,0,353.5201110839844,0.0,356.4867063354686,0,122.41000366210938,0.0,-636.1158796081436,-308,225.44009399414062,-0.6998400304095798,-457.16036183164397
2026-09-02,2026-09-02T11:05:00-04:00,after_fill,165599.13347109695,99215.70463808914,72487.66906738281,-66383.42883300781,0.730606805966831,-0.6690818663754474,570.1757024871828,2850878.512435913,-0.012563700093718766,2,1526.06005859375,0.03076246979569184,-47.50582680662728,0,353.5201110839844,0.0,356.4867063354686,0,122.41000366210938,0.0,-636.1158796081436,-308,225.44009399414062,-0.6998443361711392,-457.16036183164397
2026-09-02,2026-09-02T11:10:00-04:00,bar_close,165599.13347109695,99053.11229189773,72682.30145263672,-66546.02117919922,0.7337710019494453,-0.6718216080186962,570.1757024871828,2850878.512435913,-0.01418188730815173,2,1534.070068359375,0.030974696965374558,-31.485807275377283,0,353.79998779296875,0.0,356.4867063354686,0,121.81600189208984,0.0,-636.1158796081436,-308,226.02000427246094,-0.7027963049840708,-635.7727275543002
2026-09-02,2026-09-02T11:10:00-04:00,open_before_orders,165599.13347109695,99051.31523379227,72683.57800292969,-66547.81823730469,0.7337972023023983,-0.6718519393733531,570.1757024871828,2850878.512435913,-0.014199772384036247,2,1533.93994140625,0.03097263146452259,-31.746061181627283,0,353.8017883300781,0.0,356.4867063354686,0,121.75,0.0,-636.1158796081436,-308,226.02499389648438,-0.7028245708378756,-637.309531753519
2026-09-02,2026-09-02T11:10:00-04:00,after_fill,167132.76662451492,99051.00844580398,71149.63806152344,-68081.75817871094,0.7183131113748645,-0.6873403839796548,570.482490475464,2852412.4523773193,-0.014202825666751018,1,1533.93994140625,0.015486363697604848,-32.05284916990854,0,353.8017883300781,0.0,356.4867063354686,0,121.75,0.0,-636.1158796081436,-308,226.02499389648438,-0.7028267476772596,-637.309531753519
2026-09-02,2026-09-02T11:10:00-04:00,after_fill,97503.1453647737,99037.08530617996,1533.93994140625,1533.93994140625,0.015488540849763189,0.015488540849763189,584.4056300994874,2922028.1504974365,-0.014341394591132262,1,1533.93994140625,0.015488540849763189,-32.05284916990854,0,353.8017883300781,0.0,356.4867063354686,0,121.75,0.0,-636.1158796081436,0,226.02499389648438,0.0,-651.2326713775401
2026-09-02,2026-09-02T11:15:00-04:00,bar_close,97503.1453647737,99037.59531594558,1534.449951171875,1534.449951171875,0.015493610747279729,0.015493610747279729,584.4056300994874,2922028.1504974365,-0.014336318760065803,1,1534.449951171875,0.015493610747279729,-31.54283940428354,0,354.1419982910156,0.0,356.4867063354686,0,122.04199981689453,0.0,-636.1158796081436,0,226.49000549316406,0.0,-651.2326713775401
2026-09-02,2026-09-02T11:15:00-04:00,open_before_orders,97503.1453647737,99037.52536965652,1534.3800048828125,1534.3800048828125,0.015492915429336056,0.015492915429336056,584.4056300994874,2922028.1504974365,-0.014337014894867384,1,1534.3800048828125,0.015492915429336056,-31.61278569334604,0,354.18890380859375,0.0,356.4867063354686,0,122.05000305175781,0.0,-636.1158796081436,0,226.4801025390625,0.0,-651.2326713775401
2026-09-02,2026-09-02T11:15:00-04:00,after_fill,99037.21849365554,99037.21849365554,0.0,0.0,0.0,0.0,584.712506100464,2923562.5305023193,-0.014340069053521365,0,1534.3800048828125,0.0,-31.919661694322485,0,354.18890380859375,0.0,356.4867063354686,0,122.05000305175781,0.0,-636.1158796081436,0,226.4801025390625,0.0,-651.2326713775401
2026-09-02,2026-09-02T11:15:00-04:00,after_fill,77427.37425670486,99032.89738902908,21605.52313232422,21605.52313232422,0.2181651118158408,0.2181651118158408,589.0336107269288,2945168.0536346436,-0.014383074498873216,0,1534.3800048828125,0.0,-31.919661694322485,61,354.18890380859375,0.2181651118158408,352.16560170900266,0,122.05000305175781,0.0,-636.1158796081436,0,226.4801025390625,0.0,-651.2326713775401
2026-09-02,2026-09-02T11:20:00-04:00,bar_close,77427.37425670486,99064.98903331619,21637.614776611328,21637.614776611328,0.21841838360608368,0.21841838360608368,589.0336107269288,2945168.0536346436,-0.014063684996895143,0,1537.93505859375,0.0,-31.919661694322485,61,354.7149963378906,0.21841838360608368,384.25724599611203,0,122.55999755859375,0.0,-636.1158796081436,0,226.5500030517578,0.0,-651.2326713775401
2026-09-02,2026-09-02T11:20:00-04:00,open_before_orders,77427.37425670486,99065.53819713455,21638.163940429688,21638.163940429688,0.218422716256495,0.218422716256495,589.0336107269288,2945168.0536346436,-0.014058219488276014,0,1538.52001953125,0.0,-31.919661694322485,61,354.7239990234375,0.218422716256495,384.8064098144714,0,122.53500366210938,0.0,-636.1158796081436,0,226.54200744628906,0.0,-651.2326713775401
2026-09-02,2026-09-02T11:25:00-04:00,bar_close,77427.37425670486,99097.01366100174,21669.639404296875,21669.639404296875,0.21867096296590685,0.21867096296590685,589.0336107269288,2945168.0536346436,-0.013744962472239886,0,1536.8424072265625,0.0,-31.919661694322485,61,355.239990234375,0.21867096296590685,416.2818736816589,0,122.19000244140625,0.0,-636.1158796081436,0,226.54989624023438,0.0,-651.2326713775401
2026-09-02,2026-09-02T11:25:00-04:00,open_before_orders,77427.37425670486,99098.23485240799,21670.860595703125,21670.860595703125,0.2186805913140495,0.2186805913140495,589.0336107269288,2945168.0536346436,-0.013732808663243001,0,1536.360107421875,0.0,-31.919661694322485,61,355.260009765625,0.2186805913140495,417.5030650879089,0,122.19000244140625,0.0,-636.1158796081436,0,226.55999755859375,0.0,-651.2326713775401
2026-09-02,2026-09-02T11:30:00-04:00,bar_close,77427.37425670486,99018.0197034822,21590.645446777344,21590.645446777344,0.21804763932294696,0.21804763932294696,589.0336107269288,2945168.0536346436,-0.01453114346457951,0,1546.18994140625,0.0,-31.919661694322485,61,353.94500732421875,0.21804763932294696,337.28791616212766,0,122.12999725341797,0.0,-636.1158796081436,0,226.30999755859375,0.0,-651.2326713775401
2026-09-02,2026-09-02T11:30:00-04:00,open_before_orders,77427.37425670486,99018.32500133377,21590.950744628906,21590.950744628906,0.21805005027441213,0.21805005027441213,589.0336107269288,2945168.0536346436,-0.014528105012330261,0,1546.324951171875,0.0,-31.919661694322485,61,353.95001220703125,0.21805005027441213,337.59321401369016,0,122.1500015258789,0.0,-636.1158796081436,0,226.32000732421875,0.0,-651.2326713775401
2026-09-02,2026-09-02T11:30:00-04:00,after_fill,99014.00681118484,99014.00681118484,0.0,0.0,0.0,0.0,593.3518008758546,2966759.0043792725,-0.014571081451579482,0,1546.324951171875,0.0,-31.919661694322485,0,353.95001220703125,0.0,333.2750238647641,0,122.1500015258789,0.0,-636.1158796081436,0,226.32000732421875,0.0,-651.2326713775401
2026-09-02,2026-09-02T11:30:00-04:00,after_fill,113721.86512716384,99011.06465108962,14710.800476074219,-14710.800476074219,0.14857733858245434,-0.14857733858245434,596.2939609710694,2981469.8048553467,-0.014600363062678756,0,1546.324951171875,0.0,-31.919661694322485,0,353.95001220703125,0.0,333.2750238647641,0,122.1500015258789,0.0,-636.1158796081436,-65,226.32000732421875,-0.14857733858245434,-654.1748314727538
2026-09-02,2026-09-02T11:35:00-04:00,bar_close,113721.86512716384,99030.55889852614,14691.306228637695,-14691.306228637695,0.14835124018325968,-0.14835124018325968,596.2939609710694,2981469.8048553467,-0.014406348137033786,0,1542.8399658203125,0.0,-31.919661694322485,0,354.3599853515625,0.0,333.2750238647641,0,122.20999908447266,0.0,-636.1158796081436,-65,226.0200958251953,-0.14835124018325968,-634.6805840362304
2026-09-02,2026-09-02T11:35:00-04:00,open_before_orders,113721.86512716384,99030.24052389235,14691.624603271484,-14691.624603271484,0.14835493204448935,-0.14835493204448935,596.2939609710694,2981469.8048553467,-0.014409516734903649,0,1542.010009765625,0.0,-31.919661694322485,0,354.3599853515625,0.0,333.2750238647641,0,122.20999908447266,0.0,-636.1158796081436,-65,226.02499389648438,-0.14835493204448935,-634.9989586700194
2026-09-02,2026-09-02T11:35:00-04:00,after_fill,101383.31783302322,99027.77330787673,27027.704681396484,-2355.5445251464844,0.2729305504766579,-0.02378670595594542,598.7611769866944,2993805.8849334717,-0.014434071503348966,8,1542.010009765625,0.12457192226035622,-34.38687770994693,0,354.3599853515625,0.0,333.2750238647641,0,122.20999908447266,0.0,-636.1158796081436,-65,226.02499389648438,-0.14835862821630164,-634.9989586700194
2026-09-02,2026-09-02T11:40:00-04:00,bar_close,101383.31783302322,99035.86763771072,27065.0498046875,-2347.4501953125,0.27328533035824804,-0.023703030541418126,598.7611769866944,2993805.8849334717,-0.01435351333838264,8,1544.8499755859375,0.12479114990841496,-11.66715114744693,0,353.9367980957031,0.0,333.2750238647641,0,121.93000030517578,0.0,-636.1158796081436,-65,226.25,-0.1484941804498331,-649.624355398535
2026-09-02,2026-09-02T11:40:00-04:00,open_before_orders,101383.31783302322,99035.8626328279,27065.695434570312,-2347.4552001953125,0.27329186332142585,-0.023703082275341236,598.7611769866944,2993805.8849334717,-0.01435356314907521,8,1544.8900146484375,0.12479439052304232,-11.34683864744693,0,353.9549865722656,0.0,333.2750238647641,0,121.87999725341797,0.0,-636.1158796081436,-65,226.2550048828125,-0.14849747279838355,-649.9496727813475
2026-09-02,2026-09-02T11:40:00-04:00,after_fill,98292.91984772048,99035.24467682204,30155.475463867188,742.3248291015625,0.30449236089911635,0.007495562125624701,599.3791329925538,2996895.6649627686,-0.014359713306393185,10,1544.8900146484375,0.15599396151237052,-11.964794653305944,0,353.9549865722656,0.0,333.2750238647641,0,121.87999725341797,0.0,-636.1158796081436,-65,226.2550048828125,-0.14849839938674583,-649.9496727813475
2026-09-02,2026-09-02T11:45:00-04:00,bar_close,98292.91984772048,98987.63847565016,30208.606567382812,694.7186279296875,0.3051755454779718,0.00701823620229692,599.3791329925538,2996895.6649627686,-0.01483351018471224,10,1545.166259765625,0.1560968908401344,-9.202343481430944,0,354.0299072265625,0.0,333.2750238647641,0,122.08999633789062,0.0,-636.1158796081436,-65,227.0299072265625,-0.14907865463783745,-700.3183251250975
2026-09-02,2026-09-02T11:45:00-04:00,open_before_orders,98292.91984772048,98989.5697805818,30210.549774169922,696.6499328613281,0.3051892218658389,0.007037609461335246,599.3791329925538,2996895.6649627686,-0.014814289028115657,10,1545.3599853515625,0.15611341566358708,-7.265087622055944,0,353.989990234375,0.0,333.2750238647641,0,122.13770294189453,0.0,-636.1158796081436,-65,227.02999877929688,-0.14907580620225183,-700.3242760528319
2026-09-02,2026-09-02T11:45:00-04:00,after_fill,110550.0878578157,98987.117856595,42470.16970825195,-11562.970001220703,0.42904744200936834,-0.11681287678233297,601.8310569793701,3009155.2848968506,-0.014838691603877407,10,1545.3599853515625,0.1561172826135177,-7.265087622055944,0,353.989990234375,0.0,333.2750238647641,0,122.13770294189453,0.0,-636.1158796081436,-119,227.02999877929688,-0.2729301593958507,-702.7762000396469
2026-09-02,2026-09-02T11:50:00-04:00,bar_close,110550.0878578157,98848.66621169753,42441.221450805664,-11701.421646118164,0.42935552979452607,-0.1183771323839415,601.8310569793701,3009155.2848968506,-0.01621662043532779,10,1536.989990234375,0.1554891987052923,-90.96503879393094,0,352.8280944824219,0.0,333.2750238647641,0,121.8550033569336,0.0,-636.1158796081436,-119,227.49009704589844,-0.2738663310892338,-757.5278937652329
2026-09-02,2026-09-02T11:50:00-04:00,open_before_orders,110550.0878578157,98858.93836745925,42452.350662231445,-11691.149490356445,0.4294234933460018,-0.11826092494439273,601.8310569793701,3009155.2848968506,-0.016114387633429983,10,1538.06005859375,0.15558128420080455,-80.26435520018094,0,352.8450012207031,0.0,333.2750238647641,0,121.87899780273438,0.0,-636.1158796081436,-119,227.4936981201172,-0.2738422091451973,-757.9564215972641
2026-09-02,2026-09-02T11:50:00-04:00,after_fill,122852.10743047195,98856.4774713655,30147.870193481445,-23995.629959106445,0.30496605750709654,-0.24273199463390704,604.2919530731201,3021459.7653656006,-0.01613887950336257,2,1538.06005859375,0.03111703143659474,-82.72525129393034,0,352.8450012207031,0.0,333.2750238647641,0,121.87899780273438,0.0,-636.1158796081436,-119,227.4936981201172,-0.27384902607050177,-757.9564215972641
2026-09-02,2026-09-02T11:55:00-04:00,bar_close,122852.10743047195,98868.15155888992,30147.95587158203,-23983.95587158203,0.30493091451825793,-0.24258525615598472,604.2919530731201,3021459.7653656006,-0.016022694088644873,2,1541.0,0.0311728291811366,-76.84536848143034,0,352.94000244140625,0.0,333.2750238647641,0,121.87000274658203,0.0,-636.1158796081436,-119,227.44500732421875,-0.2737580853371213,-752.1622168853501
2026-09-02,2026-09-02T11:55:00-04:00,open_before_orders,122852.10743047195,98867.55779363113,30148.54963684082,-23984.54963684082,0.3049387514938994,-0.24259271870459675,604.2919530731201,3021459.7653656006,-0.01602860348950319,2,1541.0,0.03117301639465132,-76.84536848143034,0,352.9132080078125,0.0,333.2750238647641,0,121.87689971923828,0.0,-636.1158796081436,-119,227.4499969482422,-0.27376573509924806,-752.7559821441391
2026-09-02,2026-09-02T11:55:00-04:00,after_fill,125933.49103047195,98866.94139363113,27066.54963684082,-27066.54963684082,0.2737674419306392,-0.2737674419306392,604.9083530731201,3024541.7653656006,-0.016034738160798256,0,1541.0,0.0,-77.46176848143023,0,352.9132080078125,0.0,333.2750238647641,0,121.87689971923828,0.0,-636.1158796081436,-119,227.4499969482422,-0.2737674419306392,-752.7559821441391
2026-09-02,2026-09-02T11:55:00-04:00,after_fill,98861.52808370377,98861.52808370377,0.0,0.0,0.0,0.0,610.3216630004882,3051608.3150024414,-0.01608861369133463,0,1541.0,0.0,-77.46176848143023,0,352.9132080078125,0.0,333.2750238647641,0,121.87689971923828,0.0,-636.1158796081436,0,227.4499969482422,0.0,-758.1692920715068
2026-09-02,2026-09-02T11:55:00-04:00,after_fill,103483.60348370377,98860.60348370377,4623.0,-4623.0,0.04676281387218173,-0.04676281387218173,611.2462630004883,3056231.3150024414,-0.016097815698277174,-3,1541.0,-0.04676281387218173,-78.38636848143051,0,352.9132080078125,0.0,333.2750238647641,0,121.87689971923828,0.0,-636.1158796081436,0,227.4499969482422,0.0,-758.1692920715068
2026-09-02,2026-09-02T12:00:00-04:00,bar_close,103483.60348370377,98849.0685715944,4634.534912109375,-4634.534912109375,0.04688496289423986,-0.04688496289423986,611.2462630004883,3056231.3150024414,-0.016212615980899514,-3,1544.844970703125,-0.04688496289423986,-89.92128059080551,0,352.6700134277344,0.0,333.2750238647641,0,122.22989654541016,0.0,-636.1158796081436,0,227.61000061035156,0.0,-758.1692920715068
2026-09-02,2026-09-02T12:00:00-04:00,open_before_orders,103483.60348370377,98851.51339581315,4632.090087890625,-4632.090087890625,0.04685907103256162,-0.04685907103256162,611.2462630004883,3056231.3150024414,-0.01618828406500683,-3,1544.030029296875,-0.04685907103256162,-87.47645637205551,0,352.67999267578125,0.0,333.2750238647641,0,122.19999694824219,0.0,-636.1158796081436,0,227.60000610351562,0.0,-758.1692920715068
2026-09-02,2026-09-02T12:05:00-04:00,bar_close,103483.60348370377,98849.48861553971,4634.1148681640625,-4634.1148681640625,0.04688051433617182,-0.04688051433617182,611.2462630004883,3056231.3150024414,-0.01620843552740503,-3,1544.7049560546875,-0.04688051433617182,-89.50123664549301,0,352.8500061035156,0.0,333.2750238647641,0,122.19000244140625,0.0,-636.1158796081436,0,227.52999877929688,0.0,-758.1692920715068
2026-09-02,2026-09-02T12:05:00-04:00,open_before_orders,103483.60348370377,98849.50363018815,4634.099853515625,-4634.099853515625,0.0468803553212825,-0.0468803553212825,611.2462630004883,3056231.3150024414,-0.016208286095327207,-3,1544.699951171875,-0.0468803553212825,-89.48622199705551,0,352.8599853515625,0.0,333.2750238647641,0,122.20999908447266,0.0,-636.1158796081436,0,227.531494140625,0.0,-758.1692920715068
2026-09-02,2026-09-02T12:05:00-04:00,after_fill,98848.57681021745,98848.57681021745,0.0,0.0,0.0,0.0,612.1730829711914,3060865.414855957,-0.016217510196349205,0,1544.699951171875,0.0,-90.41304196775855,0,352.8599853515625,0.0,333.2750238647641,0,122.20999908447266,0.0,-636.1158796081436,0,227.531494140625,0.0,-758.1692920715068
2026-09-02,2026-09-02T12:10:00-04:00,bar_close,98848.57681021745,98848.57681021745,0.0,0.0,0.0,0.0,612.1730829711914,3060865.414855957,-0.016217510196349205,0,1546.0,0.0,-90.41304196775855,0,353.45001220703125,0.0,333.2750238647641,0,122.26000213623047,0.0,-636.1158796081436,0,227.48500061035156,0.0,-758.1692920715068
2026-09-02,2026-09-02T12:10:00-04:00,open_before_orders,98848.57681021745,98848.57681021745,0.0,0.0,0.0,0.0,612.1730829711914,3060865.414855957,-0.016217510196349205,0,1545.3599853515625,0.0,-90.41304196775855,0,353.45001220703125,0.0,333.2750238647641,0,122.28199768066406,0.0,-636.1158796081436,0,227.477294921875,0.0,-758.1692920715068
2026-09-02,2026-09-02T12:15:00-04:00,bar_close,98848.57681021745,98848.57681021745,0.0,0.0,0.0,0.0,612.1730829711914,3060865.414855957,-0.016217510196349205,0,1542.56494140625,0.0,-90.41304196775855,0,354.45001220703125,0.0,333.2750238647641,0,122.73159790039062,0.0,-636.1158796081436,0,227.42999267578125,0.0,-758.1692920715068
2026-09-02,2026-09-02T12:15:00-04:00,open_before_orders,98848.57681021745,98848.57681021745,0.0,0.0,0.0,0.0,612.1730829711914,3060865.414855957,-0.016217510196349205,0,1542.1400146484375,0.0,-90.41304196775855,0,354.489990234375,0.0,333.2750238647641,0,122.72000122070312,0.0,-636.1158796081436,0,227.44000244140625,0.0,-758.1692920715068
2026-09-02,2026-09-02T12:20:00-04:00,bar_close,98848.57681021745,98848.57681021745,0.0,0.0,0.0,0.0,612.1730829711914,3060865.414855957,-0.016217510196349205,0,1545.449951171875,0.0,-90.41304196775855,0,354.3900146484375,0.0,333.2750238647641,0,123.04000091552734,0.0,-636.1158796081436,0,227.2949981689453,0.0,-758.1692920715068
2026-09-02,2026-09-02T12:20:00-04:00,open_before_orders,98848.57681021745,98848.57681021745,0.0,0.0,0.0,0.0,612.1730829711914,3060865.414855957,-0.016217510196349205,0,1545.7099609375,0.0,-90.41304196775855,0,354.385009765625,0.0,333.2750238647641,0,123.04000091552734,0.0,-636.1158796081436,0,227.3000030517578,0.0,-758.1692920715068
2026-09-02,2026-09-02T12:25:00-04:00,bar_close,98848.57681021745,98848.57681021745,0.0,0.0,0.0,0.0,612.1730829711914,3060865.414855957,-0.016217510196349205,0,1548.3900146484375,0.0,-90.41304196775855,0,353.9800109863281,0.0,333.2750238647641,0,123.15989685058594,0.0,-636.1158796081436,0,227.09010314941406,0.0,-758.1692920715068
2026-09-02,2026-09-02T12:25:00-04:00,open_before_orders,98848.57681021745,98848.57681021745,0.0,0.0,0.0,0.0,612.1730829711914,3060865.414855957,-0.016217510196349205,0,1548.4599609375,0.0,-90.41304196775855,0,354.0,0.0,333.2750238647641,0,123.05999755859375,0.0,-636.1158796081436,0,227.09500122070312,0.0,-758.1692920715068
2026-09-02,2026-09-02T12:30:00-04:00,bar_close,98848.57681021745,98848.57681021745,0.0,0.0,0.0,0.0,612.1730829711914,3060865.414855957,-0.016217510196349205,0,1543.2900390625,0.0,-90.41304196775855,0,353.7349853515625,0.0,333.2750238647641,0,122.91000366210938,0.0,-636.1158796081436,0,227.0399932861328,0.0,-758.1692920715068
2026-09-02,2026-09-02T12:30:00-04:00,open_before_orders,98848.57681021745,98848.57681021745,0.0,0.0,0.0,0.0,612.1730829711914,3060865.414855957,-0.016217510196349205,0,1543.1700439453125,0.0,-90.41304196775855,0,353.7349853515625,0.0,333.2750238647641,0,122.90589904785156,0.0,-636.1158796081436,0,227.033203125,0.0,-758.1692920715068
2026-09-02,2026-09-02T12:30:00-04:00,after_fill,92674.66209840104,98847.34227418229,6172.68017578125,6172.68017578125,0.062446597285939154,0.062446597285939154,613.4076190063477,3067038.0950317383,-0.016229796816689235,4,1543.1700439453125,0.062446597285939154,-91.647578002915,0,353.7349853515625,0.0,333.2750238647641,0,122.90589904785156,0.0,-636.1158796081436,0,227.033203125,0.0,-758.1692920715068
2026-09-02,2026-09-02T12:35:00-04:00,bar_close,92674.66209840104,98838.66209840104,6164.0,6164.0,0.06236425978594583,0.06236425978594583,613.4076190063477,3067038.0950317383,-0.016316185566204733,4,1541.0,0.06236425978594583,-100.327753784165,0,352.7912902832031,0.0,333.2750238647641,0,122.88999938964844,0.0,-636.1158796081436,0,227.37710571289062,0.0,-758.1692920715068
2026-09-02,2026-09-02T12:35:00-04:00,open_before_orders,92674.66209840104,98840.10203980729,6165.43994140625,6165.43994140625,0.06237791963147867,0.06237791963147867,613.4076190063477,3067038.0950317383,-0.016301854665472182,4,1541.3599853515625,0.06237791963147867,-98.887812377915,0,352.760009765625,0.0,333.2750238647641,0,122.91529846191406,0.0,-636.1158796081436,0,227.37989807128906,0.0,-758.1692920715068
2026-09-02,2026-09-02T12:40:00-04:00,bar_close,92674.66209840104,98842.66209840104,6168.0,6168.0,0.0624022043625207,0.0624022043625207,613.4076190063477,3067038.0950317383,-0.016276375888754635,4,1542.0,0.0624022043625207,-96.327753784165,0,352.6000061035156,0.0,333.2750238647641,0,122.70500183105469,0.0,-636.1158796081436,0,226.70010375976562,0.0,-758.1692920715068
2026-09-02,2026-09-02T12:40:00-04:00,open_before_orders,92674.66209840104,98841.02879761979,6166.36669921875,6166.36669921875,0.06238671100686928,0.06238671100686928,613.4076190063477,3067038.0950317383,-0.01629263118307478,4,1541.5916748046875,0.06238671100686928,-97.961054565415,0,352.6094970703125,0.0,333.2750238647641,0,122.64009857177734,0.0,-636.1158796081436,0,226.70010375976562,0.0,-758.1692920715068
2026-09-02,2026-09-02T12:40:00-04:00,after_fill,95757.2288113405,98840.41216094987,3083.183349609375,3083.183349609375,0.031193550109734236,0.031193550109734236,614.0242556762695,3070121.2783813477,-0.016298768209808023,2,1541.5916748046875,0.031193550109734236,-98.57769123533672,0,352.6094970703125,0.0,333.2750238647641,0,122.64009857177734,0.0,-636.1158796081436,0,226.70010375976562,0.0,-758.1692920715068
2026-09-02,2026-09-02T12:45:00-04:00,bar_close,95757.2288113405,98842.87871368424,3085.64990234375,3085.64990234375,0.03121772597580729,0.03121772597580729,614.0242556762695,3070121.2783813477,-0.016274220042615806,2,1542.824951171875,0.03121772597580729,-96.11113850096172,0,352.7626953125,0.0,333.2750238647641,0,122.5,0.0,-636.1158796081436,0,226.1699981689453,0.0,-758.1692920715068
2026-09-02,2026-09-02T12:45:00-04:00,open_before_orders,95757.2288113405,98842.86870391862,3085.639892578125,3085.639892578125,0.03121762786773301,0.03121762786773301,614.0242556762695,3070121.2783813477,-0.016274319664001058,2,1542.8199462890625,0.03121762786773301,-96.12114826658672,0,352.7699890136719,0.0,333.2750238647641,0,122.49500274658203,0.0,-636.1158796081436,0,226.16000366210938,0.0,-758.1692920715068
2026-09-02,2026-09-02T12:50:00-04:00,bar_close,95757.2288113405,98840.188772278,3082.9599609375,3082.9599609375,0.031191360510656845,0.031191360510656845,614.0242556762695,3070121.2783813477,-0.016300991467551373,2,1541.47998046875,0.031191360510656845,-98.80107990721172,0,353.572509765625,0.0,333.2750238647641,0,122.66000366210938,0.0,-636.1158796081436,0,226.02000427246094,0.0,-758.1692920715068
2026-09-02,2026-09-02T12:50:00-04:00,open_before_orders,95757.2288113405,98840.20879180924,3082.97998046875,3082.97998046875,0.031191556737425997,0.031191556737425997,614.0242556762695,3070121.2783813477,-0.01630079222478098,2,1541.489990234375,0.031191556737425997,-98.78106037596172,0,353.5450134277344,0.0,333.2750238647641,0,122.61000061035156,0.0,-636.1158796081436,0,226.02499389648438,0.0,-758.1692920715068
2026-09-02,2026-09-02T12:55:00-04:00,bar_close,95757.2288113405,98831.08891876237,3073.860107421875,3073.860107421875,0.03110215764139299,0.03110215764139299,614.0242556762695,3070121.2783813477,-0.01639155702587647,2,1536.9300537109375,0.03110215764139299,-107.90093342283672,0,354.3800048828125,0.0,333.2750238647641,0,122.58999633789062,0.0,-636.1158796081436,0,225.8800048828125,0.0,-758.1692920715068
2026-09-02,2026-09-02T12:55:00-04:00,open_before_orders,95757.2288113405,98831.04887969987,3073.820068359375,3073.820068359375,0.031101765115342662,0.031101765115342662,614.0242556762695,3070121.2783813477,-0.016391955511417255,2,1536.9100341796875,0.031101765115342662,-107.94097248533672,0,354.2799987792969,0.0,333.2750238647641,0,122.5999984741211,0.0,-636.1158796081436,0,225.8800048828125,0.0,-758.1692920715068
2026-09-02,2026-09-02T13:00:00-04:00,bar_close,95757.2288113405,98830.98882110612,3073.760009765625,3073.760009765625,0.03110117632567084,0.03110117632567084,614.0242556762695,3070121.2783813477,-0.016392553239728658,2,1536.8800048828125,0.03110117632567084,-108.00103107908672,0,353.76690673828125,0.0,333.2750238647641,0,122.2300033569336,0.0,-636.1158796081436,0,225.77679443359375,0.0,-758.1692920715068
2026-09-02,2026-09-02T13:00:00-04:00,open_before_orders,95757.2288113405,98830.6487332155,3073.419921875,3073.419921875,0.031097842230818726,0.031097842230818726,614.0242556762695,3070121.2783813477,-0.016395937937036198,2,1536.7099609375,0.031097842230818726,-108.34111896971172,0,353.81561279296875,0.0,333.2750238647641,0,122.16000366210938,0.0,-636.1158796081436,0,225.7899932861328,0.0,-758.1692920715068
2026-09-02,2026-09-02T13:00:00-04:00,after_fill,98830.03404923112,98830.03404923112,0.0,0.0,0.0,0.0,614.6389396606445,3073194.6983032227,-0.0164020555298241,0,1536.7099609375,0.0,-108.95580295408672,0,353.81561279296875,0.0,333.2750238647641,0,122.16000366210938,0.0,-636.1158796081436,0,225.7899932861328,0.0,-758.1692920715068
2026-09-02,2026-09-02T13:05:00-04:00,bar_close,98830.03404923112,98830.03404923112,0.0,0.0,0.0,0.0,614.6389396606445,3073194.6983032227,-0.0164020555298241,0,1539.239990234375,0.0,-108.95580295408672,0,354.04998779296875,0.0,333.2750238647641,0,122.26000213623047,0.0,-636.1158796081436,0,225.41000366210938,0.0,-758.1692920715068
2026-09-02,2026-09-02T13:05:00-04:00,open_before_orders,98830.03404923112,98830.03404923112,0.0,0.0,0.0,0.0,614.6389396606445,3073194.6983032227,-0.0164020555298241,0,1538.510009765625,0.0,-108.95580295408672,0,354.04998779296875,0.0,333.2750238647641,0,122.31500244140625,0.0,-636.1158796081436,0,225.4010009765625,0.0,-758.1692920715068
2026-09-02,2026-09-02T13:10:00-04:00,bar_close,98830.03404923112,98830.03404923112,0.0,0.0,0.0,0.0,614.6389396606445,3073194.6983032227,-0.0164020555298241,0,1536.1800537109375,0.0,-108.95580295408672,0,353.2298889160156,0.0,333.2750238647641,0,122.15499877929688,0.0,-636.1158796081436,0,224.92930603027344,0.0,-758.1692920715068
2026-09-02,2026-09-02T13:10:00-04:00,open_before_orders,98830.03404923112,98830.03404923112,0.0,0.0,0.0,0.0,614.6389396606445,3073194.6983032227,-0.0164020555298241,0,1537.0,0.0,-108.95580295408672,0,353.1487121582031,0.0,333.2750238647641,0,122.13999938964844,0.0,-636.1158796081436,0,224.92999267578125,0.0,-758.1692920715068
2026-09-02,2026-09-02T13:15:00-04:00,bar_close,98830.03404923112,98830.03404923112,0.0,0.0,0.0,0.0,614.6389396606445,3073194.6983032227,-0.0164020555298241,0,1540.1099853515625,0.0,-108.95580295408672,0,353.17498779296875,0.0,333.2750238647641,0,122.27999877929688,0.0,-636.1158796081436,0,225.22000122070312,0.0,-758.1692920715068
2026-09-02,2026-09-02T13:15:00-04:00,open_before_orders,98830.03404923112,98830.03404923112,0.0,0.0,0.0,0.0,614.6389396606445,3073194.6983032227,-0.0164020555298241,0,1540.5203857421875,0.0,-108.95580295408672,0,353.2095947265625,0.0,333.2750238647641,0,122.25,0.0,-636.1158796081436,0,225.2050018310547,0.0,-758.1692920715068
2026-09-02,2026-09-02T13:20:00-04:00,bar_close,98830.03404923112,98830.03404923112,0.0,0.0,0.0,0.0,614.6389396606445,3073194.6983032227,-0.0164020555298241,0,1540.0999755859375,0.0,-108.95580295408672,0,352.635009765625,0.0,333.2750238647641,0,122.05760192871094,0.0,-636.1158796081436,0,224.8000946044922,0.0,-758.1692920715068
2026-09-02,2026-09-02T13:20:00-04:00,open_before_orders,98830.03404923112,98830.03404923112,0.0,0.0,0.0,0.0,614.6389396606445,3073194.6983032227,-0.0164020555298241,0,1540.0999755859375,0.0,-108.95580295408672,0,352.5899963378906,0.0,333.2750238647641,0,122.0199966430664,0.0,-636.1158796081436,0,224.82000732421875,0.0,-758.1692920715068
2026-09-02,2026-09-02T13:25:00-04:00,bar_close,98830.03404923112,98830.03404923112,0.0,0.0,0.0,0.0,614.6389396606445,3073194.6983032227,-0.0164020555298241,0,1541.8599853515625,0.0,-108.95580295408672,0,353.05999755859375,0.0,333.2750238647641,0,122.05999755859375,0.0,-636.1158796081436,0,225.02999877929688,0.0,-758.1692920715068
2026-09-02,2026-09-02T13:25:00-04:00,open_before_orders,98830.03404923112,98830.03404923112,0.0,0.0,0.0,0.0,614.6389396606445,3073194.6983032227,-0.0164020555298241,0,1541.85498046875,0.0,-108.95580295408672,0,353.05999755859375,0.0,333.2750238647641,0,122.0,0.0,-636.1158796081436,0,225.01480102539062,0.0,-758.1692920715068
2026-09-02,2026-09-02T13:25:00-04:00,after_fill,97929.79483328875,98829.85403739031,900.0592041015625,900.0592041015625,0.009107159095479824,0.009107159095479824,614.8189515014648,3074094.757507324,-0.01640384708315412,0,1541.85498046875,0.0,-108.95580295408672,0,353.05999755859375,0.0,333.2750238647641,0,122.0,0.0,-636.1158796081436,4,225.01480102539062,0.009107159095479824,-758.3493039123271
2026-09-02,2026-09-02T13:30:00-04:00,bar_close,97929.79483328875,98831.8236418825,902.02880859375,902.02880859375,0.009126906449305793,0.009126906449305793,614.8189515014648,3074094.757507324,-0.016384244753269606,0,1539.0699462890625,0.0,-108.95580295408672,0,353.69000244140625,0.0,333.2750238647641,0,121.97000122070312,0.0,-636.1158796081436,4,225.5072021484375,0.009126906449305793,-756.3796994201396
2026-09-02,2026-09-02T13:30:00-04:00,open_before_orders,97929.79483328875,98831.8744231325,902.07958984375,902.07958984375,0.009127415574267507,0.009127415574267507,614.8189515014648,3074094.757507324,-0.016383739356973792,0,1539.6800537109375,0.0,-108.95580295408672,0,353.6785888671875,0.0,333.2750238647641,0,122.01000213623047,0.0,-636.1158796081436,4,225.5198974609375,0.009127415574267507,-756.3289181701396
2026-09-02,2026-09-02T13:35:00-04:00,bar_close,97929.79483328875,98830.11282645281,900.3179931640625,900.3179931640625,0.009109753772567624,0.009109753772567624,614.8189515014648,3074094.757507324,-0.016401271505877668,0,1541.4000244140625,0.0,-108.95580295408672,0,353.54010009765625,0.0,333.2750238647641,0,122.13939666748047,0.0,-636.1158796081436,4,225.07949829101562,0.009109753772567624,-758.0905148498271
2026-09-02,2026-09-02T13:35:00-04:00,open_before_orders,97929.79483328875,98830.03482352312,900.239990234375,900.239990234375,0.009108971699159045,0.009108971699159045,614.8189515014648,3074094.757507324,-0.016402047823745436,0,1541.30712890625,0.0,-108.95580295408672,0,353.5400085449219,0.0,333.2750238647641,0,122.08000183105469,0.0,-636.1158796081436,4,225.05999755859375,0.009108971699159045,-758.1685177795146
2026-09-02,2026-09-02T13:35:00-04:00,after_fill,92527.27460389421,98828.95453553484,6301.679931640625,6301.679931640625,0.06376349887800138,0.06376349887800138,615.899239489746,3079496.1974487305,-0.016412799302837122,0,1541.30712890625,0.0,-108.95580295408672,0,353.5400085449219,0.0,333.2750238647641,0,122.08000183105469,0.0,-636.1158796081436,28,225.05999755859375,0.06376349887800138,-759.2488057677956
2026-09-02,2026-09-02T13:40:00-04:00,bar_close,92527.27460389421,98828.67725282,6301.402648925781,6301.402648925781,0.06376087208782283,0.06376087208782283,615.899239489746,3079496.1974487305,-0.016415558936697217,0,1540.5699462890625,0.0,-108.95580295408672,0,352.95001220703125,0.0,333.2750238647641,0,122.05000305175781,0.0,-636.1158796081436,28,225.0500946044922,0.06376087208782283,-759.5260884826394
2026-09-02,2026-09-02T13:40:00-04:00,open_before_orders,92527.27460389421,98828.67468934343,6301.400085449219,6301.400085449219,0.0637608478030991,0.0637608478030991,615.899239489746,3079496.1974487305,-0.016415584449490983,0,1541.030029296875,0.0,-108.95580295408672,0,352.97760009765625,0.0,333.2750238647641,0,122.06999969482422,0.0,-636.1158796081436,28,225.0500030517578,0.0637608478030991,-759.5286519592019
2026-09-02,2026-09-02T13:40:00-04:00,after_fill,67091.53812897661,98823.58855927446,31732.05043029785,31732.05043029785,0.3210979371718013,0.3210979371718013,620.9853695587158,3104926.847793579,-0.016466203748869757,0,1541.030029296875,0.0,-108.95580295408672,0,352.97760009765625,0.0,333.2750238647641,0,122.06999969482422,0.0,-636.1158796081436,141,225.0500030517578,0.3210979371718013,-764.6147820281694
2026-09-02,2026-09-02T13:45:00-04:00,bar_close,67091.53812897661,98850.37890351274,31758.840774536133,31758.840774536133,0.3212819326219857,0.3212819326219857,620.9853695587158,3104926.847793579,-0.016199575008144063,0,1540.4749755859375,0.0,-108.95580295408672,0,353.2300109863281,0.0,333.2750238647641,0,122.77999877929688,0.0,-636.1158796081436,141,225.24000549316406,0.3212819326219857,-737.8244377898882
2026-09-02,2026-09-02T13:45:00-04:00,open_before_orders,67091.53812897661,98848.96752655962,31757.429397583008,31757.429397583008,0.3212722418071806,0.3212722418071806,620.9853695587158,3104926.847793579,-0.016213621623460184,0,1540.7249755859375,0.0,-108.95580295408672,0,353.1300964355469,0.0,333.2750238647641,0,122.875,0.0,-636.1158796081436,141,225.22999572753906,0.3212722418071806,-739.2358147430132
2026-09-02,2026-09-02T13:45:00-04:00,after_fill,63896.14917897661,98848.32857655961,34952.17939758301,34952.17939758301,0.35359403543694706,0.35359403543694706,621.6243195587158,3108121.597793579,-0.016219980721811966,0,1540.7249755859375,0.0,-108.95580295408672,0,353.1300964355469,0.0,333.2750238647641,26,122.875,0.03231971694418298,-636.7548296081436,141,225.22999572753906,0.3212743184927641,-739.2358147430132
2026-09-02,2026-09-02T13:50:00-04:00,bar_close,63896.14917897661,98833.41503285844,34937.265853881836,34937.265853881836,0.35349649551486706,0.35349649551486706,621.6243195587158,3108121.597793579,-0.01636840656290728,0,1542.85595703125,0.0,-108.95580295408672,0,352.6679992675781,0.0,333.2750238647641,26,122.92500305175781,0.032337748101521485,-635.4547502624405,141,225.11500549316406,0.32115874741334555,-755.4494377898882
2026-09-02,2026-09-02T13:50:00-04:00,open_before_orders,63896.14917897661,98831.8149199434,34935.6657409668,34935.6657409668,0.35348602845415406,0.35348602845415406,621.6243195587158,3108121.597793579,-0.016384331557665166,0,1542.9749755859375,0.0,-108.95580295408672,0,352.70001220703125,0.0,333.2750238647641,26,122.8906021118164,0.032329221693392904,-636.349174700917,141,225.11000061035156,0.32115680676076114,-756.1551262664507
2026-09-02,2026-09-02T13:50:00-04:00,after_fill,67090.66580275285,98831.17588881242,31740.51008605957,31740.51008605957,0.3211588833241087,0.3211588833241087,622.2633506896973,3111316.7534484863,-0.01639069146346639,0,1542.9749755859375,0.0,-108.95580295408672,0,352.70001220703125,0.0,333.2750238647641,0,122.8906021118164,0.0,-636.9882058318985,141,225.11000061035156,0.3211588833241087,-756.1551262664507
2026-09-02,2026-09-02T13:50:00-04:00,after_fill,67315.73078136308,98831.1308668123,31515.40008544922,31515.40008544922,0.31888130601197195,0.31888130601197195,622.3083726898194,3111541.8634490967,-0.01639113954129212,0,1542.9749755859375,0.0,-108.95580295408672,0,352.70001220703125,0.0,333.2750238647641,0,122.8906021118164,0.0,-636.9882058318985,140,225.11000061035156,0.31888130601197195,-756.2001482665728
2026-09-02,2026-09-02T13:55:00-04:00,bar_close,67315.73078136308,98796.1308668123,31480.40008544922,31480.40008544922,0.3186400095757611,0.3186400095757611,622.3083726898194,3111541.8634490967,-0.016739474218980366,0,1541.52001953125,0.0,-108.95580295408672,0,352.2200012207031,0.0,333.2750238647641,0,122.97090148925781,0.0,-636.9882058318985,140,224.86000061035156,0.3186400095757611,-791.2001482665728
2026-09-02,2026-09-02T13:55:00-04:00,open_before_orders,67315.73078136308,98795.7677076326,31480.03692626953,31480.03692626953,0.31863750499341986,0.31863750499341986,622.3083726898194,3111541.8634490967,-0.016743088531431916,0,1541.1199951171875,0.0,-108.95580295408672,0,352.20001220703125,0.0,333.2750238647641,0,122.9800033569336,0.0,-636.9882058318985,140,224.85740661621094,0.31863750499341986,-791.5633074462603
2026-09-02,2026-09-02T14:00:00-04:00,bar_close,67315.73078136308,98769.53052501542,31453.799743652344,31453.799743652344,0.31845650755306587,0.31845650755306587,622.3083726898194,3111541.8634490967,-0.01700421197572921,0,1538.760009765625,0.0,-108.95580295408672,0,352.2300109863281,0.0,333.2750238647641,0,123.08999633789062,0.0,-636.9882058318985,140,224.6699981689453,0.31845650755306587,-817.8004900634478
2026-09-02,2026-09-02T14:00:00-04:00,open_before_orders,67315.73078136308,98770.92975597245,31455.198974609375,31455.198974609375,0.31846616258775623,0.31846616258775623,622.3083726898194,3111541.8634490967,-0.016990286242459796,0,1539.47998046875,0.0,-108.95580295408672,0,352.260009765625,0.0,333.2750238647641,0,123.06999969482422,0.0,-636.9882058318985,140,224.67999267578125,0.31846616258775623,-816.4012591064165
2026-09-02,2026-09-02T14:05:00-04:00,bar_close,67315.73078136308,98791.93103771073,31476.200256347656,31476.200256347656,0.3186110436927546,0.3186110436927546,622.3083726898194,3111541.8634490967,-0.016781272679450066,0,1538.0699462890625,0.0,-108.95580295408672,0,352.4700012207031,0.0,333.2750238647641,0,122.9801025390625,0.0,-636.9882058318985,140,224.8300018310547,0.3186110436927546,-795.3999773681353
2026-09-02,2026-09-02T14:05:00-04:00,open_before_orders,67315.73078136308,98791.93103771073,31476.200256347656,31476.200256347656,0.3186110436927546,0.3186110436927546,622.3083726898194,3111541.8634490967,-0.016781272679450066,0,1538.3299560546875,0.0,-108.95580295408672,0,352.4700012207031,0.0,333.2750238647641,0,122.9800033569336,0.0,-636.9882058318985,140,224.8300018310547,0.3186110436927546,-795.3999773681353
2026-09-02,2026-09-02T14:10:00-04:00,bar_close,67315.73078136308,98757.63172130448,31441.900939941406,31441.900939941406,0.3183743918512639,0.3183743918512639,622.3083726898194,3111541.8634490967,-0.017122633860172765,0,1538.27001953125,0.0,-108.95580295408672,0,352.5400085449219,0.0,333.2750238647641,0,122.93000030517578,0.0,-636.9882058318985,140,224.5850067138672,0.3183743918512639,-829.6992937743853
2026-09-02,2026-09-02T14:10:00-04:00,open_before_orders,67315.73078136308,98755.5318067537,31439.801025390625,31439.801025390625,0.3183598979236171,0.3183598979236171,622.3083726898194,3111541.8634490967,-0.017143533090407614,0,1537.97998046875,0.0,-108.95580295408672,0,352.5000915527344,0.0,333.2750238647641,0,122.91999816894531,0.0,-636.9882058318985,140,224.57000732421875,0.3183598979236171,-831.7992083251665
2026-09-02,2026-09-02T14:15:00-04:00,bar_close,67315.73078136308,98774.43103771073,31458.700256347656,31458.700256347656,0.31849032108660946,0.31849032108660946,622.3083726898194,3111541.8634490967,-0.016955440018294188,0,1535.689453125,0.0,-108.95580295408672,0,352.2793884277344,0.0,333.2750238647641,0,122.86499786376953,0.0,-636.9882058318985,140,224.7050018310547,0.31849032108660946,-812.8999773681353
2026-09-02,2026-09-02T14:15:00-04:00,open_before_orders,67315.73078136308,98774.43103771073,31458.700256347656,31458.700256347656,0.31849032108660946,0.31849032108660946,622.3083726898194,3111541.8634490967,-0.016955440018294188,0,1535.760009765625,0.0,-108.95580295408672,0,352.3099060058594,0.0,333.2750238647641,0,122.8550033569336,0.0,-636.9882058318985,140,224.7050018310547,0.31849032108660946,-812.8999773681353
2026-09-02,2026-09-02T14:20:00-04:00,bar_close,67315.73078136308,98784.93061046464,31469.199829101562,31469.199829101562,0.3185627568357872,0.3185627568357872,622.3083726898194,3111541.8634490967,-0.01685094386711994,0,1540.18994140625,0.0,-108.95580295408672,0,352.864990234375,0.0,333.2750238647641,0,123.08999633789062,0.0,-636.9882058318985,140,224.77999877929688,0.3185627568357872,-802.400404614229
2026-09-02,2026-09-02T14:20:00-04:00,open_before_orders,67315.73078136308,98783.54419689042,31467.813415527344,31467.813415527344,0.3185531929569896,0.3185531929569896,622.3083726898194,3111541.8634490967,-0.01686474203642052,0,1540.2900390625,0.0,-108.95580295408672,0,352.864990234375,0.0,333.2750238647641,0,123.09500122070312,0.0,-636.9882058318985,140,224.7700958251953,0.3185531929569896,-803.7868181884478
2026-09-02,2026-09-02T14:25:00-04:00,bar_close,67315.73078136308,98842.33112315995,31526.600341796875,31526.600341796875,0.3189584865467607,0.3189584865467607,622.3083726898194,3111541.8634490967,-0.01627966989315255,0,1542.1300048828125,0.0,-108.95580295408672,0,352.29998779296875,0.0,333.2750238647641,0,123.23500061035156,0.0,-636.9882058318985,140,225.19000244140625,0.3189584865467607,-744.9998919189165
2026-09-02,2026-09-02T14:25:00-04:00,open_before_orders,67315.73078136308,98840.92975597245,31525.198974609375,31525.198974609375,0.3189488307368382,0.3189488307368382,622.3083726898194,3111541.8634490967,-0.016293616887083417,0,1542.0,0.0,-108.95580295408672,0,352.29998779296875,0.0,333.2750238647641,0,123.27999877929688,0.0,-636.9882058318985,140,225.17999267578125,0.3189488307368382,-746.4012591064165
2026-09-02,2026-09-02T14:30:00-04:00,bar_close,67315.73078136308,98810.13172130448,31494.400939941406,31494.400939941406,0.3187365545546671,0.3187365545546671,622.3083726898194,3111541.8634490967,-0.01660013184364051,0,1541.3399658203125,0.0,-108.95580295408672,0,352.1499938964844,0.0,333.2750238647641,0,123.16000366210938,0.0,-636.9882058318985,140,224.9600067138672,0.3187365545546671,-777.1992937743853
2026-09-02,2026-09-02T14:30:00-04:00,open_before_orders,67315.73078136308,98809.8497388826,31494.11895751953,31494.11895751953,0.3187346103728189,0.3187346103728189,622.3083726898194,3111541.8634490967,-0.016602938250955823,0,1542.030029296875,0.0,-108.95580295408672,0,352.1600036621094,0.0,333.2750238647641,0,123.20999908447266,0.0,-636.9882058318985,140,224.95799255371094,0.3187346103728189,-777.4812761962603
2026-09-02,2026-09-02T14:35:00-04:00,bar_close,67315.73078136308,98837.79376964433,31522.06298828125,31522.06298828125,0.3189272219263407,0.3189272219263407,622.3083726898194,3111541.8634490967,-0.016324827538136022,0,1543.385009765625,0.0,-108.95580295408672,0,352.1650085449219,0.0,333.2750238647641,0,123.08499908447266,0.0,-636.9882058318985,140,225.1575927734375,0.3189272219263407,-749.5372454345415
2026-09-02,2026-09-02T14:35:00-04:00,open_before_orders,67315.73078136308,98836.72992687089,31520.999145507812,31520.999145507812,0.3189198911055651,0.3189198911055651,622.3083726898194,3111541.8634490967,-0.016335415347553006,0,1543.385009765625,0.0,-108.95580295408672,0,352.152587890625,0.0,333.2750238647641,0,123.0999984741211,0.0,-636.9882058318985,140,225.14999389648438,0.3189198911055651,-750.601088207979
2026-09-02,2026-09-02T14:40:00-04:00,bar_close,67315.73078136308,98801.77265148026,31486.041870117188,31486.041870117188,0.31867891663424985,0.31867891663424985,622.3083726898194,3111541.8634490967,-0.016683324812011735,0,1544.1700439453125,0.0,-108.95580295408672,0,351.8699951171875,0.0,333.2750238647641,0,122.92500305175781,0.0,-636.9882058318985,140,224.90029907226562,0.31867891663424985,-785.558363598604
2026-09-02,2026-09-02T14:40:00-04:00,open_before_orders,67315.73078136308,98802.15076427323,31486.419982910156,31486.419982910156,0.3186815240290864,0.3186815240290864,622.3083726898194,3111541.8634490967,-0.016679561674929677,0,1544.2750244140625,0.0,-108.95580295408672,0,351.8949890136719,0.0,333.2750238647641,0,122.9000015258789,0.0,-636.9882058318985,140,224.9029998779297,0.3186815240290864,-785.1802508056353
2026-09-02,2026-09-02T14:45:00-04:00,bar_close,67315.73078136308,98776.53095226151,31460.800170898438,31460.800170898438,0.31850480946838855,0.31850480946838855,622.3083726898194,3111541.8634490967,-0.016934540788059338,0,1548.0999755859375,0.0,-108.95580295408672,0,352.510009765625,0.0,333.2750238647641,0,122.6050033569336,0.0,-636.9882058318985,140,224.72000122070312,0.31850480946838855,-810.800062817354
2026-09-02,2026-09-02T14:45:00-04:00,open_before_orders,67315.73078136308,98776.54376964433,31460.81298828125,31460.81298828125,0.31850489790016,0.31850489790016,622.3083726898194,3111541.8634490967,-0.016934413224090394,0,1548.06005859375,0.0,-108.95580295408672,0,352.5400085449219,0.0,333.2750238647641,0,122.68000030517578,0.0,-636.9882058318985,140,224.7200927734375,0.31850489790016,-810.7872454345415
2026-09-02,2026-09-02T14:50:00-04:00,bar_close,67315.73078136308,98784.93061046464,31469.199829101562,31469.199829101562,0.3185627568357872,0.3185627568357872,622.3083726898194,3111541.8634490967,-0.01685094386711994,0,1548.6300048828125,0.0,-108.95580295408672,0,352.7349853515625,0.0,333.2750238647641,0,122.54000091552734,0.0,-636.9882058318985,140,224.77999877929688,0.3185627568357872,-802.400404614229
2026-09-02,2026-09-02T14:50:00-04:00,open_before_orders,67315.73078136308,98786.32984142167,31470.599060058594,31470.599060058594,0.3185724088603886,0.3185724088603886,622.3083726898194,3111541.8634490967,-0.016837018133850523,0,1548.300048828125,0.0,-108.95580295408672,0,352.7300109863281,0.0,333.2750238647641,0,122.55999755859375,0.0,-636.9882058318985,140,224.7899932861328,0.3185724088603886,-801.0011736571978
2026-09-02,2026-09-02T14:55:00-04:00,bar_close,67315.73078136308,98718.99158458573,31403.260803222656,31403.260803222656,0.31810759306951886,0.31810759306951886,622.3083726898194,3111541.8634490967,-0.017507196705022987,0,1546.375,0.0,-108.95580295408672,0,352.19000244140625,0.0,333.2750238647641,0,122.36000061035156,0.0,-636.9882058318985,140,224.3090057373047,0.31810759306951886,-868.3394304931353
2026-09-02,2026-09-02T14:55:00-04:00,open_before_orders,67315.73078136308,98719.1304395662,31403.399658203125,31403.399658203125,0.31810855219624967,0.31810855219624967,622.3083726898194,3111541.8634490967,-0.017505814762026728,0,1546.0,0.0,-108.95580295408672,0,352.1700134277344,0.0,333.2750238647641,0,122.37000274658203,0.0,-636.9882058318985,140,224.30999755859375,0.31810855219624967,-868.2005755126665
2026-09-02,2026-09-02T15:00:00-04:00,bar_close,67315.73078136308,98746.43146495683,31430.70068359375,31430.70068359375,0.318297078864545,0.318297078864545,622.3083726898194,3111541.8634490967,-0.01723410350831245,0,1548.6199951171875,0.0,-108.95580295408672,0,351.82000732421875,0.0,333.2750238647641,0,122.63999938964844,0.0,-636.9882058318985,140,224.5050048828125,0.318297078864545,-840.8995501220415
2026-09-02,2026-09-02T15:00:00-04:00,open_before_orders,67315.73078136308,98745.73078136308,31430.0,31430.0,0.3182922416118469,0.3182922416118469,622.3083726898194,3111541.8634490967,-0.017241077005277883,0,1549.239990234375,0.0,-108.95580295408672,0,351.8299865722656,0.0,333.2750238647641,0,122.62999725341797,0.0,-636.9882058318985,140,224.5,0.3182922416118469,-841.6002337157915
2026-09-02,2026-09-02T15:05:00-04:00,bar_close,67315.73078136308,98740.13172130448,31424.400939941406,31424.400939941406,0.31825358536726744,0.31825358536726744,622.3083726898194,3111541.8634490967,-0.017296801199016887,0,1538.7646484375,0.0,-108.95580295408672,0,352.7214050292969,0.0,333.2750238647641,0,122.54499816894531,0.0,-636.9882058318985,140,224.4600067138672,0.31825358536726744,-847.1992937743853
2026-09-02,2026-09-02T15:05:00-04:00,open_before_orders,67315.73078136308,98740.13172130448,31424.400939941406,31424.400939941406,0.31825358536726744,0.31825358536726744,622.3083726898194,3111541.8634490967,-0.017296801199016887,0,1539.0,0.0,-108.95580295408672,0,352.75,0.0,333.2750238647641,0,122.52629852294922,0.0,-636.9882058318985,140,224.4600067138672,0.31825358536726744,-847.1992937743853
2026-09-02,2026-09-02T15:10:00-04:00,bar_close,67315.73078136308,98737.33112315995,31421.600341796875,31421.600341796875,0.31823424822576135,0.31823424822576135,622.3083726898194,3111541.8634490967,-0.01732467392621717,0,1540.3349609375,0.0,-108.95580295408672,0,352.8999938964844,0.0,333.2750238647641,0,122.65499877929688,0.0,-636.9882058318985,140,224.44000244140625,0.31823424822576135,-849.9998919189165
2026-09-02,2026-09-02T15:10:00-04:00,open_before_orders,67315.73078136308,98737.33112315995,31421.600341796875,31421.600341796875,0.31823424822576135,0.31823424822576135,622.3083726898194,3111541.8634490967,-0.01732467392621717,0,1541.0,0.0,-108.95580295408672,0,352.95001220703125,0.0,333.2750238647641,0,122.68000030517578,0.0,-636.9882058318985,140,224.44000244140625,0.31823424822576135,-849.9998919189165
2026-09-02,2026-09-02T15:10:00-04:00,after_fill,90426.10778136307,98732.70812315994,54536.600341796875,8306.600341796875,0.5523660940583894,0.0841322040051323,626.9313726898195,3134656.8634490967,-0.017370683960930222,-15,1541.0,-0.23411694502662855,-113.5788029540854,0,352.95001220703125,0.0,333.2750238647641,0,122.68000030517578,0.0,-636.9882058318985,140,224.44000244140625,0.3182491490317609,-849.9998919189165
2026-09-02,2026-09-02T15:15:00-04:00,bar_close,90426.10778136307,98733.45946593338,54551.75109863281,8307.351684570312,0.5525153417464841,0.08413917358417537,626.9313726898195,3134656.8634490967,-0.017363206282563937,-15,1541.47998046875,-0.23418808408115432,-120.7785099853354,0,353.1600036621094,0.0,333.2750238647641,0,122.88999938964844,0.0,-636.9882058318985,140,224.49679565429688,0.3183272576653297,-842.048842114229
2026-09-02,2026-09-02T15:15:00-04:00,open_before_orders,90426.10778136307,98753.30718321854,54527.19940185547,8327.199401855469,0.5521556792087005,0.08432324586766382,626.9313726898195,3134656.8634490967,-0.01716567347675335,-15,1540.0,-0.23391621667051832,-98.5788029540854,0,353.1300048828125,0.0,333.2750238647641,0,122.89990234375,0.0,-636.9882058318985,140,224.47999572753906,0.31823946253818214,-844.4008318603228
2026-09-02,2026-09-02T15:20:00-04:00,bar_close,90426.10778136307,98747.03307433182,54564.273681640625,8320.92529296875,0.5525662086532501,0.08426506634083046,626.9313726898195,3134656.8634490967,-0.017228116039520014,-15,1541.4449462890625,-0.23415057115620982,-120.2529972900229,0,352.9049987792969,0.0,333.2750238647641,0,122.5,0.0,-636.9882058318985,140,224.58999633789062,0.31841563749704027,-829.000746411104
2026-09-02,2026-09-02T15:20:00-04:00,open_before_orders,90426.10778136307,98745.526116324,54564.26818847656,8319.418334960938,0.5525745857508407,0.08425109128651068,626.9313726898195,3134656.8634490967,-0.017243113917575492,-15,1541.4949951171875,-0.23416174723216504,-121.0037297118979,0,352.92999267578125,0.0,333.2750238647641,0,122.45999908447266,0.0,-636.9882058318985,140,224.5845947265625,0.3184128385186757,-829.7569719970415
2026-09-02,2026-09-02T15:20:00-04:00,after_fill,79633.48472254959,98743.36802333084,43773.80322265625,19109.88330078125,0.44330879226555736,0.1935308029625444,629.0894656829835,3145447.328414917,-0.01726459216406684,-8,1541.4949951171875,-0.12488899465150646,-123.16182270506215,0,352.92999267578125,0.0,333.2750238647641,0,122.45999908447266,0.0,-636.9882058318985,140,224.5845947265625,0.31841979761405087,-829.7569719970415
2026-09-02,2026-09-02T15:25:00-04:00,bar_close,79633.48472254959,98727.92490809647,43745.957763671875,19094.440185546875,0.44309609266470423,0.19340465428926462,629.0894656829835,3145447.328414917,-0.01741828852314309,-8,1540.7198486328125,-0.12484571918771982,-116.96065083006215,0,352.77130126953125,0.0,333.2750238647641,0,122.44999694824219,0.0,-636.9882058318985,140,224.42999267578125,0.3182503734769844,-851.4012591064165
2026-09-02,2026-09-02T15:25:00-04:00,open_before_orders,79633.48472254959,98733.87315028397,43743.427490234375,19100.388427734375,0.4430437710435202,0.19345324778925116,629.0894656829835,3145447.328414917,-0.017359089122423232,-8,1540.18994140625,-0.12479526162713452,-112.72139301756215,0,352.7799987792969,0.0,333.2750238647641,0,122.45359802246094,0.0,-636.9882058318985,140,224.44219970703125,0.31824850941638566,-849.6922747314165
2026-09-02,2026-09-02T15:30:00-04:00,bar_close,79633.48472254959,98728.2231258699,43737.25988769531,19094.738403320312,0.4430066550669519,0.19340709068546874,629.0894656829835,3145447.328414917,-0.017415320534800438,-8,1540.1575927734375,-0.12479978219074159,-112.46260395506215,0,352.9100036621094,0.0,333.2750238647641,0,122.16000366210938,0.0,-636.9882058318985,140,224.39999389648438,0.3182068728762103,-855.601088207979
2026-09-02,2026-09-02T15:30:00-04:00,open_before_orders,79633.48472254959,98725.76524012772,43743.639892578125,19092.280517578125,0.44308230770540785,0.19338700967412656,629.0894656829835,3145447.328414917,-0.01743978244445188,-8,1540.7099609375,-0.12484764901564065,-116.88154926756215,0,352.8999938964844,0.0,333.2750238647641,0,122.12999725341797,0.0,-636.9882058318985,140,224.41400146484375,0.3182346586897672,-853.6400286376665
2026-09-02,2026-09-02T15:35:00-04:00,bar_close,79633.48472254959,98695.76578944412,43733.32012939453,19062.28106689453,0.44311242513376364,0.1931418325236128,629.0894656829835,3145447.328414917,-0.017738349558300226,-8,1541.93994140625,-0.12498529630507542,-126.72139301756215,0,353.0249938964844,0.0,333.2750238647641,0,122.63999938964844,0.0,-636.9882058318985,140,224.27000427246094,0.3181271288286882,-873.7996355712603
2026-09-02,2026-09-02T15:35:00-04:00,open_before_orders,79633.48472254959,98690.72575038162,43738.36016845703,19057.24102783203,0.44318612347713837,0.19310062706432513,629.0894656829835,3145447.328414917,-0.017788510140653746,-8,1542.5699462890625,-0.12504274820640662,-131.76143208006215,0,353.05999755859375,0.0,333.2750238647641,0,122.6500015258789,0.0,-636.9882058318985,140,224.27000427246094,0.3181433752707318,-873.7996355712603
2026-09-02,2026-09-02T15:35:00-04:00,after_fill,79857.7098728212,98690.68089638077,43514.09016418457,18832.97102355957,0.44091387118781483,0.1908282611134586,629.1343196838379,3145671.5984191895,-0.017788956546480272,-8,1542.5699462890625,-0.12504280503717813,-131.76143208006215,0,353.05999755859375,0.0,333.2750238647641,0,122.6500015258789,0.0,-636.9882058318985,139,224.27000427246094,0.3158710661506367,-873.844489572115
2026-09-02,2026-09-02T15:35:00-04:00,after_fill,78314.83141254287,98690.3723823915,41971.52021789551,20375.540969848633,0.4252848500284323,0.20645925714922186,629.4428336730957,3147214.1683654785,-0.017792027007080713,-7,1542.5699462890625,-0.1094127964396052,-132.06994606931949,0,353.05999755859375,0.0,333.2750238647641,0,122.6500015258789,0.0,-636.9882058318985,139,224.27000427246094,0.3158720535888271,-873.844489572115
2026-09-02,2026-09-02T15:40:00-04:00,bar_close,78314.83141254287,98641.93180011612,41942.12113952637,20327.100387573242,0.42519565841954643,0.206069569164189,629.4428336730957,3147214.1683654785,-0.018274127996050105,-7,1543.9300537109375,-0.10956304462767871,-141.59069802244449,0,353.6650085449219,0.0,333.2750238647641,0,122.25499725341797,0.0,-636.9882058318985,139,223.99000549316406,0.31563261379186774,-912.7643198943806
2026-09-02,2026-09-02T15:40:00-04:00,open_before_orders,78314.83141254287,98644.24234699112,41939.81059265137,20329.410934448242,0.4251622760213803,0.20608816541909744,629.4428336730957,3147214.1683654785,-0.01825113246459331,-7,1543.5999755859375,-0.10953705530114143,-139.28015114744449,0,353.6300964355469,0.0,333.2750238647641,0,122.25,0.0,-636.9882058318985,139,223.99000549316406,0.31562522072023885,-912.7643198943806
2026-09-02,2026-09-02T15:45:00-04:00,bar_close,78314.83141254287,98623.92047809463,41965.68940734863,20309.089065551758,0.4255122814415965,0.20592457658446675,629.4428336730957,3147214.1683654785,-0.018453384226081337,-7,1546.9000244140625,-0.10979385242856486,-162.38049294431949,0,354.3699951171875,0.0,333.2750238647641,0,122.56999969482422,0.0,-636.9882058318985,139,224.00999450683594,0.3157184290130316,-909.98584699399
2026-09-02,2026-09-02T15:45:00-04:00,open_before_orders,78314.83141254287,98622.12103961807,41968.88020324707,20307.289627075195,0.42555239900374386,0.20591008805131494,629.4428336730957,3147214.1683654785,-0.01847129299241712,-7,1547.2564697265625,-0.10982115547621446,-164.87561013181949,0,354.3800048828125,0.0,333.2750238647641,0,122.55000305175781,0.0,-636.9882058318985,139,224.01499938964844,0.3157312435275294,-909.2901682830525
2026-09-02,2026-09-02T15:45:00-04:00,after_fill,67481.86996539932,98619.95488056046,31138.084915161133,31138.084915161133,0.31573817847384694,0.31573817847384694,631.6089927307129,3158044.9636535645,-0.018492851515764408,0,1547.2564697265625,0.0,-167.0417691894363,0,354.3800048828125,0.0,333.2750238647641,0,122.55000305175781,0.0,-636.9882058318985,139,224.01499938964844,0.31573817847384694,-909.2901682830525
2026-09-02,2026-09-02T15:50:00-04:00,bar_close,67481.86996539932,98660.95962604386,31179.08966064453,31179.08966064453,0.31602256636082915,0.31602256636082915,631.6089927307129,3158044.9636535645,-0.018084755092860116,0,1543.7550048828125,0.0,-167.0417691894363,0,355.7900085449219,0.0,333.2750238647641,0,122.98680114746094,0.0,-636.9882058318985,139,224.30999755859375,0.31602256636082915,-868.285422799654
2026-09-02,2026-09-02T15:50:00-04:00,open_before_orders,67481.86996539932,98652.61996539932,31170.75,31170.75,0.3159647459026693,0.3159647459026693,631.6089927307129,3158044.9636535645,-0.01816775489293565,0,1544.489990234375,0.0,-167.0417691894363,0,355.8089904785156,0.0,333.2750238647641,0,122.9800033569336,0.0,-636.9882058318985,139,224.25,0.3159647459026693,-876.6250834441853
2026-09-02,2026-09-02T15:55:00-04:00,bar_close,67481.86996539932,98689.45488056046,31207.584915161133,31207.584915161133,0.3162200556577226,0.3162200556577226,631.6089927307129,3158044.9636535645,-0.017801158370069126,0,1557.280029296875,0.0,-167.0417691894363,0,356.260009765625,0.0,333.2750238647641,0,122.69999694824219,0.0,-636.9882058318985,139,224.51499938964844,0.3162200556577226,-839.7901682830525
2026-09-02,2026-09-02T15:55:00-04:00,open_before_orders,67481.86996539932,98688.75920184952,31206.889236450195,31206.889236450195,0.3162152355429082,0.3162152355429082,631.6089927307129,3158044.9636535645,-0.01780808205634199,0,1556.8399658203125,0.0,-167.0417691894363,0,356.2200012207031,0.0,333.2750238647641,0,122.7300033569336,0.0,-636.9882058318985,139,224.50999450683594,0.3162152355429082,-840.48584699399
2026-09-02,2026-09-02T15:55:00-04:00,after_fill,98682.51782400222,98682.51782400222,0.0,0.0,0.0,0.0,637.8503705780029,3189251.8528900146,-0.017870198866078213,0,1556.8399658203125,0.0,-167.0417691894363,0,356.2200012207031,0.0,333.2750238647641,0,122.7300033569336,0.0,-636.9882058318985,0,224.50999450683594,0.0,-846.727224841281
2026-09-02,2026-09-02T16:00:00-04:00,bar_close,98682.51782400222,98682.51782400222,0.0,0.0,0.0,0.0,637.8503705780029,3189251.8528900146,-0.017870198866078213,0,1553.0050048828125,0.0,-167.0417691894363,0,356.989990234375,0.0,333.2750238647641,0,123.23999786376953,0.0,-636.9882058318985,0,224.39999389648438,0.0,-846.727224841281
2026-09-03,2026-09-03T09:30:00-04:00,open_before_orders,98682.51782400222,98682.51782400222,0.0,0.0,0.0,0.0,637.8503705780029,3189251.8528900146,-0.017870198866078213,0,1543.75,0.0,-167.0417691894363,0,365.9150085449219,0.0,333.2750238647641,0,128.03500366210938,0.0,-636.9882058318985,0,226.02000427246094,0.0,-846.727224841281
2026-09-03,2026-09-03T09:35:00-04:00,bar_close,98682.51782400222,98682.51782400222,0.0,0.0,0.0,0.0,637.8503705780029,3189251.8528900146,-0.017870198866078213,0,1517.6199951171875,0.0,-167.0417691894363,0,370.81988525390625,0.0,333.2750238647641,0,130.40989685058594,0.0,-636.9882058318985,0,227.02000427246094,0.0,-846.727224841281
2026-09-03,2026-09-03T09:35:00-04:00,open_before_orders,98682.51782400222,98682.51782400222,0.0,0.0,0.0,0.0,637.8503705780029,3189251.8528900146,-0.017870198866078213,0,1516.4599609375,0.0,-167.0417691894363,0,370.81988525390625,0.0,333.2750238647641,0,130.36000061035156,0.0,-636.9882058318985,0,227.02000427246094,0.0,-846.727224841281
2026-09-03,2026-09-03T09:35:00-04:00,after_fill,163877.25458865066,98669.47626833816,65207.7783203125,-65207.7783203125,0.6608708263837911,-0.6608708263837911,650.8919262420653,3254459.631210327,-0.01799999389718665,-43,1516.4599609375,-0.6608708263837911,-180.08332485350547,0,370.81988525390625,0.0,333.2750238647641,0,130.36000061035156,0.0,-636.9882058318985,0,227.02000427246094,0.0,-846.727224841281
2026-09-03,2026-09-03T09:40:00-04:00,bar_close,163877.25458865066,98624.75458865066,65252.5,-65252.5,0.661623953054774,-0.661623953054774,650.8919262420653,3254459.631210327,-0.01844508280803303,-43,1517.5,-0.661623953054774,-224.80500454100547,0,371.94000244140625,0.0,333.2750238647641,0,131.97999572753906,0.0,-636.9882058318985,0,227.5500030517578,0.0,-846.727224841281
2026-09-03,2026-09-03T09:40:00-04:00,open_before_orders,163877.25458865066,98594.22626833816,65283.0283203125,-65283.0283203125,0.6621384516232776,-0.6621384516232776,650.8919262420653,3254459.631210327,-0.018748913454216365,-43,1518.2099609375,-0.6621384516232776,-255.33332485350547,0,371.94000244140625,0.0,333.2750238647641,0,132.00999450683594,0.0,-636.9882058318985,0,227.55999755859375,0.0,-846.727224841281
2026-09-03,2026-09-03T09:40:00-04:00,after_fill,98581.1696626741,98581.1696626741,0.0,0.0,0.0,0.0,663.9485319061279,3319742.6595306396,-0.018878858269236076,0,1518.2099609375,0.0,-268.3899305175655,0,371.94000244140625,0.0,333.2750238647641,0,132.00999450683594,0.0,-636.9882058318985,0,227.55999755859375,0.0,-846.727224841281
2026-09-03,2026-09-03T09:40:00-04:00,after_fill,29658.170686679223,98567.38781924758,68909.21713256836,68909.21713256836,0.6991076730057386,0.6991076730057386,677.7303753326415,3388651.876663208,-0.019016020954605417,0,1518.2099609375,0.0,-268.3899305175655,0,371.94000244140625,0.0,333.2750238647641,522,132.00999450683594,0.6991076730057386,-650.7700492584263,0,227.55999755859375,0.0,-846.727224841281
2026-09-03,2026-09-03T09:45:00-04:00,bar_close,29658.170686679223,98483.81811709914,68825.64743041992,68825.64743041992,0.6988523469772964,0.6988523469772964,677.7303753326415,3388651.876663208,-0.019847741676387698,0,1526.81005859375,0.0,-268.3899305175655,0,374.2749938964844,0.0,333.2750238647641,522,131.8498992919922,0.6988523469772964,-734.3397514068638,0,227.72999572753906,0.0,-846.727224841281
2026-09-03,2026-09-03T09:45:00-04:00,open_before_orders,29658.170686679223,98473.43164248977,68815.26095581055,68815.26095581055,0.6988205834609893,0.6988205834609893,677.7303753326415,3388651.876663208,-0.019951112227398315,0,1527.5899658203125,0.0,-268.3899305175655,0,374.3500061035156,0.0,333.2750238647641,522,131.8300018310547,0.6988205834609893,-744.7262260162388,0,227.7100067138672,0.0,-846.727224841281
2026-09-03,2026-09-03T09:45:00-04:00,after_fill,97273.43586782241,98459.9058843019,1186.4700164794922,1186.4700164794922,0.012050285909004295,0.012050285909004295,691.2561335205078,3456280.667602539,-0.020085726245080093,0,1527.5899658203125,0.0,-268.3899305175655,0,374.3500061035156,0.0,333.2750238647641,9,131.8300018310547,0.012050285909004295,-758.2519842041074,0,227.7100067138672,0.0,-846.727224841281
2026-09-03,2026-09-03T09:50:00-04:00,bar_close,97273.43586782241,98454.95585683608,1181.5199890136719,1181.5199890136719,0.012000614684462679,0.012000614684462679,691.2561335205078,3456280.667602539,-0.02013499099427596,0,1533.0,0.0,-268.3899305175655,0,377.42999267578125,0.0,333.2750238647641,9,131.27999877929688,0.012000614684462679,-763.2020116699277,0,228.8000030517578,0.0,-846.727224841281
2026-09-03,2026-09-03T09:50:00-04:00,open_before_orders,97273.43586782241,98455.13589528823,1181.7000274658203,1181.7000274658203,0.012002421374163914,0.012002421374163914,691.2561335205078,3456280.667602539,-0.020133199176098793,0,1533.489990234375,0.0,-268.3899305175655,0,377.42999267578125,0.0,333.2750238647641,9,131.3000030517578,0.012002421374163914,-763.0219732177793,0,228.80499267578125,0.0,-846.727224841281
2026-09-03,2026-09-03T09:55:00-04:00,bar_close,97273.43586782241,98455.72091726089,1182.2850494384766,1182.2850494384766,0.012008292036498641,0.012008292036498641,691.2561335205078,3456280.667602539,-0.020127376792090534,0,1546.8199462890625,0.0,-268.3899305175655,0,374.94000244140625,0.0,333.2750238647641,9,131.36500549316406,0.012008292036498641,-762.436951245123,0,228.031005859375,0.0,-846.727224841281
2026-09-03,2026-09-03T09:55:00-04:00,open_before_orders,97273.43586782241,98455.94586232924,1182.509994506836,1182.509994506836,0.012010549328938826,0.012010549328938826,691.2561335205078,3456280.667602539,-0.02012513804443672,0,1547.1600341796875,0.0,-268.3899305175655,0,374.9800109863281,0.0,333.2750238647641,9,131.38999938964844,0.012010549328938826,-762.2120061767637,0,228.04490661621094,0.0,-846.727224841281
2026-09-03,2026-09-03T09:55:00-04:00,after_fill,98455.70936033034,98455.70936033034,0.0,0.0,0.0,0.0,691.4926355194092,3457463.177597046,-0.020127491811509968,0,1547.1600341796875,0.0,-268.3899305175655,0,374.9800109863281,0.0,333.2750238647641,0,131.38999938964844,0.0,-762.448508175665,0,228.04490661621094,0.0,-846.727224841281
2026-09-03,2026-09-03T09:55:00-04:00,after_fill,96908.23989414382,98455.3999283235,1547.1600341796875,1547.1600341796875,0.01571432379845123,0.01571432379845123,691.8020675262451,3459010.3376312256,-0.02013057140860619,1,1547.1600341796875,0.01571432379845123,-268.6993625244015,0,374.9800109863281,0.0,333.2750238647641,0,131.38999938964844,0.0,-762.448508175665,0,228.04490661621094,0.0,-846.727224841281
2026-09-03,2026-09-03T10:00:00-04:00,bar_close,96908.23989414382,98453.55349277663,1545.3135986328125,1545.3135986328125,0.015695864128928465,0.015695864128928465,691.8020675262451,3459010.3376312256,-0.020148947909494508,1,1545.3135986328125,0.015695864128928465,-270.5457980712765,0,372.11199951171875,0.0,333.2750238647641,0,132.36500549316406,0.0,-762.448508175665,0,228.27999877929688,0.0,-846.727224841281
2026-09-03,2026-09-03T10:00:00-04:00,open_before_orders,96908.23989414382,98453.23989414382,1545.0,1545.0,0.01569272886967633,0.01569272886967633,691.8020675262451,3459010.3376312256,-0.020152068974599757,1,1545.0,0.01569272886967633,-270.859396704089,0,372.0,0.0,333.2750238647641,0,132.35000610351562,0.0,-762.448508175665,0,228.17999267578125,0.0,-846.727224841281
2026-09-03,2026-09-03T10:00:00-04:00,after_fill,93817.62189414381,98452.62189414381,4635.0,4635.0,0.047078482124971226,0.047078482124971226,692.4200675262451,3462100.3376312256,-0.020158219569765823,3,1545.0,0.047078482124971226,-271.4773967040892,0,372.0,0.0,333.2750238647641,0,132.35000610351562,0.0,-762.448508175665,0,228.17999267578125,0.0,-846.727224841281
2026-09-03,2026-09-03T10:00:00-04:00,after_fill,54369.43201493239,98444.73383378005,44075.301818847656,44075.301818847656,0.44771619671669816,0.44771619671669816,700.3081278900147,3501540.6394500732,-0.02023672485446293,3,1545.0,0.047082254372549884,-271.4773967040892,0,372.0,0.0,333.2750238647641,298,132.35000610351562,0.40063394234414823,-770.336568539431,0,228.17999267578125,0.0,-846.727224841281
2026-09-03,2026-09-03T10:05:00-04:00,bar_close,54369.43201493239,98563.93012284255,44194.498107910156,44194.498107910156,0.4483840899285318,0.4483840899285318,700.3081278900147,3501540.6394500732,-0.019050433399256606,3,1530.0999755859375,0.04657180290027816,-316.1774699462767,0,372.419189453125,0.0,333.2750238647641,298,132.89999389648438,0.4018122870282536,-606.4402062347435,0,228.0399932861328,0.0,-846.727224841281
2026-09-03,2026-09-03T10:05:00-04:00,open_before_orders,54369.43201493239,98575.15418290114,44205.72216796875,44205.72216796875,0.4484468985556675,0.4484468985556675,700.3081278900147,3501540.6394500732,-0.01893872684660336,3,1529.3699951171875,0.046544284139171214,-318.3674113525267,0,372.4599914550781,0.0,333.2750238647641,298,132.94500732421875,0.4019026144164963,-593.0262047698998,0,228.00999450683594,0.0,-846.727224841281
2026-09-03,2026-09-03T10:05:00-04:00,after_fill,58956.624378286884,98574.23656090407,39617.61218261719,39617.61218261719,0.4019063557052197,0.4019063557052197,701.225749887085,3506128.749435425,-0.01894785940553445,0,1529.3699951171875,0.0,-319.28503334959714,0,372.4599914550781,0.0,333.2750238647641,298,132.94500732421875,0.4019063557052197,-593.0262047698998,0,228.00999450683594,0.0,-846.727224841281
2026-09-03,2026-09-03T10:05:00-04:00,after_fill,73976.40564875808,98571.23200373855,24594.82635498047,24594.82635498047,0.24951322870802356,0.24951322870802356,704.2303070526124,3521151.5352630615,-0.018977762018444477,0,1529.3699951171875,0.0,-319.28503334959714,0,372.4599914550781,0.0,333.2750238647641,185,132.94500732421875,0.24951322870802356,-596.030761935428,0,228.00999450683594,0.0,-846.727224841281
2026-09-03,2026-09-03T10:05:00-04:00,after_fill,5057.526209884789,98557.45098405471,93499.92477416992,93499.92477416992,0.9486844864656349,0.9486844864656349,718.0113267364503,3590056.633682251,-0.01911491650558117,0,1529.3699951171875,0.0,-319.28503334959714,185,372.4599914550781,0.6991363690030639,319.4940041809168,185,132.94500732421875,0.249548117462571,-596.030761935428,0,228.00999450683594,0.0,-846.727224841281
2026-09-03,2026-09-03T10:10:00-04:00,bar_close,5057.526209884789,99322.92461686721,94265.39840698242,94265.39840698242,0.9490799709191617,0.9490799709191617,718.0113267364503,3590056.633682251,-0.011496601900878756,0,1523.5799560546875,0.0,-319.28503334959714,185,375.8627014160156,0.7000861083197946,948.9953469543543,185,133.67999267578125,0.24899386259936712,-460.0584718963655,0,228.00990295410156,0.0,-846.727224841281
2026-09-03,2026-09-03T10:10:00-04:00,open_before_orders,5057.526209884789,99322.42214494338,94264.8959350586,94264.8959350586,0.9490797133148421,0.9490797133148421,718.0113267364503,3590056.633682251,-0.01150160271218259,0,1523.02001953125,0.0,-319.28503334959714,185,375.8599853515625,0.7000845910560501,948.4928750305262,185,133.67999267578125,0.24899512225879203,-460.0584718963655,0,228.0,0.0,-846.727224841281
2026-09-03,2026-09-03T10:10:00-04:00,after_fill,74577.71668046585,99308.51532548538,24730.79864501953,24730.79864501953,0.2490299906706279,0.2490299906706279,731.9181461944581,3659590.73097229,-0.011640009211427493,0,1523.02001953125,0.0,-319.28503334959714,0,375.8599853515625,0.0,934.586055572523,185,133.67999267578125,0.2490299906706279,-460.0584718963655,0,228.0,0.0,-846.727224841281
2026-09-03,2026-09-03T10:15:00-04:00,bar_close,74577.71668046585,99367.71668046585,24790.0,24790.0,0.249477404011572,0.249477404011572,731.9181461944581,3659590.73097229,-0.011050812499832419,0,1523.9898681640625,0.0,-319.28503334959714,0,377.0069885253906,0.0,934.586055572523,185,134.0,0.249477404011572,-400.85711691589677,0,228.08949279785156,0.0,-846.727224841281
2026-09-03,2026-09-03T10:15:00-04:00,open_before_orders,74577.71668046585,99370.49156755081,24792.77488708496,24792.77488708496,0.24949836209908596,0.24949836209908596,731.9181461944581,3659590.73097229,-0.011023195659879192,0,1523.0400390625,0.0,-319.28503334959714,0,377.0039978027344,0.0,934.586055572523,185,134.01499938964844,0.24949836209908596,-398.08222983093583,0,228.05999755859375,0.0,-846.727224841281
2026-09-03,2026-09-03T10:15:00-04:00,after_fill,77793.43339382033,99369.84829555373,21576.4149017334,21576.4149017334,0.21713241261634117,0.21713241261634117,732.5614181915284,3662807.0909576416,-0.011029597772558297,0,1523.0400390625,0.0,-319.28503334959714,0,377.0039978027344,0.0,934.586055572523,161,134.01499938964844,0.21713241261634117,-398.7255018280048,0,228.05999755859375,0.0,-846.727224841281
2026-09-03,2026-09-03T10:20:00-04:00,bar_close,77793.43339382033,99433.44398341994,21640.01058959961,21640.01058959961,0.21763311942818736,0.21763311942818736,732.5614181915284,3662807.0909576416,-0.01039666681726581,0,1524.6800537109375,0.0,-319.28503334959714,0,376.7749938964844,0.0,934.586055572523,161,134.41000366210938,0.21763311942818736,-335.12981396179384,0,228.14239501953125,0.0,-846.727224841281
2026-09-03,2026-09-03T10:20:00-04:00,open_before_orders,77793.43339382033,99438.27378688674,21644.840393066406,21644.840393066406,0.21767111966821756,0.21767111966821756,732.5614181915284,3662807.0909576416,-0.010348598587725633,0,1523.969970703125,0.0,-319.28503334959714,0,376.7749938964844,0.0,934.586055572523,161,134.44000244140625,0.21767111966821756,-330.30001049499697,0,228.14999389648438,0.0,-846.727224841281
2026-09-03,2026-09-03T10:20:00-04:00,after_fill,99433.94481880813,99433.94481880813,0.0,0.0,0.0,0.0,736.8903862701417,3684451.931350708,-0.010391682293450999,0,1523.969970703125,0.0,-319.28503334959714,0,376.7749938964844,0.0,934.586055572523,0,134.44000244140625,0.0,-334.62897857360804,0,228.14999389648438,0.0,-846.727224841281
2026-09-03,2026-09-03T10:20:00-04:00,after_fill,30093.480622079616,99420.07949903274,69326.59887695312,69326.59887695312,0.6973098314372964,0.6973098314372964,750.7557060455323,3753778.530227661,-0.010529675770451052,0,1523.969970703125,0.0,-319.28503334959714,184,376.7749938964844,0.6973098314372964,920.7207357971347,0,134.44000244140625,0.0,-334.62897857360804,0,228.14999389648438,0.0,-846.727224841281
2026-09-03,2026-09-03T10:25:00-04:00,bar_close,30093.480622079616,99701.59927442337,69608.11865234375,69608.11865234375,0.6981645145004254,0.6981645145004254,750.7557060455323,3753778.530227661,-0.007727872906920896,0,1527.0,0.0,-319.28503334959714,184,378.30499267578125,0.6981645145004254,1202.2405111877597,0,134.92999267578125,0.0,-334.62897857360804,0,228.12379455566406,0.0,-846.727224841281
2026-09-03,2026-09-03T10:25:00-04:00,open_before_orders,30093.480622079616,99703.44107129837,69609.96044921875,69609.96044921875,0.6981700902322956,0.6981700902322956,750.7557060455323,3753778.530227661,-0.007709542572040262,0,1526.780029296875,0.0,-319.28503334959714,184,378.31500244140625,0.6981700902322956,1204.0823080627597,0,134.92999267578125,0.0,-334.62897857360804,0,228.1300048828125,0.0,-846.727224841281
2026-09-03,2026-09-03T10:30:00-04:00,bar_close,30093.480622079616,99765.07949903274,69671.59887695312,69671.59887695312,0.6983565715258977,0.6983565715258977,750.7557060455323,3753778.530227661,-0.00709609109038134,0,1524.71337890625,0.0,-319.28503334959714,184,378.6499938964844,0.6983565715258977,1265.7207357971347,0,136.11000061035156,0.0,-334.62897857360804,0,227.38999938964844,0.0,-846.727224841281
2026-09-03,2026-09-03T10:30:00-04:00,open_before_orders,30093.480622079616,99776.11904981399,69682.63842773438,69682.63842773438,0.6983899463251801,0.6983899463251801,750.7557060455323,3753778.530227661,-0.006986220851432523,0,1524.3900146484375,0.0,-319.28503334959714,184,378.7099914550781,0.6983899463251801,1276.7602865783847,0,136.11000061035156,0.0,-334.62897857360804,0,227.38499450683594,0.0,-846.727224841281
2026-09-03,2026-09-03T10:35:00-04:00,bar_close,30093.480622079616,99501.96084668899,69408.48022460938,69408.48022460938,0.6975589187790262,0.6975589187790262,750.7557060455323,3753778.530227661,-0.009714758260607748,0,1516.68505859375,0.0,-319.28503334959714,184,377.2200012207031,0.6975589187790262,1002.6020834533847,0,135.7899932861328,0.0,-334.62897857360804,0,226.36000061035156,0.0,-846.727224841281
2026-09-03,2026-09-03T10:35:00-04:00,open_before_orders,30093.480622079616,99509.32241895462,69415.841796875,69415.841796875,0.697581292982984,0.697581292982984,750.7557060455323,3753778.530227661,-0.009641492806252705,0,1516.3599853515625,0.0,-319.28503334959714,184,377.260009765625,0.697581292982984,1009.9636557190097,0,135.77999877929688,0.0,-334.62897857360804,0,226.34500122070312,0.0,-846.727224841281
2026-09-03,2026-09-03T10:35:00-04:00,after_fill,58005.13789659133,99503.73897081008,41498.60107421875,41498.60107421875,0.4170556956296142,0.4170556956296142,756.3391541900636,3781695.7709503174,-0.009697061623676007,0,1516.3599853515625,0.0,-319.28503334959714,110,377.260009765625,0.4170556956296142,1004.3802075744752,0,135.77999877929688,0.0,-334.62897857360804,0,226.34500122070312,0.0,-846.727224841281
2026-09-03,2026-09-03T10:35:00-04:00,after_fill,100323.18782181716,99495.27366776443,83825.11630249023,-827.9141540527344,0.8425035000396086,-0.008321140527914052,764.8044572357179,3824022.286178589,-0.00978131186961717,0,1516.3599853515625,0.0,-319.28503334959714,110,377.260009765625,0.41709117975584725,1004.3802075744752,0,135.77999877929688,0.0,-334.62897857360804,-187,226.34500122070312,-0.4254123202837613,-855.1925278869312
2026-09-03,2026-09-03T10:40:00-04:00,bar_close,100323.18782181716,99532.00053544021,84003.96499633789,-791.1872863769531,0.8439895163809826,-0.007949074489819345,764.8044572357179,3824022.286178589,-0.009415790680636027,0,1517.81005859375,0.0,-319.28503334959714,110,378.2398986816406,0.41802022094558167,1112.167988336194,0,135.8000030517578,0.0,-334.62897857360804,-187,226.72500610351562,-0.425969295435401,-926.2534409728687
2026-09-03,2026-09-03T10:40:00-04:00,open_before_orders,100323.18782181716,99528.5590071199,83998.6516418457,-794.6288146972656,0.8439653148784838,-0.007983927654779177,764.8044572357179,3824022.286178589,-0.009450042213727694,0,1517.4073486328125,0.0,-319.28503334959714,110,378.2001037597656,0.4179906936118523,1107.790546929944,0,135.85000610351562,0.0,-334.62897857360804,-187,226.72000122070312,-0.4259746212666315,-925.3175278869312
2026-09-03,2026-09-03T10:45:00-04:00,bar_close,100323.18782181716,99620.81845231033,83971.26829528809,-702.3693695068359,0.8429088377293962,-0.007050427615620008,764.8044572357179,3824022.286178589,-0.008531837525039054,0,1516.199951171875,0.0,-319.28503334959714,110,378.4949951171875,0.41792920505688813,1140.2285962463502,0,136.7700958251953,0.0,-334.62897857360804,-187,226.4001007080078,-0.4249796326725081,-865.4961320129078
2026-09-03,2026-09-03T10:45:00-04:00,open_before_orders,100323.18782181716,99619.63798661208,83973.79153442383,-703.5498352050781,0.8429441547028016,-0.007062360890125182,764.8044572357179,3824022.286178589,-0.008543586014711058,0,1516.5,0.0,-319.28503334959714,110,378.5010986328125,0.41794089690633823,1140.8999829651002,0,136.77000427246094,0.0,-334.62897857360804,-187,226.41000366210938,-0.4250032577964634,-867.3479844299
2026-09-03,2026-09-03T10:45:00-04:00,after_fill,100096.73253615432,99619.59270461135,83747.38153076172,-477.13983154296875,0.8406717921351738,-0.004789618373142396,764.8497392364503,3824248.696182251,-0.008544036680171896,0,1516.5,0.0,-319.28503334959714,110,378.5010986328125,0.4179410868810157,1140.8999829651002,0,136.77000427246094,0.0,-334.62897857360804,-186,226.41000366210938,-0.4227307052541581,-867.393266430634
2026-09-03,2026-09-03T10:45:00-04:00,after_fill,96689.54134648146,99618.9114026338,87153.89141845703,2929.3700561523438,0.8748729552585011,0.02940576256964493,765.5310412139894,3827655.2060699463,-0.00855081728316498,0,1516.5,0.0,-319.28503334959714,119,378.5010986328125,0.45213935891407303,1140.2186809875639,0,136.77000427246094,0.0,-334.62897857360804,-186,226.41000366210938,-0.4227335963444281,-867.393266430634
2026-09-03,2026-09-03T10:45:00-04:00,after_fill,89576.07871626905,99617.48899458937,94265.931640625,10041.410278320312,0.9462789374840092,0.10079967262440938,766.953449258423,3834767.2462921143,-0.008564973684527799,0,1516.5,0.0,-319.28503334959714,119,378.5010986328125,0.4521458148754491,1140.2186809875639,52,136.77000427246094,0.0713934901787602,-336.05138661804176,-186,226.41000366210938,-0.4227396324297999,-867.393266430634
2026-09-03,2026-09-03T10:50:00-04:00,bar_close,89576.07871626905,99908.18177413038,94496.35946655273,10332.103057861328,0.9458320408651562,0.10341598530158277,766.953449258423,3834767.2462921143,-0.005671877236878786,0,1516.0,0.0,-319.28503334959714,119,379.95001220703125,0.4525560434565347,1312.639396319595,52,138.46499633789062,0.07206796962683475,-247.911799215698,-186,226.2480010986328,-0.4212080277817867,-837.2607896239933
2026-09-03,2026-09-03T10:50:00-04:00,open_before_orders,89576.07871626905,99910.89356612257,94499.81484985352,10334.814849853516,0.9458409536424782,0.10344032047930565,766.953449258423,3834767.2462921143,-0.005644888345748611,0,1516.52001953125,0.0,-319.28503334959714,119,379.9649963378906,0.45256160715132077,1314.4225078918607,52,138.49000549316406,0.07207902990957117,-246.61132314147926,-186,226.25,-0.4212003165815863,-837.6325852782902
2026-09-03,2026-09-03T10:50:00-04:00,after_fill,47485.162216269055,99902.47706612258,52417.314849853516,52417.314849853516,0.5246848365447435,0.5246848365447435,775.369949258423,3876849.7462921143,-0.005728652883313146,0,1516.52001953125,0.0,-319.28503334959714,119,379.9649963378906,0.45259973418158517,1314.4225078918607,52,138.49000549316406,0.0720851023631584,-246.61132314147926,0,226.25,0.0,-846.0490852782896
2026-09-03,2026-09-03T10:50:00-04:00,after_fill,5098.744947024672,99894.0014777864,94795.25653076172,94795.25653076172,0.9489584472381107,0.9489584472381107,783.8455375946047,3919227.6879730225,-0.0058130054927789665,0,1516.52001953125,0.0,-319.28503334959714,119,379.9649963378906,0.4526381353765642,1314.4225078918607,358,138.49000549316406,0.4963203118615465,-255.08691147765785,0,226.25,0.0,-846.0490852782896
2026-09-03,2026-09-03T10:55:00-04:00,bar_close,5098.744947024672,99711.2111640657,94612.46621704102,94612.46621704102,0.9488648780061937,0.9488648780061937,783.8455375946047,3919227.6879730225,-0.007632211350334095,0,1522.8900146484375,0.0,-319.28503334959714,119,380.5799865722656,0.45420186830927833,1387.6063457824857,358,137.77499389648438,0.4946630096969154,-511.061063088986,0,225.85000610351562,0.0,-846.0490852782896
2026-09-03,2026-09-03T10:55:00-04:00,open_before_orders,5098.744947024672,99708.83247143874,94610.08752441406,94610.08752441406,0.9488636581068663,0.9488636581068663,783.8455375946047,3919227.6879730225,-0.007655885096892079,0,1522.6099853515625,0.0,-319.28503334959714,119,380.55999755859375,0.4541888475371012,1385.2276531555326,358,137.77499389648438,0.49467481056976514,-511.061063088986,0,225.8249969482422,0.0,-846.0490852782896
2026-09-03,2026-09-03T10:55:00-04:00,after_fill,12261.611769705336,99707.39961150222,87445.78784179688,87445.78784179688,0.8770240542077998,0.8770240542077998,785.2783975311281,3926391.9876556396,-0.007670145519868221,0,1522.6099853515625,0.0,-319.28503334959714,119,380.55999755859375,0.45419537452512604,1385.2276531555326,306,137.77499389648438,0.42282867968267374,-512.4939230255113,0,225.8249969482422,0.0,-846.0490852782896
2026-09-03,2026-09-03T11:00:00-04:00,bar_close,12261.611769705336,99857.83778288894,87596.2260131836,87596.2260131836,0.8772093203503509,0.8772093203503509,785.2783975311281,3926391.9876556396,-0.00617292175009676,0,1528.050048828125,0.0,-319.28503334959714,119,379.5356140136719,0.45229036668933487,1263.3260113098295,306,138.6649932861328,0.42491895366101606,-240.15410979308945,0,226.14500427246094,0.0,-846.0490852782896
2026-09-03,2026-09-03T11:00:00-04:00,open_before_orders,12261.611769705336,99845.8675375276,87584.25576782227,87584.25576782227,0.8771945993148215,0.8771945993148215,785.2783975311281,3926391.9876556396,-0.006292054651804935,0,1528.43505859375,0.0,-319.28503334959714,119,379.5249938964844,0.45233193308382746,1262.062217364517,306,138.6300048828125,0.42486266623099395,-250.86056120910507,0,226.16000366210938,0.0,-846.0490852782896
2026-09-03,2026-09-03T11:00:00-04:00,after_fill,57416.053348532245,99836.83484267286,42420.781494140625,42420.781494140625,0.42490110549867793,0.42490110549867793,794.3110923858644,3971555.4619293213,-0.006381951818973053,0,1528.43505859375,0.0,-319.28503334959714,0,379.5249938964844,0.0,1253.029522509787,306,138.6300048828125,0.42490110549867793,-250.86056120910507,0,226.16000366210938,0.0,-846.0490852782896
2026-09-03,2026-09-03T11:00:00-04:00,after_fill,45186.127383688494,99834.38934657912,54648.261962890625,54648.261962890625,0.5473891543842371,0.5473891543842371,796.7565884796144,3983782.9423980713,-0.00640629042164742,8,1528.43505859375,0.12247764070857195,-321.7305294433463,0,379.5249938964844,0.0,1253.029522509787,306,138.6300048828125,0.4249115136756651,-250.86056120910507,0,226.16000366210938,0.0,-846.0490852782896
2026-09-03,2026-09-03T11:00:00-04:00,after_fill,17731.896668698257,99828.89959838576,82097.0029296875,82097.0029296875,0.8223771198517249,0.8223771198517249,802.2463366729737,4011231.683364868,-0.006460926697862357,8,1528.43505859375,0.12248437594665942,-321.7305294433463,0,379.5249938964844,0.0,1253.029522509787,504,138.6300048828125,0.6998927439050655,-256.3503094024636,0,226.16000366210938,0.0,-846.0490852782896
2026-09-03,2026-09-03T11:05:00-04:00,bar_close,17731.896668698257,99900.61859252639,82168.72192382812,82168.72192382812,0.8225046359219963,0.8225046359219963,802.2463366729737,4011231.683364868,-0.005747149191916656,8,1535.510009765625,0.12296300314444678,-265.1309200683463,0,380.4700012207031,0.0,1253.029522509787,504,138.66000366210938,0.6995416327775494,-241.2309246368386,0,226.27499389648438,0.0,-846.0490852782896
2026-09-03,2026-09-03T11:05:00-04:00,open_before_orders,17731.896668698257,99934.97747924514,82203.08081054688,82203.08081054688,0.8225656610331364,0.8225656610331364,802.2463366729737,4011231.683364868,-0.0054051951424622935,8,1536.0250244140625,0.1229619549157807,-261.0108028808463,0,380.5,0.0,1253.029522509787,504,138.72000122070312,0.6996037061173557,-210.9921551055886,0,226.3000030517578,0.0,-846.0490852782896
2026-09-03,2026-09-03T11:05:00-04:00,after_fill,74318.33761464553,99923.65792714553,25605.3203125,25605.3203125,0.25624882879256555,0.25624882879256555,813.5658887725831,4067829.443862915,-0.005517852071953544,8,1536.0250244140625,0.12297588429230487,-261.0108028808463,0,380.5,0.0,1253.029522509787,96,138.72000122070312,0.1332729445002607,-222.31170720519003,0,226.3000030517578,0.0,-846.0490852782896
2026-09-03,2026-09-03T11:05:00-04:00,after_fill,63564.01200871291,99921.50749211136,36357.49548339844,36357.49548339844,0.3638605581112635,0.3638605581112635,815.7163238067628,4078581.6190338135,-0.005539254103225422,15,1536.0250244140625,0.23058474541159157,-263.1612379150247,0,380.5,0.0,1253.029522509787,96,138.72000122070312,0.13327581269967195,-222.31170720519003,0,226.3000030517578,0.0,-846.0490852782896
2026-09-03,2026-09-03T11:10:00-04:00,bar_close,63564.01200871291,99844.93095402542,36280.9189453125,36280.9189453125,0.3633726679826981,0.3633726679826981,815.7163238067628,4078581.6190338135,-0.006301375923586816,15,1534.43994140625,0.23052346174381122,-286.9374830322122,0,380.8599853515625,0.0,1253.029522509787,96,138.1699981689453,0.13284920623888694,-275.11200017394003,0,225.9980926513672,0.0,-846.0490852782896
2026-09-03,2026-09-03T11:10:00-04:00,open_before_orders,63564.01200871291,99842.17265324417,36278.16064453125,36278.16064453125,0.3633550801275804,0.3633550801275804,815.7163238067628,4078581.6190338135,-0.006328827689689787,15,1534.0,0.23046373479786586,-293.5366041259622,0,380.8599853515625,0.0,1253.029522509787,96,138.2100067138672,0.13289134532971453,-271.27117986144003,0,225.9593048095703,0.0,-846.0490852782896
2026-09-03,2026-09-03T11:10:00-04:00,after_fill,68165.09160871292,99841.25225324417,31676.16064453125,31676.16064453125,0.31726525789345744,0.31726525789345744,816.6367238067628,4083183.6190338135,-0.006337987896470998,12,1534.0,0.18437268748701882,-294.45700412596125,0,380.8599853515625,0.0,1253.029522509787,96,138.2100067138672,0.13289257040643862,-271.27117986144003,0,225.9593048095703,0.0,-846.0490852782896
2026-09-03,2026-09-03T11:10:00-04:00,after_fill,77285.12767973953,99839.42788115554,22554.300201416016,22554.300201416016,0.22590574365333566,0.22590574365333566,818.4610958953858,4092305.4794769287,-0.006356144812570297,12,1534.0,0.18437605654062914,-294.45700412596125,0,380.8599853515625,0.0,1253.029522509787,30,138.2100067138672,0.041529687112706506,-273.09555195006214,0,225.9593048095703,0.0,-846.0490852782896
2026-09-03,2026-09-03T11:15:00-04:00,bar_close,77285.12767973953,99790.10741606765,22504.979736328125,22504.979736328125,0.22552315373802773,0.22552315373802773,818.4610958953858,4092305.4794769287,-0.0068470027642795195,12,1530.114990234375,0.18400000118504786,-341.07712131346125,0,380.3500061035156,0.0,1253.029522509787,30,138.1199951171875,0.04152315255297987,-275.79589985045277,0,226.9600067138672,0.0,-846.0490852782896
2026-09-03,2026-09-03T11:15:00-04:00,open_before_orders,77285.12767973953,99798.11791411453,22512.990234375,22512.990234375,0.22558531869057394,0.22558531869057394,818.4610958953858,4092305.4794769287,-0.006767278928414444,12,1530.77001953125,0.18406399457536288,-333.21676975096125,0,380.3800048828125,0.0,1253.029522509787,30,138.125,0.041521324115211054,-275.64575336607777,0,226.9600067138672,0.0,-846.0490852782896
2026-09-03,2026-09-03T11:15:00-04:00,after_fill,78804.19880473953,99797.81403911453,20993.615234375,20993.615234375,0.21036147371070482,0.21036147371070482,818.7649708953858,4093824.8544769287,-0.006770303219848173,12,1530.77001953125,0.18406455503299302,-333.21676975096125,0,380.3800048828125,0.0,1253.029522509787,19,138.125,0.026296918677711802,-275.94962836607783,0,226.9600067138672,0.0,-846.0490852782896
2026-09-03,2026-09-03T11:20:00-04:00,bar_close,78804.19880473953,99831.90928447586,21027.710479736328,21027.710479736328,0.21063115621496178,0.21063115621496178,818.7649708953858,4093824.8544769287,-0.006430973039744159,12,1533.1600341796875,0.18428897676123257,-304.53659396971125,0,379.3299865722656,0.0,1253.029522509787,19,138.41000366210938,0.026342179453729207,-270.5345587859997,0,227.00999450683594,0.0,-846.0490852782896
2026-09-03,2026-09-03T11:20:00-04:00,open_before_orders,78804.19880473953,99836.218229178,21032.019424438477,21032.019424438477,0.210665225481184,0.210665225481184,818.7649708953858,4093824.8544769287,-0.006388088615058463,12,1533.43994140625,0.18431466679390973,-301.17770725096125,0,379.3599853515625,0.0,1253.029522509787,19,138.4600067138672,0.026350558687274272,-269.58450080260127,0,227.02000427246094,0.0,-846.0490852782896
2026-09-03,2026-09-03T11:20:00-04:00,after_fill,97201.79784575515,99832.53797331863,2630.7401275634766,2630.7401275634766,0.026351530081971587,0.026351530081971587,822.4452267547608,4112226.1337738037,-0.006424716064732383,0,1533.43994140625,0.0,-304.85796311033846,0,379.3599853515625,0.0,1253.029522509787,19,138.4600067138672,0.026351530081971587,-269.58450080260127,0,227.02000427246094,0.0,-846.0490852782896
2026-09-03,2026-09-03T11:20:00-04:00,after_fill,97340.23016046768,99832.51028131729,2492.2801208496094,2492.2801208496094,0.0249646143708761,0.0249646143708761,822.4729187561036,4112364.5937805176,-0.006424991667142721,0,1533.43994140625,0.0,-304.85796311033846,0,379.3599853515625,0.0,1253.029522509787,18,138.4600067138672,0.0249646143708761,-269.6121928039438,0,227.02000427246094,0.0,-846.0490852782896
2026-09-03,2026-09-03T11:25:00-04:00,bar_close,97340.23016046768,99838.63021539932,2498.4000549316406,2498.4000549316406,0.02502438234119805,0.02502438234119805,822.4729187561036,4112364.5937805176,-0.00636408351668738,0,1532.24169921875,0.0,-304.85796311033846,0,380.07501220703125,0.0,1253.029522509787,18,138.8000030517578,0.02502438234119805,-263.49225872191255,0,226.97500610351562,0.0,-846.0490852782896
2026-09-03,2026-09-03T11:25:00-04:00,open_before_orders,97340.23016046768,99839.3500945497,2499.1199340820312,2499.1199340820312,0.025031412280982584,0.025031412280982584,822.4729187561036,4112364.5937805176,-0.006356918977492354,0,1531.6700439453125,0.0,-304.85796311033846,0,380.05999755859375,0.0,1253.029522509787,18,138.83999633789062,0.025031412280982584,-262.7723795715219,0,226.97039794921875,0.0,-846.0490852782896
2026-09-03,2026-09-03T11:25:00-04:00,after_fill,36954.02948080459,99827.2752693788,62873.24578857422,62873.24578857422,0.629820313325331,0.629820313325331,834.547743927002,4172738.7196350098,-0.00647709270132224,0,1531.6700439453125,0.0,-304.85796311033846,0,380.05999755859375,0.0,1253.029522509787,18,138.83999633789062,0.02503444000988992,-262.7723795715219,266,226.97039794921875,0.604785873315441,-858.1239104491906
2026-09-03,2026-09-03T11:30:00-04:00,bar_close,36954.02948080459,100048.88009725967,63094.85061645508,63094.85061645508,0.6306402485976776,0.6306402485976776,834.547743927002,4172738.7196350098,-0.004271588521492675,0,1538.909912109375,0.0,-304.85796311033846,0,381.40478515625,0.0,1253.029522509787,18,138.6699981689453,0.024948404865846995,-265.83234661253755,266,227.81500244140625,0.6056918437318306,-633.4591155273156
2026-09-03,2026-09-03T11:30:00-04:00,open_before_orders,36954.02948080459,100052.59994589248,63098.57046508789,63098.57046508789,0.6306539809981051,0.6306539809981051,834.547743927002,4172738.7196350098,-0.004234567027933789,0,1539.0,0.0,-304.85796311033846,0,381.42498779296875,0.0,1253.029522509787,18,138.65499877929688,0.024944778840100545,-266.1023356262094,266,227.8300018310547,0.6057092021580046,-629.4692778808312
2026-09-03,2026-09-03T11:30:00-04:00,after_fill,39449.32030083633,100052.10078789687,60602.78048706055,60602.78048706055,0.6057122240294984,0.6057122240294984,835.0469019226075,4175234.509613037,-0.004239534857634286,0,1539.0,0.0,-304.85796311033846,0,381.42498779296875,0.0,1253.029522509787,0,138.65499877929688,0.0,-266.6014936218148,266,227.8300018310547,0.6057122240294984,-629.4692778808312
2026-09-03,2026-09-03T11:30:00-04:00,after_fill,100039.98023179948,100039.98023179948,0.0,0.0,0.0,0.0,847.1674580200196,4235837.290100098,-0.004360163714822507,0,1539.0,0.0,-304.85796311033846,0,381.42498779296875,0.0,1253.029522509787,0,138.65499877929688,0.0,-266.6014936218148,0,227.8300018310547,0.0,-641.5898339782361
2026-09-03,2026-09-03T11:35:00-04:00,bar_close,100039.98023179948,100039.98023179948,0.0,0.0,0.0,0.0,847.1674580200196,4235837.290100098,-0.004360163714822507,0,1537.7080078125,0.0,-304.85796311033846,0,381.2099914550781,0.0,1253.029522509787,0,139.1605987548828,0.0,-266.6014936218148,0,227.52999877929688,0.0,-641.5898339782361
2026-09-03,2026-09-03T11:35:00-04:00,open_before_orders,100039.98023179948,100039.98023179948,0.0,0.0,0.0,0.0,847.1674580200196,4235837.290100098,-0.004360163714822507,0,1538.0,0.0,-304.85796311033846,0,381.21258544921875,0.0,1253.029522509787,0,139.1699981689453,0.0,-266.6014936218148,0,227.53199768066406,0.0,-641.5898339782361
2026-09-03,2026-09-03T11:40:00-04:00,bar_close,100039.98023179948,100039.98023179948,0.0,0.0,0.0,0.0,847.1674580200196,4235837.290100098,-0.004360163714822507,0,1537.2347412109375,0.0,-304.85796311033846,0,380.9779052734375,0.0,1253.029522509787,0,139.55360412597656,0.0,-266.6014936218148,0,227.3679962158203,0.0,-641.5898339782361
2026-09-03,2026-09-03T11:40:00-04:00,open_before_orders,100039.98023179948,100039.98023179948,0.0,0.0,0.0,0.0,847.1674580200196,4235837.290100098,-0.004360163714822507,0,1536.9100341796875,0.0,-304.85796311033846,0,381.0,0.0,1253.029522509787,0,139.5399932861328,0.0,-266.6014936218148,0,227.375,0.0,-641.5898339782361
2026-09-03,2026-09-03T11:45:00-04:00,bar_close,100039.98023179948,100039.98023179948,0.0,0.0,0.0,0.0,847.1674580200196,4235837.290100098,-0.004360163714822507,0,1534.9449462890625,0.0,-304.85796311033846,0,381.0199890136719,0.0,1253.029522509787,0,138.67999267578125,0.0,-266.6014936218148,0,227.37950134277344,0.0,-641.5898339782361
2026-09-03,2026-09-03T11:45:00-04:00,open_before_orders,100039.98023179948,100039.98023179948,0.0,0.0,0.0,0.0,847.1674580200196,4235837.290100098,-0.004360163714822507,0,1534.330078125,0.0,-304.85796311033846,0,381.0199890136719,0.0,1253.029522509787,0,138.64219665527344,0.0,-266.6014936218148,0,227.38499450683594,0.0,-641.5898339782361
2026-09-03,2026-09-03T11:50:00-04:00,bar_close,100039.98023179948,100039.98023179948,0.0,0.0,0.0,0.0,847.1674580200196,4235837.290100098,-0.004360163714822507,0,1535.969970703125,0.0,-304.85796311033846,0,383.1900939941406,0.0,1253.029522509787,0,138.80999755859375,0.0,-266.6014936218148,0,227.30999755859375,0.0,-641.5898339782361
2026-09-03,2026-09-03T11:50:00-04:00,open_before_orders,100039.98023179948,100039.98023179948,0.0,0.0,0.0,0.0,847.1674580200196,4235837.290100098,-0.004360163714822507,0,1536.3358154296875,0.0,-304.85796311033846,0,383.2099914550781,0.0,1253.029522509787,0,138.8000030517578,0.0,-266.6014936218148,0,227.3000030517578,0.0,-641.5898339782361
2026-09-03,2026-09-03T11:55:00-04:00,bar_close,100039.98023179948,100039.98023179948,0.0,0.0,0.0,0.0,847.1674580200196,4235837.290100098,-0.004360163714822507,0,1538.449951171875,0.0,-304.85796311033846,0,382.31500244140625,0.0,1253.029522509787,0,139.8997039794922,0.0,-266.6014936218148,0,227.57000732421875,0.0,-641.5898339782361
2026-09-03,2026-09-03T11:55:00-04:00,open_before_orders,100039.98023179948,100039.98023179948,0.0,0.0,0.0,0.0,847.1674580200196,4235837.290100098,-0.004360163714822507,0,1538.324951171875,0.0,-304.85796311033846,0,382.2904968261719,0.0,1253.029522509787,0,139.88999938964844,0.0,-266.6014936218148,0,227.57000732421875,0.0,-641.5898339782361
2026-09-03,2026-09-03T12:00:00-04:00,bar_close,100039.98023179948,100039.98023179948,0.0,0.0,0.0,0.0,847.1674580200196,4235837.290100098,-0.004360163714822507,0,1536.739990234375,0.0,-304.85796311033846,0,382.75,0.0,1253.029522509787,0,140.08999633789062,0.0,-266.6014936218148,0,227.50999450683594,0.0,-641.5898339782361
2026-09-03,2026-09-03T12:00:00-04:00,open_before_orders,100039.98023179948,100039.98023179948,0.0,0.0,0.0,0.0,847.1674580200196,4235837.290100098,-0.004360163714822507,0,1537.10498046875,0.0,-304.85796311033846,0,382.79998779296875,0.0,1253.029522509787,0,140.10499572753906,0.0,-266.6014936218148,0,227.50999450683594,0.0,-641.5898339782361
2026-09-03,2026-09-03T12:05:00-04:00,bar_close,100039.98023179948,100039.98023179948,0.0,0.0,0.0,0.0,847.1674580200196,4235837.290100098,-0.004360163714822507,0,1535.2750244140625,0.0,-304.85796311033846,0,382.87860107421875,0.0,1253.029522509787,0,138.74000549316406,0.0,-266.6014936218148,0,227.15499877929688,0.0,-641.5898339782361
2026-09-03,2026-09-03T12:05:00-04:00,open_before_orders,100039.98023179948,100039.98023179948,0.0,0.0,0.0,0.0,847.1674580200196,4235837.290100098,-0.004360163714822507,0,1535.97998046875,0.0,-304.85796311033846,0,382.875,0.0,1253.029522509787,0,138.72000122070312,0.0,-266.6014936218148,0,227.1634979248047,0.0,-641.5898339782361
2026-09-03,2026-09-03T12:10:00-04:00,bar_close,100039.98023179948,100039.98023179948,0.0,0.0,0.0,0.0,847.1674580200196,4235837.290100098,-0.004360163714822507,0,1540.0450439453125,0.0,-304.85796311033846,0,383.2550048828125,0.0,1253.029522509787,0,139.0500030517578,0.0,-266.6014936218148,0,227.85000610351562,0.0,-641.5898339782361
2026-09-03,2026-09-03T12:10:00-04:00,open_before_orders,100039.98023179948,100039.98023179948,0.0,0.0,0.0,0.0,847.1674580200196,4235837.290100098,-0.004360163714822507,0,1540.550048828125,0.0,-304.85796311033846,0,383.2760009765625,0.0,1253.029522509787,0,139.0500946044922,0.0,-266.6014936218148,0,227.8450927734375,0.0,-641.5898339782361
2026-09-03,2026-09-03T12:15:00-04:00,bar_close,100039.98023179948,100039.98023179948,0.0,0.0,0.0,0.0,847.1674580200196,4235837.290100098,-0.004360163714822507,0,1539.1099853515625,0.0,-304.85796311033846,0,383.1900939941406,0.0,1253.029522509787,0,139.6999969482422,0.0,-266.6014936218148,0,227.8800048828125,0.0,-641.5898339782361
2026-09-03,2026-09-03T12:15:00-04:00,open_before_orders,100039.98023179948,100039.98023179948,0.0,0.0,0.0,0.0,847.1674580200196,4235837.290100098,-0.004360163714822507,0,1539.0999755859375,0.0,-304.85796311033846,0,383.2051086425781,0.0,1253.029522509787,0,139.7050018310547,0.0,-266.6014936218148,0,227.87539672851562,0.0,-641.5898339782361
2026-09-03,2026-09-03T12:20:00-04:00,bar_close,100039.98023179948,100039.98023179948,0.0,0.0,0.0,0.0,847.1674580200196,4235837.290100098,-0.004360163714822507,0,1539.7718505859375,0.0,-304.85796311033846,0,382.8800048828125,0.0,1253.029522509787,0,139.47999572753906,0.0,-266.6014936218148,0,227.86000061035156,0.0,-641.5898339782361
2026-09-03,2026-09-03T12:20:00-04:00,open_before_orders,100039.98023179948,100039.98023179948,0.0,0.0,0.0,0.0,847.1674580200196,4235837.290100098,-0.004360163714822507,0,1539.3399658203125,0.0,-304.85796311033846,0,382.9049987792969,0.0,1253.029522509787,0,139.49000549316406,0.0,-266.6014936218148,0,227.86549377441406,0.0,-641.5898339782361
2026-09-03,2026-09-03T12:25:00-04:00,bar_close,100039.98023179948,100039.98023179948,0.0,0.0,0.0,0.0,847.1674580200196,4235837.290100098,-0.004360163714822507,0,1537.0999755859375,0.0,-304.85796311033846,0,382.3800048828125,0.0,1253.029522509787,0,139.49000549316406,0.0,-266.6014936218148,0,227.0050048828125,0.0,-641.5898339782361
2026-09-03,2026-09-03T12:25:00-04:00,open_before_orders,100039.98023179948,100039.98023179948,0.0,0.0,0.0,0.0,847.1674580200196,4235837.290100098,-0.004360163714822507,0,1536.52001953125,0.0,-304.85796311033846,0,382.4200134277344,0.0,1253.029522509787,0,139.5,0.0,-266.6014936218148,0,227.00050354003906,0.0,-641.5898339782361
2026-09-03,2026-09-03T12:30:00-04:00,bar_close,100039.98023179948,100039.98023179948,0.0,0.0,0.0,0.0,847.1674580200196,4235837.290100098,-0.004360163714822507,0,1537.3599853515625,0.0,-304.85796311033846,0,382.0400085449219,0.0,1253.029522509787,0,139.35499572753906,0.0,-266.6014936218148,0,227.0399932861328,0.0,-641.5898339782361
2026-09-03,2026-09-03T12:30:00-04:00,open_before_orders,100039.98023179948,100039.98023179948,0.0,0.0,0.0,0.0,847.1674580200196,4235837.290100098,-0.004360163714822507,0,1537.3050537109375,0.0,-304.85796311033846,0,382.0199890136719,0.0,1253.029522509787,0,139.4250030517578,0.0,-266.6014936218148,0,227.02999877929688,0.0,-641.5898339782361
2026-09-03,2026-09-03T12:35:00-04:00,bar_close,100039.98023179948,100039.98023179948,0.0,0.0,0.0,0.0,847.1674580200196,4235837.290100098,-0.004360163714822507,0,1537.135009765625,0.0,-304.85796311033846,0,382.239990234375,0.0,1253.029522509787,0,140.3800048828125,0.0,-266.6014936218148,0,227.3699951171875,0.0,-641.5898339782361
2026-09-03,2026-09-03T12:35:00-04:00,open_before_orders,100039.98023179948,100039.98023179948,0.0,0.0,0.0,0.0,847.1674580200196,4235837.290100098,-0.004360163714822507,0,1536.760009765625,0.0,-304.85796311033846,0,382.260009765625,0.0,1253.029522509787,0,140.41799926757812,0.0,-266.6014936218148,0,227.3699951171875,0.0,-641.5898339782361
2026-09-03,2026-09-03T12:40:00-04:00,bar_close,100039.98023179948,100039.98023179948,0.0,0.0,0.0,0.0,847.1674580200196,4235837.290100098,-0.004360163714822507,0,1552.5699462890625,0.0,-304.85796311033846,0,380.92999267578125,0.0,1253.029522509787,0,140.17999267578125,0.0,-266.6014936218148,0,227.59829711914062,0.0,-641.5898339782361
2026-09-03,2026-09-03T12:40:00-04:00,open_before_orders,100039.98023179948,100039.98023179948,0.0,0.0,0.0,0.0,847.1674580200196,4235837.290100098,-0.004360163714822507,0,1551.510009765625,0.0,-304.85796311033846,0,380.8900146484375,0.0,1253.029522509787,0,140.16000366210938,0.0,-266.6014936218148,0,227.58999633789062,0.0,-641.5898339782361
2026-09-03,2026-09-03T12:45:00-04:00,bar_close,100039.98023179948,100039.98023179948,0.0,0.0,0.0,0.0,847.1674580200196,4235837.290100098,-0.004360163714822507,0,1547.4749755859375,0.0,-304.85796311033846,0,381.760009765625,0.0,1253.029522509787,0,140.11000061035156,0.0,-266.6014936218148,0,227.7949981689453,0.0,-641.5898339782361
2026-09-03,2026-09-03T12:45:00-04:00,open_before_orders,100039.98023179948,100039.98023179948,0.0,0.0,0.0,0.0,847.1674580200196,4235837.290100098,-0.004360163714822507,0,1548.0,0.0,-304.85796311033846,0,381.75,0.0,1253.029522509787,0,140.11000061035156,0.0,-266.6014936218148,0,227.7949981689453,0.0,-641.5898339782361
2026-09-03,2026-09-03T12:45:00-04:00,after_fill,92298.43223179948,100038.43223179948,7740.0,7740.0,0.07737026488045727,0.07737026488045727,848.7154580200196,4243577.290100098,-0.00437557005999567,5,1548.0,0.07737026488045727,-306.40596311033914,0,381.75,0.0,1253.029522509787,0,140.11000061035156,0.0,-266.6014936218148,0,227.7949981689453,0.0,-641.5898339782361
2026-09-03,2026-09-03T12:50:00-04:00,bar_close,92298.43223179948,100051.1824759401,7752.750244140625,7752.750244140625,0.0774878422451926,0.0774878422451926,848.7154580200196,4243577.290100098,-0.004248674283333642,5,1550.550048828125,0.0774878422451926,-293.65571896971414,0,382.5899963378906,0.0,1253.029522509787,0,140.50999450683594,0.0,-266.6014936218148,0,227.52999877929688,0.0,-641.5898339782361
2026-09-03,2026-09-03T12:50:00-04:00,open_before_orders,92298.43223179948,100057.9323538698,7759.5001220703125,7759.5001220703125,0.07755007463703811,0.07755007463703811,848.7154580200196,4243577.290100098,-0.004181496667531537,5,1551.9000244140625,0.07755007463703811,-286.90584104002664,0,382.57000732421875,0.0,1253.029522509787,0,140.5,0.0,-266.6014936218148,0,227.53500366210938,0.0,-641.5898339782361
2026-09-03,2026-09-03T12:55:00-04:00,bar_close,92298.43223179948,100097.35740269792,7798.9251708984375,7798.9251708984375,0.07791339724906897,0.07791339724906897,848.7154580200196,4243577.290100098,-0.0037891220482061394,5,1559.7850341796875,0.07791339724906897,-247.48079221190164,0,381.2149963378906,0.0,1253.029522509787,0,140.375,0.0,-266.6014936218148,0,227.2449951171875,0.0,-641.5898339782361
2026-09-03,2026-09-03T12:55:00-04:00,open_before_orders,92298.43223179948,100097.35740269792,7798.9251708984375,7798.9251708984375,0.07791339724906897,0.07791339724906897,848.7154580200196,4243577.290100098,-0.0037891220482061394,5,1559.7850341796875,0.07791339724906897,-247.48079221190164,0,381.1600036621094,0.0,1253.029522509787,0,140.36500549316406,0.0,-266.6014936218148,0,227.22999572753906,0.0,-641.5898339782361
2026-09-03,2026-09-03T12:55:00-04:00,after_fill,100095.79761766375,100095.79761766375,0.0,0.0,0.0,0.0,850.2752430541992,4251376.215270996,-0.0038046456829816666,0,1559.7850341796875,0.0,-249.04057724608083,0,381.1600036621094,0.0,1253.029522509787,0,140.36500549316406,0.0,-266.6014936218148,0,227.22999572753906,0.0,-641.5898339782361
2026-09-03,2026-09-03T13:00:00-04:00,bar_close,100095.79761766375,100095.79761766375,0.0,0.0,0.0,0.0,850.2752430541992,4251376.215270996,-0.0038046456829816666,0,1561.469970703125,0.0,-249.04057724608083,0,381.7149963378906,0.0,1253.029522509787,0,140.32000732421875,0.0,-266.6014936218148,0,227.53990173339844,0.0,-641.5898339782361
2026-09-03,2026-09-03T13:00:00-04:00,open_before_orders,100095.79761766375,100095.79761766375,0.0,0.0,0.0,0.0,850.2752430541992,4251376.215270996,-0.0038046456829816666,0,1561.77001953125,0.0,-249.04057724608083,0,381.7699890136719,0.0,1253.029522509787,0,140.38999938964844,0.0,-266.6014936218148,0,227.5500030517578,0.0,-641.5898339782361
2026-09-03,2026-09-03T13:00:00-04:00,after_fill,86037.05625584733,100092.98643162858,14055.93017578125,14055.93017578125,0.14042872210014995,0.14042872210014995,853.0864290893554,4265432.145446777,-0.0038326237853096856,9,1561.77001953125,0.14042872210014995,-251.85176328123634,0,381.7699890136719,0.0,1253.029522509787,0,140.38999938964844,0.0,-266.6014936218148,0,227.5500030517578,0.0,-641.5898339782361
2026-09-03,2026-09-03T13:05:00-04:00,bar_close,86037.05625584733,100172.32090428483,14135.2646484375,14135.2646484375,0.14110948534319992,0.14110948534319992,853.0864290893554,4265432.145446777,-0.003043053843530208,9,1570.5849609375,0.14110948534319992,-172.51729062498634,0,382.29998779296875,0.0,1253.029522509787,0,140.72500610351562,0.0,-266.6014936218148,0,227.59500122070312,0.0,-641.5898339782361
2026-09-03,2026-09-03T13:05:00-04:00,open_before_orders,86037.05625584733,100172.27586033952,14135.219604492188,14135.219604492188,0.14110909913037767,0.14110909913037767,853.0864290893554,4265432.145446777,-0.0030435021397636763,9,1570.5799560546875,0.14110909913037767,-172.56233457029884,0,382.3699951171875,0.0,1253.029522509787,0,140.72999572753906,0.0,-266.6014936218148,0,227.5803985595703,0.0,-641.5898339782361
2026-09-03,2026-09-03T13:05:00-04:00,after_fill,92318.11961610123,100171.01939637467,7852.8997802734375,7852.8997802734375,0.07839492727132659,0.07839492727132659,854.3428930541992,4271714.465270996,-0.0030560069960557934,5,1570.5799560546875,0.07839492727132659,-173.81879853514238,0,382.3699951171875,0.0,1253.029522509787,0,140.72999572753906,0.0,-266.6014936218148,0,227.5803985595703,0.0,-641.5898339782361
2026-09-03,2026-09-03T13:10:00-04:00,bar_close,92318.11961610123,100097.96946961686,7779.849853515625,7779.849853515625,0.07772235435681914,0.07772235435681914,854.3428930541992,4271714.465270996,-0.0037830305015509325,5,1555.969970703125,0.07772235435681914,-246.86872529295488,0,382.4800109863281,0.0,1253.029522509787,0,140.6999969482422,0.0,-266.6014936218148,0,227.4550018310547,0.0,-641.5898339782361
2026-09-03,2026-09-03T13:10:00-04:00,open_before_orders,92318.11961610123,100100.31932313248,7782.19970703125,7782.19970703125,0.07774400481091011,0.07774400481091011,854.3428930541992,4271714.465270996,-0.003759643773922905,5,1556.43994140625,0.07774400481091011,-244.51887177732988,0,382.4649963378906,0.0,1253.029522509787,0,140.69000244140625,0.0,-266.6014936218148,0,227.4499969482422,0.0,-641.5898339782361
2026-09-03,2026-09-03T13:10:00-04:00,after_fill,100098.76288319108,100098.76288319108,0.0,0.0,0.0,0.0,855.8993329956054,4279496.664978027,-0.0037751341169323105,0,1556.43994140625,0.0,-246.07531171873597,0,382.4649963378906,0.0,1253.029522509787,0,140.69000244140625,0.0,-266.6014936218148,0,227.4499969482422,0.0,-641.5898339782361
2026-09-03,2026-09-03T13:15:00-04:00,bar_close,100098.76288319108,100098.76288319108,0.0,0.0,0.0,0.0,855.8993329956054,4279496.664978027,-0.0037751341169323105,0,1556.2900390625,0.0,-246.07531171873597,0,382.3299865722656,0.0,1253.029522509787,0,141.3592987060547,0.0,-266.6014936218148,0,227.25999450683594,0.0,-641.5898339782361
2026-09-03,2026-09-03T13:15:00-04:00,open_before_orders,100098.76288319108,100098.76288319108,0.0,0.0,0.0,0.0,855.8993329956054,4279496.664978027,-0.0037751341169323105,0,1556.77001953125,0.0,-246.07531171873597,0,382.3949890136719,0.0,1253.029522509787,0,141.39999389648438,0.0,-266.6014936218148,0,227.25,0.0,-641.5898339782361
2026-09-03,2026-09-03T13:20:00-04:00,bar_close,100098.76288319108,100098.76288319108,0.0,0.0,0.0,0.0,855.8993329956054,4279496.664978027,-0.0037751341169323105,0,1554.4300537109375,0.0,-246.07531171873597,0,382.2200012207031,0.0,1253.029522509787,0,140.44000244140625,0.0,-266.6014936218148,0,227.17999267578125,0.0,-641.5898339782361
2026-09-03,2026-09-03T13:20:00-04:00,open_before_orders,100098.76288319108,100098.76288319108,0.0,0.0,0.0,0.0,855.8993329956054,4279496.664978027,-0.0037751341169323105,0,1555.0,0.0,-246.07531171873597,0,382.20001220703125,0.0,1253.029522509787,0,140.4199981689453,0.0,-266.6014936218148,0,227.17210388183594,0.0,-641.5898339782361
2026-09-03,2026-09-03T13:25:00-04:00,bar_close,100098.76288319108,100098.76288319108,0.0,0.0,0.0,0.0,855.8993329956054,4279496.664978027,-0.0037751341169323105,0,1551.6300048828125,0.0,-246.07531171873597,0,381.9549865722656,0.0,1253.029522509787,0,140.66000366210938,0.0,-266.6014936218148,0,227.11500549316406,0.0,-641.5898339782361
2026-09-03,2026-09-03T13:25:00-04:00,open_before_orders,100098.76288319108,100098.76288319108,0.0,0.0,0.0,0.0,855.8993329956054,4279496.664978027,-0.0037751341169323105,0,1551.4749755859375,0.0,-246.07531171873597,0,381.96978759765625,0.0,1253.029522509787,0,140.63999938964844,0.0,-266.6014936218148,0,227.11500549316406,0.0,-641.5898339782361
2026-09-03,2026-09-03T13:30:00-04:00,bar_close,100098.76288319108,100098.76288319108,0.0,0.0,0.0,0.0,855.8993329956054,4279496.664978027,-0.0037751341169323105,0,1550.8299560546875,0.0,-246.07531171873597,0,382.1700134277344,0.0,1253.029522509787,0,140.6999969482422,0.0,-266.6014936218148,0,227.44000244140625,0.0,-641.5898339782361
2026-09-03,2026-09-03T13:30:00-04:00,open_before_orders,100098.76288319108,100098.76288319108,0.0,0.0,0.0,0.0,855.8993329956054,4279496.664978027,-0.0037751341169323105,0,1550.6700439453125,0.0,-246.07531171873597,0,382.17999267578125,0.0,1253.029522509787,0,140.72000122070312,0.0,-266.6014936218148,0,227.44009399414062,0.0,-641.5898339782361
2026-09-03,2026-09-03T13:35:00-04:00,bar_close,100098.76288319108,100098.76288319108,0.0,0.0,0.0,0.0,855.8993329956054,4279496.664978027,-0.0037751341169323105,0,1552.9200439453125,0.0,-246.07531171873597,0,382.385009765625,0.0,1253.029522509787,0,141.2100067138672,0.0,-266.6014936218148,0,228.0800018310547,0.0,-641.5898339782361
2026-09-03,2026-09-03T13:35:00-04:00,open_before_orders,100098.76288319108,100098.76288319108,0.0,0.0,0.0,0.0,855.8993329956054,4279496.664978027,-0.0037751341169323105,0,1553.6500244140625,0.0,-246.07531171873597,0,382.4396057128906,0.0,1253.029522509787,0,141.24000549316406,0.0,-266.6014936218148,0,228.07000732421875,0.0,-641.5898339782361
2026-09-03,2026-09-03T13:40:00-04:00,bar_close,100098.76288319108,100098.76288319108,0.0,0.0,0.0,0.0,855.8993329956054,4279496.664978027,-0.0037751341169323105,0,1552.39501953125,0.0,-246.07531171873597,0,382.6199951171875,0.0,1253.029522509787,0,141.61000061035156,0.0,-266.6014936218148,0,228.8000030517578,0.0,-641.5898339782361
2026-09-03,2026-09-03T13:40:00-04:00,open_before_orders,100098.76288319108,100098.76288319108,0.0,0.0,0.0,0.0,855.8993329956054,4279496.664978027,-0.0037751341169323105,0,1552.5999755859375,0.0,-246.07531171873597,0,382.6199951171875,0.0,1253.029522509787,0,141.6199951171875,0.0,-266.6014936218148,0,228.80999755859375,0.0,-641.5898339782361
2026-09-03,2026-09-03T13:45:00-04:00,bar_close,100098.76288319108,100098.76288319108,0.0,0.0,0.0,0.0,855.8993329956054,4279496.664978027,-0.0037751341169323105,0,1554.739990234375,0.0,-246.07531171873597,0,382.4800109863281,0.0,1253.029522509787,0,141.3105926513672,0.0,-266.6014936218148,0,229.8300018310547,0.0,-641.5898339782361
2026-09-03,2026-09-03T13:45:00-04:00,open_before_orders,100098.76288319108,100098.76288319108,0.0,0.0,0.0,0.0,855.8993329956054,4279496.664978027,-0.0037751341169323105,0,1554.1600341796875,0.0,-246.07531171873597,0,382.5400085449219,0.0,1253.029522509787,0,141.32000732421875,0.0,-266.6014936218148,0,229.83999633789062,0.0,-641.5898339782361
2026-09-03,2026-09-03T13:45:00-04:00,after_fill,104760.31048970963,100097.83038717057,4662.4801025390625,-4662.4801025390625,0.04657923238201023,-0.04657923238201023,856.8318290161131,4284159.145080566,-0.003784414708382311,-3,1554.1600341796875,-0.04657923238201023,-247.00780773924362,0,382.5400085449219,0.0,1253.029522509787,0,141.32000732421875,0.0,-266.6014936218148,0,229.83999633789062,0.0,-641.5898339782361
2026-09-03,2026-09-03T13:50:00-04:00,bar_close,104760.31048970963,100081.99066549088,4678.31982421875,-4678.31982421875,0.046744871810707044,-0.046744871810707044,856.8318290161131,4284159.145080566,-0.003942058261124259,-3,1559.43994140625,-0.046744871810707044,-262.8475294189311,0,382.4200134277344,0.0,1253.029522509787,0,141.86000061035156,0.0,-266.6014936218148,0,229.38699340820312,0.0,-641.5898339782361
2026-09-03,2026-09-03T13:50:00-04:00,open_before_orders,104760.31048970963,100081.99066549088,4678.31982421875,-4678.31982421875,0.046744871810707044,-0.046744871810707044,856.8318290161131,4284159.145080566,-0.003942058261124259,-3,1559.43994140625,-0.046744871810707044,-262.8475294189311,0,382.4700012207031,0.0,1253.029522509787,0,141.8699951171875,0.0,-266.6014936218148,0,229.3800048828125,0.0,-641.5898339782361
2026-09-03,2026-09-03T13:55:00-04:00,bar_close,104760.31048970963,100079.0503578737,4681.2601318359375,-4681.2601318359375,0.04677562501938389,-0.04677562501938389,856.8318290161131,4284159.145080566,-0.003971321435585318,-3,1560.4200439453125,-0.04677562501938389,-265.7878370361186,0,382.54998779296875,0.0,1253.029522509787,0,141.4600067138672,0.0,-266.6014936218148,0,229.83999633789062,0.0,-641.5898339782361
2026-09-03,2026-09-03T13:55:00-04:00,open_before_orders,104760.31048970963,100080.3101234987,4680.0003662109375,-4680.0003662109375,0.046762448681821986,-0.046762448681821986,856.8318290161131,4284159.145080566,-0.0039587837197867515,-3,1560.0001220703125,-0.046762448681821986,-264.5280714111186,0,382.55999755859375,0.0,1253.029522509787,0,141.4499969482422,0.0,-266.6014936218148,0,229.83999633789062,0.0,-641.5898339782361
2026-09-03,2026-09-03T13:55:00-04:00,after_fill,100079.37412342546,100079.37412342546,0.0,0.0,0.0,0.0,857.7678290893554,4288839.145446777,-0.003968099185039042,0,1560.0001220703125,0.0,-265.4640714843599,0,382.55999755859375,0.0,1253.029522509787,0,141.4499969482422,0.0,-266.6014936218148,0,229.83999633789062,0.0,-641.5898339782361
2026-09-03,2026-09-03T14:00:00-04:00,bar_close,100079.37412342546,100079.37412342546,0.0,0.0,0.0,0.0,857.7678290893554,4288839.145446777,-0.003968099185039042,0,1563.7349853515625,0.0,-265.4640714843599,0,382.4700012207031,0.0,1253.029522509787,0,141.30499267578125,0.0,-266.6014936218148,0,230.02000427246094,0.0,-641.5898339782361
2026-09-03,2026-09-03T14:00:00-04:00,open_before_orders,100079.37412342546,100079.37412342546,0.0,0.0,0.0,0.0,857.7678290893554,4288839.145446777,-0.003968099185039042,0,1564.9000244140625,0.0,-265.4640714843599,0,382.4800109863281,0.0,1253.029522509787,0,141.30499267578125,0.0,-266.6014936218148,0,230.02000427246094,0.0,-641.5898339782361
2026-09-03,2026-09-03T14:05:00-04:00,bar_close,100079.37412342546,100079.37412342546,0.0,0.0,0.0,0.0,857.7678290893554,4288839.145446777,-0.003968099185039042,0,1565.239990234375,0.0,-265.4640714843599,0,382.8299865722656,0.0,1253.029522509787,0,141.57000732421875,0.0,-266.6014936218148,0,230.1699981689453,0.0,-641.5898339782361
2026-09-03,2026-09-03T14:05:00-04:00,open_before_orders,100079.37412342546,100079.37412342546,0.0,0.0,0.0,0.0,857.7678290893554,4288839.145446777,-0.003968099185039042,0,1562.1400146484375,0.0,-265.4640714843599,0,382.8999938964844,0.0,1253.029522509787,0,141.2801055908203,0.0,-266.6014936218148,0,230.2449951171875,0.0,-641.5898339782361
2026-09-03,2026-09-03T14:10:00-04:00,bar_close,100079.37412342546,100079.37412342546,0.0,0.0,0.0,0.0,857.7678290893554,4288839.145446777,-0.003968099185039042,0,1563.5,0.0,-265.4640714843599,0,382.4800109863281,0.0,1253.029522509787,0,141.5449981689453,0.0,-266.6014936218148,0,230.04989624023438,0.0,-641.5898339782361
2026-09-03,2026-09-03T14:10:00-04:00,open_before_orders,100079.37412342546,100079.37412342546,0.0,0.0,0.0,0.0,857.7678290893554,4288839.145446777,-0.003968099185039042,0,1562.4100341796875,0.0,-265.4640714843599,0,382.6299133300781,0.0,1253.029522509787,0,142.0,0.0,-266.6014936218148,0,230.10000610351562,0.0,-641.5898339782361
2026-09-03,2026-09-03T14:15:00-04:00,bar_close,100079.37412342546,100079.37412342546,0.0,0.0,0.0,0.0,857.7678290893554,4288839.145446777,-0.003968099185039042,0,1562.0,0.0,-265.4640714843599,0,382.4100036621094,0.0,1253.029522509787,0,141.8350067138672,0.0,-266.6014936218148,0,230.13519287109375,0.0,-641.5898339782361
2026-09-03,2026-09-03T14:15:00-04:00,open_before_orders,100079.37412342546,100079.37412342546,0.0,0.0,0.0,0.0,857.7678290893554,4288839.145446777,-0.003968099185039042,0,1562.3499755859375,0.0,-265.4640714843599,0,382.4421081542969,0.0,1253.029522509787,0,141.8350067138672,0.0,-266.6014936218148,0,230.1300048828125,0.0,-641.5898339782361
2026-09-03,2026-09-03T14:20:00-04:00,bar_close,100079.37412342546,100079.37412342546,0.0,0.0,0.0,0.0,857.7678290893554,4288839.145446777,-0.003968099185039042,0,1561.489990234375,0.0,-265.4640714843599,0,382.43499755859375,0.0,1253.029522509787,0,141.75999450683594,0.0,-266.6014936218148,0,229.77000427246094,0.0,-641.5898339782361
2026-09-03,2026-09-03T14:20:00-04:00,open_before_orders,100079.37412342546,100079.37412342546,0.0,0.0,0.0,0.0,857.7678290893554,4288839.145446777,-0.003968099185039042,0,1560.8199462890625,0.0,-265.4640714843599,0,382.4580993652344,0.0,1253.029522509787,0,141.7899932861328,0.0,-266.6014936218148,0,229.76499938964844,0.0,-641.5898339782361
2026-09-03,2026-09-03T14:20:00-04:00,after_fill,123510.71685518205,100074.68691743791,23436.02993774414,-23436.02993774414,0.23418539352592704,-0.23418539352592704,862.4550350769042,4312275.1753845215,-0.004014748224665632,0,1560.8199462890625,0.0,-265.4640714843599,0,382.4580993652344,0.0,1253.029522509787,0,141.7899932861328,0.0,-266.6014936218148,-102,229.76499938964844,-0.23418539352592704,-646.2770399657857
2026-09-03,2026-09-03T14:25:00-04:00,bar_close,123510.71685518205,100082.33660615861,23428.380249023438,-23428.380249023438,0.23409105985622802,-0.23409105985622802,862.4550350769042,4312275.1753845215,-0.003938615314524441,0,1563.574951171875,0.0,-265.4640714843599,0,382.0849914550781,0.0,1253.029522509787,0,141.4499969482422,0.0,-266.6014936218148,-102,229.69000244140625,-0.23409105985622802,-638.6273512450825
2026-09-03,2026-09-03T14:25:00-04:00,open_before_orders,123510.71685518205,100083.35760225236,23427.359252929688,-23427.359252929688,0.23407847032904158,-0.23407847032904158,862.4550350769042,4312275.1753845215,-0.003928453933231935,0,1563.5699462890625,0.0,-265.4640714843599,0,382.1000061035156,0.0,1253.029522509787,0,141.4199981689453,0.0,-266.6014936218148,-102,229.67999267578125,-0.23407847032904158,-637.6063551513325
2026-09-03,2026-09-03T14:25:00-04:00,after_fill,131327.00301668106,100081.79403230606,31245.208984375,-31245.208984375,0.3121967315482889,-0.3121967315482889,864.0186050231932,4320093.025115967,-0.003944015237040133,-5,1563.5699462890625,-0.07811460422983363,-267.02764143064906,0,382.1000061035156,0.0,1253.029522509787,0,141.4199981689453,0.0,-266.6014936218148,-102,229.67999267578125,-0.2340821273184553,-637.6063551513325
2026-09-03,2026-09-03T14:30:00-04:00,bar_close,131327.00301668106,100116.73333284317,31210.26968383789,-31210.26968383789,0.311738793754664,-0.311738793754664,864.0186050231932,4320093.025115967,-0.0035962846658617043,-5,1560.050048828125,-0.07791155368811621,-249.42815412596156,0,382.2300109863281,0.0,1253.029522509787,0,140.93460083007812,0.0,-266.6014936218148,-102,229.50999450683594,-0.2338272400665478,-620.2665419189107
2026-09-03,2026-09-03T14:30:00-04:00,open_before_orders,131327.00301668106,100114.14608308731,31212.85693359375,-31212.85693359375,0.3117726930187208,-0.3117726930187208,864.0186050231932,4320093.025115967,-0.0036220340604276036,-5,1560.489990234375,-0.0779355391464501,-251.62786115721156,0,382.2300109863281,0.0,1253.029522509787,0,141.0500030517578,0.0,-266.6014936218148,-102,229.5137939453125,-0.2338371538722707,-620.65408464352
2026-09-03,2026-09-03T14:30:00-04:00,after_fill,123522.99257551895,100112.58559309707,23410.406982421875,-23410.406982421875,0.2338407987740161,-0.2338407987740161,865.5790950134276,4327895.475067139,-0.0036375647112214526,0,1560.489990234375,0.0,-253.18835114744525,0,382.2300109863281,0.0,1253.029522509787,0,141.0500030517578,0.0,-266.6014936218148,-102,229.5137939453125,-0.2338407987740161,-620.65408464352
2026-09-03,2026-09-03T14:35:00-04:00,bar_close,123522.99257551895,100076.25307356582,23446.739501953125,-23446.739501953125,0.2342887426522402,-0.2342887426522402,865.5790950134276,4327895.475067139,-0.003999161182093425,0,1564.81005859375,0.0,-253.18835114744525,0,381.3299865722656,0.0,1253.029522509787,0,141.30999755859375,0.0,-266.6014936218148,-102,229.8699951171875,-0.2342887426522402,-656.98660417477
2026-09-03,2026-09-03T14:35:00-04:00,open_before_orders,123522.99257551895,100075.23207747207,23447.760498046875,-23447.760498046875,0.23430133521843913,-0.23430133521843913,865.5790950134276,4327895.475067139,-0.004009322563385931,0,1564.280029296875,0.0,-253.18835114744525,0,381.3399963378906,0.0,1253.029522509787,0,141.3000030517578,0.0,-266.6014936218148,-102,229.8800048828125,-0.23430133521843913,-658.00760026852
2026-09-03,2026-09-03T14:35:00-04:00,after_fill,129778.86126868302,100073.98065344864,29704.880615234375,-29704.880615234375,0.29682920996318657,-0.29682920996318657,866.8305190368651,4334152.595184326,-0.004021777260067472,-4,1564.280029296875,-0.0625249448091368,-254.43977517088297,0,381.3399963378906,0.0,1253.029522509787,0,141.3000030517578,0.0,-266.6014936218148,-102,229.8800048828125,-0.23430426515404976,-658.00760026852
2026-09-03,2026-09-03T14:40:00-04:00,bar_close,129778.86126868302,100061.51150672013,29717.34976196289,-29717.34976196289,0.2969908140950587,-0.2969908140950587,866.8305190368651,4334152.595184326,-0.004145875437402413,-4,1563.9549560546875,-0.06251974140725038,-253.13948220213297,0,381.55999755859375,0.0,1253.029522509787,0,141.46170043945312,0.0,-266.6014936218148,-102,230.01499938964844,-0.23447107268780829,-671.7770399657857
2026-09-03,2026-09-03T14:40:00-04:00,open_before_orders,129778.86126868302,100061.00100867325,29717.860260009766,-29717.860260009766,0.29699743117134947,-0.29699743117134947,866.8305190368651,4334152.595184326,-0.004150956128048722,-4,1563.9549560546875,-0.06252006037473579,-253.13948220213297,0,381.5299987792969,0.0,1253.029522509787,0,141.4550018310547,0.0,-266.6014936218148,-102,230.02000427246094,-0.2344773707966137,-672.2875380126607
2026-09-03,2026-09-03T14:40:00-04:00,after_fill,128214.59352163711,100060.68821768204,28153.905303955078,-28153.905303955078,0.28136829563580706,-0.28136829563580706,867.143310028076,4335716.550140381,-0.00415406915516614,-3,1563.9549560546875,-0.04689019185993314,-253.4522731933439,0,381.5299987792969,0.0,1253.029522509787,0,141.4550018310547,0.0,-266.6014936218148,-102,230.02000427246094,-0.23447810377587394,-672.2875380126607
2026-09-03,2026-09-03T14:40:00-04:00,after_fill,109119.11483495194,100056.86988561112,9062.24494934082,-9062.24494934082,0.09057094190235143,-0.09057094190235143,870.9616420989989,4354808.210494995,-0.004192070797201297,-3,1563.9549560546875,-0.04689198126553413,-253.4522731933439,0,381.5299987792969,0.0,1253.029522509787,0,141.4550018310547,0.0,-266.6014936218148,-19,230.02000427246094,-0.043678960636817296,-676.105870083582
2026-09-03,2026-09-03T14:45:00-04:00,bar_close,109119.11483495194,100065.78974645096,9053.325088500977,-9053.325088500977,0.0904737284484588,-0.0904737284484588,870.9616420989989,4354808.210494995,-0.0041032966014677985,-3,1563.800048828125,-0.04688315715462352,-252.9875515136564,0,381.0849914550781,0.0,1253.029522509787,0,141.24560546875,0.0,-266.6014936218148,-19,229.5749969482422,-0.04359057129383528,-667.6507309234257
2026-09-03,2026-09-03T14:45:00-04:00,open_before_orders,109119.11483495194,100065.53486363846,9053.579971313477,-9053.579971313477,0.09047650605826464,-0.09047650605826464,870.9616420989989,4354808.210494995,-0.004105833302106121,-3,1563.885009765625,-0.04688582373232,-253.2424343261564,0,381.0849914550781,0.0,1253.029522509787,0,141.25,0.0,-266.6014936218148,-19,229.5749969482422,-0.04359068232594463,-667.6507309234257
2026-09-03,2026-09-03T14:50:00-04:00,bar_close,109119.11483495194,100038.65298192459,9080.461853027344,-9080.461853027344,0.09076953339893572,-0.09076953339893572,870.9616420989989,4354808.210494995,-0.004373373062176222,-3,1571.3572998046875,-0.04712250474090071,-275.6593044433439,0,381.7850036621094,0.0,1253.029522509787,0,141.75999450683594,0.0,-266.6014936218148,-19,229.80999755859375,-0.043647028658035,-672.1157425201054
2026-09-03,2026-09-03T14:50:00-04:00,open_before_orders,109119.11483495194,100038.57478063065,9080.540054321289,-9080.540054321289,0.09077038606591037,-0.09077038606591037,870.9616420989989,4354808.210494995,-0.004374151354248235,-3,1571.2249755859375,-0.047118573381260014,-275.2623317870939,0,381.7850036621094,0.0,1253.029522509787,0,141.75,0.0,-266.6014936218148,-19,229.8350067138672,-0.04365181268465036,-672.5909164703007
2026-09-03,2026-09-03T14:50:00-04:00,after_fill,104404.49717320877,100037.6320456453,4366.865127563477,-4366.865127563477,0.0436522240507548,-0.0436522240507548,871.9043770843505,4359521.885421753,-0.00438353384817014,0,1571.2249755859375,0.0,-276.2050667724452,0,381.7850036621094,0.0,1253.029522509787,0,141.75,0.0,-266.6014936218148,-19,229.8350067138672,-0.0436522240507548,-672.5909164703007
2026-09-03,2026-09-03T14:55:00-04:00,bar_close,104404.49717320877,100043.90208043533,4360.5950927734375,-4360.5950927734375,0.04358681540897433,-0.04358681540897433,871.9043770843505,4359521.885421753,-0.00432113183252214,0,1575.3399658203125,0.0,-276.2050667724452,0,381.0249938964844,0.0,1253.029522509787,0,141.7707977294922,0.0,-266.6014936218148,-19,229.5050048828125,-0.04358681540897433,-666.3208816802617
2026-09-03,2026-09-03T14:55:00-04:00,open_before_orders,104404.49717320877,100043.80727757889,4360.689895629883,-4360.689895629883,0.04358780432586725,-0.04358780432586725,871.9043770843505,4359521.885421753,-0.004322075350306154,0,1574.8299560546875,0.0,-276.2050667724452,0,381.0260009765625,0.0,1253.029522509787,0,141.77200317382812,0.0,-266.6014936218148,-19,229.50999450683594,-0.04358780432586725,-666.415684536707
2026-09-03,2026-09-03T15:00:00-04:00,bar_close,104404.49717320877,100045.13712682205,4359.360046386719,-4359.360046386719,0.04357393244271916,-0.04357393244271916,871.9043770843505,4359521.885421753,-0.004308840132949299,0,1564.619873046875,0.0,-276.2050667724452,0,380.9400939941406,0.0,1253.029522509787,0,141.75999450683594,0.0,-266.6014936218148,-19,229.44000244140625,-0.04357393244271916,-665.0858352935429
2026-09-03,2026-09-03T15:00:00-04:00,open_before_orders,104404.49717320877,100045.03652562576,4359.460647583008,-4359.460647583008,0.043574981817977206,-0.043574981817977206,871.9043770843505,4359521.885421753,-0.004309841358243194,0,1563.9849853515625,0.0,-276.2050667724452,0,380.9501953125,0.0,1253.029522509787,0,141.74000549316406,0.0,-266.6014936218148,-19,229.44529724121094,-0.043574981817977206,-665.186436489832
2026-09-03,2026-09-03T15:00:00-04:00,after_fill,102840.19939086014,100044.7237286287,5923.44563293457,-2795.4756622314453,0.05920797631469218,-0.02794225980186794,872.2171740814208,4361085.8704071045,-0.0043129544451332436,1,1563.9849853515625,0.015632858256412117,-276.51786376951554,0,380.9501953125,0.0,1253.029522509787,0,141.74000549316406,0.0,-266.6014936218148,-19,229.44529724121094,-0.04357511805828006,-665.186436489832
2026-09-03,2026-09-03T15:00:00-04:00,after_fill,71977.06217738357,100038.55233546463,36780.41145324707,28061.490158081055,0.36766237210140096,0.28050675967382016,878.3885672454833,4391942.836227417,-0.004374374737953102,1,1563.9849853515625,0.015633822649761743,-276.51786376951554,81,380.9501953125,0.3084507432378488,1246.8581293457246,0,141.74000549316406,0.0,-266.6014936218148,-19,229.44529724121094,-0.04357780621379041,-665.186436489832
2026-09-03,2026-09-03T15:05:00-04:00,bar_close,71977.06217738357,100024.71220179764,36766.3701171875,28047.650024414062,0.36757286582351933,0.2804072054496748,878.3885672454833,4391942.836227417,-0.004512117552240347,1,1558.12744140625,0.01557742488938896,-282.37540771482804,81,380.85040283203125,0.3084126107472081,1238.7749384277558,0,142.26840209960938,0.0,-266.6014936218148,-19,229.44000244140625,-0.04358283018692227,-665.0858352935429
2026-09-03,2026-09-03T15:05:00-04:00,open_before_orders,71977.06217738357,100025.19106837478,36767.228775024414,28048.12889099121,0.3675796904990787,0.2804106504712217,878.3885672454833,4391942.836227417,-0.0045073516712458295,1,1558.02001953125,0.015576276364883178,-282.48282958982804,81,380.8599853515625,0.308418894120267,1239.551122509787,0,142.30499267578125,0.0,-266.6014936218148,-19,229.4499969482422,-0.043584520013928485,-665.2757309234257
2026-09-03,2026-09-03T15:05:00-04:00,after_fill,73534.77059291092,100024.87946437088,35209.208755493164,26490.10887145996,0.3520045107181036,0.2648351991355891,878.7001712493895,4393500.856246948,-0.004510452884967764,0,1558.02001953125,0.0,-282.7944335937343,81,380.8599853515625,0.30841985492684637,1239.551122509787,0,142.30499267578125,0.0,-266.6014936218148,-19,229.4499969482422,-0.04358465579125726,-665.2757309234257
2026-09-03,2026-09-03T15:10:00-04:00,bar_close,73534.77059291092,100016.96488307205,35197.68412780762,26482.194290161133,0.3519171389469433,0.2647770237891238,878.7001712493895,4393500.856246948,-0.004589222117132419,0,1553.0699462890625,0.0,-282.7944335937343,81,380.739990234375,0.30834708136803357,1229.8315180175996,0,142.1999969482422,0.0,-266.6014936218148,-19,229.35499572753906,-0.043570057578909735,-663.4707077300664
2026-09-03,2026-09-03T15:10:00-04:00,open_before_orders,73534.77059291092,100016.86979029862,35197.779220581055,26482.099197387695,0.351918424305608,0.264776324763129,878.7001712493895,4393500.856246948,-0.004590168520292037,0,1553.68994140625,0.0,-282.7944335937343,81,380.739990234375,0.3083473745343685,1229.8315180175996,0,142.22500610351562,0.0,-266.6014936218148,-19,229.36000061035156,-0.04357104977123948,-663.5658005035039
2026-09-03,2026-09-03T15:15:00-04:00,bar_close,73534.77059291092,100044.1984951326,35224.72407531738,26509.42790222168,0.35209162155495854,0.2649771631036799,878.7001712493895,4393500.856246948,-0.0043181817891496665,0,1547.925048828125,0.0,-282.7944335937343,81,381.07501220703125,0.30853439232931923,1256.9682978027558,0,141.88499450683594,0.0,-266.6014936218148,-19,229.3498992919922,-0.04355722922563932,-663.3738754546757
2026-09-03,2026-09-03T15:15:00-04:00,open_before_orders,73534.77059291092,100042.35967372147,35222.50894165039,26507.589080810547,0.3520759511923271,0.2649636530691849,878.7001712493895,4393500.856246948,-0.004336482510966078,0,1547.9649658203125,0.0,-282.7944335937343,81,381.04998779296875,0.30851980213075597,1254.9413202636933,0,141.8800048828125,0.0,-266.6014936218148,-19,229.33999633789062,-0.0435561490615711,-663.185719326746
2026-09-03,2026-09-03T15:20:00-04:00,bar_close,73534.77059291092,100055.81630824295,35247.93566894531,26521.04571533203,0.35228272547751394,0.2650625090462346,878.7001712493895,4393500.856246948,-0.004202556441000094,0,1545.525146484375,0.0,-282.7944335937343,81,381.2900085449219,0.3086726172618742,1274.3830011718965,0,142.86500549316406,0.0,-266.6014936218148,-19,229.65499877929688,-0.04361010821563968,-669.1707657134648
2026-09-03,2026-09-03T15:20:00-04:00,open_before_orders,73534.77059291092,100055.86762355057,35247.884353637695,26521.09703063965,0.35228203193693813,0.2650628859710899,878.7001712493895,4393500.856246948,-0.004202045729538972,0,1544.6600341796875,0.0,-282.7944335937343,81,381.2900085449219,0.308672458954014,1274.3830011718965,0,142.8800048828125,0.0,-266.6014936218148,-19,229.6522979736328,-0.04360957298292412,-669.1194504058476
2026-09-03,2026-09-03T15:25:00-04:00,bar_close,73534.77059291092,99997.91703150955,35182.43650817871,26463.146438598633,0.35183169362510475,0.26463697669082487,878.7001712493895,4393500.856246948,-0.004778794323837543,0,1537.93505859375,0.0,-282.7944335937343,81,380.5282897949219,0.3082343351579648,1212.6837824218965,0,143.21499633789062,0.0,-266.6014936218148,-19,229.4550018310547,-0.04359735846713993,-665.3708236968632
2026-09-03,2026-09-03T15:25:00-04:00,open_before_orders,73534.77059291092,99994.97791407791,35179.49739074707,26460.207321166992,0.3518126422406488,0.2646153624225338,878.7001712493895,4393500.856246948,-0.004808045653072912,0,1537.56005859375,0.0,-282.7944335937343,81,380.49200439453125,0.3082140023315913,1209.7446649902558,0,143.21499633789062,0.0,-266.6014936218148,-19,229.4550018310547,-0.043598639909057484,-665.3708236968632
2026-09-03,2026-09-03T15:25:00-04:00,after_fill,73305.2697000795,99994.93202307755,34950.042388916016,26689.662322998047,0.34951813738770277,0.266910150174795,878.7460622497557,4393730.311248779,-0.0048085023795535475,0,1537.56005859375,0.0,-282.7944335937343,81,380.49200439453125,0.3082141437812489,1209.7446649902558,0,143.21499633789062,0.0,-266.6014936218148,-18,229.4550018310547,-0.04130399360645387,-665.4167146972295
2026-09-03,2026-09-03T15:25:00-04:00,after_fill,81610.07819371964,99993.27072912003,43256.51217651367,18383.19253540039,0.4325942322028328,0.18384429673472855,880.4073562072753,4402036.781036377,-0.0048250362737031205,0,1537.56005859375,0.0,-282.7944335937343,81,380.49200439453125,0.3082192644687807,1209.7446649902558,-58,143.21499633789062,-0.08307028790067017,-268.26278757933505,-18,229.4550018310547,-0.04130467983338194,-665.4167146972295
2026-09-03,2026-09-03T15:30:00-04:00,bar_close,81610.07819371964,100012.92649083878,43302.93588256836,18402.84829711914,0.4329733905600185,0.1840046976208105,880.4073562072753,4402036.781036377,-0.004629413890188339,0,1542.68994140625,0.0,-282.7944335937343,81,380.89990234375,0.3084890440904145,1242.7843988769746,-58,143.4199981689453,-0.08317284760746195,-280.15289378050693,-18,229.53799438476562,-0.04131149886214203,-666.9105806640264
2026-09-03,2026-09-03T15:30:00-04:00,open_before_orders,81610.07819371964,100009.01819616105,43297.139404296875,18398.940002441406,0.432932351354279,0.18397280899561586,880.4073562072753,4402036.781036377,-0.004668310877813386,0,1543.2099609375,0.0,-282.7944335937343,81,380.8399963378906,0.3084525801749474,1237.9320124023652,-58,143.39999389648438,-0.08316449652252819,-278.99264597777255,-18,229.5500030517578,-0.04131527465680338,-667.1267366698858
2026-09-03,2026-09-03T15:35:00-04:00,bar_close,81610.07819371964,100019.48709874894,43218.63327026367,18409.408905029297,0.432102128534153,0.18405822144292483,880.4073562072753,4402036.781036377,-0.004564119968993308,0,1540.0,0.0,-282.7944335937343,81,380.4200134277344,0.3080801749885389,1203.913396679709,-58,142.69500732421875,-0.08274697926248623,-238.1034247863663,-18,229.35009765625,-0.04127497428312785,-663.5284395507451
2026-09-03,2026-09-03T15:35:00-04:00,open_before_orders,81610.07819371964,100016.27423864152,43216.175537109375,18406.196044921875,0.4320914357796854,0.1840320106406303,880.4073562072753,4402036.781036377,-0.004596095700135527,0,1540.1700439453125,0.0,-282.7944335937343,81,380.385009765625,0.30806172321015785,1201.0781000488496,-58,142.6999969482422,-0.08275253088562225,-238.39282297972568,-18,229.35499572753906,-0.0412771816839053,-663.6166048339483
2026-09-03,2026-09-03T15:40:00-04:00,bar_close,81610.07819371964,100009.8170853212,43259.07873535156,18399.738891601562,0.43254832371552104,0.18397932750846074,880.4073562072753,4402036.781036377,-0.004660359997867403,0,1543.08984375,0.0,-282.7944335937343,81,380.6099853515625,0.3082638256119909,1219.301122509787,-58,143.1999969482422,-0.08304784535214482,-267.3928229797257,-18,229.11500549316406,-0.04123665275138532,-659.2967806151983
2026-09-03,2026-09-03T15:40:00-04:00,open_before_orders,81610.07819371964,100009.67853551652,43257.600646972656,18399.600341796875,0.4325341434990269,0.18397819702282725,880.4073562072753,4402036.781036377,-0.0046617389036262,0,1543.0899658203125,0.0,-282.7944335937343,81,380.6000061035156,0.3082561702609271,1218.4928034179902,-58,143.19000244140625,-0.08304216415066462,-266.8131415832413,-18,229.11000061035156,-0.04123580908743523,-659.2066927245733
2026-09-03,2026-09-03T15:45:00-04:00,bar_close,81610.07819371964,99895.82352453019,43136.55368041992,18285.745330810547,0.43181538685476084,0.18304814641545392,880.4073562072753,4402036.781036377,-0.005794871719486561,0,1542.9649658203125,0.0,-282.7944335937343,81,379.1499938964844,0.30743176663510735,1101.041814648459,-58,143.17300415039062,-0.08312694112465609,-265.82724070433505,-18,228.96499633789062,-0.04125667909499737,-656.5966158202764
2026-09-03,2026-09-03T15:45:00-04:00,open_before_orders,81610.07819371964,99896.40326696183,43136.784729003906,18286.325073242188,0.431815193723499,0.18305288754364912,880.4073562072753,4402036.781036377,-0.005789101879684622,0,1542.905029296875,0.0,-282.7944335937343,81,379.1549987792969,0.3074340406335741,1101.4472101562715,-58,143.1699981689453,-0.08312471342544438,-265.65289378050693,-18,228.96499633789062,-0.04125643966448058,-656.5966158202764
2026-09-03,2026-09-03T15:45:00-04:00,after_fill,112315.49078386246,99890.2609559816,12425.22982788086,-12425.22982788086,0.12438880136028731,-0.12438880136028731,886.5496671874998,4432748.3359375,-0.005850232734414873,0,1542.905029296875,0.0,-282.7944335937343,0,379.1549987792969,0.0,1095.304899176048,-58,143.1699981689453,-0.08312982481303227,-265.65289378050693,-18,228.96499633789062,-0.04125897654725504,-656.5966158202764
2026-09-03,2026-09-03T15:45:00-04:00,after_fill,112172.29215169388,99890.23232198197,12282.059829711914,-12282.059829711914,0.12295556376445736,-0.12295556376445736,886.5783011871337,4432891.505935669,-0.005850517711987302,0,1542.905029296875,0.0,-282.7944335937343,0,379.1549987792969,0.0,1095.304899176048,-57,143.1699981689453,-0.08169657539012481,-265.68152778014064,-18,228.96499633789062,-0.04125898837433255,-656.5966158202764
2026-09-03,2026-09-03T15:50:00-04:00,bar_close,112172.29215169388,99902.32231831986,12269.969833374023,-12269.969833374023,0.12281966573587834,-0.12281966573587834,886.5783011871337,4432891.505935669,-0.005730192998341321,0,1546.8900146484375,0.0,-282.7944335937343,0,378.6153869628906,0.0,1095.304899176048,-57,142.97999572753906,-0.08157828133866338,-254.8513886199844,-18,228.89500427246094,-0.04124138439721496,-655.336758642542
2026-09-03,2026-09-03T15:50:00-04:00,open_before_orders,112172.29215169388,99904.512122397,12267.780029296875,-12267.780029296875,0.12279505468448841,-0.12279505468448841,886.5783011871337,4432891.505935669,-0.005708399149843779,0,1548.239990234375,0.0,-282.7944335937343,0,378.6300048828125,0.0,1095.304899176048,-57,142.94000244140625,-0.08155367526521956,-252.57177131041408,-18,228.89999389648438,-0.041241379419268843,-655.4265718749639
2026-09-03,2026-09-03T15:55:00-04:00,bar_close,112172.29215169388,99819.39998555619,12352.892166137695,-12352.892166137695,0.12375241854714768,-0.12375241854714768,886.5783011871337,4432891.505935669,-0.006555470828523924,0,1551.6800537109375,0.0,-282.7944335937343,0,377.64569091796875,0.0,1095.304899176048,-57,144.52000427246094,-0.08252544339799935,-342.63187568053127,-18,228.62510681152344,-0.04122697514914833,-650.478604345667
2026-09-03,2026-09-03T15:55:00-04:00,open_before_orders,112172.29215169388,99818.17244649369,12354.119705200195,-12354.119705200195,0.12376623817494226,-0.12376623817494226,886.5783011871337,4432891.505935669,-0.006567687812057743,0,1551.260009765625,0.0,-282.7944335937343,0,377.6300048828125,0.0,1095.304899176048,-57,144.5399932861328,-0.08253787276786567,-343.77124945982814,-18,228.6300048828125,-0.041228365407076584,-650.5667696288701
2026-09-03,2026-09-03T15:55:00-04:00,after_fill,103931.86477846085,99816.52469057022,4115.340087890625,-4115.340087890625,0.04122904599862718,-0.04122904599862718,888.2260571105955,4441130.2855529785,-0.006584086970015113,0,1551.260009765625,0.0,-282.7944335937343,0,377.6300048828125,0.0,1095.304899176048,0,144.5399932861328,0.0,-345.419005383289,-18,228.6300048828125,-0.04122904599862718,-650.5667696288701
2026-09-03,2026-09-03T15:55:00-04:00,after_fill,99815.70162255265,99815.70162255265,0.0,0.0,0.0,0.0,889.0491251281737,4445245.625640869,-0.006592278488089964,0,1551.260009765625,0.0,-282.7944335937343,0,377.6300048828125,0.0,1095.304899176048,0,144.5399932861328,0.0,-345.419005383289,0,228.6300048828125,0.0,-651.3898376464476
2026-09-03,2026-09-03T16:00:00-04:00,bar_close,99815.70162255265,99815.70162255265,0.0,0.0,0.0,0.0,889.0491251281737,4445245.625640869,-0.006592278488089964,0,1555.050048828125,0.0,-282.7944335937343,0,376.3550109863281,0.0,1095.304899176048,0,144.83999633789062,0.0,-345.419005383289,0,228.39999389648438,0.0,-651.3898376464476
2026-09-04,2026-09-04T09:30:00-04:00,open_before_orders,99815.70162255265,99815.70162255265,0.0,0.0,0.0,0.0,889.0491251281737,4445245.625640869,-0.006592278488089964,0,1585.5899658203125,0.0,-282.7944335937343,0,362.17999267578125,0.0,1095.304899176048,0,137.22000122070312,0.0,-345.419005383289,0,231.14199829101562,0.0,-651.3898376464476
2026-09-04,2026-09-04T09:35:00-04:00,bar_close,99815.70162255265,99815.70162255265,0.0,0.0,0.0,0.0,889.0491251281737,4445245.625640869,-0.006592278488089964,0,1633.4632568359375,0.0,-282.7944335937343,0,359.4460144042969,0.0,1095.304899176048,0,138.89999389648438,0.0,-345.419005383289,0,232.4199981689453,0.0,-651.3898376464476
2026-09-04,2026-09-04T09:35:00-04:00,open_before_orders,99815.70162255265,99815.70162255265,0.0,0.0,0.0,0.0,889.0491251281737,4445245.625640869,-0.006592278488089964,0,1633.219970703125,0.0,-282.7944335937343,0,359.3500061035156,0.0,1095.304899176048,0,138.9600067138672,0.0,-345.419005383289,0,232.47000122070312,0.0,-651.3898376464476
2026-09-04,2026-09-04T09:35:00-04:00,after_fill,31206.7438052675,99801.98257479875,68595.23876953125,68595.23876953125,0.6873133879692327,0.6873133879692327,902.76817288208,4513840.8644104,-0.006728816204591204,42,1633.219970703125,0.6873133879692327,-296.5134813476325,0,359.3500061035156,0.0,1095.304899176048,0,138.9600067138672,0.0,-345.419005383289,0,232.47000122070312,0.0,-651.3898376464476
2026-09-04,2026-09-04T09:40:00-04:00,bar_close,31206.7438052675,100149.32339511125,68942.57958984375,68942.57958984375,0.688397856846721,0.688397856846721,902.76817288208,4513840.8644104,-0.003271934699119128,42,1641.489990234375,0.688397856846721,50.82733896486752,0,360.2699890136719,0.0,1095.304899176048,0,140.08999633789062,0.0,-345.419005383289,0,233.28500366210938,0.0,-651.3898376464476
2026-09-04,2026-09-04T09:40:00-04:00,open_before_orders,31206.7438052675,100108.79483065812,68902.05102539062,68902.05102539062,0.68827170621666,0.68827170621666,902.76817288208,4513840.8644104,-0.00367529196871752,42,1640.5250244140625,0.68827170621666,10.298774511742522,0,360.2300109863281,0.0,1095.304899176048,0,140.0800018310547,0.0,-345.419005383289,0,233.25999450683594,0.0,-651.3898376464476
2026-09-04,2026-09-04T09:40:00-04:00,after_fill,85333.24214577043,100097.967365497,14764.725219726562,14764.725219726562,0.1475027476413657,0.1475027476413657,913.5956380432128,4567978.190216064,-0.0037830514426342443,9,1640.5250244140625,0.1475027476413657,-0.5286906493856804,0,360.2300109863281,0.0,1095.304899176048,0,140.0800018310547,0.0,-345.419005383289,0,233.25999450683594,0.0,-651.3898376464476
2026-09-04,2026-09-04T09:40:00-04:00,after_fill,15279.233230059981,100083.95936531389,84804.7261352539,84804.7261352539,0.8473358435562122,0.8473358435562122,927.6036382263183,4638018.191131592,-0.0039224649348867935,9,1640.5250244140625,0.1475233924932388,-0.5286906493856804,0,360.2300109863281,0.0,1095.304899176048,500,140.0800018310547,0.6998124510629734,-359.42700556639466,0,233.25999450683594,0.0,-651.3898376464476
2026-09-04,2026-09-04T09:45:00-04:00,bar_close,15279.233230059981,100017.12348884904,84737.89025878906,84737.89025878906,0.8472338265980678,0.8472338265980678,927.6036382263183,4638018.191131592,-0.004587643605926561,9,1639.2099609375,0.14750363871524766,-12.36426193844818,0,357.20001220703125,0.0,1095.304899176048,500,139.97000122070312,0.6997301878828202,-414.4273107421759,0,232.91000366210938,0.0,-651.3898376464476
2026-09-04,2026-09-04T09:45:00-04:00,open_before_orders,15279.233230059981,100020.05091804826,84740.81768798828,84740.81768798828,0.8472382978231128,0.8472382978231128,927.6036382263183,4638018.191131592,-0.004558508602881872,9,1638.97998046875,0.14747862742346413,-14.43408615719818,0,357.20001220703125,0.0,1095.304899176048,500,139.97999572753906,0.6997596703996487,-409.43005732420716,0,232.85000610351562,0.0,-651.3898376464476
2026-09-04,2026-09-04T09:45:00-04:00,after_fill,30027.102890313887,100017.10075408343,69989.99786376953,69989.99786376953,0.6997803109275994,0.6997803109275994,930.553802191162,4652769.010955811,-0.004587869871848116,0,1638.97998046875,0.0,-17.38425012204243,0,357.20001220703125,0.0,1095.304899176048,500,139.97999572753906,0.6997803109275994,-409.43005732420716,0,232.85000610351562,0.0,-651.3898376464476
2026-09-04,2026-09-04T09:45:00-04:00,after_fill,66974.43081860978,100009.709810309,33035.27899169922,33035.27899169922,0.3303207164020182,0.3303207164020182,937.9447459655761,4689723.729827881,-0.004661427643775973,0,1638.97998046875,0.0,-17.38425012204243,0,357.20001220703125,0.0,1095.304899176048,236,139.97999572753906,0.3303207164020182,-416.8210010986222,0,232.85000610351562,0.0,-651.3898376464476
2026-09-04,2026-09-04T09:50:00-04:00,bar_close,66974.43081860978,100200.86923413712,33226.438415527344,33226.438415527344,0.3315983051792482,0.3315983051792482,937.9447459655761,4689723.729827881,-0.002758928892740653,0,1638.5799560546875,0.0,-17.38425012204243,0,357.010009765625,0.0,1095.304899176048,236,140.7899932861328,0.3315983051792482,-225.66157727049722,0,234.0906982421875,0.0,-651.3898376464476
2026-09-04,2026-09-04T09:50:00-04:00,open_before_orders,66974.43081860978,100203.23153882462,33228.800720214844,33228.800720214844,0.3316140628392813,0.3316140628392813,937.9447459655761,4689723.729827881,-0.002735418245828569,0,1638.5999755859375,0.0,-17.38425012204243,0,357.1000061035156,0.0,1095.304899176048,236,140.8000030517578,0.3316140628392813,-223.29927258299722,0,234.09950256347656,0.0,-651.3898376464476
2026-09-04,2026-09-04T09:50:00-04:00,after_fill,67115.20266166092,100203.20337882401,33088.000717163086,33088.000717163086,0.33020901130348085,0.33020901130348085,937.9729059661864,4689864.529830933,-0.0027356985059638905,0,1638.5999755859375,0.0,-17.38425012204243,0,357.1000061035156,0.0,1095.304899176048,235,140.8000030517578,0.33020901130348085,-223.32743258361006,0,234.09950256347656,0.0,-651.3898376464476
2026-09-04,2026-09-04T09:50:00-04:00,after_fill,5324.54594554154,100190.84771861283,94866.30177307129,94866.30177307129,0.9468559647234887,0.9468559647234887,950.3285661773681,4751642.830886841,-0.0028586672178864125,0,1638.5999755859375,0.0,-17.38425012204243,173,357.1000061035156,0.6166062316331855,1082.9492389648658,235,140.8000030517578,0.33024973309030303,-223.32743258361006,0,234.09950256347656,0.0,-651.3898376464476
2026-09-04,2026-09-04T09:55:00-04:00,bar_close,5324.54594554154,100242.25013865677,94917.70419311523,94917.70419311523,0.9468832160274082,0.9468832160274082,950.3285661773681,4751642.830886841,-0.002347088777360562,0,1646.530029296875,0.0,-17.38425012204243,173,358.28009033203125,0.6183266590854278,1287.103810498069,235,140.14999389648438,0.3285565569419804,-376.0795840728679,0,234.50050354003906,0.0,-651.3898376464476
2026-09-04,2026-09-04T09:55:00-04:00,open_before_orders,5324.54594554154,100249.70109690873,94925.15515136719,94925.15515136719,0.9468871638789781,0.9468871638789781,950.3285661773681,4751642.830886841,-0.002272933716184533,0,1646.2650146484375,0.0,-17.38425012204243,173,358.28240966796875,0.6182847050350944,1287.5050556152564,235,140.17999267578125,0.3286024588438837,-369.02987093810225,0,234.5050048828125,0.0,-651.3898376464476
2026-09-04,2026-09-04T09:55:00-04:00,after_fill,25366.275750387733,100245.6919491182,74879.41619873047,74879.41619873047,0.7469589439986816,0.7469589439986816,954.3377139678954,4771688.569839478,-0.002312834436282163,0,1646.2650146484375,0.0,-17.38425012204243,173,358.28240966796875,0.6183094322299585,1287.5050556152564,92,140.17999267578125,0.1286495117687231,-373.03901872862843,0,234.5050048828125,0.0,-651.3898376464476
2026-09-04,2026-09-04T10:00:00-04:00,bar_close,25366.275750387733,100503.77501796586,75137.49926757812,75137.49926757812,0.7476087266786415,0.7476087266786415,954.3377139678954,4771688.569839478,0.0,0,1657.3399658203125,0.0,-17.38425012204243,173,359.6199951171875,0.6190241027678028,1518.9073383301002,92,140.47000122070312,0.12858462391083872,-346.35823259581593,0,234.55999755859375,0.0,-651.3898376464476
2026-09-04,2026-09-04T10:00:00-04:00,open_before_orders,25366.275750387733,100491.66375087602,75125.38800048828,75125.38800048828,0.7475783084528083,0.7475783084528083,954.3377139678954,4771688.569839478,-0.00012050559382148496,0,1658.0400390625,0.0,-17.38425012204243,173,359.54998779296875,0.6189781875080296,1506.7960712402564,92,140.47000122070312,0.12860012094477868,-346.35823259581593,0,234.55999755859375,0.0,-651.3898376464476
2026-09-04,2026-09-04T10:00:00-04:00,after_fill,38286.93121466996,100489.07910285355,62202.147888183594,62202.147888183594,0.6189941080514615,0.6189941080514615,956.9223619903563,4784611.809951782,-0.0001462225186037447,0,1658.0400390625,0.0,-17.38425012204243,173,359.54998779296875,0.6189941080514615,1506.7960712402564,0,140.47000122070312,0.0,-348.942880618275,0,234.55999755859375,0.0,-651.3898376464476
2026-09-04,2026-09-04T10:00:00-04:00,after_fill,5207.356966977088,100482.46451092241,95275.10754394531,95275.10754394531,0.9481764605165406,0.9481764605165406,963.5369539215086,4817684.769607544,-0.00021203688159621148,0,1658.0400390625,0.0,-17.38425012204243,173,359.54998779296875,0.6190348553943185,1506.7960712402564,0,140.47000122070312,0.0,-348.942880618275,141,234.55999755859375,0.32914160512222207,-658.0044295776024
2026-09-04,2026-09-04T10:05:00-04:00,bar_close,5207.356966977088,99946.0751524019,94738.7181854248,94738.7181854248,0.9478983345865588,0.9478983345865588,963.5369539215086,4817684.769607544,-0.0055490439584410245,0,1660.18994140625,0.0,-17.38425012204243,173,357.0199890136719,0.6179778245937546,1069.106282421897,0,140.6999969482422,0.0,-348.942880618275,141,233.86000061035156,0.3299205099928042,-756.7039992797509
2026-09-04,2026-09-04T10:05:00-04:00,open_before_orders,5207.356966977088,99941.2078275728,94733.8508605957,94733.8508605957,0.9478957971374403,0.9478957971374403,963.5369539215086,4817684.769607544,-0.005597473232149763,0,1660.43994140625,0.0,-17.38425012204243,173,357.0,0.6179733199398131,1065.6481830566627,0,140.64999389648438,0.0,-348.942880618275,141,233.85000610351562,0.32992247719762713,-758.113224743618
2026-09-04,2026-09-04T10:05:00-04:00,after_fill,66956.0047669771,99928.8556275728,32972.8508605957,32972.8508605957,0.32996325889573874,0.32996325889573874,975.8891539215086,4879445.769607544,-0.0057203760783143265,0,1660.43994140625,0.0,-17.38425012204243,0,357.0,0.0,1053.2959830566688,0,140.64999389648438,0.0,-348.942880618275,141,233.85000610351562,0.32996325889573874,-758.113224743618
2026-09-04,2026-09-04T10:05:00-04:00,after_fill,67189.8080030794,99928.80885757158,32739.000854492188,32739.000854492188,0.32762324727751985,0.32762324727751985,975.9359239227293,4879679.619613647,-0.005720841433980994,0,1660.43994140625,0.0,-17.38425012204243,0,357.0,0.0,1053.2959830566688,0,140.64999389648438,0.0,-348.942880618275,140,233.85000610351562,0.32762324727751985,-758.1599947448412
2026-09-04,2026-09-04T10:05:00-04:00,after_fill,65529.03597368486,99928.4767695833,34399.44079589844,34399.44079589844,0.34424061997079397,0.34424061997079397,976.2680119110106,4881340.059555054,-0.005724145667958425,1,1660.43994140625,0.016616283917095218,-17.716338110323704,0,357.0,0.0,1053.2959830566688,0,140.64999389648438,0.0,-348.942880618275,140,233.85000610351562,0.32762433605369873,-758.1599947448412
2026-09-04,2026-09-04T10:10:00-04:00,bar_close,65529.03597368486,99900.15053667314,34371.11456298828,34371.11456298828,0.34405468238379394,0.34405468238379394,976.2680119110106,4881340.059555054,-0.006005988145070362,1,1653.114990234375,0.01654767266469253,-25.041289282198704,0,355.8905944824219,0.0,1053.2959830566688,0,140.1699981689453,0.0,-348.942880618275,140,233.6999969482422,0.3275070097191014,-779.1612764831225
2026-09-04,2026-09-04T10:10:00-04:00,open_before_orders,65529.03597368486,99897.35494341142,34368.31896972656,34368.31896972656,0.3440363259787518,0.3440363259787518,976.2680119110106,4881340.059555054,-0.006033803948618188,1,1653.1199951171875,0.01654818584589778,-25.036284399386204,0,355.8999938964844,0.0,1053.2959830566688,0,140.11000061035156,0.0,-348.942880618275,140,233.67999267578125,0.327488140132854,-781.9618746276537
2026-09-04,2026-09-04T10:10:00-04:00,after_fill,98237.69190849931,99890.8119036165,1653.1199951171875,1653.1199951171875,0.016549269783814193,0.016549269783814193,982.8110517059325,4914055.258529663,-0.006098906376798219,1,1653.1199951171875,0.016549269783814193,-25.036284399386204,0,355.8999938964844,0.0,1053.2959830566688,0,140.11000061035156,0.0,-348.942880618275,0,233.67999267578125,0.0,-788.5049144225741
2026-09-04,2026-09-04T10:10:00-04:00,after_fill,83356.63633645342,99887.8362876253,16531.199951171875,16531.199951171875,0.16549762779494565,0.16549762779494565,985.7866676971435,4928933.338485718,-0.00612851338400433,10,1653.1199951171875,0.16549762779494565,-28.011900390596566,0,355.8999938964844,0.0,1053.2959830566688,0,140.11000061035156,0.0,-348.942880618275,0,233.67999267578125,0.0,-788.5049144225741
2026-09-04,2026-09-04T10:15:00-04:00,bar_close,83356.63633645342,100016.73643410967,16660.10009765625,16660.10009765625,0.1665731225756582,0.1665731225756582,985.7866676971435,4928933.338485718,-0.004845973037024054,10,1666.010009765625,0.1665731225756582,100.88824609377843,0,355.5299987792969,0.0,1053.2959830566688,0,140.36000061035156,0.0,-348.942880618275,0,234.19500732421875,0.0,-788.5049144225741
2026-09-04,2026-09-04T10:15:00-04:00,open_before_orders,83356.63633645342,100019.23643410967,16662.60009765625,16662.60009765625,0.16659395424032436,0.16659395424032436,985.7866676971435,4928933.338485718,-0.004821098349485631,10,1666.260009765625,0.16659395424032436,103.38824609377843,0,355.5299987792969,0.0,1053.2959830566688,0,140.32000732421875,0.0,-348.942880618275,0,234.19000244140625,0.0,-788.5049144225741
2026-09-04,2026-09-04T10:20:00-04:00,bar_close,83356.63633645342,99958.53575051592,16601.8994140625,16601.8994140625,0.16608786122576644,0.16608786122576644,985.7866676971435,4928933.338485718,-0.005425062564589966,10,1660.18994140625,0.16608786122576644,42.687562500028434,0,353.4800109863281,0.0,1053.2959830566688,0,138.8699951171875,0.0,-348.942880618275,0,234.22500610351562,0.0,-788.5049144225741
2026-09-04,2026-09-04T10:20:00-04:00,open_before_orders,83356.63633645342,99958.53575051592,16601.8994140625,16601.8994140625,0.16608786122576644,0.16608786122576644,985.7866676971435,4928933.338485718,-0.005425062564589966,10,1660.18994140625,0.16608786122576644,42.687562500028434,0,353.510009765625,0.0,1053.2959830566688,0,138.85499572753906,0.0,-348.942880618275,0,234.24000549316406,0.0,-788.5049144225741
2026-09-04,2026-09-04T10:25:00-04:00,bar_close,83356.63633645342,99977.63731301592,16621.0009765625,16621.0009765625,0.16624718710369685,0.16624718710369685,985.7866676971435,4928933.338485718,-0.005235004405117039,10,1662.10009765625,0.16624718710369685,61.789125000028434,0,353.3349914550781,0.0,1053.2959830566688,0,140.08999633789062,0.0,-348.942880618275,0,234.39979553222656,0.0,-788.5049144225741
2026-09-04,2026-09-04T10:25:00-04:00,open_before_orders,83356.63633645342,99982.44200051592,16625.8056640625,16625.8056640625,0.1662872533557113,0.1662872533557113,985.7866676971435,4928933.338485718,-0.005187198365004253,10,1662.58056640625,0.1662872533557113,66.59381250002843,0,353.3799133300781,0.0,1053.2959830566688,0,140.14999389648438,0.0,-348.942880618275,0,234.3800048828125,0.0,-788.5049144225741
2026-09-04,2026-09-04T10:25:00-04:00,after_fill,81693.72325393389,99982.10948440264,18288.38623046875,18288.38623046875,0.1829165870252194,0.1829165870252194,986.1191838104247,4930595.919052124,-0.005190506858771982,11,1662.58056640625,0.1829165870252194,66.26129638674684,0,353.3799133300781,0.0,1053.2959830566688,0,140.14999389648438,0.0,-348.942880618275,0,234.3800048828125,0.0,-788.5049144225741
2026-09-04,2026-09-04T10:30:00-04:00,bar_close,81693.72325393389,100065.73204299639,18372.0087890625,18372.0087890625,0.18359940425128143,0.18359940425128143,986.1191838104247,4930595.919052124,-0.004358472852300066,11,1670.1826171875,0.18359940425128143,149.88385498049684,0,353.2300109863281,0.0,1053.2959830566688,0,139.8300018310547,0.0,-348.942880618275,0,234.71609497070312,0.0,-788.5049144225741
2026-09-04,2026-09-04T10:30:00-04:00,open_before_orders,81693.72325393389,100069.27830764482,18375.555053710938,18375.555053710938,0.18362833593361821,0.18362833593361821,986.1191838104247,4930595.919052124,-0.004323187962276709,11,1670.5050048828125,0.18362833593361821,153.43011962893434,0,353.260009765625,0.0,1053.2959830566688,0,139.8249969482422,0.0,-348.942880618275,0,234.72000122070312,0.0,-788.5049144225741
2026-09-04,2026-09-04T10:35:00-04:00,bar_close,81693.72325393389,100144.47496291826,18450.751708984375,18450.751708984375,0.18424133449015898,0.18424133449015898,986.1191838104247,4930595.919052124,-0.003574990640733411,11,1677.341064453125,0.18424133449015898,228.62677490237184,0,354.0450134277344,0.0,1053.2959830566688,0,140.32000732421875,0.0,-348.942880618275,0,233.3249969482422,0.0,-788.5049144225741
2026-09-04,2026-09-04T10:35:00-04:00,open_before_orders,81693.72325393389,100146.33336135576,18452.610107421875,18452.610107421875,0.18425647238466272,0.18425647238466272,986.1191838104247,4930595.919052124,-0.00355649980855155,11,1677.510009765625,0.18425647238466272,230.48517333987184,0,354.05999755859375,0.0,1053.2959830566688,0,140.3011016845703,0.0,-348.942880618275,0,233.3300018310547,0.0,-788.5049144225741
2026-09-04,2026-09-04T10:35:00-04:00,after_fill,100142.64283933428,100142.64283933428,0.0,0.0,0.0,0.0,989.8097058319091,4949048.529159546,-0.0035932200414067195,0,1677.510009765625,0.0,226.7946513183888,0,354.05999755859375,0.0,1053.2959830566688,0,140.3011016845703,0.0,-348.942880618275,0,233.3300018310547,0.0,-788.5049144225741
2026-09-04,2026-09-04T10:35:00-04:00,after_fill,30378.8733563875,100128.69287543047,69749.81951904297,69749.81951904297,0.6966017184087114,0.6966017184087114,1003.7596697357177,5018798.348678589,-0.003732020438718342,0,1677.510009765625,0.0,226.7946513183888,197,354.05999755859375,0.6966017184087114,1039.3460191528575,0,140.3011016845703,0.0,-348.942880618275,0,233.3300018310547,0.0,-788.5049144225741
2026-09-04,2026-09-04T10:40:00-04:00,bar_close,30378.8733563875,100067.6233563875,69688.75,69688.75,0.6964165597478601,0.6964165597478601,1003.7596697357177,5018798.348678589,-0.004339654520443603,0,1686.8299560546875,0.0,226.7946513183888,197,353.75,0.6964165597478601,978.2765001098887,0,140.47999572753906,0.0,-348.942880618275,0,233.66000366210938,0.0,-788.5049144225741
2026-09-04,2026-09-04T10:40:00-04:00,open_before_orders,30378.8733563875,100067.91794256914,69689.04458618164,69689.04458618164,0.6964174534557369,0.6964174534557369,1003.7596697357177,5018798.348678589,-0.004336723424754996,0,1685.7900390625,0.0,226.7946513183888,197,353.7514953613281,0.6964174534557369,978.5710862915294,0,140.4456024169922,0.0,-348.942880618275,0,233.65499877929688,0.0,-788.5049144225741
2026-09-04,2026-09-04T10:45:00-04:00,bar_close,30378.8733563875,99866.50516180742,69487.63180541992,69487.63180541992,0.6958051820561206,0.6958051820561206,1003.7596697357177,5018798.348678589,-0.006340755419829036,0,1671.261474609375,0.0,226.7946513183888,197,352.7290954589844,0.6958051820561206,777.1583055298106,0,139.06500244140625,0.0,-348.942880618275,0,233.4499969482422,0.0,-788.5049144225741
2026-09-04,2026-09-04T10:45:00-04:00,open_before_orders,30378.8733563875,99867.66547064531,69488.79211425781,69488.79211425781,0.6958087163325457,0.6958087163325457,1003.7596697357177,5018798.348678589,-0.006329210491912818,0,1671.3599853515625,0.0,226.7946513183888,197,352.7349853515625,0.6958087163325457,778.3186143677012,0,139.05999755859375,0.0,-348.942880618275,0,233.44000244140625,0.0,-788.5049144225741
2026-09-04,2026-09-04T10:45:00-04:00,after_fill,99853.76771222246,99853.76771222246,0.0,0.0,0.0,0.0,1017.6574281585692,5088287.140792847,-0.006467491451213725,0,1671.3599853515625,0.0,226.7946513183888,0,352.7349853515625,0.0,764.4208559448452,0,139.05999755859375,0.0,-348.942880618275,0,233.44000244140625,0.0,-788.5049144225741
2026-09-04,2026-09-04T10:50:00-04:00,bar_close,99853.76771222246,99853.76771222246,0.0,0.0,0.0,0.0,1017.6574281585692,5088287.140792847,-0.006467491451213725,0,1666.0,0.0,226.7946513183888,0,353.7099914550781,0.0,764.4208559448452,0,138.7100067138672,0.0,-348.942880618275,0,233.05999755859375,0.0,-788.5049144225741
2026-09-04,2026-09-04T10:50:00-04:00,open_before_orders,99853.76771222246,99853.76771222246,0.0,0.0,0.0,0.0,1017.6574281585692,5088287.140792847,-0.006467491451213725,0,1666.3699951171875,0.0,226.7946513183888,0,353.7099914550781,0.0,764.4208559448452,0,138.7100067138672,0.0,-348.942880618275,0,233.05499267578125,0.0,-788.5049144225741
2026-09-04,2026-09-04T10:55:00-04:00,bar_close,99853.76771222246,99853.76771222246,0.0,0.0,0.0,0.0,1017.6574281585692,5088287.140792847,-0.006467491451213725,0,1680.5250244140625,0.0,226.7946513183888,0,353.4700012207031,0.0,764.4208559448452,0,138.7949981689453,0.0,-348.942880618275,0,232.63999938964844,0.0,-788.5049144225741
2026-09-04,2026-09-04T10:55:00-04:00,open_before_orders,99853.76771222246,99853.76771222246,0.0,0.0,0.0,0.0,1017.6574281585692,5088287.140792847,-0.006467491451213725,0,1681.5989990234375,0.0,226.7946513183888,0,353.44000244140625,0.0,764.4208559448452,0,138.80499267578125,0.0,-348.942880618275,0,232.64720153808594,0.0,-788.5049144225741
2026-09-04,2026-09-04T11:00:00-04:00,bar_close,99853.76771222246,99853.76771222246,0.0,0.0,0.0,0.0,1017.6574281585692,5088287.140792847,-0.006467491451213725,0,1683.56005859375,0.0,226.7946513183888,0,354.2950134277344,0.0,764.4208559448452,0,138.85000610351562,0.0,-348.942880618275,0,232.24000549316406,0.0,-788.5049144225741
2026-09-04,2026-09-04T11:00:00-04:00,open_before_orders,99853.76771222246,99853.76771222246,0.0,0.0,0.0,0.0,1017.6574281585692,5088287.140792847,-0.006467491451213725,0,1684.77001953125,0.0,226.7946513183888,0,354.260009765625,0.0,764.4208559448452,0,138.85000610351562,0.0,-348.942880618275,0,232.2449951171875,0.0,-788.5049144225741
2026-09-04,2026-09-04T11:05:00-04:00,bar_close,99853.76771222246,99853.76771222246,0.0,0.0,0.0,0.0,1017.6574281585692,5088287.140792847,-0.006467491451213725,0,1688.97998046875,0.0,226.7946513183888,0,355.0299987792969,0.0,764.4208559448452,0,139.60000610351562,0.0,-348.942880618275,0,232.18499755859375,0.0,-788.5049144225741
2026-09-04,2026-09-04T11:05:00-04:00,open_before_orders,99853.76771222246,99853.76771222246,0.0,0.0,0.0,0.0,1017.6574281585692,5088287.140792847,-0.006467491451213725,0,1688.97998046875,0.0,226.7946513183888,0,355.0299987792969,0.0,764.4208559448452,0,139.61000061035156,0.0,-348.942880618275,0,232.17999267578125,0.0,-788.5049144225741
2026-09-04,2026-09-04T11:05:00-04:00,after_fill,96083.54380173967,99853.01381821916,3769.470016479492,3769.470016479492,0.03775018772434604,0.03775018772434604,1018.4113221618652,5092056.610809326,-0.006474992602321428,0,1688.97998046875,0.0,226.7946513183888,0,355.0299987792969,0.0,764.4208559448452,27,139.61000061035156,0.03775018772434604,-349.6967746215705,0,232.17999267578125,0.0,-788.5049144225741
2026-09-04,2026-09-04T11:10:00-04:00,bar_close,96083.54380173967,99871.64388413713,3788.100082397461,3788.100082397461,0.037929685895549126,0.037929685895549126,1018.4113221618652,5092056.610809326,-0.006289625774909768,0,1688.2650146484375,0.0,226.7946513183888,0,353.4549865722656,0.0,764.4208559448452,27,140.3000030517578,0.037929685895549126,-331.06670870360176,0,232.44009399414062,0.0,-788.5049144225741
2026-09-04,2026-09-04T11:10:00-04:00,open_before_orders,96083.54380173967,99871.10376878068,3787.5599670410156,3787.5599670410156,0.037924482899577124,0.037924482899577124,1018.4113221618652,5092056.610809326,-0.006294999855200323,0,1688.3399658203125,0.0,226.7946513183888,0,353.42999267578125,0.0,764.4208559448452,27,140.27999877929688,0.037924482899577124,-331.6068240600471,0,232.4499969482422,0.0,-788.5049144225741
2026-09-04,2026-09-04T11:15:00-04:00,bar_close,96083.54380173967,99867.86390061662,3784.320098876953,3784.320098876953,0.03789327167989609,0.03789327167989609,1018.4113221618652,5092056.610809326,-0.006327236138498948,0,1689.7198486328125,0.0,226.7946513183888,0,353.2099914550781,0.0,764.4208559448452,27,140.16000366210938,0.03789327167989609,-334.8466922241096,0,232.46499633789062,0.0,-788.5049144225741
2026-09-04,2026-09-04T11:15:00-04:00,open_before_orders,96083.54380173967,99868.6709837465,3785.127182006836,3785.127182006836,0.03790104689210153,0.03790104689210153,1018.4113221618652,5092056.610809326,-0.006319205762229663,0,1689.5400390625,0.0,226.7946513183888,0,353.2300109863281,0.0,764.4208559448452,27,140.1898956298828,0.03790104689210153,-334.03960909422676,0,232.46499633789062,0.0,-788.5049144225741
2026-09-04,2026-09-04T11:15:00-04:00,after_fill,99867.9139583101,99867.9139583101,0.0,0.0,0.0,0.0,1019.1683475982666,5095841.737991333,-0.006326738070705162,0,1689.5400390625,0.0,226.7946513183888,0,353.2300109863281,0.0,764.4208559448452,0,140.1898956298828,0.0,-334.7966345306281,0,232.46499633789062,0.0,-788.5049144225741
2026-09-04,2026-09-04T11:20:00-04:00,bar_close,99867.9139583101,99867.9139583101,0.0,0.0,0.0,0.0,1019.1683475982666,5095841.737991333,-0.006326738070705162,0,1687.65869140625,0.0,226.7946513183888,0,353.05499267578125,0.0,764.4208559448452,0,140.3699951171875,0.0,-334.7966345306281,0,232.4600067138672,0.0,-788.5049144225741
2026-09-04,2026-09-04T11:20:00-04:00,open_before_orders,99867.9139583101,99867.9139583101,0.0,0.0,0.0,0.0,1019.1683475982666,5095841.737991333,-0.006326738070705162,0,1687.8968505859375,0.0,226.7946513183888,0,353.0400085449219,0.0,764.4208559448452,0,140.36500549316406,0.0,-334.7966345306281,0,232.4499969482422,0.0,-788.5049144225741
2026-09-04,2026-09-04T11:20:00-04:00,after_fill,49881.16926456926,99857.91860844134,49976.74934387207,49976.74934387207,0.5004785803701637,0.5004785803701637,1029.163697467041,5145818.487335205,-0.006426190552634159,0,1687.8968505859375,0.0,226.7946513183888,0,353.0400085449219,0.0,764.4208559448452,0,140.36500549316406,0.0,-334.7966345306281,215,232.4499969482422,0.5004785803701637,-798.500264291346
2026-09-04,2026-09-04T11:25:00-04:00,bar_close,49881.16926456926,99793.41795231341,49912.24868774414,49912.24868774414,0.5001557188029662,0.5001557188029662,1029.163697467041,5145818.487335205,-0.0070679640195153715,0,1688.6400146484375,0.0,226.7946513183888,0,352.980712890625,0.0,764.4208559448452,0,140.69500732421875,0.0,-334.7966345306281,215,232.14999389648438,0.5001557188029662,-863.0009204192756
2026-09-04,2026-09-04T11:25:00-04:00,open_before_orders,49881.16926456926,99791.26913334368,49910.099868774414,49910.099868774414,0.500144955588081,0.500144955588081,1029.163697467041,5145818.487335205,-0.007089344499694783,0,1688.4599609375,0.0,226.7946513183888,0,352.9599914550781,0.0,764.4208559448452,0,140.72000122070312,0.0,-334.7966345306281,215,232.13999938964844,0.500144955588081,-865.1497393890022
2026-09-04,2026-09-04T11:30:00-04:00,bar_close,49881.16926456926,99714.94505192278,49833.775787353516,49833.775787353516,0.4997623551956476,0.4997623551956476,1029.163697467041,5145818.487335205,-0.007848759570494468,0,1691.0107421875,0.0,226.7946513183888,0,353.125,0.0,764.4208559448452,0,141.19569396972656,0.0,-334.7966345306281,215,231.78500366210938,0.4997623551956476,-941.4738208099006
2026-09-04,2026-09-04T11:30:00-04:00,open_before_orders,49881.16926456926,99713.8690021181,49832.69973754883,49832.69973754883,0.4997569569433746,0.4997569569433746,1029.163697467041,5145818.487335205,-0.00785946613156141,0,1691.0184326171875,0.0,226.7946513183888,0,353.1300048828125,0.0,764.4208559448452,0,141.13999938964844,0.0,-334.7966345306281,215,231.77999877929688,0.4997569569433746,-942.5498706145881
2026-09-04,2026-09-04T11:35:00-04:00,bar_close,49881.16926456926,99660.14196659563,49778.97270202637,49778.97270202637,0.4994872746489908,0.4994872746489908,1029.163697467041,5145818.487335205,-0.00839404341995531,0,1689.0,0.0,226.7946513183888,0,353.49700927734375,0.0,764.4208559448452,0,141.19000244140625,0.0,-334.7966345306281,215,231.5301055908203,0.4994872746489908,-996.2769061370491
2026-09-04,2026-09-04T11:35:00-04:00,open_before_orders,49881.16926456926,99660.1190021181,49778.94973754883,49778.94973754883,0.49948715931686644,0.49948715931686644,1029.163697467041,5145818.487335205,-0.00839427191363662,0,1688.625,0.0,226.7946513183888,0,353.5,0.0,764.4208559448452,0,141.19000244140625,0.0,-334.7966345306281,215,231.52999877929688,0.49948715931686644,-996.2998706145881
2026-09-04,2026-09-04T11:40:00-04:00,bar_close,49881.16926456926,99711.80547977923,49830.63621520996,49830.63621520996,0.49974660448120384,0.49974660448120384,1029.163697467041,5145818.487335205,-0.00787999792092453,0,1686.739990234375,0.0,226.7946513183888,0,352.8299865722656,0.0,764.4208559448452,0,141.6999969482422,0.0,-334.7966345306281,215,231.77040100097656,0.49974660448120384,-944.6133929534553
2026-09-04,2026-09-04T11:40:00-04:00,open_before_orders,49881.16926456926,99713.8690021181,49832.69973754883,49832.69973754883,0.4997569569433746,0.4997569569433746,1029.163697467041,5145818.487335205,-0.00785946613156141,0,1688.0,0.0,226.7946513183888,0,352.8009948730469,0.0,764.4208559448452,0,141.6934051513672,0.0,-334.7966345306281,215,231.77999877929688,0.4997569569433746,-942.5498706145881
2026-09-04,2026-09-04T11:40:00-04:00,after_fill,51039.837478466965,99713.63722211932,48673.799743652344,48673.799743652344,0.4881358367785536,0.4881358367785536,1029.3954774658202,5146977.387329102,-0.007861772313580317,0,1688.0,0.0,226.7946513183888,0,352.8009948730469,0.0,764.4208559448452,0,141.6934051513672,0.0,-334.7966345306281,210,231.77999877929688,0.4881358367785536,-942.7816506133677
2026-09-04,2026-09-04T11:45:00-04:00,bar_close,51039.837478466965,99731.48863203143,48691.65115356445,48691.65115356445,0.4882274577612775,0.4882274577612775,1029.3954774658202,5146977.387329102,-0.0076841530161069205,0,1687.375,0.0,226.7946513183888,0,352.3901062011719,0.0,764.4208559448452,0,142.1999053955078,0.0,-334.7966345306281,210,231.86500549316406,0.4882274577612775,-924.9302407012583
2026-09-04,2026-09-04T11:45:00-04:00,open_before_orders,51039.837478466965,99731.48863203143,48691.65115356445,48691.65115356445,0.4882274577612775,0.4882274577612775,1029.3954774658202,5146977.387329102,-0.0076841530161069205,0,1687.886474609375,0.0,226.7946513183888,0,352.4125061035156,0.0,764.4208559448452,0,142.1501007080078,0.0,-334.7966345306281,210,231.86500549316406,0.4882274577612775,-924.9302407012583
2026-09-04,2026-09-04T11:50:00-04:00,bar_close,51039.837478466965,99635.05705244158,48595.21957397461,48595.21957397461,0.4877321397868741,0.4877321397868741,1029.3954774658202,5146977.387329102,-0.008643635180558995,0,1687.1199951171875,0.0,226.7946513183888,0,351.989990234375,0.0,764.4208559448452,0,141.86500549316406,0.0,-334.7966345306281,210,231.4058074951172,0.4877321397868741,-1021.361820291102
2026-09-04,2026-09-04T11:50:00-04:00,open_before_orders,51039.837478466965,99635.87416059588,48596.036682128906,48596.036682128906,0.4877363408665483,0.4877363408665483,1029.3954774658202,5146977.387329102,-0.008635505056549753,0,1687.125,0.0,226.7946513183888,0,351.989990234375,0.0,764.4208559448452,0,141.8300018310547,0.0,-334.7966345306281,210,231.40969848632812,0.4877363408665483,-1020.5447121368052
2026-09-04,2026-09-04T11:55:00-04:00,bar_close,51039.837478466965,99541.43888837908,48501.60140991211,48501.60140991211,0.4872503547422038,0.4872503547422038,1029.3954774658202,5146977.387329102,-0.00957512421214779,0,1686.1500244140625,0.0,226.7946513183888,0,351.7300109863281,0.0,764.4208559448452,0,142.14999389648438,0.0,-334.7966345306281,210,230.9600067138672,0.4872503547422038,-1114.979984353602
2026-09-04,2026-09-04T11:55:00-04:00,open_before_orders,51039.837478466965,99540.38786298846,48500.550384521484,48500.550384521484,0.48724494072978364,0.48724494072978364,1029.3954774658202,5146977.387329102,-0.009585581783422503,0,1686.1527099609375,0.0,226.7946513183888,0,351.7149963378906,0.0,764.4208559448452,0,142.19500732421875,0.0,-334.7966345306281,210,230.9550018310547,0.48724494072978364,-1116.031009744227
2026-09-04,2026-09-04T11:55:00-04:00,after_fill,69281.63353409135,99536.73877395951,30255.105239868164,30255.105239868164,0.3039591774106166,0.3039591774106166,1033.0445664947508,5165222.832473755,-0.009621889763180347,0,1686.1527099609375,0.0,226.7946513183888,0,351.7149963378906,0.0,764.4208559448452,0,142.19500732421875,0.0,-334.7966345306281,131,230.9550018310547,0.3039591774106166,-1119.6800987731585
2026-09-04,2026-09-04T12:00:00-04:00,bar_close,69281.63353409135,99548.52829422319,30266.894760131836,30266.894760131836,0.30404160944173625,0.30404160944173625,1033.0445664947508,5165222.832473755,-0.009504585510065833,0,1699.4283447265625,0.0,226.7946513183888,0,351.7149963378906,0.0,764.4208559448452,0,142.02499389648438,0.0,-334.7966345306281,131,231.0449981689453,0.30404160944173625,-1107.8905785094867
2026-09-04,2026-09-04T12:00:00-04:00,open_before_orders,69281.63353409135,99546.56337417924,30264.92984008789,30264.92984008789,0.3040278721258008,0.3040278721258008,1033.0445664947508,5165222.832473755,-0.009524136218918233,0,1699.18994140625,0.0,226.7946513183888,0,351.739990234375,0.0,764.4208559448452,0,142.0,0.0,-334.7966345306281,131,231.02999877929688,0.3040278721258008,-1109.855498553432
2026-09-04,2026-09-04T12:05:00-04:00,bar_close,69281.63353409135,99521.67305435502,30240.039520263672,30240.039520263672,0.30385380985052063,0.30385380985052063,1033.0445664947508,5165222.832473755,-0.009771791790261442,0,1696.0101318359375,0.0,226.7946513183888,0,351.889892578125,0.0,764.4208559448452,0,141.85000610351562,0.0,-334.7966345306281,131,230.83999633789062,0.30385380985052063,-1134.7458183776507
2026-09-04,2026-09-04T12:05:00-04:00,open_before_orders,69281.63353409135,99520.36377395951,30238.730239868164,30238.730239868164,0.3038446514177677,0.3038446514177677,1033.0445664947508,5165222.832473755,-0.009784818966556807,0,1697.0899658203125,0.0,226.7946513183888,0,351.8800048828125,0.0,764.4208559448452,0,141.90499877929688,0.0,-334.7966345306281,131,230.8300018310547,0.3038446514177677,-1136.0550987731585
2026-09-04,2026-09-04T12:05:00-04:00,after_fill,69512.41736992204,99520.31760795915,30007.90023803711,30007.90023803711,0.30152536647086847,0.30152536647086847,1033.090732495117,5165453.662475586,-0.00978527831249032,0,1697.0899658203125,0.0,226.7946513183888,0,351.8800048828125,0.0,764.4208559448452,0,141.90499877929688,0.0,-334.7966345306281,130,230.8300018310547,0.30152536647086847,-1136.101264773526
2026-09-04,2026-09-04T12:05:00-04:00,after_fill,23681.824006958173,99511.15332214371,75829.32931518555,75829.32931518555,0.7620183947592901,0.7620183947592901,1042.2550183105466,5211275.091552734,-0.009876461810958914,27,1697.0899658203125,0.460465259897174,217.63036550296238,0,351.8800048828125,0.0,764.4208559448452,0,141.90499877929688,0.0,-334.7966345306281,130,230.8300018310547,0.30155313486211605,-1136.101264773526
2026-09-04,2026-09-04T12:10:00-04:00,bar_close,23681.824006958173,99624.95507995621,75943.13107299805,75943.13107299805,0.7622902415569293,0.7622902415569293,1042.2550183105466,5211275.091552734,-0.008744148544197028,27,1699.0,0.4604569202885322,269.2012883545249,0,352.1600036621094,0.0,764.4208559448452,0,141.7050018310547,0.0,-334.7966345306281,130,231.30870056152344,0.301833321268397,-1073.8704298125886
2026-09-04,2026-09-04T12:10:00-04:00,open_before_orders,23681.824006958173,99636.32974426285,75954.50573730469,75954.50573730469,0.7623173789345469,0.7623173789345469,1042.2550183105466,5211275.091552734,-0.008630972056004271,27,1699.4150390625,0.4605168232557217,280.4073430420249,0,352.135009765625,0.0,764.4208559448452,0,141.69000244140625,0.0,-334.7966345306281,130,231.30999755859375,0.3018005556788252,-1073.701820193448
2026-09-04,2026-09-04T12:10:00-04:00,after_fill,40672.575567505046,99632.93091418473,58960.35534667969,58960.35534667969,0.5917757794103546,0.5917757794103546,1045.6538483886716,5228269.241943359,-0.008664789990480037,17,1699.4150390625,0.2899649282519443,277.008512963901,0,352.135009765625,0.0,764.4208559448452,0,141.69000244140625,0.0,-334.7966345306281,130,231.30999755859375,0.30181085115841033,-1073.701820193448
2026-09-04,2026-09-04T12:15:00-04:00,bar_close,40672.575567505046,99599.8729307863,58927.29736328125,58927.29736328125,0.5916402865717596,0.5916402865717596,1045.6538483886716,5228269.241943359,-0.008993712793554098,17,1698.5150146484375,0.28990755107779115,261.7080979248385,0,352.4700012207031,0.0,764.4208559448452,0,141.99000549316406,0.0,-334.7966345306281,130,231.17340087890625,0.30173273549396845,-1091.459388552823
2026-09-04,2026-09-04T12:15:00-04:00,open_before_orders,40672.575567505046,99590.02469470231,58917.449127197266,58917.449127197266,0.5915999047877671,0.5915999047877671,1045.6538483886716,5228269.241943359,-0.009091701511711459,17,1698.0,0.28984830647938903,252.952848901401,0,352.4549865722656,0.0,764.4208559448452,0,141.99000549316406,0.0,-334.7966345306281,130,231.1649932861328,0.3017515983083781,-1092.5523756133698
2026-09-04,2026-09-04T12:20:00-04:00,bar_close,40672.575567505046,99514.11694934098,58841.54138183594,58841.54138183594,0.5912883838560314,0.5912883838560314,1045.6538483886716,5228269.241943359,-0.009846974090753968,17,1696.6700439453125,0.2898422016019439,230.3435959717135,0,352.25,0.0,764.4208559448452,0,141.72000122070312,0.0,-334.7966345306281,130,230.7550048828125,0.30144618225408754,-1145.8508680450104
2026-09-04,2026-09-04T12:20:00-04:00,open_before_orders,40672.575567505046,99506.56760241716,58833.99203491211,58833.99203491211,0.5912573757943888,0.5912573757943888,1045.6538483886716,5228269.241943359,-0.00992208914909365,17,1696.3399658203125,0.2898077997642118,224.7322678467135,0,352.2349853515625,0.0,764.4208559448452,0,141.75999450683594,0.0,-334.7966345306281,130,230.74009704589844,0.30144957603017697,-1147.7888868438386
2026-09-04,2026-09-04T12:20:00-04:00,after_fill,55936.58184794938,99503.51419047869,43566.9323425293,43566.9323425293,0.4378431525456428,0.4378431525456428,1048.707260327148,5243536.301635742,-0.009952470216251785,8,1696.3399658203125,0.13638432609107848,221.6788559082379,0,352.2349853515625,0.0,764.4208559448452,0,141.75999450683594,0.0,-334.7966345306281,130,230.74009704589844,0.30145882645456434,-1147.7888868438386
2026-09-04,2026-09-04T12:25:00-04:00,bar_close,55936.58184794938,99556.9723203615,43620.39047241211,43620.39047241211,0.4381450083882354,0.4381450083882354,1048.707260327148,5243536.301635742,-0.009420568505363214,8,1699.530029296875,0.136567433877198,247.1993637207379,0,351.6099853515625,0.0,764.4208559448452,0,141.8699951171875,0.0,-334.7966345306281,130,230.9550018310547,0.3015775745110374,-1119.851264773526
2026-09-04,2026-09-04T12:25:00-04:00,open_before_orders,55936.58184794938,99556.9823606447,43620.40051269531,43620.40051269531,0.43814506505109424,0.43814506505109424,1048.707260327148,5243536.301635742,-0.009420468605800258,8,1699.7750244140625,0.13658710692990958,249.1593246582379,0,351.6000061035156,0.0,764.4208559448452,0,141.86000061035156,0.0,-334.7966345306281,130,230.94000244140625,0.30155795812118463,-1121.801185427823
2026-09-04,2026-09-04T12:25:00-04:00,after_fill,59335.451986767745,99556.30245063493,40220.85046386719,40220.85046386719,0.40400104738532977,0.40400104738532977,1049.3871703369136,5246935.85168457,-0.009427233625419196,6,1699.7750244140625,0.10244102980362678,248.4794146484728,0,351.6000061035156,0.0,764.4208559448452,0,141.86000061035156,0.0,-334.7966345306281,130,230.94000244140625,0.30156001758170303,-1121.801185427823
2026-09-04,2026-09-04T12:30:00-04:00,bar_close,59335.451986767745,99636.36159370134,40300.909606933594,40300.909606933594,0.4044799404786904,0.4044799404786904,1049.3871703369136,5246935.85168457,-0.008630655158072043,6,1708.4599609375,0.10288171508535914,300.5890337890978,0,351.92999267578125,0.0,764.4208559448452,0,141.8300018310547,0.0,-334.7966345306281,130,231.15499877929688,0.3015982253933313,-1093.8516615020417
2026-09-04,2026-09-04T12:30:00-04:00,open_before_orders,59335.451986767745,99634.81154487321,40299.35955810547,40299.35955810547,0.40447067579342555,0.40447067579342555,1049.3871703369136,5246935.85168457,-0.008646077950179576,6,1708.31005859375,0.10287428854066934,299.6896197265978,0,351.92999267578125,0.0,764.4208559448452,0,141.8249969482422,0.0,-334.7966345306281,130,231.14999389648438,0.3015963872527562,-1094.5022962676667
2026-09-04,2026-09-04T12:35:00-04:00,bar_close,59335.451986767745,99701.75456855485,40366.30258178711,40366.30258178711,0.40487053368786274,0.40487053368786274,1049.3871703369136,5246935.85168457,-0.00798000323139747,6,1718.81494140625,0.10343739378574691,362.7189166015978,0,352.2749938964844,0.0,764.4208559448452,0,142.69500732421875,0.0,-334.7966345306281,130,231.1800994873047,0.3014331399021158,-1090.588569461026
2026-09-04,2026-09-04T12:35:00-04:00,open_before_orders,59335.451986767745,99699.90254829118,40364.45056152344,40364.45056152344,0.4048594785934951,0.4048594785934951,1049.3871703369136,5246935.85168457,-0.007998430601546813,6,1718.400146484375,0.10341435262599429,360.2301470703478,0,352.2749938964844,0.0,764.4208559448452,0,142.7100067138672,0.0,-334.7966345306281,130,231.18499755859375,0.3014451259675008,-1089.951820193448
2026-09-04,2026-09-04T12:35:00-04:00,after_fill,61053.50845322282,99699.55886826188,38646.05041503906,38646.05041503906,0.3876250893557519,0.3876250893557519,1049.7308503662105,5248654.251831055,-0.00800185017488364,5,1718.400146484375,0.08617892425958398,359.8864670410512,0,352.2749938964844,0.0,764.4208559448452,0,142.7100067138672,0.0,-334.7966345306281,130,231.18499755859375,0.30144616509616795,-1089.951820193448
2026-09-04,2026-09-04T12:40:00-04:00,bar_close,61053.50845322282,99705.58105454118,38652.07260131836,38652.07260131836,0.3876620766110857,0.3876620766110857,1049.7308503662105,5248654.251831055,-0.00794193017408551,5,1711.9449462890625,0.08585000599678519,327.6104660644887,0,352.1199951171875,0.0,764.4208559448452,0,142.7899932861328,0.0,-334.7966345306281,130,231.47959899902344,0.30181207061430054,-1051.6536329375886
2026-09-04,2026-09-04T12:40:00-04:00,open_before_orders,61053.50845322282,99704.98397812516,38651.475524902344,38651.475524902344,0.3876584096676883,0.3876584096676883,1049.7308503662105,5248654.251831055,-0.007947871009799434,5,1711.9449462890625,0.08585052010362168,327.6104660644887,0,352.1199951171875,0.0,764.4208559448452,0,142.73500061035156,0.0,-334.7966345306281,130,231.47500610351562,0.3018078895640666,-1052.2507093536042
2026-09-04,2026-09-04T12:40:00-04:00,after_fill,69758.60212344682,99703.24261111772,47358.31056213379,29944.6404876709,0.47499268150034024,0.3003376791311282,1051.4722173736568,5257361.086868286,-0.007965197393879353,5,1711.9449462890625,0.0858520195259009,327.6104660644887,0,352.1199951171875,0.0,764.4208559448452,-61,142.73500061035156,-0.08732750118460603,-336.53800153807424,130,231.47500610351562,0.3018131607898333,-1052.2507093536042
2026-09-04,2026-09-04T12:45:00-04:00,bar_close,69758.60212344682,99728.95116824663,47422.44941711426,29970.349044799805,0.4755133675988504,0.300518041087574,1051.4722173736568,5257361.086868286,-0.007709400463621674,5,1717.93994140625,0.08613045265602054,357.5854416504262,0,352.05999755859375,0.0,764.4208559448452,-61,143.0500030517578,-0.08749766325563818,-355.7531504638555,130,231.58999633789062,0.30188525168719166,-1037.3019788848542
2026-09-04,2026-09-04T12:45:00-04:00,open_before_orders,69758.60212344682,99727.40224856889,47420.90049743652,29968.80012512207,0.47550522151615576,0.300507177058772,1051.4722173736568,5257361.086868286,-0.007724812020823979,5,1717.8900146484375,0.08612928723274198,357.3358078613637,0,352.05999755859375,0.0,764.4208559448452,-61,143.0500030517578,-0.08749902222869188,-355.7531504638555,130,231.5800018310547,0.30187691205472195,-1038.601264773526
2026-09-04,2026-09-04T12:45:00-04:00,after_fill,78346.33430667435,99725.68435855424,38831.450424194336,21379.350051879883,0.3893826417332925,0.21438158273261337,1053.1901073883053,5265950.536941528,-0.007741904811759848,0,1717.8900146484375,0.0,355.6179178467155,0,352.05999755859375,0.0,764.4208559448452,-61,143.0500030517578,-0.08750052950033956,-355.7531504638555,130,231.5800018310547,0.3018821122329529,-1038.601264773526
2026-09-04,2026-09-04T12:45:00-04:00,after_fill,78203.25569362199,99725.65574855363,38688.40042114258,21522.40005493164,0.387948318120773,0.21581607955727872,1053.2187173889156,5266093.58694458,-0.00774218947769012,0,1717.8900146484375,0.0,355.6179178467155,0,352.05999755859375,0.0,764.4208559448452,-60,143.0500030517578,-0.08606611928174714,-355.78176046446606,130,231.5800018310547,0.30188219883902584,-1038.601264773526
2026-09-04,2026-09-04T12:50:00-04:00,bar_close,78203.25569362199,99799.89021510637,38767.43408203125,21596.634521484375,0.38845167062281155,0.21639938155177815,1053.2187173889156,5266093.58694458,-0.007003565813658907,0,1721.6099853515625,0.0,355.6179178467155,0,352.0249938964844,0.0,764.4208559448452,-60,143.08999633789062,-0.08602614453551669,-358.1813576324348,130,232.16949462890625,0.30242552608729484,-961.9672010528229
2026-09-04,2026-09-04T12:50:00-04:00,open_before_orders,78203.25569362199,99800.49400538957,38764.43801879883,21597.238311767578,0.3884192999756636,0.21640412231427686,1053.2187173889156,5266093.58694458,-0.006997558175805607,0,1721.594970703125,0.0,355.6179178467155,0,352.0400085449219,0.0,764.4208559448452,-60,143.05999755859375,-0.08600758883069337,-356.3814308746223,130,232.16029357910156,0.30241171114497023,-963.1633375274323
2026-09-04,2026-09-04T12:55:00-04:00,bar_close,78203.25569362199,99724.65507716691,38678.99887084961,21521.399383544922,0.387857935842644,0.2158082107869079,1053.2187173889156,5266093.58694458,-0.007752146032919405,0,1726.4849853515625,0.0,355.6179178467155,0,352.510009765625,0.0,764.4208559448452,-60,142.97999572753906,-0.08602486252786806,-351.58132101134106,130,231.5399932861328,0.30183307331477593,-1043.8023756133698
2026-09-04,2026-09-04T12:55:00-04:00,open_before_orders,78203.25569362199,99719.80598659074,38682.55065917969,21516.55029296875,0.38791241395296444,0.21577007777032847,1053.2187173889156,5266093.58694458,-0.007800393878090395,0,1726.75,0.0,355.6179178467155,0,352.5199890136719,0.0,764.4208559448452,-60,143.0500030517578,-0.08607116809131798,-355.78176046446606,130,231.53500366210938,0.30184124586164646,-1044.4510267364167
2026-09-04,2026-09-04T13:00:00-04:00,bar_close,78203.25569362199,99729.7562429384,38681.70135498047,21526.500549316406,0.387865195025175,0.2158483221083842,1053.2187173889156,5266093.58694458,-0.007701390071060521,0,1734.0,0.0,355.6179178467155,0,351.9700012207031,0.0,764.4208559448452,-60,142.9600067138672,-0.08600843645839543,-350.38198019102856,130,231.57000732421875,0.3018567585667796,-1039.900550662198
2026-09-04,2026-09-04T13:00:00-04:00,open_before_orders,78203.25569362199,99727.35664577043,38684.10095214844,21524.100952148438,0.38789858924621445,0.21582945418478916,1053.2187173889156,5266093.58694458,-0.007725265762969058,0,1734.4300537109375,0.0,355.6179178467155,0,351.9862060546875,0.0,764.4208559448452,-60,143.0,-0.08603456753071265,-352.7815773589973,130,231.57000732421875,0.3018640217155018,-1039.900550662198
2026-09-04,2026-09-04T13:05:00-04:00,bar_close,78203.25569362199,99734.86885280168,38668.81286621094,21531.613159179688,0.3877160847655206,0.2158885192996856,1053.2187173889156,5266093.58694458,-0.00765052024191859,0,1723.0,0.0,355.6179178467155,0,351.9198913574219,0.0,764.4208559448452,-60,142.80999755859375,-0.08591378273291751,-341.3814308746223,130,231.54010009765625,0.3018023020326031,-1043.788490115323
2026-09-04,2026-09-04T13:05:00-04:00,open_before_orders,78203.25569362199,99737.2545644716,38666.39938354492,21533.99887084961,0.38768261220335076,0.21590727521910805,1053.2187173889156,5266093.58694458,-0.0076267827089802065,0,1722.780029296875,0.0,355.6179178467155,0,351.8800048828125,0.0,764.4208559448452,-60,142.77000427246094,-0.08588766849212137,-338.98183370665356,130,231.5399932861328,0.3017949437112294,-1043.8023756133698
2026-09-04,2026-09-04T13:05:00-04:00,after_fill,84916.57256695878,99735.91163251054,31951.73957824707,14819.339065551758,0.32036343835686043,0.1485857884385262,1054.5616493499751,5272808.246749878,-0.007640144714146868,0,1722.780029296875,0.0,355.6179178467155,0,351.8800048828125,0.0,764.4208559448452,-60,142.77000427246094,-0.08588882495916711,-338.98183370665356,101,231.5399932861328,0.23447461339769332,-1045.1453075744284
2026-09-04,2026-09-04T13:10:00-04:00,bar_close,84916.57256695878,99680.89474103105,31902.122467041016,14764.322174072266,0.3200424971096225,0.14811586726252485,1054.5616493499751,5272808.246749878,-0.008187555908101163,0,1721.0400390625,0.0,355.6179178467155,0,351.8599853515625,0.0,764.4208559448452,-60,142.81500244140625,-0.08596331492354883,-341.6817238433723,101,231.02200317382812,0.23407918218607368,-1097.4623089172019
2026-09-04,2026-09-04T13:10:00-04:00,open_before_orders,84916.57256695878,99679.95794293535,31899.625610351562,14763.385375976562,0.32002045615441993,0.14810786120544198,1054.5616493499751,5272808.246749878,-0.008196876932067942,0,1721.0400390625,0.0,355.6179178467155,0,351.88580322265625,0.0,764.4208559448452,-60,142.802001953125,-0.08595629747448896,-340.9016945464973,101,231.0050048828125,0.23406415867993094,-1099.17913630978
2026-09-04,2026-09-04T13:10:00-04:00,after_fill,99236.01840763261,99677.0934808748,17577.315307617188,441.0750732421875,0.17634257474602,0.004425039473355203,1057.426111410522,5287130.557052612,-0.008225377971556647,0,1721.0400390625,0.0,355.6179178467155,0,351.88580322265625,0.0,764.4208559448452,-60,142.802001953125,-0.0859587676363324,-340.9016945464973,39,231.0050048828125,0.0903838071096876,-1102.0435983703264
2026-09-04,2026-09-04T13:10:00-04:00,after_fill,99093.1878452791,99677.06492047441,17434.513305664062,583.8770751953125,0.17490997873556852,0.005857687279026008,1057.4546718109127,5287273.359054565,-0.008225662143970913,0,1721.0400390625,0.0,355.6179178467155,0,351.88580322265625,0.0,764.4208559448452,-59,142.802001953125,-0.08452614572827126,-340.93025494688754,39,231.0050048828125,0.09038383300729727,-1102.0435983703264
2026-09-04,2026-09-04T13:15:00-04:00,bar_close,99093.1878452791,99700.60320477617,17407.074783325195,607.4153594970703,0.17459347510237838,0.006092394027441271,1057.4546718109127,5287273.359054565,-0.00799145915709254,0,1717.6400146484375,0.0,355.6179178467155,0,352.0299987792969,0.0,764.4208559448452,-59,142.3699951171875,-0.08425054053746855,-315.44185162657504,39,230.9550018310547,0.09034293456490983,-1103.9937173888811
2026-09-04,2026-09-04T13:15:00-04:00,open_before_orders,99093.1878452791,99701.38807110918,17406.680297851562,608.2002258300781,0.17458814400293748,0.006100218237646768,1057.4546718109127,5287273.359054565,-0.00798364983517541,0,1717.405029296875,0.0,355.6179178467155,0,352.0299987792969,0.0,764.4208559448452,-59,142.36000061035156,-0.08424396288264535,-314.85217572325473,39,230.9600067138672,0.09034418112029213,-1103.7985269591936
2026-09-04,2026-09-04T13:20:00-04:00,bar_close,99093.1878452791,99689.47776227129,17398.309844970703,596.2899169921875,0.17452503750155374,0.005981472973648787,1057.4546718109127,5287273.359054565,-0.008102155919506582,0,1718.3900146484375,0.0,355.6179178467155,0,352.4700012207031,0.0,764.4208559448452,-59,142.38999938964844,-0.08427178226395247,-316.62210370177036,39,230.6999969482422,0.09025325523760126,-1113.9389078185686
2026-09-04,2026-09-04T13:20:00-04:00,open_before_orders,99093.1878452791,99688.09821515215,17400.470153808594,594.9103698730469,0.1745491233693111,0.005967717114926596,1057.4546718109127,5287273.359054565,-0.008115882240919858,0,1717.91015625,0.0,355.6179178467155,0,352.4580078125,0.0,764.4208559448452,-59,142.4199981689453,-0.08429070312719225,-318.392031680286,39,230.7100067138672,0.09025842024211884,-1113.5485269591936
2026-09-04,2026-09-04T13:20:00-04:00,after_fill,101399.82649240435,99687.63679513872,15093.370086669922,-1712.189697265625,0.1514066394982086,-0.017175547061911295,1057.9160918243404,5289580.459121704,-0.00812047331238297,0,1717.91015625,0.0,355.6179178467155,0,352.4580078125,0.0,764.4208559448452,-59,142.4199981689453,-0.08429109328005994,-318.392031680286,29,230.7100067138672,0.06711554621814865,-1114.009946972621
2026-09-04,2026-09-04T13:25:00-04:00,bar_close,101399.82649240435,99688.85659799517,15087.510177612305,-1710.9698944091797,0.15134600488451913,-0.017163100799809844,1057.9160918243404,5289580.459121704,-0.008108336426418061,0,1717.5,0.0,355.6179178467155,0,352.1650085449219,0.0,764.4208559448452,-59,142.36000061035156,-0.08425455284216449,-314.85217572325473,29,230.6300048828125,0.06709145204235464,-1116.330000073207
2026-09-04,2026-09-04T13:25:00-04:00,open_before_orders,101399.82649240435,99691.216201877,15085.150573730469,-1708.6102905273438,0.15131875353173235,-0.0171390254389852,1057.9160918243404,5289580.459121704,-0.008084858662708028,0,1717.9300537109375,0.0,355.6179178467155,0,352.1700134277344,0.0,764.4208559448452,-59,142.32000732421875,-0.08422888948535877,-312.4925718414188,29,230.6300048828125,0.06708986404637357,-1116.330000073207
2026-09-04,2026-09-04T13:30:00-04:00,bar_close,101399.82649240435,99717.70692453325,15065.619567871094,-1682.1195678710938,0.15108269165548313,-0.01686881517586569,1057.9160918243404,5289580.459121704,-0.007821279283211968,0,1715.31005859375,0.0,355.6179178467155,0,352.17498779296875,0.0,764.4208559448452,-59,141.92999267578125,-0.08397575341567441,-289.4817075836063,29,230.75,0.06710693823980873,-1112.8501416747695
2026-09-04,2026-09-04T13:30:00-04:00,open_before_orders,101399.82649240435,99714.4669037813,15068.279907226562,-1685.3595886230469,0.15111428035579413,-0.016901856279784574,1057.9160918243404,5289580.459121704,-0.007853517084741024,0,1715.5350341796875,0.0,355.6179178467155,0,352.17498779296875,0.0,764.4208559448452,-59,141.97999572753906,-0.08400806831778936,-292.43188763731723,29,230.74000549316406,0.06710621203800478,-1113.1399823730117
2026-09-04,2026-09-04T13:35:00-04:00,bar_close,101399.82649240435,99697.82247934282,15061.666275024414,-1702.0040130615234,0.1510731719155166,-0.017071626749061396,1057.9160918243404,5289580.459121704,-0.008019127027606321,0,1716.3111572265625,0.0,355.6179178467155,0,352.09991455078125,0.0,764.4208559448452,-59,142.06500244140625,-0.084072399332289,-297.4472837554813,29,230.33900451660156,0.0670007725832276,-1124.7690106933242
2026-09-04,2026-09-04T13:35:00-04:00,open_before_orders,101399.82649240435,99696.34783945025,15063.140914916992,-1703.4786529541016,0.151090197799166,-0.017086670573904696,1057.9160918243404,5289580.459121704,-0.0080337995102302,0,1716.31005859375,0.0,355.6179178467155,0,352.0849914550781,0.0,764.4208559448452,-59,142.08999633789062,-0.08408843418653535,-298.9219236480594,29,230.33900451660156,0.06700176361263065,-1124.7690106933242
2026-09-04,2026-09-04T13:40:00-04:00,bar_close,101399.82649240435,99706.16635141314,15064.109786987305,-1693.660140991211,0.15108503654522268,-0.016986513502303627,1057.9160918243404,5289580.459121704,-0.007936106543362631,0,1721.7620849609375,0.0,355.6179178467155,0,352.1700134277344,0.0,764.4208559448452,-59,142.01499938964844,-0.08403577502376315,-294.49710370177036,29,230.52499389648438,0.06704926152145953,-1119.3753186767226
2026-09-04,2026-09-04T13:40:00-04:00,open_before_orders,101399.82649240435,99706.38011178911,15064.476593017578,-1693.4463806152344,0.15108839149638711,-0.016984333186267225,1057.9160918243404,5289580.459121704,-0.007933979654338397,0,1721.5,0.0,355.6179178467155,0,352.1650085449219,0.0,764.4208559448452,-59,142.01629638671875,-0.08403636234132716,-294.5736265289188,29,230.53500366210938,0.06705202915505994,-1119.0850354735976
2026-09-04,2026-09-04T13:45:00-04:00,bar_close,101399.82649240435,99700.93156442583,15060.644927978516,-1698.8949279785156,0.1510582167253519,-0.017039910272861444,1057.9160918243404,5289580.459121704,-0.007988192019618312,0,1717.949951171875,0.0,355.6179178467155,0,351.96600341796875,0.0,764.4208559448452,-59,142.02999877929688,-0.08404906349910668,-295.38206769102817,29,230.375,0.06700915322624523,-1123.7251416747695
2026-09-04,2026-09-04T13:45:00-04:00,open_before_orders,101399.82649240435,99701.66638193071,15060.200393676758,-1698.1601104736328,0.15105264475706065,-0.017032414523228033,1057.9160918243404,5289580.459121704,-0.00798088067728564,0,1718.437255859375,0.0,355.6179178467155,0,351.9700012207031,0.0,764.4208559448452,-59,142.02000427246094,-0.08404252964014435,-294.79239178770786,29,230.3800048828125,0.06701011511691632,-1123.580000073207
2026-09-04,2026-09-04T13:45:00-04:00,after_fill,101630.16042128619,99701.62030592974,14829.820388793945,-1928.5401153564453,0.1487420198717868,-0.01934311708715275,1057.962167825317,5289810.839126587,-0.007981339127736575,0,1718.437255859375,0.0,355.6179178467155,0,351.9700012207031,0.0,764.4208559448452,-59,142.02000427246094,-0.08404256847946978,-294.79239178770786,28,230.3800048828125,0.06469945139231703,-1123.6260760741834
2026-09-04,2026-09-04T13:50:00-04:00,bar_close,101630.16042128619,99682.46152297076,14846.179000854492,-1947.6988983154297,0.14893471503443312,-0.01953903293074884,1057.962167825317,5289810.839126587,-0.008171966623624738,0,1716.010009765625,0.0,355.6179178467155,0,352.2120056152344,0.0,764.4208559448452,-59,142.3209991455078,-0.08423687398259097,-312.5510892974735,28,230.3300018310547,0.06469784105184213,-1125.0261615234022
2026-09-04,2026-09-04T13:50:00-04:00,open_before_orders,101630.16042128619,99686.69113722857,14843.069625854492,-1943.4692840576172,0.14889720439633755,-0.01949577483098762,1057.962167825317,5289810.839126587,-0.008129882490396367,0,1716.510009765625,0.0,355.6179178467155,0,352.20001220703125,0.0,764.4208559448452,-59,142.25880432128906,-0.08419648961366258,-308.88159466856723,28,230.35000610351562,0.06470071478267496,-1124.466041894496
2026-09-04,2026-09-04T13:50:00-04:00,after_fill,109310.59945954912,99685.1547421419,22525.0450592041,-9625.444717407227,0.22596188085849095,-0.0965584568966724,1059.498562911987,5297492.8145599365,-0.008145169429482957,0,1716.510009765625,0.0,355.6179178467155,0,352.20001220703125,0.0,764.4208559448452,-113,142.25880432128906,-0.16126016887758168,-310.4179897552367,28,230.35000610351562,0.06470171198090928,-1124.466041894496
2026-09-04,2026-09-04T13:55:00-04:00,bar_close,109310.59945954912,99700.04478730791,22498.394638061523,-9610.554672241211,0.22566082779659524,-0.09639468761266455,1059.498562911987,5297492.8145599365,-0.007997015341108082,0,1719.4674072265625,0.0,355.6179178467155,0,352.45001220703125,0.0,764.4208559448452,-113,142.0749969482422,-0.1610277577046299,-289.64775660093983,28,230.13999938964844,0.06463307009196534,-1130.3462298827772
2026-09-04,2026-09-04T13:55:00-04:00,open_before_orders,109310.59945954912,99704.14033784502,22494.579360961914,-9606.459121704102,0.22561329233409552,-0.09634965096888506,1059.498562911987,5297492.8145599365,-0.007956265125144801,0,1719.1287841796875,0.0,355.6179178467155,0,352.45001220703125,0.0,764.4208559448452,-113,142.0399932861328,-0.1609814716514903,-285.69234278258045,28,230.14500427246094,0.06463182068260523,-1130.2060931640272
2026-09-04,2026-09-04T14:00:00-04:00,bar_close,109310.59945954912,99734.63020600908,22470.831436157227,-9575.969253540039,0.2253062089842024,-0.09601448597904443,1059.498562911987,5297492.8145599365,-0.007652894747677719,0,1719.6400146484375,0.0,355.6179178467155,0,352.2950134277344,0.0,764.4208559448452,-113,141.8000030517578,-0.16066034748162342,-258.57344629820545,28,230.26539611816406,0.06464586150257899,-1126.8351214843397
2026-09-04,2026-09-04T14:00:00-04:00,open_before_orders,109310.59945954912,99739.90342988604,22465.2557220459,-9570.696029663086,0.22523839455928746,-0.09595653996588216,1059.498562911987,5297492.8145599365,-0.007600426829174056,0,1719.64501953125,0.0,355.6179178467155,0,352.31988525390625,0.0,764.4208559448452,-113,141.7519989013672,-0.1605974672625848,-253.14897730406483,28,230.25999450683594,0.06464092729670265,-1126.9863666015272
2026-09-04,2026-09-04T14:05:00-04:00,bar_close,109310.59945954912,99722.4057034456,22468.77651977539,-9588.193756103516,0.22531322185099523,-0.09614884126057766,1059.498562911987,5297492.8145599365,-0.00777452702030923,0,1717.780029296875,0.0,355.6179178467155,0,352.114990234375,0.0,764.4208559448452,-113,141.84500122070312,-0.16073103155578644,-263.65823938902577,28,230.01040649414062,0.06458219029520879,-1133.974830956996
2026-09-04,2026-09-04T14:05:00-04:00,open_before_orders,109310.59945954912,99718.71902742021,22473.00067138672,-9591.880432128906,0.22536391251884405,-0.09618936670748221,1059.498562911987,5297492.8145599365,-0.007811208985983975,0,1718.260009765625,0.0,355.6179178467155,0,352.114990234375,0.0,764.4208559448452,-113,141.8800048828125,-0.16077663961316313,-267.61365320738514,28,230.02000427246094,0.06458727290568092,-1133.7060931640272
2026-09-04,2026-09-04T14:05:00-04:00,after_fill,109540.57345982073,99718.67302341937,22242.980667114258,-9821.900436401367,0.22305732710553014,-0.0984961004655031,1059.5445669128414,5297722.834564209,-0.0078116667200426315,0,1718.260009765625,0.0,355.6179178467155,0,352.114990234375,0.0,764.4208559448452,-113,141.8800048828125,-0.1607767137855166,-267.61365320738514,27,230.02000427246094,0.06228061332001352,-1133.752097164882
2026-09-04,2026-09-04T14:05:00-04:00,after_fill,107821.96979805315,99718.3293714174,23961.240676879883,-8103.640426635742,0.240289230956049,-0.08126530476109757,1059.8882189147946,5299441.094573975,-0.007815086014510864,1,1718.260009765625,0.0172311351443292,355.27426584476234,0,352.114990234375,0.0,764.4208559448452,-113,141.8800048828125,-0.1607772678585733,-267.61365320738514,27,230.02000427246094,0.062280827953146524,-1133.752097164882
2026-09-04,2026-09-04T14:10:00-04:00,bar_close,107821.96979805315,99693.11529060686,24001.544387817383,-8128.854507446289,0.2407542819567082,-0.08153877510749424,1059.8882189147946,5299441.094573975,-0.008065962967202855,1,1717.1650390625,0.017224509777399765,354.17929514163734,0,353.0715026855469,0.0,764.4208559448452,-113,142.16990661621094,-0.16114652853210124,-300.3725490814086,27,230.33999633789062,0.062383243647207216,-1125.1123113982803
2026-09-04,2026-09-04T14:10:00-04:00,open_before_orders,107821.96979805315,99694.9995832094,24001.19061279297,-8126.97021484375,0.240746182989455,-0.08151833340508376,1059.8882189147946,5299441.094573975,-0.008047214491315291,1,1717.6600341796875,0.01722914931902939,354.67429025882484,0,353.0899963378906,0.0,764.4208559448452,-113,142.16000366210938,-0.16113225819726937,-299.253515267932,27,230.35000610351562,0.062384775473156226,-1124.8420477264053
2026-09-04,2026-09-04T14:15:00-04:00,bar_close,107821.96979805315,99729.51885505999,23958.870712280273,-8092.450942993164,0.2402385069870882,-0.0811439886193994,1059.8882189147946,5299441.094573975,-0.007703752050780888,1,1717.0,0.01721656756908022,354.01425607913734,0,353.7200012207031,0.0,764.4208559448452,-113,141.82000732421875,-0.1606912478032438,-260.8339290862914,27,230.22999572753906,0.06233069161476419,-1128.0823278777725
2026-09-04,2026-09-04T14:15:00-04:00,open_before_orders,107821.96979805315,99731.29546638811,23957.254013061523,-8090.674331665039,0.24021801683239646,-0.0811247291417346,1059.8882189147946,5299441.094573975,-0.007686074990115199,1,1717.0799560546875,0.01721706258827637,354.09421213382484,0,353.7200012207031,0.0,764.4208559448452,-113,141.80499267578125,-0.16067137298706552,-259.1372738128539,27,230.22999572753906,0.06232958125705456,-1128.0823278777725
2026-09-04,2026-09-04T14:15:00-04:00,after_fill,109538.70633811662,99730.9520503969,22240.174057006836,-9807.754287719727,0.22300172213104152,-0.09834213036253367,1060.2316349060056,5301158.174530029,-0.007689491936306081,0,1717.0799560546875,0.0,353.75079614261404,0,353.7200012207031,0.0,764.4208559448452,-113,141.80499267578125,-0.1606719262467876,-259.1372738128539,27,230.22999572753906,0.062329795884253934,-1128.0823278777725
2026-09-04,2026-09-04T14:15:00-04:00,after_fill,109768.89028784502,99730.90600439775,22009.944061279297,-10037.984283447266,0.2206933130669518,-0.10065068779185289,1060.277680905151,5301388.404525757,-0.00768995008824247,0,1717.0799560546875,0.0,353.75079614261404,0,353.7200012207031,0.0,764.4208559448452,-113,141.80499267578125,-0.16067200042940236,-259.1372738128539,26,230.22999572753906,0.06002131263754946,-1128.128373876918
2026-09-04,2026-09-04T14:15:00-04:00,after_fill,103528.2227261751,99729.6581204622,15770.524383544922,-3798.5646057128906,0.15813274286467424,-0.03808861553625956,1061.525564840698,5307627.824203491,-0.007702366377434822,0,1717.0799560546875,0.0,353.75079614261404,0,353.7200012207031,0.0,764.4208559448452,-69,141.80499267578125,-0.0981106792004669,-260.385157748402,26,230.22999572753906,0.06002206366420735,-1128.128373876918
2026-09-04,2026-09-04T14:20:00-04:00,bar_close,103528.2227261751,99710.22101719072,15798.697448730469,-3818.001708984375,0.1584461180364515,-0.038290976291448856,1061.525564840698,5307627.824203491,-0.00789576312564666,0,1720.0699462890625,0.0,353.75079614261404,0,353.8599853515625,0.0,764.4208559448452,-69,142.14999389648438,-0.09836854716395017,-284.1902419769176,26,230.3979949951172,0.060077570872501325,-1123.7603929198867
2026-09-04,2026-09-04T14:20:00-04:00,open_before_orders,103528.2227261751,99708.63283664873,15799.869857788086,-3819.589889526367,0.15846040015083543,-0.03830751441336026,1061.525564840698,5307627.824203491,-0.007911565323541314,0,1720.0699462890625,0.0,353.75079614261404,0,353.8774108886719,0.0,764.4208559448452,-69,142.1699981689453,-0.09838395728209784,-285.5705367767223,26,230.38999938964844,0.06007644286873758,-1123.9682786620742
2026-09-04,2026-09-04T14:25:00-04:00,bar_close,103528.2227261751,99703.31292087724,15798.68977355957,-3824.9098052978516,0.15845701923763683,-0.03836291586753222,1061.525564840698,5307627.824203491,-0.007964497820559746,0,1719.25,0.0,353.75079614261404,0,353.4645080566406,0.0,764.4208559448452,-69,142.1999969482422,-0.09840996755258452,-287.64045254820667,26,230.26499938964844,0.060047051685052304,-1127.2182786620742
2026-09-04,2026-09-04T14:25:00-04:00,open_before_orders,103528.2227261751,99704.05213291338,15798.049743652344,-3824.1705932617188,0.1584494251306085,-0.038355217380370836,1061.525564840698,5307627.824203491,-0.007957142753190372,0,1719.050048828125,0.0,353.75079614261404,0,353.45001220703125,0.0,764.4208559448452,-69,142.19000244140625,-0.09840232125548966,-286.950831576527,26,230.26690673828125,0.06004710387511883,-1127.168687597621
2026-09-04,2026-09-04T14:30:00-04:00,bar_close,103528.2227261751,99728.98284275224,15777.440200805664,-3799.2398834228516,0.15820315971419016,-0.03809564456716967,1061.525564840698,5307627.824203491,-0.007709085306249586,0,1720.90869140625,0.0,353.75079614261404,0,353.010009765625,0.0,764.4208559448452,-69,141.86000061035156,-0.09814940214067992,-264.18070523375354,26,230.35000610351562,0.060053757573510246,-1125.0081041015274
2026-09-04,2026-09-04T14:30:00-04:00,open_before_orders,103528.2227261751,99724.84301120928,15781.580032348633,-3803.3797149658203,0.1582512396692843,-0.03813873855422678,1061.525564840698,5307627.824203491,-0.007750276112686749,0,1720.219970703125,0.0,353.75079614261404,0,353.0400085449219,0.0,764.4208559448452,-69,141.9199981689453,-0.09819498911175555,-268.3205367767223,26,230.35000610351562,0.06005625055752877,-1125.0081041015274
2026-09-04,2026-09-04T14:30:00-04:00,after_fill,103758.52666227739,99724.79694120806,15551.230026245117,-4033.729721069336,0.15594145591906514,-0.04044861303099357,1061.5716348419187,5307858.174209595,-0.0077507345034408814,0,1720.219970703125,0.0,353.75079614261404,0,353.0400085449219,0.0,764.4208559448452,-69,141.9199981689453,-0.09819503447502935,-268.3205367767223,25,230.35000610351562,0.05774642144403578,-1125.0541741027482
2026-09-04,2026-09-04T14:30:00-04:00,after_fill,95099.67534999407,99723.0655172304,6894.110137939453,4623.390167236328,0.06913255325818551,0.046362294853816814,1063.3030588195797,5316515.2940979,-0.007767961955617131,0,1720.219970703125,0.0,353.75079614261404,0,353.0400085449219,0.0,764.4208559448452,-8,141.9199981689453,-0.011385129202184345,-270.0519607543829,25,230.35000610351562,0.05774742405600116,-1125.0541741027482
2026-09-04,2026-09-04T14:35:00-04:00,bar_close,95099.67534999407,99717.82018641985,6897.104797363281,4618.144836425781,0.06916622108735755,0.046312131851581596,1063.3030588195797,5316515.2940979,-0.007820152341596276,0,1719.4150390625,0.0,353.75079614261404,0,353.606689453125,0.0,764.4208559448452,-8,142.43499755859375,-0.011427044617887978,-274.1719558715704,25,230.30499267578125,0.05773917646946958,-1126.1795097961076
2026-09-04,2026-09-04T14:35:00-04:00,open_before_orders,95099.67534999407,99717.82802943743,6896.872650146484,4618.152679443359,0.06916388760604049,0.0463122068611447,1063.3030588195797,5316515.2940979,-0.007820074304551672,0,1719.3499755859375,0.0,353.75079614261404,0,353.6199951171875,0.0,764.4208559448452,-8,142.4199981689453,-0.011425840372447895,-274.0519607543829,25,230.30050659179688,0.0577380472335926,-1126.291661895717
2026-09-04,2026-09-04T14:40:00-04:00,bar_close,95099.67534999407,99714.12012843645,6893.804885864258,4614.444778442383,0.0691356938915443,0.04627674367981949,1063.3030588195797,5316515.2940979,-0.007856967456080666,0,1718.8599853515625,0.0,353.75079614261404,0,353.0899963378906,0.0,764.4208559448452,-8,142.4600067138672,-0.011429475105862402,-274.3720291137579,25,230.1649932861328,0.05770621878568189,-1129.6794945373185
2026-09-04,2026-09-04T14:40:00-04:00,open_before_orders,95099.67534999407,99713.74514369524,6893.429901123047,4614.069793701172,0.06913219327174082,0.0462731570963656,1063.3030588195797,5316515.2940979,-0.007860698507388353,0,1718.6201171875,0.0,353.75079614261404,0,353.0849914550781,0.0,764.4208559448452,-8,142.4600067138672,-0.011429518087687612,-274.3720291137579,25,230.14999389648438,0.057702675184053205,-1130.0544792785295
2026-09-04,2026-09-04T14:45:00-04:00,bar_close,95099.67534999407,99714.7503622011,6900.675109863281,4615.075012207031,0.06920415570211488,0.04628277156030939,1063.3030588195797,5316515.2940979,-0.007850696708891935,0,1719.0799560546875,0.0,353.75079614261404,0,353.3999938964844,0.0,764.4208559448452,-8,142.85000610351562,-0.011460692070902747,-277.4920242309454,25,230.31500244140625,0.05774346363121213,-1125.9292656554826
2026-09-04,2026-09-04T14:45:00-04:00,open_before_orders,95099.67534999407,99714.5052450136,6900.669982910156,4614.829895019531,0.0692042744027478,0.046280427142271804,1063.3030588195797,5316515.2940979,-0.007853135594271698,0,1719.0,0.0,353.75079614261404,0,353.4049987792969,0.0,764.4208559448452,-8,142.86500549316406,-0.011461923630238001,-277.6120193481329,25,230.30999755859375,0.057742350772509804,-1126.054387725795
2026-09-04,2026-09-04T14:50:00-04:00,bar_close,95099.67534999407,99718.78536586321,6904.390045166016,4619.110015869141,0.0692386095541994,0.04632136260907971,1063.3030588195797,5316515.2940979,-0.007810548926767469,0,1720.0,0.0,353.75079614261404,0,353.2099914550781,0.0,764.4208559448452,-8,142.8300018310547,-0.011458623472559847,-277.3319900512579,25,230.47000122070312,0.057779986081639555,-1122.0542961730607
2026-09-04,2026-09-04T14:50:00-04:00,open_before_orders,95099.67534999407,99718.54537562883,6904.630035400391,4618.870025634766,0.06924118286514716,0.04631906741354869,1063.3030588195797,5316515.2940979,-0.007812936799604375,0,1720.3399658203125,0.0,353.75079614261404,0,353.2200012207031,0.0,764.4208559448452,-8,142.86000061035156,-0.011461057725799235,-277.5719802856329,25,230.47000122070312,0.057780125139347924,-1122.0542961730607
2026-09-04,2026-09-04T14:55:00-04:00,bar_close,95099.67534999407,99720.23038844622,6905.194931030273,4620.555038452148,0.06924567767374837,0.04633518214361742,1063.3030588195797,5316515.2940979,-0.0077961711326721694,0,1717.0,0.0,353.75079614261404,0,353.6300048828125,0.0,764.4208559448452,-8,142.7899932861328,-0.011455247765065473,-277.0119216918829,25,230.51499938964844,0.05779042990868289,-1120.929341949428
2026-09-04,2026-09-04T14:55:00-04:00,open_before_orders,95099.67534999407,99720.19034938372,6905.234970092773,4620.514999389648,0.06924610699096453,0.046334799233746185,1063.3030588195797,5316515.2940979,-0.00779656951633978,0,1717.155029296875,0.0,353.75079614261404,0,353.6199951171875,0.0,764.4208559448452,-8,142.7949981689453,-0.011455653878609173,-277.0519607543829,25,230.51499938964844,0.05779045311235536,-1120.929341949428
2026-09-04,2026-09-04T15:00:00-04:00,bar_close,95099.67534999407,99718.4794424013,6911.445693969727,4618.804092407227,0.0693095776491645,0.04631843684575143,1063.3030588195797,5316515.2940979,-0.0078135928269778,0,1718.3199462890625,0.0,353.75079614261404,0,354.2582092285156,0.0,764.4208559448452,-8,143.29010009765625,-0.011495570401706536,-281.0127761840704,25,230.60499572753906,0.057814007247457964,-1118.6794335021623
2026-09-04,2026-09-04T15:00:00-04:00,open_before_orders,95099.67534999407,99717.87545375383,6911.800201416016,4618.200103759766,0.0693135525598066,0.04631266042066398,1063.3030588195797,5316515.2940979,-0.007819602438530748,0,1718.5550537109375,0.0,353.75079614261404,0,354.2799987792969,0.0,764.4208559448452,-8,143.35000610351562,-0.011500446069571313,-281.4920242309454,25,230.60000610351562,0.05781310649023529,-1118.8041741027482
2026-09-04,2026-09-04T15:05:00-04:00,bar_close,95099.67534999407,99702.36541347063,6903.8101806640625,4602.6900634765625,0.06924419648454298,0.04616430156284637,1063.3030588195797,5316515.2940979,-0.007973925400831638,0,1710.4510498046875,0.0,353.75079614261404,0,353.635009765625,0.0,764.4208559448452,-8,143.82000732421875,-0.011539947460848302,-285.2520339965704,25,230.1300048828125,0.05770424902369468,-1130.5542046203263
2026-09-04,2026-09-04T15:05:00-04:00,open_before_orders,95099.67534999407,99702.18798427141,6904.112731933594,4602.512634277344,0.06924735426089904,0.04616260412462981,1063.3030588195797,5316515.2940979,-0.007975690799188029,0,1710.050048828125,0.0,353.75079614261404,0,353.6400146484375,0.0,764.4208559448452,-8,143.85000610351562,-0.011542375068134617,-285.4920242309454,25,230.13250732421875,0.05770497919276442,-1130.49164358517
2026-09-04,2026-09-04T15:10:00-04:00,bar_close,95099.67534999407,99701.97533778704,6900.699890136719,4602.299987792969,0.06921327152002127,0.046160569760032605,1063.3030588195797,5316515.2940979,-0.007977806605129922,0,1714.1351318359375,0.0,353.75079614261404,0,354.1499938964844,0.0,764.4208559448452,-8,143.64999389648438,-0.011526350879994334,-283.8919265746954,25,230.05999755859375,0.05768692064002694,-1132.304387725795
2026-09-04,2026-09-04T15:10:00-04:00,open_before_orders,95099.67534999407,99702.01525477922,6900.659973144531,4602.339904785156,0.06921284344664987,0.04616095164199344,1063.3030588195797,5316515.2940979,-0.007977409436046745,0,1714.6300048828125,0.0,353.75079614261404,0,354.1600036621094,0.0,764.4208559448452,-8,143.64500427246094,-0.011525945902328211,-283.8520095825079,25,230.05999755859375,0.05768689754432165,-1132.304387725795
2026-09-04,2026-09-04T15:15:00-04:00,bar_close,95099.67534999407,99700.03289393938,6899.6424560546875,4600.3575439453125,0.06920401383813492,0.04614198622019674,1063.3030588195797,5316515.2940979,-0.007997133678638524,0,1708.0,0.0,353.75079614261404,0,354.4580993652344,0.0,764.4208559448452,-8,143.70530700683594,-0.01153101380896909,-284.3344314575079,25,230.0,0.05767300002916583,-1133.8043266906388
2026-09-04,2026-09-04T15:15:00-04:00,open_before_orders,95099.67534999407,99700.44523219622,6899.729843139648,4600.769882202148,0.06920460412258542,0.046145931158955586,1063.3030588195797,5316515.2940979,-0.007993030964518977,0,1708.6300048828125,0.0,353.75079614261404,0,354.4700012207031,0.0,764.4208559448452,-8,143.68499755859375,-0.011529336481814917,-284.1719558715704,25,230.00999450683594,0.05767526764077051,-1133.5544640197404
2026-09-04,2026-09-04T15:15:00-04:00,after_fill,96248.92543446673,99700.21533620013,8049.209823608398,3451.2899017333984,0.08073412676658295,0.0346166744985983,1063.5329548156735,5317664.774078369,-0.007995318400946583,0,1708.6300048828125,0.0,353.75079614261404,0,354.4700012207031,0.0,764.4208559448452,-16,143.68499755859375,-0.023058726133992322,-284.40185186766416,25,230.00999450683594,0.05767540063259063,-1133.5544640197404
2026-09-04,2026-09-04T15:20:00-04:00,bar_close,96248.92543446673,99694.83035695208,8059.344863891602,3445.9049224853516,0.08084014823071109,0.03456452967668906,1063.5329548156735,5317664.774078369,-0.008048898271424854,0,1710.4549560546875,0.0,353.75079614261404,0,354.1650085449219,0.0,764.4208559448452,-16,144.1699981689453,-0.023137809277011014,-292.16186163328916,25,230.10499572753906,0.057702338953700076,-1131.1794335021623
2026-09-04,2026-09-04T15:20:00-04:00,open_before_orders,96248.92543446673,99694.95547902239,8059.469985961914,3446.030044555664,0.08084130182151264,0.03456574134566689,1063.5329548156735,5317664.774078369,-0.0080476533224636,0,1710.4549560546875,0.0,353.75079614261404,0,354.1650085449219,0.0,764.4208559448452,-16,144.1699981689453,-0.023137780237922873,-292.16186163328916,25,230.11000061035156,0.05770352158358976,-1131.0543114318498
2026-09-04,2026-09-04T15:25:00-04:00,bar_close,96248.92543446673,99691.56049000872,8055.115036010742,3442.635055541992,0.08080037062734154,0.034532863550541165,1063.5329548156735,5317664.774078369,-0.008081433038828134,0,1711.137451171875,0.0,353.75079614261404,0,354.55010986328125,0.0,764.4208559448452,-16,144.13999938964844,-0.023133753538400182,-291.68188116453916,25,229.9550018310547,0.05766661708894135,-1134.9292809142717
2026-09-04,2026-09-04T15:25:00-04:00,open_before_orders,96248.92543446673,99691.44562184466,8055.48014831543,3442.5201873779297,0.08080412615212686,0.034531751103663355,1063.5329548156735,5317664.774078369,-0.008082575962703786,0,1711.43994140625,0.0,353.75079614261404,0,354.5299987792969,0.0,764.4208559448452,-16,144.15499877929688,-0.023136187524231747,-291.92187139891416,25,229.9600067138672,0.057667938627895106,-1134.8041588439592
2026-09-04,2026-09-04T15:30:00-04:00,bar_close,96248.92543446673,99686.39528309954,8056.0299072265625,3437.4698486328125,0.08081373475636501,0.034482838293738445,1063.5329548156735,5317664.774078369,-0.008132826202002952,0,1712.93994140625,0.0,353.75079614261404,0,354.7049865722656,0.0,764.4208559448452,-16,144.3300018310547,-0.023165448231313283,-294.72192022703916,25,229.8699951171875,0.05764828652505173,-1137.0544487609513
2026-09-04,2026-09-04T15:30:00-04:00,open_before_orders,96248.92543446673,99686.55519520892,8055.8699951171875,3437.6297607421875,0.08081200096985962,0.034484387127336556,1063.5329548156735,5317664.774078369,-0.008131235096501266,0,1713.3800048828125,0.0,353.75079614261404,0,354.7200012207031,0.0,764.4208559448452,-16,144.32000732421875,-0.02316380692126153,-294.56200811766416,25,229.8699951171875,0.05764819404859809,-1137.0544487609513
2026-09-04,2026-09-04T15:35:00-04:00,bar_close,96248.92543446673,99696.16283070696,8042.757415771484,3447.2373962402344,0.08067268776862364,0.03457743305621454,1063.5329548156735,5317664.774078369,-0.008035640324102533,0,1721.800048828125,0.0,353.75079614261404,0,354.3299865722656,0.0,764.4208559448452,-16,143.61000061035156,-0.02304762735620455,-283.20190069578916,25,229.79989624023438,0.05762506041241909,-1138.8069206847795
2026-09-04,2026-09-04T15:35:00-04:00,open_before_orders,96248.92543446673,99696.22546803606,8042.500228881836,3447.300033569336,0.08067005737805358,0.03457803961369216,1063.5329548156735,5317664.774078369,-0.008035017090506691,0,1721.9649658203125,0.0,353.75079614261404,0,354.33990478515625,0.0,764.4208559448452,-16,143.60000610351562,-0.02304600888218071,-283.04198858641416,25,229.79600524902344,0.05762404849587287,-1138.904195465053
2026-09-04,2026-09-04T15:40:00-04:00,bar_close,96248.92543446673,99714.88522755755,8036.03987121582,3465.9597930908203,0.08059017320109148,0.03475870011965832,1063.5329548156735,5317664.774078369,-0.007849354815451348,0,1723.8699951171875,0.0,353.75079614261404,0,353.7699890136719,0.0,764.4208559448452,-16,142.81500244140625,-0.022915736540716575,-270.48192999266416,25,230.0399932861328,0.057674436660374896,-1132.8044945373185
2026-09-04,2026-09-04T15:40:00-04:00,open_before_orders,96248.92543446673,99714.68040883196,8035.995208740234,3465.7549743652344,0.08058989083445398,0.034756717467835,1063.5329548156735,5317664.774078369,-0.007851392736171747,0,1723.8699951171875,0.0,353.75079614261404,0,353.760009765625,0.0,764.4208559448452,-16,142.82000732421875,-0.022916586683309488,-270.56200811766416,25,230.03500366210938,0.05767330415114449,-1132.9292351379045
2026-09-04,2026-09-04T15:45:00-04:00,bar_close,96248.92543446673,99710.29288136614,8037.882583618164,3461.367446899414,0.08061236559781768,0.034714244105347264,1063.5329548156735,5317664.774078369,-0.0078950480860831,0,1723.3699951171875,0.0,353.75079614261404,0,353.57501220703125,0.0,764.4208559448452,-16,143.01609802246094,-0.022949060746235202,-273.69945928953916,25,229.98500061035156,0.05766330485158247,-1134.1793114318498
2026-09-04,2026-09-04T15:45:00-04:00,open_before_orders,96248.92543446673,99709.91055714739,8038.264907836914,3460.985122680664,0.08061650906034953,0.034710542847163094,1063.5329548156735,5317664.774078369,-0.007898852164274994,0,1722.989990234375,0.0,353.75079614261404,0,353.5751037597656,0.0,764.4208559448452,-16,143.0399932861328,-0.02295298310659322,-274.08178350828916,25,229.98500061035156,0.05766352595375631,-1134.1793114318498
2026-09-04,2026-09-04T15:45:00-04:00,after_fill,97536.027902054,99709.65308515947,9325.62484741211,2173.6251831054688,0.09352780356629393,0.021799546140723516,1063.7904268035886,5318952.134017944,-0.007901413978374738,0,1722.989990234375,0.0,353.75079614261404,0,353.5751037597656,0.0,764.4208559448452,-25,143.0399932861328,-0.03586412871278521,-274.33925549620426,25,229.98500061035156,0.05766367485350873,-1134.1793114318498
2026-09-04,2026-09-04T15:50:00-04:00,bar_close,97536.027902054,99719.24552290361,9331.717681884766,2183.2176208496094,0.09357990659627932,0.0218936435930832,1063.7904268035886,5318952.134017944,-0.007805970421728037,0,1723.0450439453125,0.0,353.75079614261404,0,353.9800109863281,0.0,764.4208559448452,-25,142.97000122070312,-0.03584313150159806,-272.5894538604621,25,230.2987060546875,0.05773677509468127,-1126.3366753234513
2026-09-04,2026-09-04T15:50:00-04:00,open_before_orders,97536.027902054,99720.27816145342,9331.750106811523,2184.250259399414,0.09357926270224429,0.021903772228382426,1063.7904268035886,5318952.134017944,-0.007795695797221391,0,1723.7099609375,0.0,353.75079614261404,0,354.0,0.0,764.4208559448452,-25,142.9499969482422,-0.03583774523693093,-272.08934704893863,25,230.32000732421875,0.057741517465313356,-1125.80414358517
2026-09-04,2026-09-04T15:55:00-04:00,bar_close,97536.027902054,99741.27768843096,9343.75,2205.249786376953,0.09367987072701983,0.022109700592222725,1063.7904268035886,5318952.134017944,-0.007586753128413393,0,1729.165283203125,0.0,353.75079614261404,0,355.3794860839844,0.0,764.4208559448452,-25,142.77000427246094,-0.03578508506739855,-267.5895301544074,25,230.97999572753906,0.05789478565962128,-1109.3044335021623
2026-09-04,2026-09-04T15:55:00-04:00,open_before_orders,97536.027902054,99739.02777998369,9345.999908447266,2202.9998779296875,0.09370454190774541,0.02208764138737475,1063.7904268035886,5318952.134017944,-0.0076091394362596265,0,1728.824951171875,0.0,353.75079614261404,0,355.3550109863281,0.0,764.4208559448452,-25,142.86000061035156,-0.03580845026018533,-269.839438601673,25,230.97999572753906,0.05789609164756008,-1109.3044335021623
2026-09-04,2026-09-04T15:55:00-04:00,after_fill,103309.37289526385,99737.87288000506,3571.500015258789,-3571.500015258789,0.03580886489885013,-0.03580886489885013,1064.9453267822264,5324726.633911133,-0.007620630546702256,0,1728.824951171875,0.0,353.75079614261404,0,355.3550109863281,0.0,764.4208559448452,-25,142.86000061035156,-0.03580886489885013,-269.839438601673,0,230.97999572753906,0.0,-1110.4593334807996
2026-09-04,2026-09-04T15:55:00-04:00,after_fill,99737.15858000201,99737.15858000201,0.0,0.0,0.0,0.0,1065.659626785278,5328298.133926392,-0.007627737742456064,0,1728.824951171875,0.0,353.75079614261404,0,355.3550109863281,0.0,764.4208559448452,0,142.86000061035156,0.0,-270.5537386047249,0,230.97999572753906,0.0,-1110.4593334807996
2026-09-04,2026-09-04T16:00:00-04:00,bar_close,99737.15858000201,99737.15858000201,0.0,0.0,0.0,0.0,1065.659626785278,5328298.133926392,-0.007627737742456064,0,1739.8101806640625,0.0,353.75079614261404,0,353.94989013671875,0.0,764.4208559448452,0,142.67999267578125,0.0,-270.5537386047249,0,230.34500122070312,0.0,-1110.4593334807996
2026-09-08,2026-09-08T09:30:00-04:00,open_before_orders,99737.15858000201,99737.15858000201,0.0,0.0,0.0,0.0,1065.659626785278,5328298.133926392,-0.007627737742456064,0,1769.4300537109375,0.0,353.75079614261404,0,357.2699890136719,0.0,764.4208559448452,0,137.61500549316406,0.0,-270.5537386047249,0,233.2100067138672,0.0,-1110.4593334807996
2026-09-08,2026-09-08T09:35:00-04:00,bar_close,99737.15858000201,99737.15858000201,0.0,0.0,0.0,0.0,1065.659626785278,5328298.133926392,-0.007627737742456064,0,1773.510009765625,0.0,353.75079614261404,0,361.364990234375,0.0,764.4208559448452,0,136.63999938964844,0.0,-270.5537386047249,0,231.83999633789062,0.0,-1110.4593334807996
2026-09-08,2026-09-08T09:35:00-04:00,open_before_orders,99737.15858000201,99737.15858000201,0.0,0.0,0.0,0.0,1065.659626785278,5328298.133926392,-0.007627737742456064,0,1772.8199462890625,0.0,353.75079614261404,0,361.489990234375,0.0,764.4208559448452,0,136.63999938964844,0.0,-270.5537386047249,0,231.80999755859375,0.0,-1110.4593334807996
2026-09-08,2026-09-08T09:40:00-04:00,bar_close,99737.15858000201,99737.15858000201,0.0,0.0,0.0,0.0,1065.659626785278,5328298.133926392,-0.007627737742456064,0,1783.0,0.0,353.75079614261404,0,359.3299865722656,0.0,764.4208559448452,0,136.24130249023438,0.0,-270.5537386047249,0,230.80999755859375,0.0,-1110.4593334807996
2026-09-08,2026-09-08T09:40:00-04:00,open_before_orders,99737.15858000201,99737.15858000201,0.0,0.0,0.0,0.0,1065.659626785278,5328298.133926392,-0.007627737742456064,0,1782.3900146484375,0.0,353.75079614261404,0,359.3349914550781,0.0,764.4208559448452,0,136.3699951171875,0.0,-270.5537386047249,0,230.81649780273438,0.0,-1110.4593334807996
2026-09-08,2026-09-08T09:40:00-04:00,after_fill,109796.52606479205,99735.14630404986,10061.379760742188,-10061.379760742188,0.10088098462370866,-0.10088098462370866,1067.6719027374265,5338359.513687134,-0.007647759636676299,0,1782.3900146484375,0.0,353.75079614261404,-28,359.3349914550781,-0.10088098462370866,762.4085799926979,0,136.3699951171875,0.0,-270.5537386047249,0,230.81649780273438,0.0,-1110.4593334807996
2026-09-08,2026-09-08T09:40:00-04:00,after_fill,92883.2646943819,99731.76432817096,26971.259155273438,6848.4996337890625,0.2704380027462819,0.06866919160533276,1071.053878616333,5355269.393081665,-0.007681409873976364,0,1782.3900146484375,0.0,353.75079614261404,-28,359.3349914550781,-0.10088440557047457,762.4085799926979,124,136.3699951171875,0.16955359717580734,-273.9357144836322,0,230.81649780273438,0.0,-1110.4593334807996
2026-09-08,2026-09-08T09:45:00-04:00,bar_close,92883.2646943819,99906.1035615694,27052.359619140625,7022.8388671875,0.27077784694574736,0.0702943926029456,1071.053878616333,5355269.393081665,-0.005946756291389299,0,1744.0550537109375,0.0,353.75079614261404,-28,357.6700134277344,-0.1002417271714009,809.0279647583229,124,137.39999389648438,0.1705361197743465,-146.21586585081968,0,229.76499938964844,0.0,-1110.4593334807996
2026-09-08,2026-09-08T09:45:00-04:00,open_before_orders,92883.2646943819,99910.7852021944,27057.60009765625,7027.5205078125,0.2708176103600672,0.07033795694419336,1071.053878616333,5355269.393081665,-0.0059001745523037386,0,1745.0,0.0,353.75079614261404,-28,357.67999267578125,-0.10023982670793692,808.7485458130104,124,137.44000244140625,0.17057778365213028,-141.25480628050718,0,229.77999877929688,0.0,-1110.4593334807996
2026-09-08,2026-09-08T09:45:00-04:00,after_fill,82866.22189150105,99908.78219423542,17042.560302734375,17042.560302734375,0.17058120345818512,0.17058120345818512,1073.0568865753173,5365284.432876587,-0.005920104231150303,0,1745.0,0.0,353.75079614261404,0,357.67999267578125,0.0,806.7455378540271,124,137.44000244140625,0.17058120345818512,-141.25480628050718,0,229.77999877929688,0.0,-1110.4593334807996
2026-09-08,2026-09-08T09:45:00-04:00,after_fill,82453.81942017536,99908.69973023396,17454.880310058594,17454.880310058594,0.1747083122609839,0.1747083122609839,1073.1393505767821,5365696.752883911,-0.005920924737658151,0,1745.0,0.0,353.75079614261404,0,357.67999267578125,0.0,806.7455378540271,127,137.44000244140625,0.1747083122609839,-141.33727028197245,0,229.77999877929688,0.0,-1110.4593334807996
2026-09-08,2026-09-08T09:50:00-04:00,bar_close,82453.81942017536,99910.60465271931,17456.785232543945,17456.785232543945,0.17472404749448003,0.17472404749448003,1073.1393505767821,5365696.752883911,-0.005901970997014949,0,1770.7518310546875,0.0,353.75079614261404,0,358.4753112792969,0.0,806.7455378540271,127,137.4550018310547,0.17472404749448003,-139.4323477966209,0,230.36880493164062,0.0,-1110.4593334807996
2026-09-08,2026-09-08T09:50:00-04:00,open_before_orders,82453.81942017536,99908.06411011677,17454.244689941406,17454.244689941406,0.17470306171385394,0.17470306171385394,1073.1393505767821,5365696.752883911,-0.00592724907838138,0,1771.8800048828125,0.0,353.75079614261404,0,358.47711181640625,0.0,806.7455378540271,127,137.43499755859375,0.17470306171385394,-141.97289039915995,0,230.3444061279297,0.0,-1110.4593334807996
2026-09-08,2026-09-08T09:55:00-04:00,bar_close,82453.81942017536,99892.18911011677,17438.369689941406,17438.369689941406,0.17457190442305867,0.17457190442305867,1073.1393505767821,5365696.752883911,-0.006085203344250112,0,1774.949951171875,0.0,353.75079614261404,0,358.6700134277344,0.0,806.7455378540271,127,137.30999755859375,0.17457190442305867,-157.84789039915995,0,229.64500427246094,0.0,-1110.4593334807996
2026-09-08,2026-09-08T09:55:00-04:00,open_before_orders,82453.81942017536,99893.46035035115,17439.64093017578,17439.64093017578,0.17458240878842954,0.17458240878842954,1073.1393505767821,5365696.752883911,-0.006072554662803653,0,1774.4100341796875,0.0,353.75079614261404,0,358.67999267578125,0.0,806.7455378540271,127,137.32000732421875,0.17458240878842954,-156.57665016478495,0,229.6699981689453,0.0,-1110.4593334807996
2026-09-08,2026-09-08T09:55:00-04:00,after_fill,21466.025545541583,99881.26523060017,78415.2396850586,78415.2396850586,0.7850845651986682,0.7850845651986682,1085.3344703277587,5426672.351638794,-0.006193894580123094,0,1774.4100341796875,0.0,353.75079614261404,170,358.67999267578125,0.6104808405671056,794.5504181030556,127,137.32000732421875,0.17460372463156262,-156.57665016478495,0,229.6699981689453,0.0,-1110.4593334807996
2026-09-08,2026-09-08T09:55:00-04:00,after_fill,18307.03370505086,99880.63355856648,81573.59985351562,81573.59985351562,0.8167108772461255,0.8167108772461255,1085.96614236145,5429830.711807251,-0.006200179637909087,0,1774.4100341796875,0.0,353.75079614261404,170,358.67999267578125,0.6104847014124002,794.5504181030556,150,137.32000732421875,0.20622617583372527,-157.2083221984758,0,229.6699981689453,0.0,-1110.4593334807996
2026-09-08,2026-09-08T10:00:00-04:00,bar_close,18307.03370505086,100176.78254538288,81869.74884033203,81869.74884033203,0.8172527282281475,0.8172527282281475,1085.96614236145,5429830.711807251,-0.003253534233162103,0,1779.875,0.0,353.75079614261404,170,360.17498779296875,0.6112169543583205,1048.6995880249306,150,137.60000610351562,0.20603577386982702,-115.20850530394455,0,229.57119750976562,0.0,-1110.4593334807996
2026-09-08,2026-09-08T10:00:00-04:00,open_before_orders,18307.03370505086,100184.78578024617,81877.75207519531,81877.75207519531,0.8172673269451606,0.8172673269451606,1085.96614236145,5429830.711807251,-0.003173903046553961,0,1780.4849853515625,0.0,353.75079614261404,170,360.20001220703125,0.6112105904933628,1052.9537384155556,150,137.625,0.20605673645179776,-111.4594208312883,0,229.5800018310547,0.0,-1110.4593334807996
2026-09-08,2026-09-08T10:00:00-04:00,after_fill,38946.654955050864,100180.65703024618,61234.00207519531,61234.00207519531,0.6112357803433828,0.6112357803433828,1090.09489236145,5450474.461807251,-0.0032149835930235238,0,1780.4849853515625,0.0,353.75079614261404,170,360.20001220703125,0.6112357803433828,1052.9537384155556,0,137.625,0.0,-115.58817083128815,0,229.5800018310547,0.0,-1110.4593334807996
2026-09-08,2026-09-08T10:00:00-04:00,after_fill,31823.290625656333,100179.23264225789,68355.94201660156,68355.94201660156,0.6823364505166659,0.6823364505166659,1091.5192803497314,5457596.401748657,-0.003229156075480355,4,1780.4849853515625,0.07109197938098452,352.32640815433297,170,360.20001220703125,0.6112444711356814,1052.9537384155556,0,137.625,0.0,-115.58817083128815,0,229.5800018310547,0.0,-1110.4593334807996
2026-09-08,2026-09-08T10:05:00-04:00,bar_close,31823.290625656333,100347.39914616414,68524.10852050781,68524.10852050781,0.6828688048077547,0.6828688048077547,1091.5192803497314,5457596.401748657,-0.001555920379844089,4,1775.56494140625,0.07077671993551105,332.64623237308297,170,361.30499267578125,0.6120920848722436,1240.8004181030556,0,138.44000244140625,0.0,-115.58817083128815,0,228.27999877929688,0.0,-1110.4593334807996
2026-09-08,2026-09-08T10:05:00-04:00,open_before_orders,31823.290625656333,100348.11179264852,68524.82116699219,68524.82116699219,0.6828710569919493,0.6828710569919493,1091.5192803497314,5457596.401748657,-0.0015488296363944665,4,1775.10498046875,0.07075788268489548,330.80638862308297,170,361.32000732421875,0.6121131743070538,1243.3529083374306,0,138.4600067138672,0.0,-115.58817083128815,0,228.26199340820312,0.0,-1110.4593334807996
2026-09-08,2026-09-08T10:05:00-04:00,after_fill,38922.29046354696,100346.69170866415,61424.40124511719,61424.40124511719,0.6121218367960772,0.6121218367960772,1092.9393643341064,5464696.821670532,-0.0015629592945501924,0,1775.10498046875,0.0,329.38630463870777,170,361.32000732421875,0.6121218367960772,1243.3529083374306,0,138.4600067138672,0.0,-115.58817083128815,0,228.26199340820312,0.0,-1110.4593334807996
2026-09-08,2026-09-08T10:05:00-04:00,after_fill,55178.43891307089,100343.43982859823,45165.000915527344,45165.000915527344,0.45010417215790083,0.45010417215790083,1096.1912444000243,5480956.222000122,-0.001595315094770955,0,1775.10498046875,0.0,329.38630463870777,125,361.32000732421875,0.45010417215790083,1240.1010282715142,0,138.4600067138672,0.0,-115.58817083128815,0,228.26199340820312,0.0,-1110.4593334807996
2026-09-08,2026-09-08T10:05:00-04:00,after_fill,104929.60125314657,100333.48760568563,94926.11547851562,-4596.1136474609375,0.9461060085101279,-0.045808371234176935,1106.1434673126219,5530717.33656311,-0.001694338468876344,0,1775.10498046875,0.0,329.38630463870777,125,361.32000732421875,0.4501488186379755,1240.1010282715142,0,138.4600067138672,0.0,-115.58817083128815,-218,228.26199340820312,-0.4959571898721524,-1120.4115563933956
2026-09-08,2026-09-08T10:10:00-04:00,bar_close,104929.60125314657,100154.4805256075,95162.61767578125,-4775.1207275390625,0.9501583671181847,-0.04767755473823419,1106.1434673126219,5530717.33656311,-0.0034754365425171407,0,1765.9010009765625,0.0,329.38630463870777,125,361.54998779296875,0.45124040618997524,1268.8485868652642,0,137.91259765625,0.0,-115.58817083128815,-218,229.21499633789062,-0.4989179609282094,-1328.1661950652706
2026-09-08,2026-09-08T10:10:00-04:00,open_before_orders,104929.60125314657,100157.2048603243,95159.89334106445,-4772.396392822266,0.9501053216667845,-0.04764905729425737,1106.1434673126219,5530717.33656311,-0.003448329752585022,0,1765.0,0.0,329.38630463870777,125,361.54998779296875,0.45122813218626356,1268.8485868652642,0,137.7899932861328,0.0,-115.58817083128815,-218,229.20249938964844,-0.49887718948052096,-1325.4418603484737
2026-09-08,2026-09-08T10:10:00-04:00,after_fill,105291.07893094198,100157.13255032674,94798.34335327148,-5133.946380615234,0.9464961799464199,-0.05125891935889378,1106.2157773101806,5531078.886550903,-0.0034490492280230267,0,1765.0,0.0,329.38630463870777,124,361.54998779296875,0.44761863029376303,1268.7762768677057,0,137.7899932861328,0.0,-115.58817083128815,-218,229.20249938964844,-0.4988775496526568,-1325.4418603484737
2026-09-08,2026-09-08T10:15:00-04:00,bar_close,105291.07893094198,100366.5537844576,94697.37670898438,-4924.525146484375,0.9435152761382235,-0.04906540038288103,1106.2157773101806,5531078.886550903,-0.0013653341228598848,0,1766.02001953125,0.0,329.38630463870777,124,361.9873046875,0.44722493787767126,1323.0035717895807,0,137.66000366210938,0.0,-115.58817083128815,-218,228.4906005859375,-0.49629033826055224,-1170.2479211394893
2026-09-08,2026-09-08T10:15:00-04:00,open_before_orders,105291.07893094198,100357.08103665487,94696.35971069336,-4933.997894287109,0.943594201151646,-0.049164422114718484,1106.2157773101806,5531078.886550903,-0.0014595867795490491,0,1765.1800537109375,0.0,329.38630463870777,124,361.94500732421875,0.4472148895184638,1317.7586987427057,0,137.6999969482422,0.0,-115.58817083128815,-218,228.50999450683594,-0.4963793116331823,-1174.4757958953487
2026-09-08,2026-09-08T10:20:00-04:00,bar_close,105291.07893094198,100416.29755887167,94607.38439941406,-4874.7813720703125,0.942151689509843,-0.04854571907724785,1106.2157773101806,5531078.886550903,-0.0008703897846479292,0,1758.260009765625,0.0,329.38630463870777,124,361.82501220703125,0.4468029852162976,1302.8793042114557,0,138.5800018310547,0.0,-115.58817083128815,-218,228.17010498046875,-0.49534870429354544,-1100.3798791473018
2026-09-08,2026-09-08T10:20:00-04:00,open_before_orders,105291.07893094198,100417.37629422323,94614.95629882812,-4873.70263671875,0.9422169727040667,-0.04853445505724812,1106.2157773101806,5531078.886550903,-0.0008596565027252367,0,1757.824951171875,0.0,329.38630463870777,124,361.8598937988281,0.4468412588234093,1307.2046215942682,0,138.65499877929688,0.0,-115.58817083128815,-218,228.18499755859375,-0.49537571388065743,-1103.6264611785518
2026-09-08,2026-09-08T10:20:00-04:00,after_fill,105652.86645276204,100417.30392224446,94253.0964050293,-5235.562530517578,0.9386140906353325,-0.05213805117265048,1106.2881492889403,5531440.746444702,-0.0008603765948685949,0,1757.824951171875,0.0,329.38630463870777,123,361.8598937988281,0.443238019731341,1307.1322496155117,0,138.65499877929688,0.0,-115.58817083128815,-218,228.18499755859375,-0.4953760709039915,-1103.6264611785518
2026-09-08,2026-09-08T10:20:00-04:00,after_fill,67310.11984700031,100409.63690632649,55918.01681518555,33099.51705932617,0.5568989047072466,0.32964482373544646,1113.955165206909,5569775.826034546,-0.0009366624449932415,0,1757.824951171875,0.0,329.38630463870777,123,361.8598937988281,0.4432718642213465,1307.1322496155117,0,138.65499877929688,0.0,-115.58817083128815,-50,228.18499755859375,-0.11362704048590008,-1111.293477096522
2026-09-08,2026-09-08T10:25:00-04:00,bar_close,67310.11984700031,100676.09848469563,56166.978088378906,33365.97863769531,0.5578978420276902,0.3314190670863897,1113.955165206909,5569775.826034546,0.0,0,1768.4749755859375,0.0,329.38630463870777,123,363.9551086425781,0.44465845455703995,1564.8436753967617,0,138.95050048828125,0.0,-115.58817083128815,-50,228.00999450683594,-0.1132393874706503,-1102.5433245086315
2026-09-08,2026-09-08T10:25:00-04:00,open_before_orders,67310.11984700031,100675.97134846516,56165.851501464844,33365.851501464844,0.5578873563291536,0.3314182227850292,1113.955165206909,5569775.826034546,-1.2628243682977214e-06,0,1768.2900390625,0.0,329.38630463870777,123,363.95001220703125,0.4446527895570914,1564.216813824496,0,138.92999267578125,0.0,-115.58817083128815,-50,228.0,-0.11323456677206221,-1102.0435991668346
2026-09-08,2026-09-08T10:25:00-04:00,after_fill,112067.01817816487,100667.01817816487,11400.0,-11400.0,0.11324463768087165,-0.11324463768087165,1122.9083355072019,5614541.677536011,-9.019326997594668e-05,0,1768.2900390625,0.0,329.38630463870777,0,363.95001220703125,0.0,1555.263643524202,0,138.92999267578125,0.0,-115.58817083128815,-50,228.0,-0.11324463768087165,-1102.0435991668346
2026-09-08,2026-09-08T10:30:00-04:00,bar_close,112067.01817816487,100669.90285223714,11397.115325927734,-11397.115325927734,0.11321273789899622,-0.11321273789899622,1122.9083355072019,5614541.677536011,-6.154025187454781e-05,0,1774.5699462890625,0.0,329.38630463870777,0,363.3699951171875,0.0,1555.263643524202,0,138.27999877929688,0.0,-115.58817083128815,-50,227.9423065185547,-0.11321273789899622,-1099.158925094569
2026-09-08,2026-09-08T10:30:00-04:00,open_before_orders,112067.01817816487,100669.01784247151,11398.00033569336,-11398.00033569336,0.11322252446655566,-0.11322252446655566,1122.9083355072019,5614541.677536011,-7.033091598396268e-05,0,1775.0,0.0,329.38630463870777,0,363.3977966308594,0.0,1555.263643524202,0,138.30999755859375,0.0,-115.58817083128815,-50,227.9600067138672,-0.11322252446655566,-1100.043934860194
2026-09-08,2026-09-08T10:30:00-04:00,after_fill,100666.73824240438,100666.73824240438,0.0,0.0,0.0,0.0,1125.1879355743406,5625939.677871704,-9.297382826845002e-05,0,1775.0,0.0,329.38630463870777,0,363.3977966308594,0.0,1555.263643524202,0,138.30999755859375,0.0,-115.58817083128815,0,227.9600067138672,0.0,-1102.323534927331
2026-09-08,2026-09-08T10:35:00-04:00,bar_close,100666.73824240438,100666.73824240438,0.0,0.0,0.0,0.0,1125.1879355743406,5625939.677871704,-9.297382826845002e-05,0,1775.8499755859375,0.0,329.38630463870777,0,364.4580078125,0.0,1555.263643524202,0,138.5850067138672,0.0,-115.58817083128815,0,227.7100067138672,0.0,-1102.323534927331
2026-09-08,2026-09-08T10:35:00-04:00,open_before_orders,100666.73824240438,100666.73824240438,0.0,0.0,0.0,0.0,1125.1879355743406,5625939.677871704,-9.297382826845002e-05,0,1775.2099609375,0.0,329.38630463870777,0,364.4703063964844,0.0,1555.263643524202,0,138.60499572753906,0.0,-115.58817083128815,0,227.72000122070312,0.0,-1102.323534927331
2026-09-08,2026-09-08T10:35:00-04:00,after_fill,97115.608236545,100666.02815842,3550.419921875,3550.419921875,0.035269295777594786,0.035269295777594786,1125.8980195587155,5629490.097793579,-0.00010002698184774506,2,1775.2099609375,0.035269295777594786,328.67622065433306,0,364.4703063964844,0.0,1555.263643524202,0,138.60499572753906,0.0,-115.58817083128815,0,227.72000122070312,0.0,-1102.323534927331
2026-09-08,2026-09-08T10:40:00-04:00,bar_close,97115.608236545,100661.03816818562,3545.429931640625,3545.429931640625,0.035221471943463166,0.035221471943463166,1125.8980195587155,5629490.097793579,-0.00014959177736006968,2,1772.7149658203125,0.035221471943463166,323.68623041995806,0,364.5249938964844,0.0,1555.263643524202,0,138.05999755859375,0.0,-115.58817083128815,0,227.25,0.0,-1102.323534927331
2026-09-08,2026-09-08T10:40:00-04:00,open_before_orders,97115.608236545,100660.60555099812,3544.997314453125,3544.997314453125,0.03521732553711995,0.03521732553711995,1125.8980195587155,5629490.097793579,-0.00015388889647782733,2,1772.4986572265625,0.03521732553711995,323.25361323245806,0,364.5249938964844,0.0,1555.263643524202,0,138.05999755859375,0.0,-115.58817083128815,0,227.24000549316406,0.0,-1102.323534927331
2026-09-08,2026-09-08T10:45:00-04:00,bar_close,97115.608236545,100687.02815842,3571.419921875,3571.419921875,0.03547050684876469,0.03547050684876469,1125.8980195587155,5629490.097793579,0.0,2,1785.7099609375,0.03547050684876469,349.67622065433306,0,364.5,0.0,1555.263643524202,0,137.5749969482422,0.0,-115.58817083128815,0,227.44000244140625,0.0,-1102.323534927331
2026-09-08,2026-09-08T10:45:00-04:00,open_before_orders,97115.608236545,100684.4881193575,3568.8798828125,3568.8798828125,0.03544617397847555,0.03544617397847555,1125.8980195587155,5629490.097793579,-2.5227073526368216e-05,2,1784.43994140625,0.03544617397847555,347.13618159183306,0,364.5350036621094,0.0,1555.263643524202,0,137.60000610351562,0.0,-115.58817083128815,0,227.44000244140625,0.0,-1102.323534927331
2026-09-08,2026-09-08T10:45:00-04:00,after_fill,100683.77434338094,100683.77434338094,0.0,0.0,0.0,0.0,1126.6117955352781,5633058.977676392,-3.231612948140228e-05,0,1784.43994140625,0.0,346.4224056152707,0,364.5350036621094,0.0,1555.263643524202,0,137.60000610351562,0.0,-115.58817083128815,0,227.44000244140625,0.0,-1102.323534927331
2026-09-08,2026-09-08T10:50:00-04:00,bar_close,100683.77434338094,100683.77434338094,0.0,0.0,0.0,0.0,1126.6117955352781,5633058.977676392,-3.231612948140228e-05,0,1778.75,0.0,346.4224056152707,0,363.7850036621094,0.0,1555.263643524202,0,138.14500427246094,0.0,-115.58817083128815,0,227.19000244140625,0.0,-1102.323534927331
2026-09-08,2026-09-08T10:50:00-04:00,open_before_orders,100683.77434338094,100683.77434338094,0.0,0.0,0.0,0.0,1126.6117955352781,5633058.977676392,-3.231612948140228e-05,0,1779.4200439453125,0.0,346.4224056152707,0,363.82000732421875,0.0,1555.263643524202,0,138.17999267578125,0.0,-115.58817083128815,0,227.17999267578125,0.0,-1102.323534927331
2026-09-08,2026-09-08T10:50:00-04:00,after_fill,84665.79099179403,100680.57138730184,16014.780395507812,16014.780395507812,0.15906525136713368,0.15906525136713368,1129.8147516143797,5649073.758071899,-6.412713967485217e-05,9,1779.4200439453125,0.15906525136713368,343.2194495361691,0,363.82000732421875,0.0,1555.263643524202,0,138.17999267578125,0.0,-115.58817083128815,0,227.17999267578125,0.0,-1102.323534927331
2026-09-08,2026-09-08T10:55:00-04:00,bar_close,84665.79099179403,100708.83151913778,16043.04052734375,16043.04052734375,0.15930122795928855,0.15930122795928855,1129.8147516143797,5649073.758071899,0.0,9,1782.56005859375,0.15930122795928855,371.4795813721066,0,364.3450012207031,0.0,1555.263643524202,0,137.68499755859375,0.0,-115.58817083128815,0,227.10960388183594,0.0,-1102.323534927331
2026-09-08,2026-09-08T10:55:00-04:00,open_before_orders,84665.79099179403,100708.42612362996,16042.635131835938,16042.635131835938,0.15929784377865217,0.15929784377865217,1129.8147516143797,5649073.758071899,-4.025421620923453e-06,9,1782.5150146484375,0.15929784377865217,371.0741858642941,0,364.3699951171875,0.0,1555.263643524202,0,137.6750030517578,0.0,-115.58817083128815,0,227.10499572753906,0.0,-1102.323534927331
2026-09-08,2026-09-08T11:00:00-04:00,bar_close,84665.79099179403,100683.0905523409,16017.299560546875,16017.299560546875,0.1590862921735617,0.1590862921735617,1129.8147516143797,5649073.758071899,-0.000255597909424532,9,1779.699951171875,0.1590862921735617,345.7386145752316,0,365.1099853515625,0.0,1555.263643524202,0,137.66000366210938,0.0,-115.58817083128815,0,227.05499267578125,0.0,-1102.323534927331
2026-09-08,2026-09-08T11:00:00-04:00,open_before_orders,84665.79099179403,100682.2995367159,16016.508544921875,16016.508544921875,0.15907968549209706,0.15907968549209706,1129.8147516143797,5649073.758071899,-0.00026345239063596537,9,1779.612060546875,0.15907968549209706,344.9475989502316,0,365.1099853515625,0.0,1555.263643524202,0,137.68370056152344,0.0,-115.58817083128815,0,227.05999755859375,0.0,-1102.323534927331
2026-09-08,2026-09-08T11:05:00-04:00,bar_close,84665.79099179403,100639.03647519246,15973.245483398438,15973.245483398438,0.1587181877216784,0.1587181877216784,1129.8147516143797,5649073.758071899,-0.0006930379678971033,9,1774.8050537109375,0.1587181877216784,301.6845374267941,0,365.7650146484375,0.0,1555.263643524202,0,137.9250030517578,0.0,-115.58817083128815,0,227.05999755859375,0.0,-1102.323534927331
2026-09-08,2026-09-08T11:05:00-04:00,open_before_orders,84665.79099179403,100642.68064023153,15976.8896484375,15976.8896484375,0.15874864964646818,0.15874864964646818,1129.8147516143797,5649073.758071899,-0.0006568528093157111,9,1775.2099609375,0.15874864964646818,305.3287024658566,0,365.7401123046875,0.0,1555.263643524202,0,137.92999267578125,0.0,-115.58817083128815,0,227.0500030517578,0.0,-1102.323534927331
2026-09-08,2026-09-08T11:10:00-04:00,bar_close,84665.79099179403,100643.08603573934,15977.295043945312,15977.295043945312,0.1587520382500157,0.1587520382500157,1129.8147516143797,5649073.758071899,-0.0006528273876947877,9,1775.2550048828125,0.1587520382500157,305.7340979736691,0,364.8999938964844,0.0,1555.263643524202,0,138.15499877929688,0.0,-115.58817083128815,0,227.21499633789062,0.0,-1102.323534927331
2026-09-08,2026-09-08T11:10:00-04:00,open_before_orders,84665.79099179403,100647.63107968465,15981.840087890625,15981.840087890625,0.15879002731060304,0.15879002731060304,1129.8147516143797,5649073.758071899,-0.000607696847733652,9,1775.760009765625,0.15879002731060304,310.2791419189816,0,364.8756103515625,0.0,1555.263643524202,0,138.19000244140625,0.0,-115.58817083128815,0,227.22000122070312,0.0,-1102.323534927331
2026-09-08,2026-09-08T11:10:00-04:00,after_fill,100644.43471166707,100644.43471166707,0.0,0.0,0.0,0.0,1133.0111196319579,5665055.59815979,-0.0006394355539560692,0,1775.760009765625,0.0,307.0827739014039,0,364.8756103515625,0.0,1555.263643524202,0,138.19000244140625,0.0,-115.58817083128815,0,227.22000122070312,0.0,-1102.323534927331
2026-09-08,2026-09-08T11:15:00-04:00,bar_close,100644.43471166707,100644.43471166707,0.0,0.0,0.0,0.0,1133.0111196319579,5665055.59815979,-0.0006394355539560692,0,1780.510009765625,0.0,307.0827739014039,0,364.7300109863281,0.0,1555.263643524202,0,138.2100067138672,0.0,-115.58817083128815,0,227.38009643554688,0.0,-1102.323534927331
2026-09-08,2026-09-08T11:15:00-04:00,open_before_orders,100644.43471166707,100644.43471166707,0.0,0.0,0.0,0.0,1133.0111196319579,5665055.59815979,-0.0006394355539560692,0,1780.9599609375,0.0,307.0827739014039,0,364.7250061035156,0.0,1555.263643524202,0,138.13999938964844,0.0,-115.58817083128815,0,227.3896942138672,0.0,-1102.323534927331
2026-09-08,2026-09-08T11:20:00-04:00,bar_close,100644.43471166707,100644.43471166707,0.0,0.0,0.0,0.0,1133.0111196319579,5665055.59815979,-0.0006394355539560692,0,1798.85009765625,0.0,307.0827739014039,0,365.57501220703125,0.0,1555.263643524202,0,137.9600067138672,0.0,-115.58817083128815,0,227.10000610351562,0.0,-1102.323534927331
2026-09-08,2026-09-08T11:20:00-04:00,open_before_orders,100644.43471166707,100644.43471166707,0.0,0.0,0.0,0.0,1133.0111196319579,5665055.59815979,-0.0006394355539560692,0,1799.0,0.0,307.0827739014039,0,365.510009765625,0.0,1555.263643524202,0,138.0,0.0,-115.58817083128815,0,227.10000610351562,0.0,-1102.323534927331
2026-09-08,2026-09-08T11:25:00-04:00,bar_close,100644.43471166707,100644.43471166707,0.0,0.0,0.0,0.0,1133.0111196319579,5665055.59815979,-0.0006394355539560692,0,1790.0450439453125,0.0,307.0827739014039,0,366.6499938964844,0.0,1555.263643524202,0,137.55999755859375,0.0,-115.58817083128815,0,227.00999450683594,0.0,-1102.323534927331
2026-09-08,2026-09-08T11:25:00-04:00,open_before_orders,100644.43471166707,100644.43471166707,0.0,0.0,0.0,0.0,1133.0111196319579,5665055.59815979,-0.0006394355539560692,0,1790.6142578125,0.0,307.0827739014039,0,366.6499938964844,0.0,1555.263643524202,0,137.5800018310547,0.0,-115.58817083128815,0,227.00880432128906,0.0,-1102.323534927331
2026-09-08,2026-09-08T11:25:00-04:00,after_fill,84525.68328569051,100641.21160600301,16115.5283203125,16115.5283203125,0.16012852054487037,0.16012852054487037,1136.2342252960204,5681171.126480103,-0.0006714397547340489,9,1790.6142578125,0.16012852054487037,303.8596682373409,0,366.6499938964844,0.0,1555.263643524202,0,137.5800018310547,0.0,-115.58817083128815,0,227.00880432128906,0.0,-1102.323534927331
2026-09-08,2026-09-08T11:30:00-04:00,bar_close,84525.68328569051,100572.68328569051,16047.0,16047.0,0.15955624803622168,0.15955624803622168,1136.2342252960204,5681171.126480103,-0.0013518996436910902,9,1783.0,0.15955624803622168,235.33134792484088,0,367.82989501953125,0.0,1555.263643524202,0,137.22999572753906,0.0,-115.58817083128815,0,226.8699951171875,0.0,-1102.323534927331
2026-09-08,2026-09-08T11:30:00-04:00,open_before_orders,84525.68328569051,100574.58721635457,16048.903930664062,16048.903930664062,0.1595721580854207,0.1595721580854207,1136.2342252960204,5681171.126480103,-0.0013329943437750957,9,1783.2115478515625,0.1595721580854207,237.23527858890338,0,367.82000732421875,0.0,1555.263643524202,0,137.22999572753906,0.0,-115.58817083128815,0,226.87159729003906,0.0,-1102.323534927331
2026-09-08,2026-09-08T11:30:00-04:00,after_fill,131964.97447432578,100565.09746016562,63497.68487548828,-31399.877014160156,0.6314087738108151,-0.3122343418062894,1145.7239814849852,5728619.907424927,-0.001427223976328662,9,1783.2115478515625,0.1595872160022628,237.23527858890338,-129,367.82000732421875,-0.47182155780855217,1545.7738873352355,0,137.22999572753906,0.0,-115.58817083128815,0,226.87159729003906,0.0,-1102.323534927331
2026-09-08,2026-09-08T11:35:00-04:00,bar_close,131964.97447432578,100846.98036421835,63444.19454956055,-31117.994110107422,0.6291134778694004,-0.30856644391058474,1145.7239814849852,5728619.907424927,0.0,9,1795.9000244140625,0.16027351697940787,351.4315676514034,-129,366.5201110839844,-0.4688399608899926,1713.4605023254699,0,137.85000610351562,0.0,-115.58817083128815,0,226.69000244140625,0.0,-1102.323534927331
2026-09-08,2026-09-08T11:35:00-04:00,open_before_orders,131964.97447432578,100845.1331962496,63447.48092651367,-31119.841278076172,0.6291575896185465,-0.30859041276206584,1145.7239814849852,5728619.907424927,-1.8316542171881167e-05,9,1795.97998046875,0.16028358842824036,352.1511721435909,-129,366.5400085449219,-0.4688740011903062,1710.8937298645324,0,137.85000610351562,0.0,-115.58817083128815,0,226.6894989013672,0.0,-1102.323534927331
2026-09-08,2026-09-08T11:35:00-04:00,after_fill,148125.56153457967,100841.90043228475,47283.66110229492,-47283.66110229492,0.4688890322336384,-0.4688890322336384,1148.956745449829,5744783.7272491455,-5.0372672689480424e-05,0,1795.97998046875,0.0,348.918408178748,-129,366.5400085449219,-0.4688890322336384,1710.8937298645324,0,137.85000610351562,0.0,-115.58817083128815,0,226.6894989013672,0.0,-1102.323534927331
2026-09-08,2026-09-08T11:35:00-04:00,after_fill,171212.96366880208,100837.28202817708,70375.681640625,-70375.681640625,0.6979133136587303,-0.6979133136587303,1153.575149557495,5767875.747787476,-9.616882931196002e-05,0,1795.97998046875,0.0,348.918408178748,-192,366.5400085449219,-0.6979133136587303,1706.2753257568693,0,137.85000610351562,0.0,-115.58817083128815,0,226.6894989013672,0.0,-1102.323534927331
2026-09-08,2026-09-08T11:40:00-04:00,bar_close,171212.96366880208,101004.32109067708,70208.642578125,-70208.642578125,0.6951053362865028,-0.6951053362865028,1153.575149557495,5767875.747787476,0.0,0,1794.6700439453125,0.0,348.918408178748,-192,365.6700134277344,-0.6951053362865028,1873.3143882568693,0,137.8000030517578,0.0,-115.58817083128815,0,226.66000366210938,0.0,-1102.323534927331
2026-09-08,2026-09-08T11:40:00-04:00,open_before_orders,171212.96366880208,101025.44413755208,70187.51953125,-70187.51953125,0.6947509128065358,-0.6947509128065358,1153.575149557495,5767875.747787476,0.0,0,1793.825439453125,0.0,348.918408178748,-192,365.55999755859375,-0.6947509128065358,1894.4374351318693,0,137.82000732421875,0.0,-115.58817083128815,0,226.6649932861328,0.0,-1102.323534927331
2026-09-08,2026-09-08T11:40:00-04:00,after_fill,170847.33055924397,101025.37102555257,69821.9595336914,-69821.9595336914,0.6911329186411123,-0.6911329186411123,1153.6482615570067,5768241.307785034,-7.236988676107003e-07,0,1793.825439453125,0.0,348.918408178748,-191,365.55999755859375,-0.6911329186411123,1894.3643231323513,0,137.82000732421875,0.0,-115.58817083128815,0,226.6649932861328,0.0,-1102.323534927331
2026-09-08,2026-09-08T11:45:00-04:00,bar_close,170847.33055924397,100928.91509293538,69918.4154663086,-69918.4154663086,0.6927491036828018,-0.6927491036828018,1153.6482615570067,5768241.307785034,-0.0009554924053120084,0,1800.0001220703125,0.0,348.918408178748,-191,366.06500244140625,-0.6927491036828018,1797.9083905151638,0,138.05499267578125,0.0,-115.58817083128815,0,226.9145965576172,0.0,-1102.323534927331
2026-09-08,2026-09-08T11:45:00-04:00,open_before_orders,170847.33055924397,100916.49962662678,69930.83093261719,-69930.83093261719,0.6929573577298945,-0.6929573577298945,1153.6482615570067,5768241.307785034,-0.0010783868544737008,0,1800.8175048828125,0.0,348.918408178748,-191,366.1300048828125,-0.6929573577298945,1785.49292420657,0,138.0800018310547,0.0,-115.58817083128815,0,226.9199981689453,0.0,-1102.323534927331
2026-09-08,2026-09-08T11:45:00-04:00,after_fill,100902.51346044027,100902.51346044027,0.0,0.0,0.0,0.0,1167.63442774353,5838172.138717651,-0.0012168288707984365,0,1800.8175048828125,0.0,348.918408178748,0,366.1300048828125,0.0,1771.5067580200557,0,138.0800018310547,0.0,-115.58817083128815,0,226.9199981689453,0.0,-1102.323534927331
2026-09-08,2026-09-08T11:45:00-04:00,after_fill,99101.33579205647,100902.15329693929,1800.8175048828125,1800.8175048828125,0.017847166250092677,0.017847166250092677,1167.9945912445066,5839972.956222534,-0.0012203939479338288,1,1800.8175048828125,0.017847166250092677,348.5582446777714,0,366.1300048828125,0.0,1771.5067580200557,0,138.0800018310547,0.0,-115.58817083128815,0,226.9199981689453,0.0,-1102.323534927331
2026-09-08,2026-09-08T11:50:00-04:00,bar_close,99101.33579205647,100904.75119732991,1803.4154052734375,1803.4154052734375,0.017872452821836585,0.017872452821836585,1167.9945912445066,5839972.956222534,-0.001194678640143776,1,1803.4154052734375,0.017872452821836585,351.1561450683964,0,366.0899963378906,0.0,1771.5067580200557,0,138.47999572753906,0.0,-115.58817083128815,0,226.63229370117188,0.0,-1102.323534927331
2026-09-08,2026-09-08T11:50:00-04:00,open_before_orders,99101.33579205647,100904.3858408846,1803.050048828125,1803.050048828125,0.017868896716455335,0.017868896716455335,1167.9945912445066,5839972.956222534,-0.0011982951196201075,1,1803.050048828125,0.017868896716455335,350.7907886230839,0,366.139892578125,0.0,1771.5067580200557,0,138.42999267578125,0.0,-115.58817083128815,0,226.63999938964844,0.0,-1102.323534927331
2026-09-08,2026-09-08T11:50:00-04:00,after_fill,100904.02523087483,100904.02523087483,0.0,0.0,0.0,0.0,1168.3552012542723,5841776.006271362,-0.0012018646165210534,0,1803.050048828125,0.0,350.4301786133183,0,366.139892578125,0.0,1771.5067580200557,0,138.42999267578125,0.0,-115.58817083128815,0,226.63999938964844,0.0,-1102.323534927331
2026-09-08,2026-09-08T11:55:00-04:00,bar_close,100904.02523087483,100904.02523087483,0.0,0.0,0.0,0.0,1168.3552012542723,5841776.006271362,-0.0012018646165210534,0,1803.7503662109375,0.0,350.4301786133183,0,367.17498779296875,0.0,1771.5067580200557,0,138.64990234375,0.0,-115.58817083128815,0,226.35989379882812,0.0,-1102.323534927331
2026-09-08,2026-09-08T11:55:00-04:00,open_before_orders,100904.02523087483,100904.02523087483,0.0,0.0,0.0,0.0,1168.3552012542723,5841776.006271362,-0.0012018646165210534,0,1804.989990234375,0.0,350.4301786133183,0,367.20001220703125,0.0,1771.5067580200557,0,138.6699981689453,0.0,-115.58817083128815,0,226.35989379882812,0.0,-1102.323534927331
2026-09-08,2026-09-08T12:00:00-04:00,bar_close,100904.02523087483,100904.02523087483,0.0,0.0,0.0,0.0,1168.3552012542723,5841776.006271362,-0.0012018646165210534,0,1798.3399658203125,0.0,350.4301786133183,0,367.7701110839844,0.0,1771.5067580200557,0,139.2050018310547,0.0,-115.58817083128815,0,226.25999450683594,0.0,-1102.323534927331
2026-09-08,2026-09-08T12:00:00-04:00,open_before_orders,100904.02523087483,100904.02523087483,0.0,0.0,0.0,0.0,1168.3552012542723,5841776.006271362,-0.0012018646165210534,0,1799.06005859375,0.0,350.4301786133183,0,367.7799987792969,0.0,1771.5067580200557,0,139.22999572753906,0.0,-115.58817083128815,0,226.27000427246094,0.0,-1102.323534927331
2026-09-08,2026-09-08T12:05:00-04:00,bar_close,100904.02523087483,100904.02523087483,0.0,0.0,0.0,0.0,1168.3552012542723,5841776.006271362,-0.0012018646165210534,0,1800.030029296875,0.0,350.4301786133183,0,367.6001892089844,0.0,1771.5067580200557,0,139.15499877929688,0.0,-115.58817083128815,0,226.17999267578125,0.0,-1102.323534927331
2026-09-08,2026-09-08T12:05:00-04:00,open_before_orders,100904.02523087483,100904.02523087483,0.0,0.0,0.0,0.0,1168.3552012542723,5841776.006271362,-0.0012018646165210534,0,1799.699951171875,0.0,350.4301786133183,0,367.6299133300781,0.0,1771.5067580200557,0,139.15499877929688,0.0,-115.58817083128815,0,226.19000244140625,0.0,-1102.323534927331
2026-09-08,2026-09-08T12:10:00-04:00,bar_close,100904.02523087483,100904.02523087483,0.0,0.0,0.0,0.0,1168.3552012542723,5841776.006271362,-0.0012018646165210534,0,1797.02001953125,0.0,350.4301786133183,0,367.2799987792969,0.0,1771.5067580200557,0,138.38499450683594,0.0,-115.58817083128815,0,225.9149932861328,0.0,-1102.323534927331
2026-09-08,2026-09-08T12:10:00-04:00,open_before_orders,100904.02523087483,100904.02523087483,0.0,0.0,0.0,0.0,1168.3552012542723,5841776.006271362,-0.0012018646165210534,0,1797.02001953125,0.0,350.4301786133183,0,367.2749938964844,0.0,1771.5067580200557,0,138.3300018310547,0.0,-115.58817083128815,0,225.91949462890625,0.0,-1102.323534927331
2026-09-08,2026-09-08T12:15:00-04:00,bar_close,100904.02523087483,100904.02523087483,0.0,0.0,0.0,0.0,1168.3552012542723,5841776.006271362,-0.0012018646165210534,0,1798.7899169921875,0.0,350.4301786133183,0,367.5950927734375,0.0,1771.5067580200557,0,137.67999267578125,0.0,-115.58817083128815,0,226.0522003173828,0.0,-1102.323534927331
2026-09-08,2026-09-08T12:15:00-04:00,open_before_orders,100904.02523087483,100904.02523087483,0.0,0.0,0.0,0.0,1168.3552012542723,5841776.006271362,-0.0012018646165210534,0,1798.6600341796875,0.0,350.4301786133183,0,367.6001892089844,0.0,1771.5067580200557,0,137.64999389648438,0.0,-115.58817083128815,0,226.05999755859375,0.0,-1102.323534927331
2026-09-08,2026-09-08T12:20:00-04:00,bar_close,100904.02523087483,100904.02523087483,0.0,0.0,0.0,0.0,1168.3552012542723,5841776.006271362,-0.0012018646165210534,0,1796.0899658203125,0.0,350.4301786133183,0,367.5,0.0,1771.5067580200557,0,137.5,0.0,-115.58817083128815,0,225.88999938964844,0.0,-1102.323534927331
2026-09-08,2026-09-08T12:20:00-04:00,open_before_orders,100904.02523087483,100904.02523087483,0.0,0.0,0.0,0.0,1168.3552012542723,5841776.006271362,-0.0012018646165210534,0,1796.3299560546875,0.0,350.4301786133183,0,367.5,0.0,1771.5067580200557,0,137.5,0.0,-115.58817083128815,0,225.88999938964844,0.0,-1102.323534927331
2026-09-08,2026-09-08T12:25:00-04:00,bar_close,100904.02523087483,100904.02523087483,0.0,0.0,0.0,0.0,1168.3552012542723,5841776.006271362,-0.0012018646165210534,0,1798.31005859375,0.0,350.4301786133183,0,368.1900939941406,0.0,1771.5067580200557,0,137.5500030517578,0.0,-115.58817083128815,0,225.97000122070312,0.0,-1102.323534927331
2026-09-08,2026-09-08T12:25:00-04:00,open_before_orders,100904.02523087483,100904.02523087483,0.0,0.0,0.0,0.0,1168.3552012542723,5841776.006271362,-0.0012018646165210534,0,1798.4449462890625,0.0,350.4301786133183,0,368.2099914550781,0.0,1771.5067580200557,0,137.66000366210938,0.0,-115.58817083128815,0,225.97000122070312,0.0,-1102.323534927331
2026-09-08,2026-09-08T12:30:00-04:00,bar_close,100904.02523087483,100904.02523087483,0.0,0.0,0.0,0.0,1168.3552012542723,5841776.006271362,-0.0012018646165210534,0,1795.6300048828125,0.0,350.4301786133183,0,368.2200012207031,0.0,1771.5067580200557,0,137.41000366210938,0.0,-115.58817083128815,0,225.66000366210938,0.0,-1102.323534927331
2026-09-08,2026-09-08T12:30:00-04:00,open_before_orders,100904.02523087483,100904.02523087483,0.0,0.0,0.0,0.0,1168.3552012542723,5841776.006271362,-0.0012018646165210534,0,1795.6500244140625,0.0,350.4301786133183,0,368.19000244140625,0.0,1771.5067580200557,0,137.42999267578125,0.0,-115.58817083128815,0,225.6699981689453,0.0,-1102.323534927331
2026-09-08,2026-09-08T12:35:00-04:00,bar_close,100904.02523087483,100904.02523087483,0.0,0.0,0.0,0.0,1168.3552012542723,5841776.006271362,-0.0012018646165210534,0,1794.7249755859375,0.0,350.4301786133183,0,368.44158935546875,0.0,1771.5067580200557,0,137.8000030517578,0.0,-115.58817083128815,0,225.66000366210938,0.0,-1102.323534927331
2026-09-08,2026-09-08T12:35:00-04:00,open_before_orders,100904.02523087483,100904.02523087483,0.0,0.0,0.0,0.0,1168.3552012542723,5841776.006271362,-0.0012018646165210534,0,1795.4461669921875,0.0,350.4301786133183,0,368.4599914550781,0.0,1771.5067580200557,0,137.74000549316406,0.0,-115.58817083128815,0,225.64999389648438,0.0,-1102.323534927331
2026-09-08,2026-09-08T12:35:00-04:00,after_fill,93720.80420597248,100902.58887394123,7181.78466796875,7181.78466796875,0.07117542521075486,0.07117542521075486,1169.791558187866,5848957.790939331,-0.0012160823905270624,4,1795.4461669921875,0.07117542521075486,348.99382167972453,0,368.4599914550781,0.0,1771.5067580200557,0,137.74000549316406,0.0,-115.58817083128815,0,225.64999389648438,0.0,-1102.323534927331
2026-09-08,2026-09-08T12:40:00-04:00,bar_close,93720.80420597248,100884.20410831623,7163.39990234375,7163.39990234375,0.071006159642719,0.071006159642719,1169.791558187866,5848957.790939331,-0.0013980639277719753,4,1790.8499755859375,0.071006159642719,330.60905605472453,0,368.8299865722656,0.0,1771.5067580200557,0,138.53500366210938,0.0,-115.58817083128815,0,226.02999877929688,0.0,-1102.323534927331
2026-09-08,2026-09-08T12:40:00-04:00,open_before_orders,93720.80420597248,100883.28418644123,7162.47998046875,7162.47998046875,0.07099768844987098,0.07099768844987098,1169.791558187866,5848957.790939331,-0.001407169771184491,4,1790.6199951171875,0.07099768844987098,329.68913417972453,0,368.8299865722656,0.0,1771.5067580200557,0,138.5800018310547,0.0,-115.58817083128815,0,226.03030395507812,0.0,-1102.323534927331
2026-09-08,2026-09-08T12:45:00-04:00,bar_close,93720.80420597248,100870.75488956623,7149.95068359375,7149.95068359375,0.07088229577959984,0.07088229577959984,1169.791558187866,5848957.790939331,-0.0015311909718034311,4,1787.4876708984375,0.07088229577959984,317.15983730472453,0,369.19000244140625,0.0,1771.5067580200557,0,138.36000061035156,0.0,-115.58817083128815,0,225.8300018310547,0.0,-1102.323534927331
2026-09-08,2026-09-08T12:45:00-04:00,open_before_orders,93720.80420597248,100872.40430362873,7151.60009765625,7151.60009765625,0.07089748823800943,0.07089748823800943,1169.791558187866,5848957.790939331,-0.0015148642525637523,4,1787.9000244140625,0.07089748823800943,318.80925136722453,0,369.17999267578125,0.0,1771.5067580200557,0,138.36000061035156,0.0,-115.58817083128815,0,225.83999633789062,0.0,-1102.323534927331
2026-09-08,2026-09-08T12:50:00-04:00,bar_close,93720.80420597248,100853.12158878498,7132.3173828125,7132.3173828125,0.07071984754119524,0.07071984754119524,1169.791558187866,5848957.790939331,-0.00170573413696129,4,1783.079345703125,0.07071984754119524,299.52653652347453,0,369.04998779296875,0.0,1771.5067580200557,0,138.36000061035156,0.0,-115.58817083128815,0,226.00999450683594,0.0,-1102.323534927331
2026-09-08,2026-09-08T12:50:00-04:00,open_before_orders,93720.80420597248,100852.60401065998,7131.7998046875,7131.7998046875,0.07071507845185315,0.07071507845185315,1169.791558187866,5848957.790939331,-0.0017108573821934536,4,1782.949951171875,0.07071507845185315,299.00895839847453,0,369.04998779296875,0.0,1771.5067580200557,0,138.3300018310547,0.0,-115.58817083128815,0,226.00999450683594,0.0,-1102.323534927331
2026-09-08,2026-09-08T12:55:00-04:00,bar_close,93720.80420597248,100848.80420597248,7128.0,7128.0,0.0706800646385638,0.0706800646385638,1169.791558187866,5848957.790939331,-0.001748469735397551,4,1782.0,0.0706800646385638,295.20915371097453,0,369.0299987792969,0.0,1771.5067580200557,0,137.77870178222656,0.0,-115.58817083128815,0,225.9918975830078,0.0,-1102.323534927331
2026-09-08,2026-09-08T12:55:00-04:00,open_before_orders,93720.80420597248,100847.86426456623,7127.06005859375,7127.06005859375,0.07067140301450989,0.07067140301450989,1169.791558187866,5848957.790939331,-0.0017577737420689798,4,1781.7650146484375,0.07067140301450989,294.26921230472453,0,369.05999755859375,0.0,1771.5067580200557,0,137.7899932861328,0.0,-115.58817083128815,0,226.0,0.0,-1102.323534927331
2026-09-08,2026-09-08T12:55:00-04:00,after_fill,91938.68283832111,100847.5079115633,8908.825073242188,8908.825073242188,0.08833956592219064,0.08833956592219064,1170.1479111907956,5850739.5559539795,-0.0017613011010030322,5,1781.7650146484375,0.08833956592219064,293.91285930179583,0,369.05999755859375,0.0,1771.5067580200557,0,137.7899932861328,0.0,-115.58817083128815,0,226.0,0.0,-1102.323534927331
2026-09-08,2026-09-08T13:00:00-04:00,bar_close,91938.68283832111,100835.20017230549,8896.517333984375,8896.517333984375,0.08822829050551946,0.08822829050551946,1170.1479111907956,5850739.5559539795,-0.0018831292143350886,5,1779.303466796875,0.08822829050551946,281.60512004398333,0,368.2699890136719,0.0,1771.5067580200557,0,137.4149932861328,0.0,-115.58817083128815,0,225.75,0.0,-1102.323534927331
2026-09-08,2026-09-08T13:00:00-04:00,open_before_orders,91938.68283832111,100833.43259418049,8894.749755859375,8894.749755859375,0.08821230743634059,0.08821230743634059,1170.1479111907956,5850739.5559539795,-0.0019006255801277128,5,1778.949951171875,0.08821230743634059,279.83754191898333,0,368.2300109863281,0.0,1771.5067580200557,0,137.4250030517578,0.0,-115.58817083128815,0,225.75,0.0,-1102.323534927331
2026-09-08,2026-09-08T13:00:00-04:00,after_fill,86600.76561483479,100832.36522420979,14231.599609375,14231.599609375,0.14114118594490732,0.14114118594490732,1171.2152811614988,5856076.405807495,-0.001911190937991858,8,1778.949951171875,0.14114118594490732,278.7701719482793,0,368.2300109863281,0.0,1771.5067580200557,0,137.4250030517578,0.0,-115.58817083128815,0,225.75,0.0,-1102.323534927331
2026-09-08,2026-09-08T13:00:00-04:00,after_fill,137406.34398264484,100822.20207590656,65047.34112548828,-36584.14190673828,0.6451688198251784,-0.3628579931153951,1181.3784294647214,5906892.147323608,-0.0020117908253766137,8,1778.949951171875,0.1411554133548916,278.7701719482793,-138,368.2300109863281,-0.5040134064702867,1761.3436097168305,0,137.4250030517578,0.0,-115.58817083128815,0,225.75,0.0,-1102.323534927331
2026-09-08,2026-09-08T13:05:00-04:00,bar_close,137406.34398264484,100770.19420237141,65154.19665527344,-36636.14978027344,0.6465621821113864,-0.3635613692149785,1181.3784294647214,5906892.147323608,-0.0025265905768564467,8,1782.3779296875,0.14150040644820397,306.1940000732793,-138,368.80560302734375,-0.5050617756631824,1681.9119080566743,0,137.8800048828125,0.0,-115.58817083128815,0,226.28500366210938,0.0,-1102.323534927331
2026-09-08,2026-09-08T13:05:00-04:00,open_before_orders,137406.34398264484,100768.18590159016,65150.63854980469,-36638.15808105469,0.6465397582271707,-0.3635885448690659,1181.3784294647214,5906892.147323608,-0.002546469735007051,8,1782.030029296875,0.14147560667905237,303.4107969482793,-138,368.79998779296875,-0.5050641515481182,1682.6868104004243,0,137.88999938964844,0.0,-115.58817083128815,0,226.28709411621094,0.0,-1102.323534927331
2026-09-08,2026-09-08T13:05:00-04:00,after_fill,124864.63655776692,100765.67806167317,52611.43896484375,-24098.95849609375,0.5221166569498312,-0.239158401547639,1183.8862693817136,5919431.346908569,-0.0025712935795186853,8,1782.030029296875,0.14147912770109614,303.4107969482793,-104,368.79998779296875,-0.3806375292487351,1680.1789704834373,0,137.88999938964844,0.0,-115.58817083128815,0,226.28709411621094,0.0,-1102.323534927331
2026-09-08,2026-09-08T13:10:00-04:00,bar_close,124864.63655776692,100791.0376808138,52617.038330078125,-24073.598876953125,0.5220408435193054,-0.2388466219902376,1183.8862693817136,5919431.346908569,-0.0023202714795208523,8,1783.9649658203125,0.14159711076453388,318.8902891357793,-104,368.7049865722656,-0.38044373275477145,1690.0590974365623,0,137.52000427246094,0.0,-115.58817083128815,0,225.9799041748047,0.0,-1102.323534927331
2026-09-08,2026-09-08T13:10:00-04:00,open_before_orders,124864.63655776692,100786.0132667513,52617.218994140625,-24078.623291015625,0.5220686610043611,-0.238908381337463,1183.8862693817136,5919431.346908569,-0.0023700056242741407,8,1783.6622314453125,0.14158013983344905,316.4684141357793,-104,368.7300109863281,-0.3804885211709121,1687.4565583740623,0,137.5,0.0,-115.58817083128815,0,225.97000122070312,0.0,-1102.323534927331
2026-09-08,2026-09-08T13:10:00-04:00,after_fill,90197.08340084553,100779.08114254475,17956.59796142578,10581.997741699219,0.1781778297425382,0.10500192720284625,1190.8183935882566,5954091.967941284,-0.0024386232311129907,8,1783.6622314453125,0.14158987847269222,316.4684141357793,-10,368.7300109863281,-0.03658795126984598,1680.5244341675207,0,137.5,0.0,-115.58817083128815,0,225.97000122070312,0.0,-1102.323534927331
2026-09-08,2026-09-08T13:15:00-04:00,bar_close,90197.08340084553,100783.46047604084,17953.783081054688,10586.377075195312,0.17814215741602585,0.10504081746341705,1190.8183935882566,5954091.967941284,-0.002395274414055182,8,1783.760009765625,0.14159148743972144,317.2506406982793,-10,368.37030029296875,-0.036550669976304406,1684.1215411011144,0,137.64999389648438,0.0,-115.58817083128815,0,226.07699584960938,0.0,-1102.323534927331
2026-09-08,2026-09-08T13:15:00-04:00,open_before_orders,90197.08340084553,100783.29421627522,17954.810668945312,10586.210815429688,0.17815264730695654,0.10503934107087512,1190.8183935882566,5954091.967941284,-0.0023969201357547654,8,1783.8138427734375,0.14159599418891583,317.6813047607793,-10,368.42999267578125,-0.03655665311804072,1683.5246172729894,0,137.59500122070312,0.0,-115.58817083128815,0,226.0767059326172,0.0,-1102.323534927331
2026-09-08,2026-09-08T13:15:00-04:00,after_fill,74139.5479509676,100780.08335135822,34009.13525390625,26640.535400390625,0.3374588919056288,0.2643432562712957,1194.029258505249,5970146.292526245,-0.002428702870732158,17,1783.8138427734375,0.30090107408846223,314.47043984378615,-10,368.42999267578125,-0.03655781781716654,1683.5246172729894,0,137.59500122070312,0.0,-115.58817083128815,0,226.0767059326172,0.0,-1102.323534927331
2026-09-08,2026-09-08T13:20:00-04:00,bar_close,74139.5479509676,100744.41672538166,33960.86853027344,26604.868774414062,0.33709926201515544,0.26408281112923654,1194.029258505249,5970146.292526245,-0.0027817488412898994,17,1781.34521484375,0.300591036572196,272.50376503909865,-10,367.79998779296875,-0.036508225442959445,1689.8246661011144,0,137.32000732421875,0.0,-115.58817083128815,0,226.14500427246094,0.0,-1102.323534927331
2026-09-08,2026-09-08T13:20:00-04:00,open_before_orders,74139.5479509676,100749.4571306551,33965.510986328125,26609.9091796875,0.33712847645700533,0.2641196284083092,1194.029258505249,5970146.292526245,-0.0027318564075918816,17,1781.6300048828125,0.3006240524326573,277.34519570316115,-10,367.78009033203125,-0.03650442402434808,1690.0236407104894,0,137.3300018310547,0.0,-115.58817083128815,0,226.14999389648438,0.0,-1102.323534927331
2026-09-08,2026-09-08T13:25:00-04:00,bar_close,74139.5479509676,100815.67856620197,34023.730712890625,26676.130615234375,0.33748451824929676,0.2646029962265952,1194.029258505249,5970146.292526245,-0.002076363763019007,17,1785.2900390625,0.30104375723794596,339.56577675784865,-10,367.3800048828125,-0.03644076101135078,1694.024495202677,0,137.0399932861328,0.0,-115.58817083128815,0,225.75979614257812,0.0,-1102.323534927331
2026-09-08,2026-09-08T13:25:00-04:00,open_before_orders,74139.5479509676,100806.2276384676,34014.47998046875,26666.6796875,0.33742439110467065,0.26453405024873694,1194.029258505249,5970146.292526245,-0.002169913737632423,17,1784.739990234375,0.3009792206767038,330.21494667972365,-10,367.3900146484375,-0.03644517042796686,1693.924397546427,0,137.02999877929688,0.0,-115.58817083128815,0,225.7550048828125,0.0,-1102.323534927331
2026-09-08,2026-09-08T13:25:00-04:00,after_fill,104474.05966898517,100800.15952250079,3673.900146484375,-3673.900146484375,0.0364473644078339,-0.0364473644078339,1200.0973744720457,6000486.8723602295,-0.002229978961978629,0,1784.739990234375,0.0,324.14683071292893,-10,367.3900146484375,-0.0364473644078339,1693.924397546427,0,137.02999877929688,0.0,-115.58817083128815,0,225.7550048828125,0.0,-1102.323534927331
2026-09-08,2026-09-08T13:25:00-04:00,after_fill,104106.5961763338,100800.08604449786,3306.5101318359375,-3306.5101318359375,0.032802651878454644,-0.032802651878454644,1200.1708524749754,6000854.262374878,-0.0022307062837296776,0,1784.739990234375,0.0,324.14683071292893,-9,367.3900146484375,-0.032802651878454644,1693.8509195434972,0,137.02999877929688,0.0,-115.58817083128815,0,225.7550048828125,0.0,-1102.323534927331
2026-09-08,2026-09-08T13:30:00-04:00,bar_close,104106.5961763338,100798.91627521075,3307.679901123047,-3307.679901123047,0.032814637531341166,-0.032814637531341166,1200.1708524749754,6000854.262374878,-0.002242285240863673,0,1782.0899658203125,0.0,324.14683071292893,-9,367.5199890136719,-0.032814637531341166,1692.6811502563878,0,137.32989501953125,0.0,-115.58817083128815,0,225.64999389648438,0.0,-1102.323534927331
2026-09-08,2026-09-08T13:30:00-04:00,open_before_orders,104106.5961763338,100798.87123126544,3307.7249450683594,-3307.7249450683594,0.0328150990647441,-0.0328150990647441,1200.1708524749754,6000854.262374878,-0.002242731108196394,0,1782.0699462890625,0.0,324.14683071292893,-9,367.5249938964844,-0.0328150990647441,1692.6361063110753,0,137.3300018310547,0.0,-115.58817083128815,0,225.6699981689453,0.0,-1102.323534927331
2026-09-08,2026-09-08T13:30:00-04:00,after_fill,103738.99767743853,100798.79772626665,2940.199951171875,-2940.199951171875,0.029168998217185115,-0.029168998217185115,1200.2443574737547,6001221.787368774,-0.002243458697165801,0,1782.0699462890625,0.0,324.14683071292893,-8,367.5249938964844,-0.029168998217185115,1692.5626013122965,0,137.3300018310547,0.0,-115.58817083128815,0,225.6699981689453,0.0,-1102.323534927331
2026-09-08,2026-09-08T13:30:00-04:00,after_fill,101956.57131716021,100798.4413122774,4722.2698974609375,-1158.1300048828125,0.046848640077986586,-0.011489562634157027,1200.6007714630125,6003003.8573150635,-0.002246986659772632,1,1782.0699462890625,0.01767953872191478,323.7904167236711,-8,367.5249938964844,-0.029169101356071807,1692.5626013122965,0,137.3300018310547,0.0,-115.58817083128815,0,225.6699981689453,0.0,-1102.323534927331
2026-09-08,2026-09-08T13:35:00-04:00,bar_close,101956.57131716021,100798.88638063677,4727.5948486328125,-1157.6849365234375,0.04690126070223105,-0.011485096493544457,1200.6007714630125,6003003.8573150635,-0.0022425811521979977,1,1784.9549560546875,0.017708082104343298,326.6754264892961,-8,367.8299865722656,-0.029193178597887757,1690.1226599060465,0,137.77000427246094,0.0,-115.58817083128815,0,225.9499969482422,0.0,-1102.323534927331
2026-09-08,2026-09-08T13:35:00-04:00,open_before_orders,101956.57131716021,100799.16616579302,4727.3150634765625,-1157.4051513671875,0.04689835485048698,-0.01148228894536195,1200.6007714630125,6003003.8573150635,-0.0022398116998225692,1,1784.9549560546875,0.017708032952562517,326.6754264892961,-8,367.7950134277344,-0.029190321897924466,1690.4024450622965,0,137.74000549316406,0.0,-115.58817083128815,0,225.94500732421875,0.0,-1102.323534927331
2026-09-08,2026-09-08T13:35:00-04:00,after_fill,103741.1692822237,100798.80917480182,2942.360107421875,-2942.360107421875,0.029190425278927012,-0.029190425278927012,1200.9577624542235,6004788.812271118,-0.002243345373881156,0,1784.9549560546875,0.0,326.31843549808514,-8,367.7950134277344,-0.029190425278927012,1690.4024450622965,0,137.74000549316406,0.0,-115.58817083128815,0,225.94500732421875,0.0,-1102.323534927331
2026-09-08,2026-09-08T13:40:00-04:00,bar_close,103741.1692822237,100803.16122558307,2938.008056640625,-2938.008056640625,0.029145991265747934,-0.029145991265747934,1200.9577624542235,6004788.812271118,-0.0022002666146794247,0,1783.6600341796875,0.0,326.31843549808514,-8,367.2510070800781,-0.029145991265747934,1694.7544958435465,0,137.4199981689453,0.0,-115.58817083128815,0,226.1304931640625,0.0,-1102.323534927331
2026-09-08,2026-09-08T13:40:00-04:00,open_before_orders,103741.1692822237,100803.00937011432,2938.159912109375,-2938.159912109375,0.029147541630641725,-0.029147541630641725,1200.9577624542235,6004788.812271118,-0.0022017697554974625,0,1783.498046875,0.0,326.31843549808514,-8,367.2699890136719,-0.029147541630641725,1694.6026403747965,0,137.3699951171875,0.0,-115.58817083128815,0,226.13499450683594,0.0,-1102.323534927331
2026-09-08,2026-09-08T13:45:00-04:00,bar_close,103741.1692822237,100808.60922362994,2932.56005859375,-2932.56005859375,0.02909037314549466,-0.02909037314549466,1200.9577624542235,6004788.812271118,-0.002146339625361149,0,1785.260009765625,0.0,326.31843549808514,-8,366.57000732421875,-0.02909037314549466,1700.2024938904215,0,137.1898956298828,0.0,-115.58817083128815,0,225.89500427246094,0.0,-1102.323534927331
2026-09-08,2026-09-08T13:45:00-04:00,open_before_orders,103741.1692822237,100808.68930175494,2932.47998046875,-2932.47998046875,0.02908955567997549,-0.02908955567997549,1200.9577624542235,6004788.812271118,-0.002145546972325274,0,1785.5,0.0,326.31843549808514,-8,366.55999755859375,-0.02908955567997549,1700.2825720154215,0,137.16000366210938,0.0,-115.58817083128815,0,225.8979949951172,0.0,-1102.323534927331
2026-09-08,2026-09-08T13:50:00-04:00,bar_close,103741.1692822237,100808.36923339557,2932.800048828125,-2932.800048828125,0.02909282305755774,-0.02909282305755774,1200.9577624542235,6004788.812271118,-0.002148715167843762,0,1787.4599609375,0.0,326.31843549808514,-8,366.6000061035156,-0.02909282305755774,1699.9625036560465,0,137.11000061035156,0.0,-115.58817083128815,0,226.0,0.0,-1102.323534927331
2026-09-08,2026-09-08T13:50:00-04:00,open_before_orders,103741.1692822237,100808.3685009737,2932.80078125,-2932.80078125,0.029092830534418107,-0.029092830534418107,1200.9577624542235,6004788.812271118,-0.002148722417719129,0,1787.06005859375,0.0,326.31843549808514,-8,366.60009765625,-0.029092830534418107,1699.9617712341715,0,137.14999389648438,0.0,-115.58817083128815,0,225.99000549316406,0.0,-1102.323534927331
2026-09-08,2026-09-08T13:50:00-04:00,after_fill,100807.78194081744,100807.78194081744,0.0,0.0,0.0,0.0,1201.5443226104735,6007721.613052368,-0.002154528481342566,0,1787.06005859375,0.0,326.31843549808514,0,366.60009765625,0.0,1699.3752110779214,0,137.14999389648438,0.0,-115.58817083128815,0,225.99000549316406,0.0,-1102.323534927331
2026-09-08,2026-09-08T13:55:00-04:00,bar_close,100807.78194081744,100807.78194081744,0.0,0.0,0.0,0.0,1201.5443226104735,6007721.613052368,-0.002154528481342566,0,1791.3699951171875,0.0,326.31843549808514,0,366.4549865722656,0.0,1699.3752110779214,0,137.41000366210938,0.0,-115.58817083128815,0,226.10009765625,0.0,-1102.323534927331
2026-09-08,2026-09-08T13:55:00-04:00,open_before_orders,100807.78194081744,100807.78194081744,0.0,0.0,0.0,0.0,1201.5443226104735,6007721.613052368,-0.002154528481342566,0,1791.3699951171875,0.0,326.31843549808514,0,366.4549865722656,0.0,1699.3752110779214,0,137.47000122070312,0.0,-115.58817083128815,0,226.11000061035156,0.0,-1102.323534927331
2026-09-08,2026-09-08T14:00:00-04:00,bar_close,100807.78194081744,100807.78194081744,0.0,0.0,0.0,0.0,1201.5443226104735,6007721.613052368,-0.002154528481342566,0,1789.0,0.0,326.31843549808514,0,365.78009033203125,0.0,1699.3752110779214,0,137.1750030517578,0.0,-115.58817083128815,0,225.76499938964844,0.0,-1102.323534927331
2026-09-08,2026-09-08T14:00:00-04:00,open_before_orders,100807.78194081744,100807.78194081744,0.0,0.0,0.0,0.0,1201.5443226104735,6007721.613052368,-0.002154528481342566,0,1788.93994140625,0.0,326.31843549808514,0,365.7972106933594,0.0,1699.3752110779214,0,137.19000244140625,0.0,-115.58817083128815,0,225.76620483398438,0.0,-1102.323534927331
2026-09-08,2026-09-08T14:05:00-04:00,bar_close,100807.78194081744,100807.78194081744,0.0,0.0,0.0,0.0,1201.5443226104735,6007721.613052368,-0.002154528481342566,0,1791.4700927734375,0.0,326.31843549808514,0,366.18499755859375,0.0,1699.3752110779214,0,137.39999389648438,0.0,-115.58817083128815,0,225.88499450683594,0.0,-1102.323534927331
2026-09-08,2026-09-08T14:05:00-04:00,open_before_orders,100807.78194081744,100807.78194081744,0.0,0.0,0.0,0.0,1201.5443226104735,6007721.613052368,-0.002154528481342566,0,1791.47998046875,0.0,326.31843549808514,0,366.18499755859375,0.0,1699.3752110779214,0,137.41000366210938,0.0,-115.58817083128815,0,225.88999938964844,0.0,-1102.323534927331
2026-09-08,2026-09-08T14:10:00-04:00,bar_close,100807.78194081744,100807.78194081744,0.0,0.0,0.0,0.0,1201.5443226104735,6007721.613052368,-0.002154528481342566,0,1795.094970703125,0.0,326.31843549808514,0,366.01971435546875,0.0,1699.3752110779214,0,137.8699951171875,0.0,-115.58817083128815,0,225.9600067138672,0.0,-1102.323534927331
2026-09-08,2026-09-08T14:10:00-04:00,open_before_orders,100807.78194081744,100807.78194081744,0.0,0.0,0.0,0.0,1201.5443226104735,6007721.613052368,-0.002154528481342566,0,1794.3759765625,0.0,326.31843549808514,0,365.9700012207031,0.0,1699.3752110779214,0,137.88999938964844,0.0,-115.58817083128815,0,225.96499633789062,0.0,-1102.323534927331
2026-09-08,2026-09-08T14:15:00-04:00,bar_close,100807.78194081744,100807.78194081744,0.0,0.0,0.0,0.0,1201.5443226104735,6007721.613052368,-0.002154528481342566,0,1796.2850341796875,0.0,326.31843549808514,0,365.94000244140625,0.0,1699.3752110779214,0,137.85000610351562,0.0,-115.58817083128815,0,225.88499450683594,0.0,-1102.323534927331
2026-09-08,2026-09-08T14:15:00-04:00,open_before_orders,100807.78194081744,100807.78194081744,0.0,0.0,0.0,0.0,1201.5443226104735,6007721.613052368,-0.002154528481342566,0,1796.699951171875,0.0,326.31843549808514,0,365.9100036621094,0.0,1699.3752110779214,0,137.9499969482422,0.0,-115.58817083128815,0,225.88999938964844,0.0,-1102.323534927331
2026-09-08,2026-09-08T14:15:00-04:00,after_fill,86168.45451430377,100804.85466078814,14636.400146484375,14636.400146484375,0.14519538960436354,0.14519538960436354,1204.4716026397705,6022358.013198853,-0.0021835041523162735,0,1796.699951171875,0.0,326.31843549808514,40,365.9100036621094,0.14519538960436354,1696.447931048624,0,137.9499969482422,0.0,-115.58817083128815,0,225.88999938964844,0.0,-1102.323534927331
2026-09-08,2026-09-08T14:20:00-04:00,bar_close,86168.45451430377,100822.85392836627,14654.3994140625,14654.3994140625,0.14534799247474506,0.14534799247474506,1204.4716026397705,6022358.013198853,-0.0020053384661192775,0,1796.1700439453125,0.0,326.31843549808514,40,366.3599853515625,0.14534799247474506,1714.447198626749,0,138.01499938964844,0.0,-115.58817083128815,0,225.9600067138672,0.0,-1102.323534927331
2026-09-08,2026-09-08T14:20:00-04:00,open_before_orders,86168.45451430377,100820.85441664752,14652.39990234375,14652.39990234375,0.1453310427403435,0.1453310427403435,1204.4716026397705,6022358.013198853,-0.002025130625765925,0,1796.93505859375,0.0,326.31843549808514,40,366.30999755859375,0.1453310427403435,1712.447686907999,0,138.0500030517578,0.0,-115.58817083128815,0,225.97000122070312,0.0,-1102.323534927331
2026-09-08,2026-09-08T14:25:00-04:00,bar_close,86168.45451430377,100813.65837172564,14645.203857421875,14645.203857421875,0.1452700367585241,0.1452700367585241,1204.4716026397705,6022358.013198853,-0.0020963606508681565,0,1794.1199951171875,0.0,326.31843549808514,40,366.1300964355469,0.1452700367585241,1705.251641986124,0,137.9600067138672,0.0,-115.58817083128815,0,225.91000366210938,0.0,-1102.323534927331
2026-09-08,2026-09-08T14:25:00-04:00,open_before_orders,86168.45451430377,100813.65470961627,14645.2001953125,14645.2001953125,0.14527000571000573,0.14527000571000573,1204.4716026397705,6022358.013198853,-0.002096396900244768,0,1795.0,0.0,326.31843549808514,40,366.1300048828125,0.14527000571000573,1705.247979876749,0,137.9600067138672,0.0,-115.58817083128815,0,225.90499877929688,0.0,-1102.323534927331
2026-09-08,2026-09-08T14:30:00-04:00,bar_close,86168.45451430377,100790.25505141314,14621.800537109375,14621.800537109375,0.14507156996131015,0.14507156996131015,1204.4716026397705,6022358.013198853,-0.002328018333863646,0,1795.0699462890625,0.0,326.31843549808514,40,365.5450134277344,0.14507156996131015,1681.848321673624,0,137.57000732421875,0.0,-115.58817083128815,0,226.0800018310547,0.0,-1102.323534927331
2026-09-08,2026-09-08T14:30:00-04:00,open_before_orders,86168.45451430377,100791.6539771944,14623.199462890625,14623.199462890625,0.14508343583883782,0.14508343583883782,1204.4716026397705,6022358.013198853,-0.002314171071986282,0,1795.68994140625,0.0,326.31843549808514,40,365.5799865722656,0.14508343583883782,1683.247247454874,0,137.5749969482422,0.0,-115.58817083128815,0,226.0800018310547,0.0,-1102.323534927331
2026-09-08,2026-09-08T14:30:00-04:00,after_fill,96768.15376097735,100789.53361327227,4021.379852294922,4021.379852294922,0.03989878421032176,0.03989878421032176,1206.5919665618896,6032959.832809448,-0.0023351594867389025,0,1795.68994140625,0.0,326.31843549808514,11,365.5799865722656,0.03989878421032176,1681.1268835327555,0,137.5749969482422,0.0,-115.58817083128815,0,226.0800018310547,0.0,-1102.323534927331
2026-09-08,2026-09-08T14:30:00-04:00,after_fill,107540.13858148517,100787.37878534259,14795.519500732422,-6752.759796142578,0.14679932823973907,-0.06700005375201429,1208.7467944915772,6043733.972457886,-0.0023564890433478425,-6,1795.68994140625,-0.10689969099587668,324.1636075683982,11,365.5799865722656,0.0398996372438624,1681.1268835327555,0,137.5749969482422,0.0,-115.58817083128815,0,226.0800018310547,0.0,-1102.323534927331
2026-09-08,2026-09-08T14:35:00-04:00,bar_close,107540.13858148517,100764.43844720782,14812.299865722656,-6775.700134277344,0.14699927964649023,-0.06724297022532653,1208.7467944915772,6043733.972457886,-0.002583563898901353,-6,1799.0,-0.10712112493590839,304.3032560058982,11,365.29998779296875,0.039878154710581856,1678.04689696049,0,137.4324951171875,0.0,-115.58817083128815,0,226.14500427246094,0.0,-1102.323534927331
2026-09-08,2026-09-08T14:35:00-04:00,open_before_orders,107540.13858148517,100764.90857049884,14812.709930419922,-6775.230010986328,0.14700266333349973,-0.06723799095442168,1208.7467944915772,6043733.972457886,-0.002578910385174993,-6,1798.9949951171875,-0.1071203271439607,304.3332853027732,11,365.3399963378906,0.03988233618953903,1678.4869909546305,0,137.35000610351562,0.0,-115.58817083128815,0,226.14500427246094,0.0,-1102.323534927331
2026-09-08,2026-09-08T14:35:00-04:00,after_fill,96744.0098167879,100762.7497765047,4018.739959716797,4018.739959716797,0.03988319064962501,0.03988319064962501,1210.9055884857178,6054527.942428589,-0.002600279199858835,0,1798.9949951171875,0.0,302.17449130863133,11,365.3399963378906,0.03988319064962501,1678.4869909546305,0,137.35000610351562,0.0,-115.58817083128815,0,226.14500427246094,0.0,-1102.323534927331
2026-09-08,2026-09-08T14:40:00-04:00,bar_close,96744.0098167879,100768.46965565509,4024.4598388671875,4024.4598388671875,0.0399376893647341,0.0399376893647341,1210.9055884857178,6054527.942428589,-0.00254366099640313,0,1799.4000244140625,0.0,302.17449130863133,11,365.8599853515625,0.0399376893647341,1684.2068701050212,0,137.0,0.0,-115.58817083128815,0,226.0970001220703,0.0,-1102.323534927331
2026-09-08,2026-09-08T14:40:00-04:00,open_before_orders,96744.0098167879,100768.57976307697,4024.5699462890625,4024.5699462890625,0.03993873840190533,0.03993873840190533,1210.9055884857178,6054527.942428589,-0.002542571098478774,0,1799.594970703125,0.0,302.17449130863133,11,365.8699951171875,0.03993873840190533,1684.3169775268962,0,136.97999572753906,0.0,-115.58817083128815,0,226.09010314941406,0.0,-1102.323534927331
2026-09-08,2026-09-08T14:45:00-04:00,bar_close,96744.0098167879,100775.14558949298,4031.135772705078,4031.135772705078,0.040001289495783895,0.040001289495783895,1210.9055884857178,6054527.942428589,-0.0024775792890185944,0,1799.1700439453125,0.0,302.17449130863133,11,366.4668884277344,0.040001289495783895,1690.8828039429118,0,137.1649932861328,0.0,-115.58817083128815,0,226.2100067138672,0.0,-1102.323534927331
2026-09-08,2026-09-08T14:45:00-04:00,open_before_orders,96744.0098167879,100775.06972279376,4031.0599060058594,4031.0599060058594,0.04000056677801629,0.04000056677801629,1210.9055884857178,6054527.942428589,-0.0024783302552713327,0,1799.6180419921875,0.0,302.17449130863133,11,366.4599914550781,0.04000056677801629,1690.806937243693,0,137.19000244140625,0.0,-115.58817083128815,0,226.2050018310547,0.0,-1102.323534927331
2026-09-08,2026-09-08T14:45:00-04:00,after_fill,100774.26351081257,100774.26351081257,0.0,0.0,0.0,0.0,1211.711800466919,6058559.002334595,-0.0024863105417038955,0,1799.6180419921875,0.0,302.17449130863133,0,366.4599914550781,0.0,1690.0007252624923,0,137.19000244140625,0.0,-115.58817083128815,0,226.2050018310547,0.0,-1102.323534927331
2026-09-08,2026-09-08T14:50:00-04:00,bar_close,100774.26351081257,100774.26351081257,0.0,0.0,0.0,0.0,1211.711800466919,6058559.002334595,-0.0024863105417038955,0,1793.0400390625,0.0,302.17449130863133,0,365.95001220703125,0.0,1690.0007252624923,0,136.35000610351562,0.0,-115.58817083128815,0,225.56399536132812,0.0,-1102.323534927331
2026-09-08,2026-09-08T14:50:00-04:00,open_before_orders,100774.26351081257,100774.26351081257,0.0,0.0,0.0,0.0,1211.711800466919,6058559.002334595,-0.0024863105417038955,0,1793.0400390625,0.0,302.17449130863133,0,365.95001220703125,0.0,1690.0007252624923,0,136.38999938964844,0.0,-115.58817083128815,0,225.5800018310547,0.0,-1102.323534927331
2026-09-08,2026-09-08T14:55:00-04:00,bar_close,100774.26351081257,100774.26351081257,0.0,0.0,0.0,0.0,1211.711800466919,6058559.002334595,-0.0024863105417038955,0,1790.699951171875,0.0,302.17449130863133,0,367.010009765625,0.0,1690.0007252624923,0,136.4199981689453,0.0,-115.58817083128815,0,225.9123992919922,0.0,-1102.323534927331
2026-09-08,2026-09-08T14:55:00-04:00,open_before_orders,100774.26351081257,100774.26351081257,0.0,0.0,0.0,0.0,1211.711800466919,6058559.002334595,-0.0024863105417038955,0,1790.699951171875,0.0,302.17449130863133,0,367.0199890136719,0.0,1690.0007252624923,0,136.45199584960938,0.0,-115.58817083128815,0,225.89999389648438,0.0,-1102.323534927331
2026-09-08,2026-09-08T15:00:00-04:00,bar_close,100774.26351081257,100774.26351081257,0.0,0.0,0.0,0.0,1211.711800466919,6058559.002334595,-0.0024863105417038955,0,1791.489990234375,0.0,302.17449130863133,0,367.05499267578125,0.0,1690.0007252624923,0,136.52000427246094,0.0,-115.58817083128815,0,225.6750030517578,0.0,-1102.323534927331
2026-09-08,2026-09-08T15:00:00-04:00,open_before_orders,100774.26351081257,100774.26351081257,0.0,0.0,0.0,0.0,1211.711800466919,6058559.002334595,-0.0024863105417038955,0,1792.199951171875,0.0,302.17449130863133,0,367.0299987792969,0.0,1690.0007252624923,0,136.5399932861328,0.0,-115.58817083128815,0,225.67999267578125,0.0,-1102.323534927331
2026-09-08,2026-09-08T15:05:00-04:00,bar_close,100774.26351081257,100774.26351081257,0.0,0.0,0.0,0.0,1211.711800466919,6058559.002334595,-0.0024863105417038955,0,1790.5543212890625,0.0,302.17449130863133,0,366.7799987792969,0.0,1690.0007252624923,0,136.63999938964844,0.0,-115.58817083128815,0,225.55999755859375,0.0,-1102.323534927331
2026-09-08,2026-09-08T15:05:00-04:00,open_before_orders,100774.26351081257,100774.26351081257,0.0,0.0,0.0,0.0,1211.711800466919,6058559.002334595,-0.0024863105417038955,0,1789.4300537109375,0.0,302.17449130863133,0,366.82501220703125,0.0,1690.0007252624923,0,136.7100067138672,0.0,-115.58817083128815,0,225.5699005126953,0.0,-1102.323534927331
2026-09-08,2026-09-08T15:10:00-04:00,bar_close,100774.26351081257,100774.26351081257,0.0,0.0,0.0,0.0,1211.711800466919,6058559.002334595,-0.0024863105417038955,0,1778.0,0.0,302.17449130863133,0,367.1449890136719,0.0,1690.0007252624923,0,136.7001953125,0.0,-115.58817083128815,0,225.52000427246094,0.0,-1102.323534927331
2026-09-08,2026-09-08T15:10:00-04:00,open_before_orders,100774.26351081257,100774.26351081257,0.0,0.0,0.0,0.0,1211.711800466919,6058559.002334595,-0.0024863105417038955,0,1778.5,0.0,302.17449130863133,0,367.1099853515625,0.0,1690.0007252624923,0,136.7082061767578,0.0,-115.58817083128815,0,225.50999450683594,0.0,-1102.323534927331
2026-09-08,2026-09-08T15:15:00-04:00,bar_close,100774.26351081257,100774.26351081257,0.0,0.0,0.0,0.0,1211.711800466919,6058559.002334595,-0.0024863105417038955,0,1780.89501953125,0.0,302.17449130863133,0,367.29998779296875,0.0,1690.0007252624923,0,136.77000427246094,0.0,-115.58817083128815,0,225.5500030517578,0.0,-1102.323534927331
2026-09-08,2026-09-08T15:15:00-04:00,open_before_orders,100774.26351081257,100774.26351081257,0.0,0.0,0.0,0.0,1211.711800466919,6058559.002334595,-0.0024863105417038955,0,1780.5999755859375,0.0,302.17449130863133,0,367.29998779296875,0.0,1690.0007252624923,0,136.77000427246094,0.0,-115.58817083128815,0,225.55499267578125,0.0,-1102.323534927331
2026-09-08,2026-09-08T15:20:00-04:00,bar_close,100774.26351081257,100774.26351081257,0.0,0.0,0.0,0.0,1211.711800466919,6058559.002334595,-0.0024863105417038955,0,1775.9549560546875,0.0,302.17449130863133,0,366.78009033203125,0.0,1690.0007252624923,0,136.57000732421875,0.0,-115.58817083128815,0,225.360107421875,0.0,-1102.323534927331
2026-09-08,2026-09-08T15:20:00-04:00,open_before_orders,100774.26351081257,100774.26351081257,0.0,0.0,0.0,0.0,1211.711800466919,6058559.002334595,-0.0024863105417038955,0,1775.4588623046875,0.0,302.17449130863133,0,366.7799987792969,0.0,1690.0007252624923,0,136.57000732421875,0.0,-115.58817083128815,0,225.36000061035156,0.0,-1102.323534927331
2026-09-08,2026-09-08T15:25:00-04:00,bar_close,100774.26351081257,100774.26351081257,0.0,0.0,0.0,0.0,1211.711800466919,6058559.002334595,-0.0024863105417038955,0,1770.530029296875,0.0,302.17449130863133,0,366.8699951171875,0.0,1690.0007252624923,0,136.5334014892578,0.0,-115.58817083128815,0,225.48500061035156,0.0,-1102.323534927331
2026-09-08,2026-09-08T15:25:00-04:00,open_before_orders,100774.26351081257,100774.26351081257,0.0,0.0,0.0,0.0,1211.711800466919,6058559.002334595,-0.0024863105417038955,0,1770.969970703125,0.0,302.17449130863133,0,366.8999938964844,0.0,1690.0007252624923,0,136.55999755859375,0.0,-115.58817083128815,0,225.49000549316406,0.0,-1102.323534927331
2026-09-08,2026-09-08T15:25:00-04:00,after_fill,97231.61518141803,100773.55512282428,3541.93994140625,3541.93994140625,0.0351475140188245,0.0351475140188245,1212.4201884552,6062100.942276001,-0.0024933225176900775,2,1770.969970703125,0.0351475140188245,301.46610332035016,0,366.8999938964844,0.0,1690.0007252624923,0,136.55999755859375,0.0,-115.58817083128815,0,225.49000549316406,0.0,-1102.323534927331
2026-09-08,2026-09-08T15:30:00-04:00,bar_close,97231.61518141803,100776.25507399616,3544.639892578125,3544.639892578125,0.035173363903783,0.035173363903783,1212.4201884552,6062100.942276001,-0.0024665970606042587,2,1772.3199462890625,0.035173363903783,304.16605449222516,0,368.2749938964844,0.0,1690.0007252624923,0,137.14999389648438,0.0,-115.58817083128815,0,225.5500030517578,0.0,-1102.323534927331
2026-09-08,2026-09-08T15:30:00-04:00,open_before_orders,97231.61518141803,100775.61518141803,3544.0,3544.0,0.035167237566548507,0.035167237566548507,1212.4201884552,6062100.942276001,-0.0024729310350162237,2,1772.0,0.035167237566548507,303.52616191410016,0,368.2799987792969,0.0,1690.0007252624923,0,137.13999938964844,0.0,-115.58817083128815,0,225.5500030517578,0.0,-1102.323534927331
2026-09-08,2026-09-08T15:30:00-04:00,after_fill,100774.90638141804,100774.90638141804,0.0,0.0,0.0,0.0,1213.1289884552002,6065644.942276001,-0.002479947089298773,0,1772.0,0.0,302.8173619141003,0,368.2799987792969,0.0,1690.0007252624923,0,137.13999938964844,0.0,-115.58817083128815,0,225.5500030517578,0.0,-1102.323534927331
2026-09-08,2026-09-08T15:35:00-04:00,bar_close,100774.90638141804,100774.90638141804,0.0,0.0,0.0,0.0,1213.1289884552002,6065644.942276001,-0.002479947089298773,0,1767.4200439453125,0.0,302.8173619141003,0,368.0,0.0,1690.0007252624923,0,136.82000732421875,0.0,-115.58817083128815,0,225.8249969482422,0.0,-1102.323534927331
2026-09-08,2026-09-08T15:35:00-04:00,open_before_orders,100774.90638141804,100774.90638141804,0.0,0.0,0.0,0.0,1213.1289884552002,6065644.942276001,-0.002479947089298773,0,1767.4200439453125,0.0,302.8173619141003,0,368.0299987792969,0.0,1690.0007252624923,0,136.80999755859375,0.0,-115.58817083128815,0,225.8249969482422,0.0,-1102.323534927331
2026-09-08,2026-09-08T15:40:00-04:00,bar_close,100774.90638141804,100774.90638141804,0.0,0.0,0.0,0.0,1213.1289884552002,6065644.942276001,-0.002479947089298773,0,1759.4549560546875,0.0,302.8173619141003,0,367.9100036621094,0.0,1690.0007252624923,0,136.72999572753906,0.0,-115.58817083128815,0,225.82000732421875,0.0,-1102.323534927331
2026-09-08,2026-09-08T15:40:00-04:00,open_before_orders,100774.90638141804,100774.90638141804,0.0,0.0,0.0,0.0,1213.1289884552002,6065644.942276001,-0.002479947089298773,0,1759.8499755859375,0.0,302.8173619141003,0,367.8900146484375,0.0,1690.0007252624923,0,136.74000549316406,0.0,-115.58817083128815,0,225.8300018310547,0.0,-1102.323534927331
2026-09-08,2026-09-08T15:45:00-04:00,bar_close,100774.90638141804,100774.90638141804,0.0,0.0,0.0,0.0,1213.1289884552002,6065644.942276001,-0.002479947089298773,0,1750.7200927734375,0.0,302.8173619141003,0,367.9700012207031,0.0,1690.0007252624923,0,136.64999389648438,0.0,-115.58817083128815,0,225.5749969482422,0.0,-1102.323534927331
2026-09-08,2026-09-08T15:45:00-04:00,open_before_orders,100774.90638141804,100774.90638141804,0.0,0.0,0.0,0.0,1213.1289884552002,6065644.942276001,-0.002479947089298773,0,1751.469970703125,0.0,302.8173619141003,0,367.9800109863281,0.0,1690.0007252624923,0,136.72000122070312,0.0,-115.58817083128815,0,225.5800018310547,0.0,-1102.323534927331
2026-09-08,2026-09-08T15:50:00-04:00,bar_close,100774.90638141804,100774.90638141804,0.0,0.0,0.0,0.0,1213.1289884552002,6065644.942276001,-0.002479947089298773,0,1744.6724853515625,0.0,302.8173619141003,0,368.4949951171875,0.0,1690.0007252624923,0,136.67999267578125,0.0,-115.58817083128815,0,225.4499969482422,0.0,-1102.323534927331
2026-09-08,2026-09-08T15:50:00-04:00,open_before_orders,100774.90638141804,100774.90638141804,0.0,0.0,0.0,0.0,1213.1289884552002,6065644.942276001,-0.002479947089298773,0,1745.300048828125,0.0,302.8173619141003,0,368.5199890136719,0.0,1690.0007252624923,0,136.7100067138672,0.0,-115.58817083128815,0,225.4600067138672,0.0,-1102.323534927331
2026-09-08,2026-09-08T15:55:00-04:00,bar_close,100774.90638141804,100774.90638141804,0.0,0.0,0.0,0.0,1213.1289884552002,6065644.942276001,-0.002479947089298773,0,1740.6099853515625,0.0,302.8173619141003,0,368.1600036621094,0.0,1690.0007252624923,0,136.63999938964844,0.0,-115.58817083128815,0,224.9600067138672,0.0,-1102.323534927331
2026-09-08,2026-09-08T15:55:00-04:00,open_before_orders,100774.90638141804,100774.90638141804,0.0,0.0,0.0,0.0,1213.1289884552002,6065644.942276001,-0.002479947089298773,0,1740.1800537109375,0.0,302.8173619141003,0,368.1950988769531,0.0,1690.0007252624923,0,136.67999267578125,0.0,-115.58817083128815,0,224.97000122070312,0.0,-1102.323534927331
2026-09-08,2026-09-08T16:00:00-04:00,bar_close,100774.90638141804,100774.90638141804,0.0,0.0,0.0,0.0,1213.1289884552002,6065644.942276001,-0.002479947089298773,0,1737.8499755859375,0.0,302.8173619141003,0,368.0400085449219,0.0,1690.0007252624923,0,136.50999450683594,0.0,-115.58817083128815,0,225.77000427246094,0.0,-1102.323534927331
2026-09-09,2026-09-09T09:30:00-04:00,open_before_orders,100774.90638141804,100774.90638141804,0.0,0.0,0.0,0.0,1213.1289884552002,6065644.942276001,-0.002479947089298773,0,1749.719970703125,0.0,302.8173619141003,0,368.3550109863281,0.0,1690.0007252624923,0,141.97799682617188,0.0,-115.58817083128815,0,225.27000427246094,0.0,-1102.323534927331
2026-09-09,2026-09-09T09:35:00-04:00,bar_close,100774.90638141804,100774.90638141804,0.0,0.0,0.0,0.0,1213.1289884552002,6065644.942276001,-0.002479947089298773,0,1735.8349609375,0.0,302.8173619141003,0,373.95001220703125,0.0,1690.0007252624923,0,139.11959838867188,0.0,-115.58817083128815,0,225.0800018310547,0.0,-1102.323534927331
2026-09-09,2026-09-09T09:35:00-04:00,open_before_orders,100774.90638141804,100774.90638141804,0.0,0.0,0.0,0.0,1213.1289884552002,6065644.942276001,-0.002479947089298773,0,1735.3564453125,0.0,302.8173619141003,0,373.92498779296875,0.0,1690.0007252624923,0,139.12989807128906,0.0,-115.58817083128815,0,225.06500244140625,0.0,-1102.323534927331
2026-09-09,2026-09-09T09:40:00-04:00,bar_close,100774.90638141804,100774.90638141804,0.0,0.0,0.0,0.0,1213.1289884552002,6065644.942276001,-0.002479947089298773,0,1731.6351318359375,0.0,302.8173619141003,0,371.75,0.0,1690.0007252624923,0,138.54800415039062,0.0,-115.58817083128815,0,225.92999267578125,0.0,-1102.323534927331
2026-09-09,2026-09-09T09:40:00-04:00,open_before_orders,100774.90638141804,100774.90638141804,0.0,0.0,0.0,0.0,1213.1289884552002,6065644.942276001,-0.002479947089298773,0,1731.8900146484375,0.0,302.8173619141003,0,371.7900085449219,0.0,1690.0007252624923,0,138.60499572753906,0.0,-115.58817083128815,0,225.91000366210938,0.0,-1102.323534927331
2026-09-09,2026-09-09T09:40:00-04:00,after_fill,53639.78269434528,100765.48124170856,47125.69854736328,47125.69854736328,0.46767700572303866,0.46767700572303866,1222.5541281646729,6112770.640823364,-0.002573241801239412,0,1731.8900146484375,0.0,302.8173619141003,0,371.7900085449219,0.0,1690.0007252624923,340,138.60499572753906,0.46767700572303866,-125.01331054076581,0,225.91000366210938,0.0,-1102.323534927331
2026-09-09,2026-09-09T09:45:00-04:00,bar_close,53639.78269434528,100565.90452051716,46926.121826171875,46926.121826171875,0.46662059124221517,0.46662059124221517,1222.5541281646729,6112770.640823364,-0.0045487512671484875,0,1735.8951416015625,0.0,302.8173619141003,0,373.6199951171875,0.0,1690.0007252624923,340,138.01800537109375,0.46662059124221517,-324.59003173217206,0,224.77000427246094,0.0,-1102.323534927331
2026-09-09,2026-09-09T09:45:00-04:00,open_before_orders,53639.78269434528,100529.1476235445,46889.36492919922,46889.36492919922,0.4664255694755086,0.4664255694755086,1222.5541281646729,6112770.640823364,-0.004912589281288793,0,1736.969970703125,0.0,302.8173619141003,0,373.635009765625,0.0,1690.0007252624923,340,137.90989685058594,0.4664255694755086,-361.3469287048283,0,224.77499389648438,0.0,-1102.323534927331
2026-09-09,2026-09-09T09:45:00-04:00,after_fill,34880.28557347126,100525.39647435016,65645.1109008789,65645.1109008789,0.6530201640898653,0.6530201640898653,1226.3052773590089,6131526.386795044,-0.004949720018266768,0,1736.969970703125,0.0,302.8173619141003,0,373.635009765625,0.0,1690.0007252624923,476,137.90989685058594,0.6530201640898653,-365.0980778991652,0,224.77499389648438,0.0,-1102.323534927331
2026-09-09,2026-09-09T09:50:00-04:00,bar_close,34880.28557347126,100518.64171360797,65638.35614013672,65638.35614013672,0.6529968473624008,0.6529968473624008,1226.3052773590089,6131526.386795044,-0.005016581993483427,0,1752.5250244140625,0.0,302.8173619141003,0,373.4200134277344,0.0,1690.0007252624923,476,137.8957061767578,0.6529968473624008,-371.8528386413527,0,224.67999267578125,0.0,-1102.323534927331
2026-09-09,2026-09-09T09:50:00-04:00,open_before_orders,34880.28557347126,100515.9252829439,65635.63970947266,65635.63970947266,0.6529874696443756,0.6529874696443756,1226.3052773590089,6131526.386795044,-0.005043470572764219,0,1752.5250244140625,0.0,302.8173619141003,0,373.44439697265625,0.0,1690.0007252624923,476,137.88999938964844,0.6529874696443756,-374.5692693054152,0,224.6649932861328,0.0,-1102.323534927331
2026-09-09,2026-09-09T09:50:00-04:00,after_fill,56800.410574444766,100511.54038096333,43711.129806518555,43711.129806518555,0.4348866771003875,0.4348866771003875,1230.6901793395996,6153450.896697998,-0.005086874509445782,0,1752.5250244140625,0.0,302.8173619141003,0,373.44439697265625,0.0,1690.0007252624923,317,137.88999938964844,0.4348866771003875,-378.9541712860082,0,224.6649932861328,0.0,-1102.323534927331
2026-09-09,2026-09-09T09:50:00-04:00,after_fill,5254.776726861761,100501.23331560688,95246.45658874512,95246.45658874512,0.9477143060487623,0.9477143060487623,1240.9972446960448,6204986.223480225,-0.00518889895927066,0,1752.5250244140625,0.0,302.8173619141003,138,373.44439697265625,0.5127830284469118,1679.69365990605,317,137.88999938964844,0.43493127760185046,-378.9541712860082,0,224.6649932861328,0.0,-1102.323534927331
2026-09-09,2026-09-09T09:55:00-04:00,bar_close,5254.776726861761,99824.90581621723,94570.12908935547,94570.12908935547,0.9473600632638104,0.9473600632638104,1240.9972446960448,6204986.223480225,-0.0118835243099773,0,1774.1099853515625,0.0,302.8173619141003,138,371.29998779296875,0.5132927288683252,1383.765193109175,317,136.69000244140625,0.4340673343954852,-759.3532038787816,0,224.6199951171875,0.0,-1102.323534927331
2026-09-09,2026-09-09T09:55:00-04:00,open_before_orders,5254.776726861761,99823.04825701313,94568.27153015137,94568.27153015137,0.9473590837124873,0.9473590837124873,1240.9972446960448,6204986.223480225,-0.011901911353161876,0,1774.0550537109375,0.0,302.8173619141003,138,371.389892578125,0.5134265690206522,1396.1720534607375,317,136.64500427246094,0.43393251469183514,-773.6176234344457,0,224.6199951171875,0.0,-1102.323534927331
2026-09-09,2026-09-09T09:55:00-04:00,after_fill,56496.331541607855,99812.79789597797,43316.46635437012,43316.46635437012,0.43397707776424915,0.43397707776424915,1251.247605731201,6256238.028656006,-0.01200337451546385,0,1774.0550537109375,0.0,302.8173619141003,0,371.389892578125,0.0,1385.9216924255816,317,136.64500427246094,0.43397707776424915,-773.6176234344457,0,224.6199951171875,0.0,-1102.323534927331
2026-09-09,2026-09-09T09:55:00-04:00,after_fill,72753.83489892902,99809.54574487629,27055.710845947266,27055.710845947266,0.27107337924475194,0.27107337924475194,1254.4997568328856,6272498.784164429,-0.012035565921593716,0,1774.0550537109375,0.0,302.8173619141003,0,371.389892578125,0.0,1385.9216924255816,198,136.64500427246094,0.27107337924475194,-776.8697745361278,0,224.6199951171875,0.0,-1102.323534927331
2026-09-09,2026-09-09T09:55:00-04:00,after_fill,62107.37571059895,99807.41687881184,37700.04116821289,37700.04116821289,0.37772785176866197,0.37772785176866197,1256.6286228973388,6283143.114486694,-0.012056638494771899,6,1774.0550537109375,0.10664869059971949,300.68849584964664,0,371.389892578125,0.0,1385.9216924255816,198,136.64500427246094,0.2710791611689425,-776.8697745361278,0,224.6199951171875,0.0,-1102.323534927331
2026-09-09,2026-09-09T10:00:00-04:00,bar_close,62107.37571059895,99955.3385401888,37847.962829589844,37847.962829589844,0.3786487383500023,0.3786487383500023,1256.6286228973388,6283143.114486694,-0.010592436454981313,6,1792.0,0.10756804145760529,408.35817358402164,0,371.0799865722656,0.0,1385.9216924255816,198,136.84829711914062,0.271080696892397,-736.6177908935497,0,224.85009765625,0.0,-1102.323534927331
2026-09-09,2026-09-09T10:00:00-04:00,open_before_orders,62107.37571059895,99981.1762782259,37873.80056762695,37873.80056762695,0.37880931168715587,0.37880931168715587,1256.6286228973388,6283143.114486694,-0.0103366816967847,6,1792.619873046875,0.1075774424612731,412.07741186527164,0,371.0299987792969,0.0,1385.9216924255816,198,136.9600067138672,0.27123186922588277,-714.4992911376903,0,224.85499572753906,0.0,-1102.323534927331
2026-09-09,2026-09-09T10:00:00-04:00,after_fill,73883.58057587605,99978.82056611043,26095.239990234375,26095.239990234375,0.26100767985134454,0.26100767985134454,1258.9843350128174,6294921.675064087,-0.010359999704793288,6,1792.619873046875,0.10757997721296474,412.07741186527164,0,371.0299987792969,0.0,1385.9216924255816,112,136.9600067138672,0.15342770263837982,-716.8550032531693,0,224.85499572753906,0.0,-1102.323534927331
2026-09-09,2026-09-09T10:00:00-04:00,after_fill,30852.099047360432,99970.21599071981,69118.11694335938,69118.11694335938,0.6913870922293054,0.6913870922293054,1267.5889104034425,6337944.552017212,-0.010445172063737962,30,1792.619873046875,0.5379461838553844,403.4728364746479,0,371.0299987792969,0.0,1385.9216924255816,112,136.9600067138672,0.15344090837392094,-716.8550032531693,0,224.85499572753906,0.0,-1102.323534927331
2026-09-09,2026-09-09T10:00:00-04:00,after_fill,5988.117327163898,99965.24418873616,93977.12686157227,93977.12686157227,0.9400980073048366,0.9400980073048366,1272.560712387085,6362803.561935425,-0.010494385428015507,30,1792.619873046875,0.5379729387733131,403.4728364746479,67,371.0299987792969,0.24867652872711077,1380.949890441938,112,136.9600067138672,0.15344853980441278,-716.8550032531693,0,224.85499572753906,0.0,-1102.323534927331
2026-09-09,2026-09-09T10:05:00-04:00,bar_close,5988.117327163898,100217.60539479085,94229.48806762695,94229.48806762695,0.940248848457567,0.940248848457567,1272.560712387085,6362803.561935425,-0.007996388926153175,30,1802.1005859375,0.5394562897921238,687.8942231933979,67,371.1700134277344,0.24814393440846294,1390.3308718872504,112,136.58999633789062,0.1526486242569803,-758.2961653625443,0,224.21499633789062,0.0,-1102.323534927331
2026-09-09,2026-09-09T10:05:00-04:00,open_before_orders,5988.117327163898,100238.52571339437,94250.40838623047,94250.40838623047,0.9402613188437613,0.9402613188437613,1272.560712387085,6362803.561935425,-0.007789309226755581,30,1802.469970703125,0.5394542541029023,698.9757661621479,67,371.20001220703125,0.24811219679129606,1392.340790100141,112,136.65989685058594,0.15269486794956297,-750.4673079406693,0,224.21499633789062,0.0,-1102.323534927331
2026-09-09,2026-09-09T10:05:00-04:00,after_fill,21290.96459274007,100235.46453170491,78944.49993896484,78944.49993896484,0.7875905030997722,0.7875905030997722,1275.6218940765382,6378109.47038269,-0.007819610322836734,30,1802.469970703125,0.5394707289852473,698.9757661621479,67,371.20001220703125,0.24811977411452488,1392.340790100141,0,136.65989685058594,0.0,-753.5284896301218,0,224.21499633789062,0.0,-1102.323534927331
2026-09-09,2026-09-09T10:05:00-04:00,after_fill,5326.1717477327475,100232.27221159993,94906.10046386719,94906.10046386719,0.9468617080086872,0.9468617080086872,1278.8142141815188,6394071.070907593,-0.007851209492058198,30,1802.469970703125,0.5394879107094185,698.9757661621479,110,371.20001220703125,0.4073737972992687,1389.1484699951616,0,136.65989685058594,0.0,-753.5284896301218,0,224.21499633789062,0.0,-1102.323534927331
2026-09-09,2026-09-09T10:10:00-04:00,bar_close,5326.1717477327475,100160.969111014,94834.79736328125,94834.79736328125,0.9468238796508702,0.9468238796508702,1278.8142141815188,6394071.070907593,-0.008557002979972528,30,1797.2149658203125,0.5382979962469289,541.3256196777729,110,371.9849853515625,0.40852588340394136,1475.495515893599,0,136.27000427246094,0.0,-753.5284896301218,0,224.28500366210938,0.0,-1102.323534927331
2026-09-09,2026-09-09T10:10:00-04:00,open_before_orders,5326.1717477327475,100166.42412810384,94840.2523803711,94840.2523803711,0.9468267755977686,0.9468267755977686,1278.8142141815188,6394071.070907593,-0.008503006512682432,30,1797.4150390625,0.5383286030348157,547.3278169433979,110,371.9800109863281,0.4084981725629529,1474.9483357178178,0,136.18499755859375,0.0,-753.5284896301218,0,224.2899932861328,0.0,-1102.323534927331
2026-09-09,2026-09-09T10:15:00-04:00,bar_close,5326.1717477327475,100210.73717742025,94884.5654296875,94884.5654296875,0.9468502887240225,0.9468502887240225,1278.8142141815188,6394071.070907593,-0.00806437395140347,30,1801.56884765625,0.5393340768863791,671.9420747558979,110,371.25,0.4075162118376434,1394.647127221724,0,136.3300018310547,0.0,-753.5284896301218,0,224.25,0.0,-1102.323534927331
2026-09-09,2026-09-09T10:15:00-04:00,open_before_orders,5326.1717477327475,100185.22051482259,94859.04876708984,94859.04876708984,0.9468367517647502,0.9468367517647502,1278.8142141815188,6394071.070907593,-0.008316950545502966,30,1800.864990234375,0.5392606756705997,650.8263520996479,110,371.2099914550781,0.40757607609415064,1390.2461872803178,0,136.30999755859375,0.0,-753.5284896301218,0,224.2449951171875,0.0,-1102.323534927331
2026-09-09,2026-09-09T10:15:00-04:00,after_fill,26932.229554568687,100180.89843884602,73248.66888427734,73248.66888427734,0.7311640245369823,0.7311640245369823,1283.1362901580812,6415681.450790405,-0.00835973259920697,18,1800.864990234375,0.32357036450423093,646.504276123087,110,371.2099914550781,0.4075936600327513,1390.2461872803178,0,136.30999755859375,0.0,-753.5284896301218,0,224.2449951171875,0.0,-1102.323534927331
2026-09-09,2026-09-09T10:20:00-04:00,bar_close,26932.229554568687,100011.32794324055,73079.09838867188,73079.09838867188,0.7307082096754727,0.7307082096754727,1283.1362901580812,6415681.450790405,-0.010038225547721935,18,1789.0,0.32198352588894336,432.93445190433704,110,371.6099853515625,0.40872468378652926,1434.245515893599,0,135.69000244140625,0.0,-753.5284896301218,0,223.85000610351562,0.0,-1102.323534927331
2026-09-09,2026-09-09T10:20:00-04:00,open_before_orders,26932.229554568687,100011.32794324055,73079.09838867188,73079.09838867188,0.7307082096754727,0.7307082096754727,1283.1362901580812,6415681.450790405,-0.010038225547721935,18,1789.0,0.32198352588894336,432.93445190433704,110,371.6099853515625,0.40872468378652926,1434.245515893599,0,135.72500610351562,0.0,-753.5284896301218,0,223.85000610351562,0.0,-1102.323534927331
2026-09-09,2026-09-09T10:20:00-04:00,after_fill,43030.00935456868,100008.10774324056,56978.098388671875,56978.098388671875,0.5697347912526919,0.5697347912526919,1286.3564901580812,6431782.450790405,-0.01007010068598524,9,1789.0,0.16099694678092985,429.7142519043373,110,371.6099853515625,0.408737844471762,1434.245515893599,0,135.72500610351562,0.0,-753.5284896301218,0,223.85000610351562,0.0,-1102.323534927331
2026-09-09,2026-09-09T10:20:00-04:00,after_fill,24817.478294485678,100004.46596538412,75186.98767089844,75186.98767089844,0.7518362999600829,0.7518362999600829,1289.9982680145265,6449991.340072632,-0.01010614881116323,9,1789.0,0.16100280967025266,429.7142519043373,159,371.6099853515625,0.5908334902898302,1430.6037380371563,0,135.72500610351562,0.0,-753.5284896301218,0,223.85000610351562,0.0,-1102.323534927331
2026-09-09,2026-09-09T10:25:00-04:00,bar_close,24817.478294485678,99742.64977275717,74925.17147827148,74925.17147827148,0.7511848908062184,0.7511848908062184,1289.9982680145265,6449991.340072632,-0.012697735464031412,9,1774.030029296875,0.16007465512544225,294.9845155762123,159,370.8106994628906,0.5911102356807763,1303.5172817383282,0,135.8800048828125,0.0,-753.5284896301218,0,223.91000366210938,0.0,-1102.323534927331
2026-09-09,2026-09-09T10:25:00-04:00,open_before_orders,24817.478294485678,99745.91225444662,74928.43395996094,74928.43395996094,0.7511930290318305,0.7511930290318305,1289.9982680145265,6449991.340072632,-0.01266544180061513,9,1773.344970703125,0.16000760708483702,288.8189882324623,159,370.8699951171875,0.5911854219469934,1312.9452907715313,0,135.89999389648438,0.0,-753.5284896301218,0,223.91000366210938,0.0,-1102.323534927331
2026-09-09,2026-09-09T10:25:00-04:00,after_fill,40774.39100986654,99742.72023349935,58968.32922363281,58968.32922363281,0.5912043413853861,0.5912043413853861,1293.190288961792,6465951.44480896,-0.012697038008625094,0,1773.344970703125,0.0,285.62696728519586,159,370.8699951171875,0.5912043413853861,1312.9452907715313,0,135.89999389648438,0.0,-753.5284896301218,0,223.91000366210938,0.0,-1102.323534927331
2026-09-09,2026-09-09T10:25:00-04:00,after_fill,41145.1868309847,99742.64605950032,58597.459228515625,58597.459228515625,0.5874865119736246,0.5874865119736246,1293.2644629608155,6466322.314804077,-0.01269777221969115,0,1773.344970703125,0.0,285.62696728519586,158,370.8699951171875,0.5874865119736246,1312.871116772505,0,135.89999389648438,0.0,-753.5284896301218,0,223.91000366210938,0.0,-1102.323534927331
2026-09-09,2026-09-09T10:30:00-04:00,bar_close,41145.1868309847,99805.84509514485,58660.658264160156,58660.658264160156,0.5877477236752916,0.5877477236752916,1293.2644629608155,6466322.314804077,-0.012072196789817413,0,1784.94677734375,0.0,285.62696728519586,158,371.2699890136719,0.5877477236752916,1376.0701524170363,0,137.8000030517578,0.0,-753.5284896301218,0,224.88499450683594,0.0,-1102.323534927331
2026-09-09,2026-09-09T10:30:00-04:00,open_before_orders,41145.1868309847,99805.84509514485,58660.658264160156,58660.658264160156,0.5877477236752916,0.5877477236752916,1293.2644629608155,6466322.314804077,-0.012072196789817413,0,1785.0,0.0,285.62696728519586,158,371.2699890136719,0.5877477236752916,1376.0701524170363,0,137.80999755859375,0.0,-753.5284896301218,0,224.875,0.0,-1102.323534927331
2026-09-09,2026-09-09T10:30:00-04:00,after_fill,74923.9987174288,99799.08798134481,24875.089263916016,24875.089263916016,0.24925166919928018,0.24925166919928018,1300.0215767608643,6500107.883804321,-0.012139082056768946,0,1785.0,0.0,285.62696728519586,67,371.2699890136719,0.24925166919928018,1369.313038616987,0,137.80999755859375,0.0,-753.5284896301218,0,224.875,0.0,-1102.323534927331
2026-09-09,2026-09-09T10:30:00-04:00,after_fill,5178.19358102743,99785.14160959188,94606.94802856445,94606.94802856445,0.9481065667944126,0.9481065667944126,1313.967948513794,6569839.74256897,-0.012277130168034223,0,1785.0,0.0,285.62696728519586,67,371.2699890136719,0.24928650561262408,1369.313038616987,506,137.80999755859375,0.6988200611817886,-767.4748613830452,0,224.875,0.0,-1102.323534927331
2026-09-09,2026-09-09T10:35:00-04:00,bar_close,5178.19358102743,99796.87775461141,94618.68417358398,94618.68417358398,0.948112669478899,0.948112669478899,1313.967948513794,6569839.74256897,-0.012160959978239738,0,1791.0,0.0,285.62696728519586,67,372.8399963378906,0.25031123534808564,1474.5035293396431,506,137.62530517578125,0.6978014341308134,-860.9292070861702,0,224.9199981689453,0.0,-1102.323534927331
2026-09-09,2026-09-09T10:35:00-04:00,open_before_orders,5178.19358102743,99821.86905710165,94643.67547607422,94643.67547607422,0.9481256599386522,0.9481256599386522,1313.967948513794,6569839.74256897,-0.011913583659297733,0,1791.20361328125,0.0,285.62696728519586,67,372.79998779296875,0.2502217141199874,1471.8229568298775,506,137.67999267578125,0.6979039458186647,-833.2573320861702,0,224.9199981689453,0.0,-1102.323534927331
2026-09-09,2026-09-09T10:35:00-04:00,after_fill,74830.33665971395,99807.93584184286,24977.599182128906,24977.599182128906,0.2502566451400095,0.2502566451400095,1327.901163772583,6639505.818862915,-0.0120515015410525,0,1791.20361328125,0.0,285.62696728519586,67,372.79998779296875,0.2502566451400095,1471.8229568298775,0,137.67999267578125,0.0,-847.1905473449588,0,224.9199981689453,0.0,-1102.323534927331
2026-09-09,2026-09-09T10:40:00-04:00,bar_close,74830.33665971395,99739.81126908895,24909.474609375,24909.474609375,0.24974455327744205,0.24974455327744205,1327.901163772583,6639505.818862915,-0.012725832382510127,0,1790.385009765625,0.0,285.62696728519586,67,371.783203125,0.24974455327744205,1403.6983840759713,0,137.66000366210938,0.0,-847.1905473449588,0,224.4499969482422,0.0,-1102.323534927331
2026-09-09,2026-09-09T10:40:00-04:00,open_before_orders,74830.33665971395,99735.17393998739,24904.837280273438,24904.837280273438,0.24970966908083167,0.24970966908083167,1327.901163772583,6639505.818862915,-0.012771734968152315,0,1790.64501953125,0.0,285.62696728519586,67,371.7139892578125,0.24970966908083167,1399.0610549744088,0,137.60989379882812,0.0,-847.1905473449588,0,224.4499969482422,0.0,-1102.323534927331
2026-09-09,2026-09-09T10:45:00-04:00,bar_close,74830.33665971395,99738.23686723349,24907.90020751953,24907.90020751953,0.24973271024106505,0.24973271024106505,1327.901163772583,6639505.818862915,-0.012741416593684995,0,1791.760009765625,0.0,285.62696728519586,67,371.75970458984375,0.24973271024106505,1402.1239822205025,0,136.3719940185547,0.0,-847.1905473449588,0,224.4550018310547,0.0,-1102.323534927331
2026-09-09,2026-09-09T10:45:00-04:00,open_before_orders,74830.33665971395,99737.92198686239,24907.585327148438,24907.585327148438,0.24973034158892238,0.24973034158892238,1327.901163772583,6639505.818862915,-0.012744533435919969,0,1792.4200439453125,0.0,285.62696728519586,67,371.7550048828125,0.24973034158892238,1401.8091018494088,0,136.32000732421875,0.0,-847.1905473449588,0,224.4600067138672,0.0,-1102.323534927331
2026-09-09,2026-09-09T10:45:00-04:00,after_fill,73343.01923617879,99737.62458285848,26394.605346679688,26394.605346679688,0.2646404048329022,0.2646404048329022,1328.1985677764892,6640992.838882446,-0.012747477288396425,0,1792.4200439453125,0.0,285.62696728519586,71,371.7550048828125,0.2646404048329022,1401.5116978455044,0,136.32000732421875,0.0,-847.1905473449588,0,224.4600067138672,0.0,-1102.323534927331
2026-09-09,2026-09-09T10:50:00-04:00,bar_close,73343.01923617879,99845.89914950887,26502.879913330078,26502.879913330078,0.2654378411039673,0.2654378411039673,1328.1985677764892,6640992.838882446,-0.011675721874948586,0,1790.6800537109375,0.0,285.62696728519586,71,373.2799987792969,0.2654378411039673,1509.786264495895,0,136.44000244140625,0.0,-847.1905473449588,0,224.66000366210938,0.0,-1102.323534927331
2026-09-09,2026-09-09T10:50:00-04:00,open_before_orders,73343.01923617879,99845.1884561495,26502.169219970703,26502.169219970703,0.26543261252503975,0.26543261252503975,1328.1985677764892,6640992.838882446,-0.011682756670642336,0,1790.0,0.0,285.62696728519586,71,373.2699890136719,0.26543261252503975,1509.07557113652,0,136.4600067138672,0.0,-847.1905473449588,0,224.6649932861328,0.0,-1102.323534927331
2026-09-09,2026-09-09T10:50:00-04:00,after_fill,99839.8880223055,99839.8880223055,0.0,0.0,0.0,0.0,1333.4990016204833,6667495.008102417,-0.011735222996222427,0,1790.0,0.0,285.62696728519586,0,373.2699890136719,0.0,1503.7751372925268,0,136.4600067138672,0.0,-847.1905473449588,0,224.6649932861328,0.0,-1102.323534927331
2026-09-09,2026-09-09T10:55:00-04:00,bar_close,99839.8880223055,99839.8880223055,0.0,0.0,0.0,0.0,1333.4990016204833,6667495.008102417,-0.011735222996222427,0,1783.2950439453125,0.0,285.62696728519586,0,373.18499755859375,0.0,1503.7751372925268,0,135.5894012451172,0.0,-847.1905473449588,0,224.27000427246094,0.0,-1102.323534927331
2026-09-09,2026-09-09T10:55:00-04:00,open_before_orders,99839.8880223055,99839.8880223055,0.0,0.0,0.0,0.0,1333.4990016204833,6667495.008102417,-0.011735222996222427,0,1783.5400390625,0.0,285.62696728519586,0,373.239990234375,0.0,1503.7751372925268,0,135.58999633789062,0.0,-847.1905473449588,0,224.27000427246094,0.0,-1102.323534927331
2026-09-09,2026-09-09T11:00:00-04:00,bar_close,99839.8880223055,99839.8880223055,0.0,0.0,0.0,0.0,1333.4990016204833,6667495.008102417,-0.011735222996222427,0,1790.56494140625,0.0,285.62696728519586,0,371.30999755859375,0.0,1503.7751372925268,0,135.50999450683594,0.0,-847.1905473449588,0,224.46499633789062,0.0,-1102.323534927331
2026-09-09,2026-09-09T11:00:00-04:00,open_before_orders,99839.8880223055,99839.8880223055,0.0,0.0,0.0,0.0,1333.4990016204833,6667495.008102417,-0.011735222996222427,0,1790.594970703125,0.0,285.62696728519586,0,371.30999755859375,0.0,1503.7751372925268,0,135.5399932861328,0.0,-847.1905473449588,0,224.47000122070312,0.0,-1102.323534927331
2026-09-09,2026-09-09T11:00:00-04:00,after_fill,166291.0846873812,99826.59512439292,66464.48956298828,-66464.48956298828,0.6657994242933715,-0.6657994242933715,1346.791899533081,6733959.497665405,-0.011866802698999868,0,1790.594970703125,0.0,285.62696728519586,-179,371.30999755859375,-0.6657994242933715,1490.4822393799404,0,135.5399932861328,0.0,-847.1905473449588,0,224.47000122070312,0.0,-1102.323534927331
2026-09-09,2026-09-09T11:05:00-04:00,bar_close,166291.0846873812,100052.13687243979,66238.9478149414,-66238.9478149414,0.6620443089525606,-0.6620443089525606,1346.791899533081,6733959.497665405,-0.009634278506977734,0,1791.6099853515625,0.0,285.62696728519586,-179,370.04998779296875,-0.6620443089525606,1716.0239874268154,0,134.99000549316406,0.0,-847.1905473449588,0,224.47999572753906,0.0,-1102.323534927331
2026-09-09,2026-09-09T11:05:00-04:00,open_before_orders,166291.0846873812,100045.87121692221,66245.21347045898,-66245.21347045898,0.6621483991760568,-0.6621483991760568,1346.791899533081,6733959.497665405,-0.009696299075865777,0,1791.6099853515625,0.0,285.62696728519586,-179,370.0849914550781,-0.6621483991760568,1709.7583319092373,0,134.9199981689453,0.0,-847.1905473449588,0,224.47500610351562,0.0,-1102.323534927331
2026-09-09,2026-09-09T11:05:00-04:00,after_fill,100032.62217422812,100032.62217422812,0.0,0.0,0.0,0.0,1360.0409422271728,6800204.711135864,-0.00982744467791874,0,1791.6099853515625,0.0,285.62696728519586,0,370.0849914550781,0.0,1696.5092892151442,0,134.9199981689453,0.0,-847.1905473449588,0,224.47500610351562,0.0,-1102.323534927331
2026-09-09,2026-09-09T11:10:00-04:00,bar_close,100032.62217422812,100032.62217422812,0.0,0.0,0.0,0.0,1360.0409422271728,6800204.711135864,-0.00982744467791874,0,1783.1263427734375,0.0,285.62696728519586,0,369.1449890136719,0.0,1696.5092892151442,0,134.64999389648438,0.0,-847.1905473449588,0,224.47999572753906,0.0,-1102.323534927331
2026-09-09,2026-09-09T11:10:00-04:00,open_before_orders,100032.62217422812,100032.62217422812,0.0,0.0,0.0,0.0,1360.0409422271728,6800204.711135864,-0.00982744467791874,0,1784.0,0.0,285.62696728519586,0,369.1199951171875,0.0,1696.5092892151442,0,134.64999389648438,0.0,-847.1905473449588,0,224.49000549316406,0.0,-1102.323534927331
2026-09-09,2026-09-09T11:10:00-04:00,after_fill,87542.12457422812,100030.12457422812,12488.0,12488.0,0.1248423917610258,0.1248423917610258,1362.5385422271727,6812692.711135864,-0.009852167162648473,7,1784.0,0.1248423917610258,283.12936728519526,0,369.1199951171875,0.0,1696.5092892151442,0,134.64999389648438,0.0,-847.1905473449588,0,224.49000549316406,0.0,-1102.323534927331
2026-09-09,2026-09-09T11:15:00-04:00,bar_close,87542.12457422812,99955.46930079062,12413.3447265625,12413.3447265625,0.12418874938406511,0.12418874938406511,1362.5385422271727,6812692.711135864,-0.010591142121628594,7,1773.3349609375,0.12418874938406511,208.47409384769526,0,368.5799865722656,0.0,1696.5092892151442,0,134.00999450683594,0.0,-847.1905473449588,0,224.2899932861328,0.0,-1102.323534927331
2026-09-09,2026-09-09T11:15:00-04:00,open_before_orders,87542.12457422812,99956.62457422812,12414.5,12414.5,0.12419887178944254,0.12419887178944254,1362.5385422271727,6812692.711135864,-0.010579706651610565,7,1773.5,0.12419887178944254,209.62936728519526,0,368.5408935546875,0.0,1696.5092892151442,0,134.00999450683594,0.0,-847.1905473449588,0,224.3000030517578,0.0,-1102.323534927331
2026-09-09,2026-09-09T11:20:00-04:00,bar_close,87542.12457422812,100099.21539454062,12557.0908203125,12557.0908203125,0.12544644601677227,0.12544644601677227,1362.5385422271727,6812692.711135864,-0.009168271923163718,7,1793.8701171875,0.12544644601677227,352.22018759769526,0,368.4179992675781,0.0,1696.5092892151442,0,134.1300048828125,0.0,-847.1905473449588,0,224.4199981689453,0.0,-1102.323534927331
2026-09-09,2026-09-09T11:20:00-04:00,open_before_orders,87542.12457422812,100097.11419825155,12554.989624023438,12554.989624023438,0.1254280877584255,0.1254280877584255,1362.5385422271727,6812692.711135864,-0.009189070607168559,7,1793.5699462890625,0.1254280877584255,350.11899130863276,0,368.4150085449219,0.0,1696.5092892151442,0,134.05999755859375,0.0,-847.1905473449588,0,224.4199981689453,0.0,-1102.323534927331
2026-09-09,2026-09-09T11:20:00-04:00,after_fill,100094.60320032675,100094.60320032675,0.0,0.0,0.0,0.0,1365.0495401519775,6825247.700759888,-0.00921392571120938,0,1793.5699462890625,0.0,347.6079933838282,0,368.4150085449219,0.0,1696.5092892151442,0,134.05999755859375,0.0,-847.1905473449588,0,224.4199981689453,0.0,-1102.323534927331
2026-09-09,2026-09-09T11:25:00-04:00,bar_close,100094.60320032675,100094.60320032675,0.0,0.0,0.0,0.0,1365.0495401519775,6825247.700759888,-0.00921392571120938,0,1773.27001953125,0.0,347.6079933838282,0,367.489990234375,0.0,1696.5092892151442,0,132.9600067138672,0.0,-847.1905473449588,0,223.63499450683594,0.0,-1102.323534927331
2026-09-09,2026-09-09T11:25:00-04:00,open_before_orders,100094.60320032675,100094.60320032675,0.0,0.0,0.0,0.0,1365.0495401519775,6825247.700759888,-0.00921392571120938,0,1773.6446533203125,0.0,347.6079933838282,0,367.489990234375,0.0,1696.5092892151442,0,132.97999572753906,0.0,-847.1905473449588,0,223.6300048828125,0.0,-1102.323534927331
2026-09-09,2026-09-09T11:30:00-04:00,bar_close,100094.60320032675,100094.60320032675,0.0,0.0,0.0,0.0,1365.0495401519775,6825247.700759888,-0.00921392571120938,0,1775.8199462890625,0.0,347.6079933838282,0,368.67999267578125,0.0,1696.5092892151442,0,133.88999938964844,0.0,-847.1905473449588,0,223.59010314941406,0.0,-1102.323534927331
2026-09-09,2026-09-09T11:30:00-04:00,open_before_orders,100094.60320032675,100094.60320032675,0.0,0.0,0.0,0.0,1365.0495401519775,6825247.700759888,-0.00921392571120938,0,1776.0799560546875,0.0,347.6079933838282,0,368.67498779296875,0.0,1696.5092892151442,0,133.88999938964844,0.0,-847.1905473449588,0,223.60000610351562,0.0,-1102.323534927331
2026-09-09,2026-09-09T11:30:00-04:00,after_fill,91212.42734009726,100092.8271203707,8880.399780273438,8880.399780273438,0.08872164005912184,0.08872164005912184,1366.8256201080321,6834128.100540161,-0.009231506232346476,5,1776.0799560546875,0.08872164005912184,345.83191342777354,0,368.67498779296875,0.0,1696.5092892151442,0,133.88999938964844,0.0,-847.1905473449588,0,223.60000610351562,0.0,-1102.323534927331
2026-09-09,2026-09-09T11:35:00-04:00,bar_close,91212.42734009726,100075.16842896445,8862.741088867188,8862.741088867188,0.0885608410957425,0.0885608410957425,1366.8256201080321,6834128.100540161,-0.009406300726515826,5,1772.5482177734375,0.0885608410957425,328.17322202152354,0,369.364990234375,0.0,1696.5092892151442,0,134.38999938964844,0.0,-847.1905473449588,0,224.2899932861328,0.0,-1102.323534927331
2026-09-09,2026-09-09T11:35:00-04:00,open_before_orders,91212.42734009726,100073.12741333945,8860.700073242188,8860.700073242188,0.08854225207376784,0.08854225207376784,1366.8256201080321,6834128.100540161,-0.009426503712431145,5,1772.1400146484375,0.08854225207376784,326.13220639652354,0,369.364990234375,0.0,1696.5092892151442,0,134.4600067138672,0.0,-847.1905473449588,0,224.2949981689453,0.0,-1102.323534927331
2026-09-09,2026-09-09T11:40:00-04:00,bar_close,91212.42734009726,100086.70224244101,8874.27490234375,8874.27490234375,0.08866587372264005,0.08866587372264005,1366.8256201080321,6834128.100540161,-0.009292133314780848,5,1774.85498046875,0.08866587372264005,339.70703549808604,0,371.1099853515625,0.0,1696.5092892151442,0,134.7449951171875,0.0,-847.1905473449588,0,224.52130126953125,0.0,-1102.323534927331
2026-09-09,2026-09-09T11:40:00-04:00,open_before_orders,91212.42734009726,100086.42758423788,8874.000244140625,8874.000244140625,0.08866337283016532,0.08866337283016532,1366.8256201080321,6834128.100540161,-0.009294852018028932,5,1774.800048828125,0.08866337283016532,339.43237729496104,0,371.12799072265625,0.0,1696.5092892151442,0,134.72000122070312,0.0,-847.1905473449588,0,224.5050048828125,0.0,-1102.323534927331
2026-09-09,2026-09-09T11:40:00-04:00,after_fill,94761.31751773397,100085.71766421835,5324.400146484375,5324.400146484375,0.053198401038072406,0.053198401038072406,1367.5355401275633,6837677.700637817,-0.00930187915882108,3,1774.800048828125,0.053198401038072406,338.7224572754294,0,371.12799072265625,0.0,1696.5092892151442,0,134.72000122070312,0.0,-847.1905473449588,0,224.5050048828125,0.0,-1102.323534927331
2026-09-09,2026-09-09T11:45:00-04:00,bar_close,94761.31751773397,100064.92457339804,5303.6070556640625,5303.6070556640625,0.053001659455345365,0.053001659455345365,1367.5355401275633,6837677.700637817,-0.00950769949445851,3,1767.8690185546875,0.053001659455345365,317.9293664551169,0,370.20001220703125,0.0,1696.5092892151442,0,134.64999389648438,0.0,-847.1905473449588,0,224.17999267578125,0.0,-1102.323534927331
2026-09-09,2026-09-09T11:45:00-04:00,open_before_orders,94761.31751773397,100063.77247378866,5302.4549560546875,5302.4549560546875,0.05299075604453796,0.05299075604453796,1367.5355401275633,6837677.700637817,-0.009519103548350172,3,1767.4849853515625,0.05299075604453796,316.7772668457419,0,370.1686096191406,0.0,1696.5092892151442,0,134.61500549316406,0.0,-847.1905473449588,0,224.17999267578125,0.0,-1102.323534927331
2026-09-09,2026-09-09T11:50:00-04:00,bar_close,94761.31751773397,100059.1673712496,5297.849853515625,5297.849853515625,0.05294717108587371,0.05294717108587371,1367.5355401275633,6837677.700637817,-0.00956468713947789,3,1765.949951171875,0.05294717108587371,312.1721643066794,0,370.2449951171875,0.0,1696.5092892151442,0,134.3300018310547,0.0,-847.1905473449588,0,224.3000030517578,0.0,-1102.323534927331
2026-09-09,2026-09-09T11:50:00-04:00,open_before_orders,94761.31751773397,100060.21766421835,5298.900146484375,5298.900146484375,0.05295711192900261,0.05295711192900261,1367.5355401275633,6837677.700637817,-0.009554290818256872,3,1766.300048828125,0.05295711192900261,313.2224572754294,0,370.2449951171875,0.0,1696.5092892151442,0,134.3699951171875,0.0,-847.1905473449588,0,224.30499267578125,0.0,-1102.323534927331
2026-09-09,2026-09-09T11:50:00-04:00,after_fill,92994.66420889608,100059.86440420858,7065.2001953125,7065.2001953125,0.07060973185783503,0.07060973185783503,1367.8888001373289,6839444.0006866455,-0.009557787561208952,4,1766.300048828125,0.07060973185783503,312.8691972656634,0,370.2449951171875,0.0,1696.5092892151442,0,134.3699951171875,0.0,-847.1905473449588,0,224.30499267578125,0.0,-1102.323534927331
2026-09-09,2026-09-09T11:50:00-04:00,after_fill,72256.79773838827,100055.71766026327,27798.919921875,27798.919921875,0.27783439639367286,0.27783439639367286,1372.0355440826413,6860177.720413208,-0.009598834091424258,4,1766.300048828125,0.07061265823210837,312.8691972656634,56,370.2449951171875,0.2072217381615645,1692.3625452698325,0,134.3699951171875,0.0,-847.1905473449588,0,224.30499267578125,0.0,-1102.323534927331
2026-09-09,2026-09-09T11:55:00-04:00,bar_close,72256.79773838827,100081.71766026327,27824.919921875,27824.919921875,0.27802200614031514,0.27802200614031514,1372.0355440826413,6860177.720413208,-0.009341473183764215,4,1767.550048828125,0.07064427310603276,317.8691972656634,56,370.6199951171875,0.2073777330342824,1713.3625452698325,0,134.4199981689453,0.0,-847.1905473449588,0,224.42750549316406,0.0,-1102.323534927331
2026-09-09,2026-09-09T11:55:00-04:00,open_before_orders,72256.79773838827,100078.59070713827,27821.79296875,27821.79296875,0.2779994479555113,0.2779994479555113,1372.0355440826413,6860177.720413208,-0.009372425318166622,4,1766.969970703125,0.07062329548080229,315.5488847656634,56,370.6055908203125,0.207376152474709,1712.5559046448325,0,134.4499969482422,0.0,-847.1905473449588,0,224.4199981689453,0.0,-1102.323534927331
2026-09-09,2026-09-09T12:00:00-04:00,bar_close,72256.79773838827,100077.47791416952,27820.68017578125,27820.68017578125,0.277991419804178,0.277991419804178,1372.0355440826413,6860177.720413208,-0.009383440295415602,4,1766.4200439453125,0.0706021007228126,313.3491777344134,56,370.625,0.2073893190813654,1713.6428187073325,0,134.27999877929688,0.0,-847.1905473449588,0,224.4199981689453,0.0,-1102.323534927331
2026-09-09,2026-09-09T12:00:00-04:00,open_before_orders,72256.79773838827,100078.53748448202,27821.73974609375,27821.73974609375,0.2779990639891968,0.2779990639891968,1372.0355440826413,6860177.720413208,-0.009372952142440494,4,1766.7550048828125,0.0706147411539367,314.6890214844134,56,370.6199951171875,0.20738432283526012,1713.3625452698325,0,134.2100067138672,0.0,-847.1905473449588,0,224.44000244140625,0.0,-1102.323534927331
2026-09-09,2026-09-09T12:00:00-04:00,after_fill,68722.5810266207,100077.83078248007,31355.249755859375,31355.249755859375,0.313308646987066,0.313308646987066,1372.7422460845944,6863711.230422974,-0.009379947429696833,6,1766.7550048828125,0.10592285970243707,313.9823194824603,56,370.6199951171875,0.20738578728462892,1713.3625452698325,0,134.2100067138672,0.0,-847.1905473449588,0,224.44000244140625,0.0,-1102.323534927331
2026-09-09,2026-09-09T12:05:00-04:00,bar_close,68722.5810266207,100107.71115357382,31385.130126953125,31385.130126953125,0.3135136121412829,0.3135136121412829,1372.7422460845944,6863711.230422974,-0.009084176682546574,6,1771.31494140625,0.1061645454278083,341.3419386230853,56,370.6650085449219,0.2073490667134746,1715.8832972229575,0,135.16000366210938,0.0,-847.1905473449588,0,224.14999389648438,0.0,-1102.323534927331
2026-09-09,2026-09-09T12:05:00-04:00,open_before_orders,68722.5810266207,100107.72311646445,31385.14208984375,31385.14208984375,0.31351369417652775,0.31351369417652775,1372.7422460845944,6863711.230422974,-0.00908405826791625,6,1771.1500244140625,0.10615464836934842,340.3524366699603,56,370.6828918457031,0.20735904580717932,1716.8847620667075,0,135.17999267578125,0.0,-847.1905473449588,0,224.14999389648438,0.0,-1102.323534927331
2026-09-09,2026-09-09T12:05:00-04:00,after_fill,75805.76420425742,100106.30619644492,24300.5419921875,24300.5419921875,0.2427473644317773,0.2427473644317773,1374.1591661041257,6870795.83052063,-0.009098083645697308,2,1771.1500244140625,0.035385383632843735,338.93551665042924,56,370.6828918457031,0.20736198079893356,1716.8847620667075,0,135.17999267578125,0.0,-847.1905473449588,0,224.14999389648438,0.0,-1102.323534927331
2026-09-09,2026-09-09T12:05:00-04:00,after_fill,29835.37445498984,100097.11395694297,70261.73950195312,70261.73950195312,0.701935717469101,0.701935717469101,1383.3514056060787,6916757.0280303955,-0.009189072995760772,2,1771.1500244140625,0.03538863318628602,338.93551665042924,56,370.6828918457031,0.20738102351570883,1716.8847620667075,340,135.17999267578125,0.4591660607671062,-856.3827868469089,0,224.14999389648438,0.0,-1102.323534927331
2026-09-09,2026-09-09T12:10:00-04:00,bar_close,29835.37445498984,99860.56219913047,70025.18774414062,70025.18774414062,0.7012296566536892,0.7012296566536892,1383.3514056060787,6916757.0280303955,-0.011530579730345547,2,1768.31494140625,0.03541568167581671,333.26535063480424,56,369.9599914550781,0.2074668824732971,1676.4023401917075,340,134.6199951171875,0.45834709250457534,-1046.7819567687839,0,223.97000122070312,0.0,-1102.323534927331
2026-09-09,2026-09-09T12:10:00-04:00,open_before_orders,29835.37445498984,99874.07153750937,70038.69708251953,70038.69708251953,0.70127006944155,0.70127006944155,1383.3514056060787,6916757.0280303955,-0.011396857592380849,2,1768.4000244140625,0.035412595024723915,333.43551665042924,56,369.92498779296875,0.20741919296467337,1674.4421351135825,340,134.6649932861328,0.4584382814521527,-1031.4825793273776,0,223.97000122070312,0.0,-1102.323534927331
2026-09-09,2026-09-09T12:10:00-04:00,after_fill,30205.22545778525,99873.9975525118,69668.77209472656,69668.77209472656,0.6975666720268814,0.6975666720268814,1383.4253906036374,6917126.9530181885,-0.011397589932616525,2,1768.4000244140625,0.035412621257785784,333.43551665042924,55,369.92498779296875,0.2037154297134829,1674.3681501160245,340,134.6649932861328,0.4584386210556128,-1031.4825793273776,0,223.97000122070312,0.0,-1102.323534927331
2026-09-09,2026-09-09T12:10:00-04:00,after_fill,47169.62105400718,99870.603994681,52700.98294067383,52700.98294067383,0.5276926426066335,0.5276926426066335,1386.818948434448,6934094.742172241,-0.011431181052752426,2,1768.4000244140625,0.035413824562595925,333.43551665042924,55,369.92498779296875,0.2037223518713963,1674.3681501160245,214,134.6649932861328,0.28855646617264125,-1034.8761371581895,0,223.97000122070312,0.0,-1102.323534927331
2026-09-09,2026-09-09T12:10:00-04:00,after_fill,45400.86734958823,99870.25031467612,54469.38296508789,54469.38296508789,0.545401486363187,0.545401486363187,1387.1726284393308,6935863.142196655,-0.011434681953024661,3,1768.4000244140625,0.05312092496540562,333.081836645546,55,369.92498779296875,0.20372307333271417,1674.3681501160245,214,134.6649932861328,0.28855748806506715,-1034.8761371581895,0,223.97000122070312,0.0,-1102.323534927331
2026-09-09,2026-09-09T12:15:00-04:00,bar_close,45400.86734958823,99885.64283176596,54484.775482177734,54484.775482177734,0.5454715406291635,0.5454715406291635,1387.1726284393308,6935863.142196655,-0.011282319177277955,3,1766.2049560546875,0.053046811513125486,326.496631567421,55,370.63580322265625,0.2040830753983314,1713.462998748837,214,134.5850067138672,0.28834165371770654,-1051.9932636230333,0,223.88999938964844,0.0,-1102.323534927331
2026-09-09,2026-09-09T12:15:00-04:00,open_before_orders,45400.86734958823,99875.03724094565,54474.16989135742,54474.16989135742,0.5454232748863969,0.5454232748863969,1387.1726284393308,6935863.142196655,-0.011387298580346705,3,1765.6400146484375,0.05303547503233111,324.801807348671,55,370.6099853515625,0.20409052909949071,1712.0430158386807,214,134.5500030517578,0.288297270754575,-1059.4840473144395,0,223.8800048828125,0.0,-1102.323534927331
2026-09-09,2026-09-09T12:20:00-04:00,bar_close,45400.86734958823,99789.53183933432,54388.664489746094,54388.664489746094,0.5450337674428046,0.5450337674428046,1387.1726284393308,6935863.142196655,-0.01223367349452087,3,1768.8050537109375,0.053176070308420545,334.296924536171,55,370.04998779296875,0.20395675732182142,1681.2431501160245,214,134.25,0.2879009398125627,-1123.6847003906114,0,223.75,0.0,-1102.323534927331
2026-09-09,2026-09-09T12:20:00-04:00,open_before_orders,45400.86734958823,99796.53641697104,54395.66906738281,54395.66906738281,0.5450657008786979,0.5450657008786979,1387.1726284393308,6935863.142196655,-0.01216433870766076,3,1769.0,0.05317819826758548,334.8817634033585,55,370.04998779296875,0.20394244188571023,1681.2431501160245,214,134.27999877929688,0.28794506072540216,-1117.2649616210801,0,223.7449951171875,0.0,-1102.323534927331
2026-09-09,2026-09-09T12:25:00-04:00,bar_close,45400.86734958823,99789.9517917269,54389.08444213867,54389.08444213867,0.5450356821060997,0.5450356821060997,1387.1726284393308,6935863.142196655,-0.012229516597254353,3,1772.241943359375,0.053279170243259996,344.6075934814835,55,369.5199890136719,0.20366378609110505,1652.0932172546964,214,134.33999633789062,0.2880927257717346,-1104.4254840820176,0,223.9405059814453,0.0,-1102.323534927331
2026-09-09,2026-09-09T12:25:00-04:00,open_before_orders,45400.86734958823,99807.54642673666,54406.67907714844,54406.67907714844,0.5451158857720788,0.5451158857720788,1387.1726284393308,6935863.142196655,-0.01205535616509823,3,1772.4000244140625,0.053274529468022316,345.081836645546,55,369.5199890136719,0.20362788309469576,1652.0932172546964,214,134.4199981689453,0.28821347320936075,-1087.3050922363145,0,223.94500732421875,0.0,-1102.323534927331
2026-09-09,2026-09-09T12:25:00-04:00,after_fill,50717.003982815775,99806.48298672203,49089.47900390625,49089.47900390625,0.4918465968832603,0.4918465968832603,1388.2360684539792,6941180.342269897,-0.012065882622306234,0,1772.4000244140625,0.0,344.01839663089777,55,369.5199890136719,0.20363005275374493,1652.0932172546964,214,134.4199981689453,0.2882165441295154,-1087.3050922363145,0,223.94500732421875,0.0,-1102.323534927331
2026-09-09,2026-09-09T12:25:00-04:00,after_fill,51086.45006783165,99806.40908272422,48719.95901489258,48719.95901489258,0.48814459374559,0.48814459374559,1388.309972451782,6941549.862258911,-0.012066614160766043,0,1772.4000244140625,0.0,344.01839663089777,54,369.5199890136719,0.1999278361993708,1652.019313256893,214,134.4199981689453,0.2882167575462192,-1087.3050922363145,0,223.94500732421875,0.0,-1102.323534927331
2026-09-09,2026-09-09T12:25:00-04:00,after_fill,47725.27801361717,99805.73698273339,52080.45896911621,52080.45896911621,0.521818289645276,0.521818289645276,1388.9820724426268,6944910.362213135,-0.012073266940138327,0,1772.4000244140625,0.0,344.01839663089777,54,369.5199890136719,0.1999291825297616,1652.019313256893,239,134.4199981689453,0.32188910711551444,-1087.9771922271611,0,223.94500732421875,0.0,-1102.323534927331
2026-09-09,2026-09-09T12:30:00-04:00,bar_close,47725.27801361717,99823.10832062401,52097.830307006836,52097.830307006836,0.5219015034041284,0.5219015034041284,1388.9820724426268,6944910.362213135,-0.011901316813722862,0,1771.0899658203125,0.0,344.01839663089777,54,368.7351989746094,0.19946985301914344,1609.640651147518,239,134.6699981689453,0.322431650384985,-1028.2271922271611,0,223.86000061035156,0.0,-1102.323534927331
2026-09-09,2026-09-09T12:30:00-04:00,open_before_orders,47725.27801361717,99831.61781159081,52106.33979797363,52106.33979797363,0.521942255772238,0.521942255772238,1388.9820724426268,6944910.362213135,-0.011817085647609749,0,1771.0999755859375,0.0,344.01839663089777,54,368.760009765625,0.19946627094559388,1610.9804338623617,239,134.6999969482422,0.322475984826644,-1021.057483975208,0,223.86000061035156,0.0,-1102.323534927331
2026-09-09,2026-09-09T12:35:00-04:00,bar_close,47725.27801361717,99965.85842743554,52240.58041381836,52240.58041381836,0.5225842226097563,0.5225842226097563,1388.9820724426268,6944910.362213135,-0.010488305388431263,0,1779.181640625,0.0,344.01839663089777,54,369.2099914550781,0.1994414878460388,1635.2794450928304,239,135.16000366210938,0.3231427347637175,-911.1158793609502,0,223.8800048828125,0.0,-1102.323534927331
2026-09-09,2026-09-09T12:35:00-04:00,open_before_orders,47725.27801361717,99961.5391525332,52236.261138916016,52236.261138916016,0.5225635937758794,0.5225635937758794,1388.9820724426268,6944910.362213135,-0.010531059715711999,0,1779.72998046875,0.0,344.01839663089777,54,369.1300048828125,0.1994068962189118,1630.9601701904867,239,135.16000366210938,0.3231566975569676,-911.1158793609502,0,223.88499450683594,0.0,-1102.323534927331
2026-09-09,2026-09-09T12:40:00-04:00,bar_close,47725.27801361717,99854.4883712832,52129.210357666016,52129.210357666016,0.5220517495802189,0.5220517495802189,1388.9820724426268,6944910.362213135,-0.011590701493720323,0,1778.0,0.0,344.01839663089777,54,369.0950012207031,0.19960174440841552,1629.0699724365804,239,134.72000122070312,0.3224500051718034,-1016.276462857044,0,224.14999389648438,0.0,-1102.323534927331
2026-09-09,2026-09-09T12:40:00-04:00,open_before_orders,47725.27801361717,99851.59754791894,52126.31953430176,52126.31953430176,0.5220379124058206,0.5220379124058206,1388.9820724426268,6944910.362213135,-0.01161931629852464,0,1778.4949951171875,0.0,344.01839663089777,54,369.1300048828125,0.19962645318825256,1630.9601701904867,239,134.6999969482422,0.32241145921756803,-1021.057483975208,0,224.15989685058594,0.0,-1102.323534927331
2026-09-09,2026-09-09T12:40:00-04:00,after_fill,5266.837461981428,99843.10755780662,94576.2700958252,94576.2700958252,0.9472488628327993,0.9472488628327993,1397.4720625549314,6987360.312774658,-0.011703354435498858,0,1778.4949951171875,0.0,344.01839663089777,169,369.1300048828125,0.6248099879010393,1622.4701800781768,239,134.6999969482422,0.3224388749317601,-1021.057483975208,0,224.15989685058594,0.0,-1102.323534927331
2026-09-09,2026-09-09T12:45:00-04:00,bar_close,5266.837461981428,99865.10252240623,94598.2650604248,94598.2650604248,0.9472604810994939,0.9472604810994939,1397.4720625549314,6987360.312774658,-0.011485637356525524,0,1779.14501953125,0.0,344.01839663089777,169,369.3450012207031,0.6250362101445209,1658.8045611816924,239,134.63999938964844,0.3222242709549729,-1035.3969004791143,0,224.16000366210938,0.0,-1102.323534927331
2026-09-09,2026-09-09T12:45:00-04:00,open_before_orders,5266.837461981428,99863.84843305076,94597.01097106934,94597.01097106934,0.9472598187970661,0.9472598187970661,1397.4720625549314,6987360.312774658,-0.011498050955556671,0,1779.699951171875,0.0,344.01839663089777,169,369.3800048828125,0.62510329618476,1664.7201800781768,239,134.61000061035156,0.32215652261230604,-1042.5666087310674,0,224.16000366210938,0.0,-1102.323534927331
2026-09-09,2026-09-09T12:45:00-04:00,after_fill,8093.082112796247,99863.2830710482,91770.20095825195,91770.20095825195,0.9189583812597231,0.9189583812597231,1398.037424557495,6990187.122787476,-0.011503647189331279,0,1779.699951171875,0.0,344.01839663089777,169,369.3800048828125,0.6251068351195964,1664.7201800781768,218,134.61000061035156,0.2938515461401266,-1043.1319707336297,0,224.16000366210938,0.0,-1102.323534927331
2026-09-09,2026-09-09T12:50:00-04:00,bar_close,8093.082112796247,99965.5370993685,91872.45498657227,91872.45498657227,0.9190412781481733,0.9190412781481733,1398.037424557495,6990187.122787476,-0.010491486053161525,0,1781.9300537109375,0.0,344.01839663089777,169,370.18499755859375,0.6258283244676085,1800.763942285208,218,134.4550018310547,0.2932129536805648,-1076.9217046203485,0,224.1199951171875,0.0,-1102.323534927331
2026-09-09,2026-09-09T12:50:00-04:00,open_before_orders,8093.082112796247,99970.13994360679,91877.05783081055,91877.05783081055,0.9190450056650761,0.9190450056650761,1398.037424557495,6990187.122787476,-0.010445924815816077,0,1781.83154296875,0.0,344.01839663089777,169,370.17999267578125,0.6257910491822598,1799.9181170898955,218,134.47999572753906,0.29325395648281627,-1071.4730351867547,0,224.1199951171875,0.0,-1102.323534927331
2026-09-09,2026-09-09T12:50:00-04:00,after_fill,27708.69781669029,99966.21603568443,72257.51821899414,72257.51821899414,0.7228193792310869,0.7228193792310869,1401.9613324798581,7009806.662399292,-0.010484765604449664,0,1781.83154296875,0.0,344.01839663089777,116,370.17999267578125,0.42955391184419983,1795.994209167533,218,134.47999572753906,0.293265467386887,-1071.4730351867547,0,224.1199951171875,0.0,-1102.323534927331
2026-09-09,2026-09-09T12:50:00-04:00,after_fill,27843.150916418686,99966.18913968529,72123.0382232666,72123.0382232666,0.7214743189068381,0.7214743189068381,1401.9882284790037,7009941.1423950195,-0.010485031834401637,0,1781.83154296875,0.0,344.01839663089777,116,370.17999267578125,0.4295540274160921,1795.994209167533,217,134.47999572753906,0.291920291490746,-1071.4999311858992,0,224.1199951171875,0.0,-1102.323534927331
2026-09-09,2026-09-09T12:55:00-04:00,bar_close,27843.150916418686,99837.68268521751,71994.53176879883,71994.53176879883,0.7211158135129544,0.7211158135129544,1401.9882284790037,7009941.1423950195,-0.011757052517555544,0,1779.5999755859375,0.0,344.01839663089777,116,369.0815124511719,0.428830620791994,1668.5705031128455,217,134.47500610351562,0.2922851927209604,-1072.5826795989851,0,224.10499572753906,0.0,-1102.323534927331
2026-09-09,2026-09-09T12:55:00-04:00,open_before_orders,27843.150916418686,99848.70860990013,72005.55769348145,72005.55769348145,0.721146609665235,0.721146609665235,1401.9882284790037,7009941.1423950195,-0.011647912441243635,0,1779.60498046875,0.0,344.01839663089777,116,369.05499267578125,0.428752457056274,1665.494209167533,217,134.5399932861328,0.292394152608961,-1058.4804609710554,0,224.11000061035156,0.0,-1102.323534927331
2026-09-09,2026-09-09T12:55:00-04:00,after_fill,70644.96799097923,99840.14653407005,29195.17854309082,29195.17854309082,0.2924192277014345,0.2924192277014345,1410.5503043090819,7052751.52154541,-0.011732664118439096,0,1779.60498046875,0.0,344.01839663089777,0,369.05499267578125,0.0,1656.932133337461,217,134.5399932861328,0.2924192277014345,-1058.4804609710554,0,224.11000061035156,0.0,-1102.323534927331
2026-09-09,2026-09-09T13:00:00-04:00,bar_close,70644.96799097923,99871.61246119408,29226.644470214844,29226.644470214844,0.2926421607698694,0.2926421607698694,1410.5503043090819,7052751.52154541,-0.011421198750554362,0,1777.8399658203125,0.0,344.01839663089777,0,368.8039855957031,0.0,1656.932133337461,217,134.68499755859375,0.2926421607698694,-1027.014533847032,0,224.05999755859375,0.0,-1102.323534927331
2026-09-09,2026-09-09T13:00:00-04:00,open_before_orders,70644.96799097923,99855.33812342552,29210.37013244629,29210.37013244629,0.29252687619304846,0.29252687619304846,1410.5503043090819,7052751.52154541,-0.011582290225157443,0,1778.679931640625,0.0,344.01839663089777,0,368.80999755859375,0.0,1656.932133337461,217,134.61000061035156,0.29252687619304846,-1043.2888716155867,0,224.0500030517578,0.0,-1102.323534927331
2026-09-09,2026-09-09T13:05:00-04:00,bar_close,70644.96799097923,99815.19365321068,29170.225662231445,29170.225662231445,0.2922423390128157,0.2922423390128157,1410.5503043090819,7052751.52154541,-0.011979660121004598,0,1774.625,0.0,344.01839663089777,0,368.43499755859375,0.0,1656.932133337461,217,134.4250030517578,0.2922423390128157,-1083.4333418304304,0,224.07659912109375,0.0,-1102.323534927331
2026-09-09,2026-09-09T13:05:00-04:00,open_before_orders,70644.96799097923,99809.76666651634,29164.79867553711,29164.79867553711,0.29220385589100034,0.29220385589100034,1410.5503043090819,7052751.52154541,-0.012033379129524291,0,1775.0,0.0,344.01839663089777,0,368.44500732421875,0.0,1656.932133337461,217,134.39999389648438,0.29220385589100034,-1088.8603285247664,0,224.07989501953125,0.0,-1102.323534927331
2026-09-09,2026-09-09T13:10:00-04:00,bar_close,70644.96799097923,99822.78944788841,29177.82145690918,29177.82145690918,0.29229619426875664,0.29229619426875664,1410.5503043090819,7052751.52154541,-0.011904473174363717,0,1773.949951171875,0.0,344.01839663089777,0,368.4849853515625,0.0,1656.932133337461,217,134.4600067138672,0.29229619426875664,-1075.837547152696,0,224.09410095214844,0.0,-1102.323534927331
2026-09-09,2026-09-09T13:10:00-04:00,open_before_orders,70644.96799097923,99824.95825587181,29179.990264892578,29179.990264892578,0.2923115699192008,0.2923115699192008,1410.5503043090819,7052751.52154541,-0.011883005236242639,0,1774.0,0.0,344.01839663089777,0,368.45001220703125,0.0,1656.932133337461,217,134.47000122070312,0.2923115699192008,-1073.6687391692976,0,224.08999633789062,0.0,-1102.323534927331
2026-09-09,2026-09-09T13:15:00-04:00,bar_close,70644.96799097923,99926.94852076439,29281.980529785156,29281.980529785156,0.2930338708751873,0.2930338708751873,1410.5503043090819,7052751.52154541,-0.010873454961425666,0,1776.3800048828125,0.0,344.01839663089777,0,368.5299987792969,0.0,1656.932133337461,217,134.94000244140625,0.2930338708751873,-971.6784742767195,0,224.41050720214844,0.0,-1102.323534927331
2026-09-09,2026-09-09T13:15:00-04:00,open_before_orders,70644.96799097923,99939.94481287865,29294.976821899414,29294.976821899414,0.2931258054699701,0.2931258054699701,1410.5503043090819,7052751.52154541,-0.010744811210089522,0,1775.9100341796875,0.0,344.01839663089777,0,368.5299987792969,0.0,1656.932133337461,217,134.99989318847656,0.2931258054699701,-958.6821821624617,0,224.4149932861328,0.0,-1102.323534927331
2026-09-09,2026-09-09T13:20:00-04:00,bar_close,70644.96799097923,99942.13679896263,29297.1688079834,29297.1688079834,0.29314130902479857,0.29314130902479857,1410.5503043090819,7052751.52154541,-0.010723113843622123,0,1776.52001953125,0.0,344.01839663089777,0,368.260986328125,0.0,1656.932133337461,217,135.00999450683594,0.29314130902479857,-956.4901960784773,0,224.22999572753906,0.0,-1102.323534927331
2026-09-09,2026-09-09T13:20:00-04:00,open_before_orders,70644.96799097923,99935.6502419558,29290.682250976562,29290.682250976562,0.2930954287089785,0.2930954287089785,1410.5503043090819,7052751.52154541,-0.010787321005117034,0,1776.5799560546875,0.0,344.01839663089777,0,368.3500061035156,0.0,1656.932133337461,217,134.9801025390625,0.2930954287089785,-962.9767530853132,0,224.23500061035156,0.0,-1102.323534927331
2026-09-09,2026-09-09T13:25:00-04:00,bar_close,70644.96799097923,100030.02153407005,29385.05354309082,29385.05354309082,0.2937623434688787,0.2937623434688787,1410.5503043090819,7052751.52154541,-0.009853187105287153,0,1775.9599609375,0.0,344.01839663089777,0,368.07000732421875,0.0,1656.932133337461,217,135.4149932861328,0.2937623434688787,-868.6054609710554,0,224.30999755859375,0.0,-1102.323534927331
2026-09-09,2026-09-09T13:25:00-04:00,open_before_orders,70644.96799097923,100027.85272608665,29382.884735107422,29382.884735107422,0.29374703079519915,0.29374703079519915,1410.5503043090819,7052751.52154541,-0.009874655043408231,0,1776.22998046875,0.0,344.01839663089777,0,368.05499267578125,0.0,1656.932133337461,217,135.40499877929688,0.29374703079519915,-870.7742689544539,0,224.31500244140625,0.0,-1102.323534927331
2026-09-09,2026-09-09T13:30:00-04:00,bar_close,70644.96799097923,100059.31865321068,29414.350662231445,29414.350662231445,0.2939691280946735,0.2939691280946735,1410.5503043090819,7052751.52154541,-0.009563189675523387,0,1775.4549560546875,0.0,344.01839663089777,0,368.1650085449219,0.0,1656.932133337461,217,135.5500030517578,0.2939691280946735,-839.3083418304304,0,224.27000427246094,0.0,-1102.323534927331
2026-09-09,2026-09-09T13:30:00-04:00,open_before_orders,70644.96799097923,100067.9971963015,29423.029205322266,29423.029205322266,0.29403035965238383,0.29403035965238383,1410.5503043090819,7052751.52154541,-0.009477285147561076,0,1775.4549560546875,0.0,344.01839663089777,0,368.1300048828125,0.0,1656.932133337461,217,135.58999633789062,0.29403035965238383,-830.6297987396101,0,224.27000427246094,0.0,-1102.323534927331
2026-09-09,2026-09-09T13:30:00-04:00,after_fill,91792.77701180443,100063.76678841576,8270.989776611328,8270.989776611328,0.08265718993069976,0.08265718993069976,1414.780712194824,7073903.560974121,-0.009519159824993628,0,1775.4549560546875,0.0,344.01839663089777,0,368.1300048828125,0.0,1656.932133337461,61,135.58999633789062,0.08265718993069976,-834.8602066253516,0,224.27000427246094,0.0,-1102.323534927331
2026-09-09,2026-09-09T13:30:00-04:00,after_fill,71173.37368231225,100059.64373236107,28886.270050048828,28886.270050048828,0.2886905147025473,0.2886905147025473,1418.9037682495116,7094518.841247559,-0.009559971880707785,0,1775.4549560546875,0.0,344.01839663089777,56,368.1300048828125,0.2060299188010216,1652.8090772827745,61,135.58999633789062,0.0826605959015257,-834.8602066253516,0,224.27000427246094,0.0,-1102.323534927331
2026-09-09,2026-09-09T13:35:00-04:00,bar_close,71173.37368231225,100091.39409857201,28918.020416259766,28918.020416259766,0.2889161518499854,0.2889161518499854,1418.9037682495116,7094518.841247559,-0.009245690993531341,0,1773.0,0.0,344.01839663089777,56,369.1000061035156,0.20650726796192925,1707.1291456421495,61,135.22000122070312,0.08240888388805616,-857.4299087737891,0,224.25,0.0,-1102.323534927331
2026-09-09,2026-09-09T13:35:00-04:00,open_before_orders,71173.37368231225,100088.62418585228,28915.25050354004,28915.25050354004,0.28889647288834713,0.28889647288834713,1418.9037682495116,7094518.841247559,-0.009273108964750199,0,1772.8800048828125,0.0,344.01839663089777,56,369.1050109863281,0.20651578322080785,1707.4094190796495,61,135.1699981689453,0.08238068966753928,-860.4800949310156,0,224.25,0.0,-1102.323534927331
2026-09-09,2026-09-09T13:40:00-04:00,bar_close,71173.37368231225,100054.24561529564,28880.8719329834,28880.8719329834,0.2886521382014026,0.2886521382014026,1418.9037682495116,7094518.841247559,-0.009613405123308327,0,1770.2900390625,0.0,344.01839663089777,56,368.8669128417969,0.20645347923129798,1694.0759229858995,61,134.8249969482422,0.08219865897010463,-881.5251693939063,0,224.26499938964844,0.0,-1102.323534927331
2026-09-09,2026-09-09T13:40:00-04:00,open_before_orders,71173.37368231225,100053.83358221459,28880.459899902344,28880.459899902344,0.28864920878989775,0.28864920878989775,1418.9037682495116,7094518.841247559,-0.009617483631297774,0,1770.5,0.0,344.01839663089777,56,368.864990234375,0.20645325334937348,1693.9682569702745,61,134.82000732421875,0.0821959554405243,-881.8295364593359,0,224.26499938964844,0.0,-1102.323534927331
2026-09-09,2026-09-09T13:45:00-04:00,bar_close,71173.37368231225,100051.41808538842,28878.044403076172,28878.044403076172,0.2886320349645653,0.2886320349645653,1418.9037682495116,7094518.841247559,-0.009641393418052924,0,1772.13134765625,0.0,344.01839663089777,56,368.8599853515625,0.20645543636431615,1693.6879835327745,61,134.78500366210938,0.08217659860024915,-883.9647598480078,0,224.33999633789062,0.0,-1102.323534927331
2026-09-09,2026-09-09T13:45:00-04:00,open_before_orders,71173.37368231225,100052.33304815697,28878.959365844727,28878.959365844727,0.28863854031214614,0.28863854031214614,1418.9037682495116,7094518.841247559,-0.00963233666233787,0,1772.199951171875,0.0,344.01839663089777,56,368.8599853515625,0.20645354836198895,1693.6879835327745,61,134.8000030517578,0.08218499195015719,-883.0497970794531,0,224.3300018310547,0.0,-1102.323534927331
2026-09-09,2026-09-09T13:50:00-04:00,bar_close,71173.37368231225,100047.79406195092,28874.420379638672,28874.420379638672,0.2886062671382764,0.2886062671382764,1418.9037682495116,7094518.841247559,-0.009677265801178114,0,1776.8399658203125,0.0,344.01839663089777,56,368.6700134277344,0.20635658132721194,1683.0495557983995,61,134.89999389648438,0.0822496858110645,-876.9503555511328,0,224.17999267578125,0.0,-1102.323534927331
2026-09-09,2026-09-09T13:50:00-04:00,open_before_orders,71173.37368231225,100045.07795172143,28871.70426940918,28871.70426940918,0.28858695360647074,0.28858695360647074,1418.9037682495116,7094518.841247559,-0.009704151208638434,0,1776.5,0.0,344.01839663089777,56,368.6300048828125,0.20633978898391475,1680.8090772827745,61,134.89219665527344,0.082247164622556,-877.425987265,0,224.1999969482422,0.0,-1102.323534927331
2026-09-09,2026-09-09T13:55:00-04:00,bar_close,71173.37368231225,100067.53299932885,28894.1593170166,28894.1593170166,0.28874659393482194,0.28874659393482194,1418.9037682495116,7094518.841247559,-0.009481879999646226,0,1778.2650146484375,0.0,344.01839663089777,56,368.8699951171875,0.20642779038732817,1694.2485304077745,61,135.0399932861328,0.08231880354749377,-868.4103927825781,0,224.3612060546875,0.0,-1102.323534927331
2026-09-09,2026-09-09T13:55:00-04:00,open_before_orders,71173.37368231225,100066.7798560183,28893.406173706055,28893.406173706055,0.28874124075222074,0.28874124075222074,1418.9037682495116,7094518.841247559,-0.009489334986030884,0,1778.2650146484375,0.0,344.01839663089777,56,368.8999938964844,0.20644613215222465,1695.9284620483995,61,135.00010681152344,0.08229510859999611,-870.84346773375,0,224.36000061035156,0.0,-1102.323534927331
2026-09-09,2026-09-09T14:00:00-04:00,bar_close,71173.37368231225,100078.73681097435,28905.36312866211,28905.36312866211,0.2888262187327331,0.2888262187327331,1418.9037682495116,7094518.841247559,-0.009370979109863953,0,1770.574951171875,0.0,344.01839663089777,56,368.94000244140625,0.20644385406004806,1698.1689405640245,61,135.15939331054688,0.08238236467268506,-861.1269912933203,0,224.23500061035156,0.0,-1102.323534927331
2026-09-09,2026-09-09T14:00:00-04:00,open_before_orders,71173.37368231225,100079.28283148217,28905.909149169922,28905.909149169922,0.288830098811189,0.288830098811189,1418.9037682495116,7094518.841247559,-0.009365574327806603,0,1770.699951171875,0.0,344.01839663089777,56,368.9599914550781,0.2064539127071438,1699.2883253296495,61,135.14999389648438,0.08237618610404517,-861.7003555511328,0,224.23500061035156,0.0,-1102.323534927331
2026-09-09,2026-09-09T14:05:00-04:00,bar_close,71173.37368231225,100058.92739324975,28885.5537109375,28885.5537109375,0.2886854223153126,0.2886854223153126,1418.9037682495116,7094518.841247559,-0.009567062560857154,0,1769.429931640625,0.0,344.01839663089777,56,368.7598876953125,0.20638392044497014,1688.0825147827745,61,135.0,0.08230150187034242,-870.8499832366797,0,224.35000610351562,0.0,-1102.323534927331
2026-09-09,2026-09-09T14:05:00-04:00,open_before_orders,71173.37368231225,100056.64463262963,28883.270950317383,28883.270950317383,0.28866919389877493,0.28866919389877493,1418.9037682495116,7094518.841247559,-0.00958965845874804,0,1769.1800537109375,0.0,344.01839663089777,56,368.7300109863281,0.206371907543465,1686.4094190796495,61,134.99000549316406,0.08229728635530996,-871.4596481536719,0,224.36500549316406,0.0,-1102.323534927331
2026-09-09,2026-09-09T14:10:00-04:00,bar_close,71173.37368231225,99999.91842108178,28826.54473876953,28826.54473876953,0.28826568255172075,0.28826568255172075,1418.9037682495116,7094518.841247559,-0.010151162662289215,0,1769.425048828125,0.0,344.01839663089777,56,368.17999267578125,0.2061809640986376,1655.6083936890245,61,134.56500244140625,0.08208471845308316,-897.3848343108984,0,224.11500549316406,0.0,-1102.323534927331
2026-09-09,2026-09-09T14:10:00-04:00,open_before_orders,71173.37368231225,100000.63233404564,28827.2586517334,28827.2586517334,0.2882707636831516,0.2882707636831516,1418.9037682495116,7094518.841247559,-0.010144095997351887,0,1769.4300537109375,0.0,344.01839663089777,56,368.17999267578125,0.20617949215531348,1655.6083936890245,61,134.5767059326172,0.08209127152783811,-896.6709213470313,0,224.11500549316406,0.0,-1102.323534927331
2026-09-09,2026-09-09T14:15:00-04:00,bar_close,71173.37368231225,99980.85837774682,28807.48469543457,28807.48469543457,0.28812999971048836,0.28812999971048836,1418.9037682495116,7094518.841247559,-0.01033982843354797,0,1773.135009765625,0.0,344.01839663089777,56,368.30999755859375,0.2062930864761602,1662.8886671265245,61,134.13319396972656,0.08183691323432818,-923.7251510833594,0,224.11500549316406,0.0,-1102.323534927331
2026-09-09,2026-09-09T14:15:00-04:00,open_before_orders,71173.37368231225,99983.86840277123,28810.494720458984,28810.494720458984,0.2881514306327885,0.2881514306327885,1418.9037682495116,7094518.841247559,-0.010310033711533939,0,1772.739990234375,0.0,344.01839663089777,56,368.3399963378906,0.2063036780276263,1664.5685987671495,61,134.15499877929688,0.08184775260516215,-922.3950576995703,0,224.1199951171875,0.0,-1102.323534927331
2026-09-09,2026-09-09T14:20:00-04:00,bar_close,71173.37368231225,100008.61379461693,28835.240112304688,28835.240112304688,0.28832756517875835,0.28832756517875835,1418.9037682495116,7094518.841247559,-0.010065091538233428,0,1773.010009765625,0.0,344.01839663089777,56,368.82000732421875,0.20652141477105412,1691.4492140015245,61,134.1199951171875,0.08180615040770424,-924.5302810882422,0,223.93499755859375,0.0,-1102.323534927331
2026-09-09,2026-09-09T14:20:00-04:00,open_before_orders,71173.37368231225,100009.88317327904,28836.509490966797,28836.509490966797,0.28833659810405043,0.28833659810405043,1418.9037682495116,7094518.841247559,-0.010052526598054778,0,1772.904052734375,0.0,344.01839663089777,56,368.80999755859375,0.2065131885765414,1690.8886671265245,61,134.14999389648438,0.08182340952750905,-922.7003555511328,0,223.9362030029297,0.0,-1102.323534927331
2026-09-09,2026-09-09T14:25:00-04:00,bar_close,71173.37368231225,100047.62372808861,28874.250045776367,28874.250045776367,0.2886050559706582,0.2886050559706582,1418.9037682495116,7094518.841247559,-0.009678951850309203,0,1771.0799560546875,0.0,344.01839663089777,56,369.35321044921875,0.2067393408700144,1721.3085890015245,61,134.27000427246094,0.08186571510064385,-915.3797226165625,0,224.1649932861328,0.0,-1102.323534927331
2026-09-09,2026-09-09T14:25:00-04:00,open_before_orders,71173.37368231225,100043.4541113894,28870.08042907715,28870.08042907715,0.28857540641222673,0.28857540641222673,1418.9037682495116,7094518.841247559,-0.00972022478639789,0,1771.259033203125,0.0,344.01839663089777,56,369.3550109863281,0.20674896522669772,1721.4094190796495,61,134.1999969482422,0.081826441185529,-919.6501693939063,0,224.1649932861328,0.0,-1102.323534927331
2026-09-09,2026-09-09T14:30:00-04:00,bar_close,71173.37368231225,100081.89814215111,28908.524459838867,28908.524459838867,0.288848682893471,0.288848682893471,1418.9037682495116,7094518.841247559,-0.009339686684438409,0,1767.9000244140625,0.0,344.01839663089777,56,369.8399963378906,0.20694091718269564,1748.5685987671495,61,134.38499450683594,0.08190776571077531,-908.3653183196875,0,224.19500732421875,0.0,-1102.323534927331
2026-09-09,2026-09-09T14:30:00-04:00,open_before_orders,71173.37368231225,100078.19710760521,28904.82342529297,28904.82342529297,0.28882238350291395,0.28882238350291395,1418.9037682495116,7094518.841247559,-0.009376321361746598,0,1767.4300537109375,0.0,344.01839663089777,56,369.8446960449219,0.20695119993265462,1748.8317823608995,61,134.32000732421875,0.08187118357025934,-912.3295364593359,0,224.19500732421875,0.0,-1102.323534927331
2026-09-09,2026-09-09T14:30:00-04:00,after_fill,82636.26622258934,100075.90407048973,17439.63784790039,17439.63784790039,0.17426410492995956,0.17426410492995956,1421.19680536499,7105984.026824951,-0.009399018981490426,0,1767.4300537109375,0.0,344.01839663089777,25,369.8446960449219,0.0923910454469682,1746.5387452454215,61,134.32000732421875,0.08187305948299137,-912.3295364593359,0,224.19500732421875,0.0,-1102.323534927331
2026-09-09,2026-09-09T14:30:00-04:00,after_fill,90828.14796527733,100074.26536640037,9246.117401123047,9246.117401123047,0.09239255833925314,0.09239255833925314,1422.8355094543456,7114177.5472717285,-0.009415239688098986,0,1767.4300537109375,0.0,344.01839663089777,25,369.8446960449219,0.09239255833925314,1746.5387452454215,0,134.32000732421875,0.0,-913.968240548691,0,224.19500732421875,0.0,-1102.323534927331
2026-09-09,2026-09-09T14:35:00-04:00,bar_close,90828.14796527733,100069.02320941795,9240.875244140625,9240.875244140625,0.09234501294973092,0.09234501294973092,1422.8355094543456,7114177.5472717285,-0.009467129160371845,0,1768.18994140625,0.0,344.01839663089777,25,369.635009765625,0.09234501294973092,1741.2965882629996,0,133.91000366210938,0.0,-913.968240548691,0,224.11500549316406,0.0,-1102.323534927331
2026-09-09,2026-09-09T14:35:00-04:00,open_before_orders,90828.14796527733,100069.02320941795,9240.875244140625,9240.875244140625,0.09234501294973092,0.09234501294973092,1422.8355094543456,7114177.5472717285,-0.009467129160371845,0,1768.18994140625,0.0,344.01839663089777,25,369.635009765625,0.09234501294973092,1741.2965882629996,0,133.91000366210938,0.0,-913.968240548691,0,224.11500549316406,0.0,-1102.323534927331
2026-09-09,2026-09-09T14:40:00-04:00,bar_close,90828.14796527733,100062.02323993553,9233.875274658203,9233.875274658203,0.09228151676002581,0.09228151676002581,1422.8355094543456,7114177.5472717285,-0.009536418333432883,0,1769.56005859375,0.0,344.01839663089777,25,369.3550109863281,0.09228151676002581,1734.2966187805778,0,133.7100067138672,0.0,-913.968240548691,0,224.16000366210938,0.0,-1102.323534927331
2026-09-09,2026-09-09T14:40:00-04:00,open_before_orders,90828.14796527733,100062.02323993553,9233.875274658203,9233.875274658203,0.09228151676002581,0.09228151676002581,1422.8355094543456,7114177.5472717285,-0.009536418333432883,0,1769.1500244140625,0.0,344.01839663089777,25,369.3550109863281,0.09228151676002581,1734.2966187805778,0,133.7100067138672,0.0,-913.968240548691,0,224.1649932861328,0.0,-1102.323534927331
2026-09-09,2026-09-09T14:45:00-04:00,bar_close,90828.14796527733,100049.89784320701,9221.749877929688,9221.749877929688,0.09217150718516008,0.09217150718516008,1422.8355094543456,7114177.5472717285,-0.009656441529886317,0,1769.5799560546875,0.0,344.01839663089777,25,368.8699951171875,0.09217150718516008,1722.1712220520621,0,133.77999877929688,0.0,-913.968240548691,0,224.15699768066406,0.0,-1102.323534927331
2026-09-09,2026-09-09T14:45:00-04:00,open_before_orders,90828.14796527733,100049.89784320701,9221.749877929688,9221.749877929688,0.09217150718516008,0.09217150718516008,1422.8355094543456,7114177.5472717285,-0.009656441529886317,0,1770.0,0.0,344.01839663089777,25,368.8699951171875,0.09217150718516008,1722.1712220520621,0,133.8000030517578,0.0,-913.968240548691,0,224.14999389648438,0.0,-1102.323534927331
2026-09-09,2026-09-09T14:50:00-04:00,bar_close,90828.14796527733,100036.1481483828,9208.000183105469,9208.000183105469,0.09204672864300331,0.09204672864300331,1422.8355094543456,7114177.5472717285,-0.009792542835271312,0,1767.9200439453125,0.0,344.01839663089777,25,368.32000732421875,0.09204672864300331,1708.4215272278434,0,133.52499389648438,0.0,-913.968240548691,0,223.8997039794922,0.0,-1102.323534927331
2026-09-09,2026-09-09T14:50:00-04:00,open_before_orders,90828.14796527733,100036.52275165428,9208.374786376953,9208.374786376953,0.09205012862389478,0.09205012862389478,1422.8355094543456,7114177.5472717285,-0.00978883482611892,0,1767.9200439453125,0.0,344.01839663089777,25,368.3349914550781,0.09205012862389478,1708.7961304993278,0,133.52499389648438,0.0,-913.968240548691,0,223.88999938964844,0.0,-1102.323534927331
2026-09-09,2026-09-09T14:55:00-04:00,bar_close,90828.14796527733,100038.11805805076,9209.970092773438,9209.970092773438,0.09206460768713198,0.09206460768713198,1422.8355094543456,7114177.5472717285,-0.009773043691419181,0,1766.75,0.0,344.01839663089777,25,368.3988037109375,0.09206460768713198,1710.3914368958121,0,133.3000030517578,0.0,-913.968240548691,0,223.77000427246094,0.0,-1102.323534927331
2026-09-09,2026-09-09T14:55:00-04:00,open_before_orders,90828.14796527733,100037.39784320701,9209.249877929688,9209.249877929688,0.09205807104622761,0.09205807104622761,1422.8355094543456,7114177.5472717285,-0.009780172735492143,0,1766.4749755859375,0.0,344.01839663089777,25,368.3699951171875,0.09205807104622761,1709.6712220520621,0,133.3000030517578,0.0,-913.968240548691,0,223.76499938964844,0.0,-1102.323534927331
2026-09-09,2026-09-09T15:00:00-04:00,bar_close,90828.14796527733,100054.39766010155,9226.249694824219,9226.249694824219,0.09221233559535333,0.09221233559535333,1422.8355094543456,7114177.5472717285,-0.009611900108337124,0,1759.2900390625,0.0,344.01839663089777,25,369.04998779296875,0.09221233559535333,1726.6710389465934,0,133.35499572753906,0.0,-913.968240548691,0,223.6699981689453,0.0,-1102.323534927331
2026-09-09,2026-09-09T15:00:00-04:00,open_before_orders,90828.14796527733,100053.54774555076,9225.399780273438,9225.399780273438,0.09220462430512542,0.09220462430512542,1422.8355094543456,7114177.5472717285,-0.009620312984499502,0,1759.5350341796875,0.0,344.01839663089777,25,369.0159912109375,0.09220462430512542,1725.8211243958121,0,133.35499572753906,0.0,-913.968240548691,0,223.6750030517578,0.0,-1102.323534927331
2026-09-09,2026-09-09T15:05:00-04:00,bar_close,90828.14796527733,100052.3979957949,9224.250030517578,9224.250030517578,0.09219419239612092,0.09219419239612092,1422.8355094543456,7114177.5472717285,-0.009631693778374473,0,1747.510009765625,0.0,344.01839663089777,25,368.9700012207031,0.09219419239612092,1724.6713746399528,0,133.19000244140625,0.0,-913.968240548691,0,223.5885009765625,0.0,-1102.323534927331
2026-09-09,2026-09-09T15:05:00-04:00,open_before_orders,90828.14796527733,100051.14830097069,9223.00033569336,9223.00033569336,0.09218285339363645,0.09218285339363645,1422.8355094543456,7114177.5472717285,-0.009644063878153641,0,1748.199951171875,0.0,344.01839663089777,25,368.9200134277344,0.09218285339363645,1723.421679815734,0,133.19500732421875,0.0,-913.968240548691,0,223.5800018310547,0.0,-1102.323534927331
2026-09-09,2026-09-09T15:10:00-04:00,bar_close,90828.14796527733,100051.52290424217,9223.374938964844,9223.374938964844,0.09218625235512307,0.09218625235512307,1422.8355094543456,7114177.5472717285,-0.00964035586900125,0,1748.780029296875,0.0,344.01839663089777,25,368.93499755859375,0.09218625235512307,1723.7962830872184,0,133.25999450683594,0.0,-913.968240548691,0,223.97000122070312,0.0,-1102.323534927331
2026-09-09,2026-09-09T15:10:00-04:00,open_before_orders,90828.14796527733,100051.52290424217,9223.374938964844,9223.374938964844,0.09218625235512307,0.09218625235512307,1422.8355094543456,7114177.5472717285,-0.00964035586900125,0,1748.780029296875,0.0,344.01839663089777,25,368.93499755859375,0.09218625235512307,1723.7962830872184,0,133.27999877929688,0.0,-913.968240548691,0,223.97000122070312,0.0,-1102.323534927331
2026-09-09,2026-09-09T15:15:00-04:00,bar_close,90828.14796527733,100065.64796527733,9237.5,9237.5,0.09231439747639872,0.09231439747639872,1422.8355094543456,7114177.5472717285,-0.009500539002510466,0,1748.030029296875,0.0,344.01839663089777,25,369.5,0.09231439747639872,1737.9213441223746,0,133.80499267578125,0.0,-913.968240548691,0,223.62010192871094,0.0,-1102.323534927331
2026-09-09,2026-09-09T15:15:00-04:00,open_before_orders,90828.14796527733,100065.3977211367,9237.249755859375,9237.249755859375,0.09231212753085577,0.09231212753085577,1422.8355094543456,7114177.5472717285,-0.009503016043247658,0,1748.0,0.0,344.01839663089777,25,369.489990234375,0.09231212753085577,1737.6710999817496,0,133.76010131835938,0.0,-913.968240548691,0,223.625,0.0,-1102.323534927331
2026-09-09,2026-09-09T15:20:00-04:00,bar_close,90828.14796527733,100062.04078754295,9233.892822265625,9233.892822265625,0.09228167594414267,0.09228167594414267,1422.8355094543456,7114177.5472717285,-0.00953624463850311,0,1756.949951171875,0.0,344.01839663089777,25,369.355712890625,0.09228167594414267,1734.3141663879996,0,133.79620361328125,0.0,-913.968240548691,0,224.22500610351562,0.0,-1102.323534927331
2026-09-09,2026-09-09T15:20:00-04:00,open_before_orders,90828.14796527733,100061.89811786522,9233.75015258789,9233.75015258789,0.09228038170644377,0.09228038170644377,1422.8355094543456,7114177.5472717285,-0.00953765685380148,0,1756.8699951171875,0.0,344.01839663089777,25,369.3500061035156,0.09228038170644377,1734.1714967102653,0,133.75050354003906,0.0,-913.968240548691,0,224.22500610351562,0.0,-1102.323534927331
2026-09-09,2026-09-09T15:25:00-04:00,bar_close,90828.14796527733,100057.14805683006,9229.000091552734,9229.000091552734,0.0922372890971356,0.0922372890971356,1422.8355094543456,7114177.5472717285,-0.009584675316087976,0,1753.4200439453125,0.0,344.01839663089777,25,369.1600036621094,0.0922372890971356,1729.421435675109,0,134.52999877929688,0.0,-913.968240548691,0,224.22900390625,0.0,-1102.323534927331
2026-09-09,2026-09-09T15:25:00-04:00,open_before_orders,90828.14796527733,100056.14784320701,9227.999877929688,9227.999877929688,0.09222821462595607,0.09222821462595607,1422.8355094543456,7114177.5472717285,-0.00959457592708346,0,1753.0699462890625,0.0,344.01839663089777,25,369.1199951171875,0.09222821462595607,1728.4212220520621,0,134.53460693359375,0.0,-913.968240548691,0,224.22500610351562,0.0,-1102.323534927331
2026-09-09,2026-09-09T15:30:00-04:00,bar_close,90828.14796527733,100051.14830097069,9223.00033569336,9223.00033569336,0.09218285339363645,0.09218285339363645,1422.8355094543456,7114177.5472717285,-0.009644063878153641,0,1751.5,0.0,344.01839663089777,25,368.9200134277344,0.09218285339363645,1723.421679815734,0,134.39999389648438,0.0,-913.968240548691,0,224.13499450683594,0.0,-1102.323534927331
2026-09-09,2026-09-09T15:30:00-04:00,open_before_orders,90828.14796527733,100050.92323383201,9222.775268554688,9222.775268554688,0.09218081123549318,0.09218081123549318,1422.8355094543456,7114177.5472717285,-0.009646291704426435,0,1751.5,0.0,344.01839663089777,25,368.9110107421875,0.09218081123549318,1723.1966126770621,0,134.360107421875,0.0,-913.968240548691,0,224.13999938964844,0.0,-1102.323534927331
2026-09-09,2026-09-09T15:30:00-04:00,after_fill,85662.36086405662,100049.89028300194,14387.529418945312,14387.529418945312,0.14380355019129584,0.14380355019129584,1423.8684602844237,7119342.301422119,-0.00965651636454945,0,1751.5,0.0,344.01839663089777,39,368.9110107421875,0.14380355019129584,1722.1636618469838,0,134.360107421875,0.0,-913.968240548691,0,224.13999938964844,0.0,-1102.323534927331
2026-09-09,2026-09-09T15:35:00-04:00,bar_close,85662.36086405662,100057.26110209373,14394.90023803711,14394.90023803711,0.1438666227666299,0.1438666227666299,1423.8684602844237,7119342.301422119,-0.009583556337947052,0,1757.260009765625,0.0,344.01839663089777,39,369.1000061035156,0.1438666227666299,1729.5344809387807,0,134.82000732421875,0.0,-913.968240548691,0,223.8800048828125,0.0,-1102.323534927331
2026-09-09,2026-09-09T15:35:00-04:00,open_before_orders,85662.36086405662,100056.67553080467,14394.314666748047,14394.314666748047,0.14386161233506542,0.14386161233506542,1423.8684602844237,7119342.301422119,-0.009589352613272095,0,1757.487060546875,0.0,344.01839663089777,39,369.0849914550781,0.14386161233506542,1728.9489096497182,0,134.86000061035156,0.0,-913.968240548691,0,223.875,0.0,-1102.323534927331
2026-09-09,2026-09-09T15:40:00-04:00,bar_close,85662.36086405662,100058.82143534569,14396.460571289062,14396.460571289062,0.14387997344733391,0.14387997344733391,1423.8684602844237,7119342.301422119,-0.009568111384794187,0,1758.4649658203125,0.0,344.01839663089777,39,369.1400146484375,0.14387997344733391,1731.0948141907338,0,133.92999267578125,0.0,-913.968240548691,0,223.8300018310547,0.0,-1102.323534927331
2026-09-09,2026-09-09T15:40:00-04:00,open_before_orders,85662.36086405662,100059.4058164492,14397.044952392578,14397.044952392578,0.14388497348068185,0.14388497348068185,1423.8684602844237,7119342.301422119,-0.009562326890516504,0,1757.9200439453125,0.0,344.01839663089777,39,369.1549987792969,0.14388497348068185,1731.6791952942494,0,133.9600067138672,0.0,-913.968240548691,0,223.8249969482422,0.0,-1102.323534927331
2026-09-09,2026-09-09T15:45:00-04:00,bar_close,85662.36086405662,100041.66134013084,14379.300476074219,14379.300476074219,0.14373312361523216,0.14373312361523216,1423.8684602844237,7119342.301422119,-0.009737970526333628,0,1762.6700439453125,0.0,344.01839663089777,39,368.70001220703125,0.14373312361523216,1713.93471897589,0,133.4600067138672,0.0,-913.968240548691,0,223.83680725097656,0.0,-1102.323534927331
2026-09-09,2026-09-09T15:45:00-04:00,open_before_orders,85662.36086405662,100041.66134013084,14379.300476074219,14379.300476074219,0.14373312361523216,0.14373312361523216,1423.8684602844237,7119342.301422119,-0.009737970526333628,0,1763.4090576171875,0.0,344.01839663089777,39,368.70001220703125,0.14373312361523216,1713.93471897589,0,133.44000244140625,0.0,-913.968240548691,0,223.82000732421875,0.0,-1102.323534927331
2026-09-09,2026-09-09T15:50:00-04:00,bar_close,85662.36086405662,100056.87072123436,14394.509857177734,14394.509857177734,0.14386328248543645,0.14386328248543645,1423.8684602844237,7119342.301422119,-0.009587420521497081,0,1759.0799560546875,0.0,344.01839663089777,39,369.0899963378906,0.14386328248543645,1729.1441000794057,0,133.7100067138672,0.0,-913.968240548691,0,223.92100524902344,0.0,-1102.323534927331
2026-09-09,2026-09-09T15:50:00-04:00,open_before_orders,85662.36086405662,100057.65029276756,14395.289428710938,14395.289428710938,0.14386995283809367,0.14386995283809367,1423.8684602844237,7119342.301422119,-0.009579703935444384,0,1760.0,0.0,344.01839663089777,39,369.1099853515625,0.14386995283809367,1729.9236716126088,0,133.67999267578125,0.0,-913.968240548691,0,223.91000366210938,0.0,-1102.323534927331
2026-09-09,2026-09-09T15:55:00-04:00,bar_close,85662.36086405662,100013.97048319725,14351.609619140625,14351.609619140625,0.143496049099978,0.143496049099978,1423.8684602844237,7119342.301422119,-0.010012068375345629,0,1763.9000244140625,0.0,344.01839663089777,39,367.989990234375,0.143496049099978,1686.2438620422963,0,133.3000030517578,0.0,-913.968240548691,0,223.75999450683594,0.0,-1102.323534927331
2026-09-09,2026-09-09T15:55:00-04:00,open_before_orders,85662.36086405662,100013.58129252342,14351.220428466797,14351.220428466797,0.14349271611914202,0.14349271611914202,1423.8684602844237,7119342.301422119,-0.010015920777848297,0,1764.25,0.0,344.01839663089777,39,367.9800109863281,0.14349271611914202,1685.8546713684682,0,133.27999877929688,0.0,-913.968240548691,0,223.77000427246094,0.0,-1102.323534927331
2026-09-09,2026-09-09T15:55:00-04:00,after_fill,100010.71104843773,100010.71104843773,0.0,0.0,0.0,0.0,1426.7387043701171,7133693.521850586,-0.010044331878736767,0,1764.25,0.0,344.01839663089777,0,367.9800109863281,0.0,1682.9844272827759,0,133.27999877929688,0.0,-913.968240548691,0,223.77000427246094,0.0,-1102.323534927331
2026-09-09,2026-09-09T16:00:00-04:00,bar_close,100010.71104843773,100010.71104843773,0.0,0.0,0.0,0.0,1426.7387043701171,7133693.521850586,-0.010044331878736767,0,1763.75,0.0,344.01839663089777,0,367.79998779296875,0.0,1682.9844272827759,0,132.69000244140625,0.0,-913.968240548691,0,223.6999969482422,0.0,-1102.323534927331
2026-09-10,2026-09-10T09:30:00-04:00,open_before_orders,100010.71104843773,100010.71104843773,0.0,0.0,0.0,0.0,1426.7387043701171,7133693.521850586,-0.010044331878736767,0,1724.5999755859375,0.0,344.01839663089777,0,360.3999938964844,0.0,1682.9844272827759,0,128.04010009765625,0.0,-913.968240548691,0,220.48500061035156,0.0,-1102.323534927331
2026-09-10,2026-09-10T09:35:00-04:00,bar_close,100010.71104843773,100010.71104843773,0.0,0.0,0.0,0.0,1426.7387043701171,7133693.521850586,-0.010044331878736767,0,1692.52001953125,0.0,344.01839663089777,0,360.0799865722656,0.0,1682.9844272827759,0,128.64999389648438,0.0,-913.968240548691,0,218.8000030517578,0.0,-1102.323534927331
2026-09-10,2026-09-10T09:35:00-04:00,open_before_orders,100010.71104843773,100010.71104843773,0.0,0.0,0.0,0.0,1426.7387043701171,7133693.521850586,-0.010044331878736767,0,1692.4000244140625,0.0,344.01839663089777,0,360.0799865722656,0.0,1682.9844272827759,0,128.6999969482422,0.0,-913.968240548691,0,218.7899932861328,0.0,-1102.323534927331
2026-09-10,2026-09-10T09:35:00-04:00,after_fill,147388.43429189478,100001.23360830103,47387.20068359375,-47387.20068359375,0.4738661611836374,-0.4738661611836374,1436.216144506836,7181080.72253418,-0.010138144286270356,-28,1692.4000244140625,-0.4738661611836374,334.54095649418014,0,360.0799865722656,0.0,1682.9844272827759,0,128.6999969482422,0.0,-913.968240548691,0,218.7899932861328,0.0,-1102.323534927331
2026-09-10,2026-09-10T09:35:00-04:00,after_fill,100274.81456906153,99991.81276852443,94491.39956665039,-283.0018005371094,0.9449913642969231,-0.0028302497244673728,1445.6369842834472,7228184.921417236,-0.010231396435340656,-28,1692.4000244140625,-0.4739108070106952,334.54095649418014,0,360.0799865722656,0.0,1682.9844272827759,366,128.6999969482422,0.47108055728622783,-923.3890803253016,0,218.7899932861328,0.0,-1102.323534927331
2026-09-10,2026-09-10T09:40:00-04:00,bar_close,100274.81456906153,99933.21352536036,95238.08059692383,-341.6010437011719,0.9530172926216864,-0.003418293394662854,1445.6369842834472,7228184.921417236,-0.01081144083568275,-28,1706.780029296875,-0.47821779300817463,-68.09918022456986,0,362.68499755859375,0.0,1682.9844272827759,366,129.63999938964844,0.4747994996135118,-579.3481867706141,0,219.0281982421875,0.0,-1102.323534927331
2026-09-10,2026-09-10T09:40:00-04:00,open_before_orders,100274.81456906153,99942.53270870997,95258.03649902344,-332.2818603515625,0.9531281018929163,-0.003324729235349908,1445.6369842834472,7228184.921417236,-0.01071919493239415,-28,1706.969970703125,-0.4782264155641331,-73.41753959956986,0,362.64691162109375,0.0,1682.9844272827759,366,129.67999267578125,0.4749016863287832,-564.7106440460047,0,219.02000427246094,0.0,-1102.323534927331
2026-09-10,2026-09-10T09:40:00-04:00,after_fill,52470.096357538096,99932.97367687404,47462.87731933594,47462.87731933594,0.47494711277984863,0.47494711277984863,1455.1960161193847,7275980.080596924,-0.010813814975072833,0,1706.969970703125,0.0,-82.97657143550896,0,362.64691162109375,0.0,1682.9844272827759,366,129.67999267578125,0.47494711277984863,-564.7106440460047,0,219.02000427246094,0.0,-1102.323534927331
2026-09-10,2026-09-10T09:45:00-04:00,bar_close,52470.096357538096,99757.29524059474,47287.19888305664,47287.19888305664,0.4740224639111288,0.4740224639111288,1455.1960161193847,7275980.080596924,-0.012552767352655092,0,1704.5150146484375,0.0,-82.97657143550896,0,365.31500244140625,0.0,1682.9844272827759,366,129.1999969482422,0.4740224639111288,-740.3890803253016,0,218.30499267578125,0.0,-1102.323534927331
2026-09-10,2026-09-10T09:45:00-04:00,open_before_orders,52470.096357538096,99782.9179212588,47312.8215637207,47312.8215637207,0.47415752665257227,0.47415752665257227,1455.1960161193847,7275980.080596924,-0.012299141339101705,0,1705.030029296875,0.0,-82.97657143550896,0,365.3894958496094,0.0,1682.9844272827759,366,129.27000427246094,0.47415752665257227,-714.7663996612391,0,218.30999755859375,0.0,-1102.323534927331
2026-09-10,2026-09-10T09:45:00-04:00,after_fill,79352.87961403224,99777.54028908107,20424.660675048828,20424.660675048828,0.20470198619722796,0.20470198619722796,1460.573648297119,7302868.241485596,-0.012352371812114238,0,1705.030029296875,0.0,-82.97657143550896,0,365.3894958496094,0.0,1682.9844272827759,158,129.27000427246094,0.20470198619722796,-720.1440318389723,0,218.30999755859375,0.0,-1102.323534927331
2026-09-10,2026-09-10T09:50:00-04:00,bar_close,79352.87961403224,99920.53009620997,20567.650482177734,20567.650482177734,0.20584008573987614,0.20584008573987614,1460.573648297119,7302868.241485596,-0.010936987714082247,0,1703.969970703125,0.0,-82.97657143550896,0,366.3039855957031,0.0,1682.9844272827759,158,130.1750030517578,0.20584008573987614,-577.154224710066,0,218.64999389648438,0.0,-1102.323534927331
2026-09-10,2026-09-10T09:50:00-04:00,open_before_orders,79352.87961403224,99910.27658668849,20557.39697265625,20557.39697265625,0.2057585833507262,0.2057585833507262,1460.573648297119,7302868.241485596,-0.011038482041665021,0,1703.625,0.0,-82.97657143550896,0,366.3699951171875,0.0,1682.9844272827759,158,130.110107421875,0.2057585833507262,-587.4077342315504,0,218.66000366210938,0.0,-1102.323534927331
2026-09-10,2026-09-10T09:55:00-04:00,bar_close,79352.87961403224,99900.78009620997,20547.900482177734,20547.900482177734,0.20568308337921856,0.20568308337921856,1460.573648297119,7302868.241485596,-0.011132483018939432,0,1695.68505859375,0.0,-82.97657143550896,0,366.31500244140625,0.0,1682.9844272827759,158,130.0500030517578,0.20568308337921856,-596.904224710066,0,217.5699005126953,0.0,-1102.323534927331
2026-09-10,2026-09-10T09:55:00-04:00,open_before_orders,79352.87961403224,99908.6805783877,20555.80096435547,20555.80096435547,0.2057458956054126,0.2057458956054126,1460.573648297119,7302868.241485596,-0.011054280124161986,0,1694.5814208984375,0.0,-82.97657143550896,0,366.3800048828125,0.0,1682.9844272827759,158,130.10000610351562,0.2057458956054126,-589.0037425323317,0,217.5959930419922,0.0,-1102.323534927331
2026-09-10,2026-09-10T09:55:00-04:00,after_fill,79482.95360013453,99908.65455838648,20425.700958251953,20425.700958251953,0.2044437596376118,0.2044437596376118,1460.5996682983398,7302998.341491699,-0.011054537683051757,0,1694.5814208984375,0.0,-82.97657143550896,0,366.3800048828125,0.0,1682.9844272827759,157,130.10000610351562,0.2044437596376118,-589.0297625335515,0,217.5959930419922,0.0,-1102.323534927331
2026-09-10,2026-09-10T09:55:00-04:00,after_fill,149317.29770386074,99894.6848956332,90274.01472473145,-49422.61280822754,0.9036918712847123,-0.4947471715823792,1474.5693310516358,7372846.655258179,-0.011192816340201306,0,1694.5814208984375,0.0,-82.97657143550896,0,366.3800048828125,0.0,1682.9844272827759,157,130.10000610351562,0.20447234985116655,-589.0297625335515,-321,217.5959930419922,-0.6992195214335457,-1116.2931976806285
2026-09-10,2026-09-10T10:00:00-04:00,bar_close,149317.29770386074,100015.22076904628,90253.95635986328,-49302.07693481445,0.9024022110422215,-0.49294573921565504,1474.5693310516358,7372846.655258179,-0.009999692425309403,0,1690.550048828125,0.0,-82.97657143550896,0,366.07000732421875,0.0,1682.9844272827759,157,130.4199981689453,0.20472823591328326,-538.7910082610906,-321,217.3769989013672,-0.6976739751289383,-1045.9960785400035
2026-09-10,2026-09-10T10:00:00-04:00,open_before_orders,149317.29770386074,100028.25014221523,90281.74851989746,-49289.04756164551,0.9025625100063165,-0.4927512726811553,1474.5693310516358,7372846.655258179,-0.009870721221270973,0,1690.0,0.0,-82.97657143550896,0,366.1400146484375,0.0,1682.9844272827759,157,130.5500030517578,0.20490561866258059,-518.3802416595281,-321,217.39999389648438,-0.6976568913437359,-1053.3774719726207
2026-09-10,2026-09-10T10:00:00-04:00,after_fill,163283.35426033352,100025.45637214993,76312.89819335938,-63257.897888183594,0.7629347664201926,-0.6324179882052153,1477.3631011169434,7386815.505584717,-0.009898375344340127,0,1690.0,0.0,-82.97657143550896,0,366.1400146484375,0.0,1682.9844272827759,50,130.5500030517578,0.06525838910748866,-521.1740117248355,-321,217.39999389648438,-0.6976763773127039,-1053.3774719726207
2026-09-10,2026-09-10T10:05:00-04:00,bar_close,163283.35426033352,99813.65508735989,76614.69886779785,-63469.69917297363,0.7675773299829806,-0.6358819253480203,1477.3631011169434,7386815.505584717,-0.011994889609614257,0,1698.780029296875,0.0,-82.97657143550896,0,368.3399963378906,0.0,1682.9844272827759,50,131.4499969482422,0.06584770231748012,-476.17431690061676,-321,218.1999969482422,-0.7017296276655005,-1310.1784515868785
2026-09-10,2026-09-10T10:05:00-04:00,open_before_orders,163283.35426033352,99817.86353767727,76612.49084472656,-63465.49072265625,0.7675228474090552,-0.6358129544487852,1477.3631011169434,7386815.505584717,-0.011953232279094173,0,1698.0,0.0,-82.97657143550896,0,368.3699951171875,0.0,1682.9844272827759,50,131.47000122070312,0.06585494648013501,-475.1741032775699,-321,218.19000244140625,-0.7016679009289202,-1306.9702148925426
2026-09-10,2026-09-10T10:05:00-04:00,after_fill,163065.12061989162,99817.81989967678,76394.30084228516,-63247.300720214844,0.7653373006850507,-0.6336273501443167,1477.4067391174317,7387033.695587158,-0.011953664229687133,0,1698.0,0.0,-82.97657143550896,0,368.3699951171875,0.0,1682.9844272827759,50,131.47000122070312,0.06585497527036695,-475.1741032775699,-320,218.19000244140625,-0.6994823254146837,-1307.0138528930256
2026-09-10,2026-09-10T10:10:00-04:00,bar_close,163065.12061989162,99762.37174904201,76345.24917602539,-63302.74887084961,0.7652709918332361,-0.6345353239003912,1477.4067391174317,7387033.695587158,-0.012502517551819192,0,1697.5,0.0,-82.97657143550896,0,367.1700134277344,0.0,1682.9844272827759,50,130.4250030517578,0.06536783396642244,-527.4240117248355,-320,218.1999969482422,-0.6999031578668137,-1310.2120950805256
2026-09-10,2026-09-10T10:10:00-04:00,open_before_orders,163065.12061989162,99765.1599875674,76344.97100830078,-63299.96063232422,0.7652468158003735,-0.63448964187711,1477.4067391174317,7387033.695587158,-0.012474918182678096,0,1697.5,0.0,-82.97657143550896,0,367.1300048828125,0.0,1682.9844272827759,50,130.45010375976562,0.06537858696163176,-526.1689763244449,-320,218.19520568847656,-0.6998682288387417,-1308.6788919555256
2026-09-10,2026-09-10T10:10:00-04:00,after_fill,169586.3213068423,99763.85548652979,69822.4658203125,-69822.4658203125,0.6998773802375751,-0.6998773802375751,1478.7112401550294,7393556.2007751465,-0.0124878307815659,0,1697.5,0.0,-82.97657143550896,0,367.1300048828125,0.0,1682.9844272827759,0,130.45010375976562,0.0,-527.4734773620421,-320,218.19520568847656,-0.6998773802375751,-1308.6788919555256
2026-09-10,2026-09-10T10:10:00-04:00,after_fill,99749.89099336573,99749.89099336573,0.0,0.0,0.0,0.0,1492.675733319092,7463378.666595459,-0.01262605826755503,0,1697.5,0.0,-82.97657143550896,0,367.1300048828125,0.0,1682.9844272827759,0,130.45010375976562,0.0,-527.4734773620421,0,218.19520568847656,0.0,-1322.6433851195907
2026-09-10,2026-09-10T10:15:00-04:00,bar_close,99749.89099336573,99749.89099336573,0.0,0.0,0.0,0.0,1492.675733319092,7463378.666595459,-0.01262605826755503,0,1692.844970703125,0.0,-82.97657143550896,0,365.82000732421875,0.0,1682.9844272827759,0,130.1999969482422,0.0,-527.4734773620421,0,217.99000549316406,0.0,-1322.6433851195907
2026-09-10,2026-09-10T10:15:00-04:00,open_before_orders,99749.89099336573,99749.89099336573,0.0,0.0,0.0,0.0,1492.675733319092,7463378.666595459,-0.01262605826755503,0,1692.0450439453125,0.0,-82.97657143550896,0,365.8349914550781,0.0,1682.9844272827759,0,130.16000366210938,0.0,-527.4734773620421,0,217.97999572753906,0.0,-1322.6433851195907
2026-09-10,2026-09-10T10:20:00-04:00,bar_close,99749.89099336573,99749.89099336573,0.0,0.0,0.0,0.0,1492.675733319092,7463378.666595459,-0.01262605826755503,0,1691.7900390625,0.0,-82.97657143550896,0,365.4549865722656,0.0,1682.9844272827759,0,129.5399932861328,0.0,-527.4734773620421,0,218.1898956298828,0.0,-1322.6433851195907
2026-09-10,2026-09-10T10:20:00-04:00,open_before_orders,99749.89099336573,99749.89099336573,0.0,0.0,0.0,0.0,1492.675733319092,7463378.666595459,-0.01262605826755503,0,1690.375,0.0,-82.97657143550896,0,365.4549865722656,0.0,1682.9844272827759,0,129.5399932861328,0.0,-527.4734773620421,0,218.1750030517578,0.0,-1322.6433851195907
2026-09-10,2026-09-10T10:25:00-04:00,bar_close,99749.89099336573,99749.89099336573,0.0,0.0,0.0,0.0,1492.675733319092,7463378.666595459,-0.01262605826755503,0,1704.8699951171875,0.0,-82.97657143550896,0,366.69000244140625,0.0,1682.9844272827759,0,130.6300048828125,0.0,-527.4734773620421,0,218.82040405273438,0.0,-1322.6433851195907
2026-09-10,2026-09-10T10:25:00-04:00,open_before_orders,99749.89099336573,99749.89099336573,0.0,0.0,0.0,0.0,1492.675733319092,7463378.666595459,-0.01262605826755503,0,1704.27001953125,0.0,-82.97657143550896,0,366.69000244140625,0.0,1682.9844272827759,0,130.64999389648438,0.0,-527.4734773620421,0,218.80499267578125,0.0,-1322.6433851195907
2026-09-10,2026-09-10T10:25:00-04:00,after_fill,80932.52915244777,99746.12827354152,18813.59912109375,18813.59912109375,0.18861483093859807,0.18861483093859807,1496.4384531433107,7482192.265716553,-0.012663303536371573,0,1704.27001953125,0.0,-82.97657143550896,0,366.69000244140625,0.0,1682.9844272827759,144,130.64999389648438,0.18861483093859807,-531.2361971862556,0,218.80499267578125,0.0,-1322.6433851195907
2026-09-10,2026-09-10T10:30:00-04:00,bar_close,80932.52915244777,99705.08994346339,18772.560791015625,18772.560791015625,0.18828086712183287,0.18828086712183287,1496.4384531433107,7482192.265716553,-0.013069521300900777,0,1707.6488037109375,0.0,-82.97657143550896,0,366.2998962402344,0.0,1682.9844272827759,144,130.36500549316406,0.18828086712183287,-572.2745272643806,0,218.22999572753906,0.0,-1322.6433851195907
2026-09-10,2026-09-10T10:30:00-04:00,open_before_orders,80932.52915244777,99691.40976768214,18758.880615234375,18758.880615234375,0.18816947878407483,0.18816947878407483,1496.4384531433107,7482192.265716553,-0.013204934472285768,0,1707.71826171875,0.0,-82.97657143550896,0,366.2449951171875,0.0,1682.9844272827759,144,130.27000427246094,0.18816947878407483,-585.9547030456306,0,218.22999572753906,0.0,-1322.6433851195907
2026-09-10,2026-09-10T10:30:00-04:00,after_fill,99687.6579915591,99687.6579915591,0.0,0.0,0.0,0.0,1500.1902292663576,7500951.146331787,-0.01324207141491518,0,1707.71826171875,0.0,-82.97657143550896,0,366.2449951171875,0.0,1682.9844272827759,0,130.27000427246094,0.0,-589.7064791686753,0,218.22999572753906,0.0,-1322.6433851195907
2026-09-10,2026-09-10T10:30:00-04:00,after_fill,54996.83220938137,99678.72161367824,44681.889404296875,44681.889404296875,0.4482590534965838,0.4482590534965838,1509.126607147217,7545633.035736084,-0.01333052811963098,0,1707.71826171875,0.0,-82.97657143550896,122,366.2449951171875,0.4482590534965838,1674.0480494019212,0,130.27000427246094,0.0,-589.7064791686753,0,218.22999572753906,0.0,-1322.6433851195907
2026-09-10,2026-09-10T10:35:00-04:00,bar_close,54996.83220938137,99803.70012930324,44806.867919921875,44806.867919921875,0.44894996740472737,0.44894996740472737,1509.126607147217,7545633.035736084,-0.0120934287265827,0,1703.699951171875,0.0,-82.97657143550896,122,367.2694091796875,0.44894996740472737,1799.0265650269212,0,130.44500732421875,0.0,-589.7064791686753,0,217.97999572753906,0.0,-1322.6433851195907
2026-09-10,2026-09-10T10:35:00-04:00,open_before_orders,54996.83220938137,99806.21325186183,44809.38104248047,44809.38104248047,0.44896384285619184,0.44896384285619184,1509.126607147217,7545633.035736084,-0.012068552591861903,0,1703.7349853515625,0.0,-82.97657143550896,122,367.2900085449219,0.44896384285619184,1801.539687585515,0,130.50999450683594,0.0,-589.7064791686753,0,217.97999572753906,0.0,-1322.6433851195907
2026-09-10,2026-09-10T10:35:00-04:00,after_fill,63075.59632133205,99804.59717582424,36729.00085449219,36729.00085449219,0.3680091087366173,0.3680091087366173,1510.7426831848147,7553713.415924072,-0.012084549314780424,0,1703.7349853515625,0.0,-82.97657143550896,100,367.2900085449219,0.3680091087366173,1799.9236115479143,0,130.50999450683594,0.0,-589.7064791686753,0,217.97999572753906,0.0,-1322.6433851195907
2026-09-10,2026-09-10T10:40:00-04:00,bar_close,63075.59632133205,99943.59558891018,36867.999267578125,36867.999267578125,0.36888806181462847,0.36888806181462847,1510.7426831848147,7553713.415924072,-0.010708674016507214,0,1701.1199951171875,0.0,-82.97657143550896,100,368.67999267578125,0.36888806181462847,1938.9220246338518,0,130.84010314941406,0.0,-589.7064791686753,0,218.3300018310547,0.0,-1322.6433851195907
2026-09-10,2026-09-10T10:40:00-04:00,open_before_orders,63075.59632133205,99949.59534476955,36873.9990234375,36873.9990234375,0.3689259460855551,0.3689259460855551,1510.7426831848147,7553713.415924072,-0.010649285454441548,0,1700.808349609375,0.0,-82.97657143550896,100,368.739990234375,0.3689259460855551,1944.9217804932268,0,130.85000610351562,0.0,-589.7064791686753,0,218.33999633789062,0.0,-1322.6433851195907
2026-09-10,2026-09-10T10:40:00-04:00,after_fill,99942.22054496486,99942.22054496486,0.0,0.0,0.0,0.0,1518.1174829895022,7590587.41494751,-0.010722284884116418,0,1700.808349609375,0.0,-82.97657143550896,0,368.739990234375,0.0,1937.5469806885376,0,130.85000610351562,0.0,-589.7064791686753,0,218.33999633789062,0.0,-1322.6433851195907
2026-09-10,2026-09-10T10:40:00-04:00,after_fill,94838.77501112697,99941.2000599551,5102.425048828125,5102.425048828125,0.05105427036864838,0.05105427036864838,1519.1379679992679,7595689.839996338,-0.010732386151361295,3,1700.808349609375,0.05105427036864838,-83.99705644527421,0,368.739990234375,0.0,1937.5469806885376,0,130.85000610351562,0.0,-589.7064791686753,0,218.33999633789062,0.0,-1322.6433851195907
2026-09-10,2026-09-10T10:40:00-04:00,after_fill,110337.81432316921,99938.0996320071,20604.56478881836,-10399.71469116211,0.20617326990095527,-0.10406156140106751,1522.2383959472659,7611191.979736328,-0.010763075726393234,3,1700.808349609375,0.05105585424994388,-83.99705644527421,0,368.739990234375,0.0,1937.5469806885376,0,130.85000610351562,0.0,-589.7064791686753,-71,218.33999633789062,-0.1551174156510114,-1325.7438130675873
2026-09-10,2026-09-10T10:45:00-04:00,bar_close,110337.81432316921,99926.81436894558,20591.860305786133,-10410.999954223633,0.2060694162605618,-0.1041862489059701,1522.2383959472659,7611191.979736328,-0.010874782862727694,3,1696.81005859375,0.05094158367729585,-95.99192949214921,0,368.6000061035156,0.0,1937.5469806885376,0,130.85000610351562,0.0,-589.7064791686753,-71,218.3300018310547,-0.15512783258326593,-1325.0342030822358
2026-09-10,2026-09-10T10:45:00-04:00,open_before_orders,110337.81432316921,99926.35393498561,20589.98065185547,-10411.460388183594,0.20605155538099373,-0.1041913367014024,1522.2383959472659,7611191.979736328,-0.010879340466645182,3,1696.4200439453125,0.05093010933979566,-97.16197343746171,0,368.6199951171875,0.0,1937.5469806885376,0,130.88999938964844,0.0,-589.7064791686753,-71,218.32000732421875,-0.15512144604119807,-1324.3245930968842
2026-09-10,2026-09-10T10:50:00-04:00,bar_close,110337.81432316921,99942.06954167507,20564.515045166016,-10395.74478149414,0.2057643506830802,-0.10401770574862067,1522.2383959472659,7611191.979736328,-0.0107237795896441,3,1694.7950439453125,0.05087332246722976,-102.03697343746171,0,367.8599853515625,0.0,1937.5469806885376,0,131.39999389648438,0.0,-589.7064791686753,-71,218.02999877929688,-0.15489102821585043,-1303.733986407431
2026-09-10,2026-09-10T10:50:00-04:00,open_before_orders,110337.81432316921,99943.33475468776,20564.62971496582,-10394.479568481445,0.20576289319785032,-0.1040037296533564,1522.2383959472659,7611191.979736328,-0.010711255883131487,3,1695.0250244140625,0.05087958177224696,-101.34703203121171,0,367.8711853027344,0.0,1937.5469806885376,0,131.44500732421875,0.0,-589.7064791686753,-71,218.0218963623047,-0.15488331142560335,-1303.1587148009858
2026-09-10,2026-09-10T10:55:00-04:00,bar_close,110337.81432316921,99946.49414799831,20562.549911499023,-10391.320175170898,0.20573557968977385,-0.10396883116063768,1522.2383959472659,7611191.979736328,-0.01067998263966774,3,1695.2049560546875,0.05088337426456809,-100.80723710933671,0,367.6199951171875,0.0,1937.5469806885376,0,131.66000366210938,0.0,-589.7064791686753,-71,217.98500061035156,-0.15485220542520578,-1300.539116412314
2026-09-10,2026-09-10T10:55:00-04:00,open_before_orders,110337.81432316921,99947.81432316921,20566.0,-10390.0,0.2057673811005243,-0.10395424922855429,1522.2383959472659,7611191.979736328,-0.010666914890427148,3,1696.0,0.050906565935985006,-98.42210527339921,0,367.760009765625,0.0,1937.5469806885376,0,131.75,0.0,-589.7064791686753,-71,218.0,-0.15486081516453928,-1301.604073077353
2026-09-10,2026-09-10T11:00:00-04:00,bar_close,110337.81432316921,99927.8591077151,20566.63539123535,-10409.955215454102,0.2058148305675796,-0.10417470471605833,1522.2383959472659,7611191.979736328,-0.010864441519727985,3,1692.780029296875,0.05082006292576064,-108.08201738277421,0,367.6050109863281,0.0,1937.5469806885376,0,131.52000427246094,0.0,-589.7064791686753,-71,218.14500427246094,-0.15499476764181896,-1311.8993764220795
2026-09-10,2026-09-10T11:00:00-04:00,open_before_orders,110337.81432316921,99927.68465397976,20567.169464111328,-10410.129669189453,0.205820534472798,-0.10417663238407532,1522.2383959472659,7611191.979736328,-0.01086616834940779,3,1692.8399658203125,0.050821951044361345,-107.90220781246171,0,367.6000061035156,0.0,1937.5469806885376,0,131.49000549316406,0.0,-589.7064791686753,-71,218.14999389648438,-0.15499858342843667,-1312.2536397277436
2026-09-10,2026-09-10T11:00:00-04:00,after_fill,112030.31572099635,99927.34608598659,18874.329498291016,-12102.969635009766,0.18888052407646075,-0.12111769309469371,1522.57696394043,7612884.819702148,-0.010869519663485705,2,1692.8399658203125,0.033881415490883526,-108.24077580562607,0,367.6000061035156,0.0,1937.5469806885376,0,131.49000549316406,0.0,-589.7064791686753,-71,218.14999389648438,-0.15499910858557722,-1312.2536397277436
2026-09-10,2026-09-10T11:00:00-04:00,after_fill,111812.12209710109,99927.30245598781,18656.17950439453,-11884.819641113281,0.18669751955539376,-0.11893465898719578,1522.6205939392094,7613102.969696045,-0.010869951534873579,2,1692.8399658203125,0.03388143028409899,-108.24077580562607,0,367.6000061035156,0.0,1937.5469806885376,0,131.49000549316406,0.0,-589.7064791686753,-70,218.14999389648438,-0.15281608927129478,-1312.2972697265232
2026-09-10,2026-09-10T11:00:00-04:00,after_fill,110709.10151878688,99927.08189598414,19758.979522705078,-10782.019622802734,0.19773397909560242,-0.10789887404123268,1522.8411539428714,7614205.7697143555,-0.010872134747286655,2,1692.8399658203125,0.033881505067513515,-108.24077580562607,3,367.6000061035156,0.011036047459671352,1937.3264206848755,0,131.49000549316406,0.0,-589.7064791686753,-70,218.14999389648438,-0.15281642656841754,-1312.2972697265232
2026-09-10,2026-09-10T11:05:00-04:00,bar_close,110709.10151878688,99930.2545339236,19755.852416992188,-10778.846984863281,0.19769640845141262,-0.10786369988884754,1522.8411539428714,7614205.7697143555,-0.010840730401910692,2,1696.0799560546875,0.033945274410942576,-101.76079533687607,3,365.4476013183594,0.010971079870339965,1930.8692063294068,0,130.74000549316406,0.0,-589.7064791686753,-70,218.10499572753906,-0.15278005417013008,-1309.1473979003513
2026-09-10,2026-09-10T11:05:00-04:00,open_before_orders,110709.10151878688,99927.45256248805,19756.551727294922,-10781.648956298828,0.19770895004994224,-0.10789476444980617,1522.8411539428714,7614205.7697143555,-0.010868465706214137,2,1695.5281982421875,0.03393518307057644,-102.86431096187607,3,365.4649963378906,0.010971909729491589,1930.9213913880005,0,130.84500122070312,0.0,-589.7064791686753,-70,218.1300048828125,-0.15280185724987422,-1310.898038769492
2026-09-10,2026-09-10T11:05:00-04:00,after_fill,112404.29061138941,99927.1134568484,18061.023529052734,-12477.177154541016,0.1807419718658444,-0.12486277970922322,1523.18025958252,7615901.297912598,-0.010871822342183868,1,1695.5281982421875,0.016967649115316123,-103.2034166015244,3,365.4649963378906,0.010971946962994472,1930.9213913880005,0,130.84500122070312,0.0,-589.7064791686753,-70,218.1300048828125,-0.1528023757875338,-1310.898038769492
2026-09-10,2026-09-10T11:05:00-04:00,after_fill,113500.46632140529,99926.8941778506,16964.628540039062,-13573.572143554688,0.16977039744520925,-0.13583502474715511,1523.3995385803228,7616997.692901611,-0.010873992874564808,1,1695.5281982421875,0.016967686349027063,-103.2034166015244,0,365.4649963378906,0.0,1930.702112390198,0,130.84500122070312,0.0,-589.7064791686753,-70,218.1300048828125,-0.15280271109618218,-1310.898038769492
2026-09-10,2026-09-10T11:05:00-04:00,after_fill,113282.2926905215,99926.85055184962,16746.49853515625,-13355.442138671875,0.16758757473765168,-0.1336521872241141,1523.4431645812992,7617215.822906494,-0.010874424706380448,1,1695.5281982421875,0.016967693756768796,-103.2034166015244,0,365.4649963378906,0.0,1930.702112390198,0,130.84500122070312,0.0,-589.7064791686753,-69,218.1300048828125,-0.1506198809808829,-1310.9416647704693
2026-09-10,2026-09-10T11:05:00-04:00,after_fill,175764.30816142604,99914.35164897487,79241.01290893555,-75849.95651245117,0.7930893970801097,-0.7591497643795139,1535.9420674560552,7679710.337280273,-0.010998145052095953,1,1695.5281982421875,0.016969816350297897,-103.2034166015244,-171,365.4649963378906,-0.6254808577784581,1918.20320951545,0,130.84500122070312,0.0,-589.7064791686753,-69,218.1300048828125,-0.15063872295135378,-1310.9416647704693
2026-09-10,2026-09-10T11:10:00-04:00,bar_close,175764.30816142604,99820.66764323757,79342.78382873535,-75943.64051818848,0.7948532673845574,-0.7608007671278418,1535.9420674560552,7679710.337280273,-0.011925475850164458,1,1699.5716552734375,0.017026250128357824,-99.1599595702744,-171,365.9800109863281,-0.6269501432542444,1830.1357046326375,0,130.86000061035156,0.0,-589.7064791686753,-69,218.27000427246094,-0.15087687400195524,-1320.6016226562115
2026-09-10,2026-09-10T11:10:00-04:00,open_before_orders,175764.30816142604,99819.69640605495,79343.1918334961,-75944.6117553711,0.7948650886568237,-0.7608178995700129,1535.9420674560552,7679710.337280273,-0.011935089637967189,1,1699.2900390625,0.017023594543405393,-99.4415757812119,-171,365.9800109863281,-0.626956243425981,1830.1357046326375,0,130.86500549316406,0.0,-589.7064791686753,-69,218.27999877929688,-0.1508852506874373,-1321.2912436278912
2026-09-10,2026-09-10T11:10:00-04:00,after_fill,113169.2097663882,99807.17988967922,16760.609954833984,-13362.029876708984,0.16792990217096748,-0.13387844332921298,1548.4585838317876,7742292.919158936,-0.012058984330859501,1,1699.2900390625,0.017025729420877253,-99.4415757812119,0,365.9800109863281,0.0,1817.6191882569037,0,130.86500549316406,0.0,-589.7064791686753,-69,218.27999877929688,-0.15090417275009024,-1321.2912436278912
2026-09-10,2026-09-10T11:10:00-04:00,after_fill,111469.5798693179,99806.84003167141,18459.899993896484,-11662.739837646484,0.18495626139489696,-0.11685311181022845,1548.7984418396002,7743992.209197998,-0.012062348414142776,2,1699.2900390625,0.03405157479233426,-99.78143378902405,0,365.9800109863281,0.0,1817.6191882569037,0,130.86500549316406,0.0,-589.7064791686753,-69,218.27999877929688,-0.1509046866025627,-1321.2912436278912
2026-09-10,2026-09-10T11:15:00-04:00,bar_close,111469.5798693179,99811.01706414211,18470.96270751953,-11658.562805175781,0.1850593576824233,-0.1168063721631408,1548.7984418396002,7743992.209197998,-0.012021002073066445,2,1703.0999755859375,0.03412649275964125,-92.16156074214905,0,366.3900146484375,0.0,1817.6191882569037,0,130.7949981689453,0.0,-589.7064791686753,-69,218.32989501953125,-0.15093286492278205,-1324.734084204063
2026-09-10,2026-09-10T11:15:00-04:00,open_before_orders,111469.5798693179,99811.97934441555,18470.560485839844,-11657.600524902344,0.18505354374452915,-0.1167956051114478,1548.7984418396002,7743992.209197998,-0.01201147694519733,2,1703.239990234375,0.03412896931654068,-91.88153144527405,0,366.3999938964844,0.0,1817.6191882569037,0,130.76499938964844,0.0,-589.7064791686753,-69,218.32000732421875,-0.15092457442798848,-1324.0518332275005
2026-09-10,2026-09-10T11:20:00-04:00,bar_close,111469.5798693179,99818.00455193508,18433.115356445312,-11651.575317382812,0.184667239534473,-0.11672819317200961,1548.7984418396002,7743992.209197998,-0.011951836449964004,2,1695.385009765625,0.0339695231812317,-107.59149238277405,0,365.8597106933594,0.0,1817.6191882569037,0,130.5449981689453,0.0,-589.7064791686753,-69,218.0050048828125,-0.1506977163532413,-1302.3166647704693
2026-09-10,2026-09-10T11:20:00-04:00,open_before_orders,111469.5798693179,99818.22943596829,18432.51058959961,-11651.35043334961,0.18466076480973603,-0.1167256772554131,1548.7984418396002,7743992.209197998,-0.011949610436160052,2,1695.2900390625,0.03396754377716146,-107.78143378902405,0,365.8599853515625,0.0,1817.6191882569037,0,130.52560424804688,0.0,-589.7064791686753,-69,217.99899291992188,-0.15069322103257457,-1301.9018393310162
2026-09-10,2026-09-10T11:25:00-04:00,bar_close,111469.5798693179,99811.29497246731,18436.064682006836,-11658.284896850586,0.18470920237125846,-0.11680326259734927,1548.7984418396002,7743992.209197998,-0.012018251198496532,2,1694.4449462890625,0.03395296988695459,-109.47161933589905,0,365.8583068847656,0.0,1817.6191882569037,0,130.38499450683594,0.0,-589.7064791686753,-69,218.0749969482422,-0.15075623248430386,-1307.1461172851177
2026-09-10,2026-09-10T11:25:00-04:00,open_before_orders,111469.5798693179,99812.96835808743,18435.66815185547,-11656.611511230469,0.18470213295045948,-0.1167845391533833,1548.7984418396002,7743992.209197998,-0.012001687196878885,2,1694.76416015625,0.03395879689853809,-108.83319160152405,0,365.80999755859375,0.0,1817.6191882569037,0,130.3300018310547,0.0,-589.7064791686753,-69,218.05999755859375,-0.1507433360519214,-1306.1111593993755
2026-09-10,2026-09-10T11:25:00-04:00,after_fill,111251.47625975979,99812.92474608791,18217.608154296875,-11438.551513671875,0.18251752666941962,-0.1145999031966068,1548.842053839112,7744210.269195557,-0.012002118890101166,2,1694.76416015625,0.033958811736406413,-108.83319160152405,0,365.80999755859375,0.0,1817.6191882569037,0,130.3300018310547,0.0,-589.7064791686753,-68,218.05999755859375,-0.14855871493301323,-1306.1547713988875
2026-09-10,2026-09-10T11:25:00-04:00,after_fill,106166.16692079495,99811.90788759182,23301.900634765625,-6354.259033203125,0.23345812266215998,-0.06366233416116333,1549.8589123352058,7749294.561676025,-0.012012184260313252,5,1694.76416015625,0.08489789425049832,-109.8500500976188,0,365.80999755859375,0.0,1817.6191882569037,0,130.3300018310547,0.0,-589.7064791686753,-68,218.05999755859375,-0.14856022841166167,-1306.1547713988875
2026-09-10,2026-09-10T11:30:00-04:00,bar_close,106166.16692079495,99808.31743349026,23310.549682617188,-6357.8494873046875,0.2335531775510668,-0.06370059781381845,1549.8589123352058,7749294.561676025,-0.012047724357486023,5,1695.27001953125,0.08492628986862419,-107.3207532226188,0,366.1600036621094,0.0,1817.6191882569037,0,130.24000549316406,0.0,-589.7064791686753,-68,218.14999389648438,-0.14862688768244264,-1312.27452237545
2026-09-10,2026-09-10T11:30:00-04:00,open_before_orders,106166.16692079495,99806.30223573635,23307.664978027344,-6359.864685058594,0.23352899021322393,-0.0637220750853687,1549.8589123352058,7749294.561676025,-0.012067671785295997,5,1694.780029296875,0.08490345756392761,-109.7707043944938,0,366.0802917480469,0.0,1817.6191882569037,0,130.26499938964844,0.0,-589.7064791686753,-68,218.1436004638672,-0.14862553264929632,-1311.8397689574813
2026-09-10,2026-09-10T11:30:00-04:00,after_fill,112943.931213959,99804.94641171291,16528.544860839844,-13138.984802246094,0.16560847387920732,-0.13164662949715414,1551.2147363586432,7756073.681793213,-0.012081092404576776,1,1694.780029296875,0.016980922191026586,-111.12652841793079,0,366.0802917480469,0.0,1817.6191882569037,0,130.26499938964844,0.0,-589.7064791686753,-68,218.1436004638672,-0.14862755168818073,-1311.8397689574813
2026-09-10,2026-09-10T11:30:00-04:00,after_fill,112725.74398477505,99804.90278299282,16310.401260375977,-12920.841201782227,0.16342284602831494,-0.12946098680017945,1551.258365078736,7756291.825393677,-0.012081524263307553,1,1694.780029296875,0.016980929614067743,-111.12652841793079,0,366.0802917480469,0.0,1817.6191882569037,0,130.26499938964844,0.0,-589.7064791686753,-67,218.1436004638672,-0.1464419164142472,-1311.8833976775732
2026-09-10,2026-09-10T11:35:00-04:00,bar_close,112725.74398477505,99786.23411233853,16328.769882202148,-12939.509872436523,0.16363749997639307,-0.12967229385437404,1551.258365078736,7756291.825393677,-0.01226631603347672,1,1694.6300048828125,0.016982603061009516,-111.27655283199329,0,365.3301086425781,0.0,1817.6191882569037,0,130.39999389648438,0.0,-589.7064791686753,-67,218.4199981689453,-0.14665489691538355,-1330.4020439178075
2026-09-10,2026-09-10T11:35:00-04:00,open_before_orders,112725.74398477505,99786.17405374478,16328.709823608398,-12939.569931030273,0.16363699659247147,-0.12967297377351122,1551.258365078736,7756291.825393677,-0.012266910523253571,1,1694.5699462890625,0.016982011409480115,-111.33661142574329,0,365.44000244140625,0.0,1817.6191882569037,0,130.4149932861328,0.0,-589.7064791686753,-67,218.4199981689453,-0.14665498518299136,-1330.4020439178075
2026-09-10,2026-09-10T11:40:00-04:00,bar_close,112725.74398477505,99777.01350076626,16341.660415649414,-12948.730484008789,0.163781815493244,-0.12977668933646072,1551.258365078736,7756291.825393677,-0.012357586224377437,1,1696.4649658203125,0.01700256307839164,-109.44159189449329,0,365.9800109863281,0.0,1817.6191882569037,0,130.6699981689453,0.0,-589.7064791686753,-67,218.5850067138672,-0.14677925241485235,-1341.4576164275732
2026-09-10,2026-09-10T11:40:00-04:00,open_before_orders,112725.74398477505,99777.05353982876,16341.700454711914,-12948.690444946289,0.16378215105528923,-0.12977623597370974,1551.258365078736,7756291.825393677,-0.0123571898978595,1,1696.5050048828125,0.017002957540789735,-109.40155283199329,0,365.9800109863281,0.0,1817.6191882569037,0,130.60000610351562,0.0,-589.7064791686753,-67,218.5850067138672,-0.14677919351449947,-1341.4576164275732
2026-09-10,2026-09-10T11:45:00-04:00,bar_close,112725.74398477505,99768.65897806118,16353.405075073242,-12957.085006713867,0.1639132493368414,-0.12987129564969987,1551.258365078736,7756291.825393677,-0.012440283437702204,1,1698.1600341796875,0.017020976843570762,-107.74652353511829,0,366.864990234375,0.0,1817.6191882569037,0,130.7550048828125,0.0,-589.7064791686753,-67,218.73500061035156,-0.14689227249327064,-1351.5072074920263
2026-09-10,2026-09-10T11:45:00-04:00,open_before_orders,112725.74398477505,99768.65897806118,16353.405075073242,-12957.085006713867,0.1639132493368414,-0.12987129564969987,1551.258365078736,7756291.825393677,-0.012440283437702204,1,1698.1600341796875,0.017020976843570762,-107.74652353511829,0,366.8299865722656,0.0,1817.6191882569037,0,130.7550048828125,0.0,-589.7064791686753,-67,218.73500061035156,-0.14689227249327064,-1351.5072074920263
2026-09-10,2026-09-10T11:50:00-04:00,bar_close,112725.74398477505,99760.18749673794,16361.816497802734,-12965.55648803711,0.16401148502590523,-0.1299672425782186,1551.258365078736,7756291.825393677,-0.012524138365493598,1,1698.1300048828125,0.017022121223843327,-107.77655283199329,0,366.9150085449219,0.0,1817.6191882569037,0,130.3300018310547,0.0,-589.7064791686753,-67,218.86099243164062,-0.14698936380206193,-1359.9486595183935
2026-09-10,2026-09-10T11:50:00-04:00,open_before_orders,112725.74398477505,99760.08158548306,16361.577682495117,-12965.662399291992,0.164009265253809,-0.12996844221886378,1551.258365078736,7756291.825393677,-0.012525186727673887,1,1697.9576416015625,0.017020411517472606,-107.94891611324329,0,366.8699951171875,0.0,1817.6191882569037,0,130.30999755859375,0.0,-589.7064791686753,-67,218.86000061035156,-0.14698885373633638,-1359.8822074920263
2026-09-10,2026-09-10T11:50:00-04:00,after_fill,114423.3620348483,99759.74199395474,14663.620040893555,-14663.620040893555,0.14698935410019548,-0.14698935410019548,1551.5979566070564,7757989.783035278,-0.012528548173210807,0,1697.9576416015625,0.0,-108.28850764156346,0,366.8699951171875,0.0,1817.6191882569037,0,130.30999755859375,0.0,-589.7064791686753,-67,218.86000061035156,-0.14698935410019548,-1359.8822074920263
2026-09-10,2026-09-10T11:55:00-04:00,bar_close,114423.3620348483,99764.4324846774,14658.929550170898,-14658.929550170898,0.14693542763772383,-0.14693542763772383,1551.5979566070564,7757989.783035278,-0.012482119367451139,0,1697.8699951171875,0.0,-108.28850764156346,0,365.8999938964844,0.0,1817.6191882569037,0,130.220703125,0.0,-589.7064791686753,-67,218.7899932861328,-0.14693542763772383,-1355.19171676937
2026-09-10,2026-09-10T11:55:00-04:00,open_before_orders,114423.3620348483,99764.76678948697,14658.595245361328,-14658.595245361328,0.14693158433670617,-0.14693158433670617,1551.5979566070564,7757989.783035278,-0.012478810252480876,0,1697.219970703125,0.0,-108.28850764156346,0,365.8999938964844,0.0,1817.6191882569037,0,130.1717987060547,0.0,-589.7064791686753,-67,218.78500366210938,-0.14693158433670617,-1354.8574119597997
2026-09-10,2026-09-10T12:00:00-04:00,bar_close,114423.3620348483,99765.1021166354,14658.25991821289,-14658.25991821289,0.14692772930834988,-0.14692772930834988,1551.5979566070564,7757989.783035278,-0.012475491017893026,0,1698.469970703125,0.0,-108.28850764156346,0,366.7991943359375,0.0,1817.6191882569037,0,130.49000549316406,0.0,-589.7064791686753,-67,218.77999877929688,-0.14692772930834988,-1354.5220848113622
2026-09-10,2026-09-10T12:00:00-04:00,open_before_orders,114423.3620348483,99765.1021166354,14658.25991821289,-14658.25991821289,0.14692772930834988,-0.14692772930834988,1551.5979566070564,7757989.783035278,-0.012475491017893026,0,1698.3199462890625,0.0,-108.28850764156346,0,366.75,0.0,1817.6191882569037,0,130.4199981689453,0.0,-589.7064791686753,-67,218.77999877929688,-0.14692772930834988,-1354.5220848113622
2026-09-10,2026-09-10T12:05:00-04:00,bar_close,114423.3620348483,99754.04654412564,14669.315490722656,-14669.315490722656,0.1470548413716106,-0.1470548413716106,1551.5979566070564,7757989.783035278,-0.012584924563116662,0,1697.5400390625,0.0,-108.28850764156346,0,366.1700134277344,0.0,1817.6191882569037,0,129.94000244140625,0.0,-589.7064791686753,-67,218.94500732421875,-0.1470548413716106,-1365.5776573211278
2026-09-10,2026-09-10T12:05:00-04:00,open_before_orders,114423.3620348483,99755.05252557095,14668.309509277344,-14668.309509277344,0.1470432738784565,-0.1470432738784565,1551.5979566070564,7757989.783035278,-0.012574966859352998,0,1697.155029296875,0.0,-108.28850764156346,0,366.1471862792969,0.0,1817.6191882569037,0,129.89500427246094,0.0,-589.7064791686753,-67,218.92999267578125,-0.1470432738784565,-1364.5716758758153
2026-09-10,2026-09-10T12:10:00-04:00,bar_close,114423.3620348483,99755.38683038052,14667.975204467773,-14667.975204467773,0.14703942985463556,-0.14703942985463556,1551.5979566070564,7757989.783035278,-0.012571657744382736,0,1692.4200439453125,0.0,-108.28850764156346,0,366.45001220703125,0.0,1817.6191882569037,0,129.2949981689453,0.0,-589.7064791686753,-67,218.9250030517578,-0.14703942985463556,-1364.237371066245
2026-09-10,2026-09-10T12:10:00-04:00,open_before_orders,114423.3620348483,99755.72215752896,14667.639877319336,-14667.639877319336,0.14703557410127285,-0.14703557410127285,1551.5979566070564,7757989.783035278,-0.012568338509794885,0,1692.81005859375,0.0,-108.28850764156346,0,366.5199890136719,0.0,1817.6191882569037,0,129.3249969482422,0.0,-589.7064791686753,-67,218.9199981689453,-0.14703557410127285,-1363.9020439178075
2026-09-10,2026-09-10T12:10:00-04:00,after_fill,105957.61893182095,99754.02934747036,23131.690170288086,-6203.589584350586,0.23188727634965128,-0.06218886219364432,1553.2907666656502,7766453.833328247,-0.012585094784147821,5,1692.81005859375,0.08484920707800349,-109.98131770015789,0,366.5199890136719,0.0,1817.6191882569037,0,129.3249969482422,0.0,-589.7064791686753,-67,218.9199981689453,-0.1470380692716478,-1363.9020439178075
2026-09-10,2026-09-10T12:15:00-04:00,bar_close,105957.61893182095,99793.20334344204,23090.465393066406,-6164.415588378906,0.2313831465415506,-0.06177189810376003,1553.2907666656502,7766453.833328247,-0.012197331124150002,5,1692.60498046875,0.08480562421889527,-111.00670832515789,0,366.2900085449219,0.0,1817.6191882569037,0,129.34500122070312,0.0,-589.7064791686753,-67,218.32000732421875,-0.1465775223226553,-1323.7026573211278
2026-09-10,2026-09-10T12:15:00-04:00,open_before_orders,105957.61893182095,99793.1837358981,23091.785049438477,-6164.435195922852,0.2313964159170501,-0.06177210672260926,1553.2907666656502,7766453.833328247,-0.012197525209354132,5,1692.7349853515625,0.08481215459722043,-110.35668391109539,0,366.3599853515625,0.0,1817.6191882569037,0,129.33590698242188,0.0,-589.7064791686753,-67,218.3300018310547,-0.14658426131982968,-1324.3722892791357
2026-09-10,2026-09-10T12:20:00-04:00,bar_close,105957.61893182095,99760.95966058072,23044.820892333984,-6196.659271240234,0.23100039304693912,-0.06211507279323784,1553.2907666656502,7766453.833328247,-0.012516495104438197,5,1684.816162109375,0.08444266012685064,-149.9508001220329,0,366.42340087890625,0.0,1817.6191882569037,0,129.1699981689453,0.0,-589.7064791686753,-67,218.22000122070312,-0.14655773292008847,-1317.002248385581
2026-09-10,2026-09-10T12:20:00-04:00,open_before_orders,105957.61893182095,99761.82880120572,23045.690032958984,-6195.790130615234,0.23100709269155315,-0.06210581948093109,1553.2907666656502,7766453.833328247,-0.012507891919048442,5,1684.989990234375,0.08445063660531102,-149.0816594970329,0,366.360107421875,0.0,1817.6191882569037,0,129.13999938964844,0.0,-589.7064791686753,-67,218.22000122070312,-0.14655645608624213,-1317.002248385581
2026-09-10,2026-09-10T12:20:00-04:00,after_fill,104272.29194358853,99761.49180320767,24730.68002319336,-4510.800140380859,0.24789805741856583,-0.045215844900144346,1553.627764663697,7768138.823318481,-0.01251122769253532,6,1684.989990234375,0.10134110625921075,-149.41865749507997,0,366.360107421875,0.0,1817.6191882569037,0,129.13999938964844,0.0,-589.7064791686753,-67,218.22000122070312,-0.1465569511593551,-1317.002248385581
2026-09-10,2026-09-10T12:20:00-04:00,after_fill,107763.11365911587,99760.79349920376,28222.20004272461,-8002.320159912109,0.28289871253830656,-0.08021508128818142,1554.3260686676033,7771630.343338013,-0.01251813985223782,6,1684.989990234375,0.10134181562506259,-149.41865749507997,0,366.360107421875,0.0,1817.6191882569037,0,129.13999938964844,0.0,-589.7064791686753,-83,218.22000122070312,-0.181556896913244,-1317.7005523894877
2026-09-10,2026-09-10T12:25:00-04:00,bar_close,107763.11365911587,99747.23844549283,28209.475799560547,-8015.875213623047,0.28280959191642885,-0.08036187606339945,1554.3260686676033,7771630.343338013,-0.012652314503254325,6,1682.800048828125,0.1012238579265147,-162.55830593257997,0,366.1499938964844,0.0,1817.6191882569037,0,129.4416961669922,0.0,-589.7064791686753,-83,218.22500610351562,-0.18158573398991415,-1318.1159576629252
2026-09-10,2026-09-10T12:25:00-04:00,open_before_orders,107763.11365911587,99747.51391241177,28205.5997467041,-8015.599746704102,0.28276995225636825,-0.08035889249072006,1554.3260686676033,7771630.343338013,-0.012649587794935413,6,1682.5,0.10120552988282408,-164.35859890132997,0,366.20001220703125,0.0,1817.6191882569037,0,129.48500061035156,0.0,-589.7064791686753,-83,218.1999969482422,-0.18156442237354414,-1316.04019777523
2026-09-10,2026-09-10T12:30:00-04:00,bar_close,107763.11365911587,99780.42371770962,28163.81005859375,-7982.68994140625,0.28225787192758806,-0.08000256607438554,1554.3260686676033,7771630.343338013,-0.012323830204075015,6,1681.760009765625,0.10112765292660125,-168.79854030757997,0,366.1300964355469,0.0,1817.6191882569037,0,129.3105010986328,0.0,-589.7064791686753,-83,217.75,-0.18113021900098678,-1278.6904510711283
2026-09-10,2026-09-10T12:30:00-04:00,open_before_orders,107763.11365911587,99783.00330755337,28166.3896484375,-7980.1103515625,0.2822764269945096,-0.07997464585191957,1554.3260686676033,7771630.343338013,-0.012298296143168241,6,1682.18994140625,0.10115089057129502,-166.21895046382997,0,366.1000061035156,0.0,1817.6191882569037,0,129.3300018310547,0.0,-589.7064791686753,-83,217.75,-0.18112553642321458,-1278.6904510711283
2026-09-10,2026-09-10T12:35:00-04:00,bar_close,107763.11365911587,99746.12359258755,28152.74983215332,-8016.99006652832,0.2822440493742199,-0.08037395116499634,1554.3260686676033,7771630.343338013,-0.012663349870777774,6,1677.97998046875,0.10093504910461178,-191.47871608882997,0,365.760009765625,0.0,1817.6191882569037,0,129.19000244140625,0.0,-589.7064791686753,-83,217.88999938964844,-0.1813090002696081,-1290.3104004119486
2026-09-10,2026-09-10T12:35:00-04:00,open_before_orders,107763.11365911587,99744.61932012661,28150.414749145508,-8018.494338989258,0.2822248953479667,-0.08039024454295826,1554.3260686676033,7771630.343338013,-0.012678239906389832,6,1677.6600341796875,0.1009173254025042,-193.39839382320497,0,365.7449951171875,0.0,1817.6191882569037,0,129.15499877929688,0.0,-589.7064791686753,-83,217.88499450683594,-0.18130756994546246,-1289.8949951385111
2026-09-10,2026-09-10T12:40:00-04:00,bar_close,107763.11365911587,99753.49737188443,28172.241287231445,-8009.616287231445,0.2824185820994764,-0.08029408991417437,1554.3260686676033,7771630.343338013,-0.01259036054259588,6,1680.21875,0.101062246092651,-178.04609890132997,0,366.3999938964844,0.0,1817.6191882569037,0,129.6300048828125,0.0,-589.7064791686753,-83,217.96299743652344,-0.18135633600682538,-1296.3692383025736
2026-09-10,2026-09-10T12:40:00-04:00,open_before_orders,107763.11365911587,99758.2082025729,28176.90399169922,-8004.905456542969,0.28245198564996377,-0.08024307574057361,1554.3260686676033,7771630.343338013,-0.012543730401756603,6,1680.9998779296875,0.10110445495469508,-173.35933132320497,0,366.4049987792969,0.0,1817.6191882569037,0,129.63999938964844,0.0,-589.7064791686753,-83,217.96270751953125,-0.18134753069526868,-1296.345175192222
2026-09-10,2026-09-10T12:45:00-04:00,bar_close,107763.11365911587,99730.88447210415,28227.14959716797,-8032.229187011719,0.2830331822141156,-0.08053903491910194,1554.3260686676033,7771630.343338013,-0.012814194250760358,6,1682.9100341796875,0.10124707364750683,-161.89839382320497,0,366.7799987792969,0.0,1817.6191882569037,0,129.5050048828125,0.0,-589.7064791686753,-83,218.42999267578125,-0.1817861085666088,-1335.129843160972
2026-09-10,2026-09-10T12:45:00-04:00,open_before_orders,107763.11365911587,99736.54226324185,28234.451278686523,-8026.571395874023,0.28309033617954493,-0.08047773878794509,1554.3260686676033,7771630.343338013,-0.012758190625277721,6,1683.989990234375,0.1013062986957999,-155.41865749507997,0,366.75,0.0,1817.6191882569037,0,129.5500030517578,0.0,-589.7064791686753,-83,218.4398956298828,-0.181784037483745,-1335.9517883514018
2026-09-10,2026-09-10T12:50:00-04:00,bar_close,107763.11365911587,99722.08401128872,28236.6092376709,-8041.029647827148,0.2831530198915063,-0.080634392347004,1554.3260686676033,7771630.343338013,-0.012901305580886757,6,1682.9649658203125,0.10125931377225116,-161.56880397945497,0,366.3500061035156,0.0,1817.6191882569037,0,129.47000122070312,0.0,-589.7064791686753,-83,218.5399932861328,-0.18189370611925515,-1344.2598938201518
2026-09-10,2026-09-10T12:50:00-04:00,open_before_orders,107763.11365911587,99721.26374456509,28239.10968017578,-8041.849914550781,0.2831804233098163,-0.0806432812078063,1554.3260686676033,7771630.343338013,-0.012909424988137408,6,1683.10498046875,0.10126857105100501,-160.72871608882997,0,366.3500061035156,0.0,1817.6191882569037,0,129.4600067138672,0.0,-589.7064791686753,-83,218.55999755859375,-0.18191185225881132,-1345.9202484344096
2026-09-10,2026-09-10T12:55:00-04:00,bar_close,107763.11365911587,99758.33205816372,28297.7410736084,-8004.781600952148,0.28366293310827917,-0.08024173455792134,1554.3260686676033,7771630.343338013,-0.012542504417630829,6,1691.0799560546875,0.10171059927517892,-112.87886257320497,0,366.0899963378906,0.0,1817.6191882569037,0,129.41000366210938,0.0,-589.7064791686753,-83,218.6898956298828,-0.18195233383310025,-1356.7017883514018
2026-09-10,2026-09-10T12:55:00-04:00,open_before_orders,107763.11365911587,99760.00336858853,28299.430114746094,-8003.110290527344,0.2836751118600778,-0.08022363693150482,1554.3260686676033,7771630.343338013,-0.01252596095732661,6,1691.3599853515625,0.10172573746428651,-111.19868679195497,0,366.1000061035156,0.0,1817.6191882569037,0,129.44000244140625,0.0,-589.7064791686753,-83,218.69000244140625,-0.18194937439579134,-1356.710653707847
2026-09-10,2026-09-10T12:55:00-04:00,after_fill,111145.15708582486,99759.32682459439,24916.71014404297,-11385.830261230469,0.24976822656245182,-0.11413299010377281,1555.002612661744,7775013.063308716,-0.01253265772564982,4,1691.3599853515625,0.0678176182293395,-111.87523078609593,0,366.1000061035156,0.0,1817.6191882569037,0,129.44000244140625,0.0,-589.7064791686753,-83,218.69000244140625,-0.1819506083331123,-1356.710653707847
2026-09-10,2026-09-10T13:00:00-04:00,bar_close,111145.15708582486,99760.54722254361,24927.89013671875,-11384.60986328125,0.24987723935705933,-0.114119360611412,1555.002612661744,7775013.063308716,-0.012520577620883766,4,1692.9100341796875,0.06787893937282366,-105.67503547359593,0,365.8500061035156,0.0,1817.6191882569037,0,129.9600067138672,0.0,-589.7064791686753,-83,218.75,-0.18199829998423567,-1361.6904510711283
2026-09-10,2026-09-10T13:00:00-04:00,open_before_orders,111145.15708582486,99758.29775660123,24927.299758911133,-11386.859329223633,0.24987695579700925,-0.1141444830685289,1555.002612661744,7775013.063308716,-0.012542843951525384,4,1692.5550537109375,0.06786623636424018,-107.09495734859593,0,365.81500244140625,0.0,1817.6191882569037,0,129.97000122070312,0.0,-589.7064791686753,-83,218.75999450683594,-0.18201071943276909,-1362.5199951385111
2026-09-10,2026-09-10T13:00:00-04:00,after_fill,114529.59017122525,99757.62073457974,21542.189651489258,-14771.969436645508,0.21594530315438773,-0.1480786062044179,1555.6796346832284,7778398.173416138,-0.012549545451600475,2,1692.5550537109375,0.033933348474984915,-107.77197937008032,0,365.81500244140625,0.0,1817.6191882569037,0,129.97000122070312,0.0,-589.7064791686753,-83,218.75999450683594,-0.18201195467940282,-1362.5199951385111
2026-09-10,2026-09-10T13:00:00-04:00,after_fill,114310.78642471951,99757.57698258084,21323.429656982422,-14553.209442138672,0.21375248178597814,-0.1458857550708141,1555.7233866821298,7778616.9334106445,-0.012549978530606354,2,1692.5550537109375,0.03393336335758201,-107.77197937008032,0,365.81500244140625,0.0,1817.6191882569037,0,129.97000122070312,0.0,-589.7064791686753,-82,218.75999450683594,-0.17981911842839612,-1362.5637471374139
2026-09-10,2026-09-10T13:05:00-04:00,bar_close,114310.78642471951,99758.93690689724,21329.709381103516,-14551.849517822266,0.21381251687766128,-0.14587013423572442,1555.7233866821298,7778616.9334106445,-0.012536517324590157,2,1694.4649658203125,0.03397119132096843,-103.95215515133032,0,366.1758117675781,0.0,1817.6191882569037,0,129.77279663085938,0.0,-589.7064791686753,-82,218.7899932861328,-0.17984132555669285,-1365.0236470397576
2026-09-10,2026-09-10T13:05:00-04:00,open_before_orders,114310.78642471951,99758.88685806912,21329.65933227539,-14551.89956665039,0.21381212244901984,-0.14587070911641134,1555.7233866821298,7778616.9334106445,-0.012537012732737662,2,1694.43994140625,0.03397070666630425,-104.00220397945532,0,366.2149963378906,0.0,1817.6191882569037,0,129.80999755859375,0.0,-589.7064791686753,-82,218.7899932861328,-0.1798414157827156,-1365.0236470397576
2026-09-10,2026-09-10T13:10:00-04:00,bar_close,114310.78642471951,99757.996965491,21349.269439697266,-14552.789459228516,0.2140106065590166,-0.14588093087176482,1555.7233866821298,7778616.9334106445,-0.012545821331261697,2,1699.1199951171875,0.0340648378436259,-94.64209655758032,0,365.9849853515625,0.0,1817.6191882569037,0,129.75,0.0,-589.7064791686753,-82,218.9149932861328,-0.1799457687153907,-1375.2736470397576
2026-09-10,2026-09-10T13:10:00-04:00,open_before_orders,114310.78642471951,99758.14610489529,21348.60028076172,-14552.640319824219,0.2140035787986051,-0.14587921776856375,1555.7233866821298,7778616.9334106445,-0.012544345075397922,2,1698.989990234375,0.034062180515020676,-94.90210632320532,0,365.9599914550781,0.0,1817.6191882569037,0,129.75,0.0,-589.7064791686753,-82,218.91000366210938,-0.1799413982835844,-1374.8644978698358
2026-09-10,2026-09-10T13:10:00-04:00,after_fill,117708.08680919217,99757.4665088992,17950.62030029297,-17950.62030029297,0.1799426241312135,-0.1799426241312135,1556.4029826782235,7782014.913391113,-0.012551072053951562,0,1698.989990234375,0.0,-95.58170231929898,0,365.9599914550781,0.0,1817.6191882569037,0,129.75,0.0,-589.7064791686753,-82,218.91000366210938,-0.1799426241312135,-1374.8644978698358
2026-09-10,2026-09-10T13:15:00-04:00,bar_close,117708.08680919217,99771.40635875272,17936.680450439453,-17936.680450439453,0.1797777650436608,-0.1797777650436608,1556.4029826782235,7782014.913391113,-0.012413088499684477,0,1697.52001953125,0.0,-95.58170231929898,0,366.0400085449219,0.0,1817.6191882569037,0,129.6199951171875,0.0,-589.7064791686753,-82,218.74000549316406,-0.1797777650436608,-1360.9246480163201
2026-09-10,2026-09-10T13:15:00-04:00,open_before_orders,117708.08680919217,99770.58680919217,17937.5,-17937.5,0.17978745613980254,-0.17978745613980254,1556.4029826782235,7782014.913391113,-0.012421200808098831,0,1697.6400146484375,0.0,-95.58170231929898,0,366.1199951171875,0.0,1817.6191882569037,0,129.65499877929688,0.0,-589.7064791686753,-82,218.75,-0.17978745613980254,-1361.744197576867
2026-09-10,2026-09-10T13:15:00-04:00,after_fill,110916.1686385867,99769.22869718046,24728.06005859375,-11146.93994140625,0.2478525731981787,-0.11172723380712343,1557.7610946899422,7788805.473449707,-0.012434644075023482,4,1697.6400146484375,0.06806266969552763,-96.93981433101726,0,366.1199951171875,0.0,1817.6191882569037,0,129.65499877929688,0.0,-589.7064791686753,-82,218.75,-0.17978990350265106,-1361.744197576867
2026-09-10,2026-09-10T13:20:00-04:00,bar_close,110916.1686385867,99770.98928678007,24736.37954711914,-11145.17935180664,0.247931585363129,-0.11170761592601956,1557.7610946899422,7788805.473449707,-0.012417216885124538,4,1698.9000244140625,0.06811198471855472,-91.89977526851726,0,366.1700134277344,0.0,1817.6191882569037,0,129.88999938964844,0.0,-589.7064791686753,-82,218.7899932861328,-0.17981960064457428,-1365.0236470397576
2026-09-10,2026-09-10T13:20:00-04:00,open_before_orders,110916.1686385867,99770.70275723905,24736.946350097656,-11145.465881347656,0.24793797844931809,-0.11171080861750246,1557.7610946899422,7788805.473449707,-0.012420053096768635,4,1698.93505859375,0.06811358491590781,-91.75963854976726,0,366.18170166015625,0.0,1817.6191882569037,0,129.89010620117188,0.0,-589.7064791686753,-82,218.79519653320312,-0.17982439353341026,-1365.4503132995233
2026-09-10,2026-09-10T13:20:00-04:00,after_fill,117710.54972491483,99769.34360919218,17941.206115722656,-17941.206115722656,0.17982684326360204,-0.17982684326360204,1559.120242736817,7795601.213684082,-0.012433506618883539,0,1698.93505859375,0.0,-93.11878659664217,0,366.18170166015625,0.0,1817.6191882569037,0,129.89010620117188,0.0,-589.7064791686753,-82,218.79519653320312,-0.17982684326360204,-1365.4503132995233
2026-09-10,2026-09-10T13:25:00-04:00,bar_close,117710.54972491483,99784.529674866,17926.020050048828,-17926.020050048828,0.1796472870940843,-0.1796472870940843,1559.120242736817,7795601.213684082,-0.012283187401745055,0,1698.0,0.0,-93.11878659664217,0,366.44000244140625,0.0,1817.6191882569037,0,130.27499389648438,0.0,-589.7064791686753,-82,218.61000061035156,-0.1796472870940843,-1350.2642476256951
2026-09-10,2026-09-10T13:25:00-04:00,open_before_orders,117710.54972491483,99783.71012530546,17926.839599609375,-17926.839599609375,0.1796569758440268,-0.1796569758440268,1559.120242736817,7795601.213684082,-0.01229129971015952,0,1697.760009765625,0.0,-93.11878659664217,0,366.44000244140625,0.0,1817.6191882569037,0,130.35800170898438,0.0,-589.7064791686753,-82,218.6199951171875,-0.1796569758440268,-1351.083797186242
2026-09-10,2026-09-10T13:30:00-04:00,bar_close,117710.54972491483,99777.96952471952,17932.580200195312,-17932.580200195312,0.17972484593157212,-0.17972484593157212,1559.120242736817,7795601.213684082,-0.012348123024671476,0,1701.300048828125,0.0,-93.11878659664217,0,366.8299865722656,0.0,1817.6191882569037,0,130.41409301757812,0.0,-589.7064791686753,-82,218.69000244140625,-0.17972484593157212,-1356.8243977721795
2026-09-10,2026-09-10T13:30:00-04:00,open_before_orders,117710.54972491483,99778.37992511014,17932.169799804688,-17932.169799804688,0.17971999358241628,-0.17971999358241628,1559.120242736817,7795601.213684082,-0.012344060677862423,0,1701.60986328125,0.0,-93.11878659664217,0,366.8599853515625,0.0,1817.6191882569037,0,130.34500122070312,0.0,-589.7064791686753,-82,218.68499755859375,-0.17971999358241628,-1356.4139973815545
2026-09-10,2026-09-10T13:35:00-04:00,bar_close,117710.54972491483,99794.36927447538,17916.180450439453,-17916.180450439453,0.17953097535155135,-0.17953097535155135,1559.120242736817,7795601.213684082,-0.012185790159957355,0,1699.6800537109375,0.0,-93.11878659664217,0,367.2250061035156,0.0,1817.6191882569037,0,130.89999389648438,0.0,-589.7064791686753,-82,218.49000549316406,-0.17953097535155135,-1340.4246480163201
2026-09-10,2026-09-10T13:35:00-04:00,open_before_orders,117710.54972491483,99794.36927447538,17916.180450439453,-17916.180450439453,0.17953097535155135,-0.17953097535155135,1559.120242736817,7795601.213684082,-0.012185790159957355,0,1700.175048828125,0.0,-93.11878659664217,0,367.260009765625,0.0,1817.6191882569037,0,130.9398956298828,0.0,-589.7064791686753,-82,218.49000549316406,-0.17953097535155135,-1340.4246480163201
2026-09-10,2026-09-10T13:40:00-04:00,bar_close,117710.54972491483,99821.02027545194,17889.52944946289,-17889.52944946289,0.1792160548960277,-0.1792160548960277,1559.120242736817,7795601.213684082,-0.01192198532144284,0,1700.050048828125,0.0,-93.11878659664217,0,366.19989013671875,0.0,1817.6191882569037,0,130.27999877929688,0.0,-589.7064791686753,-82,218.1649932861328,-0.1792160548960277,-1313.7736470397576
2026-09-10,2026-09-10T13:40:00-04:00,open_before_orders,117710.54972491483,99821.42942462186,17889.12030029297,-17889.12030029297,0.17921122151232644,-0.17921122151232644,1559.120242736817,7795601.213684082,-0.01191793535983754,0,1699.72998046875,0.0,-93.11878659664217,0,366.1705017089844,0.0,1817.6191882569037,0,130.25,0.0,-589.7064791686753,-82,218.16000366210938,-0.17921122151232644,-1313.3644978698358
2026-09-10,2026-09-10T13:40:00-04:00,after_fill,117492.346089252,99821.38579262113,17670.96029663086,-17670.96029663086,0.17702579618902775,-0.17702579618902775,1559.1638747375496,7795819.373687744,-0.011918367251041784,0,1699.72998046875,0.0,-93.11878659664217,0,366.1705017089844,0.0,1817.6191882569037,0,130.25,0.0,-589.7064791686753,-81,218.16000366210938,-0.17702579618902775,-1313.4081298705678
2026-09-10,2026-09-10T13:40:00-04:00,after_fill,127376.97231468535,99819.40847191191,27557.563842773438,-27557.563842773438,0.27607420505329716,-0.27607420505329716,1561.141195446778,7805705.977233887,-0.011937939753059457,0,1699.72998046875,0.0,-93.11878659664217,-27,366.1705017089844,-0.09904490216373663,1815.6418675476762,0,130.25,0.0,-589.7064791686753,-81,218.16000366210938,-0.17702930288956054,-1313.4081298705678
2026-09-10,2026-09-10T13:45:00-04:00,bar_close,127376.97231468535,99770.50351890898,27606.468795776367,-27606.468795776367,0.2766997040417287,-0.2766997040417287,1561.141195446778,7805705.977233887,-0.012422025256671243,0,1700.656982421875,0.0,-93.11878659664217,-27,367.3818054199219,-0.09942125574677425,1782.9366673523637,0,130.33999633789062,0.0,-589.7064791686753,-81,218.36000061035156,-0.17727844829495445,-1329.607882678185
2026-09-10,2026-09-10T13:45:00-04:00,open_before_orders,127376.97231468535,99769.83362755156,27607.13868713379,-27607.13868713379,0.2767082762731003,-0.2767082762731003,1561.141195446778,7805705.977233887,-0.012428656173893549,0,1701.0050048828125,0.0,-93.11878659664217,-27,367.385009765625,-0.09942279046692348,1782.8501500183793,0,130.33999633789062,0.0,-589.7064791686753,-81,218.36720275878906,-0.1772854858061768,-1330.1912567016225
2026-09-10,2026-09-10T13:50:00-04:00,bar_close,127376.97231468535,99797.29052147246,27579.68179321289,-27579.68179321289,0.2763570198058516,-0.2763570198058516,1561.141195446778,7805705.977233887,-0.012156874206931678,0,1701.0001220703125,0.0,-93.11878659664217,-27,366.3900146484375,-0.09912624224381451,1809.7150181824418,0,130.25999450683594,0.0,-589.7064791686753,-81,218.35989379882812,-0.1772307775620371,-1329.5992309447865
2026-09-10,2026-09-10T13:50:00-04:00,open_before_orders,127376.97231468535,99794.31267723418,27582.659637451172,-27582.659637451172,0.27639510606843964,-0.27639510606843964,1561.141195446778,7805705.977233887,-0.01218635038754834,0,1701.989013671875,0.0,-93.11878659664217,-27,366.4700012207031,-0.09915084104002486,1807.55538073127,0,130.21560668945312,0.0,-589.7064791686753,-81,218.3699951171875,-0.17724426502841478,-1330.417437731896
2026-09-10,2026-09-10T13:50:00-04:00,after_fill,129208.95585078765,99793.94620723296,29415.009643554688,-29415.009643554688,0.2947574553517628,-0.2947574553517628,1561.5076654479988,7807538.32723999,-0.012189977889553893,0,1701.989013671875,0.0,-93.11878659664217,-32,366.4700012207031,-0.11751253943510791,1807.1889107300485,0,130.21560668945312,0.0,-589.7064791686753,-81,218.3699951171875,-0.1772449159166549,-1330.417437731896
2026-09-10,2026-09-10T13:55:00-04:00,bar_close,129208.95585078765,99775.78603572417,29433.169815063477,-29433.169815063477,0.29499311390566335,-0.29499311390566335,1561.5076654479988,7807538.32723999,-0.012369736282737076,0,1706.699951171875,0.0,-93.11878659664217,-32,366.42999267578125,-0.11752109636527099,1808.4691841675485,0,130.19500732421875,0.0,-589.7064791686753,-81,218.61000061035156,-0.17747201754039238,-1349.857882678185
2026-09-10,2026-09-10T13:55:00-04:00,open_before_orders,129208.95585078765,99774.9144842105,29434.04136657715,-29434.04136657715,0.295004425899409,-0.295004425899409,1561.5076654479988,7807538.32723999,-0.012378363332299802,0,1707.0,0.0,-93.11878659664217,-32,366.44000244140625,-0.1175253332838553,1808.1488716675485,0,130.15370178222656,0.0,-589.7064791686753,-81,218.61680603027344,-0.17747909261555372,-1350.4091216918569
2026-09-10,2026-09-10T13:55:00-04:00,after_fill,117480.53055664702,99772.56926819487,17707.96128845215,-17707.96128845215,0.17748326437151324,-0.17748326437151324,1563.8528814636238,7819264.407318115,-0.012401577444701495,0,1707.0,0.0,-93.11878659664217,0,366.44000244140625,0.0,1805.8036556519237,0,130.15370178222656,0.0,-589.7064791686753,-81,218.61680603027344,-0.17748326437151324,-1350.4091216918569
2026-09-10,2026-09-10T14:00:00-04:00,bar_close,117480.53055664702,99792.4880304019,17688.042526245117,-17688.042526245117,0.17724823656923389,-0.17724823656923389,1563.8528814636238,7819264.407318115,-0.012204411647737334,0,1709.0899658203125,0.0,-93.11878659664217,0,365.4565124511719,0.0,1805.8036556519237,0,130.0500030517578,0.0,-589.7064791686753,-81,218.3708953857422,-0.17724823656923389,-1330.4903594848256
2026-09-10,2026-09-10T14:00:00-04:00,open_before_orders,117480.53055664702,99794.18006226225,17686.350494384766,-17686.350494384766,0.1772282760713113,-0.1772282760713113,1563.8528814636238,7819264.407318115,-0.012187663076376976,0,1708.989990234375,0.0,-93.11878659664217,0,365.4549865722656,0.0,1805.8036556519237,0,130.11000061035156,0.0,-589.7064791686753,-81,218.35000610351562,-0.1772282760713113,-1328.798327624474
2026-09-10,2026-09-10T14:05:00-04:00,bar_close,117480.53055664702,99804.71045777007,17675.820098876953,-17675.820098876953,0.17710406670991793,-0.17710406670991793,1563.8528814636238,7819264.407318115,-0.012083427993841989,0,1707.3900146484375,0.0,-93.11878659664217,0,365.4150085449219,0.0,1805.8036556519237,0,129.67990112304688,0.0,-589.7064791686753,-81,218.22000122070312,-0.17710406670991793,-1318.2679321166615
2026-09-10,2026-09-10T14:05:00-04:00,open_before_orders,117480.53055664702,99805.52866455718,17675.001892089844,-17675.001892089844,0.17709441679824064,-0.17709441679824064,1563.8528814636238,7819264.407318115,-0.012075328976865696,0,1707.75,0.0,-93.11878659664217,0,365.4024963378906,0.0,1805.8036556519237,0,129.64999389648438,0.0,-589.7064791686753,-81,218.20989990234375,-0.17709441679824064,-1317.4497253295522
2026-09-10,2026-09-10T14:10:00-04:00,bar_close,117480.53055664702,99807.14035889311,17673.390197753906,-17673.390197753906,0.1770754089757783,-0.1770754089757783,1563.8528814636238,7819264.407318115,-0.012059375626205404,0,1707.2900390625,0.0,-93.11878659664217,0,365.510009765625,0.0,1805.8036556519237,0,129.42999267578125,0.0,-589.7064791686753,-81,218.19000244140625,-0.1770754089757783,-1315.8380309936147
2026-09-10,2026-09-10T14:10:00-04:00,open_before_orders,117480.53055664702,99807.95114990874,17672.57940673828,-17672.57940673828,0.1770658469904323,-0.1770658469904323,1563.8528814636238,7819264.407318115,-0.012051350014216755,0,1707.2900390625,0.0,-93.11878659664217,0,365.5,0.0,1805.8036556519237,0,129.44000244140625,0.0,-589.7064791686753,-81,218.17999267578125,-0.1770658469904323,-1315.0272399779897
2026-09-10,2026-09-10T14:15:00-04:00,bar_close,117480.53055664702,99807.89429566069,17672.636260986328,-17672.636260986328,0.17706651749043736,-0.17706651749043736,1563.8528814636238,7819264.407318115,-0.01205191278578921,0,1711.510009765625,0.0,-93.11878659664217,0,365.6000061035156,0.0,1805.8036556519237,0,129.2899932861328,0.0,-589.7064791686753,-81,218.18069458007812,-0.17706651749043736,-1315.0840942260365
2026-09-10,2026-09-10T14:15:00-04:00,open_before_orders,117480.53055664702,99808.71991821929,17671.810638427734,-17671.810638427734,0.17705678073927372,-0.17705678073927372,1563.8528814636238,7819264.407318115,-0.012043740363825162,0,1711.280029296875,0.0,-93.11878659664217,0,365.55999755859375,0.0,1805.8036556519237,0,129.2899932861328,0.0,-589.7064791686753,-81,218.17050170898438,-0.17705678073927372,-1314.2584716674428
2026-09-10,2026-09-10T14:20:00-04:00,bar_close,117480.53055664702,99808.76812073393,17671.762435913086,-17671.762435913086,0.17705621228123358,-0.17705621228123358,1563.8528814636238,7819264.407318115,-0.012043263231405144,0,1711.36865234375,0.0,-93.11878659664217,0,365.6499938964844,0.0,1805.8036556519237,0,129.5500030517578,0.0,-589.7064791686753,-81,218.16990661621094,-0.17705621228123358,-1314.2102691527944
2026-09-10,2026-09-10T14:20:00-04:00,open_before_orders,117480.53055664702,99808.76070496245,17671.76985168457,-17671.76985168457,0.17705629973628095,-0.17705629973628095,1563.8528814636238,7819264.407318115,-0.012043336636392787,0,1711.9000244140625,0.0,-93.11878659664217,0,365.6499938964844,0.0,1805.8036556519237,0,129.52999877929688,0.0,-589.7064791686753,-81,218.1699981689453,-0.17705629973628095,-1314.2176849242787
2026-09-10,2026-09-10T14:25:00-04:00,bar_close,117480.53055664702,99808.76070496245,17671.76985168457,-17671.76985168457,0.17705629973628095,-0.17705629973628095,1563.8528814636238,7819264.407318115,-0.012043336636392787,0,1711.010009765625,0.0,-93.11878659664217,0,365.8900146484375,0.0,1805.8036556519237,0,129.67999267578125,0.0,-589.7064791686753,-81,218.1699981689453,-0.17705629973628095,-1314.2176849242787
2026-09-10,2026-09-10T14:25:00-04:00,open_before_orders,117480.53055664702,99808.35530945464,17672.175247192383,-17672.175247192383,0.17706108063197726,-0.17706108063197726,1563.8528814636238,7819264.407318115,-0.012047349442387056,0,1712.0,0.0,-93.11878659664217,0,365.8900146484375,0.0,1805.8036556519237,0,129.6999969482422,0.0,-589.7064791686753,-81,218.1750030517578,-0.17706108063197726,-1314.6230804320912
2026-09-10,2026-09-10T14:30:00-04:00,bar_close,117480.53055664702,99819.69526001616,17660.83529663086,-17660.83529663086,0.17692736138521448,-0.17692736138521448,1563.8528814636238,7819264.407318115,-0.011935100982028102,0,1716.4549560546875,0.0,-93.11878659664217,0,365.8500061035156,0.0,1805.8036556519237,0,129.30999755859375,0.0,-589.7064791686753,-81,218.03500366210938,-0.17692736138521448,-1303.2831298705678
2026-09-10,2026-09-10T14:30:00-04:00,open_before_orders,117480.53055664702,99820.09200379057,17660.438552856445,-17660.438552856445,0.17692268358343935,-0.17692268358343935,1563.8528814636238,7819264.407318115,-0.011931173815186158,0,1716.31005859375,0.0,-93.11878659664217,0,365.8212890625,0.0,1805.8036556519237,0,129.3300018310547,0.0,-589.7064791686753,-81,218.0301055908203,-0.17692268358343935,-1302.8863860961537
2026-09-10,2026-09-10T14:35:00-04:00,bar_close,117480.53055664702,99830.31464478179,17650.215911865234,-17650.215911865234,0.17680216650291633,-0.17680216650291633,1563.8528814636238,7819264.407318115,-0.011829985039640722,0,1720.4150390625,0.0,-93.11878659664217,0,365.5784912109375,0.0,1805.8036556519237,0,129.3699951171875,0.0,-589.7064791686753,-81,217.90390014648438,-0.17680216650291633,-1292.6637451049428
2026-09-10,2026-09-10T14:35:00-04:00,open_before_orders,117480.53055664702,99830.63105103179,17649.899505615234,-17649.899505615234,0.17679843671020065,-0.17679843671020065,1563.8528814636238,7819264.407318115,-0.011826853093498846,0,1720.0987548828125,0.0,-93.11878659664217,0,365.63720703125,0.0,1805.8036556519237,0,129.39999389648438,0.0,-589.7064791686753,-81,217.89999389648438,-0.17679843671020065,-1292.3473388549428
2026-09-10,2026-09-10T14:35:00-04:00,after_fill,117262.58698275176,99830.58747103301,17431.99951171875,-17431.99951171875,0.17461581618736688,-0.17461581618736688,1563.896461462403,7819482.307312012,-0.011827284469961952,0,1720.0987548828125,0.0,-93.11878659664217,0,365.63720703125,0.0,1805.8036556519237,0,129.39999389648438,0.0,-589.7064791686753,-80,217.89999389648438,-0.17461581618736688,-1292.3909188537218
2026-09-10,2026-09-10T14:35:00-04:00,after_fill,128388.76077795439,99828.36179113798,28560.398986816406,-28560.398986816406,0.2860950382674895,-0.2860950382674895,1566.1221413574226,7830610.706787109,-0.01184931535449818,0,1720.0987548828125,0.0,-93.11878659664217,0,365.63720703125,0.0,1805.8036556519237,-86,129.39999389648438,-0.11147532900901067,-591.9321590636937,-80,217.89999389648438,-0.1746197092584788,-1292.3909188537218
2026-09-10,2026-09-10T14:40:00-04:00,bar_close,128388.76077795439,99806.56058264189,28582.2001953125,-28582.2001953125,0.28637596595311837,-0.28637596595311837,1566.1221413574226,7830610.706787109,-0.012065114539368982,0,1721.699951171875,0.0,-93.11878659664217,0,366.0299987792969,0.0,1805.8036556519237,-86,129.5,-0.11158585102006731,-600.5326839660374,-80,218.06500244140625,-0.17479011493305108,-1305.5916024474718
2026-09-10,2026-09-10T14:40:00-04:00,open_before_orders,128388.76077795439,99808.74008703642,28580.02069091797,-28580.02069091797,0.2863478756068384,-0.2863478756068384,1566.1221413574226,7830610.706787109,-0.012043540722860402,0,1721.5,0.0,-93.11878659664217,0,366.0007019042969,0.0,1805.8036556519237,-86,129.47000122070312,-0.11155756595335135,-597.9527889465062,-80,218.07000732421875,-0.17479030965348702,-1305.9919930724718
2026-09-10,2026-09-10T14:45:00-04:00,bar_close,128388.76077795439,99800.67651892119,28588.084259033203,-28588.084259033203,0.28645180830626127,-0.28645180830626127,1566.1221413574226,7830610.706787109,-0.012123357923210953,0,1719.8499755859375,0.0,-93.11878659664217,0,366.04998779296875,0.0,1805.8036556519237,-86,129.7100067138672,-0.11177339639854739,-618.5932613586156,-80,217.9127960205078,-0.17467841190771388,-1293.4150887755968
2026-09-10,2026-09-10T14:45:00-04:00,open_before_orders,128388.76077795439,99802.68155432158,28586.079223632812,-28586.079223632812,0.2864259634955169,-0.2864259634955169,1566.1221413574226,7830610.706787109,-0.012103511087421137,0,1720.0,0.0,-93.11878659664217,0,366.0199890136719,0.0,1805.8036556519237,-86,129.67999267578125,-0.11174528776611084,-616.0120540832249,-80,217.9199981689453,-0.17468067572940607,-1293.9912606505968
2026-09-10,2026-09-10T14:50:00-04:00,bar_close,128388.76077795439,99810.45679235869,28578.303985595703,-28578.303985595703,0.2863257508684562,-0.2863257508684562,1566.1221413574226,7830610.706787109,-0.012026547921324848,0,1713.760009765625,0.0,-93.11878659664217,0,366.0450134277344,0.0,1805.8036556519237,-86,129.5800018310547,-0.11165042737610092,-607.4128414367406,-80,217.9302978515625,-0.17467532349235526,-1294.8152352599718
2026-09-10,2026-09-10T14:50:00-04:00,open_before_orders,128388.76077795439,99814.38107824736,28574.37969970703,-28574.37969970703,0.2862751778955254,-0.2862751778955254,1566.1221413574226,7830610.706787109,-0.0119877033913931,0,1713.68994140625,0.0,-93.11878659664217,0,365.989990234375,0.0,1805.8036556519237,-86,129.52999877929688,-0.1116029551521929,-603.1125789855687,-80,217.93499755859375,-0.17467222274333255,-1295.1912118224718
2026-09-10,2026-09-10T14:50:00-04:00,after_fill,117246.95296695585,99812.15316226835,17434.7998046875,-17434.7998046875,0.17467612161760596,-0.17467612161760596,1568.3500573364265,7841750.286682129,-0.012009756409798733,0,1713.68994140625,0.0,-93.11878659664217,0,365.989990234375,0.0,1805.8036556519237,0,129.52999877929688,0.0,-605.3404949645719,-80,217.93499755859375,-0.17467612161760596,-1295.1912118224718
2026-09-10,2026-09-10T14:55:00-04:00,bar_close,117246.95296695585,99792.55355289335,17454.3994140625,-17454.3994140625,0.17490683214966626,-0.17490683214966626,1568.3500573364265,7841750.286682129,-0.012203763073588392,0,1710.6600341796875,0.0,-93.11878659664217,0,366.4649963378906,0.0,1805.8036556519237,0,129.7899932861328,0.0,-605.3404949645719,-80,218.17999267578125,-0.17490683214966626,-1314.7908211974718
2026-09-10,2026-09-10T14:55:00-04:00,open_before_orders,117246.95296695585,99792.55355289335,17454.3994140625,-17454.3994140625,0.17490683214966626,-0.17490683214966626,1568.3500573364265,7841750.286682129,-0.012203763073588392,0,1711.280029296875,0.0,-93.11878659664217,0,366.4200134277344,0.0,1805.8036556519237,0,129.77000427246094,0.0,-605.3404949645719,-80,218.17999267578125,-0.17490683214966626,-1314.7908211974718
2026-09-10,2026-09-10T15:00:00-04:00,bar_close,117246.95296695585,99788.4886114871,17458.46435546875,-17458.46435546875,0.17495469265438926,-0.17495469265438926,1568.3500573364265,7841750.286682129,-0.01224399988166136,0,1710.31005859375,0.0,-93.11878659664217,0,366.2699890136719,0.0,1805.8036556519237,0,129.9199981689453,0.0,-605.3404949645719,-80,218.23080444335938,-0.17495469265438926,-1318.8557626037218
2026-09-10,2026-09-10T15:00:00-04:00,open_before_orders,117246.95296695585,99788.55330875273,17458.399658203125,-17458.399658203125,0.17495393088008424,-0.17495393088008424,1568.3500573364265,7841750.286682129,-0.01224335947600741,0,1709.56005859375,0.0,-93.11878659664217,0,366.2699890136719,0.0,1805.8036556519237,0,129.9499969482422,0.0,-605.3404949645719,-80,218.22999572753906,-0.17495393088008424,-1318.7910653380968
2026-09-10,2026-09-10T15:00:00-04:00,after_fill,125793.04369986602,99786.84374869414,26006.199951171875,-26006.199951171875,0.260617522051971,-0.260617522051971,1570.0596173950203,7850298.086975098,-0.012260281550175778,-5,1709.56005859375,-0.08566059384036395,-94.82834665523478,0,366.2699890136719,0.0,1805.8036556519237,0,129.9499969482422,0.0,-605.3404949645719,-80,218.22999572753906,-0.174956928211607,-1318.7910653380968
2026-09-10,2026-09-10T15:05:00-04:00,bar_close,125793.04369986602,99818.69433463164,25974.349365234375,-25974.349365234375,0.26021527869477146,-0.26021527869477146,1570.0596173950203,7850298.086975098,-0.011945008638391985,-5,1707.989990234375,-0.08555461487547206,-86.97800485835978,0,365.5150146484375,0.0,1805.8036556519237,0,129.77940368652344,0.0,-605.3404949645719,-80,217.92999267578125,-0.17466066381929937,-1294.7908211974718
2026-09-10,2026-09-10T15:05:00-04:00,open_before_orders,125793.04369986602,99822.20507681914,25970.838623046875,-25970.838623046875,0.2601709569835766,-0.2601709569835766,1570.0596173950203,7850298.086975098,-0.011910257569317517,-5,1707.155029296875,-0.08550978351876305,-82.80320017085978,0,365.4599914550781,0.0,1805.8036556519237,0,129.7899932861328,0.0,-605.3404949645719,-80,217.93829345703125,-0.17466117346481355,-1295.4548836974718
2026-09-10,2026-09-10T15:10:00-04:00,bar_close,125793.04369986602,99838.43554556914,25954.608154296875,-25954.608154296875,0.25996609434500245,-0.25996609434500245,1570.0596173950203,7850298.086975098,-0.011749600332038757,-5,1703.56005859375,-0.0853158430059832,-64.82834665523478,0,365.9750061035156,0.0,1805.8036556519237,0,129.8784942626953,0.0,-605.3404949645719,-80,217.96009826660156,-0.17465025133901926,-1297.1992684630968
2026-09-10,2026-09-10T15:10:00-04:00,open_before_orders,125793.04369986602,99838.65161002227,25954.39208984375,-25954.39208984375,0.25996336760660266,-0.25996336760660266,1570.0596173950203,7850298.086975098,-0.011747461618816901,-5,1703.0,-0.08528761018588542,-62.02805368648478,0,365.9750061035156,0.0,1805.8036556519237,0,129.8404998779297,0.0,-605.3404949645719,-80,217.99240112304688,-0.17467575742071725,-1299.7834969787218
2026-09-10,2026-09-10T15:10:00-04:00,after_fill,117276.34069986602,99836.94861002227,17439.39208984375,-17439.39208984375,0.17467873700712316,-0.17467873700712316,1571.7626173950202,7858813.086975098,-0.011764318758268555,0,1703.0,0.0,-63.7310536864843,0,365.9750061035156,0.0,1805.8036556519237,0,129.8404998779297,0.0,-605.3404949645719,-80,217.99240112304688,-0.17467873700712316,-1299.7834969787218
2026-09-10,2026-09-10T15:10:00-04:00,after_fill,117058.30470026274,99836.90501154204,17221.399688720703,-17221.399688720703,0.17249532812269927,-0.17249532812269927,1571.8062158752448,7859031.079376221,-0.011764750317670214,0,1703.0,0.0,-63.7310536864843,0,365.9750061035156,0.0,1805.8036556519237,0,129.8404998779297,0.0,-605.3404949645719,-79,217.99240112304688,-0.17249532812269927,-1299.8270954589461
2026-09-10,2026-09-10T15:15:00-04:00,bar_close,117058.30470026274,99838.6746038272,17219.630096435547,-17219.630096435547,0.1724745462093249,-0.1724745462093249,1571.8062158752448,7859031.079376221,-0.011747234014720442,0,1700.800048828125,0.0,-63.7310536864843,0,364.82000732421875,0.0,1805.8036556519237,0,129.66000366210938,0.0,-605.3404949645719,-79,217.97000122070312,-0.1724745462093249,-1298.0575031737899
2026-09-10,2026-09-10T15:15:00-04:00,open_before_orders,117058.30470026274,99838.6746038272,17219.630096435547,-17219.630096435547,0.1724745462093249,-0.1724745462093249,1571.8062158752448,7859031.079376221,-0.011747234014720442,0,1700.875,0.0,-63.7310536864843,0,364.82000732421875,0.0,1805.8036556519237,0,129.68499755859375,0.0,-605.3404949645719,-79,217.97000122070312,-0.1724745462093249,-1298.0575031737899
2026-09-10,2026-09-10T15:15:00-04:00,after_fill,136025.15095304596,99834.88047575104,36190.27047729492,-36190.27047729492,0.3625012651373405,-0.3625012651373405,1575.6003439514166,7878001.71975708,-0.011784790178007265,0,1700.875,0.0,-63.7310536864843,-52,364.82000732421875,-0.1900201641996974,1802.0095275757558,0,129.68499755859375,0.0,-605.3404949645719,-79,217.97000122070312,-0.17248110093764307,-1298.0575031737899
2026-09-10,2026-09-10T15:20:00-04:00,bar_close,136025.15095304596,99860.71087431061,36164.44007873535,-36164.44007873535,0.36214883473294734,-0.36214883473294734,1575.6003439514166,7878001.71975708,-0.011529108069602945,0,1702.81005859375,0.0,-63.7310536864843,-52,364.06500244140625,-0.18957786261687093,1841.2697814820058,0,129.5850067138672,0.0,-605.3404949645719,-79,218.13999938964844,-0.17257097211607644,-1311.4873585204696
2026-09-10,2026-09-10T15:20:00-04:00,open_before_orders,136025.15095304596,99865.15083097565,36160.00012207031,-36160.00012207031,0.36208827424966344,-0.36208827424966344,1575.6003439514166,7878001.71975708,-0.011485159174322801,0,1702.8699951171875,0.0,-63.7310536864843,-52,364.010009765625,-0.18954079927090392,1844.1294006226308,0,129.5399932861328,0.0,-605.3404949645719,-79,218.1199951171875,-0.1725474749787595,-1309.9070209960555
2026-09-10,2026-09-10T15:25:00-04:00,bar_close,136025.15095304596,99850.09470914947,36175.056243896484,-36175.056243896484,0.3622936598034262,-0.3622936598034262,1575.6003439514166,7878001.71975708,-0.011634192142746747,0,1708.155029296875,0.0,-63.7310536864843,-52,364.1400146484375,-0.18963708363897697,1837.3691467163808,0,129.72000122070312,0.0,-605.3404949645719,-79,218.22500610351562,-0.1726565761644492,-1318.2028889159774
2026-09-10,2026-09-10T15:25:00-04:00,open_before_orders,136025.15095304596,99846.45591520416,36178.6950378418,-36178.6950378418,0.3623433070931131,-0.3623433070931131,1575.6003439514166,7878001.71975708,-0.011670210731691166,0,1708.0799560546875,0.0,-63.7310536864843,-52,364.2099914550781,-0.18968043865020282,1833.7303527710683,0,129.74000549316406,0.0,-605.3404949645719,-79,218.22500610351562,-0.17266286844291026,-1318.2028889159774
2026-09-10,2026-09-10T15:25:00-04:00,after_fill,117082.44361347076,99842.66813129303,17239.775482177734,-17239.775482177734,0.17266941884513184,-0.17266941884513184,1579.3881278625495,7896940.639312744,-0.011707704097282945,0,1708.0799560546875,0.0,-63.7310536864843,0,364.2099914550781,0.0,1829.9425688599367,0,129.74000549316406,0.0,-605.3404949645719,-79,218.22500610351562,-0.17266941884513184,-1318.2028889159774
2026-09-10,2026-09-10T15:30:00-04:00,bar_close,117082.44361347076,99836.7433723819,17245.700241088867,-17245.700241088867,0.172739010293675,-0.172739010293675,1579.3881278625495,7896940.639312744,-0.01176635030232287,0,1713.449951171875,0.0,-63.7310536864843,0,363.94500732421875,0.0,1829.9425688599367,0,129.6649932861328,0.0,-605.3404949645719,-79,218.3000030517578,-0.172739010293675,-1324.1276478271102
2026-09-10,2026-09-10T15:30:00-04:00,open_before_orders,117082.44361347076,99835.96103900787,17246.48257446289,-17246.48257446289,0.17274820009720096,-0.17274820009720096,1579.3881278625495,7896940.639312744,-0.011774094226447152,0,1713.260009765625,0.0,-63.7310536864843,0,363.9599914550781,0.0,1829.9425688599367,0,129.67999267578125,0.0,-605.3404949645719,-79,218.30990600585938,-0.17274820009720096,-1324.9099812011336
2026-09-10,2026-09-10T15:35:00-04:00,bar_close,117082.44361347076,99818.9690956485,17263.474517822266,-17263.474517822266,0.17294783420654308,-0.17294783420654308,1579.3881278625495,7896940.639312744,-0.011942288917442423,0,1709.0,0.0,-63.7310536864843,0,364.3999938964844,0.0,1829.9425688599367,0,129.42999267578125,0.0,-605.3404949645719,-79,218.52499389648438,-0.17294783420654308,-1341.9019245605086
2026-09-10,2026-09-10T15:35:00-04:00,open_before_orders,117082.44361347076,99818.86542743561,17263.578186035156,-17263.578186035156,0.1729490523871472,-0.1729490523871472,1579.3881278625495,7896940.639312744,-0.011943315076879513,0,1708.2010498046875,0.0,-63.7310536864843,0,364.3999938964844,0.0,1829.9425688599367,0,129.42999267578125,0.0,-605.3404949645719,-79,218.52630615234375,-0.1729490523871472,-1342.0055927733993
2026-09-10,2026-09-10T15:40:00-04:00,bar_close,117082.44361347076,99832.79313129303,17249.650482177734,-17249.650482177734,0.17278541390194516,-0.17278541390194516,1579.3881278625495,7896940.639312744,-0.011805451749711593,0,1708.56494140625,0.0,-63.7310536864843,0,363.55999755859375,0.0,1829.9425688599367,0,129.3300018310547,0.0,-605.3404949645719,-79,218.35000610351562,-0.17278541390194516,-1328.0778889159774
2026-09-10,2026-09-10T15:40:00-04:00,open_before_orders,117082.44361347076,99832.00356525299,17250.440048217773,-17250.440048217773,0.17279468939980158,-0.17279468939980158,1579.3881278625495,7896940.639312744,-0.011813267266354677,0,1708.56005859375,0.0,-63.7310536864843,0,363.57501220703125,0.0,1829.9425688599367,0,129.30050659179688,0.0,-605.3404949645719,-79,218.36000061035156,-0.17279468939980158,-1328.8674549560164
2026-09-10,2026-09-10T15:45:00-04:00,bar_close,117082.44361347076,99824.10308307526,17258.340530395508,-17258.340530395508,0.17288750910221384,-0.17288750910221384,1579.3881278625495,7896940.639312744,-0.011891470161132234,0,1708.0999755859375,0.0,-63.7310536864843,0,363.8349914550781,0.0,1829.9425688599367,0,129.22000122070312,0.0,-605.3404949645719,-79,218.4600067138672,-0.17288750910221384,-1336.7679371337508
2026-09-10,2026-09-10T15:45:00-04:00,open_before_orders,117082.44361347076,99823.31351703522,17259.130096435547,-17259.130096435547,0.17289678621507804,-0.17289678621507804,1579.3881278625495,7896940.639312744,-0.011899285677775318,0,1708.3599853515625,0.0,-63.7310536864843,0,363.8500061035156,0.0,1829.9425688599367,0,129.2449951171875,0.0,-605.3404949645719,-79,218.47000122070312,-0.17289678621507804,-1337.5575031737899
2026-09-10,2026-09-10T15:45:00-04:00,after_fill,100693.91647189972,99820.03646701691,873.8800048828125,-873.8800048828125,0.008754555055402779,-0.008754555055402779,1582.66517788086,7913325.889404297,-0.011931723545743012,0,1708.3599853515625,0.0,-63.7310536864843,0,363.8500061035156,0.0,1829.9425688599367,0,129.2449951171875,0.0,-605.3404949645719,-4,218.47000122070312,-0.008754555055402779,-1340.8345531921004
2026-09-10,2026-09-10T15:50:00-04:00,bar_close,100693.91647189972,99818.79647678253,875.1199951171875,-875.1199951171875,0.008767086220286548,-0.008767086220286548,1582.66517788086,7913325.889404297,-0.011943997584674126,0,1710.2049560546875,0.0,-63.7310536864843,0,363.7499084472656,0.0,1829.9425688599367,0,129.08999633789062,0.0,-605.3404949645719,-4,218.77999877929688,-0.008767086220286548,-1342.0745434264754
2026-09-10,2026-09-10T15:50:00-04:00,open_before_orders,100693.91647189972,99818.91647189972,875.0,-875.0,0.00876587355309876,-0.00876587355309876,1582.66517788086,7913325.889404297,-0.011942809813432764,0,1709.25,0.0,-63.7310536864843,0,363.739990234375,0.0,1829.9425688599367,0,129.0399932861328,0.0,-605.3404949645719,-4,218.75,-0.00876587355309876,-1341.954548309288
2026-09-10,2026-09-10T15:55:00-04:00,bar_close,100693.91647189972,99820.07644504425,873.8400268554688,-873.8400268554688,0.008754151048327033,-0.008754151048327033,1582.66517788086,7913325.889404297,-0.011931327823381355,0,1695.5699462890625,0.0,-63.7310536864843,0,363.17999267578125,0.0,1829.9425688599367,0,128.7100067138672,0.0,-605.3404949645719,-4,218.4600067138672,-0.008754151048327033,-1340.7945751647567
2026-09-10,2026-09-10T15:55:00-04:00,open_before_orders,100693.91647189972,99820.1564621341,873.760009765625,-873.760009765625,0.008753342418342915,-0.008753342418342915,1582.66517788086,7913325.889404297,-0.01193053577450176,0,1695.06005859375,0.0,-63.7310536864843,0,363.1499938964844,0.0,1829.9425688599367,0,128.8000030517578,0.0,-605.3404949645719,-4,218.44000244140625,-0.008753342418342915,-1340.714558074913
2026-09-10,2026-09-10T15:55:00-04:00,after_fill,99819.98171013214,99819.98171013214,0.0,0.0,0.0,0.0,1582.839929882813,7914199.6494140625,-0.011932265556572452,0,1695.06005859375,0.0,-63.7310536864843,0,363.1499938964844,0.0,1829.9425688599367,0,128.8000030517578,0.0,-605.3404949645719,0,218.44000244140625,0.0,-1340.889310076866
2026-09-10,2026-09-10T16:00:00-04:00,bar_close,99819.98171013214,99819.98171013214,0.0,0.0,0.0,0.0,1582.839929882813,7914199.6494140625,-0.011932265556572452,0,1692.8900146484375,0.0,-63.7310536864843,0,363.6099853515625,0.0,1829.9425688599367,0,128.6300048828125,0.0,-605.3404949645719,0,218.3800048828125,0.0,-1340.889310076866
2026-09-11,2026-09-11T09:30:00-04:00,open_before_orders,99819.98171013214,99819.98171013214,0.0,0.0,0.0,0.0,1582.839929882813,7914199.6494140625,-0.011932265556572452,0,1713.0001220703125,0.0,-63.7310536864843,0,364.1400146484375,0.0,1829.9425688599367,0,130.52999877929688,0.0,-605.3404949645719,0,221.25,0.0,-1340.889310076866
2026-09-11,2026-09-11T09:35:00-04:00,bar_close,99819.98171013214,99819.98171013214,0.0,0.0,0.0,0.0,1582.839929882813,7914199.6494140625,-0.011932265556572452,0,1678.8099365234375,0.0,-63.7310536864843,0,364.4599914550781,0.0,1829.9425688599367,0,130.25999450683594,0.0,-605.3404949645719,0,219.79989624023438,0.0,-1340.889310076866
2026-09-11,2026-09-11T09:35:00-04:00,open_before_orders,99819.98171013214,99819.98171013214,0.0,0.0,0.0,0.0,1582.839929882813,7914199.6494140625,-0.011932265556572452,0,1677.239990234375,0.0,-63.7310536864843,0,364.45001220703125,0.0,1829.9425688599367,0,130.33999633789062,0.0,-605.3404949645719,0,219.77999877929688,0.0,-1340.889310076866
2026-09-11,2026-09-11T09:35:00-04:00,after_fill,150127.117977222,99809.91827019074,50317.19970703125,-50317.19970703125,0.5041302565825164,-0.5041302565825164,1592.9033698242192,7964516.849121094,-0.012031878481091662,-30,1677.239990234375,-0.5041302565825164,-73.79449362788728,0,364.45001220703125,0.0,1829.9425688599367,0,130.33999633789062,0.0,-605.3404949645719,0,219.77999877929688,0.0,-1340.889310076866
2026-09-11,2026-09-11T09:35:00-04:00,after_fill,106019.8468098758,99801.09857989533,94415.65118408203,-6218.748229980469,0.9460381952458969,-0.06231142060026601,1601.7230601196293,8008615.3005981445,-0.01211918015415736,-30,1677.239990234375,-0.5041748079230814,-73.79449362788728,121,364.45001220703125,0.4418633873228155,1821.122878564529,0,130.33999633789062,0.0,-605.3404949645719,0,219.77999877929688,0.0,-1340.889310076866
2026-09-11,2026-09-11T09:40:00-04:00,bar_close,106019.8468098758,100633.51621295197,94144.66793823242,-5386.330596923828,0.9355200084533625,-0.05352422134913521,1601.7230601196293,8008615.3005981445,-0.003879497169707813,-30,1658.8499755859375,-0.49452211490124887,477.9059458252377,121,366.7699890136719,0.44099789355211366,2101.8400721680446,0,130.4250030517578,0.0,-605.3404949645719,0,219.60000610351562,0.0,-1340.889310076866
2026-09-11,2026-09-11T09:40:00-04:00,open_before_orders,106019.8468098758,100584.8858723758,94197.44140625,-5434.9609375,0.936496975557239,-0.05403357463064572,1601.7230601196293,8008615.3005981445,-0.004360864423188615,-30,1660.5400390625,-0.49526527509394236,427.2040415283627,121,366.787109375,0.4412317004632967,2103.9116358887477,0,130.4499969482422,0.0,-605.3404949645719,0,219.62879943847656,0.0,-1340.889310076866
2026-09-11,2026-09-11T09:40:00-04:00,after_fill,150392.21079620393,100576.00962432893,49816.201171875,-49816.201171875,0.49530898429902176,-0.49530898429902176,1610.5993081665042,8052996.5408325195,-0.00444872593295631,-30,1660.5400390625,-0.49530898429902176,427.2040415283627,0,366.787109375,0.0,2095.035387841868,0,130.4499969482422,0.0,-605.3404949645719,0,219.62879943847656,0.0,-1340.889310076866
2026-09-11,2026-09-11T09:40:00-04:00,after_fill,100566.04638409456,100566.04638409456,0.0,0.0,0.0,0.0,1620.5625484008792,8102812.7420043945,-0.0045473470310314346,0,1660.5400390625,0.0,417.24080129399226,0,366.787109375,0.0,2095.035387841868,0,130.4499969482422,0.0,-605.3404949645719,0,219.62879943847656,0.0,-1340.889310076866
2026-09-11,2026-09-11T09:40:00-04:00,after_fill,30761.33986711153,100552.0882344211,69790.74836730957,69790.74836730957,0.6940755740905511,0.6940755740905511,1634.5206980743412,8172603.490371704,-0.00468551172600129,0,1660.5400390625,0.0,417.24080129399226,0,366.787109375,0.0,2095.035387841868,535,130.4499969482422,0.6940755740905511,-619.2986446380382,0,219.62879943847656,0.0,-1340.889310076866
2026-09-11,2026-09-11T09:45:00-04:00,bar_close,30761.33986711153,101048.35265397676,70287.01278686523,70287.01278686523,0.6955780172641843,0.6955780172641843,1634.5206980743412,8172603.490371704,0.0,0,1651.1611328125,0.0,417.24080129399226,0,367.07501220703125,0.0,2095.035387841868,535,131.37759399414062,0.6955780172641843,-123.03422508237418,0,220.05999755859375,0.0,-1340.889310076866
2026-09-11,2026-09-11T09:45:00-04:00,open_before_orders,30761.33986711153,101036.31972550997,70274.97985839844,70274.97985839844,0.6955417621041395,0.6955417621041395,1634.5206980743412,8172603.490371704,-0.00011908089692469481,0,1650.1700439453125,0.0,417.24080129399226,0,367.07501220703125,0.0,2095.035387841868,535,131.3551025390625,0.6955417621041395,-135.06715354917105,0,220.07000732421875,0.0,-1340.889310076866
2026-09-11,2026-09-11T09:45:00-04:00,after_fill,42712.26353530001,101033.92906264376,58321.66552734375,58321.66552734375,0.5772483171587116,0.5772483171587116,1636.9113609405522,8184556.804702759,-0.0001427394999935494,0,1650.1700439453125,0.0,417.24080129399226,0,367.07501220703125,0.0,2095.035387841868,444,131.3551025390625,0.5772483171587116,-137.45781641537906,0,220.07000732421875,0.0,-1340.889310076866
2026-09-11,2026-09-11T09:50:00-04:00,bar_close,42712.26353530001,101906.29936293673,59194.03582763672,59194.03582763672,0.5808672888495209,0.5808672888495209,1636.9113609405522,8184556.804702759,0.0,0,1658.7080078125,0.0,417.24080129399226,0,367.5150146484375,0.0,2095.035387841868,444,133.3199005126953,0.5808672888495209,734.9124838775897,0,219.80999755859375,0.0,-1340.889310076866
2026-09-11,2026-09-11T09:50:00-04:00,open_before_orders,42712.26353530001,101830.90824965548,59118.64471435547,59118.64471435547,0.5805569814757641,0.5805569814757641,1636.9113609405522,8184556.804702759,-0.0007398081742988616,0,1658.93505859375,0.0,417.24080129399226,0,367.5150146484375,0.0,2095.035387841868,444,133.1501007080078,0.5805569814757641,659.5213705963397,0,219.77999877929688,0.0,-1340.889310076866
2026-09-11,2026-09-11T09:50:00-04:00,after_fill,30593.181039038413,101828.48491782258,71235.30387878418,71235.30387878418,0.6995616593556543,0.6995616593556543,1639.3346927734378,8196673.4638671875,-0.0007635881746329565,0,1658.93505859375,0.0,417.24080129399226,0,367.5150146484375,0.0,2095.035387841868,535,133.1501007080078,0.6995616593556543,657.0980387634481,0,219.77999877929688,0.0,-1340.889310076866
2026-09-11,2026-09-11T09:55:00-04:00,bar_close,30593.181039038413,102202.93430441926,71609.75326538086,71609.75326538086,0.7006624002798758,0.7006624002798758,1639.3346927734378,8196673.4638671875,0.0,0,1644.1949462890625,0.0,417.24080129399226,0,364.9849853515625,0.0,2095.035387841868,535,133.85000610351562,0.7006624002798758,1031.5474253601278,0,221.16000366210938,0.0,-1340.889310076866
2026-09-11,2026-09-11T09:55:00-04:00,open_before_orders,30593.181039038413,102256.42940634798,71663.24836730957,71663.24836730957,0.7008189977231963,0.7008189977231963,1639.3346927734378,8196673.4638671875,0.0,0,1644.215087890625,0.0,417.24080129399226,0,364.9849853515625,0.0,2095.035387841868,535,133.9499969482422,0.7008189977231963,1085.0425272888388,0,221.16000366210938,0.0,-1340.889310076866
2026-09-11,2026-09-11T09:55:00-04:00,after_fill,30727.104245987266,102256.4026163486,71529.29837036133,71529.29837036133,0.6995092389346907,0.6995092389346907,1639.3614827728275,8196807.413864136,-2.6198841029945186e-07,0,1644.215087890625,0.0,417.24080129399226,0,364.9849853515625,0.0,2095.035387841868,534,133.9499969482422,0.6995092389346907,1085.0157372894464,0,221.16000366210938,0.0,-1340.889310076866
2026-09-11,2026-09-11T10:00:00-04:00,bar_close,30727.104245987266,103751.60424598727,73024.5,73024.5,0.7038397192092026,0.7038397192092026,1639.3614827728275,8196807.413864136,0.0,0,1629.760009765625,0.0,417.24080129399226,0,368.3999938964844,0.0,2095.035387841868,534,136.75,0.7038397192092026,2580.2173669281183,0,221.58999633789062,0.0,-1340.889310076866
2026-09-11,2026-09-11T10:00:00-04:00,open_before_orders,30727.104245987266,103746.26717933688,73019.16293334961,73019.16293334961,0.7038244837004874,0.7038244837004874,1639.3614827728275,8196807.413864136,-5.144081085950436e-05,0,1630.0,0.0,417.24080129399226,0,368.30999755859375,0.0,2095.035387841868,534,136.74000549316406,0.7038244837004874,2574.8803002777277,0,221.6300048828125,0.0,-1340.889310076866
2026-09-11,2026-09-11T10:00:00-04:00,after_fill,31137.242218463463,103746.18513533358,72608.94291687012,72608.94291687012,0.6998709670351163,0.6998709670351163,1639.4435267761235,8197217.633880615,-5.223158420608609e-05,0,1630.0,0.0,417.24080129399226,0,368.30999755859375,0.0,2095.035387841868,531,136.74000549316406,0.6998709670351163,2574.798256274429,0,221.6300048828125,0.0,-1340.889310076866
2026-09-11,2026-09-11T10:05:00-04:00,bar_close,31137.242218463463,104146.76863142733,73009.52641296387,73009.52641296387,0.7010253642275034,0.7010253642275034,1639.4435267761235,8197217.633880615,0.0,0,1619.449951171875,0.0,417.24080129399226,0,366.6799011230469,0.0,2095.035387841868,531,137.49440002441406,0.7010253642275034,2975.381752368179,0,221.50999450683594,0.0,-1340.889310076866
2026-09-11,2026-09-11T10:05:00-04:00,open_before_orders,31137.242218463463,104128.50578352694,72991.26356506348,72991.26356506348,0.7009729277860304,0.7009729277860304,1639.4435267761235,8197217.633880615,-0.00017535683670633073,0,1619.5150146484375,0.0,417.24080129399226,0,366.6799011230469,0.0,2095.035387841868,531,137.4600067138672,0.7009729277860304,2957.1189044677885,0,221.5198974609375,0.0,-1340.889310076866
2026-09-11,2026-09-11T10:05:00-04:00,after_fill,49965.49673407931,104124.73937934298,54159.24264526367,54159.24264526367,0.5201380859927336,0.5201380859927336,1643.2099309600835,8216049.654800415,-0.00021152122503498294,0,1619.5150146484375,0.0,417.24080129399226,0,366.6799011230469,0.0,2095.035387841868,394,137.4600067138672,0.5201380859927336,2953.3525002838287,0,221.5198974609375,0.0,-1340.889310076866
2026-09-11,2026-09-11T10:10:00-04:00,bar_close,49965.49673407931,103561.31625312228,53595.81951904297,53595.81951904297,0.5175274075123307,0.5175274075123307,1643.2099309600835,8216049.654800415,-0.005621416641134136,0,1628.1287841796875,0.0,417.24080129399226,0,366.92498779296875,0.0,2095.035387841868,394,136.02999877929688,0.5175274075123307,2389.9293740631256,0,221.3800048828125,0.0,-1340.889310076866
2026-09-11,2026-09-11T10:10:00-04:00,open_before_orders,49965.49673407931,103551.46865790743,53585.971923828125,53585.971923828125,0.5174815250651317,0.5174815250651317,1643.2099309600835,8216049.654800415,-0.005715971617195836,0,1628.8399658203125,0.0,417.24080129399226,0,366.93499755859375,0.0,2095.035387841868,394,136.0050048828125,0.5174815250651317,2380.081778848282,0,221.3800048828125,0.0,-1340.889310076866
2026-09-11,2026-09-11T10:10:00-04:00,after_fill,103540.75146352267,103540.75146352267,0.0,0.0,0.0,0.0,1653.9271253448492,8269635.626724243,-0.005818876340266899,0,1628.8399658203125,0.0,417.24080129399226,0,366.93499755859375,0.0,2095.035387841868,0,136.0050048828125,0.0,2369.3645844635175,0,221.3800048828125,0.0,-1340.889310076866
2026-09-11,2026-09-11T10:10:00-04:00,after_fill,31240.099705575893,103526.29422461886,72286.19451904297,72286.19451904297,0.6982399501541618,0.6982399501541618,1668.3843642486577,8341921.821243286,-0.0059576923505357815,0,1628.8399658203125,0.0,417.24080129399226,197,366.93499755859375,0.6982399501541618,2080.5781489380606,0,136.0050048828125,0.0,2369.3645844635175,0,221.3800048828125,0.0,-1340.889310076866
2026-09-11,2026-09-11T10:15:00-04:00,bar_close,31240.099705575893,103160.85706031222,71920.75735473633,71920.75735473633,0.6971709949316183,0.6971709949316183,1668.3843642486577,8341921.821243286,-0.009466559395656549,0,1637.4200439453125,0.0,417.24080129399226,197,365.0799865722656,0.6971709949316183,1715.14098463142,0,136.4499969482422,0.0,2369.3645844635175,0,221.1699981689453,0.0,-1340.889310076866
2026-09-11,2026-09-11T10:15:00-04:00,open_before_orders,31240.099705575893,103145.11774146456,71905.01803588867,71905.01803588867,0.6971247850637016,0.6971247850637016,1668.3843642486577,8341921.821243286,-0.009617685724917502,0,1637.1650390625,0.0,417.24080129399226,197,365.0000915527344,0.6971247850637016,1699.4016657837637,0,136.39500427246094,0.0,2369.3645844635175,0,221.1699981689453,0.0,-1340.889310076866
2026-09-11,2026-09-11T10:15:00-04:00,after_fill,103130.73673785738,103130.73673785738,0.0,0.0,0.0,0.0,1682.7653678558354,8413826.839279175,-0.009755769736511488,0,1637.1650390625,0.0,417.24080129399226,0,365.0000915527344,0.0,1685.0206621765828,0,136.39500427246094,0.0,2369.3645844635175,0,221.1699981689453,0.0,-1340.889310076866
2026-09-11,2026-09-11T10:15:00-04:00,after_fill,57156.42727475009,103121.54371456942,45965.116439819336,45965.116439819336,0.44573728034023996,0.44573728034023996,1691.9583911437992,8459791.955718994,-0.009844039621489942,0,1637.1650390625,0.0,417.24080129399226,0,365.0000915527344,0.0,1685.0206621765828,337,136.39500427246094,0.44573728034023996,2360.171561175557,0,221.1699981689453,0.0,-1340.889310076866
2026-09-11,2026-09-11T10:20:00-04:00,bar_close,57156.42727475009,103301.83480648836,46145.40753173828,46145.40753173828,0.44670462647813397,0.44670462647813397,1691.9583911437992,8459791.955718994,-0.008112914457568676,0,1645.7099609375,0.0,417.24080129399226,0,364.84991455078125,0.0,1685.0206621765828,337,136.92999267578125,0.44670462647813397,2540.4626530945025,0,221.2550048828125,0.0,-1340.889310076866
2026-09-11,2026-09-11T10:20:00-04:00,open_before_orders,57156.42727475009,103308.5762463077,46152.14897155762,46152.14897155762,0.44674073197487435,0.44674073197487435,1691.9583911437992,8459791.955718994,-0.00804818427046905,0,1645.8299560546875,0.0,417.24080129399226,0,364.79998779296875,0.0,1685.0206621765828,337,136.9499969482422,0.44674073197487435,2547.2040929138384,0,221.27000427246094,0.0,-1340.889310076866
2026-09-11,2026-09-11T10:20:00-04:00,after_fill,103299.34581651339,103299.34581651339,0.0,0.0,0.0,0.0,1701.1888209381107,8505944.104690552,-0.0081368133265175,0,1645.8299560546875,0.0,417.24080129399226,0,364.79998779296875,0.0,1685.0206621765828,0,136.9499969482422,0.0,2537.9736631195265,0,221.27000427246094,0.0,-1340.889310076866
2026-09-11,2026-09-11T10:20:00-04:00,after_fill,83545.43635196262,103295.39582461887,19749.95947265625,19749.95947265625,0.19119883625973919,0.19119883625973919,1705.1388128326419,8525694.064163208,-0.008174740493595567,12,1645.8299560546875,0.19119883625973919,413.2908093994629,0,364.79998779296875,0.0,1685.0206621765828,0,136.9499969482422,0.0,2537.9736631195265,0,221.27000427246094,0.0,-1340.889310076866
2026-09-11,2026-09-11T10:20:00-04:00,after_fill,11300.5926894382,103280.94974510226,91980.35705566406,91980.35705566406,0.8905839584422093,0.8905839584422093,1719.5848923492433,8597924.461746216,-0.008313449353279267,12,1645.8299560546875,0.1912255795613733,413.2908093994629,198,364.79998779296875,0.6993583788808361,1670.574582659974,0,136.9499969482422,0.0,2537.9736631195265,0,221.27000427246094,0.0,-1340.889310076866
2026-09-11,2026-09-11T10:25:00-04:00,bar_close,11300.5926894382,103102.99082176242,91802.39813232422,91802.39813232422,0.8903951029997382,0.8903951029997382,1719.5848923492433,8597924.461746216,-0.010022181421286525,12,1648.9849853515625,0.19192284982718508,451.1511609619629,198,363.7099914550781,0.6984722531725532,1454.7553077576304,0,135.99000549316406,0.0,2537.9736631195265,0,221.4499969482422,0.0,-1340.889310076866
2026-09-11,2026-09-11T10:25:00-04:00,open_before_orders,11300.5926894382,103108.71469871554,91808.12200927734,91808.12200927734,0.8904011874994406,0.8904011874994406,1719.5848923492433,8597924.461746216,-0.009967221704068718,12,1649.4599609375,0.1919674742245291,456.8508679932129,198,363.7101135253906,0.6984337132749114,1454.7794776795054,0,136.0,0.0,2537.9736631195265,0,221.4600067138672,0.0,-1340.889310076866
2026-09-11,2026-09-11T10:30:00-04:00,bar_close,11300.5926894382,103567.00150291476,92266.40881347656,92266.40881347656,0.8908861652316915,0.8908861652316915,1719.5848923492433,8597924.461746216,-0.005566827815506659,12,1642.68994140625,0.19033359092007915,375.6106336182129,198,366.43499755859375,0.7005525743116123,1994.306516253724,0,135.8800048828125,0.0,2537.9736631195265,0,221.60000610351562,0.0,-1340.889310076866
2026-09-11,2026-09-11T10:30:00-04:00,open_before_orders,11300.5926894382,103567.72220603976,92267.12951660156,92267.12951660156,0.8908869245288936,0.8908869245288936,1719.5848923492433,8597924.461746216,-0.005559907743626691,12,1642.75,0.19033922519588248,376.3313367432129,198,366.43499755859375,0.7005476993330111,1994.306516253724,0,135.8699951171875,0.0,2537.9736631195265,0,221.58999633789062,0.0,-1340.889310076866
2026-09-11,2026-09-11T10:30:00-04:00,after_fill,83840.21138013645,103553.21138013645,19713.0,19713.0,0.19036589727415584,0.19036589727415584,1734.0957182525635,8670478.591262817,-0.005699238287377617,12,1642.75,0.19036589727415584,376.3313367432129,0,366.43499755859375,0.0,1979.7956903504091,0,135.8699951171875,0.0,2537.9736631195265,0,221.58999633789062,0.0,-1340.889310076866
2026-09-11,2026-09-11T10:35:00-04:00,bar_close,83840.21138013645,103512.6513215427,19672.43994140625,19672.43994140625,0.19004865289651884,0.19004865289651884,1734.0957182525635,8670478.591262817,-0.006088689243242462,12,1639.3699951171875,0.19004865289651884,335.7712781494629,0,365.6700134277344,0.0,1979.7956903504091,0,135.25,0.0,2537.9736631195265,0,220.15499877929688,0.0,-1340.889310076866
2026-09-11,2026-09-11T10:35:00-04:00,open_before_orders,83840.21138013645,103513.3720246677,19673.16064453125,19673.16064453125,0.19005429211448208,0.19005429211448208,1734.0957182525635,8670478.591262817,-0.006081769171362494,12,1639.4300537109375,0.19005429211448208,336.4919812744629,0,365.5611877441406,0.0,1979.7956903504091,0,135.26730346679688,0.0,2537.9736631195265,0,220.1595001220703,0.0,-1340.889310076866
2026-09-11,2026-09-11T10:35:00-04:00,after_fill,90396.62005093723,103512.06048062473,13115.4404296875,13115.4404296875,0.1267044667915043,0.1267044667915043,1735.4072622955323,8677036.311477661,-0.00609436239974781,8,1639.4300537109375,0.1267044667915043,335.1804372314946,0,365.5611877441406,0.0,1979.7956903504091,0,135.26730346679688,0.0,2537.9736631195265,0,220.1595001220703,0.0,-1340.889310076866
2026-09-11,2026-09-11T10:40:00-04:00,bar_close,90396.62005093723,103470.94036343723,13074.3203125,13074.3203125,0.12635741268589049,0.12635741268589049,1735.4072622955323,8677036.311477661,-0.006489190945345946,8,1634.2900390625,0.12635741268589049,294.0603200439946,0,364.1499938964844,0.0,1979.7956903504091,0,134.4199981689453,0.0,2537.9736631195265,0,220.10000610351562,0.0,-1340.889310076866
2026-09-11,2026-09-11T10:40:00-04:00,open_before_orders,90396.62005093723,103467.13958218723,13070.51953125,13070.51953125,0.12632532013574874,0.12632532013574874,1735.4072622955323,8677036.311477661,-0.0065256854165614,8,1633.81494140625,0.12632532013574874,290.2595387939946,0,364.1300048828125,0.0,1979.7956903504091,0,134.40060424804688,0.0,2537.9736631195265,0,220.10980224609375,0.0,-1340.889310076866
2026-09-11,2026-09-11T10:40:00-04:00,after_fill,93663.59640777316,103466.48605621066,9802.8896484375,9802.8896484375,0.09474458853383542,0.09474458853383542,1736.060788272095,8680303.941360474,-0.006531960464603248,6,1633.81494140625,0.09474458853383542,289.6060128174322,0,364.1300048828125,0.0,1979.7956903504091,0,134.40060424804688,0.0,2537.9736631195265,0,220.10980224609375,0.0,-1340.889310076866
2026-09-11,2026-09-11T10:45:00-04:00,bar_close,93663.59640777316,103435.01608550754,9771.419677734375,9771.419677734375,0.09446916573838543,0.09446916573838543,1736.060788272095,8680303.941360474,-0.006834129904103592,6,1628.5699462890625,0.09446916573838543,258.1360421143072,0,364.7799987792969,0.0,1979.7956903504091,0,134.2899932861328,0.0,2537.9736631195265,0,219.78810119628906,0.0,-1340.889310076866
2026-09-11,2026-09-11T10:45:00-04:00,open_before_orders,93663.59640777316,103437.59640777316,9774.0,9774.0,0.09449175483031139,0.09449175483031139,1736.060788272095,8680303.941360474,-0.006809354077647045,6,1629.0,0.09449175483031139,260.7163643799322,0,364.7850036621094,0.0,1979.7956903504091,0,134.3800048828125,0.0,2537.9736631195265,0,219.77999877929688,0.0,-1340.889310076866
2026-09-11,2026-09-11T10:45:00-04:00,after_fill,89285.30087981906,103436.72092376437,14151.420043945312,14151.420043945312,0.13681234205379816,0.13681234205379816,1736.936272280884,8684681.361404419,-0.006817760329903333,6,1629.0,0.09449255460450742,260.7163643799322,12,364.7850036621094,0.04231978744929074,1978.9202063416205,0,134.3800048828125,0.0,2537.9736631195265,0,219.77999877929688,0.0,-1340.889310076866
2026-09-11,2026-09-11T10:45:00-04:00,after_fill,82027.32931209444,103435.26961971163,21407.940307617188,21407.940307617188,0.20696944462295366,0.20696944462295366,1738.3875763336184,8691937.88166809,-0.006831695510723712,6,1629.0,0.09449388043299857,260.7163643799322,12,364.7850036621094,0.042320381239776925,1978.9202063416205,54,134.3800048828125,0.07015518295017817,2536.522359066792,0,219.77999877929688,0.0,-1340.889310076866
2026-09-11,2026-09-11T10:45:00-04:00,after_fill,137620.54813531833,103424.1487517734,77012.2799987793,-34196.39938354492,0.7446257080985526,-0.3306423093277677,1749.5084442718507,8747542.221359253,-0.00693847624030719,6,1629.0,0.09450404105774578,260.7163643799322,12,364.7850036621094,0.042324931815020166,1978.9202063416205,54,134.3800048828125,0.07016272651262646,2536.522359066792,-253,219.77999877929688,-0.5376340087131601,-1352.0101780151017
2026-09-11,2026-09-11T10:50:00-04:00,bar_close,137620.54813531833,103442.54404596286,77136.68389892578,-34178.00408935547,0.7456959282116211,-0.33040567983487606,1749.5084442718507,8747542.221359253,-0.00676184767629906,6,1629.969970703125,0.09454349672484139,266.5361885986822,12,366.20001220703125,0.04248155521515211,1995.900308880683,54,135.27999877929688,0.07062007224837907,2585.1220294769482,-253,219.989501953125,-0.5380508040232486,-1405.0144809936173
2026-09-11,2026-09-11T10:50:00-04:00,open_before_orders,137620.54813531833,103441.26752618747,77125.54000854492,-34179.28060913086,0.7455973989203063,-0.33042209774235354,1749.5084442718507,8747542.221359253,-0.006774104607475739,6,1629.5,0.094517403293853,263.7163643799322,12,366.2099914550781,0.04248323713114216,1996.0200598572455,54,135.21499633789062,0.07058701016398121,2581.6118976410107,-253,219.97000122070312,-0.53800974833133,-1400.080795690883
2026-09-11,2026-09-11T10:50:00-04:00,after_fill,137986.6848847751,103441.19428418917,76759.33001708984,-34545.49060058594,0.7420576545762329,-0.3339626039668237,1749.5816862701417,8747908.431350708,-0.006774807864996402,6,1629.5,0.09451747021732133,263.7163643799322,11,366.2099914550781,0.03894299494395513,1995.9468178589545,54,135.21499633789062,0.07058706014342811,2581.6118976410107,-253,219.97000122070312,-0.5380101292715282,-1400.080795690883
2026-09-11,2026-09-11T10:50:00-04:00,after_fill,133523.6975866489,103440.30186521335,81221.42489624023,-30083.395721435547,0.7852009655006116,-0.2908285762800205,1750.4741052459717,8752370.526229858,-0.006783376723997536,6,1629.5,0.09451828565562195,263.7163643799322,11,366.2099914550781,0.038943330920040244,1995.9468178589545,87,135.21499633789062,0.11372457803463334,2580.7194786651817,-253,219.97000122070312,-0.538014770890316,-1400.080795690883
2026-09-11,2026-09-11T10:55:00-04:00,bar_close,133523.6975866489,103600.89291440768,81207.44532775879,-29922.80467224121,0.7838488939940916,-0.28882767156227734,1750.4741052459717,8752370.526229858,-0.005241408103130785,6,1631.864990234375,0.09450874086090622,277.9063057861822,11,364.9800109863281,0.038752369867762766,1982.4170327027045,87,136.0500030517578,0.11424950048723817,2653.365062771627,-253,219.625,-0.5363382827781845,-1312.7954868529923
2026-09-11,2026-09-11T10:55:00-04:00,open_before_orders,133523.6975866489,103594.26316892428,81200.81558227539,-29929.43441772461,0.7838350609228874,-0.28891015295818717,1750.4741052459717,8752370.526229858,-0.005305065819740884,6,1630.469970703125,0.09443399204709392,269.5361885986822,11,364.9800109863281,0.03875484991193937,1982.4170327027045,87,136.07000732421875,0.1142736120233168,2655.1054344757285,-253,219.625,-0.5363726069405372,-1312.7954868529923
2026-09-11,2026-09-11T10:55:00-04:00,after_fill,143304.5608469028,103592.30660495945,71417.99575805664,-39712.25424194336,0.6894140897007262,-0.3833513852856149,1752.4306692108155,8762153.346054077,-0.0053238524224414885,0,1630.469970703125,0.0,267.57962463383956,11,364.9800109863281,0.03875558188080159,1982.4170327027045,87,136.07000732421875,0.11427577032675404,2655.1054344757285,-253,219.625,-0.5363827374931706,-1312.7954868529923
2026-09-11,2026-09-11T10:55:00-04:00,after_fill,147318.53801172826,103591.5036489353,67403.21563720703,-43727.03436279297,0.6506635511888315,-0.42211023899200245,1753.2336252349853,8766168.126174927,-0.005331562273017898,0,1630.469970703125,0.0,267.57962463383956,0,364.9800109863281,0.0,1981.6140766785347,87,136.07000732421875,0.11427665609841452,2655.1054344757285,-253,219.625,-0.5363868950904169,-1312.7954868529923
2026-09-11,2026-09-11T10:55:00-04:00,after_fill,130184.36186172826,103588.0774989353,50272.46563720703,-26596.28436279297,0.4853113104423021,-0.25675043890129473,1756.6597752349853,8783298.876174927,-0.005364459597102189,0,1630.469970703125,0.0,267.57962463383956,0,364.9800109863281,0.0,1981.6140766785347,87,136.07000732421875,0.11428043577050367,2655.1054344757285,-175,219.625,-0.3710308746717984,-1316.2216368529917
2026-09-11,2026-09-11T10:55:00-04:00,after_fill,82142.04273376195,103578.4709564182,98305.17822265625,21436.42822265625,0.9490889111890757,0.2069583382021141,1766.266317752075,8831331.588760376,-0.005456700025137873,0,1630.469970703125,0.0,267.57962463383956,0,364.9800109863281,0.0,1981.6140766785347,440,136.07000732421875,0.5780236246955949,2645.4988919586394,-175,219.625,-0.3710652864934808,-1316.2216368529917
2026-09-11,2026-09-11T11:00:00-04:00,bar_close,82142.04273376195,103656.19144592015,98328.6491394043,21514.148712158203,0.9486037232103463,0.20755295377973285,1766.266317752075,8831331.588760376,-0.004710440774627567,0,1634.6600341796875,0.0,267.57962463383956,0,364.9100036621094,0.0,1981.6140766785347,440,136.18499755859375,0.5780783384950395,2696.0945950836394,-175,219.47000122070312,-0.3705253847153067,-1289.0968504760385
2026-09-11,2026-09-11T11:00:00-04:00,open_before_orders,82142.04273376195,103688.29326781956,98353.74946594238,21546.250534057617,0.9485521110073784,0.20779829482201204,1766.266317752075,8831331.588760376,-0.004402204404730936,0,1634.9849853515625,0.0,267.57962463383956,0,364.79998779296875,0.0,1981.6140766785347,440,136.25,0.5781752029146952,2724.6956693023894,-175,219.4499969482422,-0.37037690809268314,-1285.5961027953745
2026-09-11,2026-09-11T11:00:00-04:00,after_fill,142080.05273376196,103676.30326781957,38403.74946594238,-38403.74946594238,0.3704197415945351,-0.3704197415945351,1778.2563177520751,8891281.588760376,-0.004517330396228814,0,1634.9849853515625,0.0,267.57962463383956,0,364.79998779296875,0.0,1981.6140766785347,0,136.25,0.0,2712.705669302384,-175,219.4499969482422,-0.3704197415945351,-1285.5961027953745
2026-09-11,2026-09-11T11:00:00-04:00,after_fill,103668.62251792639,103668.62251792639,0.0,0.0,0.0,0.0,1785.9370676452636,8929685.338226318,-0.004591079682876087,0,1634.9849853515625,0.0,267.57962463383956,0,364.79998779296875,0.0,1981.6140766785347,0,136.25,0.0,2712.705669302384,0,219.4499969482422,0.0,-1293.276852688563
2026-09-11,2026-09-11T11:00:00-04:00,after_fill,31423.778855401964,103654.17643840978,72230.39758300781,72230.39758300781,0.6968402052369435,0.6968402052369435,1800.383147161865,9001915.735809326,-0.004729788542559787,0,1634.9849853515625,0.0,267.57962463383956,198,364.79998779296875,0.6968402052369435,1967.1679971619305,0,136.25,0.0,2712.705669302384,0,219.4499969482422,0.0,-1293.276852688563
2026-09-11,2026-09-11T11:05:00-04:00,bar_close,31423.778855401964,103729.41740520665,72305.63854980469,72305.63854980469,0.69706010463118,0.69706010463118,1800.383147161865,9001915.735809326,-0.00400733725784308,0,1637.9300537109375,0.0,267.57962463383956,198,365.17999267578125,0.69706010463118,2042.4089639588055,0,135.7899932861328,0.0,2712.705669302384,0,220.0800018310547,0.0,-1293.276852688563
2026-09-11,2026-09-11T11:05:00-04:00,open_before_orders,31423.778855401964,103730.40837200353,72306.62951660156,72306.62951660156,0.6970629987042147,0.6970629987042147,1800.383147161865,9001915.735809326,-0.003997822159008013,0,1637.4849853515625,0.0,267.57962463383956,198,365.18499755859375,0.6970629987042147,2043.3999307556805,0,135.77999877929688,0.0,2712.705669302384,0,220.0800018310547,0.0,-1293.276852688563
2026-09-11,2026-09-11T11:10:00-04:00,bar_close,31423.778855401964,103845.25175579259,72421.47290039062,72421.47290039062,0.6973980194173961,0.6973980194173961,1800.383147161865,9001915.735809326,-0.002895115034262874,0,1634.6201171875,0.0,267.57962463383956,198,365.7650146484375,0.6973980194173961,2158.243314544743,0,135.75999450683594,0.0,2712.705669302384,0,220.13999938964844,0.0,-1293.276852688563
2026-09-11,2026-09-11T11:10:00-04:00,open_before_orders,31423.778855401964,103852.17643840978,72428.39758300781,72428.39758300781,0.6974181963915023,0.6974181963915023,1800.383147161865,9001915.735809326,-0.0028286253802084493,0,1635.0400390625,0.0,267.57962463383956,198,365.79998779296875,0.6974181963915023,2165.1679971619305,0,135.7100067138672,0.0,2712.705669302384,0,220.14300537109375,0.0,-1293.276852688563
2026-09-11,2026-09-11T11:15:00-04:00,bar_close,31423.778855401964,103840.2606669254,72416.48181152344,72416.48181152344,0.6973834748335634,0.6973834748335634,1800.383147161865,9001915.735809326,-0.002943038641809892,0,1624.6800537109375,0.0,267.57962463383956,198,365.73980712890625,0.6973834748335634,2153.2522256775555,0,135.68499755859375,0.0,2712.705669302384,0,219.7805938720703,0.0,-1293.276852688563
2026-09-11,2026-09-11T11:15:00-04:00,open_before_orders,31423.778855401964,103837.46904094884,72413.69018554688,72413.69018554688,0.6973753391176182,0.6973753391176182,1800.383147161865,9001915.735809326,-0.0029698433714548944,0,1624.6800537109375,0.0,267.57962463383956,198,365.7257080078125,0.6973753391176182,2150.460599700993,0,135.63999938964844,0.0,2712.705669302384,0,219.7982940673828,0.0,-1293.276852688563
2026-09-11,2026-09-11T11:20:00-04:00,bar_close,31423.778855401964,104111.55595501134,72687.77709960938,72687.77709960938,0.698172037031309,0.698172037031309,1800.383147161865,9001915.735809326,-0.00033810627903985147,0,1631.7449951171875,0.0,267.57962463383956,198,367.1099853515625,0.698172037031309,2424.547513763493,0,136.35000610351562,0.0,2712.705669302384,0,220.16000366210938,0.0,-1293.276852688563
2026-09-11,2026-09-11T11:20:00-04:00,open_before_orders,31423.778855401964,104115.51982219884,72691.74096679688,72691.74096679688,0.6981835281707733,0.6981835281707733,1800.383147161865,9001915.735809326,-0.00030004588369980656,0,1631.421142578125,0.0,267.57962463383956,198,367.1300048828125,0.6981835281707733,2428.511380950993,0,136.27999877929688,0.0,2712.705669302384,0,220.18739318847656,0.0,-1293.276852688563
2026-09-11,2026-09-11T11:20:00-04:00,after_fill,104100.98147400549,104100.98147400549,0.0,0.0,0.0,0.0,1814.9214953552244,9074607.476776123,-0.0004396406919151552,0,1631.421142578125,0.0,267.57962463383956,0,367.1300048828125,0.0,2413.97303275764,0,136.27999877929688,0.0,2712.705669302384,0,220.18739318847656,0.0,-1293.276852688563
2026-09-11,2026-09-11T11:25:00-04:00,bar_close,104100.98147400549,104100.98147400549,0.0,0.0,0.0,0.0,1814.9214953552244,9074607.476776123,-0.0004396406919151552,0,1640.385009765625,0.0,267.57962463383956,0,365.4700012207031,0.0,2413.97303275764,0,136.14999389648438,0.0,2712.705669302384,0,220.16690063476562,0.0,-1293.276852688563
2026-09-11,2026-09-11T11:25:00-04:00,open_before_orders,104100.98147400549,104100.98147400549,0.0,0.0,0.0,0.0,1814.9214953552244,9074607.476776123,-0.0004396406919151552,0,1640.7099609375,0.0,267.57962463383956,0,365.4700012207031,0.0,2413.97303275764,0,136.2100067138672,0.0,2712.705669302384,0,220.14999389648438,0.0,-1293.276852688563
2026-09-11,2026-09-11T11:30:00-04:00,bar_close,104100.98147400549,104100.98147400549,0.0,0.0,0.0,0.0,1814.9214953552244,9074607.476776123,-0.0004396406919151552,0,1642.0150146484375,0.0,267.57962463383956,0,366.3299865722656,0.0,2413.97303275764,0,136.33999633789062,0.0,2712.705669302384,0,220.1800994873047,0.0,-1293.276852688563
2026-09-11,2026-09-11T11:30:00-04:00,open_before_orders,104100.98147400549,104100.98147400549,0.0,0.0,0.0,0.0,1814.9214953552244,9074607.476776123,-0.0004396406919151552,0,1642.0150146484375,0.0,267.57962463383956,0,366.2300109863281,0.0,2413.97303275764,0,136.35000610351562,0.0,2712.705669302384,0,220.17999267578125,0.0,-1293.276852688563
2026-09-11,2026-09-11T11:30:00-04:00,after_fill,63441.31994827917,104092.85116776159,40651.53121948242,40651.53121948242,0.3905314415296997,0.3905314415296997,1823.0518015991208,9115259.007995605,-0.0005177065440844508,0,1642.0150146484375,0.0,267.57962463383956,111,366.2300109863281,0.3905314415296997,2405.8427265137434,0,136.35000610351562,0.0,2712.705669302384,0,220.17999267578125,0.0,-1293.276852688563
2026-09-11,2026-09-11T11:35:00-04:00,bar_close,63441.31994827917,104050.79257401159,40609.47262573242,40609.47262573242,0.3902850869381586,0.3902850869381586,1823.0518015991208,9115259.007995605,-0.0009215461859926055,0,1639.6400146484375,0.0,267.57962463383956,111,365.8511047363281,0.3902850869381586,2363.7841327637434,0,136.4600067138672,0.0,2712.705669302384,0,219.8300018310547,0.0,-1293.276852688563
2026-09-11,2026-09-11T11:35:00-04:00,open_before_orders,63441.31994827917,104061.77130325964,40620.45135498047,40620.45135498047,0.3903494131058297,0.3903494131058297,1823.0518015991208,9115259.007995605,-0.0008161302485388822,0,1639.8399658203125,0.0,267.57962463383956,111,365.95001220703125,0.3903494131058297,2374.7628620117903,0,136.49000549316406,0.0,2712.705669302384,0,219.8300018310547,0.0,-1293.276852688563
2026-09-11,2026-09-11T11:35:00-04:00,after_fill,50319.97647777136,104059.14755931433,53739.17108154297,53739.17108154297,0.5164290919345781,0.5164290919345781,1825.6755455444334,9128377.727722168,-0.0008413230027625174,8,1639.8399658203125,0.12606983657140525,264.95588068852703,111,365.95001220703125,0.3903592553631729,2374.7628620117903,0,136.49000549316406,0.0,2712.705669302384,0,219.8300018310547,0.0,-1293.276852688563
2026-09-11,2026-09-11T11:40:00-04:00,bar_close,50319.97647777136,104059.79706492956,53739.8205871582,53739.8205871582,0.5164321102185746,0.5164321102185746,1825.6755455444334,9128377.727722168,-0.0008350865575633692,8,1641.6500244140625,0.12620820495275287,279.43634943852703,111,365.8254089355469,0.3902239052658217,2360.9318988770247,0,136.10000610351562,0.0,2712.705669302384,0,219.75,0.0,-1293.276852688563
2026-09-11,2026-09-11T11:40:00-04:00,open_before_orders,50319.97647777136,104058.06091991003,53738.08444213867,53738.08444213867,0.5164240421844787,0.5164240421844787,1825.6755455444334,9128377.727722168,-0.0008517567341069787,8,1641.300048828125,0.12618340448157137,276.63654475102703,111,365.8349914550781,0.39024063770290734,2361.9955585449934,0,136.14999389648438,0.0,2712.705669302384,0,219.75,0.0,-1293.276852688563
2026-09-11,2026-09-11T11:40:00-04:00,after_fill,63447.75078831823,104055.4348398319,40607.68405151367,40607.68405151367,0.3902504863299005,0.3902504863299005,1828.3016256225583,9141508.128112793,-0.0008769719194904324,0,1641.300048828125,0.0,274.01046467290143,111,365.8349914550781,0.3902504863299005,2361.9955585449934,0,136.14999389648438,0.0,2712.705669302384,0,219.75,0.0,-1293.276852688563
2026-09-11,2026-09-11T11:45:00-04:00,bar_close,63447.75078831823,104018.25078831823,40570.5,40570.5,0.3900325153761985,0.3900325153761985,1828.3016256225583,9141508.128112793,-0.0012340070152720983,0,1645.3299560546875,0.0,274.01046467290143,111,365.5,0.3900325153761985,2324.8115070313215,0,135.96499633789062,0.0,2712.705669302384,0,219.57000732421875,0.0,-1293.276852688563
2026-09-11,2026-09-11T11:45:00-04:00,open_before_orders,63447.75078831823,104012.7021432987,40564.95135498047,40564.95135498047,0.3899999761480476,0.3899999761480476,1828.3016256225583,9141508.128112793,-0.0012872841845251726,0,1644.7099609375,0.0,274.01046467290143,111,365.45001220703125,0.3899999761480476,2319.2628620117903,0,135.94000244140625,0.0,2712.705669302384,0,219.57000732421875,0.0,-1293.276852688563
2026-09-11,2026-09-11T11:50:00-04:00,bar_close,63447.75078831823,103892.82024632604,40445.06945800781,40445.06945800781,0.3892960972867427,0.3892960972867427,1828.3016256225583,9141508.128112793,-0.0024383702772383664,0,1647.4300537109375,0.0,274.01046467290143,111,364.3699951171875,0.3892960972867427,2199.380965039134,0,135.39999389648438,0.0,2712.705669302384,0,219.72999572753906,0.0,-1293.276852688563
2026-09-11,2026-09-11T11:50:00-04:00,open_before_orders,63447.75078831823,103892.82024632604,40445.06945800781,40445.06945800781,0.3892960972867427,0.3892960972867427,1828.3016256225583,9141508.128112793,-0.0024383702772383664,0,1647.280029296875,0.0,274.01046467290143,111,364.3699951171875,0.3892960972867427,2199.380965039134,0,135.35000610351562,0.0,2712.705669302384,0,219.74000549316406,0.0,-1293.276852688563
2026-09-11,2026-09-11T11:50:00-04:00,after_fill,103884.73123243445,103884.73123243445,0.0,0.0,0.0,0.0,1836.3906395141598,9181953.1975708,-0.002516039647089019,0,1647.280029296875,0.0,274.01046467290143,0,364.3699951171875,0.0,2191.291951147534,0,135.35000610351562,0.0,2712.705669302384,0,219.74000549316406,0.0,-1293.276852688563
2026-09-11,2026-09-11T11:55:00-04:00,bar_close,103884.73123243445,103884.73123243445,0.0,0.0,0.0,0.0,1836.3906395141598,9181953.1975708,-0.002516039647089019,0,1638.1700439453125,0.0,274.01046467290143,0,365.1099853515625,0.0,2191.291951147534,0,133.48500061035156,0.0,2712.705669302384,0,219.59779357910156,0.0,-1293.276852688563
2026-09-11,2026-09-11T11:55:00-04:00,open_before_orders,103884.73123243445,103884.73123243445,0.0,0.0,0.0,0.0,1836.3906395141598,9181953.1975708,-0.002516039647089019,0,1638.1700439453125,0.0,274.01046467290143,0,365.1199951171875,0.0,2191.291951147534,0,133.47999572753906,0.0,2712.705669302384,0,219.61000061035156,0.0,-1293.276852688563
2026-09-11,2026-09-11T12:00:00-04:00,bar_close,103884.73123243445,103884.73123243445,0.0,0.0,0.0,0.0,1836.3906395141598,9181953.1975708,-0.002516039647089019,0,1640.5450439453125,0.0,274.01046467290143,0,365.1199951171875,0.0,2191.291951147534,0,133.52499389648438,0.0,2712.705669302384,0,219.68499755859375,0.0,-1293.276852688563
2026-09-11,2026-09-11T12:00:00-04:00,open_before_orders,103884.73123243445,103884.73123243445,0.0,0.0,0.0,0.0,1836.3906395141598,9181953.1975708,-0.002516039647089019,0,1640.550048828125,0.0,274.01046467290143,0,365.17999267578125,0.0,2191.291951147534,0,133.52000427246094,0.0,2712.705669302384,0,219.67999267578125,0.0,-1293.276852688563
2026-09-11,2026-09-11T12:05:00-04:00,bar_close,103884.73123243445,103884.73123243445,0.0,0.0,0.0,0.0,1836.3906395141598,9181953.1975708,-0.002516039647089019,0,1640.9000244140625,0.0,274.01046467290143,0,366.360107421875,0.0,2191.291951147534,0,134.22000122070312,0.0,2712.705669302384,0,219.92999267578125,0.0,-1293.276852688563
2026-09-11,2026-09-11T12:05:00-04:00,open_before_orders,103884.73123243445,103884.73123243445,0.0,0.0,0.0,0.0,1836.3906395141598,9181953.1975708,-0.002516039647089019,0,1641.7899169921875,0.0,274.01046467290143,0,366.360107421875,0.0,2191.291951147534,0,134.23500061035156,0.0,2712.705669302384,0,219.94000244140625,0.0,-1293.276852688563
2026-09-11,2026-09-11T12:10:00-04:00,bar_close,103884.73123243445,103884.73123243445,0.0,0.0,0.0,0.0,1836.3906395141598,9181953.1975708,-0.002516039647089019,0,1634.52001953125,0.0,274.01046467290143,0,365.45001220703125,0.0,2191.291951147534,0,134.32000732421875,0.0,2712.705669302384,0,219.875,0.0,-1293.276852688563
2026-09-11,2026-09-11T12:10:00-04:00,open_before_orders,103884.73123243445,103884.73123243445,0.0,0.0,0.0,0.0,1836.3906395141598,9181953.1975708,-0.002516039647089019,0,1634.6800537109375,0.0,274.01046467290143,0,365.4700012207031,0.0,2191.291951147534,0,134.3699951171875,0.0,2712.705669302384,0,219.87010192871094,0.0,-1293.276852688563
2026-09-11,2026-09-11T12:10:00-04:00,after_fill,101196.79385011023,103884.19375245398,2687.39990234375,2687.39990234375,0.025869189578036914,0.025869189578036914,1836.9281194946286,9184640.597473145,-0.0025212004407222377,0,1634.6800537109375,0.0,274.01046467290143,0,365.4700012207031,0.0,2191.291951147534,20,134.3699951171875,0.025869189578036914,2712.1681893219156,0,219.87010192871094,0.0,-1293.276852688563
2026-09-11,2026-09-11T12:15:00-04:00,bar_close,101196.79385011023,103869.29385011023,2672.5,2672.5,0.025729451899967486,0.025729451899967486,1836.9281194946286,9184640.597473145,-0.002664266831927109,0,1631.1500244140625,0.0,274.01046467290143,0,365.07000732421875,0.0,2191.291951147534,20,133.625,0.025729451899967486,2697.2682869781656,0,219.5800018310547,0.0,-1293.276852688563
2026-09-11,2026-09-11T12:15:00-04:00,open_before_orders,101196.79385011023,103869.35396973914,2672.5601196289062,2672.5601196289062,0.02573001580819997,0.02573001580819997,1836.9281194946286,9184640.597473145,-0.00266368957322094,0,1631.800048828125,0.0,274.01046467290143,0,365.0799865722656,0.0,2191.291951147534,20,133.6280059814453,0.02573001580819997,2697.328406607072,0,219.5800018310547,0.0,-1293.276852688563
2026-09-11,2026-09-11T12:20:00-04:00,bar_close,101196.79385011023,103859.39394776648,2662.60009765625,2662.60009765625,0.02563658419762529,0.02563658419762529,1836.9281194946286,9184640.597473145,-0.0027593240523655638,0,1633.8299560546875,0.0,274.01046467290143,0,364.7799987792969,0.0,2191.291951147534,20,133.1300048828125,0.02563658419762529,2687.3683846344156,0,219.25999450683594,0.0,-1293.276852688563
2026-09-11,2026-09-11T12:20:00-04:00,open_before_orders,101196.79385011023,103860.79378907508,2663.9999389648438,2663.9999389648438,0.025649716719621924,0.025649716719621924,1836.9281194946286,9184640.597473145,-0.0027458830082794927,0,1633.4449462890625,0.0,274.01046467290143,0,364.80499267578125,0.0,2191.291951147534,20,133.1999969482422,0.025649716719621924,2688.7682259430094,0,219.27499389648438,0.0,-1293.276852688563
2026-09-11,2026-09-11T12:20:00-04:00,after_fill,103460.74091824073,103860.34090908545,399.59999084472656,399.59999084472656,0.0038474742846696212,0.0038474742846696212,1837.3809994842527,9186904.997421265,-0.0027502314868311784,0,1633.4449462890625,0.0,274.01046467290143,0,364.80499267578125,0.0,2191.291951147534,3,133.1999969482422,0.0038474742846696212,2688.315345953385,0,219.27499389648438,0.0,-1293.276852688563
2026-09-11,2026-09-11T12:25:00-04:00,bar_close,103460.74091824073,103860.34090908545,399.59999084472656,399.59999084472656,0.0038474742846696212,0.0038474742846696212,1837.3809994842527,9186904.997421265,-0.0027502314868311784,0,1632.68505859375,0.0,274.01046467290143,0,364.3500061035156,0.0,2191.291951147534,3,133.1999969482422,0.0038474742846696212,2688.315345953385,0,219.20620727539062,0.0,-1293.276852688563
2026-09-11,2026-09-11T12:25:00-04:00,open_before_orders,103460.74091824073,103860.30492886085,399.5640106201172,399.5640106201172,0.0038471291885171983,0.0038471291885171983,1837.3809994842527,9186904.997421265,-0.0027505769629807553,0,1632.30126953125,0.0,274.01046467290143,0,364.3450012207031,0.0,2191.291951147534,3,133.18800354003906,0.0038471291885171983,2688.2793657287757,0,219.2100067138672,0.0,-1293.276852688563
2026-09-11,2026-09-11T12:25:00-04:00,after_fill,103860.22501605873,103860.22501605873,0.0,0.0,0.0,0.0,1837.4609122863767,9187304.561431885,-0.002751344272453382,0,1632.30126953125,0.0,274.01046467290143,0,364.3450012207031,0.0,2191.291951147534,0,133.18800354003906,0.0,2688.1994529266517,0,219.2100067138672,0.0,-1293.276852688563
2026-09-11,2026-09-11T12:30:00-04:00,bar_close,103860.22501605873,103860.22501605873,0.0,0.0,0.0,0.0,1837.4609122863767,9187304.561431885,-0.002751344272453382,0,1625.5799560546875,0.0,274.01046467290143,0,365.05999755859375,0.0,2191.291951147534,0,133.75999450683594,0.0,2688.1994529266517,0,219.16000366210938,0.0,-1293.276852688563
2026-09-11,2026-09-11T12:30:00-04:00,open_before_orders,103860.22501605873,103860.22501605873,0.0,0.0,0.0,0.0,1837.4609122863767,9187304.561431885,-0.002751344272453382,0,1625.5400390625,0.0,274.01046467290143,0,365.0304870605469,0.0,2191.291951147534,0,133.75999450683594,0.0,2688.1994529266517,0,219.16000366210938,0.0,-1293.276852688563
2026-09-11,2026-09-11T12:30:00-04:00,after_fill,100608.4947219181,103859.5748000431,3251.080078125,3251.080078125,0.031302651531013685,0.031302651531013685,1838.1111283020016,9190555.64151001,-0.0027575875387991777,2,1625.5400390625,0.031302651531013685,273.3602486572763,0,365.0304870605469,0.0,2191.291951147534,0,133.75999450683594,0.0,2688.1994529266517,0,219.16000366210938,0.0,-1293.276852688563
2026-09-11,2026-09-11T12:35:00-04:00,bar_close,100608.4947219181,103867.09481957435,3258.60009765625,3258.60009765625,0.031372785609501304,0.031372785609501304,1838.1111283020016,9190555.64151001,-0.0026853815584305663,2,1629.300048828125,0.031372785609501304,280.8802681885263,0,365.6777038574219,0.0,2191.291951147534,0,133.75,0.0,2688.1994529266517,0,219.14500427246094,0.0,-1293.276852688563
2026-09-11,2026-09-11T12:35:00-04:00,open_before_orders,100608.4947219181,103866.4947219181,3258.0,3258.0,0.031367189281997505,0.031367189281997505,1838.1111283020016,9190555.64151001,-0.0026911435966017194,2,1629.0,0.031367189281997505,280.2801705322763,0,365.75,0.0,2191.291951147534,0,133.6999969482422,0.0,2688.1994529266517,0,219.14500427246094,0.0,-1293.276852688563
2026-09-11,2026-09-11T12:35:00-04:00,after_fill,103865.84312191811,103865.84312191811,0.0,0.0,0.0,0.0,1838.7627283020015,9193813.64151001,-0.002697400151735918,0,1629.0,0.0,279.62857053227617,0,365.75,0.0,2191.291951147534,0,133.6999969482422,0.0,2688.1994529266517,0,219.14500427246094,0.0,-1293.276852688563
2026-09-11,2026-09-11T12:40:00-04:00,bar_close,103865.84312191811,103865.84312191811,0.0,0.0,0.0,0.0,1838.7627283020015,9193813.64151001,-0.002697400151735918,0,1629.9200439453125,0.0,279.62857053227617,0,364.8125915527344,0.0,2191.291951147534,0,133.16000366210938,0.0,2688.1994529266517,0,218.7550048828125,0.0,-1293.276852688563
2026-09-11,2026-09-11T12:40:00-04:00,open_before_orders,103865.84312191811,103865.84312191811,0.0,0.0,0.0,0.0,1838.7627283020015,9193813.64151001,-0.002697400151735918,0,1629.4949951171875,0.0,279.62857053227617,0,364.8699951171875,0.0,2191.291951147534,0,133.19000244140625,0.0,2688.1994529266517,0,218.75999450683594,0.0,-1293.276852688563
2026-09-11,2026-09-11T12:45:00-04:00,bar_close,103865.84312191811,103865.84312191811,0.0,0.0,0.0,0.0,1838.7627283020015,9193813.64151001,-0.002697400151735918,0,1632.300048828125,0.0,279.62857053227617,0,365.375,0.0,2191.291951147534,0,133.96009826660156,0.0,2688.1994529266517,0,219.11990356445312,0.0,-1293.276852688563
2026-09-11,2026-09-11T12:45:00-04:00,open_before_orders,103865.84312191811,103865.84312191811,0.0,0.0,0.0,0.0,1838.7627283020015,9193813.64151001,-0.002697400151735918,0,1632.2950439453125,0.0,279.62857053227617,0,365.3800048828125,0.0,2191.291951147534,0,133.9600067138672,0.0,2688.1994529266517,0,219.11500549316406,0.0,-1293.276852688563
2026-09-11,2026-09-11T12:50:00-04:00,bar_close,103865.84312191811,103865.84312191811,0.0,0.0,0.0,0.0,1838.7627283020015,9193813.64151001,-0.002697400151735918,0,1626.9949951171875,0.0,279.62857053227617,0,365.239990234375,0.0,2191.291951147534,0,133.6999969482422,0.0,2688.1994529266517,0,218.96969604492188,0.0,-1293.276852688563
2026-09-11,2026-09-11T12:50:00-04:00,open_before_orders,103865.84312191811,103865.84312191811,0.0,0.0,0.0,0.0,1838.7627283020015,9193813.64151001,-0.002697400151735918,0,1626.9949951171875,0.0,279.62857053227617,0,365.218994140625,0.0,2191.291951147534,0,133.69000244140625,0.0,2688.1994529266517,0,218.96499633789062,0.0,-1293.276852688563
2026-09-11,2026-09-11T12:50:00-04:00,after_fill,98983.88193956947,103864.86692492104,4880.9849853515625,4880.9849853515625,0.04699360938747261,0.04699360938747261,1839.7389252990718,9198694.626495361,-0.0027067734334027538,3,1626.9949951171875,0.04699360938747261,278.6523735352057,0,365.218994140625,0.0,2191.291951147534,0,133.69000244140625,0.0,2688.1994529266517,0,218.96499633789062,0.0,-1293.276852688563
2026-09-11,2026-09-11T12:55:00-04:00,bar_close,98983.88193956947,103875.47239367104,4891.5904541015625,4891.5904541015625,0.047090909349256534,0.047090909349256534,1839.7389252990718,9198694.626495361,-0.002604941481347378,3,1630.5301513671875,0.047090909349256534,289.2578422852057,0,365.58990478515625,0.0,2191.291951147534,0,133.30999755859375,0.0,2688.1994529266517,0,219.02499389648438,0.0,-1293.276852688563
2026-09-11,2026-09-11T12:55:00-04:00,open_before_orders,98983.88193956947,103876.9720274601,4893.090087890625,4893.090087890625,0.04710466614869296,0.04710466614869296,1839.7389252990718,9198694.626495361,-0.002590542246414196,3,1631.030029296875,0.04710466614869296,290.7574760742682,0,365.55499267578125,0.0,2191.291951147534,0,133.3000030517578,0.0,2688.1994529266517,0,219.02499389648438,0.0,-1293.276852688563
2026-09-11,2026-09-11T12:55:00-04:00,after_fill,103875.99340944253,103875.99340944253,0.0,0.0,0.0,0.0,1840.7175433166499,9203587.716583252,-0.0025999387743183,0,1631.030029296875,0.0,289.7788580566903,0,365.55499267578125,0.0,2191.291951147534,0,133.3000030517578,0.0,2688.1994529266517,0,219.02499389648438,0.0,-1293.276852688563
2026-09-11,2026-09-11T12:55:00-04:00,after_fill,76677.35414675942,103870.55476931801,27193.200622558594,27193.200622558594,0.2617989350586496,0.2617989350586496,1846.1561834411616,9230780.91720581,-0.0026521596948132498,0,1631.030029296875,0.0,289.7788580566903,0,365.55499267578125,0.0,2191.291951147534,204,133.3000030517578,0.2617989350586496,2682.760812802142,0,219.02499389648438,0.0,-1293.276852688563
2026-09-11,2026-09-11T13:00:00-04:00,bar_close,76677.35414675942,103907.27327517739,27229.91912841797,27229.91912841797,0.26205979880065794,0.26205979880065794,1846.1561834411616,9230780.91720581,-0.002299594691195006,0,1632.580810546875,0.0,289.7788580566903,0,364.82000732421875,0.0,2191.291951147534,204,133.47999572753906,0.26205979880065794,2719.479318661517,0,219.10499572753906,0.0,-1293.276852688563
2026-09-11,2026-09-11T13:00:00-04:00,open_before_orders,76677.35414675942,103917.88167361489,27240.52752685547,27240.52752685547,0.2621351310105846,0.2621351310105846,1846.1561834411616,9230780.91720581,-0.0021977346087660443,0,1632.239990234375,0.0,289.7788580566903,0,364.8399963378906,0.0,2191.291951147534,204,133.53199768066406,0.2621351310105846,2730.087717099017,0,219.11000061035156,0.0,-1293.276852688563
2026-09-11,2026-09-11T13:05:00-04:00,bar_close,76677.35414675942,103958.27327517739,27280.91912841797,27280.91912841797,0.2624218185714322,0.2624218185714322,1846.1561834411616,9230780.91720581,-0.00180990114937718,0,1633.5400390625,0.0,289.7788580566903,0,364.7200012207031,0.0,2191.291951147534,204,133.72999572753906,0.2624218185714322,2770.479318661517,0,219.05760192871094,0.0,-1293.276852688563
2026-09-11,2026-09-11T13:05:00-04:00,open_before_orders,76677.35414675942,103952.15352420082,27274.799377441406,27274.799377441406,0.2623783967216382,0.2623783967216382,1846.1561834411616,9230780.91720581,-0.001868661983313591,0,1633.4420166015625,0.0,289.7788580566903,0,364.7449951171875,0.0,2191.291951147534,204,133.6999969482422,0.2623783967216382,2764.3595676849545,0,219.05499267578125,0.0,-1293.276852688563
2026-09-11,2026-09-11T13:05:00-04:00,after_fill,69380.9952644352,103950.69454422036,34569.699279785156,34569.699279785156,0.33255861763462574,0.33255861763462574,1847.6151634216303,9238075.817108154,-0.0018826708671190184,0,1633.4420166015625,0.0,289.7788580566903,20,364.7449951171875,0.07017653835146352,2189.832971167065,204,133.6999969482422,0.26238207928316226,2764.3595676849545,0,219.05499267578125,0.0,-1293.276852688563
2026-09-11,2026-09-11T13:10:00-04:00,bar_close,69380.9952644352,103968.53536453286,34587.540100097656,34587.540100097656,0.3326731494180173,0.3326731494180173,1847.6151634216303,9238075.817108154,-0.0017113662693197806,0,1636.5150146484375,0.0,289.7788580566903,20,365.2799987792969,0.07026741263567056,2200.5330444092524,204,133.73500061035156,0.26240573678234674,2771.500314755267,0,219.1199951171875,0.0,-1293.276852688563
2026-09-11,2026-09-11T13:10:00-04:00,open_before_orders,69380.9952644352,103950.17611160317,34569.18084716797,34569.18084716797,0.3325552888919952,0.3325552888919952,1847.6151634216303,9238075.817108154,-0.0018876487711289025,0,1636.81005859375,0.0,289.7788580566903,20,365.2799987792969,0.07027982297733182,2200.5330444092524,204,133.64500427246094,0.2622754659146634,2753.1410618255795,0,219.1199951171875,0.0,-1293.276852688563
2026-09-11,2026-09-11T13:15:00-04:00,bar_close,69380.9952644352,103878.43581619301,34497.44055175781,34497.44055175781,0.33209433970298774,0.33209433970298774,1847.6151634216303,9238075.817108154,-0.0025764871897652197,0,1633.8201904296875,0.0,289.7788580566903,20,365.364990234375,0.07034472311093855,2202.232873510815,204,133.28500366210938,0.2617496165920492,2679.700937313861,0,218.98500061035156,0.0,-1293.276852688563
2026-09-11,2026-09-11T13:15:00-04:00,open_before_orders,69380.9952644352,103885.73317947426,34504.73791503906,34504.73791503906,0.3321412561571689,0.3321412561571689,1847.6151634216303,9238075.817108154,-0.002506419117782377,0,1634.31005859375,0.0,289.7788580566903,20,365.375,0.07034170887907652,2202.433068823315,204,133.31979370117188,0.2617995472780924,2686.798105282611,0,218.98500061035156,0.0,-1293.276852688563
2026-09-11,2026-09-11T13:20:00-04:00,bar_close,69380.9952644352,103918.75478591958,34537.759521484375,34537.759521484375,0.3323534774125686,0.3323534774125686,1847.6151634216303,9238075.817108154,-0.0021893511292192525,0,1633.4100341796875,0.0,289.7788580566903,20,365.5450134277344,0.07035207728976055,2205.8333373780024,204,133.46499633789062,0.26200140012280804,2716.419443173236,0,219.3179931640625,0.0,-1293.276852688563
2026-09-11,2026-09-11T13:20:00-04:00,open_before_orders,69380.9952644352,103919.18435134926,34538.18908691406,34538.18908691406,0.3323562372289311,0.3323562372289311,1847.6151634216303,9238075.817108154,-0.002185226513205407,0,1634.0150146484375,0.0,289.7788580566903,20,365.5450134277344,0.07035178647896849,2205.8333373780024,204,133.46710205078125,0.26200445074996265,2716.8490086029233,0,219.3394012451172,0.0,-1293.276852688563
2026-09-11,2026-09-11T13:25:00-04:00,bar_close,69380.9952644352,103932.83474197426,34551.83947753906,34551.83947753906,0.3324439246107176,0.3324439246107176,1847.6151634216303,9238075.817108154,-0.0020541577262965793,0,1636.050048828125,0.0,289.7788580566903,20,365.2799987792969,0.07029154928491045,2200.5330444092524,204,133.55999755859375,0.26215237532580715,2735.7996921966733,0,219.32000732421875,0.0,-1293.276852688563
2026-09-11,2026-09-11T13:25:00-04:00,open_before_orders,69380.9952644352,103940.1544441227,34559.1591796875,34559.1591796875,0.332490935428292,0.332490935428292,1847.6151634216303,9238075.817108154,-0.001983875160215809,0,1636.050048828125,0.0,289.7788580566903,20,365.3399963378906,0.07029814382935021,2201.7329955811274,204,133.58999633789062,0.2621927915989418,2741.919443173236,0,219.30999755859375,0.0,-1293.276852688563
2026-09-11,2026-09-11T13:30:00-04:00,bar_close,69380.9952644352,103958.47451248208,34577.479248046875,34577.479248046875,0.3326085671245131,0.3326085671245131,1847.6151634216303,9238075.817108154,-0.0018079689021521794,0,1631.7349853515625,0.0,289.7788580566903,20,365.95001220703125,0.07040311315131743,2213.93331296394,204,133.6199951171875,0.2622054539731956,2748.0391941497983,0,219.25,0.0,-1293.276852688563
2026-09-11,2026-09-11T13:30:00-04:00,open_before_orders,69380.9952644352,103953.35451736489,34572.35925292969,34572.35925292969,0.332575696219159,0.332575696219159,1847.6151634216303,9238075.817108154,-0.0018571302461329875,0,1631.8260498046875,0.0,289.7788580566903,20,366.0,0.07041619805330314,2214.933068823315,204,133.58999633789062,0.2621594981658559,2741.919443173236,0,219.25599670410156,0.0,-1293.276852688563
2026-09-11,2026-09-11T13:35:00-04:00,bar_close,69380.9952644352,103986.42067947426,34605.42541503906,34605.42541503906,0.33278792739396384,0.33278792739396384,1847.6151634216303,9238075.817108154,-0.0015396344414729812,0,1631.14501953125,0.0,289.7788580566903,20,366.1099853515625,0.07041496052259609,2217.132775854565,204,133.74130249023438,0.26237296687136774,2772.785898251361,0,219.2100067138672,0.0,-1293.276852688563
2026-09-11,2026-09-11T13:35:00-04:00,open_before_orders,69380.9952644352,103995.51528396645,34614.52001953125,34614.52001953125,0.3328462763515722,0.3328462763515722,1847.6151634216303,9238075.817108154,-0.0014523095574492384,0,1631.155029296875,0.0,289.7788580566903,20,366.1700134277344,0.07042034695974794,2218.3333373780024,204,133.77999877929688,0.2624259293918243,2780.679941220111,0,219.22000122070312,0.0,-1293.276852688563
2026-09-11,2026-09-11T13:40:00-04:00,bar_close,69380.9952644352,103890.89394607583,34509.898681640625,34509.898681640625,0.3321744319531301,0.3321744319531301,1847.6151634216303,9238075.817108154,-0.00245686629277031,0,1634.955078125,0.0,289.7788580566903,20,366.0899963378906,0.07047585836115883,2216.7329955811274,204,133.27499389648438,0.2616985735919713,2677.658945126361,0,219.05999755859375,0.0,-1293.276852688563
2026-09-11,2026-09-11T13:40:00-04:00,open_before_orders,69380.9952644352,103887.62056961098,34506.62530517578,34506.62530517578,0.33215338955669177,0.33215338955669177,1847.6151634216303,9238075.817108154,-0.0024882967107070497,0,1634.469970703125,0.0,289.7788580566903,20,366.06500244140625,0.07047326725442143,2216.23311765144,204,133.2613983154297,0.26168012230227033,2674.8854465912045,0,219.07000732421875,0.0,-1293.276852688563
2026-09-11,2026-09-11T13:40:00-04:00,after_fill,69514.23001047097,103887.59391733132,34373.36390686035,34373.36390686035,0.33087072874373236,0.33087072874373236,1847.6418157012934,9238209.07850647,-0.002488552621476181,0,1634.469970703125,0.0,289.7788580566903,20,366.06500244140625,0.07047328533428215,2216.23311765144,203,133.2613983154297,0.2603974434094502,2674.8587943115417,0,219.07000732421875,0.0,-1293.276852688563
2026-09-11,2026-09-11T13:40:00-04:00,after_fill,71148.37308717996,103887.26702333719,36007.83387756348,32738.893936157227,0.3466048815152168,0.31513865822269416,1847.968709695434,9239843.548477173,-0.002491691403393559,-1,1634.469970703125,-0.015733111646261313,289.4519640625497,20,366.06500244140625,0.07047350708709539,2216.23311765144,203,133.2613983154297,0.2603982627818601,2674.8587943115417,0,219.07000732421875,0.0,-1293.276852688563
2026-09-11,2026-09-11T13:45:00-04:00,bar_close,71148.37308717996,103908.29712892801,36031.55392456055,32759.924041748047,0.3467630104634771,0.3152772680039206,1847.968709695434,9239843.548477173,-0.002289763817284296,-1,1635.81494140625,-0.015742871229778244,288.1069933594247,20,365.3699951171875,0.07032547067224888,2202.332971167065,203,133.44009399414062,0.2606946685614499,2711.134017089862,0,219.2899932861328,0.0,-1293.276852688563
2026-09-11,2026-09-11T13:45:00-04:00,open_before_orders,71148.37308717996,103908.27854372293,36031.53533935547,32759.90545654297,0.346762893624438,0.31527714553329,1847.968709695434,9239843.548477173,-0.0022899422693410942,-1,1635.81494140625,-0.015742874045574003,288.1069933594247,20,365.3699951171875,0.07032548325077788,2202.332971167065,203,133.44000244140625,0.2606945363280861,2711.115431884784,0,219.3000030517578,0.0,-1293.276852688563
2026-09-11,2026-09-11T13:45:00-04:00,after_fill,78454.31150954324,103906.81706374246,28724.13543701172,25452.50555419922,0.27644129854724225,0.24495510759977546,1849.4301896759027,9247150.948379517,-0.0023039751577319523,-1,1635.81494140625,-0.015743095473733416,288.1069933594247,0,365.3699951171875,0.0,2200.8714911865954,203,133.44000244140625,0.2606982030735089,2711.115431884784,0,219.3000030517578,0.0,-1293.276852688563
2026-09-11,2026-09-11T13:45:00-04:00,after_fill,76818.16940514871,103906.48990075418,27088.32049560547,27088.32049560547,0.26069902391543354,0.26069902391543354,1849.757352664184,9248786.763320923,-0.0023071165224864965,0,1635.81494140625,0.0,287.77983037114336,0,365.3699951171875,0.0,2200.8714911865954,203,133.44000244140625,0.26069902391543354,2711.115431884784,0,219.3000030517578,0.0,-1293.276852688563
2026-09-11,2026-09-11T13:50:00-04:00,bar_close,76818.16940514871,103913.59564416239,27095.426239013672,27095.426239013672,0.26074957825343836,0.26074957825343836,1849.757352664184,9248786.763320923,-0.0022388883527451053,0,1638.2099609375,0.0,287.77983037114336,0,365.44000244140625,0.0,2200.8714911865954,203,133.47500610351562,0.26074957825343836,2718.221175292987,0,219.2801055908203,0.0,-1293.276852688563
2026-09-11,2026-09-11T13:50:00-04:00,open_before_orders,76818.16940514871,103924.7405721409,27106.571166992188,27106.571166992188,0.2608288557446603,0.2608288557446603,1849.757352664184,9248786.763320923,-0.002131876602645022,0,1638.2423095703125,0.0,287.77983037114336,0,365.43499755859375,0.0,2200.8714911865954,203,133.5299072265625,0.2608288557446603,2729.3661032715027,0,219.2899932861328,0.0,-1293.276852688563
2026-09-11,2026-09-11T13:55:00-04:00,bar_close,76818.16940514871,103794.83928124735,26976.669876098633,26976.669876098633,0.25990376846195007,0.25990376846195007,1849.757352664184,9248786.763320923,-0.0033791672541032547,0,1635.8499755859375,0.0,287.77983037114336,0,365.0350036621094,0.0,2200.8714911865954,203,132.88999938964844,0.25990376846195007,2599.464812377948,0,219.2550048828125,0.0,-1293.276852688563
2026-09-11,2026-09-11T13:55:00-04:00,open_before_orders,76818.16940514871,103792.81039635965,26974.640991210938,26974.640991210938,0.259889301467041,0.259889301467041,1849.757352664184,9248786.763320923,-0.003398648270311,0,1636.22998046875,0.0,287.77983037114336,0,365.0,0.0,2200.8714911865954,203,132.8800048828125,0.259889301467041,2597.4359274902527,0,219.25950622558594,0.0,-1293.276852688563
2026-09-11,2026-09-11T14:00:00-04:00,bar_close,76818.16940514871,103794.83928124735,26976.669876098633,26976.669876098633,0.25990376846195007,0.25990376846195007,1849.757352664184,9248786.763320923,-0.0033791672541032547,0,1633.75,0.0,287.77983037114336,0,365.1199951171875,0.0,2200.8714911865954,203,132.88999938964844,0.25990376846195007,2599.464812377948,0,219.14500427246094,0.0,-1293.276852688563
2026-09-11,2026-09-11T14:00:00-04:00,open_before_orders,76818.16940514871,103788.77121178934,26970.601806640625,26970.601806640625,0.2598604983154193,0.2598604983154193,1849.757352664184,9248786.763320923,-0.003437431850669692,0,1634.239990234375,0.0,287.77983037114336,0,365.1199951171875,0.0,2200.8714911865954,203,132.860107421875,0.2598604983154193,2593.39674291994,0,219.13999938964844,0.0,-1293.276852688563
2026-09-11,2026-09-11T14:05:00-04:00,bar_close,76818.16940514871,103512.66940514871,26694.5,26694.5,0.25788630660772255,0.25788630660772255,1849.757352664184,9248786.763320923,-0.006088515607456602,0,1637.5799560546875,0.0,287.77983037114336,0,365.05999755859375,0.0,2200.8714911865954,203,131.5,0.25788630660772255,2317.294936279315,0,219.139892578125,0.0,-1293.276852688563
2026-09-11,2026-09-11T14:05:00-04:00,open_before_orders,76818.16940514871,103508.60853783914,26690.43913269043,26690.43913269043,0.25785719187726625,0.25785719187726625,1849.757352664184,9248786.763320923,-0.006127507381881614,0,1637.2249755859375,0.0,287.77983037114336,0,365.07000732421875,0.0,2200.8714911865954,203,131.47999572753906,0.25785719187726625,2313.234068969745,0,219.1300048828125,0.0,-1293.276852688563
2026-09-11,2026-09-11T14:05:00-04:00,after_fill,103503.27045001261,103503.27045001261,0.0,0.0,0.0,0.0,1855.0954404907222,9275477.202453613,-0.006178762815887695,0,1637.2249755859375,0.0,287.77983037114336,0,365.07000732421875,0.0,2200.8714911865954,0,131.47999572753906,0.0,2307.895981143207,0,219.1300048828125,0.0,-1293.276852688563
2026-09-11,2026-09-11T14:05:00-04:00,after_fill,110050.8605723759,103501.96067003215,6548.89990234375,-6548.89990234375,0.06327319656505707,-0.06327319656505707,1856.405220471191,9282026.102355957,-0.006191339106037419,-4,1637.2249755859375,-0.06327319656505707,286.47005039067517,0,365.07000732421875,0.0,2200.8714911865954,0,131.47999572753906,0.0,2307.895981143207,0,219.1300048828125,0.0,-1293.276852688563
2026-09-11,2026-09-11T14:10:00-04:00,bar_close,110050.8605723759,103516.7004161259,6534.16015625,-6534.16015625,0.06312179706253566,-0.06312179706253566,1856.405220471191,9282026.102355957,-0.006049810508583664,-4,1633.5400390625,-0.06312179706253566,301.20979648442517,0,364.885009765625,0.0,2200.8714911865954,0,131.0800018310547,0.0,2307.895981143207,0,219.19500732421875,0.0,-1293.276852688563
2026-09-11,2026-09-11T14:10:00-04:00,open_before_orders,110050.8605723759,103516.42063096965,6534.43994140625,-6534.43994140625,0.06312467047813766,-0.06312467047813766,1856.405220471191,9282026.102355957,-0.0060524969592524736,-4,1633.6099853515625,-0.06312467047813766,300.93001132817517,0,364.9100036621094,0.0,2200.8714911865954,0,131.11000061035156,0.0,2307.895981143207,0,219.1999969482422,0.0,-1293.276852688563
2026-09-11,2026-09-11T14:10:00-04:00,after_fill,103515.11374298137,103515.11374298137,0.0,0.0,0.0,0.0,1857.7121084594721,9288560.542297363,-0.006065045480972864,0,1633.6099853515625,0.0,299.62312333989394,0,364.9100036621094,0.0,2200.8714911865954,0,131.11000061035156,0.0,2307.895981143207,0,219.1999969482422,0.0,-1293.276852688563
2026-09-11,2026-09-11T14:15:00-04:00,bar_close,103515.11374298137,103515.11374298137,0.0,0.0,0.0,0.0,1857.7121084594721,9288560.542297363,-0.006065045480972864,0,1632.22998046875,0.0,299.62312333989394,0,365.3500061035156,0.0,2200.8714911865954,0,131.1999969482422,0.0,2307.895981143207,0,219.1999969482422,0.0,-1293.276852688563
2026-09-11,2026-09-11T14:15:00-04:00,open_before_orders,103515.11374298137,103515.11374298137,0.0,0.0,0.0,0.0,1857.7121084594721,9288560.542297363,-0.006065045480972864,0,1632.2850341796875,0.0,299.62312333989394,0,365.32879638671875,0.0,2200.8714911865954,0,131.2010040283203,0.0,2307.895981143207,0,219.18739318847656,0.0,-1293.276852688563
2026-09-11,2026-09-11T14:20:00-04:00,bar_close,103515.11374298137,103515.11374298137,0.0,0.0,0.0,0.0,1857.7121084594721,9288560.542297363,-0.006065045480972864,0,1634.9599609375,0.0,299.62312333989394,0,365.489990234375,0.0,2200.8714911865954,0,131.8249969482422,0.0,2307.895981143207,0,219.25999450683594,0.0,-1293.276852688563
2026-09-11,2026-09-11T14:20:00-04:00,open_before_orders,103515.11374298137,103515.11374298137,0.0,0.0,0.0,0.0,1857.7121084594721,9288560.542297363,-0.006065045480972864,0,1634.81494140625,0.0,299.62312333989394,0,365.5199890136719,0.0,2200.8714911865954,0,131.75,0.0,2307.895981143207,0,219.27999877929688,0.0,-1293.276852688563
2026-09-11,2026-09-11T14:20:00-04:00,after_fill,105149.60172139933,103514.78677999308,1634.81494140625,-1634.81494140625,0.015793057129903882,-0.015793057129903882,1858.0390714477533,9290195.35723877,-0.0060681849253606535,-1,1634.81494140625,-0.015793057129903882,299.2961603516128,0,365.5199890136719,0.0,2200.8714911865954,0,131.75,0.0,2307.895981143207,0,219.27999877929688,0.0,-1293.276852688563
2026-09-11,2026-09-11T14:25:00-04:00,bar_close,105149.60172139933,103517.14176046183,1632.4599609375,-1632.4599609375,0.015769948176457618,-0.015769948176457618,1858.0390714477533,9290195.35723877,-0.0060455727934654035,-1,1632.4599609375,-0.015769948176457618,301.6511408203628,0,364.9549865722656,0.0,2200.8714911865954,0,131.2801055908203,0.0,2307.895981143207,0,219.36990356445312,0.0,-1293.276852688563
2026-09-11,2026-09-11T14:25:00-04:00,open_before_orders,105149.60172139933,103516.89176046183,1632.7099609375,-1632.7099609375,0.015772401326689677,-0.015772401326689677,1858.0390714477533,9290195.35723877,-0.006047973252003791,-1,1632.7099609375,-0.015772401326689677,301.4011408203628,0,364.9200134277344,0.0,2200.8714911865954,0,131.32000732421875,0.0,2307.895981143207,0,219.36500549316406,0.0,-1293.276852688563
2026-09-11,2026-09-11T14:30:00-04:00,bar_close,105149.60172139933,103517.24674093058,1632.35498046875,-1632.35498046875,0.015768918048545036,-0.015768918048545036,1858.0390714477533,9290195.35723877,-0.0060445647884151965,-1,1632.35498046875,-0.015768918048545036,301.7561212891128,0,365.0101013183594,0.0,2200.8714911865954,0,131.6300048828125,0.0,2307.895981143207,0,219.50999450683594,0.0,-1293.276852688563
2026-09-11,2026-09-11T14:30:00-04:00,open_before_orders,105149.60172139933,103516.93167745402,1632.6700439453125,-1632.6700439453125,0.01577200963638017,-0.01577200963638017,1858.0390714477533,9290195.35723877,-0.006047589975664902,-1,1632.6700439453125,-0.01577200963638017,301.4410578125503,0,365.06500244140625,0.0,2200.8714911865954,0,131.60000610351562,0.0,2307.895981143207,0,219.5050048828125,0.0,-1293.276852688563
2026-09-11,2026-09-11T14:35:00-04:00,bar_close,105149.60172139933,103513.30167257121,1636.300048828125,-1636.300048828125,0.015807630733333175,-0.015807630733333175,1858.0390714477533,9290195.35723877,-0.006082444680525323,-1,1636.300048828125,-0.015807630733333175,297.8110529297378,0,364.81500244140625,0.0,2200.8714911865954,0,131.7050018310547,0.0,2307.895981143207,0,219.9149932861328,0.0,-1293.276852688563
2026-09-11,2026-09-11T14:35:00-04:00,open_before_orders,105149.60172139933,103513.30167257121,1636.300048828125,-1636.300048828125,0.015807630733333175,-0.015807630733333175,1858.0390714477533,9290195.35723877,-0.006082444680525323,-1,1636.300048828125,-0.015807630733333175,297.8110529297378,0,364.79998779296875,0.0,2200.8714911865954,0,131.74000549316406,0.0,2307.895981143207,0,219.9149932861328,0.0,-1293.276852688563
2026-09-11,2026-09-11T14:35:00-04:00,after_fill,111693.49287667277,103511.99263253214,8181.500244140625,-8181.500244140625,0.07903915320406374,-0.07903915320406374,1859.3481114868157,9296740.557434082,-0.006095013865880405,-5,1636.300048828125,-0.07903915320406374,296.50201289067627,0,364.79998779296875,0.0,2200.8714911865954,0,131.74000549316406,0.0,2307.895981143207,0,219.9149932861328,0.0,-1293.276852688563
2026-09-11,2026-09-11T14:40:00-04:00,bar_close,111693.49287667277,103519.04341378214,8174.449462890625,-8174.449462890625,0.07896565881328757,-0.07896565881328757,1859.3481114868157,9296740.557434082,-0.006027313433666803,-5,1634.889892578125,-0.07896565881328757,303.55279414067627,0,364.8399963378906,0.0,2200.8714911865954,0,132.10499572753906,0.0,2307.895981143207,0,219.71499633789062,0.0,-1293.276852688563
2026-09-11,2026-09-11T14:40:00-04:00,open_before_orders,111693.49287667277,103520.91780343058,8172.5750732421875,-8172.5750732421875,0.07894612264509267,-0.07894612264509267,1859.3481114868157,9296740.557434082,-0.006009315855123876,-5,1634.5150146484375,-0.07894612264509267,305.42718378911377,0,364.80999755859375,0.0,2200.8714911865954,0,132.13999938964844,0.0,2307.895981143207,0,219.72000122070312,0.0,-1293.276852688563
2026-09-11,2026-09-11T14:40:00-04:00,after_fill,104760.71664506877,103519.53152543986,15103.965026855469,-1241.1851196289062,0.14590449555061674,-0.011989864147751536,1860.7343894775383,9303671.947387695,-0.0060226266664811234,-5,1634.5150146484375,-0.07894717984918413,305.42718378911377,19,364.80999755859375,0.0669573157014326,2199.4852131958723,0,132.13999938964844,0.0,2307.895981143207,0,219.72000122070312,0.0,-1293.276852688563
2026-09-11,2026-09-11T14:45:00-04:00,bar_close,104760.71664506877,103508.2767341801,15109.139678955078,-1252.4399108886719,0.14597035286131663,-0.012099901093948907,1860.7343894775383,9303671.947387695,-0.006130693305587243,-5,1636.157958984375,-0.07903512697763276,297.21246210942627,19,364.6499938964844,0.06693522588368386,2196.445143615794,0,131.5399932861328,0.0,2307.895981143207,0,219.64999389648438,0.0,-1293.276852688563
2026-09-11,2026-09-11T14:45:00-04:00,open_before_orders,104760.71664506877,103508.93197710002,15107.9150390625,-1251.78466796875,0.1459575975762645,-0.01209349419473955,1860.7343894775383,9303671.947387695,-0.006124401771740007,-5,1635.969970703125,-0.07902554588550202,298.15240351567627,19,364.635009765625,0.06693205169076247,2196.160445129466,0,131.4949951171875,0.0,2307.895981143207,0,219.65499877929688,0.0,-1293.276852688563
2026-09-11,2026-09-11T14:50:00-04:00,bar_close,104760.71664506877,103497.68762285197,15107.371368408203,-1263.0290222167969,0.14596820195113752,-0.012203451605791471,1860.7343894775383,9303671.947387695,-0.006232368196390614,-5,1637.0400390625,-0.0790858267784645,292.80206171880127,19,364.3247985839844,0.06688237517267302,2190.266432678294,0,131.0500030517578,0.0,2307.895981143207,0,219.4600067138672,0.0,-1293.276852688563
2026-09-11,2026-09-11T14:50:00-04:00,open_before_orders,104760.71664506877,103496.6813057133,15107.815246582031,-1264.0353393554688,0.14597391004215746,-0.012213293444856483,1860.7343894775383,9303671.947387695,-0.006242030686661737,-5,1637.18505859375,-0.07909360174350696,292.07696406255127,19,364.30999755859375,0.06688030829865048,2189.9852131958723,0,131.02499389648438,0.0,2307.895981143207,0,219.44000244140625,0.0,-1293.276852688563
2026-09-11,2026-09-11T14:50:00-04:00,after_fill,99848.17915825236,103495.69899467814,10196.260070800781,3647.5198364257812,0.09851868405976062,0.03524320210266265,1861.7167005126946,9308583.502563477,-0.006251462674308317,-2,1637.18505859375,-0.03163774097854899,291.094653027395,19,364.30999755859375,0.06688094308121163,2189.9852131958723,0,131.02499389648438,0.0,2307.895981143207,0,219.44000244140625,0.0,-1293.276852688563
2026-09-11,2026-09-11T14:55:00-04:00,bar_close,99848.17915825236,103504.05922417033,10192.840026855469,3655.8800659179688,0.0984776839020361,0.035321127435205414,1861.7167005126946,9308583.502563477,-0.006171189137240907,-2,1634.239990234375,-0.03157827823341534,296.984789746145,19,364.44000244140625,0.06689940566862075,2192.45530596931,0,130.6699981689453,0.0,2307.895981143207,0,219.27999877929688,0.0,-1293.276852688563
2026-09-11,2026-09-11T14:55:00-04:00,open_before_orders,99848.17915825236,103504.53920463908,10192.360046386719,3656.3600463867188,0.09847258994347464,0.03532560093000096,1861.7167005126946,9308583.502563477,-0.0061665804443831185,-2,1634.0,-0.03157349450673684,297.464770214895,19,364.44000244140625,0.0668990954367378,2192.45530596931,0,130.72000122070312,0.0,2307.895981143207,0,219.27000427246094,0.0,-1293.276852688563
2026-09-11,2026-09-11T14:55:00-04:00,after_fill,96579.52555825235,103503.88560463907,6924.360046386719,6924.360046386719,0.06689951788704991,0.06689951788704991,1862.3703005126947,9311851.502563477,-0.00617285620318575,0,1634.0,0.0,296.8111702148949,19,364.44000244140625,0.06689951788704991,2192.45530596931,0,130.72000122070312,0.0,2307.895981143207,0,219.27000427246094,0.0,-1293.276852688563
2026-09-11,2026-09-11T15:00:00-04:00,bar_close,96579.52555825235,103518.80067421915,6939.275115966797,6939.275115966797,0.06703395973264004,0.06703395973264004,1862.3703005126947,9311851.502563477,-0.0060296441786931165,0,1632.22998046875,0.0,296.8111702148949,19,365.2250061035156,0.06703395973264004,2207.370375549388,0,131.22999572753906,0.0,2307.895981143207,0,219.35000610351562,0.0,-1293.276852688563
2026-09-11,2026-09-11T15:00:00-04:00,open_before_orders,96579.52555825235,103518.61048867228,6939.084930419922,6939.084930419922,0.0670322456770152,0.0670322456770152,1862.3703005126947,9311851.502563477,-0.006031470308772491,0,1632.2099609375,0.0,296.8111702148949,19,365.2149963378906,0.0670322456770152,2207.180190002513,0,131.22000122070312,0.0,2307.895981143207,0,219.33999633789062,0.0,-1293.276852688563
2026-09-11,2026-09-11T15:00:00-04:00,after_fill,103517.22267168619,103517.22267168619,0.0,0.0,0.0,0.0,1863.7581174987788,9318790.587493896,-0.006044795897307997,0,1632.2099609375,0.0,296.8111702148949,0,365.2149963378906,0.0,2205.7923730164293,0,131.22000122070312,0.0,2307.895981143207,0,219.33999633789062,0.0,-1293.276852688563
2026-09-11,2026-09-11T15:05:00-04:00,bar_close,103517.22267168619,103517.22267168619,0.0,0.0,0.0,0.0,1863.7581174987788,9318790.587493896,-0.006044795897307997,0,1630.1600341796875,0.0,296.8111702148949,0,364.9849853515625,0.0,2205.7923730164293,0,131.69500732421875,0.0,2307.895981143207,0,219.22000122070312,0.0,-1293.276852688563
2026-09-11,2026-09-11T15:05:00-04:00,open_before_orders,103517.22267168619,103517.22267168619,0.0,0.0,0.0,0.0,1863.7581174987788,9318790.587493896,-0.006044795897307997,0,1630.0,0.0,296.8111702148949,0,364.9849853515625,0.0,2205.7923730164293,0,131.75869750976562,0.0,2307.895981143207,0,219.22000122070312,0.0,-1293.276852688563
2026-09-11,2026-09-11T15:05:00-04:00,after_fill,74129.15668909952,103511.34623377725,29382.189544677734,29382.189544677734,0.28385477161430156,0.28385477161430156,1869.6345554077143,9348172.777038574,-0.006101220479521774,0,1630.0,0.0,296.8111702148949,0,364.9849853515625,0.0,2205.7923730164293,223,131.75869750976562,0.28385477161430156,2302.01954323427,0,219.22000122070312,0.0,-1293.276852688563
2026-09-11,2026-09-11T15:10:00-04:00,bar_close,74129.15668909952,103493.79505579874,29364.63836669922,29364.63836669922,0.28373332286121367,0.28373332286121367,1869.6345554077143,9348172.777038574,-0.006269743979666398,0,1631.0,0.0,296.8111702148949,0,364.3999938964844,0.0,2205.7923730164293,223,131.67999267578125,0.28373332286121367,2284.468365255754,0,218.85009765625,0.0,-1293.276852688563
2026-09-11,2026-09-11T15:10:00-04:00,open_before_orders,74129.15668909952,103493.79505579874,29364.63836669922,29364.63836669922,0.28373332286121367,0.28373332286121367,1869.6345554077143,9348172.777038574,-0.006269743979666398,0,1631.27001953125,0.0,296.8111702148949,0,364.364990234375,0.0,2205.7923730164293,223,131.67999267578125,0.28373332286121367,2284.468365255754,0,218.86500549316406,0.0,-1293.276852688563
2026-09-11,2026-09-11T15:10:00-04:00,after_fill,82283.87551673624,103492.16378577921,37520.98846435547,21208.28826904297,0.36254907706849204,0.20492651320869557,1871.2658254272455,9356329.12713623,-0.006285407163853063,-5,1631.27001953125,-0.07881128192989824,295.1799001953641,0,364.364990234375,0.0,2205.7923730164293,223,131.67999267578125,0.2837377951385938,2284.468365255754,0,218.86500549316406,0.0,-1293.276852688563
2026-09-11,2026-09-11T15:15:00-04:00,bar_close,82283.87551673624,103402.02686866495,37410.42674255371,21118.15135192871,0.3617958745631765,0.20423343711387515,1871.2658254272455,9356329.12713623,-0.007150886893072972,-5,1629.2275390625,-0.07878121872465069,305.3923025391141,0,365.0299987792969,0.0,2205.7923730164293,223,131.22999572753906,0.2830146558385258,2184.1190457977464,0,219.11000061035156,0.0,-1293.276852688563
2026-09-11,2026-09-11T15:15:00-04:00,open_before_orders,82283.87551673624,103405.80935462686,37413.333984375,21121.933837890625,0.3618107552939041,0.2042625454963912,1871.2658254272455,9356329.12713623,-0.007114568090179518,-5,1629.1400146484375,-0.07877410489875644,305.8299246094266,0,365.04998779296875,0.0,2205.7923730164293,223,131.2449951171875,0.28303665039514764,2187.463909689348,0,219.10009765625,0.0,-1293.276852688563
2026-09-11,2026-09-11T15:15:00-04:00,after_fill,77395.47798878214,103404.83187061807,32525.913940429688,26009.353881835938,0.314549265755073,0.25152938611591474,1872.2433094360347,9361216.547180176,-0.007123953729519461,-2,1629.1400146484375,-0.03150993981957914,304.85244060063724,0,365.04998779296875,0.0,2205.7923730164293,223,131.2449951171875,0.28303932593549386,2187.463909689348,0,219.10009765625,0.0,-1293.276852688563
2026-09-11,2026-09-11T15:20:00-04:00,bar_close,77395.47798878214,103317.24690968057,32446.248901367188,25921.768920898438,0.3140448460626476,0.2508948863451532,1872.2433094360347,9361216.547180176,-0.007964929998763748,-2,1631.1199951171875,-0.031574979858747194,300.89247966313724,0,364.8599853515625,0.0,2205.7923730164293,223,130.8699951171875,0.2824698662039004,2103.838909689348,0,218.99020385742188,0.0,-1293.276852688563
2026-09-11,2026-09-11T15:20:00-04:00,open_before_orders,77395.47798878214,103315.9042430546,32445.36619567871,25920.42625427246,0.31404038355362746,0.25088515116988835,1872.2433094360347,9361216.547180176,-0.007977822061029483,-2,1631.2349853515625,-0.03157761619186955,300.66249919438724,0,364.82501220703125,0.0,2205.7923730164293,223,130.86500549316406,0.2824627673617579,2102.7262235321214,0,218.9949951171875,0.0,-1293.276852688563
2026-09-11,2026-09-11T15:25:00-04:00,bar_close,77395.47798878214,103398.04071766397,32530.479721069336,26002.562728881836,0.3146140825810832,0.25148022678576437,1872.2433094360347,9361216.547180176,-0.0071891612538943495,-2,1631.979248046875,-0.03156692789765941,299.17397380376224,0,364.4549865722656,0.0,2205.7923730164293,223,131.24000549316406,0.2830471546834238,2186.3512235321214,0,219.0399932861328,0.0,-1293.276852688563
2026-09-11,2026-09-11T15:25:00-04:00,open_before_orders,77395.47798878214,103394.79085499307,32529.312866210938,25999.312866210938,0.31461268597014674,0.2514566996191704,1872.2433094360347,9361216.547180176,-0.007220365896281278,-2,1632.5,-0.03157799317548819,298.13246989751224,0,364.3800048828125,0.0,2205.7923730164293,223,131.2301025390625,0.2830346927946586,2184.142864767473,0,219.02999877929688,0.0,-1293.276852688563
2026-09-11,2026-09-11T15:30:00-04:00,bar_close,77395.47798878214,103320.17662769815,32456.698638916016,25924.698638916016,0.31413708046463984,0.25091612776014266,1872.2433094360347,9361216.547180176,-0.007936799332243005,-2,1633.0,-0.03161047635224859,297.13246989751224,0,364.110595703125,0.0,2205.7923730164293,223,130.89999389648438,0.2825266041123913,2110.528637472551,0,218.41000366210938,0.0,-1293.276852688563
2026-09-11,2026-09-11T15:30:00-04:00,open_before_orders,77395.47798878214,103307.15727955362,32442.959075927734,25911.679290771484,0.3140436725805521,0.250821724003627,1872.2433094360347,9361216.547180176,-0.008061808953910732,-2,1632.8199462890625,-0.03161097428846254,297.49257731938724,0,364.1105041503906,0.0,2205.7923730164293,223,130.83999633789062,0.28243269829208956,2097.149181906145,0,218.4199981689453,0.0,-1293.276852688563
2026-09-11,2026-09-11T15:30:00-04:00,after_fill,87190.43828258096,103305.19789561807,42239.87875366211,16114.75961303711,0.4088843505855557,0.15599175976914376,1874.2026933715815,9371013.46685791,-0.00808062263350251,-8,1632.8199462890625,-0.12644629540820598,295.53319338384244,0,364.1105041503906,0.0,2205.7923730164293,223,130.83999633789062,0.2824380551773497,2097.149181906145,0,218.4199981689453,0.0,-1293.276852688563
2026-09-11,2026-09-11T15:35:00-04:00,bar_close,87190.43828258096,103305.91818675576,42274.839279174805,16115.479904174805,0.40921991712759986,0.1559976445399899,1874.2026933715815,9371013.46685791,-0.008073706517456314,-8,1634.9599609375,-0.12661113629380497,278.41307619634244,0,365.05999755859375,0.0,2205.7923730164293,223,130.9199981689453,0.28260878083379487,2114.98959023134,0,218.47000122070312,0.0,-1293.276852688563
2026-09-11,2026-09-11T15:35:00-04:00,open_before_orders,87190.43828258096,103307.52925548135,42268.77066040039,16117.09097290039,0.4091547921533287,0.15601080665710762,1874.2026933715815,9371013.46685791,-0.008058237302743687,-8,1634.47998046875,-0.1265719927481105,282.25291994634244,0,365.05999755859375,0.0,2205.7923730164293,223,130.91000366210938,0.28258279940521813,2112.760815206926,0,218.4600067138672,0.0,-1293.276852688563
2026-09-11,2026-09-11T15:40:00-04:00,bar_close,87190.43828258096,103349.75717601358,42284.51811218262,16159.318893432617,0.4091399851106416,0.1563556541880587,1874.2026933715815,9371013.46685791,-0.007652771813154935,-8,1632.824951171875,-0.12639216546129145,295.49315432134244,0,365.0899963378906,0.0,2205.7923730164293,223,131.0399932861328,0.28274781964935014,2141.7485013641526,0,218.4700927734375,0.0,-1293.276852688563
2026-09-11,2026-09-11T15:40:00-04:00,open_before_orders,87190.43828258096,103345.29962596475,42280.06056213379,16154.861343383789,0.4091144997900924,0.15631926562555534,1874.2026933715815,9371013.46685791,-0.0076955724694537375,-8,1632.824951171875,-0.12639761708226852,295.49315432134244,0,365.0799865722656,0.0,2205.7923730164293,223,131.02000427246094,0.28271688270782386,2137.2909513153245,0,218.48500061035156,0.0,-1293.276852688563
2026-09-11,2026-09-11T15:40:00-04:00,after_fill,89941.3080882847,103344.74934194681,39528.64047241211,13403.44125366211,0.3824929735096638,0.12969639327599355,1874.7529773895258,9373764.886947632,-0.00770085620533123,-8,1632.824951171875,-0.12639829011683515,295.49315432134244,0,365.0799865722656,0.0,2205.7923730164293,202,131.02000427246094,0.2560946833928287,2136.740667297381,0,218.48500061035156,0.0,-1293.276852688563
2026-09-11,2026-09-11T15:40:00-04:00,after_fill,76876.09595898782,103342.13682202493,26466.04086303711,26466.04086303711,0.2561011575425108,0.2561011575425108,1877.3654973114008,9386827.486557007,-0.007725941188343244,0,1632.824951171875,0.0,292.88063439946745,0,365.0799865722656,0.0,2205.7923730164293,202,131.02000427246094,0.2561011575425108,2136.740667297381,0,218.48500061035156,0.0,-1293.276852688563
2026-09-11,2026-09-11T15:45:00-04:00,bar_close,76876.09595898782,103383.54719189797,26507.451232910156,26507.451232910156,0.2563991268717805,0.2563991268717805,1877.3654973114008,9386827.486557007,-0.007328325684595849,0,1634.7099609375,0.0,292.88063439946745,0,366.07000732421875,0.0,2205.7923730164293,202,131.22500610351562,0.2563991268717805,2178.151037170428,0,218.7657928466797,0.0,-1293.276852688563
2026-09-11,2026-09-11T15:45:00-04:00,open_before_orders,76876.09595898782,103386.57706860696,26510.48110961914,26510.48110961914,0.2564209190524499,0.2564209190524499,1877.3654973114008,9386827.486557007,-0.007299233310931297,0,1634.5699462890625,0.0,292.88063439946745,0,366.0589904785156,0.0,2205.7923730164293,202,131.24000549316406,0.2564209190524499,2181.1809138794124,0,218.75999450683594,0.0,-1293.276852688563
2026-09-11,2026-09-11T15:45:00-04:00,after_fill,80144.58202358743,103385.92324062844,29779.621002197266,23241.341217041016,0.28804328547597197,0.22480179591710284,1878.0193252899164,9390096.626449585,-0.007305511258745789,-2,1634.5699462890625,-0.03162074477943457,292.226806420952,0,366.0589904785156,0.0,2205.7923730164293,202,131.24000549316406,0.2564225406965374,2181.1809138794124,0,218.75999450683594,0.0,-1293.276852688563
2026-09-11,2026-09-11T15:50:00-04:00,bar_close,80144.58202358743,103465.28182217141,29861.859954833984,23320.699798583984,0.28861720017501497,0.22539637826209089,1878.0193252899164,9390096.626449585,-0.006543523320129863,-2,1635.2900390625,-0.03161041095646204,290.786620874077,0,366.0199890136719,0.0,2205.7923730164293,202,131.63999938964844,0.2570067892185529,2261.979680969256,0,218.75999450683594,0.0,-1293.276852688563
2026-09-11,2026-09-11T15:50:00-04:00,open_before_orders,80144.58202358743,103455.78325649758,29855.201232910156,23311.201232910156,0.2885793359554415,0.22532525973066939,1878.0193252899164,9390096.626449585,-0.006634726972424176,-2,1636.0,-0.031627038112386055,289.366698999077,0,366.0199890136719,0.0,2205.7923730164293,202,131.60000610351562,0.25695229784305545,2253.901037170428,0,218.75,0.0,-1293.276852688563
2026-09-11,2026-09-11T15:55:00-04:00,bar_close,80144.58202358743,103333.18325039407,29731.36099243164,23188.60122680664,0.287723266207598,0.2244061442549067,1878.0193252899164,9390096.626449585,-0.00781191189822239,-2,1635.68994140625,-0.03165856097634565,289.986816186577,0,365.7049865722656,0.0,2205.7923730164293,202,130.99000549316406,0.25606470523125235,2130.6809138794124,0,218.72000122070312,0.0,-1293.276852688563
2026-09-11,2026-09-11T15:55:00-04:00,open_before_orders,80144.58202358743,103344.0616988804,29736.63983154297,23199.47967529297,0.287744059433123,0.22448778666054992,1878.0193252899164,9390096.626449585,-0.007707458840011561,-2,1634.2900390625,-0.03162813638628654,292.786620874077,0,365.6700134277344,0.0,2205.7923730164293,202,131.02999877929688,0.25611592304683645,2138.7595576782405,0,218.67999267578125,0.0,-1293.276852688563
2026-09-11,2026-09-11T15:55:00-04:00,after_fill,106607.34816505472,103338.76808692972,3268.580078125,-3268.580078125,0.03162975656314612,-0.03162975656314612,1883.3129372406,9416564.686203003,-0.007758287224033822,-2,1634.2900390625,-0.03162975656314612,292.786620874077,0,365.6700134277344,0.0,2205.7923730164293,0,131.02999877929688,0.0,2133.4659457275557,0,218.67999267578125,0.0,-1293.276852688563
2026-09-11,2026-09-11T15:55:00-04:00,after_fill,103338.11437091409,103338.11437091409,0.0,0.0,0.0,0.0,1883.9666532562248,9419833.266281128,-0.007764564096799265,0,1634.2900390625,0.0,292.1329048584521,0,365.6700134277344,0.0,2205.7923730164293,0,131.02999877929688,0.0,2133.4659457275557,0,218.67999267578125,0.0,-1293.276852688563
2026-09-11,2026-09-11T16:00:00-04:00,bar_close,103338.11437091409,103338.11437091409,0.0,0.0,0.0,0.0,1883.9666532562248,9419833.266281128,-0.007764564096799265,0,1633.6700439453125,0.0,292.1329048584521,0,365.4700012207031,0.0,2205.7923730164293,0,130.97000122070312,0.0,2133.4659457275557,0,218.1999969482422,0.0,-1293.276852688563
